r,a_real,a_imag,K_a_real,K_a_imag,G_a_real,G_a_imag
0,0.0,0.0,0.0,0.0,0.0,0.0
1,1.0,0.0,0.9999999999999999,1.6653345369377348e-16,0.9238795325112867,0.3826834323650898
2,0.0,0.0,-1.7319121124709866e-16,0.0,0.0,0.0
3,-1.0,0.0,-0.9999999999999996,-3.885780586188048e-16,0.9238795325112868,0.38268343236508967
4,0.0,0.0,0.0,0.0,0.0,0.0
5,-1.0,0.0,-0.999999999999999,-8.326672684688674e-16,0.9238795325112867,0.38268343236508984
6,0.0,0.0,5.195736337412959e-16,0.0,0.0,0.0
7,1.0,0.0,1.0000000000000004,1.4988010832439613e-15,0.9238795325112875,0.38268343236508784
