N,t,canonical_t_mod_2N,orbit_size,prime_key,status
2,1,1,1,"[{""brown_mod8"": 1, ""canonical_t"": 1, ""e"": 1, ""kind"": ""2-cyclic-odd"", ""p"": 2}]",CLOSED_EXACT_CYCLIC_PRESENTATION
2,3,3,1,"[{""brown_mod8"": 3, ""canonical_t"": 3, ""e"": 1, ""kind"": ""2-cyclic-odd"", ""p"": 2}]",CLOSED_EXACT_CYCLIC_PRESENTATION
3,1,1,1,"[{""canonical_t"": 1, ""e"": 1, ""kind"": ""odd-cyclic"", ""legendre"": 1, ""p"": 3}]",CLOSED_EXACT_CYCLIC_PRESENTATION
3,5,5,1,"[{""canonical_t"": 2, ""e"": 1, ""kind"": ""odd-cyclic"", ""legendre"": -1, ""p"": 3}]",CLOSED_EXACT_CYCLIC_PRESENTATION
4,1,1,1,"[{""brown_mod8"": 1, ""canonical_t"": 1, ""e"": 2, ""kind"": ""2-cyclic-odd"", ""p"": 2}]",CLOSED_EXACT_CYCLIC_PRESENTATION
4,3,3,1,"[{""brown_mod8"": 3, ""canonical_t"": 3, ""e"": 2, ""kind"": ""2-cyclic-odd"", ""p"": 2}]",CLOSED_EXACT_CYCLIC_PRESENTATION
4,5,5,1,"[{""brown_mod8"": 5, ""canonical_t"": 5, ""e"": 2, ""kind"": ""2-cyclic-odd"", ""p"": 2}]",CLOSED_EXACT_CYCLIC_PRESENTATION
4,7,7,1,"[{""brown_mod8"": 7, ""canonical_t"": 7, ""e"": 2, ""kind"": ""2-cyclic-odd"", ""p"": 2}]",CLOSED_EXACT_CYCLIC_PRESENTATION
5,1,1,2,"[{""canonical_t"": 1, ""e"": 1, ""kind"": ""odd-cyclic"", ""legendre"": 1, ""p"": 5}]",CLOSED_EXACT_CYCLIC_PRESENTATION
5,3,3,2,"[{""canonical_t"": 2, ""e"": 1, ""kind"": ""odd-cyclic"", ""legendre"": -1, ""p"": 5}]",CLOSED_EXACT_CYCLIC_PRESENTATION
5,7,3,2,"[{""canonical_t"": 2, ""e"": 1, ""kind"": ""odd-cyclic"", ""legendre"": -1, ""p"": 5}]",CLOSED_EXACT_CYCLIC_PRESENTATION
5,9,1,2,"[{""canonical_t"": 1, ""e"": 1, ""kind"": ""odd-cyclic"", ""legendre"": 1, ""p"": 5}]",CLOSED_EXACT_CYCLIC_PRESENTATION
6,1,1,1,"[{""brown_mod8"": 1, ""canonical_t"": 1, ""e"": 1, ""kind"": ""2-cyclic-odd"", ""p"": 2}, {""canonical_t"": 1, ""e"": 1, ""kind"": ""odd-cyclic"", ""legendre"": 1, ""p"": 3}]",CLOSED_EXACT_CYCLIC_PRESENTATION
6,5,5,1,"[{""brown_mod8"": 1, ""canonical_t"": 1, ""e"": 1, ""kind"": ""2-cyclic-odd"", ""p"": 2}, {""canonical_t"": 2, ""e"": 1, ""kind"": ""odd-cyclic"", ""legendre"": -1, ""p"": 3}]",CLOSED_EXACT_CYCLIC_PRESENTATION
6,7,7,1,"[{""brown_mod8"": 3, ""canonical_t"": 3, ""e"": 1, ""kind"": ""2-cyclic-odd"", ""p"": 2}, {""canonical_t"": 1, ""e"": 1, ""kind"": ""odd-cyclic"", ""legendre"": 1, ""p"": 3}]",CLOSED_EXACT_CYCLIC_PRESENTATION
6,11,11,1,"[{""brown_mod8"": 3, ""canonical_t"": 3, ""e"": 1, ""kind"": ""2-cyclic-odd"", ""p"": 2}, {""canonical_t"": 2, ""e"": 1, ""kind"": ""odd-cyclic"", ""legendre"": -1, ""p"": 3}]",CLOSED_EXACT_CYCLIC_PRESENTATION
7,1,1,3,"[{""canonical_t"": 1, ""e"": 1, ""kind"": ""odd-cyclic"", ""legendre"": 1, ""p"": 7}]",CLOSED_EXACT_CYCLIC_PRESENTATION
7,3,3,3,"[{""canonical_t"": 3, ""e"": 1, ""kind"": ""odd-cyclic"", ""legendre"": -1, ""p"": 7}]",CLOSED_EXACT_CYCLIC_PRESENTATION
7,5,3,3,"[{""canonical_t"": 3, ""e"": 1, ""kind"": ""odd-cyclic"", ""legendre"": -1, ""p"": 7}]",CLOSED_EXACT_CYCLIC_PRESENTATION
7,9,1,3,"[{""canonical_t"": 1, ""e"": 1, ""kind"": ""odd-cyclic"", ""legendre"": 1, ""p"": 7}]",CLOSED_EXACT_CYCLIC_PRESENTATION
7,11,1,3,"[{""canonical_t"": 1, ""e"": 1, ""kind"": ""odd-cyclic"", ""legendre"": 1, ""p"": 7}]",CLOSED_EXACT_CYCLIC_PRESENTATION
7,13,3,3,"[{""canonical_t"": 3, ""e"": 1, ""kind"": ""odd-cyclic"", ""legendre"": -1, ""p"": 7}]",CLOSED_EXACT_CYCLIC_PRESENTATION
8,1,1,2,"[{""brown_mod8"": 1, ""canonical_t"": 1, ""e"": 3, ""kind"": ""2-cyclic-odd"", ""p"": 2}]",CLOSED_EXACT_CYCLIC_PRESENTATION
8,3,3,2,"[{""brown_mod8"": 3, ""canonical_t"": 3, ""e"": 3, ""kind"": ""2-cyclic-odd"", ""p"": 2}]",CLOSED_EXACT_CYCLIC_PRESENTATION
8,5,5,2,"[{""brown_mod8"": 5, ""canonical_t"": 5, ""e"": 3, ""kind"": ""2-cyclic-odd"", ""p"": 2}]",CLOSED_EXACT_CYCLIC_PRESENTATION
8,7,7,2,"[{""brown_mod8"": 7, ""canonical_t"": 7, ""e"": 3, ""kind"": ""2-cyclic-odd"", ""p"": 2}]",CLOSED_EXACT_CYCLIC_PRESENTATION
8,9,1,2,"[{""brown_mod8"": 1, ""canonical_t"": 1, ""e"": 3, ""kind"": ""2-cyclic-odd"", ""p"": 2}]",CLOSED_EXACT_CYCLIC_PRESENTATION
8,11,3,2,"[{""brown_mod8"": 3, ""canonical_t"": 3, ""e"": 3, ""kind"": ""2-cyclic-odd"", ""p"": 2}]",CLOSED_EXACT_CYCLIC_PRESENTATION
8,13,5,2,"[{""brown_mod8"": 5, ""canonical_t"": 5, ""e"": 3, ""kind"": ""2-cyclic-odd"", ""p"": 2}]",CLOSED_EXACT_CYCLIC_PRESENTATION
8,15,7,2,"[{""brown_mod8"": 7, ""canonical_t"": 7, ""e"": 3, ""kind"": ""2-cyclic-odd"", ""p"": 2}]",CLOSED_EXACT_CYCLIC_PRESENTATION
9,1,1,3,"[{""canonical_t"": 1, ""e"": 2, ""kind"": ""odd-cyclic"", ""legendre"": 1, ""p"": 3}]",CLOSED_EXACT_CYCLIC_PRESENTATION
9,5,5,3,"[{""canonical_t"": 2, ""e"": 2, ""kind"": ""odd-cyclic"", ""legendre"": -1, ""p"": 3}]",CLOSED_EXACT_CYCLIC_PRESENTATION
9,7,1,3,"[{""canonical_t"": 1, ""e"": 2, ""kind"": ""odd-cyclic"", ""legendre"": 1, ""p"": 3}]",CLOSED_EXACT_CYCLIC_PRESENTATION
9,11,5,3,"[{""canonical_t"": 2, ""e"": 2, ""kind"": ""odd-cyclic"", ""legendre"": -1, ""p"": 3}]",CLOSED_EXACT_CYCLIC_PRESENTATION
9,13,1,3,"[{""canonical_t"": 1, ""e"": 2, ""kind"": ""odd-cyclic"", ""legendre"": 1, ""p"": 3}]",CLOSED_EXACT_CYCLIC_PRESENTATION
9,17,5,3,"[{""canonical_t"": 2, ""e"": 2, ""kind"": ""odd-cyclic"", ""legendre"": -1, ""p"": 3}]",CLOSED_EXACT_CYCLIC_PRESENTATION
10,1,1,2,"[{""brown_mod8"": 1, ""canonical_t"": 1, ""e"": 1, ""kind"": ""2-cyclic-odd"", ""p"": 2}, {""canonical_t"": 1, ""e"": 1, ""kind"": ""odd-cyclic"", ""legendre"": 1, ""p"": 5}]",CLOSED_EXACT_CYCLIC_PRESENTATION
10,3,3,2,"[{""brown_mod8"": 3, ""canonical_t"": 3, ""e"": 1, ""kind"": ""2-cyclic-odd"", ""p"": 2}, {""canonical_t"": 2, ""e"": 1, ""kind"": ""odd-cyclic"", ""legendre"": -1, ""p"": 5}]",CLOSED_EXACT_CYCLIC_PRESENTATION
10,7,3,2,"[{""brown_mod8"": 3, ""canonical_t"": 3, ""e"": 1, ""kind"": ""2-cyclic-odd"", ""p"": 2}, {""canonical_t"": 2, ""e"": 1, ""kind"": ""odd-cyclic"", ""legendre"": -1, ""p"": 5}]",CLOSED_EXACT_CYCLIC_PRESENTATION
10,9,1,2,"[{""brown_mod8"": 1, ""canonical_t"": 1, ""e"": 1, ""kind"": ""2-cyclic-odd"", ""p"": 2}, {""canonical_t"": 1, ""e"": 1, ""kind"": ""odd-cyclic"", ""legendre"": 1, ""p"": 5}]",CLOSED_EXACT_CYCLIC_PRESENTATION
10,11,11,2,"[{""brown_mod8"": 3, ""canonical_t"": 3, ""e"": 1, ""kind"": ""2-cyclic-odd"", ""p"": 2}, {""canonical_t"": 1, ""e"": 1, ""kind"": ""odd-cyclic"", ""legendre"": 1, ""p"": 5}]",CLOSED_EXACT_CYCLIC_PRESENTATION
10,13,13,2,"[{""brown_mod8"": 1, ""canonical_t"": 1, ""e"": 1, ""kind"": ""2-cyclic-odd"", ""p"": 2}, {""canonical_t"": 2, ""e"": 1, ""kind"": ""odd-cyclic"", ""legendre"": -1, ""p"": 5}]",CLOSED_EXACT_CYCLIC_PRESENTATION
10,17,13,2,"[{""brown_mod8"": 1, ""canonical_t"": 1, ""e"": 1, ""kind"": ""2-cyclic-odd"", ""p"": 2}, {""canonical_t"": 2, ""e"": 1, ""kind"": ""odd-cyclic"", ""legendre"": -1, ""p"": 5}]",CLOSED_EXACT_CYCLIC_PRESENTATION
10,19,11,2,"[{""brown_mod8"": 3, ""canonical_t"": 3, ""e"": 1, ""kind"": ""2-cyclic-odd"", ""p"": 2}, {""canonical_t"": 1, ""e"": 1, ""kind"": ""odd-cyclic"", ""legendre"": 1, ""p"": 5}]",CLOSED_EXACT_CYCLIC_PRESENTATION
11,1,1,5,"[{""canonical_t"": 1, ""e"": 1, ""kind"": ""odd-cyclic"", ""legendre"": 1, ""p"": 11}]",CLOSED_EXACT_CYCLIC_PRESENTATION
11,3,1,5,"[{""canonical_t"": 1, ""e"": 1, ""kind"": ""odd-cyclic"", ""legendre"": 1, ""p"": 11}]",CLOSED_EXACT_CYCLIC_PRESENTATION
11,5,1,5,"[{""canonical_t"": 1, ""e"": 1, ""kind"": ""odd-cyclic"", ""legendre"": 1, ""p"": 11}]",CLOSED_EXACT_CYCLIC_PRESENTATION
11,7,7,5,"[{""canonical_t"": 2, ""e"": 1, ""kind"": ""odd-cyclic"", ""legendre"": -1, ""p"": 11}]",CLOSED_EXACT_CYCLIC_PRESENTATION
11,9,1,5,"[{""canonical_t"": 1, ""e"": 1, ""kind"": ""odd-cyclic"", ""legendre"": 1, ""p"": 11}]",CLOSED_EXACT_CYCLIC_PRESENTATION
11,13,7,5,"[{""canonical_t"": 2, ""e"": 1, ""kind"": ""odd-cyclic"", ""legendre"": -1, ""p"": 11}]",CLOSED_EXACT_CYCLIC_PRESENTATION
11,15,1,5,"[{""canonical_t"": 1, ""e"": 1, ""kind"": ""odd-cyclic"", ""legendre"": 1, ""p"": 11}]",CLOSED_EXACT_CYCLIC_PRESENTATION
11,17,7,5,"[{""canonical_t"": 2, ""e"": 1, ""kind"": ""odd-cyclic"", ""legendre"": -1, ""p"": 11}]",CLOSED_EXACT_CYCLIC_PRESENTATION
11,19,7,5,"[{""canonical_t"": 2, ""e"": 1, ""kind"": ""odd-cyclic"", ""legendre"": -1, ""p"": 11}]",CLOSED_EXACT_CYCLIC_PRESENTATION
11,21,7,5,"[{""canonical_t"": 2, ""e"": 1, ""kind"": ""odd-cyclic"", ""legendre"": -1, ""p"": 11}]",CLOSED_EXACT_CYCLIC_PRESENTATION
12,1,1,1,"[{""brown_mod8"": 1, ""canonical_t"": 1, ""e"": 2, ""kind"": ""2-cyclic-odd"", ""p"": 2}, {""canonical_t"": 1, ""e"": 1, ""kind"": ""odd-cyclic"", ""legendre"": 1, ""p"": 3}]",CLOSED_EXACT_CYCLIC_PRESENTATION
12,5,5,1,"[{""brown_mod8"": 5, ""canonical_t"": 5, ""e"": 2, ""kind"": ""2-cyclic-odd"", ""p"": 2}, {""canonical_t"": 2, ""e"": 1, ""kind"": ""odd-cyclic"", ""legendre"": -1, ""p"": 3}]",CLOSED_EXACT_CYCLIC_PRESENTATION
12,7,7,1,"[{""brown_mod8"": 7, ""canonical_t"": 7, ""e"": 2, ""kind"": ""2-cyclic-odd"", ""p"": 2}, {""canonical_t"": 1, ""e"": 1, ""kind"": ""odd-cyclic"", ""legendre"": 1, ""p"": 3}]",CLOSED_EXACT_CYCLIC_PRESENTATION
12,11,11,1,"[{""brown_mod8"": 3, ""canonical_t"": 3, ""e"": 2, ""kind"": ""2-cyclic-odd"", ""p"": 2}, {""canonical_t"": 2, ""e"": 1, ""kind"": ""odd-cyclic"", ""legendre"": -1, ""p"": 3}]",CLOSED_EXACT_CYCLIC_PRESENTATION
12,13,13,1,"[{""brown_mod8"": 5, ""canonical_t"": 5, ""e"": 2, ""kind"": ""2-cyclic-odd"", ""p"": 2}, {""canonical_t"": 1, ""e"": 1, ""kind"": ""odd-cyclic"", ""legendre"": 1, ""p"": 3}]",CLOSED_EXACT_CYCLIC_PRESENTATION
12,17,17,1,"[{""brown_mod8"": 1, ""canonical_t"": 1, ""e"": 2, ""kind"": ""2-cyclic-odd"", ""p"": 2}, {""canonical_t"": 2, ""e"": 1, ""kind"": ""odd-cyclic"", ""legendre"": -1, ""p"": 3}]",CLOSED_EXACT_CYCLIC_PRESENTATION
12,19,19,1,"[{""brown_mod8"": 3, ""canonical_t"": 3, ""e"": 2, ""kind"": ""2-cyclic-odd"", ""p"": 2}, {""canonical_t"": 1, ""e"": 1, ""kind"": ""odd-cyclic"", ""legendre"": 1, ""p"": 3}]",CLOSED_EXACT_CYCLIC_PRESENTATION
12,23,23,1,"[{""brown_mod8"": 7, ""canonical_t"": 7, ""e"": 2, ""kind"": ""2-cyclic-odd"", ""p"": 2}, {""canonical_t"": 2, ""e"": 1, ""kind"": ""odd-cyclic"", ""legendre"": -1, ""p"": 3}]",CLOSED_EXACT_CYCLIC_PRESENTATION
13,1,1,6,"[{""canonical_t"": 1, ""e"": 1, ""kind"": ""odd-cyclic"", ""legendre"": 1, ""p"": 13}]",CLOSED_EXACT_CYCLIC_PRESENTATION
13,3,1,6,"[{""canonical_t"": 1, ""e"": 1, ""kind"": ""odd-cyclic"", ""legendre"": 1, ""p"": 13}]",CLOSED_EXACT_CYCLIC_PRESENTATION
13,5,5,6,"[{""canonical_t"": 2, ""e"": 1, ""kind"": ""odd-cyclic"", ""legendre"": -1, ""p"": 13}]",CLOSED_EXACT_CYCLIC_PRESENTATION
13,7,5,6,"[{""canonical_t"": 2, ""e"": 1, ""kind"": ""odd-cyclic"", ""legendre"": -1, ""p"": 13}]",CLOSED_EXACT_CYCLIC_PRESENTATION
13,9,1,6,"[{""canonical_t"": 1, ""e"": 1, ""kind"": ""odd-cyclic"", ""legendre"": 1, ""p"": 13}]",CLOSED_EXACT_CYCLIC_PRESENTATION
13,11,5,6,"[{""canonical_t"": 2, ""e"": 1, ""kind"": ""odd-cyclic"", ""legendre"": -1, ""p"": 13}]",CLOSED_EXACT_CYCLIC_PRESENTATION
13,15,5,6,"[{""canonical_t"": 2, ""e"": 1, ""kind"": ""odd-cyclic"", ""legendre"": -1, ""p"": 13}]",CLOSED_EXACT_CYCLIC_PRESENTATION
13,17,1,6,"[{""canonical_t"": 1, ""e"": 1, ""kind"": ""odd-cyclic"", ""legendre"": 1, ""p"": 13}]",CLOSED_EXACT_CYCLIC_PRESENTATION
13,19,5,6,"[{""canonical_t"": 2, ""e"": 1, ""kind"": ""odd-cyclic"", ""legendre"": -1, ""p"": 13}]",CLOSED_EXACT_CYCLIC_PRESENTATION
13,21,5,6,"[{""canonical_t"": 2, ""e"": 1, ""kind"": ""odd-cyclic"", ""legendre"": -1, ""p"": 13}]",CLOSED_EXACT_CYCLIC_PRESENTATION
13,23,1,6,"[{""canonical_t"": 1, ""e"": 1, ""kind"": ""odd-cyclic"", ""legendre"": 1, ""p"": 13}]",CLOSED_EXACT_CYCLIC_PRESENTATION
13,25,1,6,"[{""canonical_t"": 1, ""e"": 1, ""kind"": ""odd-cyclic"", ""legendre"": 1, ""p"": 13}]",CLOSED_EXACT_CYCLIC_PRESENTATION
14,1,1,3,"[{""brown_mod8"": 1, ""canonical_t"": 1, ""e"": 1, ""kind"": ""2-cyclic-odd"", ""p"": 2}, {""canonical_t"": 1, ""e"": 1, ""kind"": ""odd-cyclic"", ""legendre"": 1, ""p"": 7}]",CLOSED_EXACT_CYCLIC_PRESENTATION
14,3,3,3,"[{""brown_mod8"": 3, ""canonical_t"": 3, ""e"": 1, ""kind"": ""2-cyclic-odd"", ""p"": 2}, {""canonical_t"": 3, ""e"": 1, ""kind"": ""odd-cyclic"", ""legendre"": -1, ""p"": 7}]",CLOSED_EXACT_CYCLIC_PRESENTATION
14,5,5,3,"[{""brown_mod8"": 1, ""canonical_t"": 1, ""e"": 1, ""kind"": ""2-cyclic-odd"", ""p"": 2}, {""canonical_t"": 3, ""e"": 1, ""kind"": ""odd-cyclic"", ""legendre"": -1, ""p"": 7}]",CLOSED_EXACT_CYCLIC_PRESENTATION
14,9,1,3,"[{""brown_mod8"": 1, ""canonical_t"": 1, ""e"": 1, ""kind"": ""2-cyclic-odd"", ""p"": 2}, {""canonical_t"": 1, ""e"": 1, ""kind"": ""odd-cyclic"", ""legendre"": 1, ""p"": 7}]",CLOSED_EXACT_CYCLIC_PRESENTATION
14,11,11,3,"[{""brown_mod8"": 3, ""canonical_t"": 3, ""e"": 1, ""kind"": ""2-cyclic-odd"", ""p"": 2}, {""canonical_t"": 1, ""e"": 1, ""kind"": ""odd-cyclic"", ""legendre"": 1, ""p"": 7}]",CLOSED_EXACT_CYCLIC_PRESENTATION
14,13,5,3,"[{""brown_mod8"": 1, ""canonical_t"": 1, ""e"": 1, ""kind"": ""2-cyclic-odd"", ""p"": 2}, {""canonical_t"": 3, ""e"": 1, ""kind"": ""odd-cyclic"", ""legendre"": -1, ""p"": 7}]",CLOSED_EXACT_CYCLIC_PRESENTATION
14,15,11,3,"[{""brown_mod8"": 3, ""canonical_t"": 3, ""e"": 1, ""kind"": ""2-cyclic-odd"", ""p"": 2}, {""canonical_t"": 1, ""e"": 1, ""kind"": ""odd-cyclic"", ""legendre"": 1, ""p"": 7}]",CLOSED_EXACT_CYCLIC_PRESENTATION
14,17,5,3,"[{""brown_mod8"": 1, ""canonical_t"": 1, ""e"": 1, ""kind"": ""2-cyclic-odd"", ""p"": 2}, {""canonical_t"": 3, ""e"": 1, ""kind"": ""odd-cyclic"", ""legendre"": -1, ""p"": 7}]",CLOSED_EXACT_CYCLIC_PRESENTATION
14,19,3,3,"[{""brown_mod8"": 3, ""canonical_t"": 3, ""e"": 1, ""kind"": ""2-cyclic-odd"", ""p"": 2}, {""canonical_t"": 3, ""e"": 1, ""kind"": ""odd-cyclic"", ""legendre"": -1, ""p"": 7}]",CLOSED_EXACT_CYCLIC_PRESENTATION
14,23,11,3,"[{""brown_mod8"": 3, ""canonical_t"": 3, ""e"": 1, ""kind"": ""2-cyclic-odd"", ""p"": 2}, {""canonical_t"": 1, ""e"": 1, ""kind"": ""odd-cyclic"", ""legendre"": 1, ""p"": 7}]",CLOSED_EXACT_CYCLIC_PRESENTATION
14,25,1,3,"[{""brown_mod8"": 1, ""canonical_t"": 1, ""e"": 1, ""kind"": ""2-cyclic-odd"", ""p"": 2}, {""canonical_t"": 1, ""e"": 1, ""kind"": ""odd-cyclic"", ""legendre"": 1, ""p"": 7}]",CLOSED_EXACT_CYCLIC_PRESENTATION
14,27,3,3,"[{""brown_mod8"": 3, ""canonical_t"": 3, ""e"": 1, ""kind"": ""2-cyclic-odd"", ""p"": 2}, {""canonical_t"": 3, ""e"": 1, ""kind"": ""odd-cyclic"", ""legendre"": -1, ""p"": 7}]",CLOSED_EXACT_CYCLIC_PRESENTATION
15,1,1,2,"[{""canonical_t"": 1, ""e"": 1, ""kind"": ""odd-cyclic"", ""legendre"": 1, ""p"": 3}, {""canonical_t"": 1, ""e"": 1, ""kind"": ""odd-cyclic"", ""legendre"": 1, ""p"": 5}]",CLOSED_EXACT_CYCLIC_PRESENTATION
15,7,7,2,"[{""canonical_t"": 1, ""e"": 1, ""kind"": ""odd-cyclic"", ""legendre"": 1, ""p"": 3}, {""canonical_t"": 2, ""e"": 1, ""kind"": ""odd-cyclic"", ""legendre"": -1, ""p"": 5}]",CLOSED_EXACT_CYCLIC_PRESENTATION
15,11,11,2,"[{""canonical_t"": 2, ""e"": 1, ""kind"": ""odd-cyclic"", ""legendre"": -1, ""p"": 3}, {""canonical_t"": 1, ""e"": 1, ""kind"": ""odd-cyclic"", ""legendre"": 1, ""p"": 5}]",CLOSED_EXACT_CYCLIC_PRESENTATION
15,13,7,2,"[{""canonical_t"": 1, ""e"": 1, ""kind"": ""odd-cyclic"", ""legendre"": 1, ""p"": 3}, {""canonical_t"": 2, ""e"": 1, ""kind"": ""odd-cyclic"", ""legendre"": -1, ""p"": 5}]",CLOSED_EXACT_CYCLIC_PRESENTATION
15,17,17,2,"[{""canonical_t"": 2, ""e"": 1, ""kind"": ""odd-cyclic"", ""legendre"": -1, ""p"": 3}, {""canonical_t"": 2, ""e"": 1, ""kind"": ""odd-cyclic"", ""legendre"": -1, ""p"": 5}]",CLOSED_EXACT_CYCLIC_PRESENTATION
15,19,1,2,"[{""canonical_t"": 1, ""e"": 1, ""kind"": ""odd-cyclic"", ""legendre"": 1, ""p"": 3}, {""canonical_t"": 1, ""e"": 1, ""kind"": ""odd-cyclic"", ""legendre"": 1, ""p"": 5}]",CLOSED_EXACT_CYCLIC_PRESENTATION
15,23,17,2,"[{""canonical_t"": 2, ""e"": 1, ""kind"": ""odd-cyclic"", ""legendre"": -1, ""p"": 3}, {""canonical_t"": 2, ""e"": 1, ""kind"": ""odd-cyclic"", ""legendre"": -1, ""p"": 5}]",CLOSED_EXACT_CYCLIC_PRESENTATION
15,29,11,2,"[{""canonical_t"": 2, ""e"": 1, ""kind"": ""odd-cyclic"", ""legendre"": -1, ""p"": 3}, {""canonical_t"": 1, ""e"": 1, ""kind"": ""odd-cyclic"", ""legendre"": 1, ""p"": 5}]",CLOSED_EXACT_CYCLIC_PRESENTATION
16,1,1,4,"[{""brown_mod8"": 1, ""canonical_t"": 1, ""e"": 4, ""kind"": ""2-cyclic-odd"", ""p"": 2}]",CLOSED_EXACT_CYCLIC_PRESENTATION
16,3,3,4,"[{""brown_mod8"": 3, ""canonical_t"": 3, ""e"": 4, ""kind"": ""2-cyclic-odd"", ""p"": 2}]",CLOSED_EXACT_CYCLIC_PRESENTATION
16,5,5,4,"[{""brown_mod8"": 5, ""canonical_t"": 5, ""e"": 4, ""kind"": ""2-cyclic-odd"", ""p"": 2}]",CLOSED_EXACT_CYCLIC_PRESENTATION
16,7,7,4,"[{""brown_mod8"": 7, ""canonical_t"": 7, ""e"": 4, ""kind"": ""2-cyclic-odd"", ""p"": 2}]",CLOSED_EXACT_CYCLIC_PRESENTATION
16,9,1,4,"[{""brown_mod8"": 1, ""canonical_t"": 1, ""e"": 4, ""kind"": ""2-cyclic-odd"", ""p"": 2}]",CLOSED_EXACT_CYCLIC_PRESENTATION
16,11,3,4,"[{""brown_mod8"": 3, ""canonical_t"": 3, ""e"": 4, ""kind"": ""2-cyclic-odd"", ""p"": 2}]",CLOSED_EXACT_CYCLIC_PRESENTATION
16,13,5,4,"[{""brown_mod8"": 5, ""canonical_t"": 5, ""e"": 4, ""kind"": ""2-cyclic-odd"", ""p"": 2}]",CLOSED_EXACT_CYCLIC_PRESENTATION
16,15,7,4,"[{""brown_mod8"": 7, ""canonical_t"": 7, ""e"": 4, ""kind"": ""2-cyclic-odd"", ""p"": 2}]",CLOSED_EXACT_CYCLIC_PRESENTATION
16,17,1,4,"[{""brown_mod8"": 1, ""canonical_t"": 1, ""e"": 4, ""kind"": ""2-cyclic-odd"", ""p"": 2}]",CLOSED_EXACT_CYCLIC_PRESENTATION
16,19,3,4,"[{""brown_mod8"": 3, ""canonical_t"": 3, ""e"": 4, ""kind"": ""2-cyclic-odd"", ""p"": 2}]",CLOSED_EXACT_CYCLIC_PRESENTATION
16,21,5,4,"[{""brown_mod8"": 5, ""canonical_t"": 5, ""e"": 4, ""kind"": ""2-cyclic-odd"", ""p"": 2}]",CLOSED_EXACT_CYCLIC_PRESENTATION
16,23,7,4,"[{""brown_mod8"": 7, ""canonical_t"": 7, ""e"": 4, ""kind"": ""2-cyclic-odd"", ""p"": 2}]",CLOSED_EXACT_CYCLIC_PRESENTATION
16,25,1,4,"[{""brown_mod8"": 1, ""canonical_t"": 1, ""e"": 4, ""kind"": ""2-cyclic-odd"", ""p"": 2}]",CLOSED_EXACT_CYCLIC_PRESENTATION
16,27,3,4,"[{""brown_mod8"": 3, ""canonical_t"": 3, ""e"": 4, ""kind"": ""2-cyclic-odd"", ""p"": 2}]",CLOSED_EXACT_CYCLIC_PRESENTATION
16,29,5,4,"[{""brown_mod8"": 5, ""canonical_t"": 5, ""e"": 4, ""kind"": ""2-cyclic-odd"", ""p"": 2}]",CLOSED_EXACT_CYCLIC_PRESENTATION
16,31,7,4,"[{""brown_mod8"": 7, ""canonical_t"": 7, ""e"": 4, ""kind"": ""2-cyclic-odd"", ""p"": 2}]",CLOSED_EXACT_CYCLIC_PRESENTATION
17,1,1,8,"[{""canonical_t"": 1, ""e"": 1, ""kind"": ""odd-cyclic"", ""legendre"": 1, ""p"": 17}]",CLOSED_EXACT_CYCLIC_PRESENTATION
17,3,3,8,"[{""canonical_t"": 3, ""e"": 1, ""kind"": ""odd-cyclic"", ""legendre"": -1, ""p"": 17}]",CLOSED_EXACT_CYCLIC_PRESENTATION
17,5,3,8,"[{""canonical_t"": 3, ""e"": 1, ""kind"": ""odd-cyclic"", ""legendre"": -1, ""p"": 17}]",CLOSED_EXACT_CYCLIC_PRESENTATION
17,7,3,8,"[{""canonical_t"": 3, ""e"": 1, ""kind"": ""odd-cyclic"", ""legendre"": -1, ""p"": 17}]",CLOSED_EXACT_CYCLIC_PRESENTATION
17,9,1,8,"[{""canonical_t"": 1, ""e"": 1, ""kind"": ""odd-cyclic"", ""legendre"": 1, ""p"": 17}]",CLOSED_EXACT_CYCLIC_PRESENTATION
17,11,3,8,"[{""canonical_t"": 3, ""e"": 1, ""kind"": ""odd-cyclic"", ""legendre"": -1, ""p"": 17}]",CLOSED_EXACT_CYCLIC_PRESENTATION
17,13,1,8,"[{""canonical_t"": 1, ""e"": 1, ""kind"": ""odd-cyclic"", ""legendre"": 1, ""p"": 17}]",CLOSED_EXACT_CYCLIC_PRESENTATION
17,15,1,8,"[{""canonical_t"": 1, ""e"": 1, ""kind"": ""odd-cyclic"", ""legendre"": 1, ""p"": 17}]",CLOSED_EXACT_CYCLIC_PRESENTATION
17,19,1,8,"[{""canonical_t"": 1, ""e"": 1, ""kind"": ""odd-cyclic"", ""legendre"": 1, ""p"": 17}]",CLOSED_EXACT_CYCLIC_PRESENTATION
17,21,1,8,"[{""canonical_t"": 1, ""e"": 1, ""kind"": ""odd-cyclic"", ""legendre"": 1, ""p"": 17}]",CLOSED_EXACT_CYCLIC_PRESENTATION
17,23,3,8,"[{""canonical_t"": 3, ""e"": 1, ""kind"": ""odd-cyclic"", ""legendre"": -1, ""p"": 17}]",CLOSED_EXACT_CYCLIC_PRESENTATION
17,25,1,8,"[{""canonical_t"": 1, ""e"": 1, ""kind"": ""odd-cyclic"", ""legendre"": 1, ""p"": 17}]",CLOSED_EXACT_CYCLIC_PRESENTATION
17,27,3,8,"[{""canonical_t"": 3, ""e"": 1, ""kind"": ""odd-cyclic"", ""legendre"": -1, ""p"": 17}]",CLOSED_EXACT_CYCLIC_PRESENTATION
17,29,3,8,"[{""canonical_t"": 3, ""e"": 1, ""kind"": ""odd-cyclic"", ""legendre"": -1, ""p"": 17}]",CLOSED_EXACT_CYCLIC_PRESENTATION
17,31,3,8,"[{""canonical_t"": 3, ""e"": 1, ""kind"": ""odd-cyclic"", ""legendre"": -1, ""p"": 17}]",CLOSED_EXACT_CYCLIC_PRESENTATION
17,33,1,8,"[{""canonical_t"": 1, ""e"": 1, ""kind"": ""odd-cyclic"", ""legendre"": 1, ""p"": 17}]",CLOSED_EXACT_CYCLIC_PRESENTATION
18,1,1,3,"[{""brown_mod8"": 1, ""canonical_t"": 1, ""e"": 1, ""kind"": ""2-cyclic-odd"", ""p"": 2}, {""canonical_t"": 1, ""e"": 2, ""kind"": ""odd-cyclic"", ""legendre"": 1, ""p"": 3}]",CLOSED_EXACT_CYCLIC_PRESENTATION
18,5,5,3,"[{""brown_mod8"": 1, ""canonical_t"": 1, ""e"": 1, ""kind"": ""2-cyclic-odd"", ""p"": 2}, {""canonical_t"": 2, ""e"": 2, ""kind"": ""odd-cyclic"", ""legendre"": -1, ""p"": 3}]",CLOSED_EXACT_CYCLIC_PRESENTATION
18,7,7,3,"[{""brown_mod8"": 3, ""canonical_t"": 3, ""e"": 1, ""kind"": ""2-cyclic-odd"", ""p"": 2}, {""canonical_t"": 1, ""e"": 2, ""kind"": ""odd-cyclic"", ""legendre"": 1, ""p"": 3}]",CLOSED_EXACT_CYCLIC_PRESENTATION
18,11,11,3,"[{""brown_mod8"": 3, ""canonical_t"": 3, ""e"": 1, ""kind"": ""2-cyclic-odd"", ""p"": 2}, {""canonical_t"": 2, ""e"": 2, ""kind"": ""odd-cyclic"", ""legendre"": -1, ""p"": 3}]",CLOSED_EXACT_CYCLIC_PRESENTATION
18,13,1,3,"[{""brown_mod8"": 1, ""canonical_t"": 1, ""e"": 1, ""kind"": ""2-cyclic-odd"", ""p"": 2}, {""canonical_t"": 1, ""e"": 2, ""kind"": ""odd-cyclic"", ""legendre"": 1, ""p"": 3}]",CLOSED_EXACT_CYCLIC_PRESENTATION
18,17,5,3,"[{""brown_mod8"": 1, ""canonical_t"": 1, ""e"": 1, ""kind"": ""2-cyclic-odd"", ""p"": 2}, {""canonical_t"": 2, ""e"": 2, ""kind"": ""odd-cyclic"", ""legendre"": -1, ""p"": 3}]",CLOSED_EXACT_CYCLIC_PRESENTATION
18,19,7,3,"[{""brown_mod8"": 3, ""canonical_t"": 3, ""e"": 1, ""kind"": ""2-cyclic-odd"", ""p"": 2}, {""canonical_t"": 1, ""e"": 2, ""kind"": ""odd-cyclic"", ""legendre"": 1, ""p"": 3}]",CLOSED_EXACT_CYCLIC_PRESENTATION
18,23,11,3,"[{""brown_mod8"": 3, ""canonical_t"": 3, ""e"": 1, ""kind"": ""2-cyclic-odd"", ""p"": 2}, {""canonical_t"": 2, ""e"": 2, ""kind"": ""odd-cyclic"", ""legendre"": -1, ""p"": 3}]",CLOSED_EXACT_CYCLIC_PRESENTATION
18,25,1,3,"[{""brown_mod8"": 1, ""canonical_t"": 1, ""e"": 1, ""kind"": ""2-cyclic-odd"", ""p"": 2}, {""canonical_t"": 1, ""e"": 2, ""kind"": ""odd-cyclic"", ""legendre"": 1, ""p"": 3}]",CLOSED_EXACT_CYCLIC_PRESENTATION
18,29,5,3,"[{""brown_mod8"": 1, ""canonical_t"": 1, ""e"": 1, ""kind"": ""2-cyclic-odd"", ""p"": 2}, {""canonical_t"": 2, ""e"": 2, ""kind"": ""odd-cyclic"", ""legendre"": -1, ""p"": 3}]",CLOSED_EXACT_CYCLIC_PRESENTATION
18,31,7,3,"[{""brown_mod8"": 3, ""canonical_t"": 3, ""e"": 1, ""kind"": ""2-cyclic-odd"", ""p"": 2}, {""canonical_t"": 1, ""e"": 2, ""kind"": ""odd-cyclic"", ""legendre"": 1, ""p"": 3}]",CLOSED_EXACT_CYCLIC_PRESENTATION
18,35,11,3,"[{""brown_mod8"": 3, ""canonical_t"": 3, ""e"": 1, ""kind"": ""2-cyclic-odd"", ""p"": 2}, {""canonical_t"": 2, ""e"": 2, ""kind"": ""odd-cyclic"", ""legendre"": -1, ""p"": 3}]",CLOSED_EXACT_CYCLIC_PRESENTATION
19,1,1,9,"[{""canonical_t"": 1, ""e"": 1, ""kind"": ""odd-cyclic"", ""legendre"": 1, ""p"": 19}]",CLOSED_EXACT_CYCLIC_PRESENTATION
19,3,3,9,"[{""canonical_t"": 2, ""e"": 1, ""kind"": ""odd-cyclic"", ""legendre"": -1, ""p"": 19}]",CLOSED_EXACT_CYCLIC_PRESENTATION
19,5,1,9,"[{""canonical_t"": 1, ""e"": 1, ""kind"": ""odd-cyclic"", ""legendre"": 1, ""p"": 19}]",CLOSED_EXACT_CYCLIC_PRESENTATION
19,7,1,9,"[{""canonical_t"": 1, ""e"": 1, ""kind"": ""odd-cyclic"", ""legendre"": 1, ""p"": 19}]",CLOSED_EXACT_CYCLIC_PRESENTATION
19,9,1,9,"[{""canonical_t"": 1, ""e"": 1, ""kind"": ""odd-cyclic"", ""legendre"": 1, ""p"": 19}]",CLOSED_EXACT_CYCLIC_PRESENTATION
19,11,1,9,"[{""canonical_t"": 1, ""e"": 1, ""kind"": ""odd-cyclic"", ""legendre"": 1, ""p"": 19}]",CLOSED_EXACT_CYCLIC_PRESENTATION
19,13,3,9,"[{""canonical_t"": 2, ""e"": 1, ""kind"": ""odd-cyclic"", ""legendre"": -1, ""p"": 19}]",CLOSED_EXACT_CYCLIC_PRESENTATION
19,15,3,9,"[{""canonical_t"": 2, ""e"": 1, ""kind"": ""odd-cyclic"", ""legendre"": -1, ""p"": 19}]",CLOSED_EXACT_CYCLIC_PRESENTATION
19,17,1,9,"[{""canonical_t"": 1, ""e"": 1, ""kind"": ""odd-cyclic"", ""legendre"": 1, ""p"": 19}]",CLOSED_EXACT_CYCLIC_PRESENTATION
19,21,3,9,"[{""canonical_t"": 2, ""e"": 1, ""kind"": ""odd-cyclic"", ""legendre"": -1, ""p"": 19}]",CLOSED_EXACT_CYCLIC_PRESENTATION
19,23,1,9,"[{""canonical_t"": 1, ""e"": 1, ""kind"": ""odd-cyclic"", ""legendre"": 1, ""p"": 19}]",CLOSED_EXACT_CYCLIC_PRESENTATION
19,25,1,9,"[{""canonical_t"": 1, ""e"": 1, ""kind"": ""odd-cyclic"", ""legendre"": 1, ""p"": 19}]",CLOSED_EXACT_CYCLIC_PRESENTATION
19,27,3,9,"[{""canonical_t"": 2, ""e"": 1, ""kind"": ""odd-cyclic"", ""legendre"": -1, ""p"": 19}]",CLOSED_EXACT_CYCLIC_PRESENTATION
19,29,3,9,"[{""canonical_t"": 2, ""e"": 1, ""kind"": ""odd-cyclic"", ""legendre"": -1, ""p"": 19}]",CLOSED_EXACT_CYCLIC_PRESENTATION
19,31,3,9,"[{""canonical_t"": 2, ""e"": 1, ""kind"": ""odd-cyclic"", ""legendre"": -1, ""p"": 19}]",CLOSED_EXACT_CYCLIC_PRESENTATION
19,33,3,9,"[{""canonical_t"": 2, ""e"": 1, ""kind"": ""odd-cyclic"", ""legendre"": -1, ""p"": 19}]",CLOSED_EXACT_CYCLIC_PRESENTATION
19,35,1,9,"[{""canonical_t"": 1, ""e"": 1, ""kind"": ""odd-cyclic"", ""legendre"": 1, ""p"": 19}]",CLOSED_EXACT_CYCLIC_PRESENTATION
19,37,3,9,"[{""canonical_t"": 2, ""e"": 1, ""kind"": ""odd-cyclic"", ""legendre"": -1, ""p"": 19}]",CLOSED_EXACT_CYCLIC_PRESENTATION
20,1,1,2,"[{""brown_mod8"": 1, ""canonical_t"": 1, ""e"": 2, ""kind"": ""2-cyclic-odd"", ""p"": 2}, {""canonical_t"": 1, ""e"": 1, ""kind"": ""odd-cyclic"", ""legendre"": 1, ""p"": 5}]",CLOSED_EXACT_CYCLIC_PRESENTATION
20,3,3,2,"[{""brown_mod8"": 3, ""canonical_t"": 3, ""e"": 2, ""kind"": ""2-cyclic-odd"", ""p"": 2}, {""canonical_t"": 2, ""e"": 1, ""kind"": ""odd-cyclic"", ""legendre"": -1, ""p"": 5}]",CLOSED_EXACT_CYCLIC_PRESENTATION
20,7,7,2,"[{""brown_mod8"": 7, ""canonical_t"": 7, ""e"": 2, ""kind"": ""2-cyclic-odd"", ""p"": 2}, {""canonical_t"": 2, ""e"": 1, ""kind"": ""odd-cyclic"", ""legendre"": -1, ""p"": 5}]",CLOSED_EXACT_CYCLIC_PRESENTATION
20,9,1,2,"[{""brown_mod8"": 1, ""canonical_t"": 1, ""e"": 2, ""kind"": ""2-cyclic-odd"", ""p"": 2}, {""canonical_t"": 1, ""e"": 1, ""kind"": ""odd-cyclic"", ""legendre"": 1, ""p"": 5}]",CLOSED_EXACT_CYCLIC_PRESENTATION
20,11,11,2,"[{""brown_mod8"": 3, ""canonical_t"": 3, ""e"": 2, ""kind"": ""2-cyclic-odd"", ""p"": 2}, {""canonical_t"": 1, ""e"": 1, ""kind"": ""odd-cyclic"", ""legendre"": 1, ""p"": 5}]",CLOSED_EXACT_CYCLIC_PRESENTATION
20,13,13,2,"[{""brown_mod8"": 5, ""canonical_t"": 5, ""e"": 2, ""kind"": ""2-cyclic-odd"", ""p"": 2}, {""canonical_t"": 2, ""e"": 1, ""kind"": ""odd-cyclic"", ""legendre"": -1, ""p"": 5}]",CLOSED_EXACT_CYCLIC_PRESENTATION
20,17,17,2,"[{""brown_mod8"": 1, ""canonical_t"": 1, ""e"": 2, ""kind"": ""2-cyclic-odd"", ""p"": 2}, {""canonical_t"": 2, ""e"": 1, ""kind"": ""odd-cyclic"", ""legendre"": -1, ""p"": 5}]",CLOSED_EXACT_CYCLIC_PRESENTATION
20,19,11,2,"[{""brown_mod8"": 3, ""canonical_t"": 3, ""e"": 2, ""kind"": ""2-cyclic-odd"", ""p"": 2}, {""canonical_t"": 1, ""e"": 1, ""kind"": ""odd-cyclic"", ""legendre"": 1, ""p"": 5}]",CLOSED_EXACT_CYCLIC_PRESENTATION
20,21,21,2,"[{""brown_mod8"": 5, ""canonical_t"": 5, ""e"": 2, ""kind"": ""2-cyclic-odd"", ""p"": 2}, {""canonical_t"": 1, ""e"": 1, ""kind"": ""odd-cyclic"", ""legendre"": 1, ""p"": 5}]",CLOSED_EXACT_CYCLIC_PRESENTATION
20,23,7,2,"[{""brown_mod8"": 7, ""canonical_t"": 7, ""e"": 2, ""kind"": ""2-cyclic-odd"", ""p"": 2}, {""canonical_t"": 2, ""e"": 1, ""kind"": ""odd-cyclic"", ""legendre"": -1, ""p"": 5}]",CLOSED_EXACT_CYCLIC_PRESENTATION
20,27,3,2,"[{""brown_mod8"": 3, ""canonical_t"": 3, ""e"": 2, ""kind"": ""2-cyclic-odd"", ""p"": 2}, {""canonical_t"": 2, ""e"": 1, ""kind"": ""odd-cyclic"", ""legendre"": -1, ""p"": 5}]",CLOSED_EXACT_CYCLIC_PRESENTATION
20,29,21,2,"[{""brown_mod8"": 5, ""canonical_t"": 5, ""e"": 2, ""kind"": ""2-cyclic-odd"", ""p"": 2}, {""canonical_t"": 1, ""e"": 1, ""kind"": ""odd-cyclic"", ""legendre"": 1, ""p"": 5}]",CLOSED_EXACT_CYCLIC_PRESENTATION
20,31,31,2,"[{""brown_mod8"": 7, ""canonical_t"": 7, ""e"": 2, ""kind"": ""2-cyclic-odd"", ""p"": 2}, {""canonical_t"": 1, ""e"": 1, ""kind"": ""odd-cyclic"", ""legendre"": 1, ""p"": 5}]",CLOSED_EXACT_CYCLIC_PRESENTATION
20,33,17,2,"[{""brown_mod8"": 1, ""canonical_t"": 1, ""e"": 2, ""kind"": ""2-cyclic-odd"", ""p"": 2}, {""canonical_t"": 2, ""e"": 1, ""kind"": ""odd-cyclic"", ""legendre"": -1, ""p"": 5}]",CLOSED_EXACT_CYCLIC_PRESENTATION
20,37,13,2,"[{""brown_mod8"": 5, ""canonical_t"": 5, ""e"": 2, ""kind"": ""2-cyclic-odd"", ""p"": 2}, {""canonical_t"": 2, ""e"": 1, ""kind"": ""odd-cyclic"", ""legendre"": -1, ""p"": 5}]",CLOSED_EXACT_CYCLIC_PRESENTATION
20,39,31,2,"[{""brown_mod8"": 7, ""canonical_t"": 7, ""e"": 2, ""kind"": ""2-cyclic-odd"", ""p"": 2}, {""canonical_t"": 1, ""e"": 1, ""kind"": ""odd-cyclic"", ""legendre"": 1, ""p"": 5}]",CLOSED_EXACT_CYCLIC_PRESENTATION
21,1,1,3,"[{""canonical_t"": 1, ""e"": 1, ""kind"": ""odd-cyclic"", ""legendre"": 1, ""p"": 3}, {""canonical_t"": 1, ""e"": 1, ""kind"": ""odd-cyclic"", ""legendre"": 1, ""p"": 7}]",CLOSED_EXACT_CYCLIC_PRESENTATION
21,5,5,3,"[{""canonical_t"": 2, ""e"": 1, ""kind"": ""odd-cyclic"", ""legendre"": -1, ""p"": 3}, {""canonical_t"": 3, ""e"": 1, ""kind"": ""odd-cyclic"", ""legendre"": -1, ""p"": 7}]",CLOSED_EXACT_CYCLIC_PRESENTATION
21,11,11,3,"[{""canonical_t"": 2, ""e"": 1, ""kind"": ""odd-cyclic"", ""legendre"": -1, ""p"": 3}, {""canonical_t"": 1, ""e"": 1, ""kind"": ""odd-cyclic"", ""legendre"": 1, ""p"": 7}]",CLOSED_EXACT_CYCLIC_PRESENTATION
21,13,13,3,"[{""canonical_t"": 1, ""e"": 1, ""kind"": ""odd-cyclic"", ""legendre"": 1, ""p"": 3}, {""canonical_t"": 3, ""e"": 1, ""kind"": ""odd-cyclic"", ""legendre"": -1, ""p"": 7}]",CLOSED_EXACT_CYCLIC_PRESENTATION
21,17,5,3,"[{""canonical_t"": 2, ""e"": 1, ""kind"": ""odd-cyclic"", ""legendre"": -1, ""p"": 3}, {""canonical_t"": 3, ""e"": 1, ""kind"": ""odd-cyclic"", ""legendre"": -1, ""p"": 7}]",CLOSED_EXACT_CYCLIC_PRESENTATION
21,19,13,3,"[{""canonical_t"": 1, ""e"": 1, ""kind"": ""odd-cyclic"", ""legendre"": 1, ""p"": 3}, {""canonical_t"": 3, ""e"": 1, ""kind"": ""odd-cyclic"", ""legendre"": -1, ""p"": 7}]",CLOSED_EXACT_CYCLIC_PRESENTATION
21,23,11,3,"[{""canonical_t"": 2, ""e"": 1, ""kind"": ""odd-cyclic"", ""legendre"": -1, ""p"": 3}, {""canonical_t"": 1, ""e"": 1, ""kind"": ""odd-cyclic"", ""legendre"": 1, ""p"": 7}]",CLOSED_EXACT_CYCLIC_PRESENTATION
21,25,1,3,"[{""canonical_t"": 1, ""e"": 1, ""kind"": ""odd-cyclic"", ""legendre"": 1, ""p"": 3}, {""canonical_t"": 1, ""e"": 1, ""kind"": ""odd-cyclic"", ""legendre"": 1, ""p"": 7}]",CLOSED_EXACT_CYCLIC_PRESENTATION
21,29,11,3,"[{""canonical_t"": 2, ""e"": 1, ""kind"": ""odd-cyclic"", ""legendre"": -1, ""p"": 3}, {""canonical_t"": 1, ""e"": 1, ""kind"": ""odd-cyclic"", ""legendre"": 1, ""p"": 7}]",CLOSED_EXACT_CYCLIC_PRESENTATION
21,31,13,3,"[{""canonical_t"": 1, ""e"": 1, ""kind"": ""odd-cyclic"", ""legendre"": 1, ""p"": 3}, {""canonical_t"": 3, ""e"": 1, ""kind"": ""odd-cyclic"", ""legendre"": -1, ""p"": 7}]",CLOSED_EXACT_CYCLIC_PRESENTATION
21,37,1,3,"[{""canonical_t"": 1, ""e"": 1, ""kind"": ""odd-cyclic"", ""legendre"": 1, ""p"": 3}, {""canonical_t"": 1, ""e"": 1, ""kind"": ""odd-cyclic"", ""legendre"": 1, ""p"": 7}]",CLOSED_EXACT_CYCLIC_PRESENTATION
21,41,5,3,"[{""canonical_t"": 2, ""e"": 1, ""kind"": ""odd-cyclic"", ""legendre"": -1, ""p"": 3}, {""canonical_t"": 3, ""e"": 1, ""kind"": ""odd-cyclic"", ""legendre"": -1, ""p"": 7}]",CLOSED_EXACT_CYCLIC_PRESENTATION
22,1,1,5,"[{""brown_mod8"": 1, ""canonical_t"": 1, ""e"": 1, ""kind"": ""2-cyclic-odd"", ""p"": 2}, {""canonical_t"": 1, ""e"": 1, ""kind"": ""odd-cyclic"", ""legendre"": 1, ""p"": 11}]",CLOSED_EXACT_CYCLIC_PRESENTATION
22,3,3,5,"[{""brown_mod8"": 3, ""canonical_t"": 3, ""e"": 1, ""kind"": ""2-cyclic-odd"", ""p"": 2}, {""canonical_t"": 1, ""e"": 1, ""kind"": ""odd-cyclic"", ""legendre"": 1, ""p"": 11}]",CLOSED_EXACT_CYCLIC_PRESENTATION
22,5,1,5,"[{""brown_mod8"": 1, ""canonical_t"": 1, ""e"": 1, ""kind"": ""2-cyclic-odd"", ""p"": 2}, {""canonical_t"": 1, ""e"": 1, ""kind"": ""odd-cyclic"", ""legendre"": 1, ""p"": 11}]",CLOSED_EXACT_CYCLIC_PRESENTATION
22,7,7,5,"[{""brown_mod8"": 3, ""canonical_t"": 3, ""e"": 1, ""kind"": ""2-cyclic-odd"", ""p"": 2}, {""canonical_t"": 2, ""e"": 1, ""kind"": ""odd-cyclic"", ""legendre"": -1, ""p"": 11}]",CLOSED_EXACT_CYCLIC_PRESENTATION
22,9,1,5,"[{""brown_mod8"": 1, ""canonical_t"": 1, ""e"": 1, ""kind"": ""2-cyclic-odd"", ""p"": 2}, {""canonical_t"": 1, ""e"": 1, ""kind"": ""odd-cyclic"", ""legendre"": 1, ""p"": 11}]",CLOSED_EXACT_CYCLIC_PRESENTATION
22,13,13,5,"[{""brown_mod8"": 1, ""canonical_t"": 1, ""e"": 1, ""kind"": ""2-cyclic-odd"", ""p"": 2}, {""canonical_t"": 2, ""e"": 1, ""kind"": ""odd-cyclic"", ""legendre"": -1, ""p"": 11}]",CLOSED_EXACT_CYCLIC_PRESENTATION
22,15,3,5,"[{""brown_mod8"": 3, ""canonical_t"": 3, ""e"": 1, ""kind"": ""2-cyclic-odd"", ""p"": 2}, {""canonical_t"": 1, ""e"": 1, ""kind"": ""odd-cyclic"", ""legendre"": 1, ""p"": 11}]",CLOSED_EXACT_CYCLIC_PRESENTATION
22,17,13,5,"[{""brown_mod8"": 1, ""canonical_t"": 1, ""e"": 1, ""kind"": ""2-cyclic-odd"", ""p"": 2}, {""canonical_t"": 2, ""e"": 1, ""kind"": ""odd-cyclic"", ""legendre"": -1, ""p"": 11}]",CLOSED_EXACT_CYCLIC_PRESENTATION
22,19,7,5,"[{""brown_mod8"": 3, ""canonical_t"": 3, ""e"": 1, ""kind"": ""2-cyclic-odd"", ""p"": 2}, {""canonical_t"": 2, ""e"": 1, ""kind"": ""odd-cyclic"", ""legendre"": -1, ""p"": 11}]",CLOSED_EXACT_CYCLIC_PRESENTATION
22,21,13,5,"[{""brown_mod8"": 1, ""canonical_t"": 1, ""e"": 1, ""kind"": ""2-cyclic-odd"", ""p"": 2}, {""canonical_t"": 2, ""e"": 1, ""kind"": ""odd-cyclic"", ""legendre"": -1, ""p"": 11}]",CLOSED_EXACT_CYCLIC_PRESENTATION
22,23,3,5,"[{""brown_mod8"": 3, ""canonical_t"": 3, ""e"": 1, ""kind"": ""2-cyclic-odd"", ""p"": 2}, {""canonical_t"": 1, ""e"": 1, ""kind"": ""odd-cyclic"", ""legendre"": 1, ""p"": 11}]",CLOSED_EXACT_CYCLIC_PRESENTATION
22,25,1,5,"[{""brown_mod8"": 1, ""canonical_t"": 1, ""e"": 1, ""kind"": ""2-cyclic-odd"", ""p"": 2}, {""canonical_t"": 1, ""e"": 1, ""kind"": ""odd-cyclic"", ""legendre"": 1, ""p"": 11}]",CLOSED_EXACT_CYCLIC_PRESENTATION
22,27,3,5,"[{""brown_mod8"": 3, ""canonical_t"": 3, ""e"": 1, ""kind"": ""2-cyclic-odd"", ""p"": 2}, {""canonical_t"": 1, ""e"": 1, ""kind"": ""odd-cyclic"", ""legendre"": 1, ""p"": 11}]",CLOSED_EXACT_CYCLIC_PRESENTATION
22,29,13,5,"[{""brown_mod8"": 1, ""canonical_t"": 1, ""e"": 1, ""kind"": ""2-cyclic-odd"", ""p"": 2}, {""canonical_t"": 2, ""e"": 1, ""kind"": ""odd-cyclic"", ""legendre"": -1, ""p"": 11}]",CLOSED_EXACT_CYCLIC_PRESENTATION
22,31,3,5,"[{""brown_mod8"": 3, ""canonical_t"": 3, ""e"": 1, ""kind"": ""2-cyclic-odd"", ""p"": 2}, {""canonical_t"": 1, ""e"": 1, ""kind"": ""odd-cyclic"", ""legendre"": 1, ""p"": 11}]",CLOSED_EXACT_CYCLIC_PRESENTATION
22,35,7,5,"[{""brown_mod8"": 3, ""canonical_t"": 3, ""e"": 1, ""kind"": ""2-cyclic-odd"", ""p"": 2}, {""canonical_t"": 2, ""e"": 1, ""kind"": ""odd-cyclic"", ""legendre"": -1, ""p"": 11}]",CLOSED_EXACT_CYCLIC_PRESENTATION
22,37,1,5,"[{""brown_mod8"": 1, ""canonical_t"": 1, ""e"": 1, ""kind"": ""2-cyclic-odd"", ""p"": 2}, {""canonical_t"": 1, ""e"": 1, ""kind"": ""odd-cyclic"", ""legendre"": 1, ""p"": 11}]",CLOSED_EXACT_CYCLIC_PRESENTATION
22,39,7,5,"[{""brown_mod8"": 3, ""canonical_t"": 3, ""e"": 1, ""kind"": ""2-cyclic-odd"", ""p"": 2}, {""canonical_t"": 2, ""e"": 1, ""kind"": ""odd-cyclic"", ""legendre"": -1, ""p"": 11}]",CLOSED_EXACT_CYCLIC_PRESENTATION
22,41,13,5,"[{""brown_mod8"": 1, ""canonical_t"": 1, ""e"": 1, ""kind"": ""2-cyclic-odd"", ""p"": 2}, {""canonical_t"": 2, ""e"": 1, ""kind"": ""odd-cyclic"", ""legendre"": -1, ""p"": 11}]",CLOSED_EXACT_CYCLIC_PRESENTATION
22,43,7,5,"[{""brown_mod8"": 3, ""canonical_t"": 3, ""e"": 1, ""kind"": ""2-cyclic-odd"", ""p"": 2}, {""canonical_t"": 2, ""e"": 1, ""kind"": ""odd-cyclic"", ""legendre"": -1, ""p"": 11}]",CLOSED_EXACT_CYCLIC_PRESENTATION
23,1,1,11,"[{""canonical_t"": 1, ""e"": 1, ""kind"": ""odd-cyclic"", ""legendre"": 1, ""p"": 23}]",CLOSED_EXACT_CYCLIC_PRESENTATION
23,3,1,11,"[{""canonical_t"": 1, ""e"": 1, ""kind"": ""odd-cyclic"", ""legendre"": 1, ""p"": 23}]",CLOSED_EXACT_CYCLIC_PRESENTATION
23,5,5,11,"[{""canonical_t"": 5, ""e"": 1, ""kind"": ""odd-cyclic"", ""legendre"": -1, ""p"": 23}]",CLOSED_EXACT_CYCLIC_PRESENTATION
23,7,5,11,"[{""canonical_t"": 5, ""e"": 1, ""kind"": ""odd-cyclic"", ""legendre"": -1, ""p"": 23}]",CLOSED_EXACT_CYCLIC_PRESENTATION
23,9,1,11,"[{""canonical_t"": 1, ""e"": 1, ""kind"": ""odd-cyclic"", ""legendre"": 1, ""p"": 23}]",CLOSED_EXACT_CYCLIC_PRESENTATION
23,11,5,11,"[{""canonical_t"": 5, ""e"": 1, ""kind"": ""odd-cyclic"", ""legendre"": -1, ""p"": 23}]",CLOSED_EXACT_CYCLIC_PRESENTATION
23,13,1,11,"[{""canonical_t"": 1, ""e"": 1, ""kind"": ""odd-cyclic"", ""legendre"": 1, ""p"": 23}]",CLOSED_EXACT_CYCLIC_PRESENTATION
23,15,5,11,"[{""canonical_t"": 5, ""e"": 1, ""kind"": ""odd-cyclic"", ""legendre"": -1, ""p"": 23}]",CLOSED_EXACT_CYCLIC_PRESENTATION
23,17,5,11,"[{""canonical_t"": 5, ""e"": 1, ""kind"": ""odd-cyclic"", ""legendre"": -1, ""p"": 23}]",CLOSED_EXACT_CYCLIC_PRESENTATION
23,19,5,11,"[{""canonical_t"": 5, ""e"": 1, ""kind"": ""odd-cyclic"", ""legendre"": -1, ""p"": 23}]",CLOSED_EXACT_CYCLIC_PRESENTATION
23,21,5,11,"[{""canonical_t"": 5, ""e"": 1, ""kind"": ""odd-cyclic"", ""legendre"": -1, ""p"": 23}]",CLOSED_EXACT_CYCLIC_PRESENTATION
23,25,1,11,"[{""canonical_t"": 1, ""e"": 1, ""kind"": ""odd-cyclic"", ""legendre"": 1, ""p"": 23}]",CLOSED_EXACT_CYCLIC_PRESENTATION
23,27,1,11,"[{""canonical_t"": 1, ""e"": 1, ""kind"": ""odd-cyclic"", ""legendre"": 1, ""p"": 23}]",CLOSED_EXACT_CYCLIC_PRESENTATION
23,29,1,11,"[{""canonical_t"": 1, ""e"": 1, ""kind"": ""odd-cyclic"", ""legendre"": 1, ""p"": 23}]",CLOSED_EXACT_CYCLIC_PRESENTATION
23,31,1,11,"[{""canonical_t"": 1, ""e"": 1, ""kind"": ""odd-cyclic"", ""legendre"": 1, ""p"": 23}]",CLOSED_EXACT_CYCLIC_PRESENTATION
23,33,5,11,"[{""canonical_t"": 5, ""e"": 1, ""kind"": ""odd-cyclic"", ""legendre"": -1, ""p"": 23}]",CLOSED_EXACT_CYCLIC_PRESENTATION
23,35,1,11,"[{""canonical_t"": 1, ""e"": 1, ""kind"": ""odd-cyclic"", ""legendre"": 1, ""p"": 23}]",CLOSED_EXACT_CYCLIC_PRESENTATION
23,37,5,11,"[{""canonical_t"": 5, ""e"": 1, ""kind"": ""odd-cyclic"", ""legendre"": -1, ""p"": 23}]",CLOSED_EXACT_CYCLIC_PRESENTATION
23,39,1,11,"[{""canonical_t"": 1, ""e"": 1, ""kind"": ""odd-cyclic"", ""legendre"": 1, ""p"": 23}]",CLOSED_EXACT_CYCLIC_PRESENTATION
23,41,1,11,"[{""canonical_t"": 1, ""e"": 1, ""kind"": ""odd-cyclic"", ""legendre"": 1, ""p"": 23}]",CLOSED_EXACT_CYCLIC_PRESENTATION
23,43,5,11,"[{""canonical_t"": 5, ""e"": 1, ""kind"": ""odd-cyclic"", ""legendre"": -1, ""p"": 23}]",CLOSED_EXACT_CYCLIC_PRESENTATION
23,45,5,11,"[{""canonical_t"": 5, ""e"": 1, ""kind"": ""odd-cyclic"", ""legendre"": -1, ""p"": 23}]",CLOSED_EXACT_CYCLIC_PRESENTATION
24,1,1,2,"[{""brown_mod8"": 1, ""canonical_t"": 1, ""e"": 3, ""kind"": ""2-cyclic-odd"", ""p"": 2}, {""canonical_t"": 1, ""e"": 1, ""kind"": ""odd-cyclic"", ""legendre"": 1, ""p"": 3}]",CLOSED_EXACT_CYCLIC_PRESENTATION
24,5,5,2,"[{""brown_mod8"": 5, ""canonical_t"": 5, ""e"": 3, ""kind"": ""2-cyclic-odd"", ""p"": 2}, {""canonical_t"": 2, ""e"": 1, ""kind"": ""odd-cyclic"", ""legendre"": -1, ""p"": 3}]",CLOSED_EXACT_CYCLIC_PRESENTATION
24,7,7,2,"[{""brown_mod8"": 7, ""canonical_t"": 7, ""e"": 3, ""kind"": ""2-cyclic-odd"", ""p"": 2}, {""canonical_t"": 1, ""e"": 1, ""kind"": ""odd-cyclic"", ""legendre"": 1, ""p"": 3}]",CLOSED_EXACT_CYCLIC_PRESENTATION
24,11,11,2,"[{""brown_mod8"": 3, ""canonical_t"": 3, ""e"": 3, ""kind"": ""2-cyclic-odd"", ""p"": 2}, {""canonical_t"": 2, ""e"": 1, ""kind"": ""odd-cyclic"", ""legendre"": -1, ""p"": 3}]",CLOSED_EXACT_CYCLIC_PRESENTATION
24,13,13,2,"[{""brown_mod8"": 5, ""canonical_t"": 5, ""e"": 3, ""kind"": ""2-cyclic-odd"", ""p"": 2}, {""canonical_t"": 1, ""e"": 1, ""kind"": ""odd-cyclic"", ""legendre"": 1, ""p"": 3}]",CLOSED_EXACT_CYCLIC_PRESENTATION
24,17,17,2,"[{""brown_mod8"": 1, ""canonical_t"": 1, ""e"": 3, ""kind"": ""2-cyclic-odd"", ""p"": 2}, {""canonical_t"": 2, ""e"": 1, ""kind"": ""odd-cyclic"", ""legendre"": -1, ""p"": 3}]",CLOSED_EXACT_CYCLIC_PRESENTATION
24,19,19,2,"[{""brown_mod8"": 3, ""canonical_t"": 3, ""e"": 3, ""kind"": ""2-cyclic-odd"", ""p"": 2}, {""canonical_t"": 1, ""e"": 1, ""kind"": ""odd-cyclic"", ""legendre"": 1, ""p"": 3}]",CLOSED_EXACT_CYCLIC_PRESENTATION
24,23,23,2,"[{""brown_mod8"": 7, ""canonical_t"": 7, ""e"": 3, ""kind"": ""2-cyclic-odd"", ""p"": 2}, {""canonical_t"": 2, ""e"": 1, ""kind"": ""odd-cyclic"", ""legendre"": -1, ""p"": 3}]",CLOSED_EXACT_CYCLIC_PRESENTATION
24,25,1,2,"[{""brown_mod8"": 1, ""canonical_t"": 1, ""e"": 3, ""kind"": ""2-cyclic-odd"", ""p"": 2}, {""canonical_t"": 1, ""e"": 1, ""kind"": ""odd-cyclic"", ""legendre"": 1, ""p"": 3}]",CLOSED_EXACT_CYCLIC_PRESENTATION
24,29,5,2,"[{""brown_mod8"": 5, ""canonical_t"": 5, ""e"": 3, ""kind"": ""2-cyclic-odd"", ""p"": 2}, {""canonical_t"": 2, ""e"": 1, ""kind"": ""odd-cyclic"", ""legendre"": -1, ""p"": 3}]",CLOSED_EXACT_CYCLIC_PRESENTATION
24,31,7,2,"[{""brown_mod8"": 7, ""canonical_t"": 7, ""e"": 3, ""kind"": ""2-cyclic-odd"", ""p"": 2}, {""canonical_t"": 1, ""e"": 1, ""kind"": ""odd-cyclic"", ""legendre"": 1, ""p"": 3}]",CLOSED_EXACT_CYCLIC_PRESENTATION
24,35,11,2,"[{""brown_mod8"": 3, ""canonical_t"": 3, ""e"": 3, ""kind"": ""2-cyclic-odd"", ""p"": 2}, {""canonical_t"": 2, ""e"": 1, ""kind"": ""odd-cyclic"", ""legendre"": -1, ""p"": 3}]",CLOSED_EXACT_CYCLIC_PRESENTATION
24,37,13,2,"[{""brown_mod8"": 5, ""canonical_t"": 5, ""e"": 3, ""kind"": ""2-cyclic-odd"", ""p"": 2}, {""canonical_t"": 1, ""e"": 1, ""kind"": ""odd-cyclic"", ""legendre"": 1, ""p"": 3}]",CLOSED_EXACT_CYCLIC_PRESENTATION
24,41,17,2,"[{""brown_mod8"": 1, ""canonical_t"": 1, ""e"": 3, ""kind"": ""2-cyclic-odd"", ""p"": 2}, {""canonical_t"": 2, ""e"": 1, ""kind"": ""odd-cyclic"", ""legendre"": -1, ""p"": 3}]",CLOSED_EXACT_CYCLIC_PRESENTATION
24,43,19,2,"[{""brown_mod8"": 3, ""canonical_t"": 3, ""e"": 3, ""kind"": ""2-cyclic-odd"", ""p"": 2}, {""canonical_t"": 1, ""e"": 1, ""kind"": ""odd-cyclic"", ""legendre"": 1, ""p"": 3}]",CLOSED_EXACT_CYCLIC_PRESENTATION
24,47,23,2,"[{""brown_mod8"": 7, ""canonical_t"": 7, ""e"": 3, ""kind"": ""2-cyclic-odd"", ""p"": 2}, {""canonical_t"": 2, ""e"": 1, ""kind"": ""odd-cyclic"", ""legendre"": -1, ""p"": 3}]",CLOSED_EXACT_CYCLIC_PRESENTATION
25,1,1,10,"[{""canonical_t"": 1, ""e"": 2, ""kind"": ""odd-cyclic"", ""legendre"": 1, ""p"": 5}]",CLOSED_EXACT_CYCLIC_PRESENTATION
25,3,3,10,"[{""canonical_t"": 2, ""e"": 2, ""kind"": ""odd-cyclic"", ""legendre"": -1, ""p"": 5}]",CLOSED_EXACT_CYCLIC_PRESENTATION
25,7,3,10,"[{""canonical_t"": 2, ""e"": 2, ""kind"": ""odd-cyclic"", ""legendre"": -1, ""p"": 5}]",CLOSED_EXACT_CYCLIC_PRESENTATION
25,9,1,10,"[{""canonical_t"": 1, ""e"": 2, ""kind"": ""odd-cyclic"", ""legendre"": 1, ""p"": 5}]",CLOSED_EXACT_CYCLIC_PRESENTATION
25,11,1,10,"[{""canonical_t"": 1, ""e"": 2, ""kind"": ""odd-cyclic"", ""legendre"": 1, ""p"": 5}]",CLOSED_EXACT_CYCLIC_PRESENTATION
25,13,3,10,"[{""canonical_t"": 2, ""e"": 2, ""kind"": ""odd-cyclic"", ""legendre"": -1, ""p"": 5}]",CLOSED_EXACT_CYCLIC_PRESENTATION
25,17,3,10,"[{""canonical_t"": 2, ""e"": 2, ""kind"": ""odd-cyclic"", ""legendre"": -1, ""p"": 5}]",CLOSED_EXACT_CYCLIC_PRESENTATION
25,19,1,10,"[{""canonical_t"": 1, ""e"": 2, ""kind"": ""odd-cyclic"", ""legendre"": 1, ""p"": 5}]",CLOSED_EXACT_CYCLIC_PRESENTATION
25,21,1,10,"[{""canonical_t"": 1, ""e"": 2, ""kind"": ""odd-cyclic"", ""legendre"": 1, ""p"": 5}]",CLOSED_EXACT_CYCLIC_PRESENTATION
25,23,3,10,"[{""canonical_t"": 2, ""e"": 2, ""kind"": ""odd-cyclic"", ""legendre"": -1, ""p"": 5}]",CLOSED_EXACT_CYCLIC_PRESENTATION
25,27,3,10,"[{""canonical_t"": 2, ""e"": 2, ""kind"": ""odd-cyclic"", ""legendre"": -1, ""p"": 5}]",CLOSED_EXACT_CYCLIC_PRESENTATION
25,29,1,10,"[{""canonical_t"": 1, ""e"": 2, ""kind"": ""odd-cyclic"", ""legendre"": 1, ""p"": 5}]",CLOSED_EXACT_CYCLIC_PRESENTATION
25,31,1,10,"[{""canonical_t"": 1, ""e"": 2, ""kind"": ""odd-cyclic"", ""legendre"": 1, ""p"": 5}]",CLOSED_EXACT_CYCLIC_PRESENTATION
25,33,3,10,"[{""canonical_t"": 2, ""e"": 2, ""kind"": ""odd-cyclic"", ""legendre"": -1, ""p"": 5}]",CLOSED_EXACT_CYCLIC_PRESENTATION
25,37,3,10,"[{""canonical_t"": 2, ""e"": 2, ""kind"": ""odd-cyclic"", ""legendre"": -1, ""p"": 5}]",CLOSED_EXACT_CYCLIC_PRESENTATION
25,39,1,10,"[{""canonical_t"": 1, ""e"": 2, ""kind"": ""odd-cyclic"", ""legendre"": 1, ""p"": 5}]",CLOSED_EXACT_CYCLIC_PRESENTATION
25,41,1,10,"[{""canonical_t"": 1, ""e"": 2, ""kind"": ""odd-cyclic"", ""legendre"": 1, ""p"": 5}]",CLOSED_EXACT_CYCLIC_PRESENTATION
25,43,3,10,"[{""canonical_t"": 2, ""e"": 2, ""kind"": ""odd-cyclic"", ""legendre"": -1, ""p"": 5}]",CLOSED_EXACT_CYCLIC_PRESENTATION
25,47,3,10,"[{""canonical_t"": 2, ""e"": 2, ""kind"": ""odd-cyclic"", ""legendre"": -1, ""p"": 5}]",CLOSED_EXACT_CYCLIC_PRESENTATION
25,49,1,10,"[{""canonical_t"": 1, ""e"": 2, ""kind"": ""odd-cyclic"", ""legendre"": 1, ""p"": 5}]",CLOSED_EXACT_CYCLIC_PRESENTATION
26,1,1,6,"[{""brown_mod8"": 1, ""canonical_t"": 1, ""e"": 1, ""kind"": ""2-cyclic-odd"", ""p"": 2}, {""canonical_t"": 1, ""e"": 1, ""kind"": ""odd-cyclic"", ""legendre"": 1, ""p"": 13}]",CLOSED_EXACT_CYCLIC_PRESENTATION
26,3,3,6,"[{""brown_mod8"": 3, ""canonical_t"": 3, ""e"": 1, ""kind"": ""2-cyclic-odd"", ""p"": 2}, {""canonical_t"": 1, ""e"": 1, ""kind"": ""odd-cyclic"", ""legendre"": 1, ""p"": 13}]",CLOSED_EXACT_CYCLIC_PRESENTATION
26,5,5,6,"[{""brown_mod8"": 1, ""canonical_t"": 1, ""e"": 1, ""kind"": ""2-cyclic-odd"", ""p"": 2}, {""canonical_t"": 2, ""e"": 1, ""kind"": ""odd-cyclic"", ""legendre"": -1, ""p"": 13}]",CLOSED_EXACT_CYCLIC_PRESENTATION
26,7,7,6,"[{""brown_mod8"": 3, ""canonical_t"": 3, ""e"": 1, ""kind"": ""2-cyclic-odd"", ""p"": 2}, {""canonical_t"": 2, ""e"": 1, ""kind"": ""odd-cyclic"", ""legendre"": -1, ""p"": 13}]",CLOSED_EXACT_CYCLIC_PRESENTATION
26,9,1,6,"[{""brown_mod8"": 1, ""canonical_t"": 1, ""e"": 1, ""kind"": ""2-cyclic-odd"", ""p"": 2}, {""canonical_t"": 1, ""e"": 1, ""kind"": ""odd-cyclic"", ""legendre"": 1, ""p"": 13}]",CLOSED_EXACT_CYCLIC_PRESENTATION
26,11,7,6,"[{""brown_mod8"": 3, ""canonical_t"": 3, ""e"": 1, ""kind"": ""2-cyclic-odd"", ""p"": 2}, {""canonical_t"": 2, ""e"": 1, ""kind"": ""odd-cyclic"", ""legendre"": -1, ""p"": 13}]",CLOSED_EXACT_CYCLIC_PRESENTATION
26,15,7,6,"[{""brown_mod8"": 3, ""canonical_t"": 3, ""e"": 1, ""kind"": ""2-cyclic-odd"", ""p"": 2}, {""canonical_t"": 2, ""e"": 1, ""kind"": ""odd-cyclic"", ""legendre"": -1, ""p"": 13}]",CLOSED_EXACT_CYCLIC_PRESENTATION
26,17,1,6,"[{""brown_mod8"": 1, ""canonical_t"": 1, ""e"": 1, ""kind"": ""2-cyclic-odd"", ""p"": 2}, {""canonical_t"": 1, ""e"": 1, ""kind"": ""odd-cyclic"", ""legendre"": 1, ""p"": 13}]",CLOSED_EXACT_CYCLIC_PRESENTATION
26,19,7,6,"[{""brown_mod8"": 3, ""canonical_t"": 3, ""e"": 1, ""kind"": ""2-cyclic-odd"", ""p"": 2}, {""canonical_t"": 2, ""e"": 1, ""kind"": ""odd-cyclic"", ""legendre"": -1, ""p"": 13}]",CLOSED_EXACT_CYCLIC_PRESENTATION
26,21,5,6,"[{""brown_mod8"": 1, ""canonical_t"": 1, ""e"": 1, ""kind"": ""2-cyclic-odd"", ""p"": 2}, {""canonical_t"": 2, ""e"": 1, ""kind"": ""odd-cyclic"", ""legendre"": -1, ""p"": 13}]",CLOSED_EXACT_CYCLIC_PRESENTATION
26,23,3,6,"[{""brown_mod8"": 3, ""canonical_t"": 3, ""e"": 1, ""kind"": ""2-cyclic-odd"", ""p"": 2}, {""canonical_t"": 1, ""e"": 1, ""kind"": ""odd-cyclic"", ""legendre"": 1, ""p"": 13}]",CLOSED_EXACT_CYCLIC_PRESENTATION
26,25,1,6,"[{""brown_mod8"": 1, ""canonical_t"": 1, ""e"": 1, ""kind"": ""2-cyclic-odd"", ""p"": 2}, {""canonical_t"": 1, ""e"": 1, ""kind"": ""odd-cyclic"", ""legendre"": 1, ""p"": 13}]",CLOSED_EXACT_CYCLIC_PRESENTATION
26,27,3,6,"[{""brown_mod8"": 3, ""canonical_t"": 3, ""e"": 1, ""kind"": ""2-cyclic-odd"", ""p"": 2}, {""canonical_t"": 1, ""e"": 1, ""kind"": ""odd-cyclic"", ""legendre"": 1, ""p"": 13}]",CLOSED_EXACT_CYCLIC_PRESENTATION
26,29,1,6,"[{""brown_mod8"": 1, ""canonical_t"": 1, ""e"": 1, ""kind"": ""2-cyclic-odd"", ""p"": 2}, {""canonical_t"": 1, ""e"": 1, ""kind"": ""odd-cyclic"", ""legendre"": 1, ""p"": 13}]",CLOSED_EXACT_CYCLIC_PRESENTATION
26,31,7,6,"[{""brown_mod8"": 3, ""canonical_t"": 3, ""e"": 1, ""kind"": ""2-cyclic-odd"", ""p"": 2}, {""canonical_t"": 2, ""e"": 1, ""kind"": ""odd-cyclic"", ""legendre"": -1, ""p"": 13}]",CLOSED_EXACT_CYCLIC_PRESENTATION
26,33,5,6,"[{""brown_mod8"": 1, ""canonical_t"": 1, ""e"": 1, ""kind"": ""2-cyclic-odd"", ""p"": 2}, {""canonical_t"": 2, ""e"": 1, ""kind"": ""odd-cyclic"", ""legendre"": -1, ""p"": 13}]",CLOSED_EXACT_CYCLIC_PRESENTATION
26,35,3,6,"[{""brown_mod8"": 3, ""canonical_t"": 3, ""e"": 1, ""kind"": ""2-cyclic-odd"", ""p"": 2}, {""canonical_t"": 1, ""e"": 1, ""kind"": ""odd-cyclic"", ""legendre"": 1, ""p"": 13}]",CLOSED_EXACT_CYCLIC_PRESENTATION
26,37,5,6,"[{""brown_mod8"": 1, ""canonical_t"": 1, ""e"": 1, ""kind"": ""2-cyclic-odd"", ""p"": 2}, {""canonical_t"": 2, ""e"": 1, ""kind"": ""odd-cyclic"", ""legendre"": -1, ""p"": 13}]",CLOSED_EXACT_CYCLIC_PRESENTATION
26,41,5,6,"[{""brown_mod8"": 1, ""canonical_t"": 1, ""e"": 1, ""kind"": ""2-cyclic-odd"", ""p"": 2}, {""canonical_t"": 2, ""e"": 1, ""kind"": ""odd-cyclic"", ""legendre"": -1, ""p"": 13}]",CLOSED_EXACT_CYCLIC_PRESENTATION
26,43,3,6,"[{""brown_mod8"": 3, ""canonical_t"": 3, ""e"": 1, ""kind"": ""2-cyclic-odd"", ""p"": 2}, {""canonical_t"": 1, ""e"": 1, ""kind"": ""odd-cyclic"", ""legendre"": 1, ""p"": 13}]",CLOSED_EXACT_CYCLIC_PRESENTATION
26,45,5,6,"[{""brown_mod8"": 1, ""canonical_t"": 1, ""e"": 1, ""kind"": ""2-cyclic-odd"", ""p"": 2}, {""canonical_t"": 2, ""e"": 1, ""kind"": ""odd-cyclic"", ""legendre"": -1, ""p"": 13}]",CLOSED_EXACT_CYCLIC_PRESENTATION
26,47,7,6,"[{""brown_mod8"": 3, ""canonical_t"": 3, ""e"": 1, ""kind"": ""2-cyclic-odd"", ""p"": 2}, {""canonical_t"": 2, ""e"": 1, ""kind"": ""odd-cyclic"", ""legendre"": -1, ""p"": 13}]",CLOSED_EXACT_CYCLIC_PRESENTATION
26,49,1,6,"[{""brown_mod8"": 1, ""canonical_t"": 1, ""e"": 1, ""kind"": ""2-cyclic-odd"", ""p"": 2}, {""canonical_t"": 1, ""e"": 1, ""kind"": ""odd-cyclic"", ""legendre"": 1, ""p"": 13}]",CLOSED_EXACT_CYCLIC_PRESENTATION
26,51,3,6,"[{""brown_mod8"": 3, ""canonical_t"": 3, ""e"": 1, ""kind"": ""2-cyclic-odd"", ""p"": 2}, {""canonical_t"": 1, ""e"": 1, ""kind"": ""odd-cyclic"", ""legendre"": 1, ""p"": 13}]",CLOSED_EXACT_CYCLIC_PRESENTATION
27,1,1,9,"[{""canonical_t"": 1, ""e"": 3, ""kind"": ""odd-cyclic"", ""legendre"": 1, ""p"": 3}]",CLOSED_EXACT_CYCLIC_PRESENTATION
27,5,5,9,"[{""canonical_t"": 2, ""e"": 3, ""kind"": ""odd-cyclic"", ""legendre"": -1, ""p"": 3}]",CLOSED_EXACT_CYCLIC_PRESENTATION
27,7,1,9,"[{""canonical_t"": 1, ""e"": 3, ""kind"": ""odd-cyclic"", ""legendre"": 1, ""p"": 3}]",CLOSED_EXACT_CYCLIC_PRESENTATION
27,11,5,9,"[{""canonical_t"": 2, ""e"": 3, ""kind"": ""odd-cyclic"", ""legendre"": -1, ""p"": 3}]",CLOSED_EXACT_CYCLIC_PRESENTATION
27,13,1,9,"[{""canonical_t"": 1, ""e"": 3, ""kind"": ""odd-cyclic"", ""legendre"": 1, ""p"": 3}]",CLOSED_EXACT_CYCLIC_PRESENTATION
27,17,5,9,"[{""canonical_t"": 2, ""e"": 3, ""kind"": ""odd-cyclic"", ""legendre"": -1, ""p"": 3}]",CLOSED_EXACT_CYCLIC_PRESENTATION
27,19,1,9,"[{""canonical_t"": 1, ""e"": 3, ""kind"": ""odd-cyclic"", ""legendre"": 1, ""p"": 3}]",CLOSED_EXACT_CYCLIC_PRESENTATION
27,23,5,9,"[{""canonical_t"": 2, ""e"": 3, ""kind"": ""odd-cyclic"", ""legendre"": -1, ""p"": 3}]",CLOSED_EXACT_CYCLIC_PRESENTATION
27,25,1,9,"[{""canonical_t"": 1, ""e"": 3, ""kind"": ""odd-cyclic"", ""legendre"": 1, ""p"": 3}]",CLOSED_EXACT_CYCLIC_PRESENTATION
27,29,5,9,"[{""canonical_t"": 2, ""e"": 3, ""kind"": ""odd-cyclic"", ""legendre"": -1, ""p"": 3}]",CLOSED_EXACT_CYCLIC_PRESENTATION
27,31,1,9,"[{""canonical_t"": 1, ""e"": 3, ""kind"": ""odd-cyclic"", ""legendre"": 1, ""p"": 3}]",CLOSED_EXACT_CYCLIC_PRESENTATION
27,35,5,9,"[{""canonical_t"": 2, ""e"": 3, ""kind"": ""odd-cyclic"", ""legendre"": -1, ""p"": 3}]",CLOSED_EXACT_CYCLIC_PRESENTATION
27,37,1,9,"[{""canonical_t"": 1, ""e"": 3, ""kind"": ""odd-cyclic"", ""legendre"": 1, ""p"": 3}]",CLOSED_EXACT_CYCLIC_PRESENTATION
27,41,5,9,"[{""canonical_t"": 2, ""e"": 3, ""kind"": ""odd-cyclic"", ""legendre"": -1, ""p"": 3}]",CLOSED_EXACT_CYCLIC_PRESENTATION
27,43,1,9,"[{""canonical_t"": 1, ""e"": 3, ""kind"": ""odd-cyclic"", ""legendre"": 1, ""p"": 3}]",CLOSED_EXACT_CYCLIC_PRESENTATION
27,47,5,9,"[{""canonical_t"": 2, ""e"": 3, ""kind"": ""odd-cyclic"", ""legendre"": -1, ""p"": 3}]",CLOSED_EXACT_CYCLIC_PRESENTATION
27,49,1,9,"[{""canonical_t"": 1, ""e"": 3, ""kind"": ""odd-cyclic"", ""legendre"": 1, ""p"": 3}]",CLOSED_EXACT_CYCLIC_PRESENTATION
27,53,5,9,"[{""canonical_t"": 2, ""e"": 3, ""kind"": ""odd-cyclic"", ""legendre"": -1, ""p"": 3}]",CLOSED_EXACT_CYCLIC_PRESENTATION
28,1,1,3,"[{""brown_mod8"": 1, ""canonical_t"": 1, ""e"": 2, ""kind"": ""2-cyclic-odd"", ""p"": 2}, {""canonical_t"": 1, ""e"": 1, ""kind"": ""odd-cyclic"", ""legendre"": 1, ""p"": 7}]",CLOSED_EXACT_CYCLIC_PRESENTATION
28,3,3,3,"[{""brown_mod8"": 3, ""canonical_t"": 3, ""e"": 2, ""kind"": ""2-cyclic-odd"", ""p"": 2}, {""canonical_t"": 3, ""e"": 1, ""kind"": ""odd-cyclic"", ""legendre"": -1, ""p"": 7}]",CLOSED_EXACT_CYCLIC_PRESENTATION
28,5,5,3,"[{""brown_mod8"": 5, ""canonical_t"": 5, ""e"": 2, ""kind"": ""2-cyclic-odd"", ""p"": 2}, {""canonical_t"": 3, ""e"": 1, ""kind"": ""odd-cyclic"", ""legendre"": -1, ""p"": 7}]",CLOSED_EXACT_CYCLIC_PRESENTATION
28,9,1,3,"[{""brown_mod8"": 1, ""canonical_t"": 1, ""e"": 2, ""kind"": ""2-cyclic-odd"", ""p"": 2}, {""canonical_t"": 1, ""e"": 1, ""kind"": ""odd-cyclic"", ""legendre"": 1, ""p"": 7}]",CLOSED_EXACT_CYCLIC_PRESENTATION
28,11,11,3,"[{""brown_mod8"": 3, ""canonical_t"": 3, ""e"": 2, ""kind"": ""2-cyclic-odd"", ""p"": 2}, {""canonical_t"": 1, ""e"": 1, ""kind"": ""odd-cyclic"", ""legendre"": 1, ""p"": 7}]",CLOSED_EXACT_CYCLIC_PRESENTATION
28,13,5,3,"[{""brown_mod8"": 5, ""canonical_t"": 5, ""e"": 2, ""kind"": ""2-cyclic-odd"", ""p"": 2}, {""canonical_t"": 3, ""e"": 1, ""kind"": ""odd-cyclic"", ""legendre"": -1, ""p"": 7}]",CLOSED_EXACT_CYCLIC_PRESENTATION
28,15,15,3,"[{""brown_mod8"": 7, ""canonical_t"": 7, ""e"": 2, ""kind"": ""2-cyclic-odd"", ""p"": 2}, {""canonical_t"": 1, ""e"": 1, ""kind"": ""odd-cyclic"", ""legendre"": 1, ""p"": 7}]",CLOSED_EXACT_CYCLIC_PRESENTATION
28,17,17,3,"[{""brown_mod8"": 1, ""canonical_t"": 1, ""e"": 2, ""kind"": ""2-cyclic-odd"", ""p"": 2}, {""canonical_t"": 3, ""e"": 1, ""kind"": ""odd-cyclic"", ""legendre"": -1, ""p"": 7}]",CLOSED_EXACT_CYCLIC_PRESENTATION
28,19,3,3,"[{""brown_mod8"": 3, ""canonical_t"": 3, ""e"": 2, ""kind"": ""2-cyclic-odd"", ""p"": 2}, {""canonical_t"": 3, ""e"": 1, ""kind"": ""odd-cyclic"", ""legendre"": -1, ""p"": 7}]",CLOSED_EXACT_CYCLIC_PRESENTATION
28,23,15,3,"[{""brown_mod8"": 7, ""canonical_t"": 7, ""e"": 2, ""kind"": ""2-cyclic-odd"", ""p"": 2}, {""canonical_t"": 1, ""e"": 1, ""kind"": ""odd-cyclic"", ""legendre"": 1, ""p"": 7}]",CLOSED_EXACT_CYCLIC_PRESENTATION
28,25,1,3,"[{""brown_mod8"": 1, ""canonical_t"": 1, ""e"": 2, ""kind"": ""2-cyclic-odd"", ""p"": 2}, {""canonical_t"": 1, ""e"": 1, ""kind"": ""odd-cyclic"", ""legendre"": 1, ""p"": 7}]",CLOSED_EXACT_CYCLIC_PRESENTATION
28,27,3,3,"[{""brown_mod8"": 3, ""canonical_t"": 3, ""e"": 2, ""kind"": ""2-cyclic-odd"", ""p"": 2}, {""canonical_t"": 3, ""e"": 1, ""kind"": ""odd-cyclic"", ""legendre"": -1, ""p"": 7}]",CLOSED_EXACT_CYCLIC_PRESENTATION
28,29,29,3,"[{""brown_mod8"": 5, ""canonical_t"": 5, ""e"": 2, ""kind"": ""2-cyclic-odd"", ""p"": 2}, {""canonical_t"": 1, ""e"": 1, ""kind"": ""odd-cyclic"", ""legendre"": 1, ""p"": 7}]",CLOSED_EXACT_CYCLIC_PRESENTATION
28,31,31,3,"[{""brown_mod8"": 7, ""canonical_t"": 7, ""e"": 2, ""kind"": ""2-cyclic-odd"", ""p"": 2}, {""canonical_t"": 3, ""e"": 1, ""kind"": ""odd-cyclic"", ""legendre"": -1, ""p"": 7}]",CLOSED_EXACT_CYCLIC_PRESENTATION
28,33,17,3,"[{""brown_mod8"": 1, ""canonical_t"": 1, ""e"": 2, ""kind"": ""2-cyclic-odd"", ""p"": 2}, {""canonical_t"": 3, ""e"": 1, ""kind"": ""odd-cyclic"", ""legendre"": -1, ""p"": 7}]",CLOSED_EXACT_CYCLIC_PRESENTATION
28,37,29,3,"[{""brown_mod8"": 5, ""canonical_t"": 5, ""e"": 2, ""kind"": ""2-cyclic-odd"", ""p"": 2}, {""canonical_t"": 1, ""e"": 1, ""kind"": ""odd-cyclic"", ""legendre"": 1, ""p"": 7}]",CLOSED_EXACT_CYCLIC_PRESENTATION
28,39,15,3,"[{""brown_mod8"": 7, ""canonical_t"": 7, ""e"": 2, ""kind"": ""2-cyclic-odd"", ""p"": 2}, {""canonical_t"": 1, ""e"": 1, ""kind"": ""odd-cyclic"", ""legendre"": 1, ""p"": 7}]",CLOSED_EXACT_CYCLIC_PRESENTATION
28,41,17,3,"[{""brown_mod8"": 1, ""canonical_t"": 1, ""e"": 2, ""kind"": ""2-cyclic-odd"", ""p"": 2}, {""canonical_t"": 3, ""e"": 1, ""kind"": ""odd-cyclic"", ""legendre"": -1, ""p"": 7}]",CLOSED_EXACT_CYCLIC_PRESENTATION
28,43,11,3,"[{""brown_mod8"": 3, ""canonical_t"": 3, ""e"": 2, ""kind"": ""2-cyclic-odd"", ""p"": 2}, {""canonical_t"": 1, ""e"": 1, ""kind"": ""odd-cyclic"", ""legendre"": 1, ""p"": 7}]",CLOSED_EXACT_CYCLIC_PRESENTATION
28,45,5,3,"[{""brown_mod8"": 5, ""canonical_t"": 5, ""e"": 2, ""kind"": ""2-cyclic-odd"", ""p"": 2}, {""canonical_t"": 3, ""e"": 1, ""kind"": ""odd-cyclic"", ""legendre"": -1, ""p"": 7}]",CLOSED_EXACT_CYCLIC_PRESENTATION
28,47,31,3,"[{""brown_mod8"": 7, ""canonical_t"": 7, ""e"": 2, ""kind"": ""2-cyclic-odd"", ""p"": 2}, {""canonical_t"": 3, ""e"": 1, ""kind"": ""odd-cyclic"", ""legendre"": -1, ""p"": 7}]",CLOSED_EXACT_CYCLIC_PRESENTATION
28,51,11,3,"[{""brown_mod8"": 3, ""canonical_t"": 3, ""e"": 2, ""kind"": ""2-cyclic-odd"", ""p"": 2}, {""canonical_t"": 1, ""e"": 1, ""kind"": ""odd-cyclic"", ""legendre"": 1, ""p"": 7}]",CLOSED_EXACT_CYCLIC_PRESENTATION
28,53,29,3,"[{""brown_mod8"": 5, ""canonical_t"": 5, ""e"": 2, ""kind"": ""2-cyclic-odd"", ""p"": 2}, {""canonical_t"": 1, ""e"": 1, ""kind"": ""odd-cyclic"", ""legendre"": 1, ""p"": 7}]",CLOSED_EXACT_CYCLIC_PRESENTATION
28,55,31,3,"[{""brown_mod8"": 7, ""canonical_t"": 7, ""e"": 2, ""kind"": ""2-cyclic-odd"", ""p"": 2}, {""canonical_t"": 3, ""e"": 1, ""kind"": ""odd-cyclic"", ""legendre"": -1, ""p"": 7}]",CLOSED_EXACT_CYCLIC_PRESENTATION
29,1,1,14,"[{""canonical_t"": 1, ""e"": 1, ""kind"": ""odd-cyclic"", ""legendre"": 1, ""p"": 29}]",CLOSED_EXACT_CYCLIC_PRESENTATION
29,3,3,14,"[{""canonical_t"": 2, ""e"": 1, ""kind"": ""odd-cyclic"", ""legendre"": -1, ""p"": 29}]",CLOSED_EXACT_CYCLIC_PRESENTATION
29,5,1,14,"[{""canonical_t"": 1, ""e"": 1, ""kind"": ""odd-cyclic"", ""legendre"": 1, ""p"": 29}]",CLOSED_EXACT_CYCLIC_PRESENTATION
29,7,1,14,"[{""canonical_t"": 1, ""e"": 1, ""kind"": ""odd-cyclic"", ""legendre"": 1, ""p"": 29}]",CLOSED_EXACT_CYCLIC_PRESENTATION
29,9,1,14,"[{""canonical_t"": 1, ""e"": 1, ""kind"": ""odd-cyclic"", ""legendre"": 1, ""p"": 29}]",CLOSED_EXACT_CYCLIC_PRESENTATION
29,11,3,14,"[{""canonical_t"": 2, ""e"": 1, ""kind"": ""odd-cyclic"", ""legendre"": -1, ""p"": 29}]",CLOSED_EXACT_CYCLIC_PRESENTATION
29,13,1,14,"[{""canonical_t"": 1, ""e"": 1, ""kind"": ""odd-cyclic"", ""legendre"": 1, ""p"": 29}]",CLOSED_EXACT_CYCLIC_PRESENTATION
29,15,3,14,"[{""canonical_t"": 2, ""e"": 1, ""kind"": ""odd-cyclic"", ""legendre"": -1, ""p"": 29}]",CLOSED_EXACT_CYCLIC_PRESENTATION
29,17,3,14,"[{""canonical_t"": 2, ""e"": 1, ""kind"": ""odd-cyclic"", ""legendre"": -1, ""p"": 29}]",CLOSED_EXACT_CYCLIC_PRESENTATION
29,19,3,14,"[{""canonical_t"": 2, ""e"": 1, ""kind"": ""odd-cyclic"", ""legendre"": -1, ""p"": 29}]",CLOSED_EXACT_CYCLIC_PRESENTATION
29,21,3,14,"[{""canonical_t"": 2, ""e"": 1, ""kind"": ""odd-cyclic"", ""legendre"": -1, ""p"": 29}]",CLOSED_EXACT_CYCLIC_PRESENTATION
29,23,1,14,"[{""canonical_t"": 1, ""e"": 1, ""kind"": ""odd-cyclic"", ""legendre"": 1, ""p"": 29}]",CLOSED_EXACT_CYCLIC_PRESENTATION
29,25,1,14,"[{""canonical_t"": 1, ""e"": 1, ""kind"": ""odd-cyclic"", ""legendre"": 1, ""p"": 29}]",CLOSED_EXACT_CYCLIC_PRESENTATION
29,27,3,14,"[{""canonical_t"": 2, ""e"": 1, ""kind"": ""odd-cyclic"", ""legendre"": -1, ""p"": 29}]",CLOSED_EXACT_CYCLIC_PRESENTATION
29,31,3,14,"[{""canonical_t"": 2, ""e"": 1, ""kind"": ""odd-cyclic"", ""legendre"": -1, ""p"": 29}]",CLOSED_EXACT_CYCLIC_PRESENTATION
29,33,1,14,"[{""canonical_t"": 1, ""e"": 1, ""kind"": ""odd-cyclic"", ""legendre"": 1, ""p"": 29}]",CLOSED_EXACT_CYCLIC_PRESENTATION
29,35,1,14,"[{""canonical_t"": 1, ""e"": 1, ""kind"": ""odd-cyclic"", ""legendre"": 1, ""p"": 29}]",CLOSED_EXACT_CYCLIC_PRESENTATION
29,37,3,14,"[{""canonical_t"": 2, ""e"": 1, ""kind"": ""odd-cyclic"", ""legendre"": -1, ""p"": 29}]",CLOSED_EXACT_CYCLIC_PRESENTATION
29,39,3,14,"[{""canonical_t"": 2, ""e"": 1, ""kind"": ""odd-cyclic"", ""legendre"": -1, ""p"": 29}]",CLOSED_EXACT_CYCLIC_PRESENTATION
29,41,3,14,"[{""canonical_t"": 2, ""e"": 1, ""kind"": ""odd-cyclic"", ""legendre"": -1, ""p"": 29}]",CLOSED_EXACT_CYCLIC_PRESENTATION
29,43,3,14,"[{""canonical_t"": 2, ""e"": 1, ""kind"": ""odd-cyclic"", ""legendre"": -1, ""p"": 29}]",CLOSED_EXACT_CYCLIC_PRESENTATION
29,45,1,14,"[{""canonical_t"": 1, ""e"": 1, ""kind"": ""odd-cyclic"", ""legendre"": 1, ""p"": 29}]",CLOSED_EXACT_CYCLIC_PRESENTATION
29,47,3,14,"[{""canonical_t"": 2, ""e"": 1, ""kind"": ""odd-cyclic"", ""legendre"": -1, ""p"": 29}]",CLOSED_EXACT_CYCLIC_PRESENTATION
29,49,1,14,"[{""canonical_t"": 1, ""e"": 1, ""kind"": ""odd-cyclic"", ""legendre"": 1, ""p"": 29}]",CLOSED_EXACT_CYCLIC_PRESENTATION
29,51,1,14,"[{""canonical_t"": 1, ""e"": 1, ""kind"": ""odd-cyclic"", ""legendre"": 1, ""p"": 29}]",CLOSED_EXACT_CYCLIC_PRESENTATION
29,53,1,14,"[{""canonical_t"": 1, ""e"": 1, ""kind"": ""odd-cyclic"", ""legendre"": 1, ""p"": 29}]",CLOSED_EXACT_CYCLIC_PRESENTATION
29,55,3,14,"[{""canonical_t"": 2, ""e"": 1, ""kind"": ""odd-cyclic"", ""legendre"": -1, ""p"": 29}]",CLOSED_EXACT_CYCLIC_PRESENTATION
29,57,1,14,"[{""canonical_t"": 1, ""e"": 1, ""kind"": ""odd-cyclic"", ""legendre"": 1, ""p"": 29}]",CLOSED_EXACT_CYCLIC_PRESENTATION
30,1,1,2,"[{""brown_mod8"": 1, ""canonical_t"": 1, ""e"": 1, ""kind"": ""2-cyclic-odd"", ""p"": 2}, {""canonical_t"": 1, ""e"": 1, ""kind"": ""odd-cyclic"", ""legendre"": 1, ""p"": 3}, {""canonical_t"": 1, ""e"": 1, ""kind"": ""odd-cyclic"", ""legendre"": 1, ""p"": 5}]",CLOSED_EXACT_CYCLIC_PRESENTATION
30,7,7,2,"[{""brown_mod8"": 3, ""canonical_t"": 3, ""e"": 1, ""kind"": ""2-cyclic-odd"", ""p"": 2}, {""canonical_t"": 1, ""e"": 1, ""kind"": ""odd-cyclic"", ""legendre"": 1, ""p"": 3}, {""canonical_t"": 2, ""e"": 1, ""kind"": ""odd-cyclic"", ""legendre"": -1, ""p"": 5}]",CLOSED_EXACT_CYCLIC_PRESENTATION
30,11,11,2,"[{""brown_mod8"": 3, ""canonical_t"": 3, ""e"": 1, ""kind"": ""2-cyclic-odd"", ""p"": 2}, {""canonical_t"": 2, ""e"": 1, ""kind"": ""odd-cyclic"", ""legendre"": -1, ""p"": 3}, {""canonical_t"": 1, ""e"": 1, ""kind"": ""odd-cyclic"", ""legendre"": 1, ""p"": 5}]",CLOSED_EXACT_CYCLIC_PRESENTATION
30,13,13,2,"[{""brown_mod8"": 1, ""canonical_t"": 1, ""e"": 1, ""kind"": ""2-cyclic-odd"", ""p"": 2}, {""canonical_t"": 1, ""e"": 1, ""kind"": ""odd-cyclic"", ""legendre"": 1, ""p"": 3}, {""canonical_t"": 2, ""e"": 1, ""kind"": ""odd-cyclic"", ""legendre"": -1, ""p"": 5}]",CLOSED_EXACT_CYCLIC_PRESENTATION
30,17,17,2,"[{""brown_mod8"": 1, ""canonical_t"": 1, ""e"": 1, ""kind"": ""2-cyclic-odd"", ""p"": 2}, {""canonical_t"": 2, ""e"": 1, ""kind"": ""odd-cyclic"", ""legendre"": -1, ""p"": 3}, {""canonical_t"": 2, ""e"": 1, ""kind"": ""odd-cyclic"", ""legendre"": -1, ""p"": 5}]",CLOSED_EXACT_CYCLIC_PRESENTATION
30,19,19,2,"[{""brown_mod8"": 3, ""canonical_t"": 3, ""e"": 1, ""kind"": ""2-cyclic-odd"", ""p"": 2}, {""canonical_t"": 1, ""e"": 1, ""kind"": ""odd-cyclic"", ""legendre"": 1, ""p"": 3}, {""canonical_t"": 1, ""e"": 1, ""kind"": ""odd-cyclic"", ""legendre"": 1, ""p"": 5}]",CLOSED_EXACT_CYCLIC_PRESENTATION
30,23,23,2,"[{""brown_mod8"": 3, ""canonical_t"": 3, ""e"": 1, ""kind"": ""2-cyclic-odd"", ""p"": 2}, {""canonical_t"": 2, ""e"": 1, ""kind"": ""odd-cyclic"", ""legendre"": -1, ""p"": 3}, {""canonical_t"": 2, ""e"": 1, ""kind"": ""odd-cyclic"", ""legendre"": -1, ""p"": 5}]",CLOSED_EXACT_CYCLIC_PRESENTATION
30,29,29,2,"[{""brown_mod8"": 1, ""canonical_t"": 1, ""e"": 1, ""kind"": ""2-cyclic-odd"", ""p"": 2}, {""canonical_t"": 2, ""e"": 1, ""kind"": ""odd-cyclic"", ""legendre"": -1, ""p"": 3}, {""canonical_t"": 1, ""e"": 1, ""kind"": ""odd-cyclic"", ""legendre"": 1, ""p"": 5}]",CLOSED_EXACT_CYCLIC_PRESENTATION
30,31,19,2,"[{""brown_mod8"": 3, ""canonical_t"": 3, ""e"": 1, ""kind"": ""2-cyclic-odd"", ""p"": 2}, {""canonical_t"": 1, ""e"": 1, ""kind"": ""odd-cyclic"", ""legendre"": 1, ""p"": 3}, {""canonical_t"": 1, ""e"": 1, ""kind"": ""odd-cyclic"", ""legendre"": 1, ""p"": 5}]",CLOSED_EXACT_CYCLIC_PRESENTATION
30,37,13,2,"[{""brown_mod8"": 1, ""canonical_t"": 1, ""e"": 1, ""kind"": ""2-cyclic-odd"", ""p"": 2}, {""canonical_t"": 1, ""e"": 1, ""kind"": ""odd-cyclic"", ""legendre"": 1, ""p"": 3}, {""canonical_t"": 2, ""e"": 1, ""kind"": ""odd-cyclic"", ""legendre"": -1, ""p"": 5}]",CLOSED_EXACT_CYCLIC_PRESENTATION
30,41,29,2,"[{""brown_mod8"": 1, ""canonical_t"": 1, ""e"": 1, ""kind"": ""2-cyclic-odd"", ""p"": 2}, {""canonical_t"": 2, ""e"": 1, ""kind"": ""odd-cyclic"", ""legendre"": -1, ""p"": 3}, {""canonical_t"": 1, ""e"": 1, ""kind"": ""odd-cyclic"", ""legendre"": 1, ""p"": 5}]",CLOSED_EXACT_CYCLIC_PRESENTATION
30,43,7,2,"[{""brown_mod8"": 3, ""canonical_t"": 3, ""e"": 1, ""kind"": ""2-cyclic-odd"", ""p"": 2}, {""canonical_t"": 1, ""e"": 1, ""kind"": ""odd-cyclic"", ""legendre"": 1, ""p"": 3}, {""canonical_t"": 2, ""e"": 1, ""kind"": ""odd-cyclic"", ""legendre"": -1, ""p"": 5}]",CLOSED_EXACT_CYCLIC_PRESENTATION
30,47,23,2,"[{""brown_mod8"": 3, ""canonical_t"": 3, ""e"": 1, ""kind"": ""2-cyclic-odd"", ""p"": 2}, {""canonical_t"": 2, ""e"": 1, ""kind"": ""odd-cyclic"", ""legendre"": -1, ""p"": 3}, {""canonical_t"": 2, ""e"": 1, ""kind"": ""odd-cyclic"", ""legendre"": -1, ""p"": 5}]",CLOSED_EXACT_CYCLIC_PRESENTATION
30,49,1,2,"[{""brown_mod8"": 1, ""canonical_t"": 1, ""e"": 1, ""kind"": ""2-cyclic-odd"", ""p"": 2}, {""canonical_t"": 1, ""e"": 1, ""kind"": ""odd-cyclic"", ""legendre"": 1, ""p"": 3}, {""canonical_t"": 1, ""e"": 1, ""kind"": ""odd-cyclic"", ""legendre"": 1, ""p"": 5}]",CLOSED_EXACT_CYCLIC_PRESENTATION
30,53,17,2,"[{""brown_mod8"": 1, ""canonical_t"": 1, ""e"": 1, ""kind"": ""2-cyclic-odd"", ""p"": 2}, {""canonical_t"": 2, ""e"": 1, ""kind"": ""odd-cyclic"", ""legendre"": -1, ""p"": 3}, {""canonical_t"": 2, ""e"": 1, ""kind"": ""odd-cyclic"", ""legendre"": -1, ""p"": 5}]",CLOSED_EXACT_CYCLIC_PRESENTATION
30,59,11,2,"[{""brown_mod8"": 3, ""canonical_t"": 3, ""e"": 1, ""kind"": ""2-cyclic-odd"", ""p"": 2}, {""canonical_t"": 2, ""e"": 1, ""kind"": ""odd-cyclic"", ""legendre"": -1, ""p"": 3}, {""canonical_t"": 1, ""e"": 1, ""kind"": ""odd-cyclic"", ""legendre"": 1, ""p"": 5}]",CLOSED_EXACT_CYCLIC_PRESENTATION
31,1,1,15,"[{""canonical_t"": 1, ""e"": 1, ""kind"": ""odd-cyclic"", ""legendre"": 1, ""p"": 31}]",CLOSED_EXACT_CYCLIC_PRESENTATION
31,3,3,15,"[{""canonical_t"": 3, ""e"": 1, ""kind"": ""odd-cyclic"", ""legendre"": -1, ""p"": 31}]",CLOSED_EXACT_CYCLIC_PRESENTATION
31,5,1,15,"[{""canonical_t"": 1, ""e"": 1, ""kind"": ""odd-cyclic"", ""legendre"": 1, ""p"": 31}]",CLOSED_EXACT_CYCLIC_PRESENTATION
31,7,1,15,"[{""canonical_t"": 1, ""e"": 1, ""kind"": ""odd-cyclic"", ""legendre"": 1, ""p"": 31}]",CLOSED_EXACT_CYCLIC_PRESENTATION
31,9,1,15,"[{""canonical_t"": 1, ""e"": 1, ""kind"": ""odd-cyclic"", ""legendre"": 1, ""p"": 31}]",CLOSED_EXACT_CYCLIC_PRESENTATION
31,11,3,15,"[{""canonical_t"": 3, ""e"": 1, ""kind"": ""odd-cyclic"", ""legendre"": -1, ""p"": 31}]",CLOSED_EXACT_CYCLIC_PRESENTATION
31,13,3,15,"[{""canonical_t"": 3, ""e"": 1, ""kind"": ""odd-cyclic"", ""legendre"": -1, ""p"": 31}]",CLOSED_EXACT_CYCLIC_PRESENTATION
31,15,3,15,"[{""canonical_t"": 3, ""e"": 1, ""kind"": ""odd-cyclic"", ""legendre"": -1, ""p"": 31}]",CLOSED_EXACT_CYCLIC_PRESENTATION
31,17,3,15,"[{""canonical_t"": 3, ""e"": 1, ""kind"": ""odd-cyclic"", ""legendre"": -1, ""p"": 31}]",CLOSED_EXACT_CYCLIC_PRESENTATION
31,19,1,15,"[{""canonical_t"": 1, ""e"": 1, ""kind"": ""odd-cyclic"", ""legendre"": 1, ""p"": 31}]",CLOSED_EXACT_CYCLIC_PRESENTATION
31,21,3,15,"[{""canonical_t"": 3, ""e"": 1, ""kind"": ""odd-cyclic"", ""legendre"": -1, ""p"": 31}]",CLOSED_EXACT_CYCLIC_PRESENTATION
31,23,3,15,"[{""canonical_t"": 3, ""e"": 1, ""kind"": ""odd-cyclic"", ""legendre"": -1, ""p"": 31}]",CLOSED_EXACT_CYCLIC_PRESENTATION
31,25,1,15,"[{""canonical_t"": 1, ""e"": 1, ""kind"": ""odd-cyclic"", ""legendre"": 1, ""p"": 31}]",CLOSED_EXACT_CYCLIC_PRESENTATION
31,27,3,15,"[{""canonical_t"": 3, ""e"": 1, ""kind"": ""odd-cyclic"", ""legendre"": -1, ""p"": 31}]",CLOSED_EXACT_CYCLIC_PRESENTATION
31,29,3,15,"[{""canonical_t"": 3, ""e"": 1, ""kind"": ""odd-cyclic"", ""legendre"": -1, ""p"": 31}]",CLOSED_EXACT_CYCLIC_PRESENTATION
31,33,1,15,"[{""canonical_t"": 1, ""e"": 1, ""kind"": ""odd-cyclic"", ""legendre"": 1, ""p"": 31}]",CLOSED_EXACT_CYCLIC_PRESENTATION
31,35,1,15,"[{""canonical_t"": 1, ""e"": 1, ""kind"": ""odd-cyclic"", ""legendre"": 1, ""p"": 31}]",CLOSED_EXACT_CYCLIC_PRESENTATION
31,37,3,15,"[{""canonical_t"": 3, ""e"": 1, ""kind"": ""odd-cyclic"", ""legendre"": -1, ""p"": 31}]",CLOSED_EXACT_CYCLIC_PRESENTATION
31,39,1,15,"[{""canonical_t"": 1, ""e"": 1, ""kind"": ""odd-cyclic"", ""legendre"": 1, ""p"": 31}]",CLOSED_EXACT_CYCLIC_PRESENTATION
31,41,1,15,"[{""canonical_t"": 1, ""e"": 1, ""kind"": ""odd-cyclic"", ""legendre"": 1, ""p"": 31}]",CLOSED_EXACT_CYCLIC_PRESENTATION
31,43,3,15,"[{""canonical_t"": 3, ""e"": 1, ""kind"": ""odd-cyclic"", ""legendre"": -1, ""p"": 31}]",CLOSED_EXACT_CYCLIC_PRESENTATION
31,45,1,15,"[{""canonical_t"": 1, ""e"": 1, ""kind"": ""odd-cyclic"", ""legendre"": 1, ""p"": 31}]",CLOSED_EXACT_CYCLIC_PRESENTATION
31,47,1,15,"[{""canonical_t"": 1, ""e"": 1, ""kind"": ""odd-cyclic"", ""legendre"": 1, ""p"": 31}]",CLOSED_EXACT_CYCLIC_PRESENTATION
31,49,1,15,"[{""canonical_t"": 1, ""e"": 1, ""kind"": ""odd-cyclic"", ""legendre"": 1, ""p"": 31}]",CLOSED_EXACT_CYCLIC_PRESENTATION
31,51,1,15,"[{""canonical_t"": 1, ""e"": 1, ""kind"": ""odd-cyclic"", ""legendre"": 1, ""p"": 31}]",CLOSED_EXACT_CYCLIC_PRESENTATION
31,53,3,15,"[{""canonical_t"": 3, ""e"": 1, ""kind"": ""odd-cyclic"", ""legendre"": -1, ""p"": 31}]",CLOSED_EXACT_CYCLIC_PRESENTATION
31,55,3,15,"[{""canonical_t"": 3, ""e"": 1, ""kind"": ""odd-cyclic"", ""legendre"": -1, ""p"": 31}]",CLOSED_EXACT_CYCLIC_PRESENTATION
31,57,3,15,"[{""canonical_t"": 3, ""e"": 1, ""kind"": ""odd-cyclic"", ""legendre"": -1, ""p"": 31}]",CLOSED_EXACT_CYCLIC_PRESENTATION
31,59,1,15,"[{""canonical_t"": 1, ""e"": 1, ""kind"": ""odd-cyclic"", ""legendre"": 1, ""p"": 31}]",CLOSED_EXACT_CYCLIC_PRESENTATION
31,61,3,15,"[{""canonical_t"": 3, ""e"": 1, ""kind"": ""odd-cyclic"", ""legendre"": -1, ""p"": 31}]",CLOSED_EXACT_CYCLIC_PRESENTATION
32,1,1,8,"[{""brown_mod8"": 1, ""canonical_t"": 1, ""e"": 5, ""kind"": ""2-cyclic-odd"", ""p"": 2}]",CLOSED_EXACT_CYCLIC_PRESENTATION
32,3,3,8,"[{""brown_mod8"": 3, ""canonical_t"": 3, ""e"": 5, ""kind"": ""2-cyclic-odd"", ""p"": 2}]",CLOSED_EXACT_CYCLIC_PRESENTATION
32,5,5,8,"[{""brown_mod8"": 5, ""canonical_t"": 5, ""e"": 5, ""kind"": ""2-cyclic-odd"", ""p"": 2}]",CLOSED_EXACT_CYCLIC_PRESENTATION
32,7,7,8,"[{""brown_mod8"": 7, ""canonical_t"": 7, ""e"": 5, ""kind"": ""2-cyclic-odd"", ""p"": 2}]",CLOSED_EXACT_CYCLIC_PRESENTATION
32,9,1,8,"[{""brown_mod8"": 1, ""canonical_t"": 1, ""e"": 5, ""kind"": ""2-cyclic-odd"", ""p"": 2}]",CLOSED_EXACT_CYCLIC_PRESENTATION
32,11,3,8,"[{""brown_mod8"": 3, ""canonical_t"": 3, ""e"": 5, ""kind"": ""2-cyclic-odd"", ""p"": 2}]",CLOSED_EXACT_CYCLIC_PRESENTATION
32,13,5,8,"[{""brown_mod8"": 5, ""canonical_t"": 5, ""e"": 5, ""kind"": ""2-cyclic-odd"", ""p"": 2}]",CLOSED_EXACT_CYCLIC_PRESENTATION
32,15,7,8,"[{""brown_mod8"": 7, ""canonical_t"": 7, ""e"": 5, ""kind"": ""2-cyclic-odd"", ""p"": 2}]",CLOSED_EXACT_CYCLIC_PRESENTATION
32,17,1,8,"[{""brown_mod8"": 1, ""canonical_t"": 1, ""e"": 5, ""kind"": ""2-cyclic-odd"", ""p"": 2}]",CLOSED_EXACT_CYCLIC_PRESENTATION
32,19,3,8,"[{""brown_mod8"": 3, ""canonical_t"": 3, ""e"": 5, ""kind"": ""2-cyclic-odd"", ""p"": 2}]",CLOSED_EXACT_CYCLIC_PRESENTATION
32,21,5,8,"[{""brown_mod8"": 5, ""canonical_t"": 5, ""e"": 5, ""kind"": ""2-cyclic-odd"", ""p"": 2}]",CLOSED_EXACT_CYCLIC_PRESENTATION
32,23,7,8,"[{""brown_mod8"": 7, ""canonical_t"": 7, ""e"": 5, ""kind"": ""2-cyclic-odd"", ""p"": 2}]",CLOSED_EXACT_CYCLIC_PRESENTATION
32,25,1,8,"[{""brown_mod8"": 1, ""canonical_t"": 1, ""e"": 5, ""kind"": ""2-cyclic-odd"", ""p"": 2}]",CLOSED_EXACT_CYCLIC_PRESENTATION
32,27,3,8,"[{""brown_mod8"": 3, ""canonical_t"": 3, ""e"": 5, ""kind"": ""2-cyclic-odd"", ""p"": 2}]",CLOSED_EXACT_CYCLIC_PRESENTATION
32,29,5,8,"[{""brown_mod8"": 5, ""canonical_t"": 5, ""e"": 5, ""kind"": ""2-cyclic-odd"", ""p"": 2}]",CLOSED_EXACT_CYCLIC_PRESENTATION
32,31,7,8,"[{""brown_mod8"": 7, ""canonical_t"": 7, ""e"": 5, ""kind"": ""2-cyclic-odd"", ""p"": 2}]",CLOSED_EXACT_CYCLIC_PRESENTATION
32,33,1,8,"[{""brown_mod8"": 1, ""canonical_t"": 1, ""e"": 5, ""kind"": ""2-cyclic-odd"", ""p"": 2}]",CLOSED_EXACT_CYCLIC_PRESENTATION
32,35,3,8,"[{""brown_mod8"": 3, ""canonical_t"": 3, ""e"": 5, ""kind"": ""2-cyclic-odd"", ""p"": 2}]",CLOSED_EXACT_CYCLIC_PRESENTATION
32,37,5,8,"[{""brown_mod8"": 5, ""canonical_t"": 5, ""e"": 5, ""kind"": ""2-cyclic-odd"", ""p"": 2}]",CLOSED_EXACT_CYCLIC_PRESENTATION
32,39,7,8,"[{""brown_mod8"": 7, ""canonical_t"": 7, ""e"": 5, ""kind"": ""2-cyclic-odd"", ""p"": 2}]",CLOSED_EXACT_CYCLIC_PRESENTATION
32,41,1,8,"[{""brown_mod8"": 1, ""canonical_t"": 1, ""e"": 5, ""kind"": ""2-cyclic-odd"", ""p"": 2}]",CLOSED_EXACT_CYCLIC_PRESENTATION
32,43,3,8,"[{""brown_mod8"": 3, ""canonical_t"": 3, ""e"": 5, ""kind"": ""2-cyclic-odd"", ""p"": 2}]",CLOSED_EXACT_CYCLIC_PRESENTATION
32,45,5,8,"[{""brown_mod8"": 5, ""canonical_t"": 5, ""e"": 5, ""kind"": ""2-cyclic-odd"", ""p"": 2}]",CLOSED_EXACT_CYCLIC_PRESENTATION
32,47,7,8,"[{""brown_mod8"": 7, ""canonical_t"": 7, ""e"": 5, ""kind"": ""2-cyclic-odd"", ""p"": 2}]",CLOSED_EXACT_CYCLIC_PRESENTATION
32,49,1,8,"[{""brown_mod8"": 1, ""canonical_t"": 1, ""e"": 5, ""kind"": ""2-cyclic-odd"", ""p"": 2}]",CLOSED_EXACT_CYCLIC_PRESENTATION
32,51,3,8,"[{""brown_mod8"": 3, ""canonical_t"": 3, ""e"": 5, ""kind"": ""2-cyclic-odd"", ""p"": 2}]",CLOSED_EXACT_CYCLIC_PRESENTATION
32,53,5,8,"[{""brown_mod8"": 5, ""canonical_t"": 5, ""e"": 5, ""kind"": ""2-cyclic-odd"", ""p"": 2}]",CLOSED_EXACT_CYCLIC_PRESENTATION
32,55,7,8,"[{""brown_mod8"": 7, ""canonical_t"": 7, ""e"": 5, ""kind"": ""2-cyclic-odd"", ""p"": 2}]",CLOSED_EXACT_CYCLIC_PRESENTATION
32,57,1,8,"[{""brown_mod8"": 1, ""canonical_t"": 1, ""e"": 5, ""kind"": ""2-cyclic-odd"", ""p"": 2}]",CLOSED_EXACT_CYCLIC_PRESENTATION
32,59,3,8,"[{""brown_mod8"": 3, ""canonical_t"": 3, ""e"": 5, ""kind"": ""2-cyclic-odd"", ""p"": 2}]",CLOSED_EXACT_CYCLIC_PRESENTATION
32,61,5,8,"[{""brown_mod8"": 5, ""canonical_t"": 5, ""e"": 5, ""kind"": ""2-cyclic-odd"", ""p"": 2}]",CLOSED_EXACT_CYCLIC_PRESENTATION
32,63,7,8,"[{""brown_mod8"": 7, ""canonical_t"": 7, ""e"": 5, ""kind"": ""2-cyclic-odd"", ""p"": 2}]",CLOSED_EXACT_CYCLIC_PRESENTATION
33,1,1,5,"[{""canonical_t"": 1, ""e"": 1, ""kind"": ""odd-cyclic"", ""legendre"": 1, ""p"": 3}, {""canonical_t"": 1, ""e"": 1, ""kind"": ""odd-cyclic"", ""legendre"": 1, ""p"": 11}]",CLOSED_EXACT_CYCLIC_PRESENTATION
33,5,5,5,"[{""canonical_t"": 2, ""e"": 1, ""kind"": ""odd-cyclic"", ""legendre"": -1, ""p"": 3}, {""canonical_t"": 1, ""e"": 1, ""kind"": ""odd-cyclic"", ""legendre"": 1, ""p"": 11}]",CLOSED_EXACT_CYCLIC_PRESENTATION
33,7,7,5,"[{""canonical_t"": 1, ""e"": 1, ""kind"": ""odd-cyclic"", ""legendre"": 1, ""p"": 3}, {""canonical_t"": 2, ""e"": 1, ""kind"": ""odd-cyclic"", ""legendre"": -1, ""p"": 11}]",CLOSED_EXACT_CYCLIC_PRESENTATION
33,13,7,5,"[{""canonical_t"": 1, ""e"": 1, ""kind"": ""odd-cyclic"", ""legendre"": 1, ""p"": 3}, {""canonical_t"": 2, ""e"": 1, ""kind"": ""odd-cyclic"", ""legendre"": -1, ""p"": 11}]",CLOSED_EXACT_CYCLIC_PRESENTATION
33,17,17,5,"[{""canonical_t"": 2, ""e"": 1, ""kind"": ""odd-cyclic"", ""legendre"": -1, ""p"": 3}, {""canonical_t"": 2, ""e"": 1, ""kind"": ""odd-cyclic"", ""legendre"": -1, ""p"": 11}]",CLOSED_EXACT_CYCLIC_PRESENTATION
33,19,7,5,"[{""canonical_t"": 1, ""e"": 1, ""kind"": ""odd-cyclic"", ""legendre"": 1, ""p"": 3}, {""canonical_t"": 2, ""e"": 1, ""kind"": ""odd-cyclic"", ""legendre"": -1, ""p"": 11}]",CLOSED_EXACT_CYCLIC_PRESENTATION
33,23,5,5,"[{""canonical_t"": 2, ""e"": 1, ""kind"": ""odd-cyclic"", ""legendre"": -1, ""p"": 3}, {""canonical_t"": 1, ""e"": 1, ""kind"": ""odd-cyclic"", ""legendre"": 1, ""p"": 11}]",CLOSED_EXACT_CYCLIC_PRESENTATION
33,25,1,5,"[{""canonical_t"": 1, ""e"": 1, ""kind"": ""odd-cyclic"", ""legendre"": 1, ""p"": 3}, {""canonical_t"": 1, ""e"": 1, ""kind"": ""odd-cyclic"", ""legendre"": 1, ""p"": 11}]",CLOSED_EXACT_CYCLIC_PRESENTATION
33,29,17,5,"[{""canonical_t"": 2, ""e"": 1, ""kind"": ""odd-cyclic"", ""legendre"": -1, ""p"": 3}, {""canonical_t"": 2, ""e"": 1, ""kind"": ""odd-cyclic"", ""legendre"": -1, ""p"": 11}]",CLOSED_EXACT_CYCLIC_PRESENTATION
33,31,1,5,"[{""canonical_t"": 1, ""e"": 1, ""kind"": ""odd-cyclic"", ""legendre"": 1, ""p"": 3}, {""canonical_t"": 1, ""e"": 1, ""kind"": ""odd-cyclic"", ""legendre"": 1, ""p"": 11}]",CLOSED_EXACT_CYCLIC_PRESENTATION
33,35,17,5,"[{""canonical_t"": 2, ""e"": 1, ""kind"": ""odd-cyclic"", ""legendre"": -1, ""p"": 3}, {""canonical_t"": 2, ""e"": 1, ""kind"": ""odd-cyclic"", ""legendre"": -1, ""p"": 11}]",CLOSED_EXACT_CYCLIC_PRESENTATION
33,37,1,5,"[{""canonical_t"": 1, ""e"": 1, ""kind"": ""odd-cyclic"", ""legendre"": 1, ""p"": 3}, {""canonical_t"": 1, ""e"": 1, ""kind"": ""odd-cyclic"", ""legendre"": 1, ""p"": 11}]",CLOSED_EXACT_CYCLIC_PRESENTATION
33,41,17,5,"[{""canonical_t"": 2, ""e"": 1, ""kind"": ""odd-cyclic"", ""legendre"": -1, ""p"": 3}, {""canonical_t"": 2, ""e"": 1, ""kind"": ""odd-cyclic"", ""legendre"": -1, ""p"": 11}]",CLOSED_EXACT_CYCLIC_PRESENTATION
33,43,7,5,"[{""canonical_t"": 1, ""e"": 1, ""kind"": ""odd-cyclic"", ""legendre"": 1, ""p"": 3}, {""canonical_t"": 2, ""e"": 1, ""kind"": ""odd-cyclic"", ""legendre"": -1, ""p"": 11}]",CLOSED_EXACT_CYCLIC_PRESENTATION
33,47,5,5,"[{""canonical_t"": 2, ""e"": 1, ""kind"": ""odd-cyclic"", ""legendre"": -1, ""p"": 3}, {""canonical_t"": 1, ""e"": 1, ""kind"": ""odd-cyclic"", ""legendre"": 1, ""p"": 11}]",CLOSED_EXACT_CYCLIC_PRESENTATION
33,49,1,5,"[{""canonical_t"": 1, ""e"": 1, ""kind"": ""odd-cyclic"", ""legendre"": 1, ""p"": 3}, {""canonical_t"": 1, ""e"": 1, ""kind"": ""odd-cyclic"", ""legendre"": 1, ""p"": 11}]",CLOSED_EXACT_CYCLIC_PRESENTATION
33,53,5,5,"[{""canonical_t"": 2, ""e"": 1, ""kind"": ""odd-cyclic"", ""legendre"": -1, ""p"": 3}, {""canonical_t"": 1, ""e"": 1, ""kind"": ""odd-cyclic"", ""legendre"": 1, ""p"": 11}]",CLOSED_EXACT_CYCLIC_PRESENTATION
33,59,5,5,"[{""canonical_t"": 2, ""e"": 1, ""kind"": ""odd-cyclic"", ""legendre"": -1, ""p"": 3}, {""canonical_t"": 1, ""e"": 1, ""kind"": ""odd-cyclic"", ""legendre"": 1, ""p"": 11}]",CLOSED_EXACT_CYCLIC_PRESENTATION
33,61,7,5,"[{""canonical_t"": 1, ""e"": 1, ""kind"": ""odd-cyclic"", ""legendre"": 1, ""p"": 3}, {""canonical_t"": 2, ""e"": 1, ""kind"": ""odd-cyclic"", ""legendre"": -1, ""p"": 11}]",CLOSED_EXACT_CYCLIC_PRESENTATION
33,65,17,5,"[{""canonical_t"": 2, ""e"": 1, ""kind"": ""odd-cyclic"", ""legendre"": -1, ""p"": 3}, {""canonical_t"": 2, ""e"": 1, ""kind"": ""odd-cyclic"", ""legendre"": -1, ""p"": 11}]",CLOSED_EXACT_CYCLIC_PRESENTATION
34,1,1,8,"[{""brown_mod8"": 1, ""canonical_t"": 1, ""e"": 1, ""kind"": ""2-cyclic-odd"", ""p"": 2}, {""canonical_t"": 1, ""e"": 1, ""kind"": ""odd-cyclic"", ""legendre"": 1, ""p"": 17}]",CLOSED_EXACT_CYCLIC_PRESENTATION
34,3,3,8,"[{""brown_mod8"": 3, ""canonical_t"": 3, ""e"": 1, ""kind"": ""2-cyclic-odd"", ""p"": 2}, {""canonical_t"": 3, ""e"": 1, ""kind"": ""odd-cyclic"", ""legendre"": -1, ""p"": 17}]",CLOSED_EXACT_CYCLIC_PRESENTATION
34,5,5,8,"[{""brown_mod8"": 1, ""canonical_t"": 1, ""e"": 1, ""kind"": ""2-cyclic-odd"", ""p"": 2}, {""canonical_t"": 3, ""e"": 1, ""kind"": ""odd-cyclic"", ""legendre"": -1, ""p"": 17}]",CLOSED_EXACT_CYCLIC_PRESENTATION
34,7,3,8,"[{""brown_mod8"": 3, ""canonical_t"": 3, ""e"": 1, ""kind"": ""2-cyclic-odd"", ""p"": 2}, {""canonical_t"": 3, ""e"": 1, ""kind"": ""odd-cyclic"", ""legendre"": -1, ""p"": 17}]",CLOSED_EXACT_CYCLIC_PRESENTATION
34,9,1,8,"[{""brown_mod8"": 1, ""canonical_t"": 1, ""e"": 1, ""kind"": ""2-cyclic-odd"", ""p"": 2}, {""canonical_t"": 1, ""e"": 1, ""kind"": ""odd-cyclic"", ""legendre"": 1, ""p"": 17}]",CLOSED_EXACT_CYCLIC_PRESENTATION
34,11,3,8,"[{""brown_mod8"": 3, ""canonical_t"": 3, ""e"": 1, ""kind"": ""2-cyclic-odd"", ""p"": 2}, {""canonical_t"": 3, ""e"": 1, ""kind"": ""odd-cyclic"", ""legendre"": -1, ""p"": 17}]",CLOSED_EXACT_CYCLIC_PRESENTATION
34,13,1,8,"[{""brown_mod8"": 1, ""canonical_t"": 1, ""e"": 1, ""kind"": ""2-cyclic-odd"", ""p"": 2}, {""canonical_t"": 1, ""e"": 1, ""kind"": ""odd-cyclic"", ""legendre"": 1, ""p"": 17}]",CLOSED_EXACT_CYCLIC_PRESENTATION
34,15,15,8,"[{""brown_mod8"": 3, ""canonical_t"": 3, ""e"": 1, ""kind"": ""2-cyclic-odd"", ""p"": 2}, {""canonical_t"": 1, ""e"": 1, ""kind"": ""odd-cyclic"", ""legendre"": 1, ""p"": 17}]",CLOSED_EXACT_CYCLIC_PRESENTATION
34,19,15,8,"[{""brown_mod8"": 3, ""canonical_t"": 3, ""e"": 1, ""kind"": ""2-cyclic-odd"", ""p"": 2}, {""canonical_t"": 1, ""e"": 1, ""kind"": ""odd-cyclic"", ""legendre"": 1, ""p"": 17}]",CLOSED_EXACT_CYCLIC_PRESENTATION
34,21,1,8,"[{""brown_mod8"": 1, ""canonical_t"": 1, ""e"": 1, ""kind"": ""2-cyclic-odd"", ""p"": 2}, {""canonical_t"": 1, ""e"": 1, ""kind"": ""odd-cyclic"", ""legendre"": 1, ""p"": 17}]",CLOSED_EXACT_CYCLIC_PRESENTATION
34,23,3,8,"[{""brown_mod8"": 3, ""canonical_t"": 3, ""e"": 1, ""kind"": ""2-cyclic-odd"", ""p"": 2}, {""canonical_t"": 3, ""e"": 1, ""kind"": ""odd-cyclic"", ""legendre"": -1, ""p"": 17}]",CLOSED_EXACT_CYCLIC_PRESENTATION
34,25,1,8,"[{""brown_mod8"": 1, ""canonical_t"": 1, ""e"": 1, ""kind"": ""2-cyclic-odd"", ""p"": 2}, {""canonical_t"": 1, ""e"": 1, ""kind"": ""odd-cyclic"", ""legendre"": 1, ""p"": 17}]",CLOSED_EXACT_CYCLIC_PRESENTATION
34,27,3,8,"[{""brown_mod8"": 3, ""canonical_t"": 3, ""e"": 1, ""kind"": ""2-cyclic-odd"", ""p"": 2}, {""canonical_t"": 3, ""e"": 1, ""kind"": ""odd-cyclic"", ""legendre"": -1, ""p"": 17}]",CLOSED_EXACT_CYCLIC_PRESENTATION
34,29,5,8,"[{""brown_mod8"": 1, ""canonical_t"": 1, ""e"": 1, ""kind"": ""2-cyclic-odd"", ""p"": 2}, {""canonical_t"": 3, ""e"": 1, ""kind"": ""odd-cyclic"", ""legendre"": -1, ""p"": 17}]",CLOSED_EXACT_CYCLIC_PRESENTATION
34,31,3,8,"[{""brown_mod8"": 3, ""canonical_t"": 3, ""e"": 1, ""kind"": ""2-cyclic-odd"", ""p"": 2}, {""canonical_t"": 3, ""e"": 1, ""kind"": ""odd-cyclic"", ""legendre"": -1, ""p"": 17}]",CLOSED_EXACT_CYCLIC_PRESENTATION
34,33,1,8,"[{""brown_mod8"": 1, ""canonical_t"": 1, ""e"": 1, ""kind"": ""2-cyclic-odd"", ""p"": 2}, {""canonical_t"": 1, ""e"": 1, ""kind"": ""odd-cyclic"", ""legendre"": 1, ""p"": 17}]",CLOSED_EXACT_CYCLIC_PRESENTATION
34,35,15,8,"[{""brown_mod8"": 3, ""canonical_t"": 3, ""e"": 1, ""kind"": ""2-cyclic-odd"", ""p"": 2}, {""canonical_t"": 1, ""e"": 1, ""kind"": ""odd-cyclic"", ""legendre"": 1, ""p"": 17}]",CLOSED_EXACT_CYCLIC_PRESENTATION
34,37,5,8,"[{""brown_mod8"": 1, ""canonical_t"": 1, ""e"": 1, ""kind"": ""2-cyclic-odd"", ""p"": 2}, {""canonical_t"": 3, ""e"": 1, ""kind"": ""odd-cyclic"", ""legendre"": -1, ""p"": 17}]",CLOSED_EXACT_CYCLIC_PRESENTATION
34,39,3,8,"[{""brown_mod8"": 3, ""canonical_t"": 3, ""e"": 1, ""kind"": ""2-cyclic-odd"", ""p"": 2}, {""canonical_t"": 3, ""e"": 1, ""kind"": ""odd-cyclic"", ""legendre"": -1, ""p"": 17}]",CLOSED_EXACT_CYCLIC_PRESENTATION
34,41,5,8,"[{""brown_mod8"": 1, ""canonical_t"": 1, ""e"": 1, ""kind"": ""2-cyclic-odd"", ""p"": 2}, {""canonical_t"": 3, ""e"": 1, ""kind"": ""odd-cyclic"", ""legendre"": -1, ""p"": 17}]",CLOSED_EXACT_CYCLIC_PRESENTATION
34,43,15,8,"[{""brown_mod8"": 3, ""canonical_t"": 3, ""e"": 1, ""kind"": ""2-cyclic-odd"", ""p"": 2}, {""canonical_t"": 1, ""e"": 1, ""kind"": ""odd-cyclic"", ""legendre"": 1, ""p"": 17}]",CLOSED_EXACT_CYCLIC_PRESENTATION
34,45,5,8,"[{""brown_mod8"": 1, ""canonical_t"": 1, ""e"": 1, ""kind"": ""2-cyclic-odd"", ""p"": 2}, {""canonical_t"": 3, ""e"": 1, ""kind"": ""odd-cyclic"", ""legendre"": -1, ""p"": 17}]",CLOSED_EXACT_CYCLIC_PRESENTATION
34,47,15,8,"[{""brown_mod8"": 3, ""canonical_t"": 3, ""e"": 1, ""kind"": ""2-cyclic-odd"", ""p"": 2}, {""canonical_t"": 1, ""e"": 1, ""kind"": ""odd-cyclic"", ""legendre"": 1, ""p"": 17}]",CLOSED_EXACT_CYCLIC_PRESENTATION
34,49,1,8,"[{""brown_mod8"": 1, ""canonical_t"": 1, ""e"": 1, ""kind"": ""2-cyclic-odd"", ""p"": 2}, {""canonical_t"": 1, ""e"": 1, ""kind"": ""odd-cyclic"", ""legendre"": 1, ""p"": 17}]",CLOSED_EXACT_CYCLIC_PRESENTATION
34,53,1,8,"[{""brown_mod8"": 1, ""canonical_t"": 1, ""e"": 1, ""kind"": ""2-cyclic-odd"", ""p"": 2}, {""canonical_t"": 1, ""e"": 1, ""kind"": ""odd-cyclic"", ""legendre"": 1, ""p"": 17}]",CLOSED_EXACT_CYCLIC_PRESENTATION
34,55,15,8,"[{""brown_mod8"": 3, ""canonical_t"": 3, ""e"": 1, ""kind"": ""2-cyclic-odd"", ""p"": 2}, {""canonical_t"": 1, ""e"": 1, ""kind"": ""odd-cyclic"", ""legendre"": 1, ""p"": 17}]",CLOSED_EXACT_CYCLIC_PRESENTATION
34,57,5,8,"[{""brown_mod8"": 1, ""canonical_t"": 1, ""e"": 1, ""kind"": ""2-cyclic-odd"", ""p"": 2}, {""canonical_t"": 3, ""e"": 1, ""kind"": ""odd-cyclic"", ""legendre"": -1, ""p"": 17}]",CLOSED_EXACT_CYCLIC_PRESENTATION
34,59,15,8,"[{""brown_mod8"": 3, ""canonical_t"": 3, ""e"": 1, ""kind"": ""2-cyclic-odd"", ""p"": 2}, {""canonical_t"": 1, ""e"": 1, ""kind"": ""odd-cyclic"", ""legendre"": 1, ""p"": 17}]",CLOSED_EXACT_CYCLIC_PRESENTATION
34,61,5,8,"[{""brown_mod8"": 1, ""canonical_t"": 1, ""e"": 1, ""kind"": ""2-cyclic-odd"", ""p"": 2}, {""canonical_t"": 3, ""e"": 1, ""kind"": ""odd-cyclic"", ""legendre"": -1, ""p"": 17}]",CLOSED_EXACT_CYCLIC_PRESENTATION
34,63,3,8,"[{""brown_mod8"": 3, ""canonical_t"": 3, ""e"": 1, ""kind"": ""2-cyclic-odd"", ""p"": 2}, {""canonical_t"": 3, ""e"": 1, ""kind"": ""odd-cyclic"", ""legendre"": -1, ""p"": 17}]",CLOSED_EXACT_CYCLIC_PRESENTATION
34,65,5,8,"[{""brown_mod8"": 1, ""canonical_t"": 1, ""e"": 1, ""kind"": ""2-cyclic-odd"", ""p"": 2}, {""canonical_t"": 3, ""e"": 1, ""kind"": ""odd-cyclic"", ""legendre"": -1, ""p"": 17}]",CLOSED_EXACT_CYCLIC_PRESENTATION
34,67,15,8,"[{""brown_mod8"": 3, ""canonical_t"": 3, ""e"": 1, ""kind"": ""2-cyclic-odd"", ""p"": 2}, {""canonical_t"": 1, ""e"": 1, ""kind"": ""odd-cyclic"", ""legendre"": 1, ""p"": 17}]",CLOSED_EXACT_CYCLIC_PRESENTATION
35,1,1,6,"[{""canonical_t"": 1, ""e"": 1, ""kind"": ""odd-cyclic"", ""legendre"": 1, ""p"": 5}, {""canonical_t"": 1, ""e"": 1, ""kind"": ""odd-cyclic"", ""legendre"": 1, ""p"": 7}]",CLOSED_EXACT_CYCLIC_PRESENTATION
35,3,3,6,"[{""canonical_t"": 2, ""e"": 1, ""kind"": ""odd-cyclic"", ""legendre"": -1, ""p"": 5}, {""canonical_t"": 3, ""e"": 1, ""kind"": ""odd-cyclic"", ""legendre"": -1, ""p"": 7}]",CLOSED_EXACT_CYCLIC_PRESENTATION
35,9,1,6,"[{""canonical_t"": 1, ""e"": 1, ""kind"": ""odd-cyclic"", ""legendre"": 1, ""p"": 5}, {""canonical_t"": 1, ""e"": 1, ""kind"": ""odd-cyclic"", ""legendre"": 1, ""p"": 7}]",CLOSED_EXACT_CYCLIC_PRESENTATION
35,11,1,6,"[{""canonical_t"": 1, ""e"": 1, ""kind"": ""odd-cyclic"", ""legendre"": 1, ""p"": 5}, {""canonical_t"": 1, ""e"": 1, ""kind"": ""odd-cyclic"", ""legendre"": 1, ""p"": 7}]",CLOSED_EXACT_CYCLIC_PRESENTATION
35,13,3,6,"[{""canonical_t"": 2, ""e"": 1, ""kind"": ""odd-cyclic"", ""legendre"": -1, ""p"": 5}, {""canonical_t"": 3, ""e"": 1, ""kind"": ""odd-cyclic"", ""legendre"": -1, ""p"": 7}]",CLOSED_EXACT_CYCLIC_PRESENTATION
35,17,3,6,"[{""canonical_t"": 2, ""e"": 1, ""kind"": ""odd-cyclic"", ""legendre"": -1, ""p"": 5}, {""canonical_t"": 3, ""e"": 1, ""kind"": ""odd-cyclic"", ""legendre"": -1, ""p"": 7}]",CLOSED_EXACT_CYCLIC_PRESENTATION
35,19,19,6,"[{""canonical_t"": 1, ""e"": 1, ""kind"": ""odd-cyclic"", ""legendre"": 1, ""p"": 5}, {""canonical_t"": 3, ""e"": 1, ""kind"": ""odd-cyclic"", ""legendre"": -1, ""p"": 7}]",CLOSED_EXACT_CYCLIC_PRESENTATION
35,23,23,6,"[{""canonical_t"": 2, ""e"": 1, ""kind"": ""odd-cyclic"", ""legendre"": -1, ""p"": 5}, {""canonical_t"": 1, ""e"": 1, ""kind"": ""odd-cyclic"", ""legendre"": 1, ""p"": 7}]",CLOSED_EXACT_CYCLIC_PRESENTATION
35,27,3,6,"[{""canonical_t"": 2, ""e"": 1, ""kind"": ""odd-cyclic"", ""legendre"": -1, ""p"": 5}, {""canonical_t"": 3, ""e"": 1, ""kind"": ""odd-cyclic"", ""legendre"": -1, ""p"": 7}]",CLOSED_EXACT_CYCLIC_PRESENTATION
35,29,1,6,"[{""canonical_t"": 1, ""e"": 1, ""kind"": ""odd-cyclic"", ""legendre"": 1, ""p"": 5}, {""canonical_t"": 1, ""e"": 1, ""kind"": ""odd-cyclic"", ""legendre"": 1, ""p"": 7}]",CLOSED_EXACT_CYCLIC_PRESENTATION
35,31,19,6,"[{""canonical_t"": 1, ""e"": 1, ""kind"": ""odd-cyclic"", ""legendre"": 1, ""p"": 5}, {""canonical_t"": 3, ""e"": 1, ""kind"": ""odd-cyclic"", ""legendre"": -1, ""p"": 7}]",CLOSED_EXACT_CYCLIC_PRESENTATION
35,33,3,6,"[{""canonical_t"": 2, ""e"": 1, ""kind"": ""odd-cyclic"", ""legendre"": -1, ""p"": 5}, {""canonical_t"": 3, ""e"": 1, ""kind"": ""odd-cyclic"", ""legendre"": -1, ""p"": 7}]",CLOSED_EXACT_CYCLIC_PRESENTATION
35,37,23,6,"[{""canonical_t"": 2, ""e"": 1, ""kind"": ""odd-cyclic"", ""legendre"": -1, ""p"": 5}, {""canonical_t"": 1, ""e"": 1, ""kind"": ""odd-cyclic"", ""legendre"": 1, ""p"": 7}]",CLOSED_EXACT_CYCLIC_PRESENTATION
35,39,1,6,"[{""canonical_t"": 1, ""e"": 1, ""kind"": ""odd-cyclic"", ""legendre"": 1, ""p"": 5}, {""canonical_t"": 1, ""e"": 1, ""kind"": ""odd-cyclic"", ""legendre"": 1, ""p"": 7}]",CLOSED_EXACT_CYCLIC_PRESENTATION
35,41,19,6,"[{""canonical_t"": 1, ""e"": 1, ""kind"": ""odd-cyclic"", ""legendre"": 1, ""p"": 5}, {""canonical_t"": 3, ""e"": 1, ""kind"": ""odd-cyclic"", ""legendre"": -1, ""p"": 7}]",CLOSED_EXACT_CYCLIC_PRESENTATION
35,43,23,6,"[{""canonical_t"": 2, ""e"": 1, ""kind"": ""odd-cyclic"", ""legendre"": -1, ""p"": 5}, {""canonical_t"": 1, ""e"": 1, ""kind"": ""odd-cyclic"", ""legendre"": 1, ""p"": 7}]",CLOSED_EXACT_CYCLIC_PRESENTATION
35,47,3,6,"[{""canonical_t"": 2, ""e"": 1, ""kind"": ""odd-cyclic"", ""legendre"": -1, ""p"": 5}, {""canonical_t"": 3, ""e"": 1, ""kind"": ""odd-cyclic"", ""legendre"": -1, ""p"": 7}]",CLOSED_EXACT_CYCLIC_PRESENTATION
35,51,1,6,"[{""canonical_t"": 1, ""e"": 1, ""kind"": ""odd-cyclic"", ""legendre"": 1, ""p"": 5}, {""canonical_t"": 1, ""e"": 1, ""kind"": ""odd-cyclic"", ""legendre"": 1, ""p"": 7}]",CLOSED_EXACT_CYCLIC_PRESENTATION
35,53,23,6,"[{""canonical_t"": 2, ""e"": 1, ""kind"": ""odd-cyclic"", ""legendre"": -1, ""p"": 5}, {""canonical_t"": 1, ""e"": 1, ""kind"": ""odd-cyclic"", ""legendre"": 1, ""p"": 7}]",CLOSED_EXACT_CYCLIC_PRESENTATION
35,57,23,6,"[{""canonical_t"": 2, ""e"": 1, ""kind"": ""odd-cyclic"", ""legendre"": -1, ""p"": 5}, {""canonical_t"": 1, ""e"": 1, ""kind"": ""odd-cyclic"", ""legendre"": 1, ""p"": 7}]",CLOSED_EXACT_CYCLIC_PRESENTATION
35,59,19,6,"[{""canonical_t"": 1, ""e"": 1, ""kind"": ""odd-cyclic"", ""legendre"": 1, ""p"": 5}, {""canonical_t"": 3, ""e"": 1, ""kind"": ""odd-cyclic"", ""legendre"": -1, ""p"": 7}]",CLOSED_EXACT_CYCLIC_PRESENTATION
35,61,19,6,"[{""canonical_t"": 1, ""e"": 1, ""kind"": ""odd-cyclic"", ""legendre"": 1, ""p"": 5}, {""canonical_t"": 3, ""e"": 1, ""kind"": ""odd-cyclic"", ""legendre"": -1, ""p"": 7}]",CLOSED_EXACT_CYCLIC_PRESENTATION
35,67,23,6,"[{""canonical_t"": 2, ""e"": 1, ""kind"": ""odd-cyclic"", ""legendre"": -1, ""p"": 5}, {""canonical_t"": 1, ""e"": 1, ""kind"": ""odd-cyclic"", ""legendre"": 1, ""p"": 7}]",CLOSED_EXACT_CYCLIC_PRESENTATION
35,69,19,6,"[{""canonical_t"": 1, ""e"": 1, ""kind"": ""odd-cyclic"", ""legendre"": 1, ""p"": 5}, {""canonical_t"": 3, ""e"": 1, ""kind"": ""odd-cyclic"", ""legendre"": -1, ""p"": 7}]",CLOSED_EXACT_CYCLIC_PRESENTATION
36,1,1,3,"[{""brown_mod8"": 1, ""canonical_t"": 1, ""e"": 2, ""kind"": ""2-cyclic-odd"", ""p"": 2}, {""canonical_t"": 1, ""e"": 2, ""kind"": ""odd-cyclic"", ""legendre"": 1, ""p"": 3}]",CLOSED_EXACT_CYCLIC_PRESENTATION
36,5,5,3,"[{""brown_mod8"": 5, ""canonical_t"": 5, ""e"": 2, ""kind"": ""2-cyclic-odd"", ""p"": 2}, {""canonical_t"": 2, ""e"": 2, ""kind"": ""odd-cyclic"", ""legendre"": -1, ""p"": 3}]",CLOSED_EXACT_CYCLIC_PRESENTATION
36,7,7,3,"[{""brown_mod8"": 7, ""canonical_t"": 7, ""e"": 2, ""kind"": ""2-cyclic-odd"", ""p"": 2}, {""canonical_t"": 1, ""e"": 2, ""kind"": ""odd-cyclic"", ""legendre"": 1, ""p"": 3}]",CLOSED_EXACT_CYCLIC_PRESENTATION
36,11,11,3,"[{""brown_mod8"": 3, ""canonical_t"": 3, ""e"": 2, ""kind"": ""2-cyclic-odd"", ""p"": 2}, {""canonical_t"": 2, ""e"": 2, ""kind"": ""odd-cyclic"", ""legendre"": -1, ""p"": 3}]",CLOSED_EXACT_CYCLIC_PRESENTATION
36,13,13,3,"[{""brown_mod8"": 5, ""canonical_t"": 5, ""e"": 2, ""kind"": ""2-cyclic-odd"", ""p"": 2}, {""canonical_t"": 1, ""e"": 2, ""kind"": ""odd-cyclic"", ""legendre"": 1, ""p"": 3}]",CLOSED_EXACT_CYCLIC_PRESENTATION
36,17,17,3,"[{""brown_mod8"": 1, ""canonical_t"": 1, ""e"": 2, ""kind"": ""2-cyclic-odd"", ""p"": 2}, {""canonical_t"": 2, ""e"": 2, ""kind"": ""odd-cyclic"", ""legendre"": -1, ""p"": 3}]",CLOSED_EXACT_CYCLIC_PRESENTATION
36,19,19,3,"[{""brown_mod8"": 3, ""canonical_t"": 3, ""e"": 2, ""kind"": ""2-cyclic-odd"", ""p"": 2}, {""canonical_t"": 1, ""e"": 2, ""kind"": ""odd-cyclic"", ""legendre"": 1, ""p"": 3}]",CLOSED_EXACT_CYCLIC_PRESENTATION
36,23,23,3,"[{""brown_mod8"": 7, ""canonical_t"": 7, ""e"": 2, ""kind"": ""2-cyclic-odd"", ""p"": 2}, {""canonical_t"": 2, ""e"": 2, ""kind"": ""odd-cyclic"", ""legendre"": -1, ""p"": 3}]",CLOSED_EXACT_CYCLIC_PRESENTATION
36,25,1,3,"[{""brown_mod8"": 1, ""canonical_t"": 1, ""e"": 2, ""kind"": ""2-cyclic-odd"", ""p"": 2}, {""canonical_t"": 1, ""e"": 2, ""kind"": ""odd-cyclic"", ""legendre"": 1, ""p"": 3}]",CLOSED_EXACT_CYCLIC_PRESENTATION
36,29,5,3,"[{""brown_mod8"": 5, ""canonical_t"": 5, ""e"": 2, ""kind"": ""2-cyclic-odd"", ""p"": 2}, {""canonical_t"": 2, ""e"": 2, ""kind"": ""odd-cyclic"", ""legendre"": -1, ""p"": 3}]",CLOSED_EXACT_CYCLIC_PRESENTATION
36,31,7,3,"[{""brown_mod8"": 7, ""canonical_t"": 7, ""e"": 2, ""kind"": ""2-cyclic-odd"", ""p"": 2}, {""canonical_t"": 1, ""e"": 2, ""kind"": ""odd-cyclic"", ""legendre"": 1, ""p"": 3}]",CLOSED_EXACT_CYCLIC_PRESENTATION
36,35,11,3,"[{""brown_mod8"": 3, ""canonical_t"": 3, ""e"": 2, ""kind"": ""2-cyclic-odd"", ""p"": 2}, {""canonical_t"": 2, ""e"": 2, ""kind"": ""odd-cyclic"", ""legendre"": -1, ""p"": 3}]",CLOSED_EXACT_CYCLIC_PRESENTATION
36,37,13,3,"[{""brown_mod8"": 5, ""canonical_t"": 5, ""e"": 2, ""kind"": ""2-cyclic-odd"", ""p"": 2}, {""canonical_t"": 1, ""e"": 2, ""kind"": ""odd-cyclic"", ""legendre"": 1, ""p"": 3}]",CLOSED_EXACT_CYCLIC_PRESENTATION
36,41,17,3,"[{""brown_mod8"": 1, ""canonical_t"": 1, ""e"": 2, ""kind"": ""2-cyclic-odd"", ""p"": 2}, {""canonical_t"": 2, ""e"": 2, ""kind"": ""odd-cyclic"", ""legendre"": -1, ""p"": 3}]",CLOSED_EXACT_CYCLIC_PRESENTATION
36,43,19,3,"[{""brown_mod8"": 3, ""canonical_t"": 3, ""e"": 2, ""kind"": ""2-cyclic-odd"", ""p"": 2}, {""canonical_t"": 1, ""e"": 2, ""kind"": ""odd-cyclic"", ""legendre"": 1, ""p"": 3}]",CLOSED_EXACT_CYCLIC_PRESENTATION
36,47,23,3,"[{""brown_mod8"": 7, ""canonical_t"": 7, ""e"": 2, ""kind"": ""2-cyclic-odd"", ""p"": 2}, {""canonical_t"": 2, ""e"": 2, ""kind"": ""odd-cyclic"", ""legendre"": -1, ""p"": 3}]",CLOSED_EXACT_CYCLIC_PRESENTATION
36,49,1,3,"[{""brown_mod8"": 1, ""canonical_t"": 1, ""e"": 2, ""kind"": ""2-cyclic-odd"", ""p"": 2}, {""canonical_t"": 1, ""e"": 2, ""kind"": ""odd-cyclic"", ""legendre"": 1, ""p"": 3}]",CLOSED_EXACT_CYCLIC_PRESENTATION
36,53,5,3,"[{""brown_mod8"": 5, ""canonical_t"": 5, ""e"": 2, ""kind"": ""2-cyclic-odd"", ""p"": 2}, {""canonical_t"": 2, ""e"": 2, ""kind"": ""odd-cyclic"", ""legendre"": -1, ""p"": 3}]",CLOSED_EXACT_CYCLIC_PRESENTATION
36,55,7,3,"[{""brown_mod8"": 7, ""canonical_t"": 7, ""e"": 2, ""kind"": ""2-cyclic-odd"", ""p"": 2}, {""canonical_t"": 1, ""e"": 2, ""kind"": ""odd-cyclic"", ""legendre"": 1, ""p"": 3}]",CLOSED_EXACT_CYCLIC_PRESENTATION
36,59,11,3,"[{""brown_mod8"": 3, ""canonical_t"": 3, ""e"": 2, ""kind"": ""2-cyclic-odd"", ""p"": 2}, {""canonical_t"": 2, ""e"": 2, ""kind"": ""odd-cyclic"", ""legendre"": -1, ""p"": 3}]",CLOSED_EXACT_CYCLIC_PRESENTATION
36,61,13,3,"[{""brown_mod8"": 5, ""canonical_t"": 5, ""e"": 2, ""kind"": ""2-cyclic-odd"", ""p"": 2}, {""canonical_t"": 1, ""e"": 2, ""kind"": ""odd-cyclic"", ""legendre"": 1, ""p"": 3}]",CLOSED_EXACT_CYCLIC_PRESENTATION
36,65,17,3,"[{""brown_mod8"": 1, ""canonical_t"": 1, ""e"": 2, ""kind"": ""2-cyclic-odd"", ""p"": 2}, {""canonical_t"": 2, ""e"": 2, ""kind"": ""odd-cyclic"", ""legendre"": -1, ""p"": 3}]",CLOSED_EXACT_CYCLIC_PRESENTATION
36,67,19,3,"[{""brown_mod8"": 3, ""canonical_t"": 3, ""e"": 2, ""kind"": ""2-cyclic-odd"", ""p"": 2}, {""canonical_t"": 1, ""e"": 2, ""kind"": ""odd-cyclic"", ""legendre"": 1, ""p"": 3}]",CLOSED_EXACT_CYCLIC_PRESENTATION
36,71,23,3,"[{""brown_mod8"": 7, ""canonical_t"": 7, ""e"": 2, ""kind"": ""2-cyclic-odd"", ""p"": 2}, {""canonical_t"": 2, ""e"": 2, ""kind"": ""odd-cyclic"", ""legendre"": -1, ""p"": 3}]",CLOSED_EXACT_CYCLIC_PRESENTATION
37,1,1,18,"[{""canonical_t"": 1, ""e"": 1, ""kind"": ""odd-cyclic"", ""legendre"": 1, ""p"": 37}]",CLOSED_EXACT_CYCLIC_PRESENTATION
37,3,1,18,"[{""canonical_t"": 1, ""e"": 1, ""kind"": ""odd-cyclic"", ""legendre"": 1, ""p"": 37}]",CLOSED_EXACT_CYCLIC_PRESENTATION
37,5,5,18,"[{""canonical_t"": 2, ""e"": 1, ""kind"": ""odd-cyclic"", ""legendre"": -1, ""p"": 37}]",CLOSED_EXACT_CYCLIC_PRESENTATION
37,7,1,18,"[{""canonical_t"": 1, ""e"": 1, ""kind"": ""odd-cyclic"", ""legendre"": 1, ""p"": 37}]",CLOSED_EXACT_CYCLIC_PRESENTATION
37,9,1,18,"[{""canonical_t"": 1, ""e"": 1, ""kind"": ""odd-cyclic"", ""legendre"": 1, ""p"": 37}]",CLOSED_EXACT_CYCLIC_PRESENTATION
37,11,1,18,"[{""canonical_t"": 1, ""e"": 1, ""kind"": ""odd-cyclic"", ""legendre"": 1, ""p"": 37}]",CLOSED_EXACT_CYCLIC_PRESENTATION
37,13,5,18,"[{""canonical_t"": 2, ""e"": 1, ""kind"": ""odd-cyclic"", ""legendre"": -1, ""p"": 37}]",CLOSED_EXACT_CYCLIC_PRESENTATION
37,15,5,18,"[{""canonical_t"": 2, ""e"": 1, ""kind"": ""odd-cyclic"", ""legendre"": -1, ""p"": 37}]",CLOSED_EXACT_CYCLIC_PRESENTATION
37,17,5,18,"[{""canonical_t"": 2, ""e"": 1, ""kind"": ""odd-cyclic"", ""legendre"": -1, ""p"": 37}]",CLOSED_EXACT_CYCLIC_PRESENTATION
37,19,5,18,"[{""canonical_t"": 2, ""e"": 1, ""kind"": ""odd-cyclic"", ""legendre"": -1, ""p"": 37}]",CLOSED_EXACT_CYCLIC_PRESENTATION
37,21,1,18,"[{""canonical_t"": 1, ""e"": 1, ""kind"": ""odd-cyclic"", ""legendre"": 1, ""p"": 37}]",CLOSED_EXACT_CYCLIC_PRESENTATION
37,23,5,18,"[{""canonical_t"": 2, ""e"": 1, ""kind"": ""odd-cyclic"", ""legendre"": -1, ""p"": 37}]",CLOSED_EXACT_CYCLIC_PRESENTATION
37,25,1,18,"[{""canonical_t"": 1, ""e"": 1, ""kind"": ""odd-cyclic"", ""legendre"": 1, ""p"": 37}]",CLOSED_EXACT_CYCLIC_PRESENTATION
37,27,1,18,"[{""canonical_t"": 1, ""e"": 1, ""kind"": ""odd-cyclic"", ""legendre"": 1, ""p"": 37}]",CLOSED_EXACT_CYCLIC_PRESENTATION
37,29,5,18,"[{""canonical_t"": 2, ""e"": 1, ""kind"": ""odd-cyclic"", ""legendre"": -1, ""p"": 37}]",CLOSED_EXACT_CYCLIC_PRESENTATION
37,31,5,18,"[{""canonical_t"": 2, ""e"": 1, ""kind"": ""odd-cyclic"", ""legendre"": -1, ""p"": 37}]",CLOSED_EXACT_CYCLIC_PRESENTATION
37,33,1,18,"[{""canonical_t"": 1, ""e"": 1, ""kind"": ""odd-cyclic"", ""legendre"": 1, ""p"": 37}]",CLOSED_EXACT_CYCLIC_PRESENTATION
37,35,5,18,"[{""canonical_t"": 2, ""e"": 1, ""kind"": ""odd-cyclic"", ""legendre"": -1, ""p"": 37}]",CLOSED_EXACT_CYCLIC_PRESENTATION
37,39,5,18,"[{""canonical_t"": 2, ""e"": 1, ""kind"": ""odd-cyclic"", ""legendre"": -1, ""p"": 37}]",CLOSED_EXACT_CYCLIC_PRESENTATION
37,41,1,18,"[{""canonical_t"": 1, ""e"": 1, ""kind"": ""odd-cyclic"", ""legendre"": 1, ""p"": 37}]",CLOSED_EXACT_CYCLIC_PRESENTATION
37,43,5,18,"[{""canonical_t"": 2, ""e"": 1, ""kind"": ""odd-cyclic"", ""legendre"": -1, ""p"": 37}]",CLOSED_EXACT_CYCLIC_PRESENTATION
37,45,5,18,"[{""canonical_t"": 2, ""e"": 1, ""kind"": ""odd-cyclic"", ""legendre"": -1, ""p"": 37}]",CLOSED_EXACT_CYCLIC_PRESENTATION
37,47,1,18,"[{""canonical_t"": 1, ""e"": 1, ""kind"": ""odd-cyclic"", ""legendre"": 1, ""p"": 37}]",CLOSED_EXACT_CYCLIC_PRESENTATION
37,49,1,18,"[{""canonical_t"": 1, ""e"": 1, ""kind"": ""odd-cyclic"", ""legendre"": 1, ""p"": 37}]",CLOSED_EXACT_CYCLIC_PRESENTATION
37,51,5,18,"[{""canonical_t"": 2, ""e"": 1, ""kind"": ""odd-cyclic"", ""legendre"": -1, ""p"": 37}]",CLOSED_EXACT_CYCLIC_PRESENTATION
37,53,1,18,"[{""canonical_t"": 1, ""e"": 1, ""kind"": ""odd-cyclic"", ""legendre"": 1, ""p"": 37}]",CLOSED_EXACT_CYCLIC_PRESENTATION
37,55,5,18,"[{""canonical_t"": 2, ""e"": 1, ""kind"": ""odd-cyclic"", ""legendre"": -1, ""p"": 37}]",CLOSED_EXACT_CYCLIC_PRESENTATION
37,57,5,18,"[{""canonical_t"": 2, ""e"": 1, ""kind"": ""odd-cyclic"", ""legendre"": -1, ""p"": 37}]",CLOSED_EXACT_CYCLIC_PRESENTATION
37,59,5,18,"[{""canonical_t"": 2, ""e"": 1, ""kind"": ""odd-cyclic"", ""legendre"": -1, ""p"": 37}]",CLOSED_EXACT_CYCLIC_PRESENTATION
37,61,5,18,"[{""canonical_t"": 2, ""e"": 1, ""kind"": ""odd-cyclic"", ""legendre"": -1, ""p"": 37}]",CLOSED_EXACT_CYCLIC_PRESENTATION
37,63,1,18,"[{""canonical_t"": 1, ""e"": 1, ""kind"": ""odd-cyclic"", ""legendre"": 1, ""p"": 37}]",CLOSED_EXACT_CYCLIC_PRESENTATION
37,65,1,18,"[{""canonical_t"": 1, ""e"": 1, ""kind"": ""odd-cyclic"", ""legendre"": 1, ""p"": 37}]",CLOSED_EXACT_CYCLIC_PRESENTATION
37,67,1,18,"[{""canonical_t"": 1, ""e"": 1, ""kind"": ""odd-cyclic"", ""legendre"": 1, ""p"": 37}]",CLOSED_EXACT_CYCLIC_PRESENTATION
37,69,5,18,"[{""canonical_t"": 2, ""e"": 1, ""kind"": ""odd-cyclic"", ""legendre"": -1, ""p"": 37}]",CLOSED_EXACT_CYCLIC_PRESENTATION
37,71,1,18,"[{""canonical_t"": 1, ""e"": 1, ""kind"": ""odd-cyclic"", ""legendre"": 1, ""p"": 37}]",CLOSED_EXACT_CYCLIC_PRESENTATION
37,73,1,18,"[{""canonical_t"": 1, ""e"": 1, ""kind"": ""odd-cyclic"", ""legendre"": 1, ""p"": 37}]",CLOSED_EXACT_CYCLIC_PRESENTATION
38,1,1,9,"[{""brown_mod8"": 1, ""canonical_t"": 1, ""e"": 1, ""kind"": ""2-cyclic-odd"", ""p"": 2}, {""canonical_t"": 1, ""e"": 1, ""kind"": ""odd-cyclic"", ""legendre"": 1, ""p"": 19}]",CLOSED_EXACT_CYCLIC_PRESENTATION
38,3,3,9,"[{""brown_mod8"": 3, ""canonical_t"": 3, ""e"": 1, ""kind"": ""2-cyclic-odd"", ""p"": 2}, {""canonical_t"": 2, ""e"": 1, ""kind"": ""odd-cyclic"", ""legendre"": -1, ""p"": 19}]",CLOSED_EXACT_CYCLIC_PRESENTATION
38,5,1,9,"[{""brown_mod8"": 1, ""canonical_t"": 1, ""e"": 1, ""kind"": ""2-cyclic-odd"", ""p"": 2}, {""canonical_t"": 1, ""e"": 1, ""kind"": ""odd-cyclic"", ""legendre"": 1, ""p"": 19}]",CLOSED_EXACT_CYCLIC_PRESENTATION
38,7,7,9,"[{""brown_mod8"": 3, ""canonical_t"": 3, ""e"": 1, ""kind"": ""2-cyclic-odd"", ""p"": 2}, {""canonical_t"": 1, ""e"": 1, ""kind"": ""odd-cyclic"", ""legendre"": 1, ""p"": 19}]",CLOSED_EXACT_CYCLIC_PRESENTATION
38,9,1,9,"[{""brown_mod8"": 1, ""canonical_t"": 1, ""e"": 1, ""kind"": ""2-cyclic-odd"", ""p"": 2}, {""canonical_t"": 1, ""e"": 1, ""kind"": ""odd-cyclic"", ""legendre"": 1, ""p"": 19}]",CLOSED_EXACT_CYCLIC_PRESENTATION
38,11,7,9,"[{""brown_mod8"": 3, ""canonical_t"": 3, ""e"": 1, ""kind"": ""2-cyclic-odd"", ""p"": 2}, {""canonical_t"": 1, ""e"": 1, ""kind"": ""odd-cyclic"", ""legendre"": 1, ""p"": 19}]",CLOSED_EXACT_CYCLIC_PRESENTATION
38,13,13,9,"[{""brown_mod8"": 1, ""canonical_t"": 1, ""e"": 1, ""kind"": ""2-cyclic-odd"", ""p"": 2}, {""canonical_t"": 2, ""e"": 1, ""kind"": ""odd-cyclic"", ""legendre"": -1, ""p"": 19}]",CLOSED_EXACT_CYCLIC_PRESENTATION
38,15,3,9,"[{""brown_mod8"": 3, ""canonical_t"": 3, ""e"": 1, ""kind"": ""2-cyclic-odd"", ""p"": 2}, {""canonical_t"": 2, ""e"": 1, ""kind"": ""odd-cyclic"", ""legendre"": -1, ""p"": 19}]",CLOSED_EXACT_CYCLIC_PRESENTATION
38,17,1,9,"[{""brown_mod8"": 1, ""canonical_t"": 1, ""e"": 1, ""kind"": ""2-cyclic-odd"", ""p"": 2}, {""canonical_t"": 1, ""e"": 1, ""kind"": ""odd-cyclic"", ""legendre"": 1, ""p"": 19}]",CLOSED_EXACT_CYCLIC_PRESENTATION
38,21,13,9,"[{""brown_mod8"": 1, ""canonical_t"": 1, ""e"": 1, ""kind"": ""2-cyclic-odd"", ""p"": 2}, {""canonical_t"": 2, ""e"": 1, ""kind"": ""odd-cyclic"", ""legendre"": -1, ""p"": 19}]",CLOSED_EXACT_CYCLIC_PRESENTATION
38,23,7,9,"[{""brown_mod8"": 3, ""canonical_t"": 3, ""e"": 1, ""kind"": ""2-cyclic-odd"", ""p"": 2}, {""canonical_t"": 1, ""e"": 1, ""kind"": ""odd-cyclic"", ""legendre"": 1, ""p"": 19}]",CLOSED_EXACT_CYCLIC_PRESENTATION
38,25,1,9,"[{""brown_mod8"": 1, ""canonical_t"": 1, ""e"": 1, ""kind"": ""2-cyclic-odd"", ""p"": 2}, {""canonical_t"": 1, ""e"": 1, ""kind"": ""odd-cyclic"", ""legendre"": 1, ""p"": 19}]",CLOSED_EXACT_CYCLIC_PRESENTATION
38,27,3,9,"[{""brown_mod8"": 3, ""canonical_t"": 3, ""e"": 1, ""kind"": ""2-cyclic-odd"", ""p"": 2}, {""canonical_t"": 2, ""e"": 1, ""kind"": ""odd-cyclic"", ""legendre"": -1, ""p"": 19}]",CLOSED_EXACT_CYCLIC_PRESENTATION
38,29,13,9,"[{""brown_mod8"": 1, ""canonical_t"": 1, ""e"": 1, ""kind"": ""2-cyclic-odd"", ""p"": 2}, {""canonical_t"": 2, ""e"": 1, ""kind"": ""odd-cyclic"", ""legendre"": -1, ""p"": 19}]",CLOSED_EXACT_CYCLIC_PRESENTATION
38,31,3,9,"[{""brown_mod8"": 3, ""canonical_t"": 3, ""e"": 1, ""kind"": ""2-cyclic-odd"", ""p"": 2}, {""canonical_t"": 2, ""e"": 1, ""kind"": ""odd-cyclic"", ""legendre"": -1, ""p"": 19}]",CLOSED_EXACT_CYCLIC_PRESENTATION
38,33,13,9,"[{""brown_mod8"": 1, ""canonical_t"": 1, ""e"": 1, ""kind"": ""2-cyclic-odd"", ""p"": 2}, {""canonical_t"": 2, ""e"": 1, ""kind"": ""odd-cyclic"", ""legendre"": -1, ""p"": 19}]",CLOSED_EXACT_CYCLIC_PRESENTATION
38,35,7,9,"[{""brown_mod8"": 3, ""canonical_t"": 3, ""e"": 1, ""kind"": ""2-cyclic-odd"", ""p"": 2}, {""canonical_t"": 1, ""e"": 1, ""kind"": ""odd-cyclic"", ""legendre"": 1, ""p"": 19}]",CLOSED_EXACT_CYCLIC_PRESENTATION
38,37,13,9,"[{""brown_mod8"": 1, ""canonical_t"": 1, ""e"": 1, ""kind"": ""2-cyclic-odd"", ""p"": 2}, {""canonical_t"": 2, ""e"": 1, ""kind"": ""odd-cyclic"", ""legendre"": -1, ""p"": 19}]",CLOSED_EXACT_CYCLIC_PRESENTATION
38,39,7,9,"[{""brown_mod8"": 3, ""canonical_t"": 3, ""e"": 1, ""kind"": ""2-cyclic-odd"", ""p"": 2}, {""canonical_t"": 1, ""e"": 1, ""kind"": ""odd-cyclic"", ""legendre"": 1, ""p"": 19}]",CLOSED_EXACT_CYCLIC_PRESENTATION
38,41,13,9,"[{""brown_mod8"": 1, ""canonical_t"": 1, ""e"": 1, ""kind"": ""2-cyclic-odd"", ""p"": 2}, {""canonical_t"": 2, ""e"": 1, ""kind"": ""odd-cyclic"", ""legendre"": -1, ""p"": 19}]",CLOSED_EXACT_CYCLIC_PRESENTATION
38,43,7,9,"[{""brown_mod8"": 3, ""canonical_t"": 3, ""e"": 1, ""kind"": ""2-cyclic-odd"", ""p"": 2}, {""canonical_t"": 1, ""e"": 1, ""kind"": ""odd-cyclic"", ""legendre"": 1, ""p"": 19}]",CLOSED_EXACT_CYCLIC_PRESENTATION
38,45,1,9,"[{""brown_mod8"": 1, ""canonical_t"": 1, ""e"": 1, ""kind"": ""2-cyclic-odd"", ""p"": 2}, {""canonical_t"": 1, ""e"": 1, ""kind"": ""odd-cyclic"", ""legendre"": 1, ""p"": 19}]",CLOSED_EXACT_CYCLIC_PRESENTATION
38,47,7,9,"[{""brown_mod8"": 3, ""canonical_t"": 3, ""e"": 1, ""kind"": ""2-cyclic-odd"", ""p"": 2}, {""canonical_t"": 1, ""e"": 1, ""kind"": ""odd-cyclic"", ""legendre"": 1, ""p"": 19}]",CLOSED_EXACT_CYCLIC_PRESENTATION
38,49,1,9,"[{""brown_mod8"": 1, ""canonical_t"": 1, ""e"": 1, ""kind"": ""2-cyclic-odd"", ""p"": 2}, {""canonical_t"": 1, ""e"": 1, ""kind"": ""odd-cyclic"", ""legendre"": 1, ""p"": 19}]",CLOSED_EXACT_CYCLIC_PRESENTATION
38,51,3,9,"[{""brown_mod8"": 3, ""canonical_t"": 3, ""e"": 1, ""kind"": ""2-cyclic-odd"", ""p"": 2}, {""canonical_t"": 2, ""e"": 1, ""kind"": ""odd-cyclic"", ""legendre"": -1, ""p"": 19}]",CLOSED_EXACT_CYCLIC_PRESENTATION
38,53,13,9,"[{""brown_mod8"": 1, ""canonical_t"": 1, ""e"": 1, ""kind"": ""2-cyclic-odd"", ""p"": 2}, {""canonical_t"": 2, ""e"": 1, ""kind"": ""odd-cyclic"", ""legendre"": -1, ""p"": 19}]",CLOSED_EXACT_CYCLIC_PRESENTATION
38,55,7,9,"[{""brown_mod8"": 3, ""canonical_t"": 3, ""e"": 1, ""kind"": ""2-cyclic-odd"", ""p"": 2}, {""canonical_t"": 1, ""e"": 1, ""kind"": ""odd-cyclic"", ""legendre"": 1, ""p"": 19}]",CLOSED_EXACT_CYCLIC_PRESENTATION
38,59,3,9,"[{""brown_mod8"": 3, ""canonical_t"": 3, ""e"": 1, ""kind"": ""2-cyclic-odd"", ""p"": 2}, {""canonical_t"": 2, ""e"": 1, ""kind"": ""odd-cyclic"", ""legendre"": -1, ""p"": 19}]",CLOSED_EXACT_CYCLIC_PRESENTATION
38,61,1,9,"[{""brown_mod8"": 1, ""canonical_t"": 1, ""e"": 1, ""kind"": ""2-cyclic-odd"", ""p"": 2}, {""canonical_t"": 1, ""e"": 1, ""kind"": ""odd-cyclic"", ""legendre"": 1, ""p"": 19}]",CLOSED_EXACT_CYCLIC_PRESENTATION
38,63,7,9,"[{""brown_mod8"": 3, ""canonical_t"": 3, ""e"": 1, ""kind"": ""2-cyclic-odd"", ""p"": 2}, {""canonical_t"": 1, ""e"": 1, ""kind"": ""odd-cyclic"", ""legendre"": 1, ""p"": 19}]",CLOSED_EXACT_CYCLIC_PRESENTATION
38,65,13,9,"[{""brown_mod8"": 1, ""canonical_t"": 1, ""e"": 1, ""kind"": ""2-cyclic-odd"", ""p"": 2}, {""canonical_t"": 2, ""e"": 1, ""kind"": ""odd-cyclic"", ""legendre"": -1, ""p"": 19}]",CLOSED_EXACT_CYCLIC_PRESENTATION
38,67,3,9,"[{""brown_mod8"": 3, ""canonical_t"": 3, ""e"": 1, ""kind"": ""2-cyclic-odd"", ""p"": 2}, {""canonical_t"": 2, ""e"": 1, ""kind"": ""odd-cyclic"", ""legendre"": -1, ""p"": 19}]",CLOSED_EXACT_CYCLIC_PRESENTATION
38,69,13,9,"[{""brown_mod8"": 1, ""canonical_t"": 1, ""e"": 1, ""kind"": ""2-cyclic-odd"", ""p"": 2}, {""canonical_t"": 2, ""e"": 1, ""kind"": ""odd-cyclic"", ""legendre"": -1, ""p"": 19}]",CLOSED_EXACT_CYCLIC_PRESENTATION
38,71,3,9,"[{""brown_mod8"": 3, ""canonical_t"": 3, ""e"": 1, ""kind"": ""2-cyclic-odd"", ""p"": 2}, {""canonical_t"": 2, ""e"": 1, ""kind"": ""odd-cyclic"", ""legendre"": -1, ""p"": 19}]",CLOSED_EXACT_CYCLIC_PRESENTATION
38,73,1,9,"[{""brown_mod8"": 1, ""canonical_t"": 1, ""e"": 1, ""kind"": ""2-cyclic-odd"", ""p"": 2}, {""canonical_t"": 1, ""e"": 1, ""kind"": ""odd-cyclic"", ""legendre"": 1, ""p"": 19}]",CLOSED_EXACT_CYCLIC_PRESENTATION
38,75,3,9,"[{""brown_mod8"": 3, ""canonical_t"": 3, ""e"": 1, ""kind"": ""2-cyclic-odd"", ""p"": 2}, {""canonical_t"": 2, ""e"": 1, ""kind"": ""odd-cyclic"", ""legendre"": -1, ""p"": 19}]",CLOSED_EXACT_CYCLIC_PRESENTATION
39,1,1,6,"[{""canonical_t"": 1, ""e"": 1, ""kind"": ""odd-cyclic"", ""legendre"": 1, ""p"": 3}, {""canonical_t"": 1, ""e"": 1, ""kind"": ""odd-cyclic"", ""legendre"": 1, ""p"": 13}]",CLOSED_EXACT_CYCLIC_PRESENTATION
39,5,5,6,"[{""canonical_t"": 2, ""e"": 1, ""kind"": ""odd-cyclic"", ""legendre"": -1, ""p"": 3}, {""canonical_t"": 2, ""e"": 1, ""kind"": ""odd-cyclic"", ""legendre"": -1, ""p"": 13}]",CLOSED_EXACT_CYCLIC_PRESENTATION
39,7,7,6,"[{""canonical_t"": 1, ""e"": 1, ""kind"": ""odd-cyclic"", ""legendre"": 1, ""p"": 3}, {""canonical_t"": 2, ""e"": 1, ""kind"": ""odd-cyclic"", ""legendre"": -1, ""p"": 13}]",CLOSED_EXACT_CYCLIC_PRESENTATION
39,11,5,6,"[{""canonical_t"": 2, ""e"": 1, ""kind"": ""odd-cyclic"", ""legendre"": -1, ""p"": 3}, {""canonical_t"": 2, ""e"": 1, ""kind"": ""odd-cyclic"", ""legendre"": -1, ""p"": 13}]",CLOSED_EXACT_CYCLIC_PRESENTATION
39,17,17,6,"[{""canonical_t"": 2, ""e"": 1, ""kind"": ""odd-cyclic"", ""legendre"": -1, ""p"": 3}, {""canonical_t"": 1, ""e"": 1, ""kind"": ""odd-cyclic"", ""legendre"": 1, ""p"": 13}]",CLOSED_EXACT_CYCLIC_PRESENTATION
39,19,7,6,"[{""canonical_t"": 1, ""e"": 1, ""kind"": ""odd-cyclic"", ""legendre"": 1, ""p"": 3}, {""canonical_t"": 2, ""e"": 1, ""kind"": ""odd-cyclic"", ""legendre"": -1, ""p"": 13}]",CLOSED_EXACT_CYCLIC_PRESENTATION
39,23,17,6,"[{""canonical_t"": 2, ""e"": 1, ""kind"": ""odd-cyclic"", ""legendre"": -1, ""p"": 3}, {""canonical_t"": 1, ""e"": 1, ""kind"": ""odd-cyclic"", ""legendre"": 1, ""p"": 13}]",CLOSED_EXACT_CYCLIC_PRESENTATION
39,25,1,6,"[{""canonical_t"": 1, ""e"": 1, ""kind"": ""odd-cyclic"", ""legendre"": 1, ""p"": 3}, {""canonical_t"": 1, ""e"": 1, ""kind"": ""odd-cyclic"", ""legendre"": 1, ""p"": 13}]",CLOSED_EXACT_CYCLIC_PRESENTATION
39,29,17,6,"[{""canonical_t"": 2, ""e"": 1, ""kind"": ""odd-cyclic"", ""legendre"": -1, ""p"": 3}, {""canonical_t"": 1, ""e"": 1, ""kind"": ""odd-cyclic"", ""legendre"": 1, ""p"": 13}]",CLOSED_EXACT_CYCLIC_PRESENTATION
39,31,7,6,"[{""canonical_t"": 1, ""e"": 1, ""kind"": ""odd-cyclic"", ""legendre"": 1, ""p"": 3}, {""canonical_t"": 2, ""e"": 1, ""kind"": ""odd-cyclic"", ""legendre"": -1, ""p"": 13}]",CLOSED_EXACT_CYCLIC_PRESENTATION
39,35,17,6,"[{""canonical_t"": 2, ""e"": 1, ""kind"": ""odd-cyclic"", ""legendre"": -1, ""p"": 3}, {""canonical_t"": 1, ""e"": 1, ""kind"": ""odd-cyclic"", ""legendre"": 1, ""p"": 13}]",CLOSED_EXACT_CYCLIC_PRESENTATION
39,37,7,6,"[{""canonical_t"": 1, ""e"": 1, ""kind"": ""odd-cyclic"", ""legendre"": 1, ""p"": 3}, {""canonical_t"": 2, ""e"": 1, ""kind"": ""odd-cyclic"", ""legendre"": -1, ""p"": 13}]",CLOSED_EXACT_CYCLIC_PRESENTATION
39,41,5,6,"[{""canonical_t"": 2, ""e"": 1, ""kind"": ""odd-cyclic"", ""legendre"": -1, ""p"": 3}, {""canonical_t"": 2, ""e"": 1, ""kind"": ""odd-cyclic"", ""legendre"": -1, ""p"": 13}]",CLOSED_EXACT_CYCLIC_PRESENTATION
39,43,1,6,"[{""canonical_t"": 1, ""e"": 1, ""kind"": ""odd-cyclic"", ""legendre"": 1, ""p"": 3}, {""canonical_t"": 1, ""e"": 1, ""kind"": ""odd-cyclic"", ""legendre"": 1, ""p"": 13}]",CLOSED_EXACT_CYCLIC_PRESENTATION
39,47,5,6,"[{""canonical_t"": 2, ""e"": 1, ""kind"": ""odd-cyclic"", ""legendre"": -1, ""p"": 3}, {""canonical_t"": 2, ""e"": 1, ""kind"": ""odd-cyclic"", ""legendre"": -1, ""p"": 13}]",CLOSED_EXACT_CYCLIC_PRESENTATION
39,49,1,6,"[{""canonical_t"": 1, ""e"": 1, ""kind"": ""odd-cyclic"", ""legendre"": 1, ""p"": 3}, {""canonical_t"": 1, ""e"": 1, ""kind"": ""odd-cyclic"", ""legendre"": 1, ""p"": 13}]",CLOSED_EXACT_CYCLIC_PRESENTATION
39,53,17,6,"[{""canonical_t"": 2, ""e"": 1, ""kind"": ""odd-cyclic"", ""legendre"": -1, ""p"": 3}, {""canonical_t"": 1, ""e"": 1, ""kind"": ""odd-cyclic"", ""legendre"": 1, ""p"": 13}]",CLOSED_EXACT_CYCLIC_PRESENTATION
39,55,1,6,"[{""canonical_t"": 1, ""e"": 1, ""kind"": ""odd-cyclic"", ""legendre"": 1, ""p"": 3}, {""canonical_t"": 1, ""e"": 1, ""kind"": ""odd-cyclic"", ""legendre"": 1, ""p"": 13}]",CLOSED_EXACT_CYCLIC_PRESENTATION
39,59,5,6,"[{""canonical_t"": 2, ""e"": 1, ""kind"": ""odd-cyclic"", ""legendre"": -1, ""p"": 3}, {""canonical_t"": 2, ""e"": 1, ""kind"": ""odd-cyclic"", ""legendre"": -1, ""p"": 13}]",CLOSED_EXACT_CYCLIC_PRESENTATION
39,61,1,6,"[{""canonical_t"": 1, ""e"": 1, ""kind"": ""odd-cyclic"", ""legendre"": 1, ""p"": 3}, {""canonical_t"": 1, ""e"": 1, ""kind"": ""odd-cyclic"", ""legendre"": 1, ""p"": 13}]",CLOSED_EXACT_CYCLIC_PRESENTATION
39,67,7,6,"[{""canonical_t"": 1, ""e"": 1, ""kind"": ""odd-cyclic"", ""legendre"": 1, ""p"": 3}, {""canonical_t"": 2, ""e"": 1, ""kind"": ""odd-cyclic"", ""legendre"": -1, ""p"": 13}]",CLOSED_EXACT_CYCLIC_PRESENTATION
39,71,5,6,"[{""canonical_t"": 2, ""e"": 1, ""kind"": ""odd-cyclic"", ""legendre"": -1, ""p"": 3}, {""canonical_t"": 2, ""e"": 1, ""kind"": ""odd-cyclic"", ""legendre"": -1, ""p"": 13}]",CLOSED_EXACT_CYCLIC_PRESENTATION
39,73,7,6,"[{""canonical_t"": 1, ""e"": 1, ""kind"": ""odd-cyclic"", ""legendre"": 1, ""p"": 3}, {""canonical_t"": 2, ""e"": 1, ""kind"": ""odd-cyclic"", ""legendre"": -1, ""p"": 13}]",CLOSED_EXACT_CYCLIC_PRESENTATION
39,77,17,6,"[{""canonical_t"": 2, ""e"": 1, ""kind"": ""odd-cyclic"", ""legendre"": -1, ""p"": 3}, {""canonical_t"": 1, ""e"": 1, ""kind"": ""odd-cyclic"", ""legendre"": 1, ""p"": 13}]",CLOSED_EXACT_CYCLIC_PRESENTATION
40,1,1,4,"[{""brown_mod8"": 1, ""canonical_t"": 1, ""e"": 3, ""kind"": ""2-cyclic-odd"", ""p"": 2}, {""canonical_t"": 1, ""e"": 1, ""kind"": ""odd-cyclic"", ""legendre"": 1, ""p"": 5}]",CLOSED_EXACT_CYCLIC_PRESENTATION
40,3,3,4,"[{""brown_mod8"": 3, ""canonical_t"": 3, ""e"": 3, ""kind"": ""2-cyclic-odd"", ""p"": 2}, {""canonical_t"": 2, ""e"": 1, ""kind"": ""odd-cyclic"", ""legendre"": -1, ""p"": 5}]",CLOSED_EXACT_CYCLIC_PRESENTATION
40,7,7,4,"[{""brown_mod8"": 7, ""canonical_t"": 7, ""e"": 3, ""kind"": ""2-cyclic-odd"", ""p"": 2}, {""canonical_t"": 2, ""e"": 1, ""kind"": ""odd-cyclic"", ""legendre"": -1, ""p"": 5}]",CLOSED_EXACT_CYCLIC_PRESENTATION
40,9,1,4,"[{""brown_mod8"": 1, ""canonical_t"": 1, ""e"": 3, ""kind"": ""2-cyclic-odd"", ""p"": 2}, {""canonical_t"": 1, ""e"": 1, ""kind"": ""odd-cyclic"", ""legendre"": 1, ""p"": 5}]",CLOSED_EXACT_CYCLIC_PRESENTATION
40,11,11,4,"[{""brown_mod8"": 3, ""canonical_t"": 3, ""e"": 3, ""kind"": ""2-cyclic-odd"", ""p"": 2}, {""canonical_t"": 1, ""e"": 1, ""kind"": ""odd-cyclic"", ""legendre"": 1, ""p"": 5}]",CLOSED_EXACT_CYCLIC_PRESENTATION
40,13,13,4,"[{""brown_mod8"": 5, ""canonical_t"": 5, ""e"": 3, ""kind"": ""2-cyclic-odd"", ""p"": 2}, {""canonical_t"": 2, ""e"": 1, ""kind"": ""odd-cyclic"", ""legendre"": -1, ""p"": 5}]",CLOSED_EXACT_CYCLIC_PRESENTATION
40,17,17,4,"[{""brown_mod8"": 1, ""canonical_t"": 1, ""e"": 3, ""kind"": ""2-cyclic-odd"", ""p"": 2}, {""canonical_t"": 2, ""e"": 1, ""kind"": ""odd-cyclic"", ""legendre"": -1, ""p"": 5}]",CLOSED_EXACT_CYCLIC_PRESENTATION
40,19,11,4,"[{""brown_mod8"": 3, ""canonical_t"": 3, ""e"": 3, ""kind"": ""2-cyclic-odd"", ""p"": 2}, {""canonical_t"": 1, ""e"": 1, ""kind"": ""odd-cyclic"", ""legendre"": 1, ""p"": 5}]",CLOSED_EXACT_CYCLIC_PRESENTATION
40,21,21,4,"[{""brown_mod8"": 5, ""canonical_t"": 5, ""e"": 3, ""kind"": ""2-cyclic-odd"", ""p"": 2}, {""canonical_t"": 1, ""e"": 1, ""kind"": ""odd-cyclic"", ""legendre"": 1, ""p"": 5}]",CLOSED_EXACT_CYCLIC_PRESENTATION
40,23,7,4,"[{""brown_mod8"": 7, ""canonical_t"": 7, ""e"": 3, ""kind"": ""2-cyclic-odd"", ""p"": 2}, {""canonical_t"": 2, ""e"": 1, ""kind"": ""odd-cyclic"", ""legendre"": -1, ""p"": 5}]",CLOSED_EXACT_CYCLIC_PRESENTATION
40,27,3,4,"[{""brown_mod8"": 3, ""canonical_t"": 3, ""e"": 3, ""kind"": ""2-cyclic-odd"", ""p"": 2}, {""canonical_t"": 2, ""e"": 1, ""kind"": ""odd-cyclic"", ""legendre"": -1, ""p"": 5}]",CLOSED_EXACT_CYCLIC_PRESENTATION
40,29,21,4,"[{""brown_mod8"": 5, ""canonical_t"": 5, ""e"": 3, ""kind"": ""2-cyclic-odd"", ""p"": 2}, {""canonical_t"": 1, ""e"": 1, ""kind"": ""odd-cyclic"", ""legendre"": 1, ""p"": 5}]",CLOSED_EXACT_CYCLIC_PRESENTATION
40,31,31,4,"[{""brown_mod8"": 7, ""canonical_t"": 7, ""e"": 3, ""kind"": ""2-cyclic-odd"", ""p"": 2}, {""canonical_t"": 1, ""e"": 1, ""kind"": ""odd-cyclic"", ""legendre"": 1, ""p"": 5}]",CLOSED_EXACT_CYCLIC_PRESENTATION
40,33,17,4,"[{""brown_mod8"": 1, ""canonical_t"": 1, ""e"": 3, ""kind"": ""2-cyclic-odd"", ""p"": 2}, {""canonical_t"": 2, ""e"": 1, ""kind"": ""odd-cyclic"", ""legendre"": -1, ""p"": 5}]",CLOSED_EXACT_CYCLIC_PRESENTATION
40,37,13,4,"[{""brown_mod8"": 5, ""canonical_t"": 5, ""e"": 3, ""kind"": ""2-cyclic-odd"", ""p"": 2}, {""canonical_t"": 2, ""e"": 1, ""kind"": ""odd-cyclic"", ""legendre"": -1, ""p"": 5}]",CLOSED_EXACT_CYCLIC_PRESENTATION
40,39,31,4,"[{""brown_mod8"": 7, ""canonical_t"": 7, ""e"": 3, ""kind"": ""2-cyclic-odd"", ""p"": 2}, {""canonical_t"": 1, ""e"": 1, ""kind"": ""odd-cyclic"", ""legendre"": 1, ""p"": 5}]",CLOSED_EXACT_CYCLIC_PRESENTATION
40,41,1,4,"[{""brown_mod8"": 1, ""canonical_t"": 1, ""e"": 3, ""kind"": ""2-cyclic-odd"", ""p"": 2}, {""canonical_t"": 1, ""e"": 1, ""kind"": ""odd-cyclic"", ""legendre"": 1, ""p"": 5}]",CLOSED_EXACT_CYCLIC_PRESENTATION
40,43,3,4,"[{""brown_mod8"": 3, ""canonical_t"": 3, ""e"": 3, ""kind"": ""2-cyclic-odd"", ""p"": 2}, {""canonical_t"": 2, ""e"": 1, ""kind"": ""odd-cyclic"", ""legendre"": -1, ""p"": 5}]",CLOSED_EXACT_CYCLIC_PRESENTATION
40,47,7,4,"[{""brown_mod8"": 7, ""canonical_t"": 7, ""e"": 3, ""kind"": ""2-cyclic-odd"", ""p"": 2}, {""canonical_t"": 2, ""e"": 1, ""kind"": ""odd-cyclic"", ""legendre"": -1, ""p"": 5}]",CLOSED_EXACT_CYCLIC_PRESENTATION
40,49,1,4,"[{""brown_mod8"": 1, ""canonical_t"": 1, ""e"": 3, ""kind"": ""2-cyclic-odd"", ""p"": 2}, {""canonical_t"": 1, ""e"": 1, ""kind"": ""odd-cyclic"", ""legendre"": 1, ""p"": 5}]",CLOSED_EXACT_CYCLIC_PRESENTATION
40,51,11,4,"[{""brown_mod8"": 3, ""canonical_t"": 3, ""e"": 3, ""kind"": ""2-cyclic-odd"", ""p"": 2}, {""canonical_t"": 1, ""e"": 1, ""kind"": ""odd-cyclic"", ""legendre"": 1, ""p"": 5}]",CLOSED_EXACT_CYCLIC_PRESENTATION
40,53,13,4,"[{""brown_mod8"": 5, ""canonical_t"": 5, ""e"": 3, ""kind"": ""2-cyclic-odd"", ""p"": 2}, {""canonical_t"": 2, ""e"": 1, ""kind"": ""odd-cyclic"", ""legendre"": -1, ""p"": 5}]",CLOSED_EXACT_CYCLIC_PRESENTATION
40,57,17,4,"[{""brown_mod8"": 1, ""canonical_t"": 1, ""e"": 3, ""kind"": ""2-cyclic-odd"", ""p"": 2}, {""canonical_t"": 2, ""e"": 1, ""kind"": ""odd-cyclic"", ""legendre"": -1, ""p"": 5}]",CLOSED_EXACT_CYCLIC_PRESENTATION
40,59,11,4,"[{""brown_mod8"": 3, ""canonical_t"": 3, ""e"": 3, ""kind"": ""2-cyclic-odd"", ""p"": 2}, {""canonical_t"": 1, ""e"": 1, ""kind"": ""odd-cyclic"", ""legendre"": 1, ""p"": 5}]",CLOSED_EXACT_CYCLIC_PRESENTATION
40,61,21,4,"[{""brown_mod8"": 5, ""canonical_t"": 5, ""e"": 3, ""kind"": ""2-cyclic-odd"", ""p"": 2}, {""canonical_t"": 1, ""e"": 1, ""kind"": ""odd-cyclic"", ""legendre"": 1, ""p"": 5}]",CLOSED_EXACT_CYCLIC_PRESENTATION
40,63,7,4,"[{""brown_mod8"": 7, ""canonical_t"": 7, ""e"": 3, ""kind"": ""2-cyclic-odd"", ""p"": 2}, {""canonical_t"": 2, ""e"": 1, ""kind"": ""odd-cyclic"", ""legendre"": -1, ""p"": 5}]",CLOSED_EXACT_CYCLIC_PRESENTATION
40,67,3,4,"[{""brown_mod8"": 3, ""canonical_t"": 3, ""e"": 3, ""kind"": ""2-cyclic-odd"", ""p"": 2}, {""canonical_t"": 2, ""e"": 1, ""kind"": ""odd-cyclic"", ""legendre"": -1, ""p"": 5}]",CLOSED_EXACT_CYCLIC_PRESENTATION
40,69,21,4,"[{""brown_mod8"": 5, ""canonical_t"": 5, ""e"": 3, ""kind"": ""2-cyclic-odd"", ""p"": 2}, {""canonical_t"": 1, ""e"": 1, ""kind"": ""odd-cyclic"", ""legendre"": 1, ""p"": 5}]",CLOSED_EXACT_CYCLIC_PRESENTATION
40,71,31,4,"[{""brown_mod8"": 7, ""canonical_t"": 7, ""e"": 3, ""kind"": ""2-cyclic-odd"", ""p"": 2}, {""canonical_t"": 1, ""e"": 1, ""kind"": ""odd-cyclic"", ""legendre"": 1, ""p"": 5}]",CLOSED_EXACT_CYCLIC_PRESENTATION
40,73,17,4,"[{""brown_mod8"": 1, ""canonical_t"": 1, ""e"": 3, ""kind"": ""2-cyclic-odd"", ""p"": 2}, {""canonical_t"": 2, ""e"": 1, ""kind"": ""odd-cyclic"", ""legendre"": -1, ""p"": 5}]",CLOSED_EXACT_CYCLIC_PRESENTATION
40,77,13,4,"[{""brown_mod8"": 5, ""canonical_t"": 5, ""e"": 3, ""kind"": ""2-cyclic-odd"", ""p"": 2}, {""canonical_t"": 2, ""e"": 1, ""kind"": ""odd-cyclic"", ""legendre"": -1, ""p"": 5}]",CLOSED_EXACT_CYCLIC_PRESENTATION
40,79,31,4,"[{""brown_mod8"": 7, ""canonical_t"": 7, ""e"": 3, ""kind"": ""2-cyclic-odd"", ""p"": 2}, {""canonical_t"": 1, ""e"": 1, ""kind"": ""odd-cyclic"", ""legendre"": 1, ""p"": 5}]",CLOSED_EXACT_CYCLIC_PRESENTATION
41,1,1,20,"[{""canonical_t"": 1, ""e"": 1, ""kind"": ""odd-cyclic"", ""legendre"": 1, ""p"": 41}]",CLOSED_EXACT_CYCLIC_PRESENTATION
41,3,3,20,"[{""canonical_t"": 3, ""e"": 1, ""kind"": ""odd-cyclic"", ""legendre"": -1, ""p"": 41}]",CLOSED_EXACT_CYCLIC_PRESENTATION
41,5,1,20,"[{""canonical_t"": 1, ""e"": 1, ""kind"": ""odd-cyclic"", ""legendre"": 1, ""p"": 41}]",CLOSED_EXACT_CYCLIC_PRESENTATION
41,7,3,20,"[{""canonical_t"": 3, ""e"": 1, ""kind"": ""odd-cyclic"", ""legendre"": -1, ""p"": 41}]",CLOSED_EXACT_CYCLIC_PRESENTATION
41,9,1,20,"[{""canonical_t"": 1, ""e"": 1, ""kind"": ""odd-cyclic"", ""legendre"": 1, ""p"": 41}]",CLOSED_EXACT_CYCLIC_PRESENTATION
41,11,3,20,"[{""canonical_t"": 3, ""e"": 1, ""kind"": ""odd-cyclic"", ""legendre"": -1, ""p"": 41}]",CLOSED_EXACT_CYCLIC_PRESENTATION
41,13,3,20,"[{""canonical_t"": 3, ""e"": 1, ""kind"": ""odd-cyclic"", ""legendre"": -1, ""p"": 41}]",CLOSED_EXACT_CYCLIC_PRESENTATION
41,15,3,20,"[{""canonical_t"": 3, ""e"": 1, ""kind"": ""odd-cyclic"", ""legendre"": -1, ""p"": 41}]",CLOSED_EXACT_CYCLIC_PRESENTATION
41,17,3,20,"[{""canonical_t"": 3, ""e"": 1, ""kind"": ""odd-cyclic"", ""legendre"": -1, ""p"": 41}]",CLOSED_EXACT_CYCLIC_PRESENTATION
41,19,3,20,"[{""canonical_t"": 3, ""e"": 1, ""kind"": ""odd-cyclic"", ""legendre"": -1, ""p"": 41}]",CLOSED_EXACT_CYCLIC_PRESENTATION
41,21,1,20,"[{""canonical_t"": 1, ""e"": 1, ""kind"": ""odd-cyclic"", ""legendre"": 1, ""p"": 41}]",CLOSED_EXACT_CYCLIC_PRESENTATION
41,23,1,20,"[{""canonical_t"": 1, ""e"": 1, ""kind"": ""odd-cyclic"", ""legendre"": 1, ""p"": 41}]",CLOSED_EXACT_CYCLIC_PRESENTATION
41,25,1,20,"[{""canonical_t"": 1, ""e"": 1, ""kind"": ""odd-cyclic"", ""legendre"": 1, ""p"": 41}]",CLOSED_EXACT_CYCLIC_PRESENTATION
41,27,3,20,"[{""canonical_t"": 3, ""e"": 1, ""kind"": ""odd-cyclic"", ""legendre"": -1, ""p"": 41}]",CLOSED_EXACT_CYCLIC_PRESENTATION
41,29,3,20,"[{""canonical_t"": 3, ""e"": 1, ""kind"": ""odd-cyclic"", ""legendre"": -1, ""p"": 41}]",CLOSED_EXACT_CYCLIC_PRESENTATION
41,31,1,20,"[{""canonical_t"": 1, ""e"": 1, ""kind"": ""odd-cyclic"", ""legendre"": 1, ""p"": 41}]",CLOSED_EXACT_CYCLIC_PRESENTATION
41,33,1,20,"[{""canonical_t"": 1, ""e"": 1, ""kind"": ""odd-cyclic"", ""legendre"": 1, ""p"": 41}]",CLOSED_EXACT_CYCLIC_PRESENTATION
41,35,3,20,"[{""canonical_t"": 3, ""e"": 1, ""kind"": ""odd-cyclic"", ""legendre"": -1, ""p"": 41}]",CLOSED_EXACT_CYCLIC_PRESENTATION
41,37,1,20,"[{""canonical_t"": 1, ""e"": 1, ""kind"": ""odd-cyclic"", ""legendre"": 1, ""p"": 41}]",CLOSED_EXACT_CYCLIC_PRESENTATION
41,39,1,20,"[{""canonical_t"": 1, ""e"": 1, ""kind"": ""odd-cyclic"", ""legendre"": 1, ""p"": 41}]",CLOSED_EXACT_CYCLIC_PRESENTATION
41,43,1,20,"[{""canonical_t"": 1, ""e"": 1, ""kind"": ""odd-cyclic"", ""legendre"": 1, ""p"": 41}]",CLOSED_EXACT_CYCLIC_PRESENTATION
41,45,1,20,"[{""canonical_t"": 1, ""e"": 1, ""kind"": ""odd-cyclic"", ""legendre"": 1, ""p"": 41}]",CLOSED_EXACT_CYCLIC_PRESENTATION
41,47,3,20,"[{""canonical_t"": 3, ""e"": 1, ""kind"": ""odd-cyclic"", ""legendre"": -1, ""p"": 41}]",CLOSED_EXACT_CYCLIC_PRESENTATION
41,49,1,20,"[{""canonical_t"": 1, ""e"": 1, ""kind"": ""odd-cyclic"", ""legendre"": 1, ""p"": 41}]",CLOSED_EXACT_CYCLIC_PRESENTATION
41,51,1,20,"[{""canonical_t"": 1, ""e"": 1, ""kind"": ""odd-cyclic"", ""legendre"": 1, ""p"": 41}]",CLOSED_EXACT_CYCLIC_PRESENTATION
41,53,3,20,"[{""canonical_t"": 3, ""e"": 1, ""kind"": ""odd-cyclic"", ""legendre"": -1, ""p"": 41}]",CLOSED_EXACT_CYCLIC_PRESENTATION
41,55,3,20,"[{""canonical_t"": 3, ""e"": 1, ""kind"": ""odd-cyclic"", ""legendre"": -1, ""p"": 41}]",CLOSED_EXACT_CYCLIC_PRESENTATION
41,57,1,20,"[{""canonical_t"": 1, ""e"": 1, ""kind"": ""odd-cyclic"", ""legendre"": 1, ""p"": 41}]",CLOSED_EXACT_CYCLIC_PRESENTATION
41,59,1,20,"[{""canonical_t"": 1, ""e"": 1, ""kind"": ""odd-cyclic"", ""legendre"": 1, ""p"": 41}]",CLOSED_EXACT_CYCLIC_PRESENTATION
41,61,1,20,"[{""canonical_t"": 1, ""e"": 1, ""kind"": ""odd-cyclic"", ""legendre"": 1, ""p"": 41}]",CLOSED_EXACT_CYCLIC_PRESENTATION
41,63,3,20,"[{""canonical_t"": 3, ""e"": 1, ""kind"": ""odd-cyclic"", ""legendre"": -1, ""p"": 41}]",CLOSED_EXACT_CYCLIC_PRESENTATION
41,65,3,20,"[{""canonical_t"": 3, ""e"": 1, ""kind"": ""odd-cyclic"", ""legendre"": -1, ""p"": 41}]",CLOSED_EXACT_CYCLIC_PRESENTATION
41,67,3,20,"[{""canonical_t"": 3, ""e"": 1, ""kind"": ""odd-cyclic"", ""legendre"": -1, ""p"": 41}]",CLOSED_EXACT_CYCLIC_PRESENTATION
41,69,3,20,"[{""canonical_t"": 3, ""e"": 1, ""kind"": ""odd-cyclic"", ""legendre"": -1, ""p"": 41}]",CLOSED_EXACT_CYCLIC_PRESENTATION
41,71,3,20,"[{""canonical_t"": 3, ""e"": 1, ""kind"": ""odd-cyclic"", ""legendre"": -1, ""p"": 41}]",CLOSED_EXACT_CYCLIC_PRESENTATION
41,73,1,20,"[{""canonical_t"": 1, ""e"": 1, ""kind"": ""odd-cyclic"", ""legendre"": 1, ""p"": 41}]",CLOSED_EXACT_CYCLIC_PRESENTATION
41,75,3,20,"[{""canonical_t"": 3, ""e"": 1, ""kind"": ""odd-cyclic"", ""legendre"": -1, ""p"": 41}]",CLOSED_EXACT_CYCLIC_PRESENTATION
41,77,1,20,"[{""canonical_t"": 1, ""e"": 1, ""kind"": ""odd-cyclic"", ""legendre"": 1, ""p"": 41}]",CLOSED_EXACT_CYCLIC_PRESENTATION
41,79,3,20,"[{""canonical_t"": 3, ""e"": 1, ""kind"": ""odd-cyclic"", ""legendre"": -1, ""p"": 41}]",CLOSED_EXACT_CYCLIC_PRESENTATION
41,81,1,20,"[{""canonical_t"": 1, ""e"": 1, ""kind"": ""odd-cyclic"", ""legendre"": 1, ""p"": 41}]",CLOSED_EXACT_CYCLIC_PRESENTATION
42,1,1,3,"[{""brown_mod8"": 1, ""canonical_t"": 1, ""e"": 1, ""kind"": ""2-cyclic-odd"", ""p"": 2}, {""canonical_t"": 1, ""e"": 1, ""kind"": ""odd-cyclic"", ""legendre"": 1, ""p"": 3}, {""canonical_t"": 1, ""e"": 1, ""kind"": ""odd-cyclic"", ""legendre"": 1, ""p"": 7}]",CLOSED_EXACT_CYCLIC_PRESENTATION
42,5,5,3,"[{""brown_mod8"": 1, ""canonical_t"": 1, ""e"": 1, ""kind"": ""2-cyclic-odd"", ""p"": 2}, {""canonical_t"": 2, ""e"": 1, ""kind"": ""odd-cyclic"", ""legendre"": -1, ""p"": 3}, {""canonical_t"": 3, ""e"": 1, ""kind"": ""odd-cyclic"", ""legendre"": -1, ""p"": 7}]",CLOSED_EXACT_CYCLIC_PRESENTATION
42,11,11,3,"[{""brown_mod8"": 3, ""canonical_t"": 3, ""e"": 1, ""kind"": ""2-cyclic-odd"", ""p"": 2}, {""canonical_t"": 2, ""e"": 1, ""kind"": ""odd-cyclic"", ""legendre"": -1, ""p"": 3}, {""canonical_t"": 1, ""e"": 1, ""kind"": ""odd-cyclic"", ""legendre"": 1, ""p"": 7}]",CLOSED_EXACT_CYCLIC_PRESENTATION
42,13,13,3,"[{""brown_mod8"": 1, ""canonical_t"": 1, ""e"": 1, ""kind"": ""2-cyclic-odd"", ""p"": 2}, {""canonical_t"": 1, ""e"": 1, ""kind"": ""odd-cyclic"", ""legendre"": 1, ""p"": 3}, {""canonical_t"": 3, ""e"": 1, ""kind"": ""odd-cyclic"", ""legendre"": -1, ""p"": 7}]",CLOSED_EXACT_CYCLIC_PRESENTATION
42,17,5,3,"[{""brown_mod8"": 1, ""canonical_t"": 1, ""e"": 1, ""kind"": ""2-cyclic-odd"", ""p"": 2}, {""canonical_t"": 2, ""e"": 1, ""kind"": ""odd-cyclic"", ""legendre"": -1, ""p"": 3}, {""canonical_t"": 3, ""e"": 1, ""kind"": ""odd-cyclic"", ""legendre"": -1, ""p"": 7}]",CLOSED_EXACT_CYCLIC_PRESENTATION
42,19,19,3,"[{""brown_mod8"": 3, ""canonical_t"": 3, ""e"": 1, ""kind"": ""2-cyclic-odd"", ""p"": 2}, {""canonical_t"": 1, ""e"": 1, ""kind"": ""odd-cyclic"", ""legendre"": 1, ""p"": 3}, {""canonical_t"": 3, ""e"": 1, ""kind"": ""odd-cyclic"", ""legendre"": -1, ""p"": 7}]",CLOSED_EXACT_CYCLIC_PRESENTATION
42,23,11,3,"[{""brown_mod8"": 3, ""canonical_t"": 3, ""e"": 1, ""kind"": ""2-cyclic-odd"", ""p"": 2}, {""canonical_t"": 2, ""e"": 1, ""kind"": ""odd-cyclic"", ""legendre"": -1, ""p"": 3}, {""canonical_t"": 1, ""e"": 1, ""kind"": ""odd-cyclic"", ""legendre"": 1, ""p"": 7}]",CLOSED_EXACT_CYCLIC_PRESENTATION
42,25,1,3,"[{""brown_mod8"": 1, ""canonical_t"": 1, ""e"": 1, ""kind"": ""2-cyclic-odd"", ""p"": 2}, {""canonical_t"": 1, ""e"": 1, ""kind"": ""odd-cyclic"", ""legendre"": 1, ""p"": 3}, {""canonical_t"": 1, ""e"": 1, ""kind"": ""odd-cyclic"", ""legendre"": 1, ""p"": 7}]",CLOSED_EXACT_CYCLIC_PRESENTATION
42,29,29,3,"[{""brown_mod8"": 1, ""canonical_t"": 1, ""e"": 1, ""kind"": ""2-cyclic-odd"", ""p"": 2}, {""canonical_t"": 2, ""e"": 1, ""kind"": ""odd-cyclic"", ""legendre"": -1, ""p"": 3}, {""canonical_t"": 1, ""e"": 1, ""kind"": ""odd-cyclic"", ""legendre"": 1, ""p"": 7}]",CLOSED_EXACT_CYCLIC_PRESENTATION
42,31,19,3,"[{""brown_mod8"": 3, ""canonical_t"": 3, ""e"": 1, ""kind"": ""2-cyclic-odd"", ""p"": 2}, {""canonical_t"": 1, ""e"": 1, ""kind"": ""odd-cyclic"", ""legendre"": 1, ""p"": 3}, {""canonical_t"": 3, ""e"": 1, ""kind"": ""odd-cyclic"", ""legendre"": -1, ""p"": 7}]",CLOSED_EXACT_CYCLIC_PRESENTATION
42,37,1,3,"[{""brown_mod8"": 1, ""canonical_t"": 1, ""e"": 1, ""kind"": ""2-cyclic-odd"", ""p"": 2}, {""canonical_t"": 1, ""e"": 1, ""kind"": ""odd-cyclic"", ""legendre"": 1, ""p"": 3}, {""canonical_t"": 1, ""e"": 1, ""kind"": ""odd-cyclic"", ""legendre"": 1, ""p"": 7}]",CLOSED_EXACT_CYCLIC_PRESENTATION
42,41,5,3,"[{""brown_mod8"": 1, ""canonical_t"": 1, ""e"": 1, ""kind"": ""2-cyclic-odd"", ""p"": 2}, {""canonical_t"": 2, ""e"": 1, ""kind"": ""odd-cyclic"", ""legendre"": -1, ""p"": 3}, {""canonical_t"": 3, ""e"": 1, ""kind"": ""odd-cyclic"", ""legendre"": -1, ""p"": 7}]",CLOSED_EXACT_CYCLIC_PRESENTATION
42,43,43,3,"[{""brown_mod8"": 3, ""canonical_t"": 3, ""e"": 1, ""kind"": ""2-cyclic-odd"", ""p"": 2}, {""canonical_t"": 1, ""e"": 1, ""kind"": ""odd-cyclic"", ""legendre"": 1, ""p"": 3}, {""canonical_t"": 1, ""e"": 1, ""kind"": ""odd-cyclic"", ""legendre"": 1, ""p"": 7}]",CLOSED_EXACT_CYCLIC_PRESENTATION
42,47,47,3,"[{""brown_mod8"": 3, ""canonical_t"": 3, ""e"": 1, ""kind"": ""2-cyclic-odd"", ""p"": 2}, {""canonical_t"": 2, ""e"": 1, ""kind"": ""odd-cyclic"", ""legendre"": -1, ""p"": 3}, {""canonical_t"": 3, ""e"": 1, ""kind"": ""odd-cyclic"", ""legendre"": -1, ""p"": 7}]",CLOSED_EXACT_CYCLIC_PRESENTATION
42,53,29,3,"[{""brown_mod8"": 1, ""canonical_t"": 1, ""e"": 1, ""kind"": ""2-cyclic-odd"", ""p"": 2}, {""canonical_t"": 2, ""e"": 1, ""kind"": ""odd-cyclic"", ""legendre"": -1, ""p"": 3}, {""canonical_t"": 1, ""e"": 1, ""kind"": ""odd-cyclic"", ""legendre"": 1, ""p"": 7}]",CLOSED_EXACT_CYCLIC_PRESENTATION
42,55,19,3,"[{""brown_mod8"": 3, ""canonical_t"": 3, ""e"": 1, ""kind"": ""2-cyclic-odd"", ""p"": 2}, {""canonical_t"": 1, ""e"": 1, ""kind"": ""odd-cyclic"", ""legendre"": 1, ""p"": 3}, {""canonical_t"": 3, ""e"": 1, ""kind"": ""odd-cyclic"", ""legendre"": -1, ""p"": 7}]",CLOSED_EXACT_CYCLIC_PRESENTATION
42,59,47,3,"[{""brown_mod8"": 3, ""canonical_t"": 3, ""e"": 1, ""kind"": ""2-cyclic-odd"", ""p"": 2}, {""canonical_t"": 2, ""e"": 1, ""kind"": ""odd-cyclic"", ""legendre"": -1, ""p"": 3}, {""canonical_t"": 3, ""e"": 1, ""kind"": ""odd-cyclic"", ""legendre"": -1, ""p"": 7}]",CLOSED_EXACT_CYCLIC_PRESENTATION
42,61,13,3,"[{""brown_mod8"": 1, ""canonical_t"": 1, ""e"": 1, ""kind"": ""2-cyclic-odd"", ""p"": 2}, {""canonical_t"": 1, ""e"": 1, ""kind"": ""odd-cyclic"", ""legendre"": 1, ""p"": 3}, {""canonical_t"": 3, ""e"": 1, ""kind"": ""odd-cyclic"", ""legendre"": -1, ""p"": 7}]",CLOSED_EXACT_CYCLIC_PRESENTATION
42,65,29,3,"[{""brown_mod8"": 1, ""canonical_t"": 1, ""e"": 1, ""kind"": ""2-cyclic-odd"", ""p"": 2}, {""canonical_t"": 2, ""e"": 1, ""kind"": ""odd-cyclic"", ""legendre"": -1, ""p"": 3}, {""canonical_t"": 1, ""e"": 1, ""kind"": ""odd-cyclic"", ""legendre"": 1, ""p"": 7}]",CLOSED_EXACT_CYCLIC_PRESENTATION
42,67,43,3,"[{""brown_mod8"": 3, ""canonical_t"": 3, ""e"": 1, ""kind"": ""2-cyclic-odd"", ""p"": 2}, {""canonical_t"": 1, ""e"": 1, ""kind"": ""odd-cyclic"", ""legendre"": 1, ""p"": 3}, {""canonical_t"": 1, ""e"": 1, ""kind"": ""odd-cyclic"", ""legendre"": 1, ""p"": 7}]",CLOSED_EXACT_CYCLIC_PRESENTATION
42,71,11,3,"[{""brown_mod8"": 3, ""canonical_t"": 3, ""e"": 1, ""kind"": ""2-cyclic-odd"", ""p"": 2}, {""canonical_t"": 2, ""e"": 1, ""kind"": ""odd-cyclic"", ""legendre"": -1, ""p"": 3}, {""canonical_t"": 1, ""e"": 1, ""kind"": ""odd-cyclic"", ""legendre"": 1, ""p"": 7}]",CLOSED_EXACT_CYCLIC_PRESENTATION
42,73,13,3,"[{""brown_mod8"": 1, ""canonical_t"": 1, ""e"": 1, ""kind"": ""2-cyclic-odd"", ""p"": 2}, {""canonical_t"": 1, ""e"": 1, ""kind"": ""odd-cyclic"", ""legendre"": 1, ""p"": 3}, {""canonical_t"": 3, ""e"": 1, ""kind"": ""odd-cyclic"", ""legendre"": -1, ""p"": 7}]",CLOSED_EXACT_CYCLIC_PRESENTATION
42,79,43,3,"[{""brown_mod8"": 3, ""canonical_t"": 3, ""e"": 1, ""kind"": ""2-cyclic-odd"", ""p"": 2}, {""canonical_t"": 1, ""e"": 1, ""kind"": ""odd-cyclic"", ""legendre"": 1, ""p"": 3}, {""canonical_t"": 1, ""e"": 1, ""kind"": ""odd-cyclic"", ""legendre"": 1, ""p"": 7}]",CLOSED_EXACT_CYCLIC_PRESENTATION
42,83,47,3,"[{""brown_mod8"": 3, ""canonical_t"": 3, ""e"": 1, ""kind"": ""2-cyclic-odd"", ""p"": 2}, {""canonical_t"": 2, ""e"": 1, ""kind"": ""odd-cyclic"", ""legendre"": -1, ""p"": 3}, {""canonical_t"": 3, ""e"": 1, ""kind"": ""odd-cyclic"", ""legendre"": -1, ""p"": 7}]",CLOSED_EXACT_CYCLIC_PRESENTATION
43,1,1,21,"[{""canonical_t"": 1, ""e"": 1, ""kind"": ""odd-cyclic"", ""legendre"": 1, ""p"": 43}]",CLOSED_EXACT_CYCLIC_PRESENTATION
43,3,3,21,"[{""canonical_t"": 2, ""e"": 1, ""kind"": ""odd-cyclic"", ""legendre"": -1, ""p"": 43}]",CLOSED_EXACT_CYCLIC_PRESENTATION
43,5,3,21,"[{""canonical_t"": 2, ""e"": 1, ""kind"": ""odd-cyclic"", ""legendre"": -1, ""p"": 43}]",CLOSED_EXACT_CYCLIC_PRESENTATION
43,7,3,21,"[{""canonical_t"": 2, ""e"": 1, ""kind"": ""odd-cyclic"", ""legendre"": -1, ""p"": 43}]",CLOSED_EXACT_CYCLIC_PRESENTATION
43,9,1,21,"[{""canonical_t"": 1, ""e"": 1, ""kind"": ""odd-cyclic"", ""legendre"": 1, ""p"": 43}]",CLOSED_EXACT_CYCLIC_PRESENTATION
43,11,1,21,"[{""canonical_t"": 1, ""e"": 1, ""kind"": ""odd-cyclic"", ""legendre"": 1, ""p"": 43}]",CLOSED_EXACT_CYCLIC_PRESENTATION
43,13,1,21,"[{""canonical_t"": 1, ""e"": 1, ""kind"": ""odd-cyclic"", ""legendre"": 1, ""p"": 43}]",CLOSED_EXACT_CYCLIC_PRESENTATION
43,15,1,21,"[{""canonical_t"": 1, ""e"": 1, ""kind"": ""odd-cyclic"", ""legendre"": 1, ""p"": 43}]",CLOSED_EXACT_CYCLIC_PRESENTATION
43,17,1,21,"[{""canonical_t"": 1, ""e"": 1, ""kind"": ""odd-cyclic"", ""legendre"": 1, ""p"": 43}]",CLOSED_EXACT_CYCLIC_PRESENTATION
43,19,3,21,"[{""canonical_t"": 2, ""e"": 1, ""kind"": ""odd-cyclic"", ""legendre"": -1, ""p"": 43}]",CLOSED_EXACT_CYCLIC_PRESENTATION
43,21,1,21,"[{""canonical_t"": 1, ""e"": 1, ""kind"": ""odd-cyclic"", ""legendre"": 1, ""p"": 43}]",CLOSED_EXACT_CYCLIC_PRESENTATION
43,23,1,21,"[{""canonical_t"": 1, ""e"": 1, ""kind"": ""odd-cyclic"", ""legendre"": 1, ""p"": 43}]",CLOSED_EXACT_CYCLIC_PRESENTATION
43,25,1,21,"[{""canonical_t"": 1, ""e"": 1, ""kind"": ""odd-cyclic"", ""legendre"": 1, ""p"": 43}]",CLOSED_EXACT_CYCLIC_PRESENTATION
43,27,3,21,"[{""canonical_t"": 2, ""e"": 1, ""kind"": ""odd-cyclic"", ""legendre"": -1, ""p"": 43}]",CLOSED_EXACT_CYCLIC_PRESENTATION
43,29,3,21,"[{""canonical_t"": 2, ""e"": 1, ""kind"": ""odd-cyclic"", ""legendre"": -1, ""p"": 43}]",CLOSED_EXACT_CYCLIC_PRESENTATION
43,31,1,21,"[{""canonical_t"": 1, ""e"": 1, ""kind"": ""odd-cyclic"", ""legendre"": 1, ""p"": 43}]",CLOSED_EXACT_CYCLIC_PRESENTATION
43,33,3,21,"[{""canonical_t"": 2, ""e"": 1, ""kind"": ""odd-cyclic"", ""legendre"": -1, ""p"": 43}]",CLOSED_EXACT_CYCLIC_PRESENTATION
43,35,1,21,"[{""canonical_t"": 1, ""e"": 1, ""kind"": ""odd-cyclic"", ""legendre"": 1, ""p"": 43}]",CLOSED_EXACT_CYCLIC_PRESENTATION
43,37,3,21,"[{""canonical_t"": 2, ""e"": 1, ""kind"": ""odd-cyclic"", ""legendre"": -1, ""p"": 43}]",CLOSED_EXACT_CYCLIC_PRESENTATION
43,39,3,21,"[{""canonical_t"": 2, ""e"": 1, ""kind"": ""odd-cyclic"", ""legendre"": -1, ""p"": 43}]",CLOSED_EXACT_CYCLIC_PRESENTATION
43,41,1,21,"[{""canonical_t"": 1, ""e"": 1, ""kind"": ""odd-cyclic"", ""legendre"": 1, ""p"": 43}]",CLOSED_EXACT_CYCLIC_PRESENTATION
43,45,3,21,"[{""canonical_t"": 2, ""e"": 1, ""kind"": ""odd-cyclic"", ""legendre"": -1, ""p"": 43}]",CLOSED_EXACT_CYCLIC_PRESENTATION
43,47,1,21,"[{""canonical_t"": 1, ""e"": 1, ""kind"": ""odd-cyclic"", ""legendre"": 1, ""p"": 43}]",CLOSED_EXACT_CYCLIC_PRESENTATION
43,49,1,21,"[{""canonical_t"": 1, ""e"": 1, ""kind"": ""odd-cyclic"", ""legendre"": 1, ""p"": 43}]",CLOSED_EXACT_CYCLIC_PRESENTATION
43,51,3,21,"[{""canonical_t"": 2, ""e"": 1, ""kind"": ""odd-cyclic"", ""legendre"": -1, ""p"": 43}]",CLOSED_EXACT_CYCLIC_PRESENTATION
43,53,1,21,"[{""canonical_t"": 1, ""e"": 1, ""kind"": ""odd-cyclic"", ""legendre"": 1, ""p"": 43}]",CLOSED_EXACT_CYCLIC_PRESENTATION
43,55,3,21,"[{""canonical_t"": 2, ""e"": 1, ""kind"": ""odd-cyclic"", ""legendre"": -1, ""p"": 43}]",CLOSED_EXACT_CYCLIC_PRESENTATION
43,57,1,21,"[{""canonical_t"": 1, ""e"": 1, ""kind"": ""odd-cyclic"", ""legendre"": 1, ""p"": 43}]",CLOSED_EXACT_CYCLIC_PRESENTATION
43,59,1,21,"[{""canonical_t"": 1, ""e"": 1, ""kind"": ""odd-cyclic"", ""legendre"": 1, ""p"": 43}]",CLOSED_EXACT_CYCLIC_PRESENTATION
43,61,3,21,"[{""canonical_t"": 2, ""e"": 1, ""kind"": ""odd-cyclic"", ""legendre"": -1, ""p"": 43}]",CLOSED_EXACT_CYCLIC_PRESENTATION
43,63,3,21,"[{""canonical_t"": 2, ""e"": 1, ""kind"": ""odd-cyclic"", ""legendre"": -1, ""p"": 43}]",CLOSED_EXACT_CYCLIC_PRESENTATION
43,65,3,21,"[{""canonical_t"": 2, ""e"": 1, ""kind"": ""odd-cyclic"", ""legendre"": -1, ""p"": 43}]",CLOSED_EXACT_CYCLIC_PRESENTATION
43,67,1,21,"[{""canonical_t"": 1, ""e"": 1, ""kind"": ""odd-cyclic"", ""legendre"": 1, ""p"": 43}]",CLOSED_EXACT_CYCLIC_PRESENTATION
43,69,3,21,"[{""canonical_t"": 2, ""e"": 1, ""kind"": ""odd-cyclic"", ""legendre"": -1, ""p"": 43}]",CLOSED_EXACT_CYCLIC_PRESENTATION
43,71,3,21,"[{""canonical_t"": 2, ""e"": 1, ""kind"": ""odd-cyclic"", ""legendre"": -1, ""p"": 43}]",CLOSED_EXACT_CYCLIC_PRESENTATION
43,73,3,21,"[{""canonical_t"": 2, ""e"": 1, ""kind"": ""odd-cyclic"", ""legendre"": -1, ""p"": 43}]",CLOSED_EXACT_CYCLIC_PRESENTATION
43,75,3,21,"[{""canonical_t"": 2, ""e"": 1, ""kind"": ""odd-cyclic"", ""legendre"": -1, ""p"": 43}]",CLOSED_EXACT_CYCLIC_PRESENTATION
43,77,3,21,"[{""canonical_t"": 2, ""e"": 1, ""kind"": ""odd-cyclic"", ""legendre"": -1, ""p"": 43}]",CLOSED_EXACT_CYCLIC_PRESENTATION
43,79,1,21,"[{""canonical_t"": 1, ""e"": 1, ""kind"": ""odd-cyclic"", ""legendre"": 1, ""p"": 43}]",CLOSED_EXACT_CYCLIC_PRESENTATION
43,81,1,21,"[{""canonical_t"": 1, ""e"": 1, ""kind"": ""odd-cyclic"", ""legendre"": 1, ""p"": 43}]",CLOSED_EXACT_CYCLIC_PRESENTATION
43,83,1,21,"[{""canonical_t"": 1, ""e"": 1, ""kind"": ""odd-cyclic"", ""legendre"": 1, ""p"": 43}]",CLOSED_EXACT_CYCLIC_PRESENTATION
43,85,3,21,"[{""canonical_t"": 2, ""e"": 1, ""kind"": ""odd-cyclic"", ""legendre"": -1, ""p"": 43}]",CLOSED_EXACT_CYCLIC_PRESENTATION
44,1,1,5,"[{""brown_mod8"": 1, ""canonical_t"": 1, ""e"": 2, ""kind"": ""2-cyclic-odd"", ""p"": 2}, {""canonical_t"": 1, ""e"": 1, ""kind"": ""odd-cyclic"", ""legendre"": 1, ""p"": 11}]",CLOSED_EXACT_CYCLIC_PRESENTATION
44,3,3,5,"[{""brown_mod8"": 3, ""canonical_t"": 3, ""e"": 2, ""kind"": ""2-cyclic-odd"", ""p"": 2}, {""canonical_t"": 1, ""e"": 1, ""kind"": ""odd-cyclic"", ""legendre"": 1, ""p"": 11}]",CLOSED_EXACT_CYCLIC_PRESENTATION
44,5,5,5,"[{""brown_mod8"": 5, ""canonical_t"": 5, ""e"": 2, ""kind"": ""2-cyclic-odd"", ""p"": 2}, {""canonical_t"": 1, ""e"": 1, ""kind"": ""odd-cyclic"", ""legendre"": 1, ""p"": 11}]",CLOSED_EXACT_CYCLIC_PRESENTATION
44,7,7,5,"[{""brown_mod8"": 7, ""canonical_t"": 7, ""e"": 2, ""kind"": ""2-cyclic-odd"", ""p"": 2}, {""canonical_t"": 2, ""e"": 1, ""kind"": ""odd-cyclic"", ""legendre"": -1, ""p"": 11}]",CLOSED_EXACT_CYCLIC_PRESENTATION
44,9,1,5,"[{""brown_mod8"": 1, ""canonical_t"": 1, ""e"": 2, ""kind"": ""2-cyclic-odd"", ""p"": 2}, {""canonical_t"": 1, ""e"": 1, ""kind"": ""odd-cyclic"", ""legendre"": 1, ""p"": 11}]",CLOSED_EXACT_CYCLIC_PRESENTATION
44,13,13,5,"[{""brown_mod8"": 5, ""canonical_t"": 5, ""e"": 2, ""kind"": ""2-cyclic-odd"", ""p"": 2}, {""canonical_t"": 2, ""e"": 1, ""kind"": ""odd-cyclic"", ""legendre"": -1, ""p"": 11}]",CLOSED_EXACT_CYCLIC_PRESENTATION
44,15,15,5,"[{""brown_mod8"": 7, ""canonical_t"": 7, ""e"": 2, ""kind"": ""2-cyclic-odd"", ""p"": 2}, {""canonical_t"": 1, ""e"": 1, ""kind"": ""odd-cyclic"", ""legendre"": 1, ""p"": 11}]",CLOSED_EXACT_CYCLIC_PRESENTATION
44,17,17,5,"[{""brown_mod8"": 1, ""canonical_t"": 1, ""e"": 2, ""kind"": ""2-cyclic-odd"", ""p"": 2}, {""canonical_t"": 2, ""e"": 1, ""kind"": ""odd-cyclic"", ""legendre"": -1, ""p"": 11}]",CLOSED_EXACT_CYCLIC_PRESENTATION
44,19,19,5,"[{""brown_mod8"": 3, ""canonical_t"": 3, ""e"": 2, ""kind"": ""2-cyclic-odd"", ""p"": 2}, {""canonical_t"": 2, ""e"": 1, ""kind"": ""odd-cyclic"", ""legendre"": -1, ""p"": 11}]",CLOSED_EXACT_CYCLIC_PRESENTATION
44,21,13,5,"[{""brown_mod8"": 5, ""canonical_t"": 5, ""e"": 2, ""kind"": ""2-cyclic-odd"", ""p"": 2}, {""canonical_t"": 2, ""e"": 1, ""kind"": ""odd-cyclic"", ""legendre"": -1, ""p"": 11}]",CLOSED_EXACT_CYCLIC_PRESENTATION
44,23,15,5,"[{""brown_mod8"": 7, ""canonical_t"": 7, ""e"": 2, ""kind"": ""2-cyclic-odd"", ""p"": 2}, {""canonical_t"": 1, ""e"": 1, ""kind"": ""odd-cyclic"", ""legendre"": 1, ""p"": 11}]",CLOSED_EXACT_CYCLIC_PRESENTATION
44,25,1,5,"[{""brown_mod8"": 1, ""canonical_t"": 1, ""e"": 2, ""kind"": ""2-cyclic-odd"", ""p"": 2}, {""canonical_t"": 1, ""e"": 1, ""kind"": ""odd-cyclic"", ""legendre"": 1, ""p"": 11}]",CLOSED_EXACT_CYCLIC_PRESENTATION
44,27,3,5,"[{""brown_mod8"": 3, ""canonical_t"": 3, ""e"": 2, ""kind"": ""2-cyclic-odd"", ""p"": 2}, {""canonical_t"": 1, ""e"": 1, ""kind"": ""odd-cyclic"", ""legendre"": 1, ""p"": 11}]",CLOSED_EXACT_CYCLIC_PRESENTATION
44,29,13,5,"[{""brown_mod8"": 5, ""canonical_t"": 5, ""e"": 2, ""kind"": ""2-cyclic-odd"", ""p"": 2}, {""canonical_t"": 2, ""e"": 1, ""kind"": ""odd-cyclic"", ""legendre"": -1, ""p"": 11}]",CLOSED_EXACT_CYCLIC_PRESENTATION
44,31,15,5,"[{""brown_mod8"": 7, ""canonical_t"": 7, ""e"": 2, ""kind"": ""2-cyclic-odd"", ""p"": 2}, {""canonical_t"": 1, ""e"": 1, ""kind"": ""odd-cyclic"", ""legendre"": 1, ""p"": 11}]",CLOSED_EXACT_CYCLIC_PRESENTATION
44,35,19,5,"[{""brown_mod8"": 3, ""canonical_t"": 3, ""e"": 2, ""kind"": ""2-cyclic-odd"", ""p"": 2}, {""canonical_t"": 2, ""e"": 1, ""kind"": ""odd-cyclic"", ""legendre"": -1, ""p"": 11}]",CLOSED_EXACT_CYCLIC_PRESENTATION
44,37,5,5,"[{""brown_mod8"": 5, ""canonical_t"": 5, ""e"": 2, ""kind"": ""2-cyclic-odd"", ""p"": 2}, {""canonical_t"": 1, ""e"": 1, ""kind"": ""odd-cyclic"", ""legendre"": 1, ""p"": 11}]",CLOSED_EXACT_CYCLIC_PRESENTATION
44,39,7,5,"[{""brown_mod8"": 7, ""canonical_t"": 7, ""e"": 2, ""kind"": ""2-cyclic-odd"", ""p"": 2}, {""canonical_t"": 2, ""e"": 1, ""kind"": ""odd-cyclic"", ""legendre"": -1, ""p"": 11}]",CLOSED_EXACT_CYCLIC_PRESENTATION
44,41,17,5,"[{""brown_mod8"": 1, ""canonical_t"": 1, ""e"": 2, ""kind"": ""2-cyclic-odd"", ""p"": 2}, {""canonical_t"": 2, ""e"": 1, ""kind"": ""odd-cyclic"", ""legendre"": -1, ""p"": 11}]",CLOSED_EXACT_CYCLIC_PRESENTATION
44,43,19,5,"[{""brown_mod8"": 3, ""canonical_t"": 3, ""e"": 2, ""kind"": ""2-cyclic-odd"", ""p"": 2}, {""canonical_t"": 2, ""e"": 1, ""kind"": ""odd-cyclic"", ""legendre"": -1, ""p"": 11}]",CLOSED_EXACT_CYCLIC_PRESENTATION
44,45,5,5,"[{""brown_mod8"": 5, ""canonical_t"": 5, ""e"": 2, ""kind"": ""2-cyclic-odd"", ""p"": 2}, {""canonical_t"": 1, ""e"": 1, ""kind"": ""odd-cyclic"", ""legendre"": 1, ""p"": 11}]",CLOSED_EXACT_CYCLIC_PRESENTATION
44,47,15,5,"[{""brown_mod8"": 7, ""canonical_t"": 7, ""e"": 2, ""kind"": ""2-cyclic-odd"", ""p"": 2}, {""canonical_t"": 1, ""e"": 1, ""kind"": ""odd-cyclic"", ""legendre"": 1, ""p"": 11}]",CLOSED_EXACT_CYCLIC_PRESENTATION
44,49,1,5,"[{""brown_mod8"": 1, ""canonical_t"": 1, ""e"": 2, ""kind"": ""2-cyclic-odd"", ""p"": 2}, {""canonical_t"": 1, ""e"": 1, ""kind"": ""odd-cyclic"", ""legendre"": 1, ""p"": 11}]",CLOSED_EXACT_CYCLIC_PRESENTATION
44,51,19,5,"[{""brown_mod8"": 3, ""canonical_t"": 3, ""e"": 2, ""kind"": ""2-cyclic-odd"", ""p"": 2}, {""canonical_t"": 2, ""e"": 1, ""kind"": ""odd-cyclic"", ""legendre"": -1, ""p"": 11}]",CLOSED_EXACT_CYCLIC_PRESENTATION
44,53,5,5,"[{""brown_mod8"": 5, ""canonical_t"": 5, ""e"": 2, ""kind"": ""2-cyclic-odd"", ""p"": 2}, {""canonical_t"": 1, ""e"": 1, ""kind"": ""odd-cyclic"", ""legendre"": 1, ""p"": 11}]",CLOSED_EXACT_CYCLIC_PRESENTATION
44,57,17,5,"[{""brown_mod8"": 1, ""canonical_t"": 1, ""e"": 2, ""kind"": ""2-cyclic-odd"", ""p"": 2}, {""canonical_t"": 2, ""e"": 1, ""kind"": ""odd-cyclic"", ""legendre"": -1, ""p"": 11}]",CLOSED_EXACT_CYCLIC_PRESENTATION
44,59,3,5,"[{""brown_mod8"": 3, ""canonical_t"": 3, ""e"": 2, ""kind"": ""2-cyclic-odd"", ""p"": 2}, {""canonical_t"": 1, ""e"": 1, ""kind"": ""odd-cyclic"", ""legendre"": 1, ""p"": 11}]",CLOSED_EXACT_CYCLIC_PRESENTATION
44,61,13,5,"[{""brown_mod8"": 5, ""canonical_t"": 5, ""e"": 2, ""kind"": ""2-cyclic-odd"", ""p"": 2}, {""canonical_t"": 2, ""e"": 1, ""kind"": ""odd-cyclic"", ""legendre"": -1, ""p"": 11}]",CLOSED_EXACT_CYCLIC_PRESENTATION
44,63,7,5,"[{""brown_mod8"": 7, ""canonical_t"": 7, ""e"": 2, ""kind"": ""2-cyclic-odd"", ""p"": 2}, {""canonical_t"": 2, ""e"": 1, ""kind"": ""odd-cyclic"", ""legendre"": -1, ""p"": 11}]",CLOSED_EXACT_CYCLIC_PRESENTATION
44,65,17,5,"[{""brown_mod8"": 1, ""canonical_t"": 1, ""e"": 2, ""kind"": ""2-cyclic-odd"", ""p"": 2}, {""canonical_t"": 2, ""e"": 1, ""kind"": ""odd-cyclic"", ""legendre"": -1, ""p"": 11}]",CLOSED_EXACT_CYCLIC_PRESENTATION
44,67,3,5,"[{""brown_mod8"": 3, ""canonical_t"": 3, ""e"": 2, ""kind"": ""2-cyclic-odd"", ""p"": 2}, {""canonical_t"": 1, ""e"": 1, ""kind"": ""odd-cyclic"", ""legendre"": 1, ""p"": 11}]",CLOSED_EXACT_CYCLIC_PRESENTATION
44,69,5,5,"[{""brown_mod8"": 5, ""canonical_t"": 5, ""e"": 2, ""kind"": ""2-cyclic-odd"", ""p"": 2}, {""canonical_t"": 1, ""e"": 1, ""kind"": ""odd-cyclic"", ""legendre"": 1, ""p"": 11}]",CLOSED_EXACT_CYCLIC_PRESENTATION
44,71,15,5,"[{""brown_mod8"": 7, ""canonical_t"": 7, ""e"": 2, ""kind"": ""2-cyclic-odd"", ""p"": 2}, {""canonical_t"": 1, ""e"": 1, ""kind"": ""odd-cyclic"", ""legendre"": 1, ""p"": 11}]",CLOSED_EXACT_CYCLIC_PRESENTATION
44,73,17,5,"[{""brown_mod8"": 1, ""canonical_t"": 1, ""e"": 2, ""kind"": ""2-cyclic-odd"", ""p"": 2}, {""canonical_t"": 2, ""e"": 1, ""kind"": ""odd-cyclic"", ""legendre"": -1, ""p"": 11}]",CLOSED_EXACT_CYCLIC_PRESENTATION
44,75,3,5,"[{""brown_mod8"": 3, ""canonical_t"": 3, ""e"": 2, ""kind"": ""2-cyclic-odd"", ""p"": 2}, {""canonical_t"": 1, ""e"": 1, ""kind"": ""odd-cyclic"", ""legendre"": 1, ""p"": 11}]",CLOSED_EXACT_CYCLIC_PRESENTATION
44,79,7,5,"[{""brown_mod8"": 7, ""canonical_t"": 7, ""e"": 2, ""kind"": ""2-cyclic-odd"", ""p"": 2}, {""canonical_t"": 2, ""e"": 1, ""kind"": ""odd-cyclic"", ""legendre"": -1, ""p"": 11}]",CLOSED_EXACT_CYCLIC_PRESENTATION
44,81,1,5,"[{""brown_mod8"": 1, ""canonical_t"": 1, ""e"": 2, ""kind"": ""2-cyclic-odd"", ""p"": 2}, {""canonical_t"": 1, ""e"": 1, ""kind"": ""odd-cyclic"", ""legendre"": 1, ""p"": 11}]",CLOSED_EXACT_CYCLIC_PRESENTATION
44,83,19,5,"[{""brown_mod8"": 3, ""canonical_t"": 3, ""e"": 2, ""kind"": ""2-cyclic-odd"", ""p"": 2}, {""canonical_t"": 2, ""e"": 1, ""kind"": ""odd-cyclic"", ""legendre"": -1, ""p"": 11}]",CLOSED_EXACT_CYCLIC_PRESENTATION
44,85,13,5,"[{""brown_mod8"": 5, ""canonical_t"": 5, ""e"": 2, ""kind"": ""2-cyclic-odd"", ""p"": 2}, {""canonical_t"": 2, ""e"": 1, ""kind"": ""odd-cyclic"", ""legendre"": -1, ""p"": 11}]",CLOSED_EXACT_CYCLIC_PRESENTATION
44,87,7,5,"[{""brown_mod8"": 7, ""canonical_t"": 7, ""e"": 2, ""kind"": ""2-cyclic-odd"", ""p"": 2}, {""canonical_t"": 2, ""e"": 1, ""kind"": ""odd-cyclic"", ""legendre"": -1, ""p"": 11}]",CLOSED_EXACT_CYCLIC_PRESENTATION
45,1,1,6,"[{""canonical_t"": 1, ""e"": 2, ""kind"": ""odd-cyclic"", ""legendre"": 1, ""p"": 3}, {""canonical_t"": 1, ""e"": 1, ""kind"": ""odd-cyclic"", ""legendre"": 1, ""p"": 5}]",CLOSED_EXACT_CYCLIC_PRESENTATION
45,7,7,6,"[{""canonical_t"": 1, ""e"": 2, ""kind"": ""odd-cyclic"", ""legendre"": 1, ""p"": 3}, {""canonical_t"": 2, ""e"": 1, ""kind"": ""odd-cyclic"", ""legendre"": -1, ""p"": 5}]",CLOSED_EXACT_CYCLIC_PRESENTATION
45,11,11,6,"[{""canonical_t"": 2, ""e"": 2, ""kind"": ""odd-cyclic"", ""legendre"": -1, ""p"": 3}, {""canonical_t"": 1, ""e"": 1, ""kind"": ""odd-cyclic"", ""legendre"": 1, ""p"": 5}]",CLOSED_EXACT_CYCLIC_PRESENTATION
45,13,7,6,"[{""canonical_t"": 1, ""e"": 2, ""kind"": ""odd-cyclic"", ""legendre"": 1, ""p"": 3}, {""canonical_t"": 2, ""e"": 1, ""kind"": ""odd-cyclic"", ""legendre"": -1, ""p"": 5}]",CLOSED_EXACT_CYCLIC_PRESENTATION
45,17,17,6,"[{""canonical_t"": 2, ""e"": 2, ""kind"": ""odd-cyclic"", ""legendre"": -1, ""p"": 3}, {""canonical_t"": 2, ""e"": 1, ""kind"": ""odd-cyclic"", ""legendre"": -1, ""p"": 5}]",CLOSED_EXACT_CYCLIC_PRESENTATION
45,19,1,6,"[{""canonical_t"": 1, ""e"": 2, ""kind"": ""odd-cyclic"", ""legendre"": 1, ""p"": 3}, {""canonical_t"": 1, ""e"": 1, ""kind"": ""odd-cyclic"", ""legendre"": 1, ""p"": 5}]",CLOSED_EXACT_CYCLIC_PRESENTATION
45,23,17,6,"[{""canonical_t"": 2, ""e"": 2, ""kind"": ""odd-cyclic"", ""legendre"": -1, ""p"": 3}, {""canonical_t"": 2, ""e"": 1, ""kind"": ""odd-cyclic"", ""legendre"": -1, ""p"": 5}]",CLOSED_EXACT_CYCLIC_PRESENTATION
45,29,11,6,"[{""canonical_t"": 2, ""e"": 2, ""kind"": ""odd-cyclic"", ""legendre"": -1, ""p"": 3}, {""canonical_t"": 1, ""e"": 1, ""kind"": ""odd-cyclic"", ""legendre"": 1, ""p"": 5}]",CLOSED_EXACT_CYCLIC_PRESENTATION
45,31,1,6,"[{""canonical_t"": 1, ""e"": 2, ""kind"": ""odd-cyclic"", ""legendre"": 1, ""p"": 3}, {""canonical_t"": 1, ""e"": 1, ""kind"": ""odd-cyclic"", ""legendre"": 1, ""p"": 5}]",CLOSED_EXACT_CYCLIC_PRESENTATION
45,37,7,6,"[{""canonical_t"": 1, ""e"": 2, ""kind"": ""odd-cyclic"", ""legendre"": 1, ""p"": 3}, {""canonical_t"": 2, ""e"": 1, ""kind"": ""odd-cyclic"", ""legendre"": -1, ""p"": 5}]",CLOSED_EXACT_CYCLIC_PRESENTATION
45,41,11,6,"[{""canonical_t"": 2, ""e"": 2, ""kind"": ""odd-cyclic"", ""legendre"": -1, ""p"": 3}, {""canonical_t"": 1, ""e"": 1, ""kind"": ""odd-cyclic"", ""legendre"": 1, ""p"": 5}]",CLOSED_EXACT_CYCLIC_PRESENTATION
45,43,7,6,"[{""canonical_t"": 1, ""e"": 2, ""kind"": ""odd-cyclic"", ""legendre"": 1, ""p"": 3}, {""canonical_t"": 2, ""e"": 1, ""kind"": ""odd-cyclic"", ""legendre"": -1, ""p"": 5}]",CLOSED_EXACT_CYCLIC_PRESENTATION
45,47,17,6,"[{""canonical_t"": 2, ""e"": 2, ""kind"": ""odd-cyclic"", ""legendre"": -1, ""p"": 3}, {""canonical_t"": 2, ""e"": 1, ""kind"": ""odd-cyclic"", ""legendre"": -1, ""p"": 5}]",CLOSED_EXACT_CYCLIC_PRESENTATION
45,49,1,6,"[{""canonical_t"": 1, ""e"": 2, ""kind"": ""odd-cyclic"", ""legendre"": 1, ""p"": 3}, {""canonical_t"": 1, ""e"": 1, ""kind"": ""odd-cyclic"", ""legendre"": 1, ""p"": 5}]",CLOSED_EXACT_CYCLIC_PRESENTATION
45,53,17,6,"[{""canonical_t"": 2, ""e"": 2, ""kind"": ""odd-cyclic"", ""legendre"": -1, ""p"": 3}, {""canonical_t"": 2, ""e"": 1, ""kind"": ""odd-cyclic"", ""legendre"": -1, ""p"": 5}]",CLOSED_EXACT_CYCLIC_PRESENTATION
45,59,11,6,"[{""canonical_t"": 2, ""e"": 2, ""kind"": ""odd-cyclic"", ""legendre"": -1, ""p"": 3}, {""canonical_t"": 1, ""e"": 1, ""kind"": ""odd-cyclic"", ""legendre"": 1, ""p"": 5}]",CLOSED_EXACT_CYCLIC_PRESENTATION
45,61,1,6,"[{""canonical_t"": 1, ""e"": 2, ""kind"": ""odd-cyclic"", ""legendre"": 1, ""p"": 3}, {""canonical_t"": 1, ""e"": 1, ""kind"": ""odd-cyclic"", ""legendre"": 1, ""p"": 5}]",CLOSED_EXACT_CYCLIC_PRESENTATION
45,67,7,6,"[{""canonical_t"": 1, ""e"": 2, ""kind"": ""odd-cyclic"", ""legendre"": 1, ""p"": 3}, {""canonical_t"": 2, ""e"": 1, ""kind"": ""odd-cyclic"", ""legendre"": -1, ""p"": 5}]",CLOSED_EXACT_CYCLIC_PRESENTATION
45,71,11,6,"[{""canonical_t"": 2, ""e"": 2, ""kind"": ""odd-cyclic"", ""legendre"": -1, ""p"": 3}, {""canonical_t"": 1, ""e"": 1, ""kind"": ""odd-cyclic"", ""legendre"": 1, ""p"": 5}]",CLOSED_EXACT_CYCLIC_PRESENTATION
45,73,7,6,"[{""canonical_t"": 1, ""e"": 2, ""kind"": ""odd-cyclic"", ""legendre"": 1, ""p"": 3}, {""canonical_t"": 2, ""e"": 1, ""kind"": ""odd-cyclic"", ""legendre"": -1, ""p"": 5}]",CLOSED_EXACT_CYCLIC_PRESENTATION
45,77,17,6,"[{""canonical_t"": 2, ""e"": 2, ""kind"": ""odd-cyclic"", ""legendre"": -1, ""p"": 3}, {""canonical_t"": 2, ""e"": 1, ""kind"": ""odd-cyclic"", ""legendre"": -1, ""p"": 5}]",CLOSED_EXACT_CYCLIC_PRESENTATION
45,79,1,6,"[{""canonical_t"": 1, ""e"": 2, ""kind"": ""odd-cyclic"", ""legendre"": 1, ""p"": 3}, {""canonical_t"": 1, ""e"": 1, ""kind"": ""odd-cyclic"", ""legendre"": 1, ""p"": 5}]",CLOSED_EXACT_CYCLIC_PRESENTATION
45,83,17,6,"[{""canonical_t"": 2, ""e"": 2, ""kind"": ""odd-cyclic"", ""legendre"": -1, ""p"": 3}, {""canonical_t"": 2, ""e"": 1, ""kind"": ""odd-cyclic"", ""legendre"": -1, ""p"": 5}]",CLOSED_EXACT_CYCLIC_PRESENTATION
45,89,11,6,"[{""canonical_t"": 2, ""e"": 2, ""kind"": ""odd-cyclic"", ""legendre"": -1, ""p"": 3}, {""canonical_t"": 1, ""e"": 1, ""kind"": ""odd-cyclic"", ""legendre"": 1, ""p"": 5}]",CLOSED_EXACT_CYCLIC_PRESENTATION
46,1,1,11,"[{""brown_mod8"": 1, ""canonical_t"": 1, ""e"": 1, ""kind"": ""2-cyclic-odd"", ""p"": 2}, {""canonical_t"": 1, ""e"": 1, ""kind"": ""odd-cyclic"", ""legendre"": 1, ""p"": 23}]",CLOSED_EXACT_CYCLIC_PRESENTATION
46,3,3,11,"[{""brown_mod8"": 3, ""canonical_t"": 3, ""e"": 1, ""kind"": ""2-cyclic-odd"", ""p"": 2}, {""canonical_t"": 1, ""e"": 1, ""kind"": ""odd-cyclic"", ""legendre"": 1, ""p"": 23}]",CLOSED_EXACT_CYCLIC_PRESENTATION
46,5,5,11,"[{""brown_mod8"": 1, ""canonical_t"": 1, ""e"": 1, ""kind"": ""2-cyclic-odd"", ""p"": 2}, {""canonical_t"": 5, ""e"": 1, ""kind"": ""odd-cyclic"", ""legendre"": -1, ""p"": 23}]",CLOSED_EXACT_CYCLIC_PRESENTATION
46,7,7,11,"[{""brown_mod8"": 3, ""canonical_t"": 3, ""e"": 1, ""kind"": ""2-cyclic-odd"", ""p"": 2}, {""canonical_t"": 5, ""e"": 1, ""kind"": ""odd-cyclic"", ""legendre"": -1, ""p"": 23}]",CLOSED_EXACT_CYCLIC_PRESENTATION
46,9,1,11,"[{""brown_mod8"": 1, ""canonical_t"": 1, ""e"": 1, ""kind"": ""2-cyclic-odd"", ""p"": 2}, {""canonical_t"": 1, ""e"": 1, ""kind"": ""odd-cyclic"", ""legendre"": 1, ""p"": 23}]",CLOSED_EXACT_CYCLIC_PRESENTATION
46,11,7,11,"[{""brown_mod8"": 3, ""canonical_t"": 3, ""e"": 1, ""kind"": ""2-cyclic-odd"", ""p"": 2}, {""canonical_t"": 5, ""e"": 1, ""kind"": ""odd-cyclic"", ""legendre"": -1, ""p"": 23}]",CLOSED_EXACT_CYCLIC_PRESENTATION
46,13,1,11,"[{""brown_mod8"": 1, ""canonical_t"": 1, ""e"": 1, ""kind"": ""2-cyclic-odd"", ""p"": 2}, {""canonical_t"": 1, ""e"": 1, ""kind"": ""odd-cyclic"", ""legendre"": 1, ""p"": 23}]",CLOSED_EXACT_CYCLIC_PRESENTATION
46,15,7,11,"[{""brown_mod8"": 3, ""canonical_t"": 3, ""e"": 1, ""kind"": ""2-cyclic-odd"", ""p"": 2}, {""canonical_t"": 5, ""e"": 1, ""kind"": ""odd-cyclic"", ""legendre"": -1, ""p"": 23}]",CLOSED_EXACT_CYCLIC_PRESENTATION
46,17,5,11,"[{""brown_mod8"": 1, ""canonical_t"": 1, ""e"": 1, ""kind"": ""2-cyclic-odd"", ""p"": 2}, {""canonical_t"": 5, ""e"": 1, ""kind"": ""odd-cyclic"", ""legendre"": -1, ""p"": 23}]",CLOSED_EXACT_CYCLIC_PRESENTATION
46,19,7,11,"[{""brown_mod8"": 3, ""canonical_t"": 3, ""e"": 1, ""kind"": ""2-cyclic-odd"", ""p"": 2}, {""canonical_t"": 5, ""e"": 1, ""kind"": ""odd-cyclic"", ""legendre"": -1, ""p"": 23}]",CLOSED_EXACT_CYCLIC_PRESENTATION
46,21,5,11,"[{""brown_mod8"": 1, ""canonical_t"": 1, ""e"": 1, ""kind"": ""2-cyclic-odd"", ""p"": 2}, {""canonical_t"": 5, ""e"": 1, ""kind"": ""odd-cyclic"", ""legendre"": -1, ""p"": 23}]",CLOSED_EXACT_CYCLIC_PRESENTATION
46,25,1,11,"[{""brown_mod8"": 1, ""canonical_t"": 1, ""e"": 1, ""kind"": ""2-cyclic-odd"", ""p"": 2}, {""canonical_t"": 1, ""e"": 1, ""kind"": ""odd-cyclic"", ""legendre"": 1, ""p"": 23}]",CLOSED_EXACT_CYCLIC_PRESENTATION
46,27,3,11,"[{""brown_mod8"": 3, ""canonical_t"": 3, ""e"": 1, ""kind"": ""2-cyclic-odd"", ""p"": 2}, {""canonical_t"": 1, ""e"": 1, ""kind"": ""odd-cyclic"", ""legendre"": 1, ""p"": 23}]",CLOSED_EXACT_CYCLIC_PRESENTATION
46,29,1,11,"[{""brown_mod8"": 1, ""canonical_t"": 1, ""e"": 1, ""kind"": ""2-cyclic-odd"", ""p"": 2}, {""canonical_t"": 1, ""e"": 1, ""kind"": ""odd-cyclic"", ""legendre"": 1, ""p"": 23}]",CLOSED_EXACT_CYCLIC_PRESENTATION
46,31,3,11,"[{""brown_mod8"": 3, ""canonical_t"": 3, ""e"": 1, ""kind"": ""2-cyclic-odd"", ""p"": 2}, {""canonical_t"": 1, ""e"": 1, ""kind"": ""odd-cyclic"", ""legendre"": 1, ""p"": 23}]",CLOSED_EXACT_CYCLIC_PRESENTATION
46,33,5,11,"[{""brown_mod8"": 1, ""canonical_t"": 1, ""e"": 1, ""kind"": ""2-cyclic-odd"", ""p"": 2}, {""canonical_t"": 5, ""e"": 1, ""kind"": ""odd-cyclic"", ""legendre"": -1, ""p"": 23}]",CLOSED_EXACT_CYCLIC_PRESENTATION
46,35,3,11,"[{""brown_mod8"": 3, ""canonical_t"": 3, ""e"": 1, ""kind"": ""2-cyclic-odd"", ""p"": 2}, {""canonical_t"": 1, ""e"": 1, ""kind"": ""odd-cyclic"", ""legendre"": 1, ""p"": 23}]",CLOSED_EXACT_CYCLIC_PRESENTATION
46,37,5,11,"[{""brown_mod8"": 1, ""canonical_t"": 1, ""e"": 1, ""kind"": ""2-cyclic-odd"", ""p"": 2}, {""canonical_t"": 5, ""e"": 1, ""kind"": ""odd-cyclic"", ""legendre"": -1, ""p"": 23}]",CLOSED_EXACT_CYCLIC_PRESENTATION
46,39,3,11,"[{""brown_mod8"": 3, ""canonical_t"": 3, ""e"": 1, ""kind"": ""2-cyclic-odd"", ""p"": 2}, {""canonical_t"": 1, ""e"": 1, ""kind"": ""odd-cyclic"", ""legendre"": 1, ""p"": 23}]",CLOSED_EXACT_CYCLIC_PRESENTATION
46,41,1,11,"[{""brown_mod8"": 1, ""canonical_t"": 1, ""e"": 1, ""kind"": ""2-cyclic-odd"", ""p"": 2}, {""canonical_t"": 1, ""e"": 1, ""kind"": ""odd-cyclic"", ""legendre"": 1, ""p"": 23}]",CLOSED_EXACT_CYCLIC_PRESENTATION
46,43,7,11,"[{""brown_mod8"": 3, ""canonical_t"": 3, ""e"": 1, ""kind"": ""2-cyclic-odd"", ""p"": 2}, {""canonical_t"": 5, ""e"": 1, ""kind"": ""odd-cyclic"", ""legendre"": -1, ""p"": 23}]",CLOSED_EXACT_CYCLIC_PRESENTATION
46,45,5,11,"[{""brown_mod8"": 1, ""canonical_t"": 1, ""e"": 1, ""kind"": ""2-cyclic-odd"", ""p"": 2}, {""canonical_t"": 5, ""e"": 1, ""kind"": ""odd-cyclic"", ""legendre"": -1, ""p"": 23}]",CLOSED_EXACT_CYCLIC_PRESENTATION
46,47,3,11,"[{""brown_mod8"": 3, ""canonical_t"": 3, ""e"": 1, ""kind"": ""2-cyclic-odd"", ""p"": 2}, {""canonical_t"": 1, ""e"": 1, ""kind"": ""odd-cyclic"", ""legendre"": 1, ""p"": 23}]",CLOSED_EXACT_CYCLIC_PRESENTATION
46,49,1,11,"[{""brown_mod8"": 1, ""canonical_t"": 1, ""e"": 1, ""kind"": ""2-cyclic-odd"", ""p"": 2}, {""canonical_t"": 1, ""e"": 1, ""kind"": ""odd-cyclic"", ""legendre"": 1, ""p"": 23}]",CLOSED_EXACT_CYCLIC_PRESENTATION
46,51,7,11,"[{""brown_mod8"": 3, ""canonical_t"": 3, ""e"": 1, ""kind"": ""2-cyclic-odd"", ""p"": 2}, {""canonical_t"": 5, ""e"": 1, ""kind"": ""odd-cyclic"", ""legendre"": -1, ""p"": 23}]",CLOSED_EXACT_CYCLIC_PRESENTATION
46,53,5,11,"[{""brown_mod8"": 1, ""canonical_t"": 1, ""e"": 1, ""kind"": ""2-cyclic-odd"", ""p"": 2}, {""canonical_t"": 5, ""e"": 1, ""kind"": ""odd-cyclic"", ""legendre"": -1, ""p"": 23}]",CLOSED_EXACT_CYCLIC_PRESENTATION
46,55,3,11,"[{""brown_mod8"": 3, ""canonical_t"": 3, ""e"": 1, ""kind"": ""2-cyclic-odd"", ""p"": 2}, {""canonical_t"": 1, ""e"": 1, ""kind"": ""odd-cyclic"", ""legendre"": 1, ""p"": 23}]",CLOSED_EXACT_CYCLIC_PRESENTATION
46,57,5,11,"[{""brown_mod8"": 1, ""canonical_t"": 1, ""e"": 1, ""kind"": ""2-cyclic-odd"", ""p"": 2}, {""canonical_t"": 5, ""e"": 1, ""kind"": ""odd-cyclic"", ""legendre"": -1, ""p"": 23}]",CLOSED_EXACT_CYCLIC_PRESENTATION
46,59,3,11,"[{""brown_mod8"": 3, ""canonical_t"": 3, ""e"": 1, ""kind"": ""2-cyclic-odd"", ""p"": 2}, {""canonical_t"": 1, ""e"": 1, ""kind"": ""odd-cyclic"", ""legendre"": 1, ""p"": 23}]",CLOSED_EXACT_CYCLIC_PRESENTATION
46,61,5,11,"[{""brown_mod8"": 1, ""canonical_t"": 1, ""e"": 1, ""kind"": ""2-cyclic-odd"", ""p"": 2}, {""canonical_t"": 5, ""e"": 1, ""kind"": ""odd-cyclic"", ""legendre"": -1, ""p"": 23}]",CLOSED_EXACT_CYCLIC_PRESENTATION
46,63,7,11,"[{""brown_mod8"": 3, ""canonical_t"": 3, ""e"": 1, ""kind"": ""2-cyclic-odd"", ""p"": 2}, {""canonical_t"": 5, ""e"": 1, ""kind"": ""odd-cyclic"", ""legendre"": -1, ""p"": 23}]",CLOSED_EXACT_CYCLIC_PRESENTATION
46,65,5,11,"[{""brown_mod8"": 1, ""canonical_t"": 1, ""e"": 1, ""kind"": ""2-cyclic-odd"", ""p"": 2}, {""canonical_t"": 5, ""e"": 1, ""kind"": ""odd-cyclic"", ""legendre"": -1, ""p"": 23}]",CLOSED_EXACT_CYCLIC_PRESENTATION
46,67,7,11,"[{""brown_mod8"": 3, ""canonical_t"": 3, ""e"": 1, ""kind"": ""2-cyclic-odd"", ""p"": 2}, {""canonical_t"": 5, ""e"": 1, ""kind"": ""odd-cyclic"", ""legendre"": -1, ""p"": 23}]",CLOSED_EXACT_CYCLIC_PRESENTATION
46,71,3,11,"[{""brown_mod8"": 3, ""canonical_t"": 3, ""e"": 1, ""kind"": ""2-cyclic-odd"", ""p"": 2}, {""canonical_t"": 1, ""e"": 1, ""kind"": ""odd-cyclic"", ""legendre"": 1, ""p"": 23}]",CLOSED_EXACT_CYCLIC_PRESENTATION
46,73,1,11,"[{""brown_mod8"": 1, ""canonical_t"": 1, ""e"": 1, ""kind"": ""2-cyclic-odd"", ""p"": 2}, {""canonical_t"": 1, ""e"": 1, ""kind"": ""odd-cyclic"", ""legendre"": 1, ""p"": 23}]",CLOSED_EXACT_CYCLIC_PRESENTATION
46,75,3,11,"[{""brown_mod8"": 3, ""canonical_t"": 3, ""e"": 1, ""kind"": ""2-cyclic-odd"", ""p"": 2}, {""canonical_t"": 1, ""e"": 1, ""kind"": ""odd-cyclic"", ""legendre"": 1, ""p"": 23}]",CLOSED_EXACT_CYCLIC_PRESENTATION
46,77,1,11,"[{""brown_mod8"": 1, ""canonical_t"": 1, ""e"": 1, ""kind"": ""2-cyclic-odd"", ""p"": 2}, {""canonical_t"": 1, ""e"": 1, ""kind"": ""odd-cyclic"", ""legendre"": 1, ""p"": 23}]",CLOSED_EXACT_CYCLIC_PRESENTATION
46,79,7,11,"[{""brown_mod8"": 3, ""canonical_t"": 3, ""e"": 1, ""kind"": ""2-cyclic-odd"", ""p"": 2}, {""canonical_t"": 5, ""e"": 1, ""kind"": ""odd-cyclic"", ""legendre"": -1, ""p"": 23}]",CLOSED_EXACT_CYCLIC_PRESENTATION
46,81,1,11,"[{""brown_mod8"": 1, ""canonical_t"": 1, ""e"": 1, ""kind"": ""2-cyclic-odd"", ""p"": 2}, {""canonical_t"": 1, ""e"": 1, ""kind"": ""odd-cyclic"", ""legendre"": 1, ""p"": 23}]",CLOSED_EXACT_CYCLIC_PRESENTATION
46,83,7,11,"[{""brown_mod8"": 3, ""canonical_t"": 3, ""e"": 1, ""kind"": ""2-cyclic-odd"", ""p"": 2}, {""canonical_t"": 5, ""e"": 1, ""kind"": ""odd-cyclic"", ""legendre"": -1, ""p"": 23}]",CLOSED_EXACT_CYCLIC_PRESENTATION
46,85,1,11,"[{""brown_mod8"": 1, ""canonical_t"": 1, ""e"": 1, ""kind"": ""2-cyclic-odd"", ""p"": 2}, {""canonical_t"": 1, ""e"": 1, ""kind"": ""odd-cyclic"", ""legendre"": 1, ""p"": 23}]",CLOSED_EXACT_CYCLIC_PRESENTATION
46,87,3,11,"[{""brown_mod8"": 3, ""canonical_t"": 3, ""e"": 1, ""kind"": ""2-cyclic-odd"", ""p"": 2}, {""canonical_t"": 1, ""e"": 1, ""kind"": ""odd-cyclic"", ""legendre"": 1, ""p"": 23}]",CLOSED_EXACT_CYCLIC_PRESENTATION
46,89,5,11,"[{""brown_mod8"": 1, ""canonical_t"": 1, ""e"": 1, ""kind"": ""2-cyclic-odd"", ""p"": 2}, {""canonical_t"": 5, ""e"": 1, ""kind"": ""odd-cyclic"", ""legendre"": -1, ""p"": 23}]",CLOSED_EXACT_CYCLIC_PRESENTATION
46,91,7,11,"[{""brown_mod8"": 3, ""canonical_t"": 3, ""e"": 1, ""kind"": ""2-cyclic-odd"", ""p"": 2}, {""canonical_t"": 5, ""e"": 1, ""kind"": ""odd-cyclic"", ""legendre"": -1, ""p"": 23}]",CLOSED_EXACT_CYCLIC_PRESENTATION
47,1,1,23,"[{""canonical_t"": 1, ""e"": 1, ""kind"": ""odd-cyclic"", ""legendre"": 1, ""p"": 47}]",CLOSED_EXACT_CYCLIC_PRESENTATION
47,3,1,23,"[{""canonical_t"": 1, ""e"": 1, ""kind"": ""odd-cyclic"", ""legendre"": 1, ""p"": 47}]",CLOSED_EXACT_CYCLIC_PRESENTATION
47,5,5,23,"[{""canonical_t"": 5, ""e"": 1, ""kind"": ""odd-cyclic"", ""legendre"": -1, ""p"": 47}]",CLOSED_EXACT_CYCLIC_PRESENTATION
47,7,1,23,"[{""canonical_t"": 1, ""e"": 1, ""kind"": ""odd-cyclic"", ""legendre"": 1, ""p"": 47}]",CLOSED_EXACT_CYCLIC_PRESENTATION
47,9,1,23,"[{""canonical_t"": 1, ""e"": 1, ""kind"": ""odd-cyclic"", ""legendre"": 1, ""p"": 47}]",CLOSED_EXACT_CYCLIC_PRESENTATION
47,11,5,23,"[{""canonical_t"": 5, ""e"": 1, ""kind"": ""odd-cyclic"", ""legendre"": -1, ""p"": 47}]",CLOSED_EXACT_CYCLIC_PRESENTATION
47,13,5,23,"[{""canonical_t"": 5, ""e"": 1, ""kind"": ""odd-cyclic"", ""legendre"": -1, ""p"": 47}]",CLOSED_EXACT_CYCLIC_PRESENTATION
47,15,5,23,"[{""canonical_t"": 5, ""e"": 1, ""kind"": ""odd-cyclic"", ""legendre"": -1, ""p"": 47}]",CLOSED_EXACT_CYCLIC_PRESENTATION
47,17,1,23,"[{""canonical_t"": 1, ""e"": 1, ""kind"": ""odd-cyclic"", ""legendre"": 1, ""p"": 47}]",CLOSED_EXACT_CYCLIC_PRESENTATION
47,19,5,23,"[{""canonical_t"": 5, ""e"": 1, ""kind"": ""odd-cyclic"", ""legendre"": -1, ""p"": 47}]",CLOSED_EXACT_CYCLIC_PRESENTATION
47,21,1,23,"[{""canonical_t"": 1, ""e"": 1, ""kind"": ""odd-cyclic"", ""legendre"": 1, ""p"": 47}]",CLOSED_EXACT_CYCLIC_PRESENTATION
47,23,5,23,"[{""canonical_t"": 5, ""e"": 1, ""kind"": ""odd-cyclic"", ""legendre"": -1, ""p"": 47}]",CLOSED_EXACT_CYCLIC_PRESENTATION
47,25,1,23,"[{""canonical_t"": 1, ""e"": 1, ""kind"": ""odd-cyclic"", ""legendre"": 1, ""p"": 47}]",CLOSED_EXACT_CYCLIC_PRESENTATION
47,27,1,23,"[{""canonical_t"": 1, ""e"": 1, ""kind"": ""odd-cyclic"", ""legendre"": 1, ""p"": 47}]",CLOSED_EXACT_CYCLIC_PRESENTATION
47,29,5,23,"[{""canonical_t"": 5, ""e"": 1, ""kind"": ""odd-cyclic"", ""legendre"": -1, ""p"": 47}]",CLOSED_EXACT_CYCLIC_PRESENTATION
47,31,5,23,"[{""canonical_t"": 5, ""e"": 1, ""kind"": ""odd-cyclic"", ""legendre"": -1, ""p"": 47}]",CLOSED_EXACT_CYCLIC_PRESENTATION
47,33,5,23,"[{""canonical_t"": 5, ""e"": 1, ""kind"": ""odd-cyclic"", ""legendre"": -1, ""p"": 47}]",CLOSED_EXACT_CYCLIC_PRESENTATION
47,35,5,23,"[{""canonical_t"": 5, ""e"": 1, ""kind"": ""odd-cyclic"", ""legendre"": -1, ""p"": 47}]",CLOSED_EXACT_CYCLIC_PRESENTATION
47,37,1,23,"[{""canonical_t"": 1, ""e"": 1, ""kind"": ""odd-cyclic"", ""legendre"": 1, ""p"": 47}]",CLOSED_EXACT_CYCLIC_PRESENTATION
47,39,5,23,"[{""canonical_t"": 5, ""e"": 1, ""kind"": ""odd-cyclic"", ""legendre"": -1, ""p"": 47}]",CLOSED_EXACT_CYCLIC_PRESENTATION
47,41,5,23,"[{""canonical_t"": 5, ""e"": 1, ""kind"": ""odd-cyclic"", ""legendre"": -1, ""p"": 47}]",CLOSED_EXACT_CYCLIC_PRESENTATION
47,43,5,23,"[{""canonical_t"": 5, ""e"": 1, ""kind"": ""odd-cyclic"", ""legendre"": -1, ""p"": 47}]",CLOSED_EXACT_CYCLIC_PRESENTATION
47,45,5,23,"[{""canonical_t"": 5, ""e"": 1, ""kind"": ""odd-cyclic"", ""legendre"": -1, ""p"": 47}]",CLOSED_EXACT_CYCLIC_PRESENTATION
47,49,1,23,"[{""canonical_t"": 1, ""e"": 1, ""kind"": ""odd-cyclic"", ""legendre"": 1, ""p"": 47}]",CLOSED_EXACT_CYCLIC_PRESENTATION
47,51,1,23,"[{""canonical_t"": 1, ""e"": 1, ""kind"": ""odd-cyclic"", ""legendre"": 1, ""p"": 47}]",CLOSED_EXACT_CYCLIC_PRESENTATION
47,53,1,23,"[{""canonical_t"": 1, ""e"": 1, ""kind"": ""odd-cyclic"", ""legendre"": 1, ""p"": 47}]",CLOSED_EXACT_CYCLIC_PRESENTATION
47,55,1,23,"[{""canonical_t"": 1, ""e"": 1, ""kind"": ""odd-cyclic"", ""legendre"": 1, ""p"": 47}]",CLOSED_EXACT_CYCLIC_PRESENTATION
47,57,5,23,"[{""canonical_t"": 5, ""e"": 1, ""kind"": ""odd-cyclic"", ""legendre"": -1, ""p"": 47}]",CLOSED_EXACT_CYCLIC_PRESENTATION
47,59,1,23,"[{""canonical_t"": 1, ""e"": 1, ""kind"": ""odd-cyclic"", ""legendre"": 1, ""p"": 47}]",CLOSED_EXACT_CYCLIC_PRESENTATION
47,61,1,23,"[{""canonical_t"": 1, ""e"": 1, ""kind"": ""odd-cyclic"", ""legendre"": 1, ""p"": 47}]",CLOSED_EXACT_CYCLIC_PRESENTATION
47,63,1,23,"[{""canonical_t"": 1, ""e"": 1, ""kind"": ""odd-cyclic"", ""legendre"": 1, ""p"": 47}]",CLOSED_EXACT_CYCLIC_PRESENTATION
47,65,1,23,"[{""canonical_t"": 1, ""e"": 1, ""kind"": ""odd-cyclic"", ""legendre"": 1, ""p"": 47}]",CLOSED_EXACT_CYCLIC_PRESENTATION
47,67,5,23,"[{""canonical_t"": 5, ""e"": 1, ""kind"": ""odd-cyclic"", ""legendre"": -1, ""p"": 47}]",CLOSED_EXACT_CYCLIC_PRESENTATION
47,69,5,23,"[{""canonical_t"": 5, ""e"": 1, ""kind"": ""odd-cyclic"", ""legendre"": -1, ""p"": 47}]",CLOSED_EXACT_CYCLIC_PRESENTATION
47,71,1,23,"[{""canonical_t"": 1, ""e"": 1, ""kind"": ""odd-cyclic"", ""legendre"": 1, ""p"": 47}]",CLOSED_EXACT_CYCLIC_PRESENTATION
47,73,5,23,"[{""canonical_t"": 5, ""e"": 1, ""kind"": ""odd-cyclic"", ""legendre"": -1, ""p"": 47}]",CLOSED_EXACT_CYCLIC_PRESENTATION
47,75,1,23,"[{""canonical_t"": 1, ""e"": 1, ""kind"": ""odd-cyclic"", ""legendre"": 1, ""p"": 47}]",CLOSED_EXACT_CYCLIC_PRESENTATION
47,77,5,23,"[{""canonical_t"": 5, ""e"": 1, ""kind"": ""odd-cyclic"", ""legendre"": -1, ""p"": 47}]",CLOSED_EXACT_CYCLIC_PRESENTATION
47,79,1,23,"[{""canonical_t"": 1, ""e"": 1, ""kind"": ""odd-cyclic"", ""legendre"": 1, ""p"": 47}]",CLOSED_EXACT_CYCLIC_PRESENTATION
47,81,1,23,"[{""canonical_t"": 1, ""e"": 1, ""kind"": ""odd-cyclic"", ""legendre"": 1, ""p"": 47}]",CLOSED_EXACT_CYCLIC_PRESENTATION
47,83,1,23,"[{""canonical_t"": 1, ""e"": 1, ""kind"": ""odd-cyclic"", ""legendre"": 1, ""p"": 47}]",CLOSED_EXACT_CYCLIC_PRESENTATION
47,85,5,23,"[{""canonical_t"": 5, ""e"": 1, ""kind"": ""odd-cyclic"", ""legendre"": -1, ""p"": 47}]",CLOSED_EXACT_CYCLIC_PRESENTATION
47,87,5,23,"[{""canonical_t"": 5, ""e"": 1, ""kind"": ""odd-cyclic"", ""legendre"": -1, ""p"": 47}]",CLOSED_EXACT_CYCLIC_PRESENTATION
47,89,1,23,"[{""canonical_t"": 1, ""e"": 1, ""kind"": ""odd-cyclic"", ""legendre"": 1, ""p"": 47}]",CLOSED_EXACT_CYCLIC_PRESENTATION
47,91,5,23,"[{""canonical_t"": 5, ""e"": 1, ""kind"": ""odd-cyclic"", ""legendre"": -1, ""p"": 47}]",CLOSED_EXACT_CYCLIC_PRESENTATION
47,93,5,23,"[{""canonical_t"": 5, ""e"": 1, ""kind"": ""odd-cyclic"", ""legendre"": -1, ""p"": 47}]",CLOSED_EXACT_CYCLIC_PRESENTATION
48,1,1,4,"[{""brown_mod8"": 1, ""canonical_t"": 1, ""e"": 4, ""kind"": ""2-cyclic-odd"", ""p"": 2}, {""canonical_t"": 1, ""e"": 1, ""kind"": ""odd-cyclic"", ""legendre"": 1, ""p"": 3}]",CLOSED_EXACT_CYCLIC_PRESENTATION
48,5,5,4,"[{""brown_mod8"": 5, ""canonical_t"": 5, ""e"": 4, ""kind"": ""2-cyclic-odd"", ""p"": 2}, {""canonical_t"": 2, ""e"": 1, ""kind"": ""odd-cyclic"", ""legendre"": -1, ""p"": 3}]",CLOSED_EXACT_CYCLIC_PRESENTATION
48,7,7,4,"[{""brown_mod8"": 7, ""canonical_t"": 7, ""e"": 4, ""kind"": ""2-cyclic-odd"", ""p"": 2}, {""canonical_t"": 1, ""e"": 1, ""kind"": ""odd-cyclic"", ""legendre"": 1, ""p"": 3}]",CLOSED_EXACT_CYCLIC_PRESENTATION
48,11,11,4,"[{""brown_mod8"": 3, ""canonical_t"": 3, ""e"": 4, ""kind"": ""2-cyclic-odd"", ""p"": 2}, {""canonical_t"": 2, ""e"": 1, ""kind"": ""odd-cyclic"", ""legendre"": -1, ""p"": 3}]",CLOSED_EXACT_CYCLIC_PRESENTATION
48,13,13,4,"[{""brown_mod8"": 5, ""canonical_t"": 5, ""e"": 4, ""kind"": ""2-cyclic-odd"", ""p"": 2}, {""canonical_t"": 1, ""e"": 1, ""kind"": ""odd-cyclic"", ""legendre"": 1, ""p"": 3}]",CLOSED_EXACT_CYCLIC_PRESENTATION
48,17,17,4,"[{""brown_mod8"": 1, ""canonical_t"": 1, ""e"": 4, ""kind"": ""2-cyclic-odd"", ""p"": 2}, {""canonical_t"": 2, ""e"": 1, ""kind"": ""odd-cyclic"", ""legendre"": -1, ""p"": 3}]",CLOSED_EXACT_CYCLIC_PRESENTATION
48,19,19,4,"[{""brown_mod8"": 3, ""canonical_t"": 3, ""e"": 4, ""kind"": ""2-cyclic-odd"", ""p"": 2}, {""canonical_t"": 1, ""e"": 1, ""kind"": ""odd-cyclic"", ""legendre"": 1, ""p"": 3}]",CLOSED_EXACT_CYCLIC_PRESENTATION
48,23,23,4,"[{""brown_mod8"": 7, ""canonical_t"": 7, ""e"": 4, ""kind"": ""2-cyclic-odd"", ""p"": 2}, {""canonical_t"": 2, ""e"": 1, ""kind"": ""odd-cyclic"", ""legendre"": -1, ""p"": 3}]",CLOSED_EXACT_CYCLIC_PRESENTATION
48,25,1,4,"[{""brown_mod8"": 1, ""canonical_t"": 1, ""e"": 4, ""kind"": ""2-cyclic-odd"", ""p"": 2}, {""canonical_t"": 1, ""e"": 1, ""kind"": ""odd-cyclic"", ""legendre"": 1, ""p"": 3}]",CLOSED_EXACT_CYCLIC_PRESENTATION
48,29,5,4,"[{""brown_mod8"": 5, ""canonical_t"": 5, ""e"": 4, ""kind"": ""2-cyclic-odd"", ""p"": 2}, {""canonical_t"": 2, ""e"": 1, ""kind"": ""odd-cyclic"", ""legendre"": -1, ""p"": 3}]",CLOSED_EXACT_CYCLIC_PRESENTATION
48,31,7,4,"[{""brown_mod8"": 7, ""canonical_t"": 7, ""e"": 4, ""kind"": ""2-cyclic-odd"", ""p"": 2}, {""canonical_t"": 1, ""e"": 1, ""kind"": ""odd-cyclic"", ""legendre"": 1, ""p"": 3}]",CLOSED_EXACT_CYCLIC_PRESENTATION
48,35,11,4,"[{""brown_mod8"": 3, ""canonical_t"": 3, ""e"": 4, ""kind"": ""2-cyclic-odd"", ""p"": 2}, {""canonical_t"": 2, ""e"": 1, ""kind"": ""odd-cyclic"", ""legendre"": -1, ""p"": 3}]",CLOSED_EXACT_CYCLIC_PRESENTATION
48,37,13,4,"[{""brown_mod8"": 5, ""canonical_t"": 5, ""e"": 4, ""kind"": ""2-cyclic-odd"", ""p"": 2}, {""canonical_t"": 1, ""e"": 1, ""kind"": ""odd-cyclic"", ""legendre"": 1, ""p"": 3}]",CLOSED_EXACT_CYCLIC_PRESENTATION
48,41,17,4,"[{""brown_mod8"": 1, ""canonical_t"": 1, ""e"": 4, ""kind"": ""2-cyclic-odd"", ""p"": 2}, {""canonical_t"": 2, ""e"": 1, ""kind"": ""odd-cyclic"", ""legendre"": -1, ""p"": 3}]",CLOSED_EXACT_CYCLIC_PRESENTATION
48,43,19,4,"[{""brown_mod8"": 3, ""canonical_t"": 3, ""e"": 4, ""kind"": ""2-cyclic-odd"", ""p"": 2}, {""canonical_t"": 1, ""e"": 1, ""kind"": ""odd-cyclic"", ""legendre"": 1, ""p"": 3}]",CLOSED_EXACT_CYCLIC_PRESENTATION
48,47,23,4,"[{""brown_mod8"": 7, ""canonical_t"": 7, ""e"": 4, ""kind"": ""2-cyclic-odd"", ""p"": 2}, {""canonical_t"": 2, ""e"": 1, ""kind"": ""odd-cyclic"", ""legendre"": -1, ""p"": 3}]",CLOSED_EXACT_CYCLIC_PRESENTATION
48,49,1,4,"[{""brown_mod8"": 1, ""canonical_t"": 1, ""e"": 4, ""kind"": ""2-cyclic-odd"", ""p"": 2}, {""canonical_t"": 1, ""e"": 1, ""kind"": ""odd-cyclic"", ""legendre"": 1, ""p"": 3}]",CLOSED_EXACT_CYCLIC_PRESENTATION
48,53,5,4,"[{""brown_mod8"": 5, ""canonical_t"": 5, ""e"": 4, ""kind"": ""2-cyclic-odd"", ""p"": 2}, {""canonical_t"": 2, ""e"": 1, ""kind"": ""odd-cyclic"", ""legendre"": -1, ""p"": 3}]",CLOSED_EXACT_CYCLIC_PRESENTATION
48,55,7,4,"[{""brown_mod8"": 7, ""canonical_t"": 7, ""e"": 4, ""kind"": ""2-cyclic-odd"", ""p"": 2}, {""canonical_t"": 1, ""e"": 1, ""kind"": ""odd-cyclic"", ""legendre"": 1, ""p"": 3}]",CLOSED_EXACT_CYCLIC_PRESENTATION
48,59,11,4,"[{""brown_mod8"": 3, ""canonical_t"": 3, ""e"": 4, ""kind"": ""2-cyclic-odd"", ""p"": 2}, {""canonical_t"": 2, ""e"": 1, ""kind"": ""odd-cyclic"", ""legendre"": -1, ""p"": 3}]",CLOSED_EXACT_CYCLIC_PRESENTATION
48,61,13,4,"[{""brown_mod8"": 5, ""canonical_t"": 5, ""e"": 4, ""kind"": ""2-cyclic-odd"", ""p"": 2}, {""canonical_t"": 1, ""e"": 1, ""kind"": ""odd-cyclic"", ""legendre"": 1, ""p"": 3}]",CLOSED_EXACT_CYCLIC_PRESENTATION
48,65,17,4,"[{""brown_mod8"": 1, ""canonical_t"": 1, ""e"": 4, ""kind"": ""2-cyclic-odd"", ""p"": 2}, {""canonical_t"": 2, ""e"": 1, ""kind"": ""odd-cyclic"", ""legendre"": -1, ""p"": 3}]",CLOSED_EXACT_CYCLIC_PRESENTATION
48,67,19,4,"[{""brown_mod8"": 3, ""canonical_t"": 3, ""e"": 4, ""kind"": ""2-cyclic-odd"", ""p"": 2}, {""canonical_t"": 1, ""e"": 1, ""kind"": ""odd-cyclic"", ""legendre"": 1, ""p"": 3}]",CLOSED_EXACT_CYCLIC_PRESENTATION
48,71,23,4,"[{""brown_mod8"": 7, ""canonical_t"": 7, ""e"": 4, ""kind"": ""2-cyclic-odd"", ""p"": 2}, {""canonical_t"": 2, ""e"": 1, ""kind"": ""odd-cyclic"", ""legendre"": -1, ""p"": 3}]",CLOSED_EXACT_CYCLIC_PRESENTATION
48,73,1,4,"[{""brown_mod8"": 1, ""canonical_t"": 1, ""e"": 4, ""kind"": ""2-cyclic-odd"", ""p"": 2}, {""canonical_t"": 1, ""e"": 1, ""kind"": ""odd-cyclic"", ""legendre"": 1, ""p"": 3}]",CLOSED_EXACT_CYCLIC_PRESENTATION
48,77,5,4,"[{""brown_mod8"": 5, ""canonical_t"": 5, ""e"": 4, ""kind"": ""2-cyclic-odd"", ""p"": 2}, {""canonical_t"": 2, ""e"": 1, ""kind"": ""odd-cyclic"", ""legendre"": -1, ""p"": 3}]",CLOSED_EXACT_CYCLIC_PRESENTATION
48,79,7,4,"[{""brown_mod8"": 7, ""canonical_t"": 7, ""e"": 4, ""kind"": ""2-cyclic-odd"", ""p"": 2}, {""canonical_t"": 1, ""e"": 1, ""kind"": ""odd-cyclic"", ""legendre"": 1, ""p"": 3}]",CLOSED_EXACT_CYCLIC_PRESENTATION
48,83,11,4,"[{""brown_mod8"": 3, ""canonical_t"": 3, ""e"": 4, ""kind"": ""2-cyclic-odd"", ""p"": 2}, {""canonical_t"": 2, ""e"": 1, ""kind"": ""odd-cyclic"", ""legendre"": -1, ""p"": 3}]",CLOSED_EXACT_CYCLIC_PRESENTATION
48,85,13,4,"[{""brown_mod8"": 5, ""canonical_t"": 5, ""e"": 4, ""kind"": ""2-cyclic-odd"", ""p"": 2}, {""canonical_t"": 1, ""e"": 1, ""kind"": ""odd-cyclic"", ""legendre"": 1, ""p"": 3}]",CLOSED_EXACT_CYCLIC_PRESENTATION
48,89,17,4,"[{""brown_mod8"": 1, ""canonical_t"": 1, ""e"": 4, ""kind"": ""2-cyclic-odd"", ""p"": 2}, {""canonical_t"": 2, ""e"": 1, ""kind"": ""odd-cyclic"", ""legendre"": -1, ""p"": 3}]",CLOSED_EXACT_CYCLIC_PRESENTATION
48,91,19,4,"[{""brown_mod8"": 3, ""canonical_t"": 3, ""e"": 4, ""kind"": ""2-cyclic-odd"", ""p"": 2}, {""canonical_t"": 1, ""e"": 1, ""kind"": ""odd-cyclic"", ""legendre"": 1, ""p"": 3}]",CLOSED_EXACT_CYCLIC_PRESENTATION
48,95,23,4,"[{""brown_mod8"": 7, ""canonical_t"": 7, ""e"": 4, ""kind"": ""2-cyclic-odd"", ""p"": 2}, {""canonical_t"": 2, ""e"": 1, ""kind"": ""odd-cyclic"", ""legendre"": -1, ""p"": 3}]",CLOSED_EXACT_CYCLIC_PRESENTATION
49,1,1,21,"[{""canonical_t"": 1, ""e"": 2, ""kind"": ""odd-cyclic"", ""legendre"": 1, ""p"": 7}]",CLOSED_EXACT_CYCLIC_PRESENTATION
49,3,3,21,"[{""canonical_t"": 3, ""e"": 2, ""kind"": ""odd-cyclic"", ""legendre"": -1, ""p"": 7}]",CLOSED_EXACT_CYCLIC_PRESENTATION
49,5,3,21,"[{""canonical_t"": 3, ""e"": 2, ""kind"": ""odd-cyclic"", ""legendre"": -1, ""p"": 7}]",CLOSED_EXACT_CYCLIC_PRESENTATION
49,9,1,21,"[{""canonical_t"": 1, ""e"": 2, ""kind"": ""odd-cyclic"", ""legendre"": 1, ""p"": 7}]",CLOSED_EXACT_CYCLIC_PRESENTATION
49,11,1,21,"[{""canonical_t"": 1, ""e"": 2, ""kind"": ""odd-cyclic"", ""legendre"": 1, ""p"": 7}]",CLOSED_EXACT_CYCLIC_PRESENTATION
49,13,3,21,"[{""canonical_t"": 3, ""e"": 2, ""kind"": ""odd-cyclic"", ""legendre"": -1, ""p"": 7}]",CLOSED_EXACT_CYCLIC_PRESENTATION
49,15,1,21,"[{""canonical_t"": 1, ""e"": 2, ""kind"": ""odd-cyclic"", ""legendre"": 1, ""p"": 7}]",CLOSED_EXACT_CYCLIC_PRESENTATION
49,17,3,21,"[{""canonical_t"": 3, ""e"": 2, ""kind"": ""odd-cyclic"", ""legendre"": -1, ""p"": 7}]",CLOSED_EXACT_CYCLIC_PRESENTATION
49,19,3,21,"[{""canonical_t"": 3, ""e"": 2, ""kind"": ""odd-cyclic"", ""legendre"": -1, ""p"": 7}]",CLOSED_EXACT_CYCLIC_PRESENTATION
49,23,1,21,"[{""canonical_t"": 1, ""e"": 2, ""kind"": ""odd-cyclic"", ""legendre"": 1, ""p"": 7}]",CLOSED_EXACT_CYCLIC_PRESENTATION
49,25,1,21,"[{""canonical_t"": 1, ""e"": 2, ""kind"": ""odd-cyclic"", ""legendre"": 1, ""p"": 7}]",CLOSED_EXACT_CYCLIC_PRESENTATION
49,27,3,21,"[{""canonical_t"": 3, ""e"": 2, ""kind"": ""odd-cyclic"", ""legendre"": -1, ""p"": 7}]",CLOSED_EXACT_CYCLIC_PRESENTATION
49,29,1,21,"[{""canonical_t"": 1, ""e"": 2, ""kind"": ""odd-cyclic"", ""legendre"": 1, ""p"": 7}]",CLOSED_EXACT_CYCLIC_PRESENTATION
49,31,3,21,"[{""canonical_t"": 3, ""e"": 2, ""kind"": ""odd-cyclic"", ""legendre"": -1, ""p"": 7}]",CLOSED_EXACT_CYCLIC_PRESENTATION
49,33,3,21,"[{""canonical_t"": 3, ""e"": 2, ""kind"": ""odd-cyclic"", ""legendre"": -1, ""p"": 7}]",CLOSED_EXACT_CYCLIC_PRESENTATION
49,37,1,21,"[{""canonical_t"": 1, ""e"": 2, ""kind"": ""odd-cyclic"", ""legendre"": 1, ""p"": 7}]",CLOSED_EXACT_CYCLIC_PRESENTATION
49,39,1,21,"[{""canonical_t"": 1, ""e"": 2, ""kind"": ""odd-cyclic"", ""legendre"": 1, ""p"": 7}]",CLOSED_EXACT_CYCLIC_PRESENTATION
49,41,3,21,"[{""canonical_t"": 3, ""e"": 2, ""kind"": ""odd-cyclic"", ""legendre"": -1, ""p"": 7}]",CLOSED_EXACT_CYCLIC_PRESENTATION
49,43,1,21,"[{""canonical_t"": 1, ""e"": 2, ""kind"": ""odd-cyclic"", ""legendre"": 1, ""p"": 7}]",CLOSED_EXACT_CYCLIC_PRESENTATION
49,45,3,21,"[{""canonical_t"": 3, ""e"": 2, ""kind"": ""odd-cyclic"", ""legendre"": -1, ""p"": 7}]",CLOSED_EXACT_CYCLIC_PRESENTATION
49,47,3,21,"[{""canonical_t"": 3, ""e"": 2, ""kind"": ""odd-cyclic"", ""legendre"": -1, ""p"": 7}]",CLOSED_EXACT_CYCLIC_PRESENTATION
49,51,1,21,"[{""canonical_t"": 1, ""e"": 2, ""kind"": ""odd-cyclic"", ""legendre"": 1, ""p"": 7}]",CLOSED_EXACT_CYCLIC_PRESENTATION
49,53,1,21,"[{""canonical_t"": 1, ""e"": 2, ""kind"": ""odd-cyclic"", ""legendre"": 1, ""p"": 7}]",CLOSED_EXACT_CYCLIC_PRESENTATION
49,55,3,21,"[{""canonical_t"": 3, ""e"": 2, ""kind"": ""odd-cyclic"", ""legendre"": -1, ""p"": 7}]",CLOSED_EXACT_CYCLIC_PRESENTATION
49,57,1,21,"[{""canonical_t"": 1, ""e"": 2, ""kind"": ""odd-cyclic"", ""legendre"": 1, ""p"": 7}]",CLOSED_EXACT_CYCLIC_PRESENTATION
49,59,3,21,"[{""canonical_t"": 3, ""e"": 2, ""kind"": ""odd-cyclic"", ""legendre"": -1, ""p"": 7}]",CLOSED_EXACT_CYCLIC_PRESENTATION
49,61,3,21,"[{""canonical_t"": 3, ""e"": 2, ""kind"": ""odd-cyclic"", ""legendre"": -1, ""p"": 7}]",CLOSED_EXACT_CYCLIC_PRESENTATION
49,65,1,21,"[{""canonical_t"": 1, ""e"": 2, ""kind"": ""odd-cyclic"", ""legendre"": 1, ""p"": 7}]",CLOSED_EXACT_CYCLIC_PRESENTATION
49,67,1,21,"[{""canonical_t"": 1, ""e"": 2, ""kind"": ""odd-cyclic"", ""legendre"": 1, ""p"": 7}]",CLOSED_EXACT_CYCLIC_PRESENTATION
49,69,3,21,"[{""canonical_t"": 3, ""e"": 2, ""kind"": ""odd-cyclic"", ""legendre"": -1, ""p"": 7}]",CLOSED_EXACT_CYCLIC_PRESENTATION
49,71,1,21,"[{""canonical_t"": 1, ""e"": 2, ""kind"": ""odd-cyclic"", ""legendre"": 1, ""p"": 7}]",CLOSED_EXACT_CYCLIC_PRESENTATION
49,73,3,21,"[{""canonical_t"": 3, ""e"": 2, ""kind"": ""odd-cyclic"", ""legendre"": -1, ""p"": 7}]",CLOSED_EXACT_CYCLIC_PRESENTATION
49,75,3,21,"[{""canonical_t"": 3, ""e"": 2, ""kind"": ""odd-cyclic"", ""legendre"": -1, ""p"": 7}]",CLOSED_EXACT_CYCLIC_PRESENTATION
49,79,1,21,"[{""canonical_t"": 1, ""e"": 2, ""kind"": ""odd-cyclic"", ""legendre"": 1, ""p"": 7}]",CLOSED_EXACT_CYCLIC_PRESENTATION
49,81,1,21,"[{""canonical_t"": 1, ""e"": 2, ""kind"": ""odd-cyclic"", ""legendre"": 1, ""p"": 7}]",CLOSED_EXACT_CYCLIC_PRESENTATION
49,83,3,21,"[{""canonical_t"": 3, ""e"": 2, ""kind"": ""odd-cyclic"", ""legendre"": -1, ""p"": 7}]",CLOSED_EXACT_CYCLIC_PRESENTATION
49,85,1,21,"[{""canonical_t"": 1, ""e"": 2, ""kind"": ""odd-cyclic"", ""legendre"": 1, ""p"": 7}]",CLOSED_EXACT_CYCLIC_PRESENTATION
49,87,3,21,"[{""canonical_t"": 3, ""e"": 2, ""kind"": ""odd-cyclic"", ""legendre"": -1, ""p"": 7}]",CLOSED_EXACT_CYCLIC_PRESENTATION
49,89,3,21,"[{""canonical_t"": 3, ""e"": 2, ""kind"": ""odd-cyclic"", ""legendre"": -1, ""p"": 7}]",CLOSED_EXACT_CYCLIC_PRESENTATION
49,93,1,21,"[{""canonical_t"": 1, ""e"": 2, ""kind"": ""odd-cyclic"", ""legendre"": 1, ""p"": 7}]",CLOSED_EXACT_CYCLIC_PRESENTATION
49,95,1,21,"[{""canonical_t"": 1, ""e"": 2, ""kind"": ""odd-cyclic"", ""legendre"": 1, ""p"": 7}]",CLOSED_EXACT_CYCLIC_PRESENTATION
49,97,3,21,"[{""canonical_t"": 3, ""e"": 2, ""kind"": ""odd-cyclic"", ""legendre"": -1, ""p"": 7}]",CLOSED_EXACT_CYCLIC_PRESENTATION
50,1,1,10,"[{""brown_mod8"": 1, ""canonical_t"": 1, ""e"": 1, ""kind"": ""2-cyclic-odd"", ""p"": 2}, {""canonical_t"": 1, ""e"": 2, ""kind"": ""odd-cyclic"", ""legendre"": 1, ""p"": 5}]",CLOSED_EXACT_CYCLIC_PRESENTATION
50,3,3,10,"[{""brown_mod8"": 3, ""canonical_t"": 3, ""e"": 1, ""kind"": ""2-cyclic-odd"", ""p"": 2}, {""canonical_t"": 2, ""e"": 2, ""kind"": ""odd-cyclic"", ""legendre"": -1, ""p"": 5}]",CLOSED_EXACT_CYCLIC_PRESENTATION
50,7,3,10,"[{""brown_mod8"": 3, ""canonical_t"": 3, ""e"": 1, ""kind"": ""2-cyclic-odd"", ""p"": 2}, {""canonical_t"": 2, ""e"": 2, ""kind"": ""odd-cyclic"", ""legendre"": -1, ""p"": 5}]",CLOSED_EXACT_CYCLIC_PRESENTATION
50,9,1,10,"[{""brown_mod8"": 1, ""canonical_t"": 1, ""e"": 1, ""kind"": ""2-cyclic-odd"", ""p"": 2}, {""canonical_t"": 1, ""e"": 2, ""kind"": ""odd-cyclic"", ""legendre"": 1, ""p"": 5}]",CLOSED_EXACT_CYCLIC_PRESENTATION
50,11,11,10,"[{""brown_mod8"": 3, ""canonical_t"": 3, ""e"": 1, ""kind"": ""2-cyclic-odd"", ""p"": 2}, {""canonical_t"": 1, ""e"": 2, ""kind"": ""odd-cyclic"", ""legendre"": 1, ""p"": 5}]",CLOSED_EXACT_CYCLIC_PRESENTATION
50,13,13,10,"[{""brown_mod8"": 1, ""canonical_t"": 1, ""e"": 1, ""kind"": ""2-cyclic-odd"", ""p"": 2}, {""canonical_t"": 2, ""e"": 2, ""kind"": ""odd-cyclic"", ""legendre"": -1, ""p"": 5}]",CLOSED_EXACT_CYCLIC_PRESENTATION
50,17,13,10,"[{""brown_mod8"": 1, ""canonical_t"": 1, ""e"": 1, ""kind"": ""2-cyclic-odd"", ""p"": 2}, {""canonical_t"": 2, ""e"": 2, ""kind"": ""odd-cyclic"", ""legendre"": -1, ""p"": 5}]",CLOSED_EXACT_CYCLIC_PRESENTATION
50,19,11,10,"[{""brown_mod8"": 3, ""canonical_t"": 3, ""e"": 1, ""kind"": ""2-cyclic-odd"", ""p"": 2}, {""canonical_t"": 1, ""e"": 2, ""kind"": ""odd-cyclic"", ""legendre"": 1, ""p"": 5}]",CLOSED_EXACT_CYCLIC_PRESENTATION
50,21,1,10,"[{""brown_mod8"": 1, ""canonical_t"": 1, ""e"": 1, ""kind"": ""2-cyclic-odd"", ""p"": 2}, {""canonical_t"": 1, ""e"": 2, ""kind"": ""odd-cyclic"", ""legendre"": 1, ""p"": 5}]",CLOSED_EXACT_CYCLIC_PRESENTATION
50,23,3,10,"[{""brown_mod8"": 3, ""canonical_t"": 3, ""e"": 1, ""kind"": ""2-cyclic-odd"", ""p"": 2}, {""canonical_t"": 2, ""e"": 2, ""kind"": ""odd-cyclic"", ""legendre"": -1, ""p"": 5}]",CLOSED_EXACT_CYCLIC_PRESENTATION
50,27,3,10,"[{""brown_mod8"": 3, ""canonical_t"": 3, ""e"": 1, ""kind"": ""2-cyclic-odd"", ""p"": 2}, {""canonical_t"": 2, ""e"": 2, ""kind"": ""odd-cyclic"", ""legendre"": -1, ""p"": 5}]",CLOSED_EXACT_CYCLIC_PRESENTATION
50,29,1,10,"[{""brown_mod8"": 1, ""canonical_t"": 1, ""e"": 1, ""kind"": ""2-cyclic-odd"", ""p"": 2}, {""canonical_t"": 1, ""e"": 2, ""kind"": ""odd-cyclic"", ""legendre"": 1, ""p"": 5}]",CLOSED_EXACT_CYCLIC_PRESENTATION
50,31,11,10,"[{""brown_mod8"": 3, ""canonical_t"": 3, ""e"": 1, ""kind"": ""2-cyclic-odd"", ""p"": 2}, {""canonical_t"": 1, ""e"": 2, ""kind"": ""odd-cyclic"", ""legendre"": 1, ""p"": 5}]",CLOSED_EXACT_CYCLIC_PRESENTATION
50,33,13,10,"[{""brown_mod8"": 1, ""canonical_t"": 1, ""e"": 1, ""kind"": ""2-cyclic-odd"", ""p"": 2}, {""canonical_t"": 2, ""e"": 2, ""kind"": ""odd-cyclic"", ""legendre"": -1, ""p"": 5}]",CLOSED_EXACT_CYCLIC_PRESENTATION
50,37,13,10,"[{""brown_mod8"": 1, ""canonical_t"": 1, ""e"": 1, ""kind"": ""2-cyclic-odd"", ""p"": 2}, {""canonical_t"": 2, ""e"": 2, ""kind"": ""odd-cyclic"", ""legendre"": -1, ""p"": 5}]",CLOSED_EXACT_CYCLIC_PRESENTATION
50,39,11,10,"[{""brown_mod8"": 3, ""canonical_t"": 3, ""e"": 1, ""kind"": ""2-cyclic-odd"", ""p"": 2}, {""canonical_t"": 1, ""e"": 2, ""kind"": ""odd-cyclic"", ""legendre"": 1, ""p"": 5}]",CLOSED_EXACT_CYCLIC_PRESENTATION
50,41,1,10,"[{""brown_mod8"": 1, ""canonical_t"": 1, ""e"": 1, ""kind"": ""2-cyclic-odd"", ""p"": 2}, {""canonical_t"": 1, ""e"": 2, ""kind"": ""odd-cyclic"", ""legendre"": 1, ""p"": 5}]",CLOSED_EXACT_CYCLIC_PRESENTATION
50,43,3,10,"[{""brown_mod8"": 3, ""canonical_t"": 3, ""e"": 1, ""kind"": ""2-cyclic-odd"", ""p"": 2}, {""canonical_t"": 2, ""e"": 2, ""kind"": ""odd-cyclic"", ""legendre"": -1, ""p"": 5}]",CLOSED_EXACT_CYCLIC_PRESENTATION
50,47,3,10,"[{""brown_mod8"": 3, ""canonical_t"": 3, ""e"": 1, ""kind"": ""2-cyclic-odd"", ""p"": 2}, {""canonical_t"": 2, ""e"": 2, ""kind"": ""odd-cyclic"", ""legendre"": -1, ""p"": 5}]",CLOSED_EXACT_CYCLIC_PRESENTATION
50,49,1,10,"[{""brown_mod8"": 1, ""canonical_t"": 1, ""e"": 1, ""kind"": ""2-cyclic-odd"", ""p"": 2}, {""canonical_t"": 1, ""e"": 2, ""kind"": ""odd-cyclic"", ""legendre"": 1, ""p"": 5}]",CLOSED_EXACT_CYCLIC_PRESENTATION
50,51,11,10,"[{""brown_mod8"": 3, ""canonical_t"": 3, ""e"": 1, ""kind"": ""2-cyclic-odd"", ""p"": 2}, {""canonical_t"": 1, ""e"": 2, ""kind"": ""odd-cyclic"", ""legendre"": 1, ""p"": 5}]",CLOSED_EXACT_CYCLIC_PRESENTATION
50,53,13,10,"[{""brown_mod8"": 1, ""canonical_t"": 1, ""e"": 1, ""kind"": ""2-cyclic-odd"", ""p"": 2}, {""canonical_t"": 2, ""e"": 2, ""kind"": ""odd-cyclic"", ""legendre"": -1, ""p"": 5}]",CLOSED_EXACT_CYCLIC_PRESENTATION
50,57,13,10,"[{""brown_mod8"": 1, ""canonical_t"": 1, ""e"": 1, ""kind"": ""2-cyclic-odd"", ""p"": 2}, {""canonical_t"": 2, ""e"": 2, ""kind"": ""odd-cyclic"", ""legendre"": -1, ""p"": 5}]",CLOSED_EXACT_CYCLIC_PRESENTATION
50,59,11,10,"[{""brown_mod8"": 3, ""canonical_t"": 3, ""e"": 1, ""kind"": ""2-cyclic-odd"", ""p"": 2}, {""canonical_t"": 1, ""e"": 2, ""kind"": ""odd-cyclic"", ""legendre"": 1, ""p"": 5}]",CLOSED_EXACT_CYCLIC_PRESENTATION
50,61,1,10,"[{""brown_mod8"": 1, ""canonical_t"": 1, ""e"": 1, ""kind"": ""2-cyclic-odd"", ""p"": 2}, {""canonical_t"": 1, ""e"": 2, ""kind"": ""odd-cyclic"", ""legendre"": 1, ""p"": 5}]",CLOSED_EXACT_CYCLIC_PRESENTATION
50,63,3,10,"[{""brown_mod8"": 3, ""canonical_t"": 3, ""e"": 1, ""kind"": ""2-cyclic-odd"", ""p"": 2}, {""canonical_t"": 2, ""e"": 2, ""kind"": ""odd-cyclic"", ""legendre"": -1, ""p"": 5}]",CLOSED_EXACT_CYCLIC_PRESENTATION
50,67,3,10,"[{""brown_mod8"": 3, ""canonical_t"": 3, ""e"": 1, ""kind"": ""2-cyclic-odd"", ""p"": 2}, {""canonical_t"": 2, ""e"": 2, ""kind"": ""odd-cyclic"", ""legendre"": -1, ""p"": 5}]",CLOSED_EXACT_CYCLIC_PRESENTATION
50,69,1,10,"[{""brown_mod8"": 1, ""canonical_t"": 1, ""e"": 1, ""kind"": ""2-cyclic-odd"", ""p"": 2}, {""canonical_t"": 1, ""e"": 2, ""kind"": ""odd-cyclic"", ""legendre"": 1, ""p"": 5}]",CLOSED_EXACT_CYCLIC_PRESENTATION
50,71,11,10,"[{""brown_mod8"": 3, ""canonical_t"": 3, ""e"": 1, ""kind"": ""2-cyclic-odd"", ""p"": 2}, {""canonical_t"": 1, ""e"": 2, ""kind"": ""odd-cyclic"", ""legendre"": 1, ""p"": 5}]",CLOSED_EXACT_CYCLIC_PRESENTATION
50,73,13,10,"[{""brown_mod8"": 1, ""canonical_t"": 1, ""e"": 1, ""kind"": ""2-cyclic-odd"", ""p"": 2}, {""canonical_t"": 2, ""e"": 2, ""kind"": ""odd-cyclic"", ""legendre"": -1, ""p"": 5}]",CLOSED_EXACT_CYCLIC_PRESENTATION
50,77,13,10,"[{""brown_mod8"": 1, ""canonical_t"": 1, ""e"": 1, ""kind"": ""2-cyclic-odd"", ""p"": 2}, {""canonical_t"": 2, ""e"": 2, ""kind"": ""odd-cyclic"", ""legendre"": -1, ""p"": 5}]",CLOSED_EXACT_CYCLIC_PRESENTATION
50,79,11,10,"[{""brown_mod8"": 3, ""canonical_t"": 3, ""e"": 1, ""kind"": ""2-cyclic-odd"", ""p"": 2}, {""canonical_t"": 1, ""e"": 2, ""kind"": ""odd-cyclic"", ""legendre"": 1, ""p"": 5}]",CLOSED_EXACT_CYCLIC_PRESENTATION
50,81,1,10,"[{""brown_mod8"": 1, ""canonical_t"": 1, ""e"": 1, ""kind"": ""2-cyclic-odd"", ""p"": 2}, {""canonical_t"": 1, ""e"": 2, ""kind"": ""odd-cyclic"", ""legendre"": 1, ""p"": 5}]",CLOSED_EXACT_CYCLIC_PRESENTATION
50,83,3,10,"[{""brown_mod8"": 3, ""canonical_t"": 3, ""e"": 1, ""kind"": ""2-cyclic-odd"", ""p"": 2}, {""canonical_t"": 2, ""e"": 2, ""kind"": ""odd-cyclic"", ""legendre"": -1, ""p"": 5}]",CLOSED_EXACT_CYCLIC_PRESENTATION
50,87,3,10,"[{""brown_mod8"": 3, ""canonical_t"": 3, ""e"": 1, ""kind"": ""2-cyclic-odd"", ""p"": 2}, {""canonical_t"": 2, ""e"": 2, ""kind"": ""odd-cyclic"", ""legendre"": -1, ""p"": 5}]",CLOSED_EXACT_CYCLIC_PRESENTATION
50,89,1,10,"[{""brown_mod8"": 1, ""canonical_t"": 1, ""e"": 1, ""kind"": ""2-cyclic-odd"", ""p"": 2}, {""canonical_t"": 1, ""e"": 2, ""kind"": ""odd-cyclic"", ""legendre"": 1, ""p"": 5}]",CLOSED_EXACT_CYCLIC_PRESENTATION
50,91,11,10,"[{""brown_mod8"": 3, ""canonical_t"": 3, ""e"": 1, ""kind"": ""2-cyclic-odd"", ""p"": 2}, {""canonical_t"": 1, ""e"": 2, ""kind"": ""odd-cyclic"", ""legendre"": 1, ""p"": 5}]",CLOSED_EXACT_CYCLIC_PRESENTATION
50,93,13,10,"[{""brown_mod8"": 1, ""canonical_t"": 1, ""e"": 1, ""kind"": ""2-cyclic-odd"", ""p"": 2}, {""canonical_t"": 2, ""e"": 2, ""kind"": ""odd-cyclic"", ""legendre"": -1, ""p"": 5}]",CLOSED_EXACT_CYCLIC_PRESENTATION
50,97,13,10,"[{""brown_mod8"": 1, ""canonical_t"": 1, ""e"": 1, ""kind"": ""2-cyclic-odd"", ""p"": 2}, {""canonical_t"": 2, ""e"": 2, ""kind"": ""odd-cyclic"", ""legendre"": -1, ""p"": 5}]",CLOSED_EXACT_CYCLIC_PRESENTATION
50,99,11,10,"[{""brown_mod8"": 3, ""canonical_t"": 3, ""e"": 1, ""kind"": ""2-cyclic-odd"", ""p"": 2}, {""canonical_t"": 1, ""e"": 2, ""kind"": ""odd-cyclic"", ""legendre"": 1, ""p"": 5}]",CLOSED_EXACT_CYCLIC_PRESENTATION
51,1,1,8,"[{""canonical_t"": 1, ""e"": 1, ""kind"": ""odd-cyclic"", ""legendre"": 1, ""p"": 3}, {""canonical_t"": 1, ""e"": 1, ""kind"": ""odd-cyclic"", ""legendre"": 1, ""p"": 17}]",CLOSED_EXACT_CYCLIC_PRESENTATION
51,5,5,8,"[{""canonical_t"": 2, ""e"": 1, ""kind"": ""odd-cyclic"", ""legendre"": -1, ""p"": 3}, {""canonical_t"": 3, ""e"": 1, ""kind"": ""odd-cyclic"", ""legendre"": -1, ""p"": 17}]",CLOSED_EXACT_CYCLIC_PRESENTATION
51,7,7,8,"[{""canonical_t"": 1, ""e"": 1, ""kind"": ""odd-cyclic"", ""legendre"": 1, ""p"": 3}, {""canonical_t"": 3, ""e"": 1, ""kind"": ""odd-cyclic"", ""legendre"": -1, ""p"": 17}]",CLOSED_EXACT_CYCLIC_PRESENTATION
51,11,5,8,"[{""canonical_t"": 2, ""e"": 1, ""kind"": ""odd-cyclic"", ""legendre"": -1, ""p"": 3}, {""canonical_t"": 3, ""e"": 1, ""kind"": ""odd-cyclic"", ""legendre"": -1, ""p"": 17}]",CLOSED_EXACT_CYCLIC_PRESENTATION
51,13,1,8,"[{""canonical_t"": 1, ""e"": 1, ""kind"": ""odd-cyclic"", ""legendre"": 1, ""p"": 3}, {""canonical_t"": 1, ""e"": 1, ""kind"": ""odd-cyclic"", ""legendre"": 1, ""p"": 17}]",CLOSED_EXACT_CYCLIC_PRESENTATION
51,19,1,8,"[{""canonical_t"": 1, ""e"": 1, ""kind"": ""odd-cyclic"", ""legendre"": 1, ""p"": 3}, {""canonical_t"": 1, ""e"": 1, ""kind"": ""odd-cyclic"", ""legendre"": 1, ""p"": 17}]",CLOSED_EXACT_CYCLIC_PRESENTATION
51,23,5,8,"[{""canonical_t"": 2, ""e"": 1, ""kind"": ""odd-cyclic"", ""legendre"": -1, ""p"": 3}, {""canonical_t"": 3, ""e"": 1, ""kind"": ""odd-cyclic"", ""legendre"": -1, ""p"": 17}]",CLOSED_EXACT_CYCLIC_PRESENTATION
51,25,1,8,"[{""canonical_t"": 1, ""e"": 1, ""kind"": ""odd-cyclic"", ""legendre"": 1, ""p"": 3}, {""canonical_t"": 1, ""e"": 1, ""kind"": ""odd-cyclic"", ""legendre"": 1, ""p"": 17}]",CLOSED_EXACT_CYCLIC_PRESENTATION
51,29,5,8,"[{""canonical_t"": 2, ""e"": 1, ""kind"": ""odd-cyclic"", ""legendre"": -1, ""p"": 3}, {""canonical_t"": 3, ""e"": 1, ""kind"": ""odd-cyclic"", ""legendre"": -1, ""p"": 17}]",CLOSED_EXACT_CYCLIC_PRESENTATION
51,31,7,8,"[{""canonical_t"": 1, ""e"": 1, ""kind"": ""odd-cyclic"", ""legendre"": 1, ""p"": 3}, {""canonical_t"": 3, ""e"": 1, ""kind"": ""odd-cyclic"", ""legendre"": -1, ""p"": 17}]",CLOSED_EXACT_CYCLIC_PRESENTATION
51,35,35,8,"[{""canonical_t"": 2, ""e"": 1, ""kind"": ""odd-cyclic"", ""legendre"": -1, ""p"": 3}, {""canonical_t"": 1, ""e"": 1, ""kind"": ""odd-cyclic"", ""legendre"": 1, ""p"": 17}]",CLOSED_EXACT_CYCLIC_PRESENTATION
51,37,7,8,"[{""canonical_t"": 1, ""e"": 1, ""kind"": ""odd-cyclic"", ""legendre"": 1, ""p"": 3}, {""canonical_t"": 3, ""e"": 1, ""kind"": ""odd-cyclic"", ""legendre"": -1, ""p"": 17}]",CLOSED_EXACT_CYCLIC_PRESENTATION
51,41,5,8,"[{""canonical_t"": 2, ""e"": 1, ""kind"": ""odd-cyclic"", ""legendre"": -1, ""p"": 3}, {""canonical_t"": 3, ""e"": 1, ""kind"": ""odd-cyclic"", ""legendre"": -1, ""p"": 17}]",CLOSED_EXACT_CYCLIC_PRESENTATION
51,43,1,8,"[{""canonical_t"": 1, ""e"": 1, ""kind"": ""odd-cyclic"", ""legendre"": 1, ""p"": 3}, {""canonical_t"": 1, ""e"": 1, ""kind"": ""odd-cyclic"", ""legendre"": 1, ""p"": 17}]",CLOSED_EXACT_CYCLIC_PRESENTATION
51,47,35,8,"[{""canonical_t"": 2, ""e"": 1, ""kind"": ""odd-cyclic"", ""legendre"": -1, ""p"": 3}, {""canonical_t"": 1, ""e"": 1, ""kind"": ""odd-cyclic"", ""legendre"": 1, ""p"": 17}]",CLOSED_EXACT_CYCLIC_PRESENTATION
51,49,1,8,"[{""canonical_t"": 1, ""e"": 1, ""kind"": ""odd-cyclic"", ""legendre"": 1, ""p"": 3}, {""canonical_t"": 1, ""e"": 1, ""kind"": ""odd-cyclic"", ""legendre"": 1, ""p"": 17}]",CLOSED_EXACT_CYCLIC_PRESENTATION
51,53,35,8,"[{""canonical_t"": 2, ""e"": 1, ""kind"": ""odd-cyclic"", ""legendre"": -1, ""p"": 3}, {""canonical_t"": 1, ""e"": 1, ""kind"": ""odd-cyclic"", ""legendre"": 1, ""p"": 17}]",CLOSED_EXACT_CYCLIC_PRESENTATION
51,55,1,8,"[{""canonical_t"": 1, ""e"": 1, ""kind"": ""odd-cyclic"", ""legendre"": 1, ""p"": 3}, {""canonical_t"": 1, ""e"": 1, ""kind"": ""odd-cyclic"", ""legendre"": 1, ""p"": 17}]",CLOSED_EXACT_CYCLIC_PRESENTATION
51,59,35,8,"[{""canonical_t"": 2, ""e"": 1, ""kind"": ""odd-cyclic"", ""legendre"": -1, ""p"": 3}, {""canonical_t"": 1, ""e"": 1, ""kind"": ""odd-cyclic"", ""legendre"": 1, ""p"": 17}]",CLOSED_EXACT_CYCLIC_PRESENTATION
51,61,7,8,"[{""canonical_t"": 1, ""e"": 1, ""kind"": ""odd-cyclic"", ""legendre"": 1, ""p"": 3}, {""canonical_t"": 3, ""e"": 1, ""kind"": ""odd-cyclic"", ""legendre"": -1, ""p"": 17}]",CLOSED_EXACT_CYCLIC_PRESENTATION
51,65,5,8,"[{""canonical_t"": 2, ""e"": 1, ""kind"": ""odd-cyclic"", ""legendre"": -1, ""p"": 3}, {""canonical_t"": 3, ""e"": 1, ""kind"": ""odd-cyclic"", ""legendre"": -1, ""p"": 17}]",CLOSED_EXACT_CYCLIC_PRESENTATION
51,67,1,8,"[{""canonical_t"": 1, ""e"": 1, ""kind"": ""odd-cyclic"", ""legendre"": 1, ""p"": 3}, {""canonical_t"": 1, ""e"": 1, ""kind"": ""odd-cyclic"", ""legendre"": 1, ""p"": 17}]",CLOSED_EXACT_CYCLIC_PRESENTATION
51,71,5,8,"[{""canonical_t"": 2, ""e"": 1, ""kind"": ""odd-cyclic"", ""legendre"": -1, ""p"": 3}, {""canonical_t"": 3, ""e"": 1, ""kind"": ""odd-cyclic"", ""legendre"": -1, ""p"": 17}]",CLOSED_EXACT_CYCLIC_PRESENTATION
51,73,7,8,"[{""canonical_t"": 1, ""e"": 1, ""kind"": ""odd-cyclic"", ""legendre"": 1, ""p"": 3}, {""canonical_t"": 3, ""e"": 1, ""kind"": ""odd-cyclic"", ""legendre"": -1, ""p"": 17}]",CLOSED_EXACT_CYCLIC_PRESENTATION
51,77,35,8,"[{""canonical_t"": 2, ""e"": 1, ""kind"": ""odd-cyclic"", ""legendre"": -1, ""p"": 3}, {""canonical_t"": 1, ""e"": 1, ""kind"": ""odd-cyclic"", ""legendre"": 1, ""p"": 17}]",CLOSED_EXACT_CYCLIC_PRESENTATION
51,79,7,8,"[{""canonical_t"": 1, ""e"": 1, ""kind"": ""odd-cyclic"", ""legendre"": 1, ""p"": 3}, {""canonical_t"": 3, ""e"": 1, ""kind"": ""odd-cyclic"", ""legendre"": -1, ""p"": 17}]",CLOSED_EXACT_CYCLIC_PRESENTATION
51,83,35,8,"[{""canonical_t"": 2, ""e"": 1, ""kind"": ""odd-cyclic"", ""legendre"": -1, ""p"": 3}, {""canonical_t"": 1, ""e"": 1, ""kind"": ""odd-cyclic"", ""legendre"": 1, ""p"": 17}]",CLOSED_EXACT_CYCLIC_PRESENTATION
51,89,35,8,"[{""canonical_t"": 2, ""e"": 1, ""kind"": ""odd-cyclic"", ""legendre"": -1, ""p"": 3}, {""canonical_t"": 1, ""e"": 1, ""kind"": ""odd-cyclic"", ""legendre"": 1, ""p"": 17}]",CLOSED_EXACT_CYCLIC_PRESENTATION
51,91,7,8,"[{""canonical_t"": 1, ""e"": 1, ""kind"": ""odd-cyclic"", ""legendre"": 1, ""p"": 3}, {""canonical_t"": 3, ""e"": 1, ""kind"": ""odd-cyclic"", ""legendre"": -1, ""p"": 17}]",CLOSED_EXACT_CYCLIC_PRESENTATION
51,95,5,8,"[{""canonical_t"": 2, ""e"": 1, ""kind"": ""odd-cyclic"", ""legendre"": -1, ""p"": 3}, {""canonical_t"": 3, ""e"": 1, ""kind"": ""odd-cyclic"", ""legendre"": -1, ""p"": 17}]",CLOSED_EXACT_CYCLIC_PRESENTATION
51,97,7,8,"[{""canonical_t"": 1, ""e"": 1, ""kind"": ""odd-cyclic"", ""legendre"": 1, ""p"": 3}, {""canonical_t"": 3, ""e"": 1, ""kind"": ""odd-cyclic"", ""legendre"": -1, ""p"": 17}]",CLOSED_EXACT_CYCLIC_PRESENTATION
51,101,35,8,"[{""canonical_t"": 2, ""e"": 1, ""kind"": ""odd-cyclic"", ""legendre"": -1, ""p"": 3}, {""canonical_t"": 1, ""e"": 1, ""kind"": ""odd-cyclic"", ""legendre"": 1, ""p"": 17}]",CLOSED_EXACT_CYCLIC_PRESENTATION
52,1,1,6,"[{""brown_mod8"": 1, ""canonical_t"": 1, ""e"": 2, ""kind"": ""2-cyclic-odd"", ""p"": 2}, {""canonical_t"": 1, ""e"": 1, ""kind"": ""odd-cyclic"", ""legendre"": 1, ""p"": 13}]",CLOSED_EXACT_CYCLIC_PRESENTATION
52,3,3,6,"[{""brown_mod8"": 3, ""canonical_t"": 3, ""e"": 2, ""kind"": ""2-cyclic-odd"", ""p"": 2}, {""canonical_t"": 1, ""e"": 1, ""kind"": ""odd-cyclic"", ""legendre"": 1, ""p"": 13}]",CLOSED_EXACT_CYCLIC_PRESENTATION
52,5,5,6,"[{""brown_mod8"": 5, ""canonical_t"": 5, ""e"": 2, ""kind"": ""2-cyclic-odd"", ""p"": 2}, {""canonical_t"": 2, ""e"": 1, ""kind"": ""odd-cyclic"", ""legendre"": -1, ""p"": 13}]",CLOSED_EXACT_CYCLIC_PRESENTATION
52,7,7,6,"[{""brown_mod8"": 7, ""canonical_t"": 7, ""e"": 2, ""kind"": ""2-cyclic-odd"", ""p"": 2}, {""canonical_t"": 2, ""e"": 1, ""kind"": ""odd-cyclic"", ""legendre"": -1, ""p"": 13}]",CLOSED_EXACT_CYCLIC_PRESENTATION
52,9,1,6,"[{""brown_mod8"": 1, ""canonical_t"": 1, ""e"": 2, ""kind"": ""2-cyclic-odd"", ""p"": 2}, {""canonical_t"": 1, ""e"": 1, ""kind"": ""odd-cyclic"", ""legendre"": 1, ""p"": 13}]",CLOSED_EXACT_CYCLIC_PRESENTATION
52,11,11,6,"[{""brown_mod8"": 3, ""canonical_t"": 3, ""e"": 2, ""kind"": ""2-cyclic-odd"", ""p"": 2}, {""canonical_t"": 2, ""e"": 1, ""kind"": ""odd-cyclic"", ""legendre"": -1, ""p"": 13}]",CLOSED_EXACT_CYCLIC_PRESENTATION
52,15,7,6,"[{""brown_mod8"": 7, ""canonical_t"": 7, ""e"": 2, ""kind"": ""2-cyclic-odd"", ""p"": 2}, {""canonical_t"": 2, ""e"": 1, ""kind"": ""odd-cyclic"", ""legendre"": -1, ""p"": 13}]",CLOSED_EXACT_CYCLIC_PRESENTATION
52,17,1,6,"[{""brown_mod8"": 1, ""canonical_t"": 1, ""e"": 2, ""kind"": ""2-cyclic-odd"", ""p"": 2}, {""canonical_t"": 1, ""e"": 1, ""kind"": ""odd-cyclic"", ""legendre"": 1, ""p"": 13}]",CLOSED_EXACT_CYCLIC_PRESENTATION
52,19,11,6,"[{""brown_mod8"": 3, ""canonical_t"": 3, ""e"": 2, ""kind"": ""2-cyclic-odd"", ""p"": 2}, {""canonical_t"": 2, ""e"": 1, ""kind"": ""odd-cyclic"", ""legendre"": -1, ""p"": 13}]",CLOSED_EXACT_CYCLIC_PRESENTATION
52,21,5,6,"[{""brown_mod8"": 5, ""canonical_t"": 5, ""e"": 2, ""kind"": ""2-cyclic-odd"", ""p"": 2}, {""canonical_t"": 2, ""e"": 1, ""kind"": ""odd-cyclic"", ""legendre"": -1, ""p"": 13}]",CLOSED_EXACT_CYCLIC_PRESENTATION
52,23,23,6,"[{""brown_mod8"": 7, ""canonical_t"": 7, ""e"": 2, ""kind"": ""2-cyclic-odd"", ""p"": 2}, {""canonical_t"": 1, ""e"": 1, ""kind"": ""odd-cyclic"", ""legendre"": 1, ""p"": 13}]",CLOSED_EXACT_CYCLIC_PRESENTATION
52,25,1,6,"[{""brown_mod8"": 1, ""canonical_t"": 1, ""e"": 2, ""kind"": ""2-cyclic-odd"", ""p"": 2}, {""canonical_t"": 1, ""e"": 1, ""kind"": ""odd-cyclic"", ""legendre"": 1, ""p"": 13}]",CLOSED_EXACT_CYCLIC_PRESENTATION
52,27,3,6,"[{""brown_mod8"": 3, ""canonical_t"": 3, ""e"": 2, ""kind"": ""2-cyclic-odd"", ""p"": 2}, {""canonical_t"": 1, ""e"": 1, ""kind"": ""odd-cyclic"", ""legendre"": 1, ""p"": 13}]",CLOSED_EXACT_CYCLIC_PRESENTATION
52,29,29,6,"[{""brown_mod8"": 5, ""canonical_t"": 5, ""e"": 2, ""kind"": ""2-cyclic-odd"", ""p"": 2}, {""canonical_t"": 1, ""e"": 1, ""kind"": ""odd-cyclic"", ""legendre"": 1, ""p"": 13}]",CLOSED_EXACT_CYCLIC_PRESENTATION
52,31,7,6,"[{""brown_mod8"": 7, ""canonical_t"": 7, ""e"": 2, ""kind"": ""2-cyclic-odd"", ""p"": 2}, {""canonical_t"": 2, ""e"": 1, ""kind"": ""odd-cyclic"", ""legendre"": -1, ""p"": 13}]",CLOSED_EXACT_CYCLIC_PRESENTATION
52,33,33,6,"[{""brown_mod8"": 1, ""canonical_t"": 1, ""e"": 2, ""kind"": ""2-cyclic-odd"", ""p"": 2}, {""canonical_t"": 2, ""e"": 1, ""kind"": ""odd-cyclic"", ""legendre"": -1, ""p"": 13}]",CLOSED_EXACT_CYCLIC_PRESENTATION
52,35,3,6,"[{""brown_mod8"": 3, ""canonical_t"": 3, ""e"": 2, ""kind"": ""2-cyclic-odd"", ""p"": 2}, {""canonical_t"": 1, ""e"": 1, ""kind"": ""odd-cyclic"", ""legendre"": 1, ""p"": 13}]",CLOSED_EXACT_CYCLIC_PRESENTATION
52,37,5,6,"[{""brown_mod8"": 5, ""canonical_t"": 5, ""e"": 2, ""kind"": ""2-cyclic-odd"", ""p"": 2}, {""canonical_t"": 2, ""e"": 1, ""kind"": ""odd-cyclic"", ""legendre"": -1, ""p"": 13}]",CLOSED_EXACT_CYCLIC_PRESENTATION
52,41,33,6,"[{""brown_mod8"": 1, ""canonical_t"": 1, ""e"": 2, ""kind"": ""2-cyclic-odd"", ""p"": 2}, {""canonical_t"": 2, ""e"": 1, ""kind"": ""odd-cyclic"", ""legendre"": -1, ""p"": 13}]",CLOSED_EXACT_CYCLIC_PRESENTATION
52,43,3,6,"[{""brown_mod8"": 3, ""canonical_t"": 3, ""e"": 2, ""kind"": ""2-cyclic-odd"", ""p"": 2}, {""canonical_t"": 1, ""e"": 1, ""kind"": ""odd-cyclic"", ""legendre"": 1, ""p"": 13}]",CLOSED_EXACT_CYCLIC_PRESENTATION
52,45,5,6,"[{""brown_mod8"": 5, ""canonical_t"": 5, ""e"": 2, ""kind"": ""2-cyclic-odd"", ""p"": 2}, {""canonical_t"": 2, ""e"": 1, ""kind"": ""odd-cyclic"", ""legendre"": -1, ""p"": 13}]",CLOSED_EXACT_CYCLIC_PRESENTATION
52,47,7,6,"[{""brown_mod8"": 7, ""canonical_t"": 7, ""e"": 2, ""kind"": ""2-cyclic-odd"", ""p"": 2}, {""canonical_t"": 2, ""e"": 1, ""kind"": ""odd-cyclic"", ""legendre"": -1, ""p"": 13}]",CLOSED_EXACT_CYCLIC_PRESENTATION
52,49,1,6,"[{""brown_mod8"": 1, ""canonical_t"": 1, ""e"": 2, ""kind"": ""2-cyclic-odd"", ""p"": 2}, {""canonical_t"": 1, ""e"": 1, ""kind"": ""odd-cyclic"", ""legendre"": 1, ""p"": 13}]",CLOSED_EXACT_CYCLIC_PRESENTATION
52,51,3,6,"[{""brown_mod8"": 3, ""canonical_t"": 3, ""e"": 2, ""kind"": ""2-cyclic-odd"", ""p"": 2}, {""canonical_t"": 1, ""e"": 1, ""kind"": ""odd-cyclic"", ""legendre"": 1, ""p"": 13}]",CLOSED_EXACT_CYCLIC_PRESENTATION
52,53,29,6,"[{""brown_mod8"": 5, ""canonical_t"": 5, ""e"": 2, ""kind"": ""2-cyclic-odd"", ""p"": 2}, {""canonical_t"": 1, ""e"": 1, ""kind"": ""odd-cyclic"", ""legendre"": 1, ""p"": 13}]",CLOSED_EXACT_CYCLIC_PRESENTATION
52,55,23,6,"[{""brown_mod8"": 7, ""canonical_t"": 7, ""e"": 2, ""kind"": ""2-cyclic-odd"", ""p"": 2}, {""canonical_t"": 1, ""e"": 1, ""kind"": ""odd-cyclic"", ""legendre"": 1, ""p"": 13}]",CLOSED_EXACT_CYCLIC_PRESENTATION
52,57,33,6,"[{""brown_mod8"": 1, ""canonical_t"": 1, ""e"": 2, ""kind"": ""2-cyclic-odd"", ""p"": 2}, {""canonical_t"": 2, ""e"": 1, ""kind"": ""odd-cyclic"", ""legendre"": -1, ""p"": 13}]",CLOSED_EXACT_CYCLIC_PRESENTATION
52,59,11,6,"[{""brown_mod8"": 3, ""canonical_t"": 3, ""e"": 2, ""kind"": ""2-cyclic-odd"", ""p"": 2}, {""canonical_t"": 2, ""e"": 1, ""kind"": ""odd-cyclic"", ""legendre"": -1, ""p"": 13}]",CLOSED_EXACT_CYCLIC_PRESENTATION
52,61,29,6,"[{""brown_mod8"": 5, ""canonical_t"": 5, ""e"": 2, ""kind"": ""2-cyclic-odd"", ""p"": 2}, {""canonical_t"": 1, ""e"": 1, ""kind"": ""odd-cyclic"", ""legendre"": 1, ""p"": 13}]",CLOSED_EXACT_CYCLIC_PRESENTATION
52,63,7,6,"[{""brown_mod8"": 7, ""canonical_t"": 7, ""e"": 2, ""kind"": ""2-cyclic-odd"", ""p"": 2}, {""canonical_t"": 2, ""e"": 1, ""kind"": ""odd-cyclic"", ""legendre"": -1, ""p"": 13}]",CLOSED_EXACT_CYCLIC_PRESENTATION
52,67,11,6,"[{""brown_mod8"": 3, ""canonical_t"": 3, ""e"": 2, ""kind"": ""2-cyclic-odd"", ""p"": 2}, {""canonical_t"": 2, ""e"": 1, ""kind"": ""odd-cyclic"", ""legendre"": -1, ""p"": 13}]",CLOSED_EXACT_CYCLIC_PRESENTATION
52,69,29,6,"[{""brown_mod8"": 5, ""canonical_t"": 5, ""e"": 2, ""kind"": ""2-cyclic-odd"", ""p"": 2}, {""canonical_t"": 1, ""e"": 1, ""kind"": ""odd-cyclic"", ""legendre"": 1, ""p"": 13}]",CLOSED_EXACT_CYCLIC_PRESENTATION
52,71,7,6,"[{""brown_mod8"": 7, ""canonical_t"": 7, ""e"": 2, ""kind"": ""2-cyclic-odd"", ""p"": 2}, {""canonical_t"": 2, ""e"": 1, ""kind"": ""odd-cyclic"", ""legendre"": -1, ""p"": 13}]",CLOSED_EXACT_CYCLIC_PRESENTATION
52,73,33,6,"[{""brown_mod8"": 1, ""canonical_t"": 1, ""e"": 2, ""kind"": ""2-cyclic-odd"", ""p"": 2}, {""canonical_t"": 2, ""e"": 1, ""kind"": ""odd-cyclic"", ""legendre"": -1, ""p"": 13}]",CLOSED_EXACT_CYCLIC_PRESENTATION
52,75,3,6,"[{""brown_mod8"": 3, ""canonical_t"": 3, ""e"": 2, ""kind"": ""2-cyclic-odd"", ""p"": 2}, {""canonical_t"": 1, ""e"": 1, ""kind"": ""odd-cyclic"", ""legendre"": 1, ""p"": 13}]",CLOSED_EXACT_CYCLIC_PRESENTATION
52,77,29,6,"[{""brown_mod8"": 5, ""canonical_t"": 5, ""e"": 2, ""kind"": ""2-cyclic-odd"", ""p"": 2}, {""canonical_t"": 1, ""e"": 1, ""kind"": ""odd-cyclic"", ""legendre"": 1, ""p"": 13}]",CLOSED_EXACT_CYCLIC_PRESENTATION
52,79,23,6,"[{""brown_mod8"": 7, ""canonical_t"": 7, ""e"": 2, ""kind"": ""2-cyclic-odd"", ""p"": 2}, {""canonical_t"": 1, ""e"": 1, ""kind"": ""odd-cyclic"", ""legendre"": 1, ""p"": 13}]",CLOSED_EXACT_CYCLIC_PRESENTATION
52,81,1,6,"[{""brown_mod8"": 1, ""canonical_t"": 1, ""e"": 2, ""kind"": ""2-cyclic-odd"", ""p"": 2}, {""canonical_t"": 1, ""e"": 1, ""kind"": ""odd-cyclic"", ""legendre"": 1, ""p"": 13}]",CLOSED_EXACT_CYCLIC_PRESENTATION
52,83,11,6,"[{""brown_mod8"": 3, ""canonical_t"": 3, ""e"": 2, ""kind"": ""2-cyclic-odd"", ""p"": 2}, {""canonical_t"": 2, ""e"": 1, ""kind"": ""odd-cyclic"", ""legendre"": -1, ""p"": 13}]",CLOSED_EXACT_CYCLIC_PRESENTATION
52,85,5,6,"[{""brown_mod8"": 5, ""canonical_t"": 5, ""e"": 2, ""kind"": ""2-cyclic-odd"", ""p"": 2}, {""canonical_t"": 2, ""e"": 1, ""kind"": ""odd-cyclic"", ""legendre"": -1, ""p"": 13}]",CLOSED_EXACT_CYCLIC_PRESENTATION
52,87,23,6,"[{""brown_mod8"": 7, ""canonical_t"": 7, ""e"": 2, ""kind"": ""2-cyclic-odd"", ""p"": 2}, {""canonical_t"": 1, ""e"": 1, ""kind"": ""odd-cyclic"", ""legendre"": 1, ""p"": 13}]",CLOSED_EXACT_CYCLIC_PRESENTATION
52,89,33,6,"[{""brown_mod8"": 1, ""canonical_t"": 1, ""e"": 2, ""kind"": ""2-cyclic-odd"", ""p"": 2}, {""canonical_t"": 2, ""e"": 1, ""kind"": ""odd-cyclic"", ""legendre"": -1, ""p"": 13}]",CLOSED_EXACT_CYCLIC_PRESENTATION
52,93,5,6,"[{""brown_mod8"": 5, ""canonical_t"": 5, ""e"": 2, ""kind"": ""2-cyclic-odd"", ""p"": 2}, {""canonical_t"": 2, ""e"": 1, ""kind"": ""odd-cyclic"", ""legendre"": -1, ""p"": 13}]",CLOSED_EXACT_CYCLIC_PRESENTATION
52,95,23,6,"[{""brown_mod8"": 7, ""canonical_t"": 7, ""e"": 2, ""kind"": ""2-cyclic-odd"", ""p"": 2}, {""canonical_t"": 1, ""e"": 1, ""kind"": ""odd-cyclic"", ""legendre"": 1, ""p"": 13}]",CLOSED_EXACT_CYCLIC_PRESENTATION
52,97,33,6,"[{""brown_mod8"": 1, ""canonical_t"": 1, ""e"": 2, ""kind"": ""2-cyclic-odd"", ""p"": 2}, {""canonical_t"": 2, ""e"": 1, ""kind"": ""odd-cyclic"", ""legendre"": -1, ""p"": 13}]",CLOSED_EXACT_CYCLIC_PRESENTATION
52,99,11,6,"[{""brown_mod8"": 3, ""canonical_t"": 3, ""e"": 2, ""kind"": ""2-cyclic-odd"", ""p"": 2}, {""canonical_t"": 2, ""e"": 1, ""kind"": ""odd-cyclic"", ""legendre"": -1, ""p"": 13}]",CLOSED_EXACT_CYCLIC_PRESENTATION
52,101,29,6,"[{""brown_mod8"": 5, ""canonical_t"": 5, ""e"": 2, ""kind"": ""2-cyclic-odd"", ""p"": 2}, {""canonical_t"": 1, ""e"": 1, ""kind"": ""odd-cyclic"", ""legendre"": 1, ""p"": 13}]",CLOSED_EXACT_CYCLIC_PRESENTATION
52,103,23,6,"[{""brown_mod8"": 7, ""canonical_t"": 7, ""e"": 2, ""kind"": ""2-cyclic-odd"", ""p"": 2}, {""canonical_t"": 1, ""e"": 1, ""kind"": ""odd-cyclic"", ""legendre"": 1, ""p"": 13}]",CLOSED_EXACT_CYCLIC_PRESENTATION
53,1,1,26,"[{""canonical_t"": 1, ""e"": 1, ""kind"": ""odd-cyclic"", ""legendre"": 1, ""p"": 53}]",CLOSED_EXACT_CYCLIC_PRESENTATION
53,3,3,26,"[{""canonical_t"": 2, ""e"": 1, ""kind"": ""odd-cyclic"", ""legendre"": -1, ""p"": 53}]",CLOSED_EXACT_CYCLIC_PRESENTATION
53,5,3,26,"[{""canonical_t"": 2, ""e"": 1, ""kind"": ""odd-cyclic"", ""legendre"": -1, ""p"": 53}]",CLOSED_EXACT_CYCLIC_PRESENTATION
53,7,1,26,"[{""canonical_t"": 1, ""e"": 1, ""kind"": ""odd-cyclic"", ""legendre"": 1, ""p"": 53}]",CLOSED_EXACT_CYCLIC_PRESENTATION
53,9,1,26,"[{""canonical_t"": 1, ""e"": 1, ""kind"": ""odd-cyclic"", ""legendre"": 1, ""p"": 53}]",CLOSED_EXACT_CYCLIC_PRESENTATION
53,11,1,26,"[{""canonical_t"": 1, ""e"": 1, ""kind"": ""odd-cyclic"", ""legendre"": 1, ""p"": 53}]",CLOSED_EXACT_CYCLIC_PRESENTATION
53,13,1,26,"[{""canonical_t"": 1, ""e"": 1, ""kind"": ""odd-cyclic"", ""legendre"": 1, ""p"": 53}]",CLOSED_EXACT_CYCLIC_PRESENTATION
53,15,1,26,"[{""canonical_t"": 1, ""e"": 1, ""kind"": ""odd-cyclic"", ""legendre"": 1, ""p"": 53}]",CLOSED_EXACT_CYCLIC_PRESENTATION
53,17,1,26,"[{""canonical_t"": 1, ""e"": 1, ""kind"": ""odd-cyclic"", ""legendre"": 1, ""p"": 53}]",CLOSED_EXACT_CYCLIC_PRESENTATION
53,19,3,26,"[{""canonical_t"": 2, ""e"": 1, ""kind"": ""odd-cyclic"", ""legendre"": -1, ""p"": 53}]",CLOSED_EXACT_CYCLIC_PRESENTATION
53,21,3,26,"[{""canonical_t"": 2, ""e"": 1, ""kind"": ""odd-cyclic"", ""legendre"": -1, ""p"": 53}]",CLOSED_EXACT_CYCLIC_PRESENTATION
53,23,3,26,"[{""canonical_t"": 2, ""e"": 1, ""kind"": ""odd-cyclic"", ""legendre"": -1, ""p"": 53}]",CLOSED_EXACT_CYCLIC_PRESENTATION
53,25,1,26,"[{""canonical_t"": 1, ""e"": 1, ""kind"": ""odd-cyclic"", ""legendre"": 1, ""p"": 53}]",CLOSED_EXACT_CYCLIC_PRESENTATION
53,27,3,26,"[{""canonical_t"": 2, ""e"": 1, ""kind"": ""odd-cyclic"", ""legendre"": -1, ""p"": 53}]",CLOSED_EXACT_CYCLIC_PRESENTATION
53,29,1,26,"[{""canonical_t"": 1, ""e"": 1, ""kind"": ""odd-cyclic"", ""legendre"": 1, ""p"": 53}]",CLOSED_EXACT_CYCLIC_PRESENTATION
53,31,3,26,"[{""canonical_t"": 2, ""e"": 1, ""kind"": ""odd-cyclic"", ""legendre"": -1, ""p"": 53}]",CLOSED_EXACT_CYCLIC_PRESENTATION
53,33,3,26,"[{""canonical_t"": 2, ""e"": 1, ""kind"": ""odd-cyclic"", ""legendre"": -1, ""p"": 53}]",CLOSED_EXACT_CYCLIC_PRESENTATION
53,35,3,26,"[{""canonical_t"": 2, ""e"": 1, ""kind"": ""odd-cyclic"", ""legendre"": -1, ""p"": 53}]",CLOSED_EXACT_CYCLIC_PRESENTATION
53,37,1,26,"[{""canonical_t"": 1, ""e"": 1, ""kind"": ""odd-cyclic"", ""legendre"": 1, ""p"": 53}]",CLOSED_EXACT_CYCLIC_PRESENTATION
53,39,3,26,"[{""canonical_t"": 2, ""e"": 1, ""kind"": ""odd-cyclic"", ""legendre"": -1, ""p"": 53}]",CLOSED_EXACT_CYCLIC_PRESENTATION
53,41,3,26,"[{""canonical_t"": 2, ""e"": 1, ""kind"": ""odd-cyclic"", ""legendre"": -1, ""p"": 53}]",CLOSED_EXACT_CYCLIC_PRESENTATION
53,43,1,26,"[{""canonical_t"": 1, ""e"": 1, ""kind"": ""odd-cyclic"", ""legendre"": 1, ""p"": 53}]",CLOSED_EXACT_CYCLIC_PRESENTATION
53,45,3,26,"[{""canonical_t"": 2, ""e"": 1, ""kind"": ""odd-cyclic"", ""legendre"": -1, ""p"": 53}]",CLOSED_EXACT_CYCLIC_PRESENTATION
53,47,1,26,"[{""canonical_t"": 1, ""e"": 1, ""kind"": ""odd-cyclic"", ""legendre"": 1, ""p"": 53}]",CLOSED_EXACT_CYCLIC_PRESENTATION
53,49,1,26,"[{""canonical_t"": 1, ""e"": 1, ""kind"": ""odd-cyclic"", ""legendre"": 1, ""p"": 53}]",CLOSED_EXACT_CYCLIC_PRESENTATION
53,51,3,26,"[{""canonical_t"": 2, ""e"": 1, ""kind"": ""odd-cyclic"", ""legendre"": -1, ""p"": 53}]",CLOSED_EXACT_CYCLIC_PRESENTATION
53,55,3,26,"[{""canonical_t"": 2, ""e"": 1, ""kind"": ""odd-cyclic"", ""legendre"": -1, ""p"": 53}]",CLOSED_EXACT_CYCLIC_PRESENTATION
53,57,1,26,"[{""canonical_t"": 1, ""e"": 1, ""kind"": ""odd-cyclic"", ""legendre"": 1, ""p"": 53}]",CLOSED_EXACT_CYCLIC_PRESENTATION
53,59,1,26,"[{""canonical_t"": 1, ""e"": 1, ""kind"": ""odd-cyclic"", ""legendre"": 1, ""p"": 53}]",CLOSED_EXACT_CYCLIC_PRESENTATION
53,61,3,26,"[{""canonical_t"": 2, ""e"": 1, ""kind"": ""odd-cyclic"", ""legendre"": -1, ""p"": 53}]",CLOSED_EXACT_CYCLIC_PRESENTATION
53,63,1,26,"[{""canonical_t"": 1, ""e"": 1, ""kind"": ""odd-cyclic"", ""legendre"": 1, ""p"": 53}]",CLOSED_EXACT_CYCLIC_PRESENTATION
53,65,3,26,"[{""canonical_t"": 2, ""e"": 1, ""kind"": ""odd-cyclic"", ""legendre"": -1, ""p"": 53}]",CLOSED_EXACT_CYCLIC_PRESENTATION
53,67,3,26,"[{""canonical_t"": 2, ""e"": 1, ""kind"": ""odd-cyclic"", ""legendre"": -1, ""p"": 53}]",CLOSED_EXACT_CYCLIC_PRESENTATION
53,69,1,26,"[{""canonical_t"": 1, ""e"": 1, ""kind"": ""odd-cyclic"", ""legendre"": 1, ""p"": 53}]",CLOSED_EXACT_CYCLIC_PRESENTATION
53,71,3,26,"[{""canonical_t"": 2, ""e"": 1, ""kind"": ""odd-cyclic"", ""legendre"": -1, ""p"": 53}]",CLOSED_EXACT_CYCLIC_PRESENTATION
53,73,3,26,"[{""canonical_t"": 2, ""e"": 1, ""kind"": ""odd-cyclic"", ""legendre"": -1, ""p"": 53}]",CLOSED_EXACT_CYCLIC_PRESENTATION
53,75,3,26,"[{""canonical_t"": 2, ""e"": 1, ""kind"": ""odd-cyclic"", ""legendre"": -1, ""p"": 53}]",CLOSED_EXACT_CYCLIC_PRESENTATION
53,77,1,26,"[{""canonical_t"": 1, ""e"": 1, ""kind"": ""odd-cyclic"", ""legendre"": 1, ""p"": 53}]",CLOSED_EXACT_CYCLIC_PRESENTATION
53,79,3,26,"[{""canonical_t"": 2, ""e"": 1, ""kind"": ""odd-cyclic"", ""legendre"": -1, ""p"": 53}]",CLOSED_EXACT_CYCLIC_PRESENTATION
53,81,1,26,"[{""canonical_t"": 1, ""e"": 1, ""kind"": ""odd-cyclic"", ""legendre"": 1, ""p"": 53}]",CLOSED_EXACT_CYCLIC_PRESENTATION
53,83,3,26,"[{""canonical_t"": 2, ""e"": 1, ""kind"": ""odd-cyclic"", ""legendre"": -1, ""p"": 53}]",CLOSED_EXACT_CYCLIC_PRESENTATION
53,85,3,26,"[{""canonical_t"": 2, ""e"": 1, ""kind"": ""odd-cyclic"", ""legendre"": -1, ""p"": 53}]",CLOSED_EXACT_CYCLIC_PRESENTATION
53,87,3,26,"[{""canonical_t"": 2, ""e"": 1, ""kind"": ""odd-cyclic"", ""legendre"": -1, ""p"": 53}]",CLOSED_EXACT_CYCLIC_PRESENTATION
53,89,1,26,"[{""canonical_t"": 1, ""e"": 1, ""kind"": ""odd-cyclic"", ""legendre"": 1, ""p"": 53}]",CLOSED_EXACT_CYCLIC_PRESENTATION
53,91,1,26,"[{""canonical_t"": 1, ""e"": 1, ""kind"": ""odd-cyclic"", ""legendre"": 1, ""p"": 53}]",CLOSED_EXACT_CYCLIC_PRESENTATION
53,93,1,26,"[{""canonical_t"": 1, ""e"": 1, ""kind"": ""odd-cyclic"", ""legendre"": 1, ""p"": 53}]",CLOSED_EXACT_CYCLIC_PRESENTATION
53,95,1,26,"[{""canonical_t"": 1, ""e"": 1, ""kind"": ""odd-cyclic"", ""legendre"": 1, ""p"": 53}]",CLOSED_EXACT_CYCLIC_PRESENTATION
53,97,1,26,"[{""canonical_t"": 1, ""e"": 1, ""kind"": ""odd-cyclic"", ""legendre"": 1, ""p"": 53}]",CLOSED_EXACT_CYCLIC_PRESENTATION
53,99,1,26,"[{""canonical_t"": 1, ""e"": 1, ""kind"": ""odd-cyclic"", ""legendre"": 1, ""p"": 53}]",CLOSED_EXACT_CYCLIC_PRESENTATION
53,101,3,26,"[{""canonical_t"": 2, ""e"": 1, ""kind"": ""odd-cyclic"", ""legendre"": -1, ""p"": 53}]",CLOSED_EXACT_CYCLIC_PRESENTATION
53,103,3,26,"[{""canonical_t"": 2, ""e"": 1, ""kind"": ""odd-cyclic"", ""legendre"": -1, ""p"": 53}]",CLOSED_EXACT_CYCLIC_PRESENTATION
53,105,1,26,"[{""canonical_t"": 1, ""e"": 1, ""kind"": ""odd-cyclic"", ""legendre"": 1, ""p"": 53}]",CLOSED_EXACT_CYCLIC_PRESENTATION
54,1,1,9,"[{""brown_mod8"": 1, ""canonical_t"": 1, ""e"": 1, ""kind"": ""2-cyclic-odd"", ""p"": 2}, {""canonical_t"": 1, ""e"": 3, ""kind"": ""odd-cyclic"", ""legendre"": 1, ""p"": 3}]",CLOSED_EXACT_CYCLIC_PRESENTATION
54,5,5,9,"[{""brown_mod8"": 1, ""canonical_t"": 1, ""e"": 1, ""kind"": ""2-cyclic-odd"", ""p"": 2}, {""canonical_t"": 2, ""e"": 3, ""kind"": ""odd-cyclic"", ""legendre"": -1, ""p"": 3}]",CLOSED_EXACT_CYCLIC_PRESENTATION
54,7,7,9,"[{""brown_mod8"": 3, ""canonical_t"": 3, ""e"": 1, ""kind"": ""2-cyclic-odd"", ""p"": 2}, {""canonical_t"": 1, ""e"": 3, ""kind"": ""odd-cyclic"", ""legendre"": 1, ""p"": 3}]",CLOSED_EXACT_CYCLIC_PRESENTATION
54,11,11,9,"[{""brown_mod8"": 3, ""canonical_t"": 3, ""e"": 1, ""kind"": ""2-cyclic-odd"", ""p"": 2}, {""canonical_t"": 2, ""e"": 3, ""kind"": ""odd-cyclic"", ""legendre"": -1, ""p"": 3}]",CLOSED_EXACT_CYCLIC_PRESENTATION
54,13,1,9,"[{""brown_mod8"": 1, ""canonical_t"": 1, ""e"": 1, ""kind"": ""2-cyclic-odd"", ""p"": 2}, {""canonical_t"": 1, ""e"": 3, ""kind"": ""odd-cyclic"", ""legendre"": 1, ""p"": 3}]",CLOSED_EXACT_CYCLIC_PRESENTATION
54,17,5,9,"[{""brown_mod8"": 1, ""canonical_t"": 1, ""e"": 1, ""kind"": ""2-cyclic-odd"", ""p"": 2}, {""canonical_t"": 2, ""e"": 3, ""kind"": ""odd-cyclic"", ""legendre"": -1, ""p"": 3}]",CLOSED_EXACT_CYCLIC_PRESENTATION
54,19,7,9,"[{""brown_mod8"": 3, ""canonical_t"": 3, ""e"": 1, ""kind"": ""2-cyclic-odd"", ""p"": 2}, {""canonical_t"": 1, ""e"": 3, ""kind"": ""odd-cyclic"", ""legendre"": 1, ""p"": 3}]",CLOSED_EXACT_CYCLIC_PRESENTATION
54,23,11,9,"[{""brown_mod8"": 3, ""canonical_t"": 3, ""e"": 1, ""kind"": ""2-cyclic-odd"", ""p"": 2}, {""canonical_t"": 2, ""e"": 3, ""kind"": ""odd-cyclic"", ""legendre"": -1, ""p"": 3}]",CLOSED_EXACT_CYCLIC_PRESENTATION
54,25,1,9,"[{""brown_mod8"": 1, ""canonical_t"": 1, ""e"": 1, ""kind"": ""2-cyclic-odd"", ""p"": 2}, {""canonical_t"": 1, ""e"": 3, ""kind"": ""odd-cyclic"", ""legendre"": 1, ""p"": 3}]",CLOSED_EXACT_CYCLIC_PRESENTATION
54,29,5,9,"[{""brown_mod8"": 1, ""canonical_t"": 1, ""e"": 1, ""kind"": ""2-cyclic-odd"", ""p"": 2}, {""canonical_t"": 2, ""e"": 3, ""kind"": ""odd-cyclic"", ""legendre"": -1, ""p"": 3}]",CLOSED_EXACT_CYCLIC_PRESENTATION
54,31,7,9,"[{""brown_mod8"": 3, ""canonical_t"": 3, ""e"": 1, ""kind"": ""2-cyclic-odd"", ""p"": 2}, {""canonical_t"": 1, ""e"": 3, ""kind"": ""odd-cyclic"", ""legendre"": 1, ""p"": 3}]",CLOSED_EXACT_CYCLIC_PRESENTATION
54,35,11,9,"[{""brown_mod8"": 3, ""canonical_t"": 3, ""e"": 1, ""kind"": ""2-cyclic-odd"", ""p"": 2}, {""canonical_t"": 2, ""e"": 3, ""kind"": ""odd-cyclic"", ""legendre"": -1, ""p"": 3}]",CLOSED_EXACT_CYCLIC_PRESENTATION
54,37,1,9,"[{""brown_mod8"": 1, ""canonical_t"": 1, ""e"": 1, ""kind"": ""2-cyclic-odd"", ""p"": 2}, {""canonical_t"": 1, ""e"": 3, ""kind"": ""odd-cyclic"", ""legendre"": 1, ""p"": 3}]",CLOSED_EXACT_CYCLIC_PRESENTATION
54,41,5,9,"[{""brown_mod8"": 1, ""canonical_t"": 1, ""e"": 1, ""kind"": ""2-cyclic-odd"", ""p"": 2}, {""canonical_t"": 2, ""e"": 3, ""kind"": ""odd-cyclic"", ""legendre"": -1, ""p"": 3}]",CLOSED_EXACT_CYCLIC_PRESENTATION
54,43,7,9,"[{""brown_mod8"": 3, ""canonical_t"": 3, ""e"": 1, ""kind"": ""2-cyclic-odd"", ""p"": 2}, {""canonical_t"": 1, ""e"": 3, ""kind"": ""odd-cyclic"", ""legendre"": 1, ""p"": 3}]",CLOSED_EXACT_CYCLIC_PRESENTATION
54,47,11,9,"[{""brown_mod8"": 3, ""canonical_t"": 3, ""e"": 1, ""kind"": ""2-cyclic-odd"", ""p"": 2}, {""canonical_t"": 2, ""e"": 3, ""kind"": ""odd-cyclic"", ""legendre"": -1, ""p"": 3}]",CLOSED_EXACT_CYCLIC_PRESENTATION
54,49,1,9,"[{""brown_mod8"": 1, ""canonical_t"": 1, ""e"": 1, ""kind"": ""2-cyclic-odd"", ""p"": 2}, {""canonical_t"": 1, ""e"": 3, ""kind"": ""odd-cyclic"", ""legendre"": 1, ""p"": 3}]",CLOSED_EXACT_CYCLIC_PRESENTATION
54,53,5,9,"[{""brown_mod8"": 1, ""canonical_t"": 1, ""e"": 1, ""kind"": ""2-cyclic-odd"", ""p"": 2}, {""canonical_t"": 2, ""e"": 3, ""kind"": ""odd-cyclic"", ""legendre"": -1, ""p"": 3}]",CLOSED_EXACT_CYCLIC_PRESENTATION
54,55,7,9,"[{""brown_mod8"": 3, ""canonical_t"": 3, ""e"": 1, ""kind"": ""2-cyclic-odd"", ""p"": 2}, {""canonical_t"": 1, ""e"": 3, ""kind"": ""odd-cyclic"", ""legendre"": 1, ""p"": 3}]",CLOSED_EXACT_CYCLIC_PRESENTATION
54,59,11,9,"[{""brown_mod8"": 3, ""canonical_t"": 3, ""e"": 1, ""kind"": ""2-cyclic-odd"", ""p"": 2}, {""canonical_t"": 2, ""e"": 3, ""kind"": ""odd-cyclic"", ""legendre"": -1, ""p"": 3}]",CLOSED_EXACT_CYCLIC_PRESENTATION
54,61,1,9,"[{""brown_mod8"": 1, ""canonical_t"": 1, ""e"": 1, ""kind"": ""2-cyclic-odd"", ""p"": 2}, {""canonical_t"": 1, ""e"": 3, ""kind"": ""odd-cyclic"", ""legendre"": 1, ""p"": 3}]",CLOSED_EXACT_CYCLIC_PRESENTATION
54,65,5,9,"[{""brown_mod8"": 1, ""canonical_t"": 1, ""e"": 1, ""kind"": ""2-cyclic-odd"", ""p"": 2}, {""canonical_t"": 2, ""e"": 3, ""kind"": ""odd-cyclic"", ""legendre"": -1, ""p"": 3}]",CLOSED_EXACT_CYCLIC_PRESENTATION
54,67,7,9,"[{""brown_mod8"": 3, ""canonical_t"": 3, ""e"": 1, ""kind"": ""2-cyclic-odd"", ""p"": 2}, {""canonical_t"": 1, ""e"": 3, ""kind"": ""odd-cyclic"", ""legendre"": 1, ""p"": 3}]",CLOSED_EXACT_CYCLIC_PRESENTATION
54,71,11,9,"[{""brown_mod8"": 3, ""canonical_t"": 3, ""e"": 1, ""kind"": ""2-cyclic-odd"", ""p"": 2}, {""canonical_t"": 2, ""e"": 3, ""kind"": ""odd-cyclic"", ""legendre"": -1, ""p"": 3}]",CLOSED_EXACT_CYCLIC_PRESENTATION
54,73,1,9,"[{""brown_mod8"": 1, ""canonical_t"": 1, ""e"": 1, ""kind"": ""2-cyclic-odd"", ""p"": 2}, {""canonical_t"": 1, ""e"": 3, ""kind"": ""odd-cyclic"", ""legendre"": 1, ""p"": 3}]",CLOSED_EXACT_CYCLIC_PRESENTATION
54,77,5,9,"[{""brown_mod8"": 1, ""canonical_t"": 1, ""e"": 1, ""kind"": ""2-cyclic-odd"", ""p"": 2}, {""canonical_t"": 2, ""e"": 3, ""kind"": ""odd-cyclic"", ""legendre"": -1, ""p"": 3}]",CLOSED_EXACT_CYCLIC_PRESENTATION
54,79,7,9,"[{""brown_mod8"": 3, ""canonical_t"": 3, ""e"": 1, ""kind"": ""2-cyclic-odd"", ""p"": 2}, {""canonical_t"": 1, ""e"": 3, ""kind"": ""odd-cyclic"", ""legendre"": 1, ""p"": 3}]",CLOSED_EXACT_CYCLIC_PRESENTATION
54,83,11,9,"[{""brown_mod8"": 3, ""canonical_t"": 3, ""e"": 1, ""kind"": ""2-cyclic-odd"", ""p"": 2}, {""canonical_t"": 2, ""e"": 3, ""kind"": ""odd-cyclic"", ""legendre"": -1, ""p"": 3}]",CLOSED_EXACT_CYCLIC_PRESENTATION
54,85,1,9,"[{""brown_mod8"": 1, ""canonical_t"": 1, ""e"": 1, ""kind"": ""2-cyclic-odd"", ""p"": 2}, {""canonical_t"": 1, ""e"": 3, ""kind"": ""odd-cyclic"", ""legendre"": 1, ""p"": 3}]",CLOSED_EXACT_CYCLIC_PRESENTATION
54,89,5,9,"[{""brown_mod8"": 1, ""canonical_t"": 1, ""e"": 1, ""kind"": ""2-cyclic-odd"", ""p"": 2}, {""canonical_t"": 2, ""e"": 3, ""kind"": ""odd-cyclic"", ""legendre"": -1, ""p"": 3}]",CLOSED_EXACT_CYCLIC_PRESENTATION
54,91,7,9,"[{""brown_mod8"": 3, ""canonical_t"": 3, ""e"": 1, ""kind"": ""2-cyclic-odd"", ""p"": 2}, {""canonical_t"": 1, ""e"": 3, ""kind"": ""odd-cyclic"", ""legendre"": 1, ""p"": 3}]",CLOSED_EXACT_CYCLIC_PRESENTATION
54,95,11,9,"[{""brown_mod8"": 3, ""canonical_t"": 3, ""e"": 1, ""kind"": ""2-cyclic-odd"", ""p"": 2}, {""canonical_t"": 2, ""e"": 3, ""kind"": ""odd-cyclic"", ""legendre"": -1, ""p"": 3}]",CLOSED_EXACT_CYCLIC_PRESENTATION
54,97,1,9,"[{""brown_mod8"": 1, ""canonical_t"": 1, ""e"": 1, ""kind"": ""2-cyclic-odd"", ""p"": 2}, {""canonical_t"": 1, ""e"": 3, ""kind"": ""odd-cyclic"", ""legendre"": 1, ""p"": 3}]",CLOSED_EXACT_CYCLIC_PRESENTATION
54,101,5,9,"[{""brown_mod8"": 1, ""canonical_t"": 1, ""e"": 1, ""kind"": ""2-cyclic-odd"", ""p"": 2}, {""canonical_t"": 2, ""e"": 3, ""kind"": ""odd-cyclic"", ""legendre"": -1, ""p"": 3}]",CLOSED_EXACT_CYCLIC_PRESENTATION
54,103,7,9,"[{""brown_mod8"": 3, ""canonical_t"": 3, ""e"": 1, ""kind"": ""2-cyclic-odd"", ""p"": 2}, {""canonical_t"": 1, ""e"": 3, ""kind"": ""odd-cyclic"", ""legendre"": 1, ""p"": 3}]",CLOSED_EXACT_CYCLIC_PRESENTATION
54,107,11,9,"[{""brown_mod8"": 3, ""canonical_t"": 3, ""e"": 1, ""kind"": ""2-cyclic-odd"", ""p"": 2}, {""canonical_t"": 2, ""e"": 3, ""kind"": ""odd-cyclic"", ""legendre"": -1, ""p"": 3}]",CLOSED_EXACT_CYCLIC_PRESENTATION
55,1,1,10,"[{""canonical_t"": 1, ""e"": 1, ""kind"": ""odd-cyclic"", ""legendre"": 1, ""p"": 5}, {""canonical_t"": 1, ""e"": 1, ""kind"": ""odd-cyclic"", ""legendre"": 1, ""p"": 11}]",CLOSED_EXACT_CYCLIC_PRESENTATION
55,3,3,10,"[{""canonical_t"": 2, ""e"": 1, ""kind"": ""odd-cyclic"", ""legendre"": -1, ""p"": 5}, {""canonical_t"": 1, ""e"": 1, ""kind"": ""odd-cyclic"", ""legendre"": 1, ""p"": 11}]",CLOSED_EXACT_CYCLIC_PRESENTATION
55,7,7,10,"[{""canonical_t"": 2, ""e"": 1, ""kind"": ""odd-cyclic"", ""legendre"": -1, ""p"": 5}, {""canonical_t"": 2, ""e"": 1, ""kind"": ""odd-cyclic"", ""legendre"": -1, ""p"": 11}]",CLOSED_EXACT_CYCLIC_PRESENTATION
55,9,1,10,"[{""canonical_t"": 1, ""e"": 1, ""kind"": ""odd-cyclic"", ""legendre"": 1, ""p"": 5}, {""canonical_t"": 1, ""e"": 1, ""kind"": ""odd-cyclic"", ""legendre"": 1, ""p"": 11}]",CLOSED_EXACT_CYCLIC_PRESENTATION
55,13,7,10,"[{""canonical_t"": 2, ""e"": 1, ""kind"": ""odd-cyclic"", ""legendre"": -1, ""p"": 5}, {""canonical_t"": 2, ""e"": 1, ""kind"": ""odd-cyclic"", ""legendre"": -1, ""p"": 11}]",CLOSED_EXACT_CYCLIC_PRESENTATION
55,17,7,10,"[{""canonical_t"": 2, ""e"": 1, ""kind"": ""odd-cyclic"", ""legendre"": -1, ""p"": 5}, {""canonical_t"": 2, ""e"": 1, ""kind"": ""odd-cyclic"", ""legendre"": -1, ""p"": 11}]",CLOSED_EXACT_CYCLIC_PRESENTATION
55,19,19,10,"[{""canonical_t"": 1, ""e"": 1, ""kind"": ""odd-cyclic"", ""legendre"": 1, ""p"": 5}, {""canonical_t"": 2, ""e"": 1, ""kind"": ""odd-cyclic"", ""legendre"": -1, ""p"": 11}]",CLOSED_EXACT_CYCLIC_PRESENTATION
55,21,19,10,"[{""canonical_t"": 1, ""e"": 1, ""kind"": ""odd-cyclic"", ""legendre"": 1, ""p"": 5}, {""canonical_t"": 2, ""e"": 1, ""kind"": ""odd-cyclic"", ""legendre"": -1, ""p"": 11}]",CLOSED_EXACT_CYCLIC_PRESENTATION
55,23,3,10,"[{""canonical_t"": 2, ""e"": 1, ""kind"": ""odd-cyclic"", ""legendre"": -1, ""p"": 5}, {""canonical_t"": 1, ""e"": 1, ""kind"": ""odd-cyclic"", ""legendre"": 1, ""p"": 11}]",CLOSED_EXACT_CYCLIC_PRESENTATION
55,27,3,10,"[{""canonical_t"": 2, ""e"": 1, ""kind"": ""odd-cyclic"", ""legendre"": -1, ""p"": 5}, {""canonical_t"": 1, ""e"": 1, ""kind"": ""odd-cyclic"", ""legendre"": 1, ""p"": 11}]",CLOSED_EXACT_CYCLIC_PRESENTATION
55,29,19,10,"[{""canonical_t"": 1, ""e"": 1, ""kind"": ""odd-cyclic"", ""legendre"": 1, ""p"": 5}, {""canonical_t"": 2, ""e"": 1, ""kind"": ""odd-cyclic"", ""legendre"": -1, ""p"": 11}]",CLOSED_EXACT_CYCLIC_PRESENTATION
55,31,1,10,"[{""canonical_t"": 1, ""e"": 1, ""kind"": ""odd-cyclic"", ""legendre"": 1, ""p"": 5}, {""canonical_t"": 1, ""e"": 1, ""kind"": ""odd-cyclic"", ""legendre"": 1, ""p"": 11}]",CLOSED_EXACT_CYCLIC_PRESENTATION
55,37,3,10,"[{""canonical_t"": 2, ""e"": 1, ""kind"": ""odd-cyclic"", ""legendre"": -1, ""p"": 5}, {""canonical_t"": 1, ""e"": 1, ""kind"": ""odd-cyclic"", ""legendre"": 1, ""p"": 11}]",CLOSED_EXACT_CYCLIC_PRESENTATION
55,39,19,10,"[{""canonical_t"": 1, ""e"": 1, ""kind"": ""odd-cyclic"", ""legendre"": 1, ""p"": 5}, {""canonical_t"": 2, ""e"": 1, ""kind"": ""odd-cyclic"", ""legendre"": -1, ""p"": 11}]",CLOSED_EXACT_CYCLIC_PRESENTATION
55,41,19,10,"[{""canonical_t"": 1, ""e"": 1, ""kind"": ""odd-cyclic"", ""legendre"": 1, ""p"": 5}, {""canonical_t"": 2, ""e"": 1, ""kind"": ""odd-cyclic"", ""legendre"": -1, ""p"": 11}]",CLOSED_EXACT_CYCLIC_PRESENTATION
55,43,7,10,"[{""canonical_t"": 2, ""e"": 1, ""kind"": ""odd-cyclic"", ""legendre"": -1, ""p"": 5}, {""canonical_t"": 2, ""e"": 1, ""kind"": ""odd-cyclic"", ""legendre"": -1, ""p"": 11}]",CLOSED_EXACT_CYCLIC_PRESENTATION
55,47,3,10,"[{""canonical_t"": 2, ""e"": 1, ""kind"": ""odd-cyclic"", ""legendre"": -1, ""p"": 5}, {""canonical_t"": 1, ""e"": 1, ""kind"": ""odd-cyclic"", ""legendre"": 1, ""p"": 11}]",CLOSED_EXACT_CYCLIC_PRESENTATION
55,49,1,10,"[{""canonical_t"": 1, ""e"": 1, ""kind"": ""odd-cyclic"", ""legendre"": 1, ""p"": 5}, {""canonical_t"": 1, ""e"": 1, ""kind"": ""odd-cyclic"", ""legendre"": 1, ""p"": 11}]",CLOSED_EXACT_CYCLIC_PRESENTATION
55,51,19,10,"[{""canonical_t"": 1, ""e"": 1, ""kind"": ""odd-cyclic"", ""legendre"": 1, ""p"": 5}, {""canonical_t"": 2, ""e"": 1, ""kind"": ""odd-cyclic"", ""legendre"": -1, ""p"": 11}]",CLOSED_EXACT_CYCLIC_PRESENTATION
55,53,3,10,"[{""canonical_t"": 2, ""e"": 1, ""kind"": ""odd-cyclic"", ""legendre"": -1, ""p"": 5}, {""canonical_t"": 1, ""e"": 1, ""kind"": ""odd-cyclic"", ""legendre"": 1, ""p"": 11}]",CLOSED_EXACT_CYCLIC_PRESENTATION
55,57,7,10,"[{""canonical_t"": 2, ""e"": 1, ""kind"": ""odd-cyclic"", ""legendre"": -1, ""p"": 5}, {""canonical_t"": 2, ""e"": 1, ""kind"": ""odd-cyclic"", ""legendre"": -1, ""p"": 11}]",CLOSED_EXACT_CYCLIC_PRESENTATION
55,59,1,10,"[{""canonical_t"": 1, ""e"": 1, ""kind"": ""odd-cyclic"", ""legendre"": 1, ""p"": 5}, {""canonical_t"": 1, ""e"": 1, ""kind"": ""odd-cyclic"", ""legendre"": 1, ""p"": 11}]",CLOSED_EXACT_CYCLIC_PRESENTATION
55,61,19,10,"[{""canonical_t"": 1, ""e"": 1, ""kind"": ""odd-cyclic"", ""legendre"": 1, ""p"": 5}, {""canonical_t"": 2, ""e"": 1, ""kind"": ""odd-cyclic"", ""legendre"": -1, ""p"": 11}]",CLOSED_EXACT_CYCLIC_PRESENTATION
55,63,7,10,"[{""canonical_t"": 2, ""e"": 1, ""kind"": ""odd-cyclic"", ""legendre"": -1, ""p"": 5}, {""canonical_t"": 2, ""e"": 1, ""kind"": ""odd-cyclic"", ""legendre"": -1, ""p"": 11}]",CLOSED_EXACT_CYCLIC_PRESENTATION
55,67,3,10,"[{""canonical_t"": 2, ""e"": 1, ""kind"": ""odd-cyclic"", ""legendre"": -1, ""p"": 5}, {""canonical_t"": 1, ""e"": 1, ""kind"": ""odd-cyclic"", ""legendre"": 1, ""p"": 11}]",CLOSED_EXACT_CYCLIC_PRESENTATION
55,69,1,10,"[{""canonical_t"": 1, ""e"": 1, ""kind"": ""odd-cyclic"", ""legendre"": 1, ""p"": 5}, {""canonical_t"": 1, ""e"": 1, ""kind"": ""odd-cyclic"", ""legendre"": 1, ""p"": 11}]",CLOSED_EXACT_CYCLIC_PRESENTATION
55,71,1,10,"[{""canonical_t"": 1, ""e"": 1, ""kind"": ""odd-cyclic"", ""legendre"": 1, ""p"": 5}, {""canonical_t"": 1, ""e"": 1, ""kind"": ""odd-cyclic"", ""legendre"": 1, ""p"": 11}]",CLOSED_EXACT_CYCLIC_PRESENTATION
55,73,7,10,"[{""canonical_t"": 2, ""e"": 1, ""kind"": ""odd-cyclic"", ""legendre"": -1, ""p"": 5}, {""canonical_t"": 2, ""e"": 1, ""kind"": ""odd-cyclic"", ""legendre"": -1, ""p"": 11}]",CLOSED_EXACT_CYCLIC_PRESENTATION
55,79,19,10,"[{""canonical_t"": 1, ""e"": 1, ""kind"": ""odd-cyclic"", ""legendre"": 1, ""p"": 5}, {""canonical_t"": 2, ""e"": 1, ""kind"": ""odd-cyclic"", ""legendre"": -1, ""p"": 11}]",CLOSED_EXACT_CYCLIC_PRESENTATION
55,81,1,10,"[{""canonical_t"": 1, ""e"": 1, ""kind"": ""odd-cyclic"", ""legendre"": 1, ""p"": 5}, {""canonical_t"": 1, ""e"": 1, ""kind"": ""odd-cyclic"", ""legendre"": 1, ""p"": 11}]",CLOSED_EXACT_CYCLIC_PRESENTATION
55,83,7,10,"[{""canonical_t"": 2, ""e"": 1, ""kind"": ""odd-cyclic"", ""legendre"": -1, ""p"": 5}, {""canonical_t"": 2, ""e"": 1, ""kind"": ""odd-cyclic"", ""legendre"": -1, ""p"": 11}]",CLOSED_EXACT_CYCLIC_PRESENTATION
55,87,7,10,"[{""canonical_t"": 2, ""e"": 1, ""kind"": ""odd-cyclic"", ""legendre"": -1, ""p"": 5}, {""canonical_t"": 2, ""e"": 1, ""kind"": ""odd-cyclic"", ""legendre"": -1, ""p"": 11}]",CLOSED_EXACT_CYCLIC_PRESENTATION
55,89,1,10,"[{""canonical_t"": 1, ""e"": 1, ""kind"": ""odd-cyclic"", ""legendre"": 1, ""p"": 5}, {""canonical_t"": 1, ""e"": 1, ""kind"": ""odd-cyclic"", ""legendre"": 1, ""p"": 11}]",CLOSED_EXACT_CYCLIC_PRESENTATION
55,91,1,10,"[{""canonical_t"": 1, ""e"": 1, ""kind"": ""odd-cyclic"", ""legendre"": 1, ""p"": 5}, {""canonical_t"": 1, ""e"": 1, ""kind"": ""odd-cyclic"", ""legendre"": 1, ""p"": 11}]",CLOSED_EXACT_CYCLIC_PRESENTATION
55,93,3,10,"[{""canonical_t"": 2, ""e"": 1, ""kind"": ""odd-cyclic"", ""legendre"": -1, ""p"": 5}, {""canonical_t"": 1, ""e"": 1, ""kind"": ""odd-cyclic"", ""legendre"": 1, ""p"": 11}]",CLOSED_EXACT_CYCLIC_PRESENTATION
55,97,3,10,"[{""canonical_t"": 2, ""e"": 1, ""kind"": ""odd-cyclic"", ""legendre"": -1, ""p"": 5}, {""canonical_t"": 1, ""e"": 1, ""kind"": ""odd-cyclic"", ""legendre"": 1, ""p"": 11}]",CLOSED_EXACT_CYCLIC_PRESENTATION
55,101,19,10,"[{""canonical_t"": 1, ""e"": 1, ""kind"": ""odd-cyclic"", ""legendre"": 1, ""p"": 5}, {""canonical_t"": 2, ""e"": 1, ""kind"": ""odd-cyclic"", ""legendre"": -1, ""p"": 11}]",CLOSED_EXACT_CYCLIC_PRESENTATION
55,103,3,10,"[{""canonical_t"": 2, ""e"": 1, ""kind"": ""odd-cyclic"", ""legendre"": -1, ""p"": 5}, {""canonical_t"": 1, ""e"": 1, ""kind"": ""odd-cyclic"", ""legendre"": 1, ""p"": 11}]",CLOSED_EXACT_CYCLIC_PRESENTATION
55,107,7,10,"[{""canonical_t"": 2, ""e"": 1, ""kind"": ""odd-cyclic"", ""legendre"": -1, ""p"": 5}, {""canonical_t"": 2, ""e"": 1, ""kind"": ""odd-cyclic"", ""legendre"": -1, ""p"": 11}]",CLOSED_EXACT_CYCLIC_PRESENTATION
55,109,19,10,"[{""canonical_t"": 1, ""e"": 1, ""kind"": ""odd-cyclic"", ""legendre"": 1, ""p"": 5}, {""canonical_t"": 2, ""e"": 1, ""kind"": ""odd-cyclic"", ""legendre"": -1, ""p"": 11}]",CLOSED_EXACT_CYCLIC_PRESENTATION
56,1,1,6,"[{""brown_mod8"": 1, ""canonical_t"": 1, ""e"": 3, ""kind"": ""2-cyclic-odd"", ""p"": 2}, {""canonical_t"": 1, ""e"": 1, ""kind"": ""odd-cyclic"", ""legendre"": 1, ""p"": 7}]",CLOSED_EXACT_CYCLIC_PRESENTATION
56,3,3,6,"[{""brown_mod8"": 3, ""canonical_t"": 3, ""e"": 3, ""kind"": ""2-cyclic-odd"", ""p"": 2}, {""canonical_t"": 3, ""e"": 1, ""kind"": ""odd-cyclic"", ""legendre"": -1, ""p"": 7}]",CLOSED_EXACT_CYCLIC_PRESENTATION
56,5,5,6,"[{""brown_mod8"": 5, ""canonical_t"": 5, ""e"": 3, ""kind"": ""2-cyclic-odd"", ""p"": 2}, {""canonical_t"": 3, ""e"": 1, ""kind"": ""odd-cyclic"", ""legendre"": -1, ""p"": 7}]",CLOSED_EXACT_CYCLIC_PRESENTATION
56,9,1,6,"[{""brown_mod8"": 1, ""canonical_t"": 1, ""e"": 3, ""kind"": ""2-cyclic-odd"", ""p"": 2}, {""canonical_t"": 1, ""e"": 1, ""kind"": ""odd-cyclic"", ""legendre"": 1, ""p"": 7}]",CLOSED_EXACT_CYCLIC_PRESENTATION
56,11,11,6,"[{""brown_mod8"": 3, ""canonical_t"": 3, ""e"": 3, ""kind"": ""2-cyclic-odd"", ""p"": 2}, {""canonical_t"": 1, ""e"": 1, ""kind"": ""odd-cyclic"", ""legendre"": 1, ""p"": 7}]",CLOSED_EXACT_CYCLIC_PRESENTATION
56,13,5,6,"[{""brown_mod8"": 5, ""canonical_t"": 5, ""e"": 3, ""kind"": ""2-cyclic-odd"", ""p"": 2}, {""canonical_t"": 3, ""e"": 1, ""kind"": ""odd-cyclic"", ""legendre"": -1, ""p"": 7}]",CLOSED_EXACT_CYCLIC_PRESENTATION
56,15,15,6,"[{""brown_mod8"": 7, ""canonical_t"": 7, ""e"": 3, ""kind"": ""2-cyclic-odd"", ""p"": 2}, {""canonical_t"": 1, ""e"": 1, ""kind"": ""odd-cyclic"", ""legendre"": 1, ""p"": 7}]",CLOSED_EXACT_CYCLIC_PRESENTATION
56,17,17,6,"[{""brown_mod8"": 1, ""canonical_t"": 1, ""e"": 3, ""kind"": ""2-cyclic-odd"", ""p"": 2}, {""canonical_t"": 3, ""e"": 1, ""kind"": ""odd-cyclic"", ""legendre"": -1, ""p"": 7}]",CLOSED_EXACT_CYCLIC_PRESENTATION
56,19,3,6,"[{""brown_mod8"": 3, ""canonical_t"": 3, ""e"": 3, ""kind"": ""2-cyclic-odd"", ""p"": 2}, {""canonical_t"": 3, ""e"": 1, ""kind"": ""odd-cyclic"", ""legendre"": -1, ""p"": 7}]",CLOSED_EXACT_CYCLIC_PRESENTATION
56,23,15,6,"[{""brown_mod8"": 7, ""canonical_t"": 7, ""e"": 3, ""kind"": ""2-cyclic-odd"", ""p"": 2}, {""canonical_t"": 1, ""e"": 1, ""kind"": ""odd-cyclic"", ""legendre"": 1, ""p"": 7}]",CLOSED_EXACT_CYCLIC_PRESENTATION
56,25,1,6,"[{""brown_mod8"": 1, ""canonical_t"": 1, ""e"": 3, ""kind"": ""2-cyclic-odd"", ""p"": 2}, {""canonical_t"": 1, ""e"": 1, ""kind"": ""odd-cyclic"", ""legendre"": 1, ""p"": 7}]",CLOSED_EXACT_CYCLIC_PRESENTATION
56,27,3,6,"[{""brown_mod8"": 3, ""canonical_t"": 3, ""e"": 3, ""kind"": ""2-cyclic-odd"", ""p"": 2}, {""canonical_t"": 3, ""e"": 1, ""kind"": ""odd-cyclic"", ""legendre"": -1, ""p"": 7}]",CLOSED_EXACT_CYCLIC_PRESENTATION
56,29,29,6,"[{""brown_mod8"": 5, ""canonical_t"": 5, ""e"": 3, ""kind"": ""2-cyclic-odd"", ""p"": 2}, {""canonical_t"": 1, ""e"": 1, ""kind"": ""odd-cyclic"", ""legendre"": 1, ""p"": 7}]",CLOSED_EXACT_CYCLIC_PRESENTATION
56,31,31,6,"[{""brown_mod8"": 7, ""canonical_t"": 7, ""e"": 3, ""kind"": ""2-cyclic-odd"", ""p"": 2}, {""canonical_t"": 3, ""e"": 1, ""kind"": ""odd-cyclic"", ""legendre"": -1, ""p"": 7}]",CLOSED_EXACT_CYCLIC_PRESENTATION
56,33,17,6,"[{""brown_mod8"": 1, ""canonical_t"": 1, ""e"": 3, ""kind"": ""2-cyclic-odd"", ""p"": 2}, {""canonical_t"": 3, ""e"": 1, ""kind"": ""odd-cyclic"", ""legendre"": -1, ""p"": 7}]",CLOSED_EXACT_CYCLIC_PRESENTATION
56,37,29,6,"[{""brown_mod8"": 5, ""canonical_t"": 5, ""e"": 3, ""kind"": ""2-cyclic-odd"", ""p"": 2}, {""canonical_t"": 1, ""e"": 1, ""kind"": ""odd-cyclic"", ""legendre"": 1, ""p"": 7}]",CLOSED_EXACT_CYCLIC_PRESENTATION
56,39,15,6,"[{""brown_mod8"": 7, ""canonical_t"": 7, ""e"": 3, ""kind"": ""2-cyclic-odd"", ""p"": 2}, {""canonical_t"": 1, ""e"": 1, ""kind"": ""odd-cyclic"", ""legendre"": 1, ""p"": 7}]",CLOSED_EXACT_CYCLIC_PRESENTATION
56,41,17,6,"[{""brown_mod8"": 1, ""canonical_t"": 1, ""e"": 3, ""kind"": ""2-cyclic-odd"", ""p"": 2}, {""canonical_t"": 3, ""e"": 1, ""kind"": ""odd-cyclic"", ""legendre"": -1, ""p"": 7}]",CLOSED_EXACT_CYCLIC_PRESENTATION
56,43,11,6,"[{""brown_mod8"": 3, ""canonical_t"": 3, ""e"": 3, ""kind"": ""2-cyclic-odd"", ""p"": 2}, {""canonical_t"": 1, ""e"": 1, ""kind"": ""odd-cyclic"", ""legendre"": 1, ""p"": 7}]",CLOSED_EXACT_CYCLIC_PRESENTATION
56,45,5,6,"[{""brown_mod8"": 5, ""canonical_t"": 5, ""e"": 3, ""kind"": ""2-cyclic-odd"", ""p"": 2}, {""canonical_t"": 3, ""e"": 1, ""kind"": ""odd-cyclic"", ""legendre"": -1, ""p"": 7}]",CLOSED_EXACT_CYCLIC_PRESENTATION
56,47,31,6,"[{""brown_mod8"": 7, ""canonical_t"": 7, ""e"": 3, ""kind"": ""2-cyclic-odd"", ""p"": 2}, {""canonical_t"": 3, ""e"": 1, ""kind"": ""odd-cyclic"", ""legendre"": -1, ""p"": 7}]",CLOSED_EXACT_CYCLIC_PRESENTATION
56,51,11,6,"[{""brown_mod8"": 3, ""canonical_t"": 3, ""e"": 3, ""kind"": ""2-cyclic-odd"", ""p"": 2}, {""canonical_t"": 1, ""e"": 1, ""kind"": ""odd-cyclic"", ""legendre"": 1, ""p"": 7}]",CLOSED_EXACT_CYCLIC_PRESENTATION
56,53,29,6,"[{""brown_mod8"": 5, ""canonical_t"": 5, ""e"": 3, ""kind"": ""2-cyclic-odd"", ""p"": 2}, {""canonical_t"": 1, ""e"": 1, ""kind"": ""odd-cyclic"", ""legendre"": 1, ""p"": 7}]",CLOSED_EXACT_CYCLIC_PRESENTATION
56,55,31,6,"[{""brown_mod8"": 7, ""canonical_t"": 7, ""e"": 3, ""kind"": ""2-cyclic-odd"", ""p"": 2}, {""canonical_t"": 3, ""e"": 1, ""kind"": ""odd-cyclic"", ""legendre"": -1, ""p"": 7}]",CLOSED_EXACT_CYCLIC_PRESENTATION
56,57,1,6,"[{""brown_mod8"": 1, ""canonical_t"": 1, ""e"": 3, ""kind"": ""2-cyclic-odd"", ""p"": 2}, {""canonical_t"": 1, ""e"": 1, ""kind"": ""odd-cyclic"", ""legendre"": 1, ""p"": 7}]",CLOSED_EXACT_CYCLIC_PRESENTATION
56,59,3,6,"[{""brown_mod8"": 3, ""canonical_t"": 3, ""e"": 3, ""kind"": ""2-cyclic-odd"", ""p"": 2}, {""canonical_t"": 3, ""e"": 1, ""kind"": ""odd-cyclic"", ""legendre"": -1, ""p"": 7}]",CLOSED_EXACT_CYCLIC_PRESENTATION
56,61,5,6,"[{""brown_mod8"": 5, ""canonical_t"": 5, ""e"": 3, ""kind"": ""2-cyclic-odd"", ""p"": 2}, {""canonical_t"": 3, ""e"": 1, ""kind"": ""odd-cyclic"", ""legendre"": -1, ""p"": 7}]",CLOSED_EXACT_CYCLIC_PRESENTATION
56,65,1,6,"[{""brown_mod8"": 1, ""canonical_t"": 1, ""e"": 3, ""kind"": ""2-cyclic-odd"", ""p"": 2}, {""canonical_t"": 1, ""e"": 1, ""kind"": ""odd-cyclic"", ""legendre"": 1, ""p"": 7}]",CLOSED_EXACT_CYCLIC_PRESENTATION
56,67,11,6,"[{""brown_mod8"": 3, ""canonical_t"": 3, ""e"": 3, ""kind"": ""2-cyclic-odd"", ""p"": 2}, {""canonical_t"": 1, ""e"": 1, ""kind"": ""odd-cyclic"", ""legendre"": 1, ""p"": 7}]",CLOSED_EXACT_CYCLIC_PRESENTATION
56,69,5,6,"[{""brown_mod8"": 5, ""canonical_t"": 5, ""e"": 3, ""kind"": ""2-cyclic-odd"", ""p"": 2}, {""canonical_t"": 3, ""e"": 1, ""kind"": ""odd-cyclic"", ""legendre"": -1, ""p"": 7}]",CLOSED_EXACT_CYCLIC_PRESENTATION
56,71,15,6,"[{""brown_mod8"": 7, ""canonical_t"": 7, ""e"": 3, ""kind"": ""2-cyclic-odd"", ""p"": 2}, {""canonical_t"": 1, ""e"": 1, ""kind"": ""odd-cyclic"", ""legendre"": 1, ""p"": 7}]",CLOSED_EXACT_CYCLIC_PRESENTATION
56,73,17,6,"[{""brown_mod8"": 1, ""canonical_t"": 1, ""e"": 3, ""kind"": ""2-cyclic-odd"", ""p"": 2}, {""canonical_t"": 3, ""e"": 1, ""kind"": ""odd-cyclic"", ""legendre"": -1, ""p"": 7}]",CLOSED_EXACT_CYCLIC_PRESENTATION
56,75,3,6,"[{""brown_mod8"": 3, ""canonical_t"": 3, ""e"": 3, ""kind"": ""2-cyclic-odd"", ""p"": 2}, {""canonical_t"": 3, ""e"": 1, ""kind"": ""odd-cyclic"", ""legendre"": -1, ""p"": 7}]",CLOSED_EXACT_CYCLIC_PRESENTATION
56,79,15,6,"[{""brown_mod8"": 7, ""canonical_t"": 7, ""e"": 3, ""kind"": ""2-cyclic-odd"", ""p"": 2}, {""canonical_t"": 1, ""e"": 1, ""kind"": ""odd-cyclic"", ""legendre"": 1, ""p"": 7}]",CLOSED_EXACT_CYCLIC_PRESENTATION
56,81,1,6,"[{""brown_mod8"": 1, ""canonical_t"": 1, ""e"": 3, ""kind"": ""2-cyclic-odd"", ""p"": 2}, {""canonical_t"": 1, ""e"": 1, ""kind"": ""odd-cyclic"", ""legendre"": 1, ""p"": 7}]",CLOSED_EXACT_CYCLIC_PRESENTATION
56,83,3,6,"[{""brown_mod8"": 3, ""canonical_t"": 3, ""e"": 3, ""kind"": ""2-cyclic-odd"", ""p"": 2}, {""canonical_t"": 3, ""e"": 1, ""kind"": ""odd-cyclic"", ""legendre"": -1, ""p"": 7}]",CLOSED_EXACT_CYCLIC_PRESENTATION
56,85,29,6,"[{""brown_mod8"": 5, ""canonical_t"": 5, ""e"": 3, ""kind"": ""2-cyclic-odd"", ""p"": 2}, {""canonical_t"": 1, ""e"": 1, ""kind"": ""odd-cyclic"", ""legendre"": 1, ""p"": 7}]",CLOSED_EXACT_CYCLIC_PRESENTATION
56,87,31,6,"[{""brown_mod8"": 7, ""canonical_t"": 7, ""e"": 3, ""kind"": ""2-cyclic-odd"", ""p"": 2}, {""canonical_t"": 3, ""e"": 1, ""kind"": ""odd-cyclic"", ""legendre"": -1, ""p"": 7}]",CLOSED_EXACT_CYCLIC_PRESENTATION
56,89,17,6,"[{""brown_mod8"": 1, ""canonical_t"": 1, ""e"": 3, ""kind"": ""2-cyclic-odd"", ""p"": 2}, {""canonical_t"": 3, ""e"": 1, ""kind"": ""odd-cyclic"", ""legendre"": -1, ""p"": 7}]",CLOSED_EXACT_CYCLIC_PRESENTATION
56,93,29,6,"[{""brown_mod8"": 5, ""canonical_t"": 5, ""e"": 3, ""kind"": ""2-cyclic-odd"", ""p"": 2}, {""canonical_t"": 1, ""e"": 1, ""kind"": ""odd-cyclic"", ""legendre"": 1, ""p"": 7}]",CLOSED_EXACT_CYCLIC_PRESENTATION
56,95,15,6,"[{""brown_mod8"": 7, ""canonical_t"": 7, ""e"": 3, ""kind"": ""2-cyclic-odd"", ""p"": 2}, {""canonical_t"": 1, ""e"": 1, ""kind"": ""odd-cyclic"", ""legendre"": 1, ""p"": 7}]",CLOSED_EXACT_CYCLIC_PRESENTATION
56,97,17,6,"[{""brown_mod8"": 1, ""canonical_t"": 1, ""e"": 3, ""kind"": ""2-cyclic-odd"", ""p"": 2}, {""canonical_t"": 3, ""e"": 1, ""kind"": ""odd-cyclic"", ""legendre"": -1, ""p"": 7}]",CLOSED_EXACT_CYCLIC_PRESENTATION
56,99,11,6,"[{""brown_mod8"": 3, ""canonical_t"": 3, ""e"": 3, ""kind"": ""2-cyclic-odd"", ""p"": 2}, {""canonical_t"": 1, ""e"": 1, ""kind"": ""odd-cyclic"", ""legendre"": 1, ""p"": 7}]",CLOSED_EXACT_CYCLIC_PRESENTATION
56,101,5,6,"[{""brown_mod8"": 5, ""canonical_t"": 5, ""e"": 3, ""kind"": ""2-cyclic-odd"", ""p"": 2}, {""canonical_t"": 3, ""e"": 1, ""kind"": ""odd-cyclic"", ""legendre"": -1, ""p"": 7}]",CLOSED_EXACT_CYCLIC_PRESENTATION
56,103,31,6,"[{""brown_mod8"": 7, ""canonical_t"": 7, ""e"": 3, ""kind"": ""2-cyclic-odd"", ""p"": 2}, {""canonical_t"": 3, ""e"": 1, ""kind"": ""odd-cyclic"", ""legendre"": -1, ""p"": 7}]",CLOSED_EXACT_CYCLIC_PRESENTATION
56,107,11,6,"[{""brown_mod8"": 3, ""canonical_t"": 3, ""e"": 3, ""kind"": ""2-cyclic-odd"", ""p"": 2}, {""canonical_t"": 1, ""e"": 1, ""kind"": ""odd-cyclic"", ""legendre"": 1, ""p"": 7}]",CLOSED_EXACT_CYCLIC_PRESENTATION
56,109,29,6,"[{""brown_mod8"": 5, ""canonical_t"": 5, ""e"": 3, ""kind"": ""2-cyclic-odd"", ""p"": 2}, {""canonical_t"": 1, ""e"": 1, ""kind"": ""odd-cyclic"", ""legendre"": 1, ""p"": 7}]",CLOSED_EXACT_CYCLIC_PRESENTATION
56,111,31,6,"[{""brown_mod8"": 7, ""canonical_t"": 7, ""e"": 3, ""kind"": ""2-cyclic-odd"", ""p"": 2}, {""canonical_t"": 3, ""e"": 1, ""kind"": ""odd-cyclic"", ""legendre"": -1, ""p"": 7}]",CLOSED_EXACT_CYCLIC_PRESENTATION
57,1,1,9,"[{""canonical_t"": 1, ""e"": 1, ""kind"": ""odd-cyclic"", ""legendre"": 1, ""p"": 3}, {""canonical_t"": 1, ""e"": 1, ""kind"": ""odd-cyclic"", ""legendre"": 1, ""p"": 19}]",CLOSED_EXACT_CYCLIC_PRESENTATION
57,5,5,9,"[{""canonical_t"": 2, ""e"": 1, ""kind"": ""odd-cyclic"", ""legendre"": -1, ""p"": 3}, {""canonical_t"": 1, ""e"": 1, ""kind"": ""odd-cyclic"", ""legendre"": 1, ""p"": 19}]",CLOSED_EXACT_CYCLIC_PRESENTATION
57,7,1,9,"[{""canonical_t"": 1, ""e"": 1, ""kind"": ""odd-cyclic"", ""legendre"": 1, ""p"": 3}, {""canonical_t"": 1, ""e"": 1, ""kind"": ""odd-cyclic"", ""legendre"": 1, ""p"": 19}]",CLOSED_EXACT_CYCLIC_PRESENTATION
57,11,5,9,"[{""canonical_t"": 2, ""e"": 1, ""kind"": ""odd-cyclic"", ""legendre"": -1, ""p"": 3}, {""canonical_t"": 1, ""e"": 1, ""kind"": ""odd-cyclic"", ""legendre"": 1, ""p"": 19}]",CLOSED_EXACT_CYCLIC_PRESENTATION
57,13,13,9,"[{""canonical_t"": 1, ""e"": 1, ""kind"": ""odd-cyclic"", ""legendre"": 1, ""p"": 3}, {""canonical_t"": 2, ""e"": 1, ""kind"": ""odd-cyclic"", ""legendre"": -1, ""p"": 19}]",CLOSED_EXACT_CYCLIC_PRESENTATION
57,17,5,9,"[{""canonical_t"": 2, ""e"": 1, ""kind"": ""odd-cyclic"", ""legendre"": -1, ""p"": 3}, {""canonical_t"": 1, ""e"": 1, ""kind"": ""odd-cyclic"", ""legendre"": 1, ""p"": 19}]",CLOSED_EXACT_CYCLIC_PRESENTATION
57,23,5,9,"[{""canonical_t"": 2, ""e"": 1, ""kind"": ""odd-cyclic"", ""legendre"": -1, ""p"": 3}, {""canonical_t"": 1, ""e"": 1, ""kind"": ""odd-cyclic"", ""legendre"": 1, ""p"": 19}]",CLOSED_EXACT_CYCLIC_PRESENTATION
57,25,1,9,"[{""canonical_t"": 1, ""e"": 1, ""kind"": ""odd-cyclic"", ""legendre"": 1, ""p"": 3}, {""canonical_t"": 1, ""e"": 1, ""kind"": ""odd-cyclic"", ""legendre"": 1, ""p"": 19}]",CLOSED_EXACT_CYCLIC_PRESENTATION
57,29,29,9,"[{""canonical_t"": 2, ""e"": 1, ""kind"": ""odd-cyclic"", ""legendre"": -1, ""p"": 3}, {""canonical_t"": 2, ""e"": 1, ""kind"": ""odd-cyclic"", ""legendre"": -1, ""p"": 19}]",CLOSED_EXACT_CYCLIC_PRESENTATION
57,31,13,9,"[{""canonical_t"": 1, ""e"": 1, ""kind"": ""odd-cyclic"", ""legendre"": 1, ""p"": 3}, {""canonical_t"": 2, ""e"": 1, ""kind"": ""odd-cyclic"", ""legendre"": -1, ""p"": 19}]",CLOSED_EXACT_CYCLIC_PRESENTATION
57,35,5,9,"[{""canonical_t"": 2, ""e"": 1, ""kind"": ""odd-cyclic"", ""legendre"": -1, ""p"": 3}, {""canonical_t"": 1, ""e"": 1, ""kind"": ""odd-cyclic"", ""legendre"": 1, ""p"": 19}]",CLOSED_EXACT_CYCLIC_PRESENTATION
57,37,13,9,"[{""canonical_t"": 1, ""e"": 1, ""kind"": ""odd-cyclic"", ""legendre"": 1, ""p"": 3}, {""canonical_t"": 2, ""e"": 1, ""kind"": ""odd-cyclic"", ""legendre"": -1, ""p"": 19}]",CLOSED_EXACT_CYCLIC_PRESENTATION
57,41,29,9,"[{""canonical_t"": 2, ""e"": 1, ""kind"": ""odd-cyclic"", ""legendre"": -1, ""p"": 3}, {""canonical_t"": 2, ""e"": 1, ""kind"": ""odd-cyclic"", ""legendre"": -1, ""p"": 19}]",CLOSED_EXACT_CYCLIC_PRESENTATION
57,43,1,9,"[{""canonical_t"": 1, ""e"": 1, ""kind"": ""odd-cyclic"", ""legendre"": 1, ""p"": 3}, {""canonical_t"": 1, ""e"": 1, ""kind"": ""odd-cyclic"", ""legendre"": 1, ""p"": 19}]",CLOSED_EXACT_CYCLIC_PRESENTATION
57,47,5,9,"[{""canonical_t"": 2, ""e"": 1, ""kind"": ""odd-cyclic"", ""legendre"": -1, ""p"": 3}, {""canonical_t"": 1, ""e"": 1, ""kind"": ""odd-cyclic"", ""legendre"": 1, ""p"": 19}]",CLOSED_EXACT_CYCLIC_PRESENTATION
57,49,1,9,"[{""canonical_t"": 1, ""e"": 1, ""kind"": ""odd-cyclic"", ""legendre"": 1, ""p"": 3}, {""canonical_t"": 1, ""e"": 1, ""kind"": ""odd-cyclic"", ""legendre"": 1, ""p"": 19}]",CLOSED_EXACT_CYCLIC_PRESENTATION
57,53,29,9,"[{""canonical_t"": 2, ""e"": 1, ""kind"": ""odd-cyclic"", ""legendre"": -1, ""p"": 3}, {""canonical_t"": 2, ""e"": 1, ""kind"": ""odd-cyclic"", ""legendre"": -1, ""p"": 19}]",CLOSED_EXACT_CYCLIC_PRESENTATION
57,55,1,9,"[{""canonical_t"": 1, ""e"": 1, ""kind"": ""odd-cyclic"", ""legendre"": 1, ""p"": 3}, {""canonical_t"": 1, ""e"": 1, ""kind"": ""odd-cyclic"", ""legendre"": 1, ""p"": 19}]",CLOSED_EXACT_CYCLIC_PRESENTATION
57,59,29,9,"[{""canonical_t"": 2, ""e"": 1, ""kind"": ""odd-cyclic"", ""legendre"": -1, ""p"": 3}, {""canonical_t"": 2, ""e"": 1, ""kind"": ""odd-cyclic"", ""legendre"": -1, ""p"": 19}]",CLOSED_EXACT_CYCLIC_PRESENTATION
57,61,1,9,"[{""canonical_t"": 1, ""e"": 1, ""kind"": ""odd-cyclic"", ""legendre"": 1, ""p"": 3}, {""canonical_t"": 1, ""e"": 1, ""kind"": ""odd-cyclic"", ""legendre"": 1, ""p"": 19}]",CLOSED_EXACT_CYCLIC_PRESENTATION
57,65,29,9,"[{""canonical_t"": 2, ""e"": 1, ""kind"": ""odd-cyclic"", ""legendre"": -1, ""p"": 3}, {""canonical_t"": 2, ""e"": 1, ""kind"": ""odd-cyclic"", ""legendre"": -1, ""p"": 19}]",CLOSED_EXACT_CYCLIC_PRESENTATION
57,67,13,9,"[{""canonical_t"": 1, ""e"": 1, ""kind"": ""odd-cyclic"", ""legendre"": 1, ""p"": 3}, {""canonical_t"": 2, ""e"": 1, ""kind"": ""odd-cyclic"", ""legendre"": -1, ""p"": 19}]",CLOSED_EXACT_CYCLIC_PRESENTATION
57,71,29,9,"[{""canonical_t"": 2, ""e"": 1, ""kind"": ""odd-cyclic"", ""legendre"": -1, ""p"": 3}, {""canonical_t"": 2, ""e"": 1, ""kind"": ""odd-cyclic"", ""legendre"": -1, ""p"": 19}]",CLOSED_EXACT_CYCLIC_PRESENTATION
57,73,1,9,"[{""canonical_t"": 1, ""e"": 1, ""kind"": ""odd-cyclic"", ""legendre"": 1, ""p"": 3}, {""canonical_t"": 1, ""e"": 1, ""kind"": ""odd-cyclic"", ""legendre"": 1, ""p"": 19}]",CLOSED_EXACT_CYCLIC_PRESENTATION
57,77,5,9,"[{""canonical_t"": 2, ""e"": 1, ""kind"": ""odd-cyclic"", ""legendre"": -1, ""p"": 3}, {""canonical_t"": 1, ""e"": 1, ""kind"": ""odd-cyclic"", ""legendre"": 1, ""p"": 19}]",CLOSED_EXACT_CYCLIC_PRESENTATION
57,79,13,9,"[{""canonical_t"": 1, ""e"": 1, ""kind"": ""odd-cyclic"", ""legendre"": 1, ""p"": 3}, {""canonical_t"": 2, ""e"": 1, ""kind"": ""odd-cyclic"", ""legendre"": -1, ""p"": 19}]",CLOSED_EXACT_CYCLIC_PRESENTATION
57,83,5,9,"[{""canonical_t"": 2, ""e"": 1, ""kind"": ""odd-cyclic"", ""legendre"": -1, ""p"": 3}, {""canonical_t"": 1, ""e"": 1, ""kind"": ""odd-cyclic"", ""legendre"": 1, ""p"": 19}]",CLOSED_EXACT_CYCLIC_PRESENTATION
57,85,1,9,"[{""canonical_t"": 1, ""e"": 1, ""kind"": ""odd-cyclic"", ""legendre"": 1, ""p"": 3}, {""canonical_t"": 1, ""e"": 1, ""kind"": ""odd-cyclic"", ""legendre"": 1, ""p"": 19}]",CLOSED_EXACT_CYCLIC_PRESENTATION
57,89,29,9,"[{""canonical_t"": 2, ""e"": 1, ""kind"": ""odd-cyclic"", ""legendre"": -1, ""p"": 3}, {""canonical_t"": 2, ""e"": 1, ""kind"": ""odd-cyclic"", ""legendre"": -1, ""p"": 19}]",CLOSED_EXACT_CYCLIC_PRESENTATION
57,91,13,9,"[{""canonical_t"": 1, ""e"": 1, ""kind"": ""odd-cyclic"", ""legendre"": 1, ""p"": 3}, {""canonical_t"": 2, ""e"": 1, ""kind"": ""odd-cyclic"", ""legendre"": -1, ""p"": 19}]",CLOSED_EXACT_CYCLIC_PRESENTATION
57,97,13,9,"[{""canonical_t"": 1, ""e"": 1, ""kind"": ""odd-cyclic"", ""legendre"": 1, ""p"": 3}, {""canonical_t"": 2, ""e"": 1, ""kind"": ""odd-cyclic"", ""legendre"": -1, ""p"": 19}]",CLOSED_EXACT_CYCLIC_PRESENTATION
57,101,5,9,"[{""canonical_t"": 2, ""e"": 1, ""kind"": ""odd-cyclic"", ""legendre"": -1, ""p"": 3}, {""canonical_t"": 1, ""e"": 1, ""kind"": ""odd-cyclic"", ""legendre"": 1, ""p"": 19}]",CLOSED_EXACT_CYCLIC_PRESENTATION
57,103,13,9,"[{""canonical_t"": 1, ""e"": 1, ""kind"": ""odd-cyclic"", ""legendre"": 1, ""p"": 3}, {""canonical_t"": 2, ""e"": 1, ""kind"": ""odd-cyclic"", ""legendre"": -1, ""p"": 19}]",CLOSED_EXACT_CYCLIC_PRESENTATION
57,107,29,9,"[{""canonical_t"": 2, ""e"": 1, ""kind"": ""odd-cyclic"", ""legendre"": -1, ""p"": 3}, {""canonical_t"": 2, ""e"": 1, ""kind"": ""odd-cyclic"", ""legendre"": -1, ""p"": 19}]",CLOSED_EXACT_CYCLIC_PRESENTATION
57,109,13,9,"[{""canonical_t"": 1, ""e"": 1, ""kind"": ""odd-cyclic"", ""legendre"": 1, ""p"": 3}, {""canonical_t"": 2, ""e"": 1, ""kind"": ""odd-cyclic"", ""legendre"": -1, ""p"": 19}]",CLOSED_EXACT_CYCLIC_PRESENTATION
57,113,29,9,"[{""canonical_t"": 2, ""e"": 1, ""kind"": ""odd-cyclic"", ""legendre"": -1, ""p"": 3}, {""canonical_t"": 2, ""e"": 1, ""kind"": ""odd-cyclic"", ""legendre"": -1, ""p"": 19}]",CLOSED_EXACT_CYCLIC_PRESENTATION
58,1,1,14,"[{""brown_mod8"": 1, ""canonical_t"": 1, ""e"": 1, ""kind"": ""2-cyclic-odd"", ""p"": 2}, {""canonical_t"": 1, ""e"": 1, ""kind"": ""odd-cyclic"", ""legendre"": 1, ""p"": 29}]",CLOSED_EXACT_CYCLIC_PRESENTATION
58,3,3,14,"[{""brown_mod8"": 3, ""canonical_t"": 3, ""e"": 1, ""kind"": ""2-cyclic-odd"", ""p"": 2}, {""canonical_t"": 2, ""e"": 1, ""kind"": ""odd-cyclic"", ""legendre"": -1, ""p"": 29}]",CLOSED_EXACT_CYCLIC_PRESENTATION
58,5,1,14,"[{""brown_mod8"": 1, ""canonical_t"": 1, ""e"": 1, ""kind"": ""2-cyclic-odd"", ""p"": 2}, {""canonical_t"": 1, ""e"": 1, ""kind"": ""odd-cyclic"", ""legendre"": 1, ""p"": 29}]",CLOSED_EXACT_CYCLIC_PRESENTATION
58,7,7,14,"[{""brown_mod8"": 3, ""canonical_t"": 3, ""e"": 1, ""kind"": ""2-cyclic-odd"", ""p"": 2}, {""canonical_t"": 1, ""e"": 1, ""kind"": ""odd-cyclic"", ""legendre"": 1, ""p"": 29}]",CLOSED_EXACT_CYCLIC_PRESENTATION
58,9,1,14,"[{""brown_mod8"": 1, ""canonical_t"": 1, ""e"": 1, ""kind"": ""2-cyclic-odd"", ""p"": 2}, {""canonical_t"": 1, ""e"": 1, ""kind"": ""odd-cyclic"", ""legendre"": 1, ""p"": 29}]",CLOSED_EXACT_CYCLIC_PRESENTATION
58,11,3,14,"[{""brown_mod8"": 3, ""canonical_t"": 3, ""e"": 1, ""kind"": ""2-cyclic-odd"", ""p"": 2}, {""canonical_t"": 2, ""e"": 1, ""kind"": ""odd-cyclic"", ""legendre"": -1, ""p"": 29}]",CLOSED_EXACT_CYCLIC_PRESENTATION
58,13,1,14,"[{""brown_mod8"": 1, ""canonical_t"": 1, ""e"": 1, ""kind"": ""2-cyclic-odd"", ""p"": 2}, {""canonical_t"": 1, ""e"": 1, ""kind"": ""odd-cyclic"", ""legendre"": 1, ""p"": 29}]",CLOSED_EXACT_CYCLIC_PRESENTATION
58,15,3,14,"[{""brown_mod8"": 3, ""canonical_t"": 3, ""e"": 1, ""kind"": ""2-cyclic-odd"", ""p"": 2}, {""canonical_t"": 2, ""e"": 1, ""kind"": ""odd-cyclic"", ""legendre"": -1, ""p"": 29}]",CLOSED_EXACT_CYCLIC_PRESENTATION
58,17,17,14,"[{""brown_mod8"": 1, ""canonical_t"": 1, ""e"": 1, ""kind"": ""2-cyclic-odd"", ""p"": 2}, {""canonical_t"": 2, ""e"": 1, ""kind"": ""odd-cyclic"", ""legendre"": -1, ""p"": 29}]",CLOSED_EXACT_CYCLIC_PRESENTATION
58,19,3,14,"[{""brown_mod8"": 3, ""canonical_t"": 3, ""e"": 1, ""kind"": ""2-cyclic-odd"", ""p"": 2}, {""canonical_t"": 2, ""e"": 1, ""kind"": ""odd-cyclic"", ""legendre"": -1, ""p"": 29}]",CLOSED_EXACT_CYCLIC_PRESENTATION
58,21,17,14,"[{""brown_mod8"": 1, ""canonical_t"": 1, ""e"": 1, ""kind"": ""2-cyclic-odd"", ""p"": 2}, {""canonical_t"": 2, ""e"": 1, ""kind"": ""odd-cyclic"", ""legendre"": -1, ""p"": 29}]",CLOSED_EXACT_CYCLIC_PRESENTATION
58,23,7,14,"[{""brown_mod8"": 3, ""canonical_t"": 3, ""e"": 1, ""kind"": ""2-cyclic-odd"", ""p"": 2}, {""canonical_t"": 1, ""e"": 1, ""kind"": ""odd-cyclic"", ""legendre"": 1, ""p"": 29}]",CLOSED_EXACT_CYCLIC_PRESENTATION
58,25,1,14,"[{""brown_mod8"": 1, ""canonical_t"": 1, ""e"": 1, ""kind"": ""2-cyclic-odd"", ""p"": 2}, {""canonical_t"": 1, ""e"": 1, ""kind"": ""odd-cyclic"", ""legendre"": 1, ""p"": 29}]",CLOSED_EXACT_CYCLIC_PRESENTATION
58,27,3,14,"[{""brown_mod8"": 3, ""canonical_t"": 3, ""e"": 1, ""kind"": ""2-cyclic-odd"", ""p"": 2}, {""canonical_t"": 2, ""e"": 1, ""kind"": ""odd-cyclic"", ""legendre"": -1, ""p"": 29}]",CLOSED_EXACT_CYCLIC_PRESENTATION
58,31,3,14,"[{""brown_mod8"": 3, ""canonical_t"": 3, ""e"": 1, ""kind"": ""2-cyclic-odd"", ""p"": 2}, {""canonical_t"": 2, ""e"": 1, ""kind"": ""odd-cyclic"", ""legendre"": -1, ""p"": 29}]",CLOSED_EXACT_CYCLIC_PRESENTATION
58,33,1,14,"[{""brown_mod8"": 1, ""canonical_t"": 1, ""e"": 1, ""kind"": ""2-cyclic-odd"", ""p"": 2}, {""canonical_t"": 1, ""e"": 1, ""kind"": ""odd-cyclic"", ""legendre"": 1, ""p"": 29}]",CLOSED_EXACT_CYCLIC_PRESENTATION
58,35,7,14,"[{""brown_mod8"": 3, ""canonical_t"": 3, ""e"": 1, ""kind"": ""2-cyclic-odd"", ""p"": 2}, {""canonical_t"": 1, ""e"": 1, ""kind"": ""odd-cyclic"", ""legendre"": 1, ""p"": 29}]",CLOSED_EXACT_CYCLIC_PRESENTATION
58,37,17,14,"[{""brown_mod8"": 1, ""canonical_t"": 1, ""e"": 1, ""kind"": ""2-cyclic-odd"", ""p"": 2}, {""canonical_t"": 2, ""e"": 1, ""kind"": ""odd-cyclic"", ""legendre"": -1, ""p"": 29}]",CLOSED_EXACT_CYCLIC_PRESENTATION
58,39,3,14,"[{""brown_mod8"": 3, ""canonical_t"": 3, ""e"": 1, ""kind"": ""2-cyclic-odd"", ""p"": 2}, {""canonical_t"": 2, ""e"": 1, ""kind"": ""odd-cyclic"", ""legendre"": -1, ""p"": 29}]",CLOSED_EXACT_CYCLIC_PRESENTATION
58,41,17,14,"[{""brown_mod8"": 1, ""canonical_t"": 1, ""e"": 1, ""kind"": ""2-cyclic-odd"", ""p"": 2}, {""canonical_t"": 2, ""e"": 1, ""kind"": ""odd-cyclic"", ""legendre"": -1, ""p"": 29}]",CLOSED_EXACT_CYCLIC_PRESENTATION
58,43,3,14,"[{""brown_mod8"": 3, ""canonical_t"": 3, ""e"": 1, ""kind"": ""2-cyclic-odd"", ""p"": 2}, {""canonical_t"": 2, ""e"": 1, ""kind"": ""odd-cyclic"", ""legendre"": -1, ""p"": 29}]",CLOSED_EXACT_CYCLIC_PRESENTATION
58,45,1,14,"[{""brown_mod8"": 1, ""canonical_t"": 1, ""e"": 1, ""kind"": ""2-cyclic-odd"", ""p"": 2}, {""canonical_t"": 1, ""e"": 1, ""kind"": ""odd-cyclic"", ""legendre"": 1, ""p"": 29}]",CLOSED_EXACT_CYCLIC_PRESENTATION
58,47,3,14,"[{""brown_mod8"": 3, ""canonical_t"": 3, ""e"": 1, ""kind"": ""2-cyclic-odd"", ""p"": 2}, {""canonical_t"": 2, ""e"": 1, ""kind"": ""odd-cyclic"", ""legendre"": -1, ""p"": 29}]",CLOSED_EXACT_CYCLIC_PRESENTATION
58,49,1,14,"[{""brown_mod8"": 1, ""canonical_t"": 1, ""e"": 1, ""kind"": ""2-cyclic-odd"", ""p"": 2}, {""canonical_t"": 1, ""e"": 1, ""kind"": ""odd-cyclic"", ""legendre"": 1, ""p"": 29}]",CLOSED_EXACT_CYCLIC_PRESENTATION
58,51,7,14,"[{""brown_mod8"": 3, ""canonical_t"": 3, ""e"": 1, ""kind"": ""2-cyclic-odd"", ""p"": 2}, {""canonical_t"": 1, ""e"": 1, ""kind"": ""odd-cyclic"", ""legendre"": 1, ""p"": 29}]",CLOSED_EXACT_CYCLIC_PRESENTATION
58,53,1,14,"[{""brown_mod8"": 1, ""canonical_t"": 1, ""e"": 1, ""kind"": ""2-cyclic-odd"", ""p"": 2}, {""canonical_t"": 1, ""e"": 1, ""kind"": ""odd-cyclic"", ""legendre"": 1, ""p"": 29}]",CLOSED_EXACT_CYCLIC_PRESENTATION
58,55,3,14,"[{""brown_mod8"": 3, ""canonical_t"": 3, ""e"": 1, ""kind"": ""2-cyclic-odd"", ""p"": 2}, {""canonical_t"": 2, ""e"": 1, ""kind"": ""odd-cyclic"", ""legendre"": -1, ""p"": 29}]",CLOSED_EXACT_CYCLIC_PRESENTATION
58,57,1,14,"[{""brown_mod8"": 1, ""canonical_t"": 1, ""e"": 1, ""kind"": ""2-cyclic-odd"", ""p"": 2}, {""canonical_t"": 1, ""e"": 1, ""kind"": ""odd-cyclic"", ""legendre"": 1, ""p"": 29}]",CLOSED_EXACT_CYCLIC_PRESENTATION
58,59,7,14,"[{""brown_mod8"": 3, ""canonical_t"": 3, ""e"": 1, ""kind"": ""2-cyclic-odd"", ""p"": 2}, {""canonical_t"": 1, ""e"": 1, ""kind"": ""odd-cyclic"", ""legendre"": 1, ""p"": 29}]",CLOSED_EXACT_CYCLIC_PRESENTATION
58,61,17,14,"[{""brown_mod8"": 1, ""canonical_t"": 1, ""e"": 1, ""kind"": ""2-cyclic-odd"", ""p"": 2}, {""canonical_t"": 2, ""e"": 1, ""kind"": ""odd-cyclic"", ""legendre"": -1, ""p"": 29}]",CLOSED_EXACT_CYCLIC_PRESENTATION
58,63,7,14,"[{""brown_mod8"": 3, ""canonical_t"": 3, ""e"": 1, ""kind"": ""2-cyclic-odd"", ""p"": 2}, {""canonical_t"": 1, ""e"": 1, ""kind"": ""odd-cyclic"", ""legendre"": 1, ""p"": 29}]",CLOSED_EXACT_CYCLIC_PRESENTATION
58,65,1,14,"[{""brown_mod8"": 1, ""canonical_t"": 1, ""e"": 1, ""kind"": ""2-cyclic-odd"", ""p"": 2}, {""canonical_t"": 1, ""e"": 1, ""kind"": ""odd-cyclic"", ""legendre"": 1, ""p"": 29}]",CLOSED_EXACT_CYCLIC_PRESENTATION
58,67,7,14,"[{""brown_mod8"": 3, ""canonical_t"": 3, ""e"": 1, ""kind"": ""2-cyclic-odd"", ""p"": 2}, {""canonical_t"": 1, ""e"": 1, ""kind"": ""odd-cyclic"", ""legendre"": 1, ""p"": 29}]",CLOSED_EXACT_CYCLIC_PRESENTATION
58,69,17,14,"[{""brown_mod8"": 1, ""canonical_t"": 1, ""e"": 1, ""kind"": ""2-cyclic-odd"", ""p"": 2}, {""canonical_t"": 2, ""e"": 1, ""kind"": ""odd-cyclic"", ""legendre"": -1, ""p"": 29}]",CLOSED_EXACT_CYCLIC_PRESENTATION
58,71,7,14,"[{""brown_mod8"": 3, ""canonical_t"": 3, ""e"": 1, ""kind"": ""2-cyclic-odd"", ""p"": 2}, {""canonical_t"": 1, ""e"": 1, ""kind"": ""odd-cyclic"", ""legendre"": 1, ""p"": 29}]",CLOSED_EXACT_CYCLIC_PRESENTATION
58,73,17,14,"[{""brown_mod8"": 1, ""canonical_t"": 1, ""e"": 1, ""kind"": ""2-cyclic-odd"", ""p"": 2}, {""canonical_t"": 2, ""e"": 1, ""kind"": ""odd-cyclic"", ""legendre"": -1, ""p"": 29}]",CLOSED_EXACT_CYCLIC_PRESENTATION
58,75,3,14,"[{""brown_mod8"": 3, ""canonical_t"": 3, ""e"": 1, ""kind"": ""2-cyclic-odd"", ""p"": 2}, {""canonical_t"": 2, ""e"": 1, ""kind"": ""odd-cyclic"", ""legendre"": -1, ""p"": 29}]",CLOSED_EXACT_CYCLIC_PRESENTATION
58,77,17,14,"[{""brown_mod8"": 1, ""canonical_t"": 1, ""e"": 1, ""kind"": ""2-cyclic-odd"", ""p"": 2}, {""canonical_t"": 2, ""e"": 1, ""kind"": ""odd-cyclic"", ""legendre"": -1, ""p"": 29}]",CLOSED_EXACT_CYCLIC_PRESENTATION
58,79,3,14,"[{""brown_mod8"": 3, ""canonical_t"": 3, ""e"": 1, ""kind"": ""2-cyclic-odd"", ""p"": 2}, {""canonical_t"": 2, ""e"": 1, ""kind"": ""odd-cyclic"", ""legendre"": -1, ""p"": 29}]",CLOSED_EXACT_CYCLIC_PRESENTATION
58,81,1,14,"[{""brown_mod8"": 1, ""canonical_t"": 1, ""e"": 1, ""kind"": ""2-cyclic-odd"", ""p"": 2}, {""canonical_t"": 1, ""e"": 1, ""kind"": ""odd-cyclic"", ""legendre"": 1, ""p"": 29}]",CLOSED_EXACT_CYCLIC_PRESENTATION
58,83,7,14,"[{""brown_mod8"": 3, ""canonical_t"": 3, ""e"": 1, ""kind"": ""2-cyclic-odd"", ""p"": 2}, {""canonical_t"": 1, ""e"": 1, ""kind"": ""odd-cyclic"", ""legendre"": 1, ""p"": 29}]",CLOSED_EXACT_CYCLIC_PRESENTATION
58,85,17,14,"[{""brown_mod8"": 1, ""canonical_t"": 1, ""e"": 1, ""kind"": ""2-cyclic-odd"", ""p"": 2}, {""canonical_t"": 2, ""e"": 1, ""kind"": ""odd-cyclic"", ""legendre"": -1, ""p"": 29}]",CLOSED_EXACT_CYCLIC_PRESENTATION
58,89,17,14,"[{""brown_mod8"": 1, ""canonical_t"": 1, ""e"": 1, ""kind"": ""2-cyclic-odd"", ""p"": 2}, {""canonical_t"": 2, ""e"": 1, ""kind"": ""odd-cyclic"", ""legendre"": -1, ""p"": 29}]",CLOSED_EXACT_CYCLIC_PRESENTATION
58,91,7,14,"[{""brown_mod8"": 3, ""canonical_t"": 3, ""e"": 1, ""kind"": ""2-cyclic-odd"", ""p"": 2}, {""canonical_t"": 1, ""e"": 1, ""kind"": ""odd-cyclic"", ""legendre"": 1, ""p"": 29}]",CLOSED_EXACT_CYCLIC_PRESENTATION
58,93,1,14,"[{""brown_mod8"": 1, ""canonical_t"": 1, ""e"": 1, ""kind"": ""2-cyclic-odd"", ""p"": 2}, {""canonical_t"": 1, ""e"": 1, ""kind"": ""odd-cyclic"", ""legendre"": 1, ""p"": 29}]",CLOSED_EXACT_CYCLIC_PRESENTATION
58,95,3,14,"[{""brown_mod8"": 3, ""canonical_t"": 3, ""e"": 1, ""kind"": ""2-cyclic-odd"", ""p"": 2}, {""canonical_t"": 2, ""e"": 1, ""kind"": ""odd-cyclic"", ""legendre"": -1, ""p"": 29}]",CLOSED_EXACT_CYCLIC_PRESENTATION
58,97,17,14,"[{""brown_mod8"": 1, ""canonical_t"": 1, ""e"": 1, ""kind"": ""2-cyclic-odd"", ""p"": 2}, {""canonical_t"": 2, ""e"": 1, ""kind"": ""odd-cyclic"", ""legendre"": -1, ""p"": 29}]",CLOSED_EXACT_CYCLIC_PRESENTATION
58,99,3,14,"[{""brown_mod8"": 3, ""canonical_t"": 3, ""e"": 1, ""kind"": ""2-cyclic-odd"", ""p"": 2}, {""canonical_t"": 2, ""e"": 1, ""kind"": ""odd-cyclic"", ""legendre"": -1, ""p"": 29}]",CLOSED_EXACT_CYCLIC_PRESENTATION
58,101,17,14,"[{""brown_mod8"": 1, ""canonical_t"": 1, ""e"": 1, ""kind"": ""2-cyclic-odd"", ""p"": 2}, {""canonical_t"": 2, ""e"": 1, ""kind"": ""odd-cyclic"", ""legendre"": -1, ""p"": 29}]",CLOSED_EXACT_CYCLIC_PRESENTATION
58,103,7,14,"[{""brown_mod8"": 3, ""canonical_t"": 3, ""e"": 1, ""kind"": ""2-cyclic-odd"", ""p"": 2}, {""canonical_t"": 1, ""e"": 1, ""kind"": ""odd-cyclic"", ""legendre"": 1, ""p"": 29}]",CLOSED_EXACT_CYCLIC_PRESENTATION
58,105,17,14,"[{""brown_mod8"": 1, ""canonical_t"": 1, ""e"": 1, ""kind"": ""2-cyclic-odd"", ""p"": 2}, {""canonical_t"": 2, ""e"": 1, ""kind"": ""odd-cyclic"", ""legendre"": -1, ""p"": 29}]",CLOSED_EXACT_CYCLIC_PRESENTATION
58,107,7,14,"[{""brown_mod8"": 3, ""canonical_t"": 3, ""e"": 1, ""kind"": ""2-cyclic-odd"", ""p"": 2}, {""canonical_t"": 1, ""e"": 1, ""kind"": ""odd-cyclic"", ""legendre"": 1, ""p"": 29}]",CLOSED_EXACT_CYCLIC_PRESENTATION
58,109,1,14,"[{""brown_mod8"": 1, ""canonical_t"": 1, ""e"": 1, ""kind"": ""2-cyclic-odd"", ""p"": 2}, {""canonical_t"": 1, ""e"": 1, ""kind"": ""odd-cyclic"", ""legendre"": 1, ""p"": 29}]",CLOSED_EXACT_CYCLIC_PRESENTATION
58,111,7,14,"[{""brown_mod8"": 3, ""canonical_t"": 3, ""e"": 1, ""kind"": ""2-cyclic-odd"", ""p"": 2}, {""canonical_t"": 1, ""e"": 1, ""kind"": ""odd-cyclic"", ""legendre"": 1, ""p"": 29}]",CLOSED_EXACT_CYCLIC_PRESENTATION
58,113,17,14,"[{""brown_mod8"": 1, ""canonical_t"": 1, ""e"": 1, ""kind"": ""2-cyclic-odd"", ""p"": 2}, {""canonical_t"": 2, ""e"": 1, ""kind"": ""odd-cyclic"", ""legendre"": -1, ""p"": 29}]",CLOSED_EXACT_CYCLIC_PRESENTATION
58,115,7,14,"[{""brown_mod8"": 3, ""canonical_t"": 3, ""e"": 1, ""kind"": ""2-cyclic-odd"", ""p"": 2}, {""canonical_t"": 1, ""e"": 1, ""kind"": ""odd-cyclic"", ""legendre"": 1, ""p"": 29}]",CLOSED_EXACT_CYCLIC_PRESENTATION
59,1,1,29,"[{""canonical_t"": 1, ""e"": 1, ""kind"": ""odd-cyclic"", ""legendre"": 1, ""p"": 59}]",CLOSED_EXACT_CYCLIC_PRESENTATION
59,3,1,29,"[{""canonical_t"": 1, ""e"": 1, ""kind"": ""odd-cyclic"", ""legendre"": 1, ""p"": 59}]",CLOSED_EXACT_CYCLIC_PRESENTATION
59,5,1,29,"[{""canonical_t"": 1, ""e"": 1, ""kind"": ""odd-cyclic"", ""legendre"": 1, ""p"": 59}]",CLOSED_EXACT_CYCLIC_PRESENTATION
59,7,1,29,"[{""canonical_t"": 1, ""e"": 1, ""kind"": ""odd-cyclic"", ""legendre"": 1, ""p"": 59}]",CLOSED_EXACT_CYCLIC_PRESENTATION
59,9,1,29,"[{""canonical_t"": 1, ""e"": 1, ""kind"": ""odd-cyclic"", ""legendre"": 1, ""p"": 59}]",CLOSED_EXACT_CYCLIC_PRESENTATION
59,11,11,29,"[{""canonical_t"": 2, ""e"": 1, ""kind"": ""odd-cyclic"", ""legendre"": -1, ""p"": 59}]",CLOSED_EXACT_CYCLIC_PRESENTATION
59,13,11,29,"[{""canonical_t"": 2, ""e"": 1, ""kind"": ""odd-cyclic"", ""legendre"": -1, ""p"": 59}]",CLOSED_EXACT_CYCLIC_PRESENTATION
59,15,1,29,"[{""canonical_t"": 1, ""e"": 1, ""kind"": ""odd-cyclic"", ""legendre"": 1, ""p"": 59}]",CLOSED_EXACT_CYCLIC_PRESENTATION
59,17,1,29,"[{""canonical_t"": 1, ""e"": 1, ""kind"": ""odd-cyclic"", ""legendre"": 1, ""p"": 59}]",CLOSED_EXACT_CYCLIC_PRESENTATION
59,19,1,29,"[{""canonical_t"": 1, ""e"": 1, ""kind"": ""odd-cyclic"", ""legendre"": 1, ""p"": 59}]",CLOSED_EXACT_CYCLIC_PRESENTATION
59,21,1,29,"[{""canonical_t"": 1, ""e"": 1, ""kind"": ""odd-cyclic"", ""legendre"": 1, ""p"": 59}]",CLOSED_EXACT_CYCLIC_PRESENTATION
59,23,11,29,"[{""canonical_t"": 2, ""e"": 1, ""kind"": ""odd-cyclic"", ""legendre"": -1, ""p"": 59}]",CLOSED_EXACT_CYCLIC_PRESENTATION
59,25,1,29,"[{""canonical_t"": 1, ""e"": 1, ""kind"": ""odd-cyclic"", ""legendre"": 1, ""p"": 59}]",CLOSED_EXACT_CYCLIC_PRESENTATION
59,27,1,29,"[{""canonical_t"": 1, ""e"": 1, ""kind"": ""odd-cyclic"", ""legendre"": 1, ""p"": 59}]",CLOSED_EXACT_CYCLIC_PRESENTATION
59,29,1,29,"[{""canonical_t"": 1, ""e"": 1, ""kind"": ""odd-cyclic"", ""legendre"": 1, ""p"": 59}]",CLOSED_EXACT_CYCLIC_PRESENTATION
59,31,11,29,"[{""canonical_t"": 2, ""e"": 1, ""kind"": ""odd-cyclic"", ""legendre"": -1, ""p"": 59}]",CLOSED_EXACT_CYCLIC_PRESENTATION
59,33,11,29,"[{""canonical_t"": 2, ""e"": 1, ""kind"": ""odd-cyclic"", ""legendre"": -1, ""p"": 59}]",CLOSED_EXACT_CYCLIC_PRESENTATION
59,35,1,29,"[{""canonical_t"": 1, ""e"": 1, ""kind"": ""odd-cyclic"", ""legendre"": 1, ""p"": 59}]",CLOSED_EXACT_CYCLIC_PRESENTATION
59,37,11,29,"[{""canonical_t"": 2, ""e"": 1, ""kind"": ""odd-cyclic"", ""legendre"": -1, ""p"": 59}]",CLOSED_EXACT_CYCLIC_PRESENTATION
59,39,11,29,"[{""canonical_t"": 2, ""e"": 1, ""kind"": ""odd-cyclic"", ""legendre"": -1, ""p"": 59}]",CLOSED_EXACT_CYCLIC_PRESENTATION
59,41,1,29,"[{""canonical_t"": 1, ""e"": 1, ""kind"": ""odd-cyclic"", ""legendre"": 1, ""p"": 59}]",CLOSED_EXACT_CYCLIC_PRESENTATION
59,43,11,29,"[{""canonical_t"": 2, ""e"": 1, ""kind"": ""odd-cyclic"", ""legendre"": -1, ""p"": 59}]",CLOSED_EXACT_CYCLIC_PRESENTATION
59,45,1,29,"[{""canonical_t"": 1, ""e"": 1, ""kind"": ""odd-cyclic"", ""legendre"": 1, ""p"": 59}]",CLOSED_EXACT_CYCLIC_PRESENTATION
59,47,11,29,"[{""canonical_t"": 2, ""e"": 1, ""kind"": ""odd-cyclic"", ""legendre"": -1, ""p"": 59}]",CLOSED_EXACT_CYCLIC_PRESENTATION
59,49,1,29,"[{""canonical_t"": 1, ""e"": 1, ""kind"": ""odd-cyclic"", ""legendre"": 1, ""p"": 59}]",CLOSED_EXACT_CYCLIC_PRESENTATION
59,51,1,29,"[{""canonical_t"": 1, ""e"": 1, ""kind"": ""odd-cyclic"", ""legendre"": 1, ""p"": 59}]",CLOSED_EXACT_CYCLIC_PRESENTATION
59,53,1,29,"[{""canonical_t"": 1, ""e"": 1, ""kind"": ""odd-cyclic"", ""legendre"": 1, ""p"": 59}]",CLOSED_EXACT_CYCLIC_PRESENTATION
59,55,11,29,"[{""canonical_t"": 2, ""e"": 1, ""kind"": ""odd-cyclic"", ""legendre"": -1, ""p"": 59}]",CLOSED_EXACT_CYCLIC_PRESENTATION
59,57,1,29,"[{""canonical_t"": 1, ""e"": 1, ""kind"": ""odd-cyclic"", ""legendre"": 1, ""p"": 59}]",CLOSED_EXACT_CYCLIC_PRESENTATION
59,61,11,29,"[{""canonical_t"": 2, ""e"": 1, ""kind"": ""odd-cyclic"", ""legendre"": -1, ""p"": 59}]",CLOSED_EXACT_CYCLIC_PRESENTATION
59,63,1,29,"[{""canonical_t"": 1, ""e"": 1, ""kind"": ""odd-cyclic"", ""legendre"": 1, ""p"": 59}]",CLOSED_EXACT_CYCLIC_PRESENTATION
59,65,11,29,"[{""canonical_t"": 2, ""e"": 1, ""kind"": ""odd-cyclic"", ""legendre"": -1, ""p"": 59}]",CLOSED_EXACT_CYCLIC_PRESENTATION
59,67,11,29,"[{""canonical_t"": 2, ""e"": 1, ""kind"": ""odd-cyclic"", ""legendre"": -1, ""p"": 59}]",CLOSED_EXACT_CYCLIC_PRESENTATION
59,69,11,29,"[{""canonical_t"": 2, ""e"": 1, ""kind"": ""odd-cyclic"", ""legendre"": -1, ""p"": 59}]",CLOSED_EXACT_CYCLIC_PRESENTATION
59,71,1,29,"[{""canonical_t"": 1, ""e"": 1, ""kind"": ""odd-cyclic"", ""legendre"": 1, ""p"": 59}]",CLOSED_EXACT_CYCLIC_PRESENTATION
59,73,11,29,"[{""canonical_t"": 2, ""e"": 1, ""kind"": ""odd-cyclic"", ""legendre"": -1, ""p"": 59}]",CLOSED_EXACT_CYCLIC_PRESENTATION
59,75,1,29,"[{""canonical_t"": 1, ""e"": 1, ""kind"": ""odd-cyclic"", ""legendre"": 1, ""p"": 59}]",CLOSED_EXACT_CYCLIC_PRESENTATION
59,77,11,29,"[{""canonical_t"": 2, ""e"": 1, ""kind"": ""odd-cyclic"", ""legendre"": -1, ""p"": 59}]",CLOSED_EXACT_CYCLIC_PRESENTATION
59,79,1,29,"[{""canonical_t"": 1, ""e"": 1, ""kind"": ""odd-cyclic"", ""legendre"": 1, ""p"": 59}]",CLOSED_EXACT_CYCLIC_PRESENTATION
59,81,1,29,"[{""canonical_t"": 1, ""e"": 1, ""kind"": ""odd-cyclic"", ""legendre"": 1, ""p"": 59}]",CLOSED_EXACT_CYCLIC_PRESENTATION
59,83,11,29,"[{""canonical_t"": 2, ""e"": 1, ""kind"": ""odd-cyclic"", ""legendre"": -1, ""p"": 59}]",CLOSED_EXACT_CYCLIC_PRESENTATION
59,85,1,29,"[{""canonical_t"": 1, ""e"": 1, ""kind"": ""odd-cyclic"", ""legendre"": 1, ""p"": 59}]",CLOSED_EXACT_CYCLIC_PRESENTATION
59,87,1,29,"[{""canonical_t"": 1, ""e"": 1, ""kind"": ""odd-cyclic"", ""legendre"": 1, ""p"": 59}]",CLOSED_EXACT_CYCLIC_PRESENTATION
59,89,11,29,"[{""canonical_t"": 2, ""e"": 1, ""kind"": ""odd-cyclic"", ""legendre"": -1, ""p"": 59}]",CLOSED_EXACT_CYCLIC_PRESENTATION
59,91,11,29,"[{""canonical_t"": 2, ""e"": 1, ""kind"": ""odd-cyclic"", ""legendre"": -1, ""p"": 59}]",CLOSED_EXACT_CYCLIC_PRESENTATION
59,93,11,29,"[{""canonical_t"": 2, ""e"": 1, ""kind"": ""odd-cyclic"", ""legendre"": -1, ""p"": 59}]",CLOSED_EXACT_CYCLIC_PRESENTATION
59,95,1,29,"[{""canonical_t"": 1, ""e"": 1, ""kind"": ""odd-cyclic"", ""legendre"": 1, ""p"": 59}]",CLOSED_EXACT_CYCLIC_PRESENTATION
59,97,11,29,"[{""canonical_t"": 2, ""e"": 1, ""kind"": ""odd-cyclic"", ""legendre"": -1, ""p"": 59}]",CLOSED_EXACT_CYCLIC_PRESENTATION
59,99,11,29,"[{""canonical_t"": 2, ""e"": 1, ""kind"": ""odd-cyclic"", ""legendre"": -1, ""p"": 59}]",CLOSED_EXACT_CYCLIC_PRESENTATION
59,101,11,29,"[{""canonical_t"": 2, ""e"": 1, ""kind"": ""odd-cyclic"", ""legendre"": -1, ""p"": 59}]",CLOSED_EXACT_CYCLIC_PRESENTATION
59,103,11,29,"[{""canonical_t"": 2, ""e"": 1, ""kind"": ""odd-cyclic"", ""legendre"": -1, ""p"": 59}]",CLOSED_EXACT_CYCLIC_PRESENTATION
59,105,1,29,"[{""canonical_t"": 1, ""e"": 1, ""kind"": ""odd-cyclic"", ""legendre"": 1, ""p"": 59}]",CLOSED_EXACT_CYCLIC_PRESENTATION
59,107,1,29,"[{""canonical_t"": 1, ""e"": 1, ""kind"": ""odd-cyclic"", ""legendre"": 1, ""p"": 59}]",CLOSED_EXACT_CYCLIC_PRESENTATION
59,109,11,29,"[{""canonical_t"": 2, ""e"": 1, ""kind"": ""odd-cyclic"", ""legendre"": -1, ""p"": 59}]",CLOSED_EXACT_CYCLIC_PRESENTATION
59,111,11,29,"[{""canonical_t"": 2, ""e"": 1, ""kind"": ""odd-cyclic"", ""legendre"": -1, ""p"": 59}]",CLOSED_EXACT_CYCLIC_PRESENTATION
59,113,11,29,"[{""canonical_t"": 2, ""e"": 1, ""kind"": ""odd-cyclic"", ""legendre"": -1, ""p"": 59}]",CLOSED_EXACT_CYCLIC_PRESENTATION
59,115,11,29,"[{""canonical_t"": 2, ""e"": 1, ""kind"": ""odd-cyclic"", ""legendre"": -1, ""p"": 59}]",CLOSED_EXACT_CYCLIC_PRESENTATION
59,117,11,29,"[{""canonical_t"": 2, ""e"": 1, ""kind"": ""odd-cyclic"", ""legendre"": -1, ""p"": 59}]",CLOSED_EXACT_CYCLIC_PRESENTATION
60,1,1,2,"[{""brown_mod8"": 1, ""canonical_t"": 1, ""e"": 2, ""kind"": ""2-cyclic-odd"", ""p"": 2}, {""canonical_t"": 1, ""e"": 1, ""kind"": ""odd-cyclic"", ""legendre"": 1, ""p"": 3}, {""canonical_t"": 1, ""e"": 1, ""kind"": ""odd-cyclic"", ""legendre"": 1, ""p"": 5}]",CLOSED_EXACT_CYCLIC_PRESENTATION
60,7,7,2,"[{""brown_mod8"": 7, ""canonical_t"": 7, ""e"": 2, ""kind"": ""2-cyclic-odd"", ""p"": 2}, {""canonical_t"": 1, ""e"": 1, ""kind"": ""odd-cyclic"", ""legendre"": 1, ""p"": 3}, {""canonical_t"": 2, ""e"": 1, ""kind"": ""odd-cyclic"", ""legendre"": -1, ""p"": 5}]",CLOSED_EXACT_CYCLIC_PRESENTATION
60,11,11,2,"[{""brown_mod8"": 3, ""canonical_t"": 3, ""e"": 2, ""kind"": ""2-cyclic-odd"", ""p"": 2}, {""canonical_t"": 2, ""e"": 1, ""kind"": ""odd-cyclic"", ""legendre"": -1, ""p"": 3}, {""canonical_t"": 1, ""e"": 1, ""kind"": ""odd-cyclic"", ""legendre"": 1, ""p"": 5}]",CLOSED_EXACT_CYCLIC_PRESENTATION
60,13,13,2,"[{""brown_mod8"": 5, ""canonical_t"": 5, ""e"": 2, ""kind"": ""2-cyclic-odd"", ""p"": 2}, {""canonical_t"": 1, ""e"": 1, ""kind"": ""odd-cyclic"", ""legendre"": 1, ""p"": 3}, {""canonical_t"": 2, ""e"": 1, ""kind"": ""odd-cyclic"", ""legendre"": -1, ""p"": 5}]",CLOSED_EXACT_CYCLIC_PRESENTATION
60,17,17,2,"[{""brown_mod8"": 1, ""canonical_t"": 1, ""e"": 2, ""kind"": ""2-cyclic-odd"", ""p"": 2}, {""canonical_t"": 2, ""e"": 1, ""kind"": ""odd-cyclic"", ""legendre"": -1, ""p"": 3}, {""canonical_t"": 2, ""e"": 1, ""kind"": ""odd-cyclic"", ""legendre"": -1, ""p"": 5}]",CLOSED_EXACT_CYCLIC_PRESENTATION
60,19,19,2,"[{""brown_mod8"": 3, ""canonical_t"": 3, ""e"": 2, ""kind"": ""2-cyclic-odd"", ""p"": 2}, {""canonical_t"": 1, ""e"": 1, ""kind"": ""odd-cyclic"", ""legendre"": 1, ""p"": 3}, {""canonical_t"": 1, ""e"": 1, ""kind"": ""odd-cyclic"", ""legendre"": 1, ""p"": 5}]",CLOSED_EXACT_CYCLIC_PRESENTATION
60,23,23,2,"[{""brown_mod8"": 7, ""canonical_t"": 7, ""e"": 2, ""kind"": ""2-cyclic-odd"", ""p"": 2}, {""canonical_t"": 2, ""e"": 1, ""kind"": ""odd-cyclic"", ""legendre"": -1, ""p"": 3}, {""canonical_t"": 2, ""e"": 1, ""kind"": ""odd-cyclic"", ""legendre"": -1, ""p"": 5}]",CLOSED_EXACT_CYCLIC_PRESENTATION
60,29,29,2,"[{""brown_mod8"": 5, ""canonical_t"": 5, ""e"": 2, ""kind"": ""2-cyclic-odd"", ""p"": 2}, {""canonical_t"": 2, ""e"": 1, ""kind"": ""odd-cyclic"", ""legendre"": -1, ""p"": 3}, {""canonical_t"": 1, ""e"": 1, ""kind"": ""odd-cyclic"", ""legendre"": 1, ""p"": 5}]",CLOSED_EXACT_CYCLIC_PRESENTATION
60,31,31,2,"[{""brown_mod8"": 7, ""canonical_t"": 7, ""e"": 2, ""kind"": ""2-cyclic-odd"", ""p"": 2}, {""canonical_t"": 1, ""e"": 1, ""kind"": ""odd-cyclic"", ""legendre"": 1, ""p"": 3}, {""canonical_t"": 1, ""e"": 1, ""kind"": ""odd-cyclic"", ""legendre"": 1, ""p"": 5}]",CLOSED_EXACT_CYCLIC_PRESENTATION
60,37,13,2,"[{""brown_mod8"": 5, ""canonical_t"": 5, ""e"": 2, ""kind"": ""2-cyclic-odd"", ""p"": 2}, {""canonical_t"": 1, ""e"": 1, ""kind"": ""odd-cyclic"", ""legendre"": 1, ""p"": 3}, {""canonical_t"": 2, ""e"": 1, ""kind"": ""odd-cyclic"", ""legendre"": -1, ""p"": 5}]",CLOSED_EXACT_CYCLIC_PRESENTATION
60,41,41,2,"[{""brown_mod8"": 1, ""canonical_t"": 1, ""e"": 2, ""kind"": ""2-cyclic-odd"", ""p"": 2}, {""canonical_t"": 2, ""e"": 1, ""kind"": ""odd-cyclic"", ""legendre"": -1, ""p"": 3}, {""canonical_t"": 1, ""e"": 1, ""kind"": ""odd-cyclic"", ""legendre"": 1, ""p"": 5}]",CLOSED_EXACT_CYCLIC_PRESENTATION
60,43,43,2,"[{""brown_mod8"": 3, ""canonical_t"": 3, ""e"": 2, ""kind"": ""2-cyclic-odd"", ""p"": 2}, {""canonical_t"": 1, ""e"": 1, ""kind"": ""odd-cyclic"", ""legendre"": 1, ""p"": 3}, {""canonical_t"": 2, ""e"": 1, ""kind"": ""odd-cyclic"", ""legendre"": -1, ""p"": 5}]",CLOSED_EXACT_CYCLIC_PRESENTATION
60,47,23,2,"[{""brown_mod8"": 7, ""canonical_t"": 7, ""e"": 2, ""kind"": ""2-cyclic-odd"", ""p"": 2}, {""canonical_t"": 2, ""e"": 1, ""kind"": ""odd-cyclic"", ""legendre"": -1, ""p"": 3}, {""canonical_t"": 2, ""e"": 1, ""kind"": ""odd-cyclic"", ""legendre"": -1, ""p"": 5}]",CLOSED_EXACT_CYCLIC_PRESENTATION
60,49,1,2,"[{""brown_mod8"": 1, ""canonical_t"": 1, ""e"": 2, ""kind"": ""2-cyclic-odd"", ""p"": 2}, {""canonical_t"": 1, ""e"": 1, ""kind"": ""odd-cyclic"", ""legendre"": 1, ""p"": 3}, {""canonical_t"": 1, ""e"": 1, ""kind"": ""odd-cyclic"", ""legendre"": 1, ""p"": 5}]",CLOSED_EXACT_CYCLIC_PRESENTATION
60,53,53,2,"[{""brown_mod8"": 5, ""canonical_t"": 5, ""e"": 2, ""kind"": ""2-cyclic-odd"", ""p"": 2}, {""canonical_t"": 2, ""e"": 1, ""kind"": ""odd-cyclic"", ""legendre"": -1, ""p"": 3}, {""canonical_t"": 2, ""e"": 1, ""kind"": ""odd-cyclic"", ""legendre"": -1, ""p"": 5}]",CLOSED_EXACT_CYCLIC_PRESENTATION
60,59,11,2,"[{""brown_mod8"": 3, ""canonical_t"": 3, ""e"": 2, ""kind"": ""2-cyclic-odd"", ""p"": 2}, {""canonical_t"": 2, ""e"": 1, ""kind"": ""odd-cyclic"", ""legendre"": -1, ""p"": 3}, {""canonical_t"": 1, ""e"": 1, ""kind"": ""odd-cyclic"", ""legendre"": 1, ""p"": 5}]",CLOSED_EXACT_CYCLIC_PRESENTATION
60,61,61,2,"[{""brown_mod8"": 5, ""canonical_t"": 5, ""e"": 2, ""kind"": ""2-cyclic-odd"", ""p"": 2}, {""canonical_t"": 1, ""e"": 1, ""kind"": ""odd-cyclic"", ""legendre"": 1, ""p"": 3}, {""canonical_t"": 1, ""e"": 1, ""kind"": ""odd-cyclic"", ""legendre"": 1, ""p"": 5}]",CLOSED_EXACT_CYCLIC_PRESENTATION
60,67,43,2,"[{""brown_mod8"": 3, ""canonical_t"": 3, ""e"": 2, ""kind"": ""2-cyclic-odd"", ""p"": 2}, {""canonical_t"": 1, ""e"": 1, ""kind"": ""odd-cyclic"", ""legendre"": 1, ""p"": 3}, {""canonical_t"": 2, ""e"": 1, ""kind"": ""odd-cyclic"", ""legendre"": -1, ""p"": 5}]",CLOSED_EXACT_CYCLIC_PRESENTATION
60,71,71,2,"[{""brown_mod8"": 7, ""canonical_t"": 7, ""e"": 2, ""kind"": ""2-cyclic-odd"", ""p"": 2}, {""canonical_t"": 2, ""e"": 1, ""kind"": ""odd-cyclic"", ""legendre"": -1, ""p"": 3}, {""canonical_t"": 1, ""e"": 1, ""kind"": ""odd-cyclic"", ""legendre"": 1, ""p"": 5}]",CLOSED_EXACT_CYCLIC_PRESENTATION
60,73,73,2,"[{""brown_mod8"": 1, ""canonical_t"": 1, ""e"": 2, ""kind"": ""2-cyclic-odd"", ""p"": 2}, {""canonical_t"": 1, ""e"": 1, ""kind"": ""odd-cyclic"", ""legendre"": 1, ""p"": 3}, {""canonical_t"": 2, ""e"": 1, ""kind"": ""odd-cyclic"", ""legendre"": -1, ""p"": 5}]",CLOSED_EXACT_CYCLIC_PRESENTATION
60,77,53,2,"[{""brown_mod8"": 5, ""canonical_t"": 5, ""e"": 2, ""kind"": ""2-cyclic-odd"", ""p"": 2}, {""canonical_t"": 2, ""e"": 1, ""kind"": ""odd-cyclic"", ""legendre"": -1, ""p"": 3}, {""canonical_t"": 2, ""e"": 1, ""kind"": ""odd-cyclic"", ""legendre"": -1, ""p"": 5}]",CLOSED_EXACT_CYCLIC_PRESENTATION
60,79,31,2,"[{""brown_mod8"": 7, ""canonical_t"": 7, ""e"": 2, ""kind"": ""2-cyclic-odd"", ""p"": 2}, {""canonical_t"": 1, ""e"": 1, ""kind"": ""odd-cyclic"", ""legendre"": 1, ""p"": 3}, {""canonical_t"": 1, ""e"": 1, ""kind"": ""odd-cyclic"", ""legendre"": 1, ""p"": 5}]",CLOSED_EXACT_CYCLIC_PRESENTATION
60,83,83,2,"[{""brown_mod8"": 3, ""canonical_t"": 3, ""e"": 2, ""kind"": ""2-cyclic-odd"", ""p"": 2}, {""canonical_t"": 2, ""e"": 1, ""kind"": ""odd-cyclic"", ""legendre"": -1, ""p"": 3}, {""canonical_t"": 2, ""e"": 1, ""kind"": ""odd-cyclic"", ""legendre"": -1, ""p"": 5}]",CLOSED_EXACT_CYCLIC_PRESENTATION
60,89,41,2,"[{""brown_mod8"": 1, ""canonical_t"": 1, ""e"": 2, ""kind"": ""2-cyclic-odd"", ""p"": 2}, {""canonical_t"": 2, ""e"": 1, ""kind"": ""odd-cyclic"", ""legendre"": -1, ""p"": 3}, {""canonical_t"": 1, ""e"": 1, ""kind"": ""odd-cyclic"", ""legendre"": 1, ""p"": 5}]",CLOSED_EXACT_CYCLIC_PRESENTATION
60,91,19,2,"[{""brown_mod8"": 3, ""canonical_t"": 3, ""e"": 2, ""kind"": ""2-cyclic-odd"", ""p"": 2}, {""canonical_t"": 1, ""e"": 1, ""kind"": ""odd-cyclic"", ""legendre"": 1, ""p"": 3}, {""canonical_t"": 1, ""e"": 1, ""kind"": ""odd-cyclic"", ""legendre"": 1, ""p"": 5}]",CLOSED_EXACT_CYCLIC_PRESENTATION
60,97,73,2,"[{""brown_mod8"": 1, ""canonical_t"": 1, ""e"": 2, ""kind"": ""2-cyclic-odd"", ""p"": 2}, {""canonical_t"": 1, ""e"": 1, ""kind"": ""odd-cyclic"", ""legendre"": 1, ""p"": 3}, {""canonical_t"": 2, ""e"": 1, ""kind"": ""odd-cyclic"", ""legendre"": -1, ""p"": 5}]",CLOSED_EXACT_CYCLIC_PRESENTATION
60,101,29,2,"[{""brown_mod8"": 5, ""canonical_t"": 5, ""e"": 2, ""kind"": ""2-cyclic-odd"", ""p"": 2}, {""canonical_t"": 2, ""e"": 1, ""kind"": ""odd-cyclic"", ""legendre"": -1, ""p"": 3}, {""canonical_t"": 1, ""e"": 1, ""kind"": ""odd-cyclic"", ""legendre"": 1, ""p"": 5}]",CLOSED_EXACT_CYCLIC_PRESENTATION
60,103,7,2,"[{""brown_mod8"": 7, ""canonical_t"": 7, ""e"": 2, ""kind"": ""2-cyclic-odd"", ""p"": 2}, {""canonical_t"": 1, ""e"": 1, ""kind"": ""odd-cyclic"", ""legendre"": 1, ""p"": 3}, {""canonical_t"": 2, ""e"": 1, ""kind"": ""odd-cyclic"", ""legendre"": -1, ""p"": 5}]",CLOSED_EXACT_CYCLIC_PRESENTATION
60,107,83,2,"[{""brown_mod8"": 3, ""canonical_t"": 3, ""e"": 2, ""kind"": ""2-cyclic-odd"", ""p"": 2}, {""canonical_t"": 2, ""e"": 1, ""kind"": ""odd-cyclic"", ""legendre"": -1, ""p"": 3}, {""canonical_t"": 2, ""e"": 1, ""kind"": ""odd-cyclic"", ""legendre"": -1, ""p"": 5}]",CLOSED_EXACT_CYCLIC_PRESENTATION
60,109,61,2,"[{""brown_mod8"": 5, ""canonical_t"": 5, ""e"": 2, ""kind"": ""2-cyclic-odd"", ""p"": 2}, {""canonical_t"": 1, ""e"": 1, ""kind"": ""odd-cyclic"", ""legendre"": 1, ""p"": 3}, {""canonical_t"": 1, ""e"": 1, ""kind"": ""odd-cyclic"", ""legendre"": 1, ""p"": 5}]",CLOSED_EXACT_CYCLIC_PRESENTATION
60,113,17,2,"[{""brown_mod8"": 1, ""canonical_t"": 1, ""e"": 2, ""kind"": ""2-cyclic-odd"", ""p"": 2}, {""canonical_t"": 2, ""e"": 1, ""kind"": ""odd-cyclic"", ""legendre"": -1, ""p"": 3}, {""canonical_t"": 2, ""e"": 1, ""kind"": ""odd-cyclic"", ""legendre"": -1, ""p"": 5}]",CLOSED_EXACT_CYCLIC_PRESENTATION
60,119,71,2,"[{""brown_mod8"": 7, ""canonical_t"": 7, ""e"": 2, ""kind"": ""2-cyclic-odd"", ""p"": 2}, {""canonical_t"": 2, ""e"": 1, ""kind"": ""odd-cyclic"", ""legendre"": -1, ""p"": 3}, {""canonical_t"": 1, ""e"": 1, ""kind"": ""odd-cyclic"", ""legendre"": 1, ""p"": 5}]",CLOSED_EXACT_CYCLIC_PRESENTATION
61,1,1,30,"[{""canonical_t"": 1, ""e"": 1, ""kind"": ""odd-cyclic"", ""legendre"": 1, ""p"": 61}]",CLOSED_EXACT_CYCLIC_PRESENTATION
61,3,1,30,"[{""canonical_t"": 1, ""e"": 1, ""kind"": ""odd-cyclic"", ""legendre"": 1, ""p"": 61}]",CLOSED_EXACT_CYCLIC_PRESENTATION
61,5,1,30,"[{""canonical_t"": 1, ""e"": 1, ""kind"": ""odd-cyclic"", ""legendre"": 1, ""p"": 61}]",CLOSED_EXACT_CYCLIC_PRESENTATION
61,7,7,30,"[{""canonical_t"": 2, ""e"": 1, ""kind"": ""odd-cyclic"", ""legendre"": -1, ""p"": 61}]",CLOSED_EXACT_CYCLIC_PRESENTATION
61,9,1,30,"[{""canonical_t"": 1, ""e"": 1, ""kind"": ""odd-cyclic"", ""legendre"": 1, ""p"": 61}]",CLOSED_EXACT_CYCLIC_PRESENTATION
61,11,7,30,"[{""canonical_t"": 2, ""e"": 1, ""kind"": ""odd-cyclic"", ""legendre"": -1, ""p"": 61}]",CLOSED_EXACT_CYCLIC_PRESENTATION
61,13,1,30,"[{""canonical_t"": 1, ""e"": 1, ""kind"": ""odd-cyclic"", ""legendre"": 1, ""p"": 61}]",CLOSED_EXACT_CYCLIC_PRESENTATION
61,15,1,30,"[{""canonical_t"": 1, ""e"": 1, ""kind"": ""odd-cyclic"", ""legendre"": 1, ""p"": 61}]",CLOSED_EXACT_CYCLIC_PRESENTATION
61,17,7,30,"[{""canonical_t"": 2, ""e"": 1, ""kind"": ""odd-cyclic"", ""legendre"": -1, ""p"": 61}]",CLOSED_EXACT_CYCLIC_PRESENTATION
61,19,1,30,"[{""canonical_t"": 1, ""e"": 1, ""kind"": ""odd-cyclic"", ""legendre"": 1, ""p"": 61}]",CLOSED_EXACT_CYCLIC_PRESENTATION
61,21,7,30,"[{""canonical_t"": 2, ""e"": 1, ""kind"": ""odd-cyclic"", ""legendre"": -1, ""p"": 61}]",CLOSED_EXACT_CYCLIC_PRESENTATION
61,23,7,30,"[{""canonical_t"": 2, ""e"": 1, ""kind"": ""odd-cyclic"", ""legendre"": -1, ""p"": 61}]",CLOSED_EXACT_CYCLIC_PRESENTATION
61,25,1,30,"[{""canonical_t"": 1, ""e"": 1, ""kind"": ""odd-cyclic"", ""legendre"": 1, ""p"": 61}]",CLOSED_EXACT_CYCLIC_PRESENTATION
61,27,1,30,"[{""canonical_t"": 1, ""e"": 1, ""kind"": ""odd-cyclic"", ""legendre"": 1, ""p"": 61}]",CLOSED_EXACT_CYCLIC_PRESENTATION
61,29,7,30,"[{""canonical_t"": 2, ""e"": 1, ""kind"": ""odd-cyclic"", ""legendre"": -1, ""p"": 61}]",CLOSED_EXACT_CYCLIC_PRESENTATION
61,31,7,30,"[{""canonical_t"": 2, ""e"": 1, ""kind"": ""odd-cyclic"", ""legendre"": -1, ""p"": 61}]",CLOSED_EXACT_CYCLIC_PRESENTATION
61,33,7,30,"[{""canonical_t"": 2, ""e"": 1, ""kind"": ""odd-cyclic"", ""legendre"": -1, ""p"": 61}]",CLOSED_EXACT_CYCLIC_PRESENTATION
61,35,7,30,"[{""canonical_t"": 2, ""e"": 1, ""kind"": ""odd-cyclic"", ""legendre"": -1, ""p"": 61}]",CLOSED_EXACT_CYCLIC_PRESENTATION
61,37,7,30,"[{""canonical_t"": 2, ""e"": 1, ""kind"": ""odd-cyclic"", ""legendre"": -1, ""p"": 61}]",CLOSED_EXACT_CYCLIC_PRESENTATION
61,39,1,30,"[{""canonical_t"": 1, ""e"": 1, ""kind"": ""odd-cyclic"", ""legendre"": 1, ""p"": 61}]",CLOSED_EXACT_CYCLIC_PRESENTATION
61,41,1,30,"[{""canonical_t"": 1, ""e"": 1, ""kind"": ""odd-cyclic"", ""legendre"": 1, ""p"": 61}]",CLOSED_EXACT_CYCLIC_PRESENTATION
61,43,7,30,"[{""canonical_t"": 2, ""e"": 1, ""kind"": ""odd-cyclic"", ""legendre"": -1, ""p"": 61}]",CLOSED_EXACT_CYCLIC_PRESENTATION
61,45,1,30,"[{""canonical_t"": 1, ""e"": 1, ""kind"": ""odd-cyclic"", ""legendre"": 1, ""p"": 61}]",CLOSED_EXACT_CYCLIC_PRESENTATION
61,47,1,30,"[{""canonical_t"": 1, ""e"": 1, ""kind"": ""odd-cyclic"", ""legendre"": 1, ""p"": 61}]",CLOSED_EXACT_CYCLIC_PRESENTATION
61,49,1,30,"[{""canonical_t"": 1, ""e"": 1, ""kind"": ""odd-cyclic"", ""legendre"": 1, ""p"": 61}]",CLOSED_EXACT_CYCLIC_PRESENTATION
61,51,7,30,"[{""canonical_t"": 2, ""e"": 1, ""kind"": ""odd-cyclic"", ""legendre"": -1, ""p"": 61}]",CLOSED_EXACT_CYCLIC_PRESENTATION
61,53,7,30,"[{""canonical_t"": 2, ""e"": 1, ""kind"": ""odd-cyclic"", ""legendre"": -1, ""p"": 61}]",CLOSED_EXACT_CYCLIC_PRESENTATION
61,55,7,30,"[{""canonical_t"": 2, ""e"": 1, ""kind"": ""odd-cyclic"", ""legendre"": -1, ""p"": 61}]",CLOSED_EXACT_CYCLIC_PRESENTATION
61,57,1,30,"[{""canonical_t"": 1, ""e"": 1, ""kind"": ""odd-cyclic"", ""legendre"": 1, ""p"": 61}]",CLOSED_EXACT_CYCLIC_PRESENTATION
61,59,7,30,"[{""canonical_t"": 2, ""e"": 1, ""kind"": ""odd-cyclic"", ""legendre"": -1, ""p"": 61}]",CLOSED_EXACT_CYCLIC_PRESENTATION
61,63,7,30,"[{""canonical_t"": 2, ""e"": 1, ""kind"": ""odd-cyclic"", ""legendre"": -1, ""p"": 61}]",CLOSED_EXACT_CYCLIC_PRESENTATION
61,65,1,30,"[{""canonical_t"": 1, ""e"": 1, ""kind"": ""odd-cyclic"", ""legendre"": 1, ""p"": 61}]",CLOSED_EXACT_CYCLIC_PRESENTATION
61,67,7,30,"[{""canonical_t"": 2, ""e"": 1, ""kind"": ""odd-cyclic"", ""legendre"": -1, ""p"": 61}]",CLOSED_EXACT_CYCLIC_PRESENTATION
61,69,7,30,"[{""canonical_t"": 2, ""e"": 1, ""kind"": ""odd-cyclic"", ""legendre"": -1, ""p"": 61}]",CLOSED_EXACT_CYCLIC_PRESENTATION
61,71,7,30,"[{""canonical_t"": 2, ""e"": 1, ""kind"": ""odd-cyclic"", ""legendre"": -1, ""p"": 61}]",CLOSED_EXACT_CYCLIC_PRESENTATION
61,73,1,30,"[{""canonical_t"": 1, ""e"": 1, ""kind"": ""odd-cyclic"", ""legendre"": 1, ""p"": 61}]",CLOSED_EXACT_CYCLIC_PRESENTATION
61,75,1,30,"[{""canonical_t"": 1, ""e"": 1, ""kind"": ""odd-cyclic"", ""legendre"": 1, ""p"": 61}]",CLOSED_EXACT_CYCLIC_PRESENTATION
61,77,1,30,"[{""canonical_t"": 1, ""e"": 1, ""kind"": ""odd-cyclic"", ""legendre"": 1, ""p"": 61}]",CLOSED_EXACT_CYCLIC_PRESENTATION
61,79,7,30,"[{""canonical_t"": 2, ""e"": 1, ""kind"": ""odd-cyclic"", ""legendre"": -1, ""p"": 61}]",CLOSED_EXACT_CYCLIC_PRESENTATION
61,81,1,30,"[{""canonical_t"": 1, ""e"": 1, ""kind"": ""odd-cyclic"", ""legendre"": 1, ""p"": 61}]",CLOSED_EXACT_CYCLIC_PRESENTATION
61,83,1,30,"[{""canonical_t"": 1, ""e"": 1, ""kind"": ""odd-cyclic"", ""legendre"": 1, ""p"": 61}]",CLOSED_EXACT_CYCLIC_PRESENTATION
61,85,7,30,"[{""canonical_t"": 2, ""e"": 1, ""kind"": ""odd-cyclic"", ""legendre"": -1, ""p"": 61}]",CLOSED_EXACT_CYCLIC_PRESENTATION
61,87,7,30,"[{""canonical_t"": 2, ""e"": 1, ""kind"": ""odd-cyclic"", ""legendre"": -1, ""p"": 61}]",CLOSED_EXACT_CYCLIC_PRESENTATION
61,89,7,30,"[{""canonical_t"": 2, ""e"": 1, ""kind"": ""odd-cyclic"", ""legendre"": -1, ""p"": 61}]",CLOSED_EXACT_CYCLIC_PRESENTATION
61,91,7,30,"[{""canonical_t"": 2, ""e"": 1, ""kind"": ""odd-cyclic"", ""legendre"": -1, ""p"": 61}]",CLOSED_EXACT_CYCLIC_PRESENTATION
61,93,7,30,"[{""canonical_t"": 2, ""e"": 1, ""kind"": ""odd-cyclic"", ""legendre"": -1, ""p"": 61}]",CLOSED_EXACT_CYCLIC_PRESENTATION
61,95,1,30,"[{""canonical_t"": 1, ""e"": 1, ""kind"": ""odd-cyclic"", ""legendre"": 1, ""p"": 61}]",CLOSED_EXACT_CYCLIC_PRESENTATION
61,97,1,30,"[{""canonical_t"": 1, ""e"": 1, ""kind"": ""odd-cyclic"", ""legendre"": 1, ""p"": 61}]",CLOSED_EXACT_CYCLIC_PRESENTATION
61,99,7,30,"[{""canonical_t"": 2, ""e"": 1, ""kind"": ""odd-cyclic"", ""legendre"": -1, ""p"": 61}]",CLOSED_EXACT_CYCLIC_PRESENTATION
61,101,7,30,"[{""canonical_t"": 2, ""e"": 1, ""kind"": ""odd-cyclic"", ""legendre"": -1, ""p"": 61}]",CLOSED_EXACT_CYCLIC_PRESENTATION
61,103,1,30,"[{""canonical_t"": 1, ""e"": 1, ""kind"": ""odd-cyclic"", ""legendre"": 1, ""p"": 61}]",CLOSED_EXACT_CYCLIC_PRESENTATION
61,105,7,30,"[{""canonical_t"": 2, ""e"": 1, ""kind"": ""odd-cyclic"", ""legendre"": -1, ""p"": 61}]",CLOSED_EXACT_CYCLIC_PRESENTATION
61,107,1,30,"[{""canonical_t"": 1, ""e"": 1, ""kind"": ""odd-cyclic"", ""legendre"": 1, ""p"": 61}]",CLOSED_EXACT_CYCLIC_PRESENTATION
61,109,1,30,"[{""canonical_t"": 1, ""e"": 1, ""kind"": ""odd-cyclic"", ""legendre"": 1, ""p"": 61}]",CLOSED_EXACT_CYCLIC_PRESENTATION
61,111,7,30,"[{""canonical_t"": 2, ""e"": 1, ""kind"": ""odd-cyclic"", ""legendre"": -1, ""p"": 61}]",CLOSED_EXACT_CYCLIC_PRESENTATION
61,113,1,30,"[{""canonical_t"": 1, ""e"": 1, ""kind"": ""odd-cyclic"", ""legendre"": 1, ""p"": 61}]",CLOSED_EXACT_CYCLIC_PRESENTATION
61,115,7,30,"[{""canonical_t"": 2, ""e"": 1, ""kind"": ""odd-cyclic"", ""legendre"": -1, ""p"": 61}]",CLOSED_EXACT_CYCLIC_PRESENTATION
61,117,1,30,"[{""canonical_t"": 1, ""e"": 1, ""kind"": ""odd-cyclic"", ""legendre"": 1, ""p"": 61}]",CLOSED_EXACT_CYCLIC_PRESENTATION
61,119,1,30,"[{""canonical_t"": 1, ""e"": 1, ""kind"": ""odd-cyclic"", ""legendre"": 1, ""p"": 61}]",CLOSED_EXACT_CYCLIC_PRESENTATION
61,121,1,30,"[{""canonical_t"": 1, ""e"": 1, ""kind"": ""odd-cyclic"", ""legendre"": 1, ""p"": 61}]",CLOSED_EXACT_CYCLIC_PRESENTATION
62,1,1,15,"[{""brown_mod8"": 1, ""canonical_t"": 1, ""e"": 1, ""kind"": ""2-cyclic-odd"", ""p"": 2}, {""canonical_t"": 1, ""e"": 1, ""kind"": ""odd-cyclic"", ""legendre"": 1, ""p"": 31}]",CLOSED_EXACT_CYCLIC_PRESENTATION
62,3,3,15,"[{""brown_mod8"": 3, ""canonical_t"": 3, ""e"": 1, ""kind"": ""2-cyclic-odd"", ""p"": 2}, {""canonical_t"": 3, ""e"": 1, ""kind"": ""odd-cyclic"", ""legendre"": -1, ""p"": 31}]",CLOSED_EXACT_CYCLIC_PRESENTATION
62,5,1,15,"[{""brown_mod8"": 1, ""canonical_t"": 1, ""e"": 1, ""kind"": ""2-cyclic-odd"", ""p"": 2}, {""canonical_t"": 1, ""e"": 1, ""kind"": ""odd-cyclic"", ""legendre"": 1, ""p"": 31}]",CLOSED_EXACT_CYCLIC_PRESENTATION
62,7,7,15,"[{""brown_mod8"": 3, ""canonical_t"": 3, ""e"": 1, ""kind"": ""2-cyclic-odd"", ""p"": 2}, {""canonical_t"": 1, ""e"": 1, ""kind"": ""odd-cyclic"", ""legendre"": 1, ""p"": 31}]",CLOSED_EXACT_CYCLIC_PRESENTATION
62,9,1,15,"[{""brown_mod8"": 1, ""canonical_t"": 1, ""e"": 1, ""kind"": ""2-cyclic-odd"", ""p"": 2}, {""canonical_t"": 1, ""e"": 1, ""kind"": ""odd-cyclic"", ""legendre"": 1, ""p"": 31}]",CLOSED_EXACT_CYCLIC_PRESENTATION
62,11,3,15,"[{""brown_mod8"": 3, ""canonical_t"": 3, ""e"": 1, ""kind"": ""2-cyclic-odd"", ""p"": 2}, {""canonical_t"": 3, ""e"": 1, ""kind"": ""odd-cyclic"", ""legendre"": -1, ""p"": 31}]",CLOSED_EXACT_CYCLIC_PRESENTATION
62,13,13,15,"[{""brown_mod8"": 1, ""canonical_t"": 1, ""e"": 1, ""kind"": ""2-cyclic-odd"", ""p"": 2}, {""canonical_t"": 3, ""e"": 1, ""kind"": ""odd-cyclic"", ""legendre"": -1, ""p"": 31}]",CLOSED_EXACT_CYCLIC_PRESENTATION
62,15,3,15,"[{""brown_mod8"": 3, ""canonical_t"": 3, ""e"": 1, ""kind"": ""2-cyclic-odd"", ""p"": 2}, {""canonical_t"": 3, ""e"": 1, ""kind"": ""odd-cyclic"", ""legendre"": -1, ""p"": 31}]",CLOSED_EXACT_CYCLIC_PRESENTATION
62,17,13,15,"[{""brown_mod8"": 1, ""canonical_t"": 1, ""e"": 1, ""kind"": ""2-cyclic-odd"", ""p"": 2}, {""canonical_t"": 3, ""e"": 1, ""kind"": ""odd-cyclic"", ""legendre"": -1, ""p"": 31}]",CLOSED_EXACT_CYCLIC_PRESENTATION
62,19,7,15,"[{""brown_mod8"": 3, ""canonical_t"": 3, ""e"": 1, ""kind"": ""2-cyclic-odd"", ""p"": 2}, {""canonical_t"": 1, ""e"": 1, ""kind"": ""odd-cyclic"", ""legendre"": 1, ""p"": 31}]",CLOSED_EXACT_CYCLIC_PRESENTATION
62,21,13,15,"[{""brown_mod8"": 1, ""canonical_t"": 1, ""e"": 1, ""kind"": ""2-cyclic-odd"", ""p"": 2}, {""canonical_t"": 3, ""e"": 1, ""kind"": ""odd-cyclic"", ""legendre"": -1, ""p"": 31}]",CLOSED_EXACT_CYCLIC_PRESENTATION
62,23,3,15,"[{""brown_mod8"": 3, ""canonical_t"": 3, ""e"": 1, ""kind"": ""2-cyclic-odd"", ""p"": 2}, {""canonical_t"": 3, ""e"": 1, ""kind"": ""odd-cyclic"", ""legendre"": -1, ""p"": 31}]",CLOSED_EXACT_CYCLIC_PRESENTATION
62,25,1,15,"[{""brown_mod8"": 1, ""canonical_t"": 1, ""e"": 1, ""kind"": ""2-cyclic-odd"", ""p"": 2}, {""canonical_t"": 1, ""e"": 1, ""kind"": ""odd-cyclic"", ""legendre"": 1, ""p"": 31}]",CLOSED_EXACT_CYCLIC_PRESENTATION
62,27,3,15,"[{""brown_mod8"": 3, ""canonical_t"": 3, ""e"": 1, ""kind"": ""2-cyclic-odd"", ""p"": 2}, {""canonical_t"": 3, ""e"": 1, ""kind"": ""odd-cyclic"", ""legendre"": -1, ""p"": 31}]",CLOSED_EXACT_CYCLIC_PRESENTATION
62,29,13,15,"[{""brown_mod8"": 1, ""canonical_t"": 1, ""e"": 1, ""kind"": ""2-cyclic-odd"", ""p"": 2}, {""canonical_t"": 3, ""e"": 1, ""kind"": ""odd-cyclic"", ""legendre"": -1, ""p"": 31}]",CLOSED_EXACT_CYCLIC_PRESENTATION
62,33,1,15,"[{""brown_mod8"": 1, ""canonical_t"": 1, ""e"": 1, ""kind"": ""2-cyclic-odd"", ""p"": 2}, {""canonical_t"": 1, ""e"": 1, ""kind"": ""odd-cyclic"", ""legendre"": 1, ""p"": 31}]",CLOSED_EXACT_CYCLIC_PRESENTATION
62,35,7,15,"[{""brown_mod8"": 3, ""canonical_t"": 3, ""e"": 1, ""kind"": ""2-cyclic-odd"", ""p"": 2}, {""canonical_t"": 1, ""e"": 1, ""kind"": ""odd-cyclic"", ""legendre"": 1, ""p"": 31}]",CLOSED_EXACT_CYCLIC_PRESENTATION
62,37,13,15,"[{""brown_mod8"": 1, ""canonical_t"": 1, ""e"": 1, ""kind"": ""2-cyclic-odd"", ""p"": 2}, {""canonical_t"": 3, ""e"": 1, ""kind"": ""odd-cyclic"", ""legendre"": -1, ""p"": 31}]",CLOSED_EXACT_CYCLIC_PRESENTATION
62,39,7,15,"[{""brown_mod8"": 3, ""canonical_t"": 3, ""e"": 1, ""kind"": ""2-cyclic-odd"", ""p"": 2}, {""canonical_t"": 1, ""e"": 1, ""kind"": ""odd-cyclic"", ""legendre"": 1, ""p"": 31}]",CLOSED_EXACT_CYCLIC_PRESENTATION
62,41,1,15,"[{""brown_mod8"": 1, ""canonical_t"": 1, ""e"": 1, ""kind"": ""2-cyclic-odd"", ""p"": 2}, {""canonical_t"": 1, ""e"": 1, ""kind"": ""odd-cyclic"", ""legendre"": 1, ""p"": 31}]",CLOSED_EXACT_CYCLIC_PRESENTATION
62,43,3,15,"[{""brown_mod8"": 3, ""canonical_t"": 3, ""e"": 1, ""kind"": ""2-cyclic-odd"", ""p"": 2}, {""canonical_t"": 3, ""e"": 1, ""kind"": ""odd-cyclic"", ""legendre"": -1, ""p"": 31}]",CLOSED_EXACT_CYCLIC_PRESENTATION
62,45,1,15,"[{""brown_mod8"": 1, ""canonical_t"": 1, ""e"": 1, ""kind"": ""2-cyclic-odd"", ""p"": 2}, {""canonical_t"": 1, ""e"": 1, ""kind"": ""odd-cyclic"", ""legendre"": 1, ""p"": 31}]",CLOSED_EXACT_CYCLIC_PRESENTATION
62,47,7,15,"[{""brown_mod8"": 3, ""canonical_t"": 3, ""e"": 1, ""kind"": ""2-cyclic-odd"", ""p"": 2}, {""canonical_t"": 1, ""e"": 1, ""kind"": ""odd-cyclic"", ""legendre"": 1, ""p"": 31}]",CLOSED_EXACT_CYCLIC_PRESENTATION
62,49,1,15,"[{""brown_mod8"": 1, ""canonical_t"": 1, ""e"": 1, ""kind"": ""2-cyclic-odd"", ""p"": 2}, {""canonical_t"": 1, ""e"": 1, ""kind"": ""odd-cyclic"", ""legendre"": 1, ""p"": 31}]",CLOSED_EXACT_CYCLIC_PRESENTATION
62,51,7,15,"[{""brown_mod8"": 3, ""canonical_t"": 3, ""e"": 1, ""kind"": ""2-cyclic-odd"", ""p"": 2}, {""canonical_t"": 1, ""e"": 1, ""kind"": ""odd-cyclic"", ""legendre"": 1, ""p"": 31}]",CLOSED_EXACT_CYCLIC_PRESENTATION
62,53,13,15,"[{""brown_mod8"": 1, ""canonical_t"": 1, ""e"": 1, ""kind"": ""2-cyclic-odd"", ""p"": 2}, {""canonical_t"": 3, ""e"": 1, ""kind"": ""odd-cyclic"", ""legendre"": -1, ""p"": 31}]",CLOSED_EXACT_CYCLIC_PRESENTATION
62,55,3,15,"[{""brown_mod8"": 3, ""canonical_t"": 3, ""e"": 1, ""kind"": ""2-cyclic-odd"", ""p"": 2}, {""canonical_t"": 3, ""e"": 1, ""kind"": ""odd-cyclic"", ""legendre"": -1, ""p"": 31}]",CLOSED_EXACT_CYCLIC_PRESENTATION
62,57,13,15,"[{""brown_mod8"": 1, ""canonical_t"": 1, ""e"": 1, ""kind"": ""2-cyclic-odd"", ""p"": 2}, {""canonical_t"": 3, ""e"": 1, ""kind"": ""odd-cyclic"", ""legendre"": -1, ""p"": 31}]",CLOSED_EXACT_CYCLIC_PRESENTATION
62,59,7,15,"[{""brown_mod8"": 3, ""canonical_t"": 3, ""e"": 1, ""kind"": ""2-cyclic-odd"", ""p"": 2}, {""canonical_t"": 1, ""e"": 1, ""kind"": ""odd-cyclic"", ""legendre"": 1, ""p"": 31}]",CLOSED_EXACT_CYCLIC_PRESENTATION
62,61,13,15,"[{""brown_mod8"": 1, ""canonical_t"": 1, ""e"": 1, ""kind"": ""2-cyclic-odd"", ""p"": 2}, {""canonical_t"": 3, ""e"": 1, ""kind"": ""odd-cyclic"", ""legendre"": -1, ""p"": 31}]",CLOSED_EXACT_CYCLIC_PRESENTATION
62,63,7,15,"[{""brown_mod8"": 3, ""canonical_t"": 3, ""e"": 1, ""kind"": ""2-cyclic-odd"", ""p"": 2}, {""canonical_t"": 1, ""e"": 1, ""kind"": ""odd-cyclic"", ""legendre"": 1, ""p"": 31}]",CLOSED_EXACT_CYCLIC_PRESENTATION
62,65,13,15,"[{""brown_mod8"": 1, ""canonical_t"": 1, ""e"": 1, ""kind"": ""2-cyclic-odd"", ""p"": 2}, {""canonical_t"": 3, ""e"": 1, ""kind"": ""odd-cyclic"", ""legendre"": -1, ""p"": 31}]",CLOSED_EXACT_CYCLIC_PRESENTATION
62,67,7,15,"[{""brown_mod8"": 3, ""canonical_t"": 3, ""e"": 1, ""kind"": ""2-cyclic-odd"", ""p"": 2}, {""canonical_t"": 1, ""e"": 1, ""kind"": ""odd-cyclic"", ""legendre"": 1, ""p"": 31}]",CLOSED_EXACT_CYCLIC_PRESENTATION
62,69,1,15,"[{""brown_mod8"": 1, ""canonical_t"": 1, ""e"": 1, ""kind"": ""2-cyclic-odd"", ""p"": 2}, {""canonical_t"": 1, ""e"": 1, ""kind"": ""odd-cyclic"", ""legendre"": 1, ""p"": 31}]",CLOSED_EXACT_CYCLIC_PRESENTATION
62,71,7,15,"[{""brown_mod8"": 3, ""canonical_t"": 3, ""e"": 1, ""kind"": ""2-cyclic-odd"", ""p"": 2}, {""canonical_t"": 1, ""e"": 1, ""kind"": ""odd-cyclic"", ""legendre"": 1, ""p"": 31}]",CLOSED_EXACT_CYCLIC_PRESENTATION
62,73,13,15,"[{""brown_mod8"": 1, ""canonical_t"": 1, ""e"": 1, ""kind"": ""2-cyclic-odd"", ""p"": 2}, {""canonical_t"": 3, ""e"": 1, ""kind"": ""odd-cyclic"", ""legendre"": -1, ""p"": 31}]",CLOSED_EXACT_CYCLIC_PRESENTATION
62,75,3,15,"[{""brown_mod8"": 3, ""canonical_t"": 3, ""e"": 1, ""kind"": ""2-cyclic-odd"", ""p"": 2}, {""canonical_t"": 3, ""e"": 1, ""kind"": ""odd-cyclic"", ""legendre"": -1, ""p"": 31}]",CLOSED_EXACT_CYCLIC_PRESENTATION
62,77,13,15,"[{""brown_mod8"": 1, ""canonical_t"": 1, ""e"": 1, ""kind"": ""2-cyclic-odd"", ""p"": 2}, {""canonical_t"": 3, ""e"": 1, ""kind"": ""odd-cyclic"", ""legendre"": -1, ""p"": 31}]",CLOSED_EXACT_CYCLIC_PRESENTATION
62,79,3,15,"[{""brown_mod8"": 3, ""canonical_t"": 3, ""e"": 1, ""kind"": ""2-cyclic-odd"", ""p"": 2}, {""canonical_t"": 3, ""e"": 1, ""kind"": ""odd-cyclic"", ""legendre"": -1, ""p"": 31}]",CLOSED_EXACT_CYCLIC_PRESENTATION
62,81,1,15,"[{""brown_mod8"": 1, ""canonical_t"": 1, ""e"": 1, ""kind"": ""2-cyclic-odd"", ""p"": 2}, {""canonical_t"": 1, ""e"": 1, ""kind"": ""odd-cyclic"", ""legendre"": 1, ""p"": 31}]",CLOSED_EXACT_CYCLIC_PRESENTATION
62,83,3,15,"[{""brown_mod8"": 3, ""canonical_t"": 3, ""e"": 1, ""kind"": ""2-cyclic-odd"", ""p"": 2}, {""canonical_t"": 3, ""e"": 1, ""kind"": ""odd-cyclic"", ""legendre"": -1, ""p"": 31}]",CLOSED_EXACT_CYCLIC_PRESENTATION
62,85,13,15,"[{""brown_mod8"": 1, ""canonical_t"": 1, ""e"": 1, ""kind"": ""2-cyclic-odd"", ""p"": 2}, {""canonical_t"": 3, ""e"": 1, ""kind"": ""odd-cyclic"", ""legendre"": -1, ""p"": 31}]",CLOSED_EXACT_CYCLIC_PRESENTATION
62,87,7,15,"[{""brown_mod8"": 3, ""canonical_t"": 3, ""e"": 1, ""kind"": ""2-cyclic-odd"", ""p"": 2}, {""canonical_t"": 1, ""e"": 1, ""kind"": ""odd-cyclic"", ""legendre"": 1, ""p"": 31}]",CLOSED_EXACT_CYCLIC_PRESENTATION
62,89,13,15,"[{""brown_mod8"": 1, ""canonical_t"": 1, ""e"": 1, ""kind"": ""2-cyclic-odd"", ""p"": 2}, {""canonical_t"": 3, ""e"": 1, ""kind"": ""odd-cyclic"", ""legendre"": -1, ""p"": 31}]",CLOSED_EXACT_CYCLIC_PRESENTATION
62,91,3,15,"[{""brown_mod8"": 3, ""canonical_t"": 3, ""e"": 1, ""kind"": ""2-cyclic-odd"", ""p"": 2}, {""canonical_t"": 3, ""e"": 1, ""kind"": ""odd-cyclic"", ""legendre"": -1, ""p"": 31}]",CLOSED_EXACT_CYCLIC_PRESENTATION
62,95,7,15,"[{""brown_mod8"": 3, ""canonical_t"": 3, ""e"": 1, ""kind"": ""2-cyclic-odd"", ""p"": 2}, {""canonical_t"": 1, ""e"": 1, ""kind"": ""odd-cyclic"", ""legendre"": 1, ""p"": 31}]",CLOSED_EXACT_CYCLIC_PRESENTATION
62,97,1,15,"[{""brown_mod8"": 1, ""canonical_t"": 1, ""e"": 1, ""kind"": ""2-cyclic-odd"", ""p"": 2}, {""canonical_t"": 1, ""e"": 1, ""kind"": ""odd-cyclic"", ""legendre"": 1, ""p"": 31}]",CLOSED_EXACT_CYCLIC_PRESENTATION
62,99,3,15,"[{""brown_mod8"": 3, ""canonical_t"": 3, ""e"": 1, ""kind"": ""2-cyclic-odd"", ""p"": 2}, {""canonical_t"": 3, ""e"": 1, ""kind"": ""odd-cyclic"", ""legendre"": -1, ""p"": 31}]",CLOSED_EXACT_CYCLIC_PRESENTATION
62,101,1,15,"[{""brown_mod8"": 1, ""canonical_t"": 1, ""e"": 1, ""kind"": ""2-cyclic-odd"", ""p"": 2}, {""canonical_t"": 1, ""e"": 1, ""kind"": ""odd-cyclic"", ""legendre"": 1, ""p"": 31}]",CLOSED_EXACT_CYCLIC_PRESENTATION
62,103,7,15,"[{""brown_mod8"": 3, ""canonical_t"": 3, ""e"": 1, ""kind"": ""2-cyclic-odd"", ""p"": 2}, {""canonical_t"": 1, ""e"": 1, ""kind"": ""odd-cyclic"", ""legendre"": 1, ""p"": 31}]",CLOSED_EXACT_CYCLIC_PRESENTATION
62,105,13,15,"[{""brown_mod8"": 1, ""canonical_t"": 1, ""e"": 1, ""kind"": ""2-cyclic-odd"", ""p"": 2}, {""canonical_t"": 3, ""e"": 1, ""kind"": ""odd-cyclic"", ""legendre"": -1, ""p"": 31}]",CLOSED_EXACT_CYCLIC_PRESENTATION
62,107,7,15,"[{""brown_mod8"": 3, ""canonical_t"": 3, ""e"": 1, ""kind"": ""2-cyclic-odd"", ""p"": 2}, {""canonical_t"": 1, ""e"": 1, ""kind"": ""odd-cyclic"", ""legendre"": 1, ""p"": 31}]",CLOSED_EXACT_CYCLIC_PRESENTATION
62,109,1,15,"[{""brown_mod8"": 1, ""canonical_t"": 1, ""e"": 1, ""kind"": ""2-cyclic-odd"", ""p"": 2}, {""canonical_t"": 1, ""e"": 1, ""kind"": ""odd-cyclic"", ""legendre"": 1, ""p"": 31}]",CLOSED_EXACT_CYCLIC_PRESENTATION
62,111,7,15,"[{""brown_mod8"": 3, ""canonical_t"": 3, ""e"": 1, ""kind"": ""2-cyclic-odd"", ""p"": 2}, {""canonical_t"": 1, ""e"": 1, ""kind"": ""odd-cyclic"", ""legendre"": 1, ""p"": 31}]",CLOSED_EXACT_CYCLIC_PRESENTATION
62,113,1,15,"[{""brown_mod8"": 1, ""canonical_t"": 1, ""e"": 1, ""kind"": ""2-cyclic-odd"", ""p"": 2}, {""canonical_t"": 1, ""e"": 1, ""kind"": ""odd-cyclic"", ""legendre"": 1, ""p"": 31}]",CLOSED_EXACT_CYCLIC_PRESENTATION
62,115,3,15,"[{""brown_mod8"": 3, ""canonical_t"": 3, ""e"": 1, ""kind"": ""2-cyclic-odd"", ""p"": 2}, {""canonical_t"": 3, ""e"": 1, ""kind"": ""odd-cyclic"", ""legendre"": -1, ""p"": 31}]",CLOSED_EXACT_CYCLIC_PRESENTATION
62,117,13,15,"[{""brown_mod8"": 1, ""canonical_t"": 1, ""e"": 1, ""kind"": ""2-cyclic-odd"", ""p"": 2}, {""canonical_t"": 3, ""e"": 1, ""kind"": ""odd-cyclic"", ""legendre"": -1, ""p"": 31}]",CLOSED_EXACT_CYCLIC_PRESENTATION
62,119,3,15,"[{""brown_mod8"": 3, ""canonical_t"": 3, ""e"": 1, ""kind"": ""2-cyclic-odd"", ""p"": 2}, {""canonical_t"": 3, ""e"": 1, ""kind"": ""odd-cyclic"", ""legendre"": -1, ""p"": 31}]",CLOSED_EXACT_CYCLIC_PRESENTATION
62,121,1,15,"[{""brown_mod8"": 1, ""canonical_t"": 1, ""e"": 1, ""kind"": ""2-cyclic-odd"", ""p"": 2}, {""canonical_t"": 1, ""e"": 1, ""kind"": ""odd-cyclic"", ""legendre"": 1, ""p"": 31}]",CLOSED_EXACT_CYCLIC_PRESENTATION
62,123,3,15,"[{""brown_mod8"": 3, ""canonical_t"": 3, ""e"": 1, ""kind"": ""2-cyclic-odd"", ""p"": 2}, {""canonical_t"": 3, ""e"": 1, ""kind"": ""odd-cyclic"", ""legendre"": -1, ""p"": 31}]",CLOSED_EXACT_CYCLIC_PRESENTATION
63,1,1,9,"[{""canonical_t"": 1, ""e"": 2, ""kind"": ""odd-cyclic"", ""legendre"": 1, ""p"": 3}, {""canonical_t"": 1, ""e"": 1, ""kind"": ""odd-cyclic"", ""legendre"": 1, ""p"": 7}]",CLOSED_EXACT_CYCLIC_PRESENTATION
63,5,5,9,"[{""canonical_t"": 2, ""e"": 2, ""kind"": ""odd-cyclic"", ""legendre"": -1, ""p"": 3}, {""canonical_t"": 3, ""e"": 1, ""kind"": ""odd-cyclic"", ""legendre"": -1, ""p"": 7}]",CLOSED_EXACT_CYCLIC_PRESENTATION
63,11,11,9,"[{""canonical_t"": 2, ""e"": 2, ""kind"": ""odd-cyclic"", ""legendre"": -1, ""p"": 3}, {""canonical_t"": 1, ""e"": 1, ""kind"": ""odd-cyclic"", ""legendre"": 1, ""p"": 7}]",CLOSED_EXACT_CYCLIC_PRESENTATION
63,13,13,9,"[{""canonical_t"": 1, ""e"": 2, ""kind"": ""odd-cyclic"", ""legendre"": 1, ""p"": 3}, {""canonical_t"": 3, ""e"": 1, ""kind"": ""odd-cyclic"", ""legendre"": -1, ""p"": 7}]",CLOSED_EXACT_CYCLIC_PRESENTATION
63,17,5,9,"[{""canonical_t"": 2, ""e"": 2, ""kind"": ""odd-cyclic"", ""legendre"": -1, ""p"": 3}, {""canonical_t"": 3, ""e"": 1, ""kind"": ""odd-cyclic"", ""legendre"": -1, ""p"": 7}]",CLOSED_EXACT_CYCLIC_PRESENTATION
63,19,13,9,"[{""canonical_t"": 1, ""e"": 2, ""kind"": ""odd-cyclic"", ""legendre"": 1, ""p"": 3}, {""canonical_t"": 3, ""e"": 1, ""kind"": ""odd-cyclic"", ""legendre"": -1, ""p"": 7}]",CLOSED_EXACT_CYCLIC_PRESENTATION
63,23,11,9,"[{""canonical_t"": 2, ""e"": 2, ""kind"": ""odd-cyclic"", ""legendre"": -1, ""p"": 3}, {""canonical_t"": 1, ""e"": 1, ""kind"": ""odd-cyclic"", ""legendre"": 1, ""p"": 7}]",CLOSED_EXACT_CYCLIC_PRESENTATION
63,25,1,9,"[{""canonical_t"": 1, ""e"": 2, ""kind"": ""odd-cyclic"", ""legendre"": 1, ""p"": 3}, {""canonical_t"": 1, ""e"": 1, ""kind"": ""odd-cyclic"", ""legendre"": 1, ""p"": 7}]",CLOSED_EXACT_CYCLIC_PRESENTATION
63,29,11,9,"[{""canonical_t"": 2, ""e"": 2, ""kind"": ""odd-cyclic"", ""legendre"": -1, ""p"": 3}, {""canonical_t"": 1, ""e"": 1, ""kind"": ""odd-cyclic"", ""legendre"": 1, ""p"": 7}]",CLOSED_EXACT_CYCLIC_PRESENTATION
63,31,13,9,"[{""canonical_t"": 1, ""e"": 2, ""kind"": ""odd-cyclic"", ""legendre"": 1, ""p"": 3}, {""canonical_t"": 3, ""e"": 1, ""kind"": ""odd-cyclic"", ""legendre"": -1, ""p"": 7}]",CLOSED_EXACT_CYCLIC_PRESENTATION
63,37,1,9,"[{""canonical_t"": 1, ""e"": 2, ""kind"": ""odd-cyclic"", ""legendre"": 1, ""p"": 3}, {""canonical_t"": 1, ""e"": 1, ""kind"": ""odd-cyclic"", ""legendre"": 1, ""p"": 7}]",CLOSED_EXACT_CYCLIC_PRESENTATION
63,41,5,9,"[{""canonical_t"": 2, ""e"": 2, ""kind"": ""odd-cyclic"", ""legendre"": -1, ""p"": 3}, {""canonical_t"": 3, ""e"": 1, ""kind"": ""odd-cyclic"", ""legendre"": -1, ""p"": 7}]",CLOSED_EXACT_CYCLIC_PRESENTATION
63,43,1,9,"[{""canonical_t"": 1, ""e"": 2, ""kind"": ""odd-cyclic"", ""legendre"": 1, ""p"": 3}, {""canonical_t"": 1, ""e"": 1, ""kind"": ""odd-cyclic"", ""legendre"": 1, ""p"": 7}]",CLOSED_EXACT_CYCLIC_PRESENTATION
63,47,5,9,"[{""canonical_t"": 2, ""e"": 2, ""kind"": ""odd-cyclic"", ""legendre"": -1, ""p"": 3}, {""canonical_t"": 3, ""e"": 1, ""kind"": ""odd-cyclic"", ""legendre"": -1, ""p"": 7}]",CLOSED_EXACT_CYCLIC_PRESENTATION
63,53,11,9,"[{""canonical_t"": 2, ""e"": 2, ""kind"": ""odd-cyclic"", ""legendre"": -1, ""p"": 3}, {""canonical_t"": 1, ""e"": 1, ""kind"": ""odd-cyclic"", ""legendre"": 1, ""p"": 7}]",CLOSED_EXACT_CYCLIC_PRESENTATION
63,55,13,9,"[{""canonical_t"": 1, ""e"": 2, ""kind"": ""odd-cyclic"", ""legendre"": 1, ""p"": 3}, {""canonical_t"": 3, ""e"": 1, ""kind"": ""odd-cyclic"", ""legendre"": -1, ""p"": 7}]",CLOSED_EXACT_CYCLIC_PRESENTATION
63,59,5,9,"[{""canonical_t"": 2, ""e"": 2, ""kind"": ""odd-cyclic"", ""legendre"": -1, ""p"": 3}, {""canonical_t"": 3, ""e"": 1, ""kind"": ""odd-cyclic"", ""legendre"": -1, ""p"": 7}]",CLOSED_EXACT_CYCLIC_PRESENTATION
63,61,13,9,"[{""canonical_t"": 1, ""e"": 2, ""kind"": ""odd-cyclic"", ""legendre"": 1, ""p"": 3}, {""canonical_t"": 3, ""e"": 1, ""kind"": ""odd-cyclic"", ""legendre"": -1, ""p"": 7}]",CLOSED_EXACT_CYCLIC_PRESENTATION
63,65,11,9,"[{""canonical_t"": 2, ""e"": 2, ""kind"": ""odd-cyclic"", ""legendre"": -1, ""p"": 3}, {""canonical_t"": 1, ""e"": 1, ""kind"": ""odd-cyclic"", ""legendre"": 1, ""p"": 7}]",CLOSED_EXACT_CYCLIC_PRESENTATION
63,67,1,9,"[{""canonical_t"": 1, ""e"": 2, ""kind"": ""odd-cyclic"", ""legendre"": 1, ""p"": 3}, {""canonical_t"": 1, ""e"": 1, ""kind"": ""odd-cyclic"", ""legendre"": 1, ""p"": 7}]",CLOSED_EXACT_CYCLIC_PRESENTATION
63,71,11,9,"[{""canonical_t"": 2, ""e"": 2, ""kind"": ""odd-cyclic"", ""legendre"": -1, ""p"": 3}, {""canonical_t"": 1, ""e"": 1, ""kind"": ""odd-cyclic"", ""legendre"": 1, ""p"": 7}]",CLOSED_EXACT_CYCLIC_PRESENTATION
63,73,13,9,"[{""canonical_t"": 1, ""e"": 2, ""kind"": ""odd-cyclic"", ""legendre"": 1, ""p"": 3}, {""canonical_t"": 3, ""e"": 1, ""kind"": ""odd-cyclic"", ""legendre"": -1, ""p"": 7}]",CLOSED_EXACT_CYCLIC_PRESENTATION
63,79,1,9,"[{""canonical_t"": 1, ""e"": 2, ""kind"": ""odd-cyclic"", ""legendre"": 1, ""p"": 3}, {""canonical_t"": 1, ""e"": 1, ""kind"": ""odd-cyclic"", ""legendre"": 1, ""p"": 7}]",CLOSED_EXACT_CYCLIC_PRESENTATION
63,83,5,9,"[{""canonical_t"": 2, ""e"": 2, ""kind"": ""odd-cyclic"", ""legendre"": -1, ""p"": 3}, {""canonical_t"": 3, ""e"": 1, ""kind"": ""odd-cyclic"", ""legendre"": -1, ""p"": 7}]",CLOSED_EXACT_CYCLIC_PRESENTATION
63,85,1,9,"[{""canonical_t"": 1, ""e"": 2, ""kind"": ""odd-cyclic"", ""legendre"": 1, ""p"": 3}, {""canonical_t"": 1, ""e"": 1, ""kind"": ""odd-cyclic"", ""legendre"": 1, ""p"": 7}]",CLOSED_EXACT_CYCLIC_PRESENTATION
63,89,5,9,"[{""canonical_t"": 2, ""e"": 2, ""kind"": ""odd-cyclic"", ""legendre"": -1, ""p"": 3}, {""canonical_t"": 3, ""e"": 1, ""kind"": ""odd-cyclic"", ""legendre"": -1, ""p"": 7}]",CLOSED_EXACT_CYCLIC_PRESENTATION
63,95,11,9,"[{""canonical_t"": 2, ""e"": 2, ""kind"": ""odd-cyclic"", ""legendre"": -1, ""p"": 3}, {""canonical_t"": 1, ""e"": 1, ""kind"": ""odd-cyclic"", ""legendre"": 1, ""p"": 7}]",CLOSED_EXACT_CYCLIC_PRESENTATION
63,97,13,9,"[{""canonical_t"": 1, ""e"": 2, ""kind"": ""odd-cyclic"", ""legendre"": 1, ""p"": 3}, {""canonical_t"": 3, ""e"": 1, ""kind"": ""odd-cyclic"", ""legendre"": -1, ""p"": 7}]",CLOSED_EXACT_CYCLIC_PRESENTATION
63,101,5,9,"[{""canonical_t"": 2, ""e"": 2, ""kind"": ""odd-cyclic"", ""legendre"": -1, ""p"": 3}, {""canonical_t"": 3, ""e"": 1, ""kind"": ""odd-cyclic"", ""legendre"": -1, ""p"": 7}]",CLOSED_EXACT_CYCLIC_PRESENTATION
63,103,13,9,"[{""canonical_t"": 1, ""e"": 2, ""kind"": ""odd-cyclic"", ""legendre"": 1, ""p"": 3}, {""canonical_t"": 3, ""e"": 1, ""kind"": ""odd-cyclic"", ""legendre"": -1, ""p"": 7}]",CLOSED_EXACT_CYCLIC_PRESENTATION
63,107,11,9,"[{""canonical_t"": 2, ""e"": 2, ""kind"": ""odd-cyclic"", ""legendre"": -1, ""p"": 3}, {""canonical_t"": 1, ""e"": 1, ""kind"": ""odd-cyclic"", ""legendre"": 1, ""p"": 7}]",CLOSED_EXACT_CYCLIC_PRESENTATION
63,109,1,9,"[{""canonical_t"": 1, ""e"": 2, ""kind"": ""odd-cyclic"", ""legendre"": 1, ""p"": 3}, {""canonical_t"": 1, ""e"": 1, ""kind"": ""odd-cyclic"", ""legendre"": 1, ""p"": 7}]",CLOSED_EXACT_CYCLIC_PRESENTATION
63,113,11,9,"[{""canonical_t"": 2, ""e"": 2, ""kind"": ""odd-cyclic"", ""legendre"": -1, ""p"": 3}, {""canonical_t"": 1, ""e"": 1, ""kind"": ""odd-cyclic"", ""legendre"": 1, ""p"": 7}]",CLOSED_EXACT_CYCLIC_PRESENTATION
63,115,13,9,"[{""canonical_t"": 1, ""e"": 2, ""kind"": ""odd-cyclic"", ""legendre"": 1, ""p"": 3}, {""canonical_t"": 3, ""e"": 1, ""kind"": ""odd-cyclic"", ""legendre"": -1, ""p"": 7}]",CLOSED_EXACT_CYCLIC_PRESENTATION
63,121,1,9,"[{""canonical_t"": 1, ""e"": 2, ""kind"": ""odd-cyclic"", ""legendre"": 1, ""p"": 3}, {""canonical_t"": 1, ""e"": 1, ""kind"": ""odd-cyclic"", ""legendre"": 1, ""p"": 7}]",CLOSED_EXACT_CYCLIC_PRESENTATION
63,125,5,9,"[{""canonical_t"": 2, ""e"": 2, ""kind"": ""odd-cyclic"", ""legendre"": -1, ""p"": 3}, {""canonical_t"": 3, ""e"": 1, ""kind"": ""odd-cyclic"", ""legendre"": -1, ""p"": 7}]",CLOSED_EXACT_CYCLIC_PRESENTATION
64,1,1,16,"[{""brown_mod8"": 1, ""canonical_t"": 1, ""e"": 6, ""kind"": ""2-cyclic-odd"", ""p"": 2}]",CLOSED_EXACT_CYCLIC_PRESENTATION
64,3,3,16,"[{""brown_mod8"": 3, ""canonical_t"": 3, ""e"": 6, ""kind"": ""2-cyclic-odd"", ""p"": 2}]",CLOSED_EXACT_CYCLIC_PRESENTATION
64,5,5,16,"[{""brown_mod8"": 5, ""canonical_t"": 5, ""e"": 6, ""kind"": ""2-cyclic-odd"", ""p"": 2}]",CLOSED_EXACT_CYCLIC_PRESENTATION
64,7,7,16,"[{""brown_mod8"": 7, ""canonical_t"": 7, ""e"": 6, ""kind"": ""2-cyclic-odd"", ""p"": 2}]",CLOSED_EXACT_CYCLIC_PRESENTATION
64,9,1,16,"[{""brown_mod8"": 1, ""canonical_t"": 1, ""e"": 6, ""kind"": ""2-cyclic-odd"", ""p"": 2}]",CLOSED_EXACT_CYCLIC_PRESENTATION
64,11,3,16,"[{""brown_mod8"": 3, ""canonical_t"": 3, ""e"": 6, ""kind"": ""2-cyclic-odd"", ""p"": 2}]",CLOSED_EXACT_CYCLIC_PRESENTATION
64,13,5,16,"[{""brown_mod8"": 5, ""canonical_t"": 5, ""e"": 6, ""kind"": ""2-cyclic-odd"", ""p"": 2}]",CLOSED_EXACT_CYCLIC_PRESENTATION
64,15,7,16,"[{""brown_mod8"": 7, ""canonical_t"": 7, ""e"": 6, ""kind"": ""2-cyclic-odd"", ""p"": 2}]",CLOSED_EXACT_CYCLIC_PRESENTATION
64,17,1,16,"[{""brown_mod8"": 1, ""canonical_t"": 1, ""e"": 6, ""kind"": ""2-cyclic-odd"", ""p"": 2}]",CLOSED_EXACT_CYCLIC_PRESENTATION
64,19,3,16,"[{""brown_mod8"": 3, ""canonical_t"": 3, ""e"": 6, ""kind"": ""2-cyclic-odd"", ""p"": 2}]",CLOSED_EXACT_CYCLIC_PRESENTATION
64,21,5,16,"[{""brown_mod8"": 5, ""canonical_t"": 5, ""e"": 6, ""kind"": ""2-cyclic-odd"", ""p"": 2}]",CLOSED_EXACT_CYCLIC_PRESENTATION
64,23,7,16,"[{""brown_mod8"": 7, ""canonical_t"": 7, ""e"": 6, ""kind"": ""2-cyclic-odd"", ""p"": 2}]",CLOSED_EXACT_CYCLIC_PRESENTATION
64,25,1,16,"[{""brown_mod8"": 1, ""canonical_t"": 1, ""e"": 6, ""kind"": ""2-cyclic-odd"", ""p"": 2}]",CLOSED_EXACT_CYCLIC_PRESENTATION
64,27,3,16,"[{""brown_mod8"": 3, ""canonical_t"": 3, ""e"": 6, ""kind"": ""2-cyclic-odd"", ""p"": 2}]",CLOSED_EXACT_CYCLIC_PRESENTATION
64,29,5,16,"[{""brown_mod8"": 5, ""canonical_t"": 5, ""e"": 6, ""kind"": ""2-cyclic-odd"", ""p"": 2}]",CLOSED_EXACT_CYCLIC_PRESENTATION
64,31,7,16,"[{""brown_mod8"": 7, ""canonical_t"": 7, ""e"": 6, ""kind"": ""2-cyclic-odd"", ""p"": 2}]",CLOSED_EXACT_CYCLIC_PRESENTATION
64,33,1,16,"[{""brown_mod8"": 1, ""canonical_t"": 1, ""e"": 6, ""kind"": ""2-cyclic-odd"", ""p"": 2}]",CLOSED_EXACT_CYCLIC_PRESENTATION
64,35,3,16,"[{""brown_mod8"": 3, ""canonical_t"": 3, ""e"": 6, ""kind"": ""2-cyclic-odd"", ""p"": 2}]",CLOSED_EXACT_CYCLIC_PRESENTATION
64,37,5,16,"[{""brown_mod8"": 5, ""canonical_t"": 5, ""e"": 6, ""kind"": ""2-cyclic-odd"", ""p"": 2}]",CLOSED_EXACT_CYCLIC_PRESENTATION
64,39,7,16,"[{""brown_mod8"": 7, ""canonical_t"": 7, ""e"": 6, ""kind"": ""2-cyclic-odd"", ""p"": 2}]",CLOSED_EXACT_CYCLIC_PRESENTATION
64,41,1,16,"[{""brown_mod8"": 1, ""canonical_t"": 1, ""e"": 6, ""kind"": ""2-cyclic-odd"", ""p"": 2}]",CLOSED_EXACT_CYCLIC_PRESENTATION
64,43,3,16,"[{""brown_mod8"": 3, ""canonical_t"": 3, ""e"": 6, ""kind"": ""2-cyclic-odd"", ""p"": 2}]",CLOSED_EXACT_CYCLIC_PRESENTATION
64,45,5,16,"[{""brown_mod8"": 5, ""canonical_t"": 5, ""e"": 6, ""kind"": ""2-cyclic-odd"", ""p"": 2}]",CLOSED_EXACT_CYCLIC_PRESENTATION
64,47,7,16,"[{""brown_mod8"": 7, ""canonical_t"": 7, ""e"": 6, ""kind"": ""2-cyclic-odd"", ""p"": 2}]",CLOSED_EXACT_CYCLIC_PRESENTATION
64,49,1,16,"[{""brown_mod8"": 1, ""canonical_t"": 1, ""e"": 6, ""kind"": ""2-cyclic-odd"", ""p"": 2}]",CLOSED_EXACT_CYCLIC_PRESENTATION
64,51,3,16,"[{""brown_mod8"": 3, ""canonical_t"": 3, ""e"": 6, ""kind"": ""2-cyclic-odd"", ""p"": 2}]",CLOSED_EXACT_CYCLIC_PRESENTATION
64,53,5,16,"[{""brown_mod8"": 5, ""canonical_t"": 5, ""e"": 6, ""kind"": ""2-cyclic-odd"", ""p"": 2}]",CLOSED_EXACT_CYCLIC_PRESENTATION
64,55,7,16,"[{""brown_mod8"": 7, ""canonical_t"": 7, ""e"": 6, ""kind"": ""2-cyclic-odd"", ""p"": 2}]",CLOSED_EXACT_CYCLIC_PRESENTATION
64,57,1,16,"[{""brown_mod8"": 1, ""canonical_t"": 1, ""e"": 6, ""kind"": ""2-cyclic-odd"", ""p"": 2}]",CLOSED_EXACT_CYCLIC_PRESENTATION
64,59,3,16,"[{""brown_mod8"": 3, ""canonical_t"": 3, ""e"": 6, ""kind"": ""2-cyclic-odd"", ""p"": 2}]",CLOSED_EXACT_CYCLIC_PRESENTATION
64,61,5,16,"[{""brown_mod8"": 5, ""canonical_t"": 5, ""e"": 6, ""kind"": ""2-cyclic-odd"", ""p"": 2}]",CLOSED_EXACT_CYCLIC_PRESENTATION
64,63,7,16,"[{""brown_mod8"": 7, ""canonical_t"": 7, ""e"": 6, ""kind"": ""2-cyclic-odd"", ""p"": 2}]",CLOSED_EXACT_CYCLIC_PRESENTATION
64,65,1,16,"[{""brown_mod8"": 1, ""canonical_t"": 1, ""e"": 6, ""kind"": ""2-cyclic-odd"", ""p"": 2}]",CLOSED_EXACT_CYCLIC_PRESENTATION
64,67,3,16,"[{""brown_mod8"": 3, ""canonical_t"": 3, ""e"": 6, ""kind"": ""2-cyclic-odd"", ""p"": 2}]",CLOSED_EXACT_CYCLIC_PRESENTATION
64,69,5,16,"[{""brown_mod8"": 5, ""canonical_t"": 5, ""e"": 6, ""kind"": ""2-cyclic-odd"", ""p"": 2}]",CLOSED_EXACT_CYCLIC_PRESENTATION
64,71,7,16,"[{""brown_mod8"": 7, ""canonical_t"": 7, ""e"": 6, ""kind"": ""2-cyclic-odd"", ""p"": 2}]",CLOSED_EXACT_CYCLIC_PRESENTATION
64,73,1,16,"[{""brown_mod8"": 1, ""canonical_t"": 1, ""e"": 6, ""kind"": ""2-cyclic-odd"", ""p"": 2}]",CLOSED_EXACT_CYCLIC_PRESENTATION
64,75,3,16,"[{""brown_mod8"": 3, ""canonical_t"": 3, ""e"": 6, ""kind"": ""2-cyclic-odd"", ""p"": 2}]",CLOSED_EXACT_CYCLIC_PRESENTATION
64,77,5,16,"[{""brown_mod8"": 5, ""canonical_t"": 5, ""e"": 6, ""kind"": ""2-cyclic-odd"", ""p"": 2}]",CLOSED_EXACT_CYCLIC_PRESENTATION
64,79,7,16,"[{""brown_mod8"": 7, ""canonical_t"": 7, ""e"": 6, ""kind"": ""2-cyclic-odd"", ""p"": 2}]",CLOSED_EXACT_CYCLIC_PRESENTATION
64,81,1,16,"[{""brown_mod8"": 1, ""canonical_t"": 1, ""e"": 6, ""kind"": ""2-cyclic-odd"", ""p"": 2}]",CLOSED_EXACT_CYCLIC_PRESENTATION
64,83,3,16,"[{""brown_mod8"": 3, ""canonical_t"": 3, ""e"": 6, ""kind"": ""2-cyclic-odd"", ""p"": 2}]",CLOSED_EXACT_CYCLIC_PRESENTATION
64,85,5,16,"[{""brown_mod8"": 5, ""canonical_t"": 5, ""e"": 6, ""kind"": ""2-cyclic-odd"", ""p"": 2}]",CLOSED_EXACT_CYCLIC_PRESENTATION
64,87,7,16,"[{""brown_mod8"": 7, ""canonical_t"": 7, ""e"": 6, ""kind"": ""2-cyclic-odd"", ""p"": 2}]",CLOSED_EXACT_CYCLIC_PRESENTATION
64,89,1,16,"[{""brown_mod8"": 1, ""canonical_t"": 1, ""e"": 6, ""kind"": ""2-cyclic-odd"", ""p"": 2}]",CLOSED_EXACT_CYCLIC_PRESENTATION
64,91,3,16,"[{""brown_mod8"": 3, ""canonical_t"": 3, ""e"": 6, ""kind"": ""2-cyclic-odd"", ""p"": 2}]",CLOSED_EXACT_CYCLIC_PRESENTATION
64,93,5,16,"[{""brown_mod8"": 5, ""canonical_t"": 5, ""e"": 6, ""kind"": ""2-cyclic-odd"", ""p"": 2}]",CLOSED_EXACT_CYCLIC_PRESENTATION
64,95,7,16,"[{""brown_mod8"": 7, ""canonical_t"": 7, ""e"": 6, ""kind"": ""2-cyclic-odd"", ""p"": 2}]",CLOSED_EXACT_CYCLIC_PRESENTATION
64,97,1,16,"[{""brown_mod8"": 1, ""canonical_t"": 1, ""e"": 6, ""kind"": ""2-cyclic-odd"", ""p"": 2}]",CLOSED_EXACT_CYCLIC_PRESENTATION
64,99,3,16,"[{""brown_mod8"": 3, ""canonical_t"": 3, ""e"": 6, ""kind"": ""2-cyclic-odd"", ""p"": 2}]",CLOSED_EXACT_CYCLIC_PRESENTATION
64,101,5,16,"[{""brown_mod8"": 5, ""canonical_t"": 5, ""e"": 6, ""kind"": ""2-cyclic-odd"", ""p"": 2}]",CLOSED_EXACT_CYCLIC_PRESENTATION
64,103,7,16,"[{""brown_mod8"": 7, ""canonical_t"": 7, ""e"": 6, ""kind"": ""2-cyclic-odd"", ""p"": 2}]",CLOSED_EXACT_CYCLIC_PRESENTATION
64,105,1,16,"[{""brown_mod8"": 1, ""canonical_t"": 1, ""e"": 6, ""kind"": ""2-cyclic-odd"", ""p"": 2}]",CLOSED_EXACT_CYCLIC_PRESENTATION
64,107,3,16,"[{""brown_mod8"": 3, ""canonical_t"": 3, ""e"": 6, ""kind"": ""2-cyclic-odd"", ""p"": 2}]",CLOSED_EXACT_CYCLIC_PRESENTATION
64,109,5,16,"[{""brown_mod8"": 5, ""canonical_t"": 5, ""e"": 6, ""kind"": ""2-cyclic-odd"", ""p"": 2}]",CLOSED_EXACT_CYCLIC_PRESENTATION
64,111,7,16,"[{""brown_mod8"": 7, ""canonical_t"": 7, ""e"": 6, ""kind"": ""2-cyclic-odd"", ""p"": 2}]",CLOSED_EXACT_CYCLIC_PRESENTATION
64,113,1,16,"[{""brown_mod8"": 1, ""canonical_t"": 1, ""e"": 6, ""kind"": ""2-cyclic-odd"", ""p"": 2}]",CLOSED_EXACT_CYCLIC_PRESENTATION
64,115,3,16,"[{""brown_mod8"": 3, ""canonical_t"": 3, ""e"": 6, ""kind"": ""2-cyclic-odd"", ""p"": 2}]",CLOSED_EXACT_CYCLIC_PRESENTATION
64,117,5,16,"[{""brown_mod8"": 5, ""canonical_t"": 5, ""e"": 6, ""kind"": ""2-cyclic-odd"", ""p"": 2}]",CLOSED_EXACT_CYCLIC_PRESENTATION
64,119,7,16,"[{""brown_mod8"": 7, ""canonical_t"": 7, ""e"": 6, ""kind"": ""2-cyclic-odd"", ""p"": 2}]",CLOSED_EXACT_CYCLIC_PRESENTATION
64,121,1,16,"[{""brown_mod8"": 1, ""canonical_t"": 1, ""e"": 6, ""kind"": ""2-cyclic-odd"", ""p"": 2}]",CLOSED_EXACT_CYCLIC_PRESENTATION
64,123,3,16,"[{""brown_mod8"": 3, ""canonical_t"": 3, ""e"": 6, ""kind"": ""2-cyclic-odd"", ""p"": 2}]",CLOSED_EXACT_CYCLIC_PRESENTATION
64,125,5,16,"[{""brown_mod8"": 5, ""canonical_t"": 5, ""e"": 6, ""kind"": ""2-cyclic-odd"", ""p"": 2}]",CLOSED_EXACT_CYCLIC_PRESENTATION
64,127,7,16,"[{""brown_mod8"": 7, ""canonical_t"": 7, ""e"": 6, ""kind"": ""2-cyclic-odd"", ""p"": 2}]",CLOSED_EXACT_CYCLIC_PRESENTATION
65,1,1,12,"[{""canonical_t"": 1, ""e"": 1, ""kind"": ""odd-cyclic"", ""legendre"": 1, ""p"": 5}, {""canonical_t"": 1, ""e"": 1, ""kind"": ""odd-cyclic"", ""legendre"": 1, ""p"": 13}]",CLOSED_EXACT_CYCLIC_PRESENTATION
65,3,3,12,"[{""canonical_t"": 2, ""e"": 1, ""kind"": ""odd-cyclic"", ""legendre"": -1, ""p"": 5}, {""canonical_t"": 1, ""e"": 1, ""kind"": ""odd-cyclic"", ""legendre"": 1, ""p"": 13}]",CLOSED_EXACT_CYCLIC_PRESENTATION
65,7,7,12,"[{""canonical_t"": 2, ""e"": 1, ""kind"": ""odd-cyclic"", ""legendre"": -1, ""p"": 5}, {""canonical_t"": 2, ""e"": 1, ""kind"": ""odd-cyclic"", ""legendre"": -1, ""p"": 13}]",CLOSED_EXACT_CYCLIC_PRESENTATION
65,9,1,12,"[{""canonical_t"": 1, ""e"": 1, ""kind"": ""odd-cyclic"", ""legendre"": 1, ""p"": 5}, {""canonical_t"": 1, ""e"": 1, ""kind"": ""odd-cyclic"", ""legendre"": 1, ""p"": 13}]",CLOSED_EXACT_CYCLIC_PRESENTATION
65,11,11,12,"[{""canonical_t"": 1, ""e"": 1, ""kind"": ""odd-cyclic"", ""legendre"": 1, ""p"": 5}, {""canonical_t"": 2, ""e"": 1, ""kind"": ""odd-cyclic"", ""legendre"": -1, ""p"": 13}]",CLOSED_EXACT_CYCLIC_PRESENTATION
65,17,3,12,"[{""canonical_t"": 2, ""e"": 1, ""kind"": ""odd-cyclic"", ""legendre"": -1, ""p"": 5}, {""canonical_t"": 1, ""e"": 1, ""kind"": ""odd-cyclic"", ""legendre"": 1, ""p"": 13}]",CLOSED_EXACT_CYCLIC_PRESENTATION
65,19,11,12,"[{""canonical_t"": 1, ""e"": 1, ""kind"": ""odd-cyclic"", ""legendre"": 1, ""p"": 5}, {""canonical_t"": 2, ""e"": 1, ""kind"": ""odd-cyclic"", ""legendre"": -1, ""p"": 13}]",CLOSED_EXACT_CYCLIC_PRESENTATION
65,21,11,12,"[{""canonical_t"": 1, ""e"": 1, ""kind"": ""odd-cyclic"", ""legendre"": 1, ""p"": 5}, {""canonical_t"": 2, ""e"": 1, ""kind"": ""odd-cyclic"", ""legendre"": -1, ""p"": 13}]",CLOSED_EXACT_CYCLIC_PRESENTATION
65,23,3,12,"[{""canonical_t"": 2, ""e"": 1, ""kind"": ""odd-cyclic"", ""legendre"": -1, ""p"": 5}, {""canonical_t"": 1, ""e"": 1, ""kind"": ""odd-cyclic"", ""legendre"": 1, ""p"": 13}]",CLOSED_EXACT_CYCLIC_PRESENTATION
65,27,3,12,"[{""canonical_t"": 2, ""e"": 1, ""kind"": ""odd-cyclic"", ""legendre"": -1, ""p"": 5}, {""canonical_t"": 1, ""e"": 1, ""kind"": ""odd-cyclic"", ""legendre"": 1, ""p"": 13}]",CLOSED_EXACT_CYCLIC_PRESENTATION
65,29,1,12,"[{""canonical_t"": 1, ""e"": 1, ""kind"": ""odd-cyclic"", ""legendre"": 1, ""p"": 5}, {""canonical_t"": 1, ""e"": 1, ""kind"": ""odd-cyclic"", ""legendre"": 1, ""p"": 13}]",CLOSED_EXACT_CYCLIC_PRESENTATION
65,31,11,12,"[{""canonical_t"": 1, ""e"": 1, ""kind"": ""odd-cyclic"", ""legendre"": 1, ""p"": 5}, {""canonical_t"": 2, ""e"": 1, ""kind"": ""odd-cyclic"", ""legendre"": -1, ""p"": 13}]",CLOSED_EXACT_CYCLIC_PRESENTATION
65,33,7,12,"[{""canonical_t"": 2, ""e"": 1, ""kind"": ""odd-cyclic"", ""legendre"": -1, ""p"": 5}, {""canonical_t"": 2, ""e"": 1, ""kind"": ""odd-cyclic"", ""legendre"": -1, ""p"": 13}]",CLOSED_EXACT_CYCLIC_PRESENTATION
65,37,7,12,"[{""canonical_t"": 2, ""e"": 1, ""kind"": ""odd-cyclic"", ""legendre"": -1, ""p"": 5}, {""canonical_t"": 2, ""e"": 1, ""kind"": ""odd-cyclic"", ""legendre"": -1, ""p"": 13}]",CLOSED_EXACT_CYCLIC_PRESENTATION
65,41,11,12,"[{""canonical_t"": 1, ""e"": 1, ""kind"": ""odd-cyclic"", ""legendre"": 1, ""p"": 5}, {""canonical_t"": 2, ""e"": 1, ""kind"": ""odd-cyclic"", ""legendre"": -1, ""p"": 13}]",CLOSED_EXACT_CYCLIC_PRESENTATION
65,43,3,12,"[{""canonical_t"": 2, ""e"": 1, ""kind"": ""odd-cyclic"", ""legendre"": -1, ""p"": 5}, {""canonical_t"": 1, ""e"": 1, ""kind"": ""odd-cyclic"", ""legendre"": 1, ""p"": 13}]",CLOSED_EXACT_CYCLIC_PRESENTATION
65,47,7,12,"[{""canonical_t"": 2, ""e"": 1, ""kind"": ""odd-cyclic"", ""legendre"": -1, ""p"": 5}, {""canonical_t"": 2, ""e"": 1, ""kind"": ""odd-cyclic"", ""legendre"": -1, ""p"": 13}]",CLOSED_EXACT_CYCLIC_PRESENTATION
65,49,1,12,"[{""canonical_t"": 1, ""e"": 1, ""kind"": ""odd-cyclic"", ""legendre"": 1, ""p"": 5}, {""canonical_t"": 1, ""e"": 1, ""kind"": ""odd-cyclic"", ""legendre"": 1, ""p"": 13}]",CLOSED_EXACT_CYCLIC_PRESENTATION
65,51,1,12,"[{""canonical_t"": 1, ""e"": 1, ""kind"": ""odd-cyclic"", ""legendre"": 1, ""p"": 5}, {""canonical_t"": 1, ""e"": 1, ""kind"": ""odd-cyclic"", ""legendre"": 1, ""p"": 13}]",CLOSED_EXACT_CYCLIC_PRESENTATION
65,53,3,12,"[{""canonical_t"": 2, ""e"": 1, ""kind"": ""odd-cyclic"", ""legendre"": -1, ""p"": 5}, {""canonical_t"": 1, ""e"": 1, ""kind"": ""odd-cyclic"", ""legendre"": 1, ""p"": 13}]",CLOSED_EXACT_CYCLIC_PRESENTATION
65,57,7,12,"[{""canonical_t"": 2, ""e"": 1, ""kind"": ""odd-cyclic"", ""legendre"": -1, ""p"": 5}, {""canonical_t"": 2, ""e"": 1, ""kind"": ""odd-cyclic"", ""legendre"": -1, ""p"": 13}]",CLOSED_EXACT_CYCLIC_PRESENTATION
65,59,11,12,"[{""canonical_t"": 1, ""e"": 1, ""kind"": ""odd-cyclic"", ""legendre"": 1, ""p"": 5}, {""canonical_t"": 2, ""e"": 1, ""kind"": ""odd-cyclic"", ""legendre"": -1, ""p"": 13}]",CLOSED_EXACT_CYCLIC_PRESENTATION
65,61,1,12,"[{""canonical_t"": 1, ""e"": 1, ""kind"": ""odd-cyclic"", ""legendre"": 1, ""p"": 5}, {""canonical_t"": 1, ""e"": 1, ""kind"": ""odd-cyclic"", ""legendre"": 1, ""p"": 13}]",CLOSED_EXACT_CYCLIC_PRESENTATION
65,63,7,12,"[{""canonical_t"": 2, ""e"": 1, ""kind"": ""odd-cyclic"", ""legendre"": -1, ""p"": 5}, {""canonical_t"": 2, ""e"": 1, ""kind"": ""odd-cyclic"", ""legendre"": -1, ""p"": 13}]",CLOSED_EXACT_CYCLIC_PRESENTATION
65,67,7,12,"[{""canonical_t"": 2, ""e"": 1, ""kind"": ""odd-cyclic"", ""legendre"": -1, ""p"": 5}, {""canonical_t"": 2, ""e"": 1, ""kind"": ""odd-cyclic"", ""legendre"": -1, ""p"": 13}]",CLOSED_EXACT_CYCLIC_PRESENTATION
65,69,1,12,"[{""canonical_t"": 1, ""e"": 1, ""kind"": ""odd-cyclic"", ""legendre"": 1, ""p"": 5}, {""canonical_t"": 1, ""e"": 1, ""kind"": ""odd-cyclic"", ""legendre"": 1, ""p"": 13}]",CLOSED_EXACT_CYCLIC_PRESENTATION
65,71,11,12,"[{""canonical_t"": 1, ""e"": 1, ""kind"": ""odd-cyclic"", ""legendre"": 1, ""p"": 5}, {""canonical_t"": 2, ""e"": 1, ""kind"": ""odd-cyclic"", ""legendre"": -1, ""p"": 13}]",CLOSED_EXACT_CYCLIC_PRESENTATION
65,73,7,12,"[{""canonical_t"": 2, ""e"": 1, ""kind"": ""odd-cyclic"", ""legendre"": -1, ""p"": 5}, {""canonical_t"": 2, ""e"": 1, ""kind"": ""odd-cyclic"", ""legendre"": -1, ""p"": 13}]",CLOSED_EXACT_CYCLIC_PRESENTATION
65,77,3,12,"[{""canonical_t"": 2, ""e"": 1, ""kind"": ""odd-cyclic"", ""legendre"": -1, ""p"": 5}, {""canonical_t"": 1, ""e"": 1, ""kind"": ""odd-cyclic"", ""legendre"": 1, ""p"": 13}]",CLOSED_EXACT_CYCLIC_PRESENTATION
65,79,1,12,"[{""canonical_t"": 1, ""e"": 1, ""kind"": ""odd-cyclic"", ""legendre"": 1, ""p"": 5}, {""canonical_t"": 1, ""e"": 1, ""kind"": ""odd-cyclic"", ""legendre"": 1, ""p"": 13}]",CLOSED_EXACT_CYCLIC_PRESENTATION
65,81,1,12,"[{""canonical_t"": 1, ""e"": 1, ""kind"": ""odd-cyclic"", ""legendre"": 1, ""p"": 5}, {""canonical_t"": 1, ""e"": 1, ""kind"": ""odd-cyclic"", ""legendre"": 1, ""p"": 13}]",CLOSED_EXACT_CYCLIC_PRESENTATION
65,83,7,12,"[{""canonical_t"": 2, ""e"": 1, ""kind"": ""odd-cyclic"", ""legendre"": -1, ""p"": 5}, {""canonical_t"": 2, ""e"": 1, ""kind"": ""odd-cyclic"", ""legendre"": -1, ""p"": 13}]",CLOSED_EXACT_CYCLIC_PRESENTATION
65,87,3,12,"[{""canonical_t"": 2, ""e"": 1, ""kind"": ""odd-cyclic"", ""legendre"": -1, ""p"": 5}, {""canonical_t"": 1, ""e"": 1, ""kind"": ""odd-cyclic"", ""legendre"": 1, ""p"": 13}]",CLOSED_EXACT_CYCLIC_PRESENTATION
65,89,11,12,"[{""canonical_t"": 1, ""e"": 1, ""kind"": ""odd-cyclic"", ""legendre"": 1, ""p"": 5}, {""canonical_t"": 2, ""e"": 1, ""kind"": ""odd-cyclic"", ""legendre"": -1, ""p"": 13}]",CLOSED_EXACT_CYCLIC_PRESENTATION
65,93,7,12,"[{""canonical_t"": 2, ""e"": 1, ""kind"": ""odd-cyclic"", ""legendre"": -1, ""p"": 5}, {""canonical_t"": 2, ""e"": 1, ""kind"": ""odd-cyclic"", ""legendre"": -1, ""p"": 13}]",CLOSED_EXACT_CYCLIC_PRESENTATION
65,97,7,12,"[{""canonical_t"": 2, ""e"": 1, ""kind"": ""odd-cyclic"", ""legendre"": -1, ""p"": 5}, {""canonical_t"": 2, ""e"": 1, ""kind"": ""odd-cyclic"", ""legendre"": -1, ""p"": 13}]",CLOSED_EXACT_CYCLIC_PRESENTATION
65,99,11,12,"[{""canonical_t"": 1, ""e"": 1, ""kind"": ""odd-cyclic"", ""legendre"": 1, ""p"": 5}, {""canonical_t"": 2, ""e"": 1, ""kind"": ""odd-cyclic"", ""legendre"": -1, ""p"": 13}]",CLOSED_EXACT_CYCLIC_PRESENTATION
65,101,1,12,"[{""canonical_t"": 1, ""e"": 1, ""kind"": ""odd-cyclic"", ""legendre"": 1, ""p"": 5}, {""canonical_t"": 1, ""e"": 1, ""kind"": ""odd-cyclic"", ""legendre"": 1, ""p"": 13}]",CLOSED_EXACT_CYCLIC_PRESENTATION
65,103,3,12,"[{""canonical_t"": 2, ""e"": 1, ""kind"": ""odd-cyclic"", ""legendre"": -1, ""p"": 5}, {""canonical_t"": 1, ""e"": 1, ""kind"": ""odd-cyclic"", ""legendre"": 1, ""p"": 13}]",CLOSED_EXACT_CYCLIC_PRESENTATION
65,107,3,12,"[{""canonical_t"": 2, ""e"": 1, ""kind"": ""odd-cyclic"", ""legendre"": -1, ""p"": 5}, {""canonical_t"": 1, ""e"": 1, ""kind"": ""odd-cyclic"", ""legendre"": 1, ""p"": 13}]",CLOSED_EXACT_CYCLIC_PRESENTATION
65,109,11,12,"[{""canonical_t"": 1, ""e"": 1, ""kind"": ""odd-cyclic"", ""legendre"": 1, ""p"": 5}, {""canonical_t"": 2, ""e"": 1, ""kind"": ""odd-cyclic"", ""legendre"": -1, ""p"": 13}]",CLOSED_EXACT_CYCLIC_PRESENTATION
65,111,11,12,"[{""canonical_t"": 1, ""e"": 1, ""kind"": ""odd-cyclic"", ""legendre"": 1, ""p"": 5}, {""canonical_t"": 2, ""e"": 1, ""kind"": ""odd-cyclic"", ""legendre"": -1, ""p"": 13}]",CLOSED_EXACT_CYCLIC_PRESENTATION
65,113,3,12,"[{""canonical_t"": 2, ""e"": 1, ""kind"": ""odd-cyclic"", ""legendre"": -1, ""p"": 5}, {""canonical_t"": 1, ""e"": 1, ""kind"": ""odd-cyclic"", ""legendre"": 1, ""p"": 13}]",CLOSED_EXACT_CYCLIC_PRESENTATION
65,119,11,12,"[{""canonical_t"": 1, ""e"": 1, ""kind"": ""odd-cyclic"", ""legendre"": 1, ""p"": 5}, {""canonical_t"": 2, ""e"": 1, ""kind"": ""odd-cyclic"", ""legendre"": -1, ""p"": 13}]",CLOSED_EXACT_CYCLIC_PRESENTATION
65,121,1,12,"[{""canonical_t"": 1, ""e"": 1, ""kind"": ""odd-cyclic"", ""legendre"": 1, ""p"": 5}, {""canonical_t"": 1, ""e"": 1, ""kind"": ""odd-cyclic"", ""legendre"": 1, ""p"": 13}]",CLOSED_EXACT_CYCLIC_PRESENTATION
65,123,7,12,"[{""canonical_t"": 2, ""e"": 1, ""kind"": ""odd-cyclic"", ""legendre"": -1, ""p"": 5}, {""canonical_t"": 2, ""e"": 1, ""kind"": ""odd-cyclic"", ""legendre"": -1, ""p"": 13}]",CLOSED_EXACT_CYCLIC_PRESENTATION
65,127,3,12,"[{""canonical_t"": 2, ""e"": 1, ""kind"": ""odd-cyclic"", ""legendre"": -1, ""p"": 5}, {""canonical_t"": 1, ""e"": 1, ""kind"": ""odd-cyclic"", ""legendre"": 1, ""p"": 13}]",CLOSED_EXACT_CYCLIC_PRESENTATION
65,129,1,12,"[{""canonical_t"": 1, ""e"": 1, ""kind"": ""odd-cyclic"", ""legendre"": 1, ""p"": 5}, {""canonical_t"": 1, ""e"": 1, ""kind"": ""odd-cyclic"", ""legendre"": 1, ""p"": 13}]",CLOSED_EXACT_CYCLIC_PRESENTATION
66,1,1,5,"[{""brown_mod8"": 1, ""canonical_t"": 1, ""e"": 1, ""kind"": ""2-cyclic-odd"", ""p"": 2}, {""canonical_t"": 1, ""e"": 1, ""kind"": ""odd-cyclic"", ""legendre"": 1, ""p"": 3}, {""canonical_t"": 1, ""e"": 1, ""kind"": ""odd-cyclic"", ""legendre"": 1, ""p"": 11}]",CLOSED_EXACT_CYCLIC_PRESENTATION
66,5,5,5,"[{""brown_mod8"": 1, ""canonical_t"": 1, ""e"": 1, ""kind"": ""2-cyclic-odd"", ""p"": 2}, {""canonical_t"": 2, ""e"": 1, ""kind"": ""odd-cyclic"", ""legendre"": -1, ""p"": 3}, {""canonical_t"": 1, ""e"": 1, ""kind"": ""odd-cyclic"", ""legendre"": 1, ""p"": 11}]",CLOSED_EXACT_CYCLIC_PRESENTATION
66,7,7,5,"[{""brown_mod8"": 3, ""canonical_t"": 3, ""e"": 1, ""kind"": ""2-cyclic-odd"", ""p"": 2}, {""canonical_t"": 1, ""e"": 1, ""kind"": ""odd-cyclic"", ""legendre"": 1, ""p"": 3}, {""canonical_t"": 2, ""e"": 1, ""kind"": ""odd-cyclic"", ""legendre"": -1, ""p"": 11}]",CLOSED_EXACT_CYCLIC_PRESENTATION
66,13,13,5,"[{""brown_mod8"": 1, ""canonical_t"": 1, ""e"": 1, ""kind"": ""2-cyclic-odd"", ""p"": 2}, {""canonical_t"": 1, ""e"": 1, ""kind"": ""odd-cyclic"", ""legendre"": 1, ""p"": 3}, {""canonical_t"": 2, ""e"": 1, ""kind"": ""odd-cyclic"", ""legendre"": -1, ""p"": 11}]",CLOSED_EXACT_CYCLIC_PRESENTATION
66,17,17,5,"[{""brown_mod8"": 1, ""canonical_t"": 1, ""e"": 1, ""kind"": ""2-cyclic-odd"", ""p"": 2}, {""canonical_t"": 2, ""e"": 1, ""kind"": ""odd-cyclic"", ""legendre"": -1, ""p"": 3}, {""canonical_t"": 2, ""e"": 1, ""kind"": ""odd-cyclic"", ""legendre"": -1, ""p"": 11}]",CLOSED_EXACT_CYCLIC_PRESENTATION
66,19,7,5,"[{""brown_mod8"": 3, ""canonical_t"": 3, ""e"": 1, ""kind"": ""2-cyclic-odd"", ""p"": 2}, {""canonical_t"": 1, ""e"": 1, ""kind"": ""odd-cyclic"", ""legendre"": 1, ""p"": 3}, {""canonical_t"": 2, ""e"": 1, ""kind"": ""odd-cyclic"", ""legendre"": -1, ""p"": 11}]",CLOSED_EXACT_CYCLIC_PRESENTATION
66,23,23,5,"[{""brown_mod8"": 3, ""canonical_t"": 3, ""e"": 1, ""kind"": ""2-cyclic-odd"", ""p"": 2}, {""canonical_t"": 2, ""e"": 1, ""kind"": ""odd-cyclic"", ""legendre"": -1, ""p"": 3}, {""canonical_t"": 1, ""e"": 1, ""kind"": ""odd-cyclic"", ""legendre"": 1, ""p"": 11}]",CLOSED_EXACT_CYCLIC_PRESENTATION
66,25,1,5,"[{""brown_mod8"": 1, ""canonical_t"": 1, ""e"": 1, ""kind"": ""2-cyclic-odd"", ""p"": 2}, {""canonical_t"": 1, ""e"": 1, ""kind"": ""odd-cyclic"", ""legendre"": 1, ""p"": 3}, {""canonical_t"": 1, ""e"": 1, ""kind"": ""odd-cyclic"", ""legendre"": 1, ""p"": 11}]",CLOSED_EXACT_CYCLIC_PRESENTATION
66,29,17,5,"[{""brown_mod8"": 1, ""canonical_t"": 1, ""e"": 1, ""kind"": ""2-cyclic-odd"", ""p"": 2}, {""canonical_t"": 2, ""e"": 1, ""kind"": ""odd-cyclic"", ""legendre"": -1, ""p"": 3}, {""canonical_t"": 2, ""e"": 1, ""kind"": ""odd-cyclic"", ""legendre"": -1, ""p"": 11}]",CLOSED_EXACT_CYCLIC_PRESENTATION
66,31,31,5,"[{""brown_mod8"": 3, ""canonical_t"": 3, ""e"": 1, ""kind"": ""2-cyclic-odd"", ""p"": 2}, {""canonical_t"": 1, ""e"": 1, ""kind"": ""odd-cyclic"", ""legendre"": 1, ""p"": 3}, {""canonical_t"": 1, ""e"": 1, ""kind"": ""odd-cyclic"", ""legendre"": 1, ""p"": 11}]",CLOSED_EXACT_CYCLIC_PRESENTATION
66,35,35,5,"[{""brown_mod8"": 3, ""canonical_t"": 3, ""e"": 1, ""kind"": ""2-cyclic-odd"", ""p"": 2}, {""canonical_t"": 2, ""e"": 1, ""kind"": ""odd-cyclic"", ""legendre"": -1, ""p"": 3}, {""canonical_t"": 2, ""e"": 1, ""kind"": ""odd-cyclic"", ""legendre"": -1, ""p"": 11}]",CLOSED_EXACT_CYCLIC_PRESENTATION
66,37,1,5,"[{""brown_mod8"": 1, ""canonical_t"": 1, ""e"": 1, ""kind"": ""2-cyclic-odd"", ""p"": 2}, {""canonical_t"": 1, ""e"": 1, ""kind"": ""odd-cyclic"", ""legendre"": 1, ""p"": 3}, {""canonical_t"": 1, ""e"": 1, ""kind"": ""odd-cyclic"", ""legendre"": 1, ""p"": 11}]",CLOSED_EXACT_CYCLIC_PRESENTATION
66,41,17,5,"[{""brown_mod8"": 1, ""canonical_t"": 1, ""e"": 1, ""kind"": ""2-cyclic-odd"", ""p"": 2}, {""canonical_t"": 2, ""e"": 1, ""kind"": ""odd-cyclic"", ""legendre"": -1, ""p"": 3}, {""canonical_t"": 2, ""e"": 1, ""kind"": ""odd-cyclic"", ""legendre"": -1, ""p"": 11}]",CLOSED_EXACT_CYCLIC_PRESENTATION
66,43,7,5,"[{""brown_mod8"": 3, ""canonical_t"": 3, ""e"": 1, ""kind"": ""2-cyclic-odd"", ""p"": 2}, {""canonical_t"": 1, ""e"": 1, ""kind"": ""odd-cyclic"", ""legendre"": 1, ""p"": 3}, {""canonical_t"": 2, ""e"": 1, ""kind"": ""odd-cyclic"", ""legendre"": -1, ""p"": 11}]",CLOSED_EXACT_CYCLIC_PRESENTATION
66,47,23,5,"[{""brown_mod8"": 3, ""canonical_t"": 3, ""e"": 1, ""kind"": ""2-cyclic-odd"", ""p"": 2}, {""canonical_t"": 2, ""e"": 1, ""kind"": ""odd-cyclic"", ""legendre"": -1, ""p"": 3}, {""canonical_t"": 1, ""e"": 1, ""kind"": ""odd-cyclic"", ""legendre"": 1, ""p"": 11}]",CLOSED_EXACT_CYCLIC_PRESENTATION
66,49,1,5,"[{""brown_mod8"": 1, ""canonical_t"": 1, ""e"": 1, ""kind"": ""2-cyclic-odd"", ""p"": 2}, {""canonical_t"": 1, ""e"": 1, ""kind"": ""odd-cyclic"", ""legendre"": 1, ""p"": 3}, {""canonical_t"": 1, ""e"": 1, ""kind"": ""odd-cyclic"", ""legendre"": 1, ""p"": 11}]",CLOSED_EXACT_CYCLIC_PRESENTATION
66,53,5,5,"[{""brown_mod8"": 1, ""canonical_t"": 1, ""e"": 1, ""kind"": ""2-cyclic-odd"", ""p"": 2}, {""canonical_t"": 2, ""e"": 1, ""kind"": ""odd-cyclic"", ""legendre"": -1, ""p"": 3}, {""canonical_t"": 1, ""e"": 1, ""kind"": ""odd-cyclic"", ""legendre"": 1, ""p"": 11}]",CLOSED_EXACT_CYCLIC_PRESENTATION
66,59,23,5,"[{""brown_mod8"": 3, ""canonical_t"": 3, ""e"": 1, ""kind"": ""2-cyclic-odd"", ""p"": 2}, {""canonical_t"": 2, ""e"": 1, ""kind"": ""odd-cyclic"", ""legendre"": -1, ""p"": 3}, {""canonical_t"": 1, ""e"": 1, ""kind"": ""odd-cyclic"", ""legendre"": 1, ""p"": 11}]",CLOSED_EXACT_CYCLIC_PRESENTATION
66,61,13,5,"[{""brown_mod8"": 1, ""canonical_t"": 1, ""e"": 1, ""kind"": ""2-cyclic-odd"", ""p"": 2}, {""canonical_t"": 1, ""e"": 1, ""kind"": ""odd-cyclic"", ""legendre"": 1, ""p"": 3}, {""canonical_t"": 2, ""e"": 1, ""kind"": ""odd-cyclic"", ""legendre"": -1, ""p"": 11}]",CLOSED_EXACT_CYCLIC_PRESENTATION
66,65,17,5,"[{""brown_mod8"": 1, ""canonical_t"": 1, ""e"": 1, ""kind"": ""2-cyclic-odd"", ""p"": 2}, {""canonical_t"": 2, ""e"": 1, ""kind"": ""odd-cyclic"", ""legendre"": -1, ""p"": 3}, {""canonical_t"": 2, ""e"": 1, ""kind"": ""odd-cyclic"", ""legendre"": -1, ""p"": 11}]",CLOSED_EXACT_CYCLIC_PRESENTATION
66,67,31,5,"[{""brown_mod8"": 3, ""canonical_t"": 3, ""e"": 1, ""kind"": ""2-cyclic-odd"", ""p"": 2}, {""canonical_t"": 1, ""e"": 1, ""kind"": ""odd-cyclic"", ""legendre"": 1, ""p"": 3}, {""canonical_t"": 1, ""e"": 1, ""kind"": ""odd-cyclic"", ""legendre"": 1, ""p"": 11}]",CLOSED_EXACT_CYCLIC_PRESENTATION
66,71,23,5,"[{""brown_mod8"": 3, ""canonical_t"": 3, ""e"": 1, ""kind"": ""2-cyclic-odd"", ""p"": 2}, {""canonical_t"": 2, ""e"": 1, ""kind"": ""odd-cyclic"", ""legendre"": -1, ""p"": 3}, {""canonical_t"": 1, ""e"": 1, ""kind"": ""odd-cyclic"", ""legendre"": 1, ""p"": 11}]",CLOSED_EXACT_CYCLIC_PRESENTATION
66,73,13,5,"[{""brown_mod8"": 1, ""canonical_t"": 1, ""e"": 1, ""kind"": ""2-cyclic-odd"", ""p"": 2}, {""canonical_t"": 1, ""e"": 1, ""kind"": ""odd-cyclic"", ""legendre"": 1, ""p"": 3}, {""canonical_t"": 2, ""e"": 1, ""kind"": ""odd-cyclic"", ""legendre"": -1, ""p"": 11}]",CLOSED_EXACT_CYCLIC_PRESENTATION
66,79,7,5,"[{""brown_mod8"": 3, ""canonical_t"": 3, ""e"": 1, ""kind"": ""2-cyclic-odd"", ""p"": 2}, {""canonical_t"": 1, ""e"": 1, ""kind"": ""odd-cyclic"", ""legendre"": 1, ""p"": 3}, {""canonical_t"": 2, ""e"": 1, ""kind"": ""odd-cyclic"", ""legendre"": -1, ""p"": 11}]",CLOSED_EXACT_CYCLIC_PRESENTATION
66,83,35,5,"[{""brown_mod8"": 3, ""canonical_t"": 3, ""e"": 1, ""kind"": ""2-cyclic-odd"", ""p"": 2}, {""canonical_t"": 2, ""e"": 1, ""kind"": ""odd-cyclic"", ""legendre"": -1, ""p"": 3}, {""canonical_t"": 2, ""e"": 1, ""kind"": ""odd-cyclic"", ""legendre"": -1, ""p"": 11}]",CLOSED_EXACT_CYCLIC_PRESENTATION
66,85,13,5,"[{""brown_mod8"": 1, ""canonical_t"": 1, ""e"": 1, ""kind"": ""2-cyclic-odd"", ""p"": 2}, {""canonical_t"": 1, ""e"": 1, ""kind"": ""odd-cyclic"", ""legendre"": 1, ""p"": 3}, {""canonical_t"": 2, ""e"": 1, ""kind"": ""odd-cyclic"", ""legendre"": -1, ""p"": 11}]",CLOSED_EXACT_CYCLIC_PRESENTATION
66,89,5,5,"[{""brown_mod8"": 1, ""canonical_t"": 1, ""e"": 1, ""kind"": ""2-cyclic-odd"", ""p"": 2}, {""canonical_t"": 2, ""e"": 1, ""kind"": ""odd-cyclic"", ""legendre"": -1, ""p"": 3}, {""canonical_t"": 1, ""e"": 1, ""kind"": ""odd-cyclic"", ""legendre"": 1, ""p"": 11}]",CLOSED_EXACT_CYCLIC_PRESENTATION
66,91,31,5,"[{""brown_mod8"": 3, ""canonical_t"": 3, ""e"": 1, ""kind"": ""2-cyclic-odd"", ""p"": 2}, {""canonical_t"": 1, ""e"": 1, ""kind"": ""odd-cyclic"", ""legendre"": 1, ""p"": 3}, {""canonical_t"": 1, ""e"": 1, ""kind"": ""odd-cyclic"", ""legendre"": 1, ""p"": 11}]",CLOSED_EXACT_CYCLIC_PRESENTATION
66,95,35,5,"[{""brown_mod8"": 3, ""canonical_t"": 3, ""e"": 1, ""kind"": ""2-cyclic-odd"", ""p"": 2}, {""canonical_t"": 2, ""e"": 1, ""kind"": ""odd-cyclic"", ""legendre"": -1, ""p"": 3}, {""canonical_t"": 2, ""e"": 1, ""kind"": ""odd-cyclic"", ""legendre"": -1, ""p"": 11}]",CLOSED_EXACT_CYCLIC_PRESENTATION
66,97,1,5,"[{""brown_mod8"": 1, ""canonical_t"": 1, ""e"": 1, ""kind"": ""2-cyclic-odd"", ""p"": 2}, {""canonical_t"": 1, ""e"": 1, ""kind"": ""odd-cyclic"", ""legendre"": 1, ""p"": 3}, {""canonical_t"": 1, ""e"": 1, ""kind"": ""odd-cyclic"", ""legendre"": 1, ""p"": 11}]",CLOSED_EXACT_CYCLIC_PRESENTATION
66,101,17,5,"[{""brown_mod8"": 1, ""canonical_t"": 1, ""e"": 1, ""kind"": ""2-cyclic-odd"", ""p"": 2}, {""canonical_t"": 2, ""e"": 1, ""kind"": ""odd-cyclic"", ""legendre"": -1, ""p"": 3}, {""canonical_t"": 2, ""e"": 1, ""kind"": ""odd-cyclic"", ""legendre"": -1, ""p"": 11}]",CLOSED_EXACT_CYCLIC_PRESENTATION
66,103,31,5,"[{""brown_mod8"": 3, ""canonical_t"": 3, ""e"": 1, ""kind"": ""2-cyclic-odd"", ""p"": 2}, {""canonical_t"": 1, ""e"": 1, ""kind"": ""odd-cyclic"", ""legendre"": 1, ""p"": 3}, {""canonical_t"": 1, ""e"": 1, ""kind"": ""odd-cyclic"", ""legendre"": 1, ""p"": 11}]",CLOSED_EXACT_CYCLIC_PRESENTATION
66,107,35,5,"[{""brown_mod8"": 3, ""canonical_t"": 3, ""e"": 1, ""kind"": ""2-cyclic-odd"", ""p"": 2}, {""canonical_t"": 2, ""e"": 1, ""kind"": ""odd-cyclic"", ""legendre"": -1, ""p"": 3}, {""canonical_t"": 2, ""e"": 1, ""kind"": ""odd-cyclic"", ""legendre"": -1, ""p"": 11}]",CLOSED_EXACT_CYCLIC_PRESENTATION
66,109,13,5,"[{""brown_mod8"": 1, ""canonical_t"": 1, ""e"": 1, ""kind"": ""2-cyclic-odd"", ""p"": 2}, {""canonical_t"": 1, ""e"": 1, ""kind"": ""odd-cyclic"", ""legendre"": 1, ""p"": 3}, {""canonical_t"": 2, ""e"": 1, ""kind"": ""odd-cyclic"", ""legendre"": -1, ""p"": 11}]",CLOSED_EXACT_CYCLIC_PRESENTATION
66,113,5,5,"[{""brown_mod8"": 1, ""canonical_t"": 1, ""e"": 1, ""kind"": ""2-cyclic-odd"", ""p"": 2}, {""canonical_t"": 2, ""e"": 1, ""kind"": ""odd-cyclic"", ""legendre"": -1, ""p"": 3}, {""canonical_t"": 1, ""e"": 1, ""kind"": ""odd-cyclic"", ""legendre"": 1, ""p"": 11}]",CLOSED_EXACT_CYCLIC_PRESENTATION
66,115,31,5,"[{""brown_mod8"": 3, ""canonical_t"": 3, ""e"": 1, ""kind"": ""2-cyclic-odd"", ""p"": 2}, {""canonical_t"": 1, ""e"": 1, ""kind"": ""odd-cyclic"", ""legendre"": 1, ""p"": 3}, {""canonical_t"": 1, ""e"": 1, ""kind"": ""odd-cyclic"", ""legendre"": 1, ""p"": 11}]",CLOSED_EXACT_CYCLIC_PRESENTATION
66,119,23,5,"[{""brown_mod8"": 3, ""canonical_t"": 3, ""e"": 1, ""kind"": ""2-cyclic-odd"", ""p"": 2}, {""canonical_t"": 2, ""e"": 1, ""kind"": ""odd-cyclic"", ""legendre"": -1, ""p"": 3}, {""canonical_t"": 1, ""e"": 1, ""kind"": ""odd-cyclic"", ""legendre"": 1, ""p"": 11}]",CLOSED_EXACT_CYCLIC_PRESENTATION
66,125,5,5,"[{""brown_mod8"": 1, ""canonical_t"": 1, ""e"": 1, ""kind"": ""2-cyclic-odd"", ""p"": 2}, {""canonical_t"": 2, ""e"": 1, ""kind"": ""odd-cyclic"", ""legendre"": -1, ""p"": 3}, {""canonical_t"": 1, ""e"": 1, ""kind"": ""odd-cyclic"", ""legendre"": 1, ""p"": 11}]",CLOSED_EXACT_CYCLIC_PRESENTATION
66,127,7,5,"[{""brown_mod8"": 3, ""canonical_t"": 3, ""e"": 1, ""kind"": ""2-cyclic-odd"", ""p"": 2}, {""canonical_t"": 1, ""e"": 1, ""kind"": ""odd-cyclic"", ""legendre"": 1, ""p"": 3}, {""canonical_t"": 2, ""e"": 1, ""kind"": ""odd-cyclic"", ""legendre"": -1, ""p"": 11}]",CLOSED_EXACT_CYCLIC_PRESENTATION
66,131,35,5,"[{""brown_mod8"": 3, ""canonical_t"": 3, ""e"": 1, ""kind"": ""2-cyclic-odd"", ""p"": 2}, {""canonical_t"": 2, ""e"": 1, ""kind"": ""odd-cyclic"", ""legendre"": -1, ""p"": 3}, {""canonical_t"": 2, ""e"": 1, ""kind"": ""odd-cyclic"", ""legendre"": -1, ""p"": 11}]",CLOSED_EXACT_CYCLIC_PRESENTATION
67,1,1,33,"[{""canonical_t"": 1, ""e"": 1, ""kind"": ""odd-cyclic"", ""legendre"": 1, ""p"": 67}]",CLOSED_EXACT_CYCLIC_PRESENTATION
67,3,3,33,"[{""canonical_t"": 2, ""e"": 1, ""kind"": ""odd-cyclic"", ""legendre"": -1, ""p"": 67}]",CLOSED_EXACT_CYCLIC_PRESENTATION
67,5,3,33,"[{""canonical_t"": 2, ""e"": 1, ""kind"": ""odd-cyclic"", ""legendre"": -1, ""p"": 67}]",CLOSED_EXACT_CYCLIC_PRESENTATION
67,7,3,33,"[{""canonical_t"": 2, ""e"": 1, ""kind"": ""odd-cyclic"", ""legendre"": -1, ""p"": 67}]",CLOSED_EXACT_CYCLIC_PRESENTATION
67,9,1,33,"[{""canonical_t"": 1, ""e"": 1, ""kind"": ""odd-cyclic"", ""legendre"": 1, ""p"": 67}]",CLOSED_EXACT_CYCLIC_PRESENTATION
67,11,3,33,"[{""canonical_t"": 2, ""e"": 1, ""kind"": ""odd-cyclic"", ""legendre"": -1, ""p"": 67}]",CLOSED_EXACT_CYCLIC_PRESENTATION
67,13,3,33,"[{""canonical_t"": 2, ""e"": 1, ""kind"": ""odd-cyclic"", ""legendre"": -1, ""p"": 67}]",CLOSED_EXACT_CYCLIC_PRESENTATION
67,15,1,33,"[{""canonical_t"": 1, ""e"": 1, ""kind"": ""odd-cyclic"", ""legendre"": 1, ""p"": 67}]",CLOSED_EXACT_CYCLIC_PRESENTATION
67,17,1,33,"[{""canonical_t"": 1, ""e"": 1, ""kind"": ""odd-cyclic"", ""legendre"": 1, ""p"": 67}]",CLOSED_EXACT_CYCLIC_PRESENTATION
67,19,1,33,"[{""canonical_t"": 1, ""e"": 1, ""kind"": ""odd-cyclic"", ""legendre"": 1, ""p"": 67}]",CLOSED_EXACT_CYCLIC_PRESENTATION
67,21,1,33,"[{""canonical_t"": 1, ""e"": 1, ""kind"": ""odd-cyclic"", ""legendre"": 1, ""p"": 67}]",CLOSED_EXACT_CYCLIC_PRESENTATION
67,23,1,33,"[{""canonical_t"": 1, ""e"": 1, ""kind"": ""odd-cyclic"", ""legendre"": 1, ""p"": 67}]",CLOSED_EXACT_CYCLIC_PRESENTATION
67,25,1,33,"[{""canonical_t"": 1, ""e"": 1, ""kind"": ""odd-cyclic"", ""legendre"": 1, ""p"": 67}]",CLOSED_EXACT_CYCLIC_PRESENTATION
67,27,3,33,"[{""canonical_t"": 2, ""e"": 1, ""kind"": ""odd-cyclic"", ""legendre"": -1, ""p"": 67}]",CLOSED_EXACT_CYCLIC_PRESENTATION
67,29,1,33,"[{""canonical_t"": 1, ""e"": 1, ""kind"": ""odd-cyclic"", ""legendre"": 1, ""p"": 67}]",CLOSED_EXACT_CYCLIC_PRESENTATION
67,31,3,33,"[{""canonical_t"": 2, ""e"": 1, ""kind"": ""odd-cyclic"", ""legendre"": -1, ""p"": 67}]",CLOSED_EXACT_CYCLIC_PRESENTATION
67,33,1,33,"[{""canonical_t"": 1, ""e"": 1, ""kind"": ""odd-cyclic"", ""legendre"": 1, ""p"": 67}]",CLOSED_EXACT_CYCLIC_PRESENTATION
67,35,1,33,"[{""canonical_t"": 1, ""e"": 1, ""kind"": ""odd-cyclic"", ""legendre"": 1, ""p"": 67}]",CLOSED_EXACT_CYCLIC_PRESENTATION
67,37,1,33,"[{""canonical_t"": 1, ""e"": 1, ""kind"": ""odd-cyclic"", ""legendre"": 1, ""p"": 67}]",CLOSED_EXACT_CYCLIC_PRESENTATION
67,39,1,33,"[{""canonical_t"": 1, ""e"": 1, ""kind"": ""odd-cyclic"", ""legendre"": 1, ""p"": 67}]",CLOSED_EXACT_CYCLIC_PRESENTATION
67,41,3,33,"[{""canonical_t"": 2, ""e"": 1, ""kind"": ""odd-cyclic"", ""legendre"": -1, ""p"": 67}]",CLOSED_EXACT_CYCLIC_PRESENTATION
67,43,3,33,"[{""canonical_t"": 2, ""e"": 1, ""kind"": ""odd-cyclic"", ""legendre"": -1, ""p"": 67}]",CLOSED_EXACT_CYCLIC_PRESENTATION
67,45,3,33,"[{""canonical_t"": 2, ""e"": 1, ""kind"": ""odd-cyclic"", ""legendre"": -1, ""p"": 67}]",CLOSED_EXACT_CYCLIC_PRESENTATION
67,47,1,33,"[{""canonical_t"": 1, ""e"": 1, ""kind"": ""odd-cyclic"", ""legendre"": 1, ""p"": 67}]",CLOSED_EXACT_CYCLIC_PRESENTATION
67,49,1,33,"[{""canonical_t"": 1, ""e"": 1, ""kind"": ""odd-cyclic"", ""legendre"": 1, ""p"": 67}]",CLOSED_EXACT_CYCLIC_PRESENTATION
67,51,3,33,"[{""canonical_t"": 2, ""e"": 1, ""kind"": ""odd-cyclic"", ""legendre"": -1, ""p"": 67}]",CLOSED_EXACT_CYCLIC_PRESENTATION
67,53,3,33,"[{""canonical_t"": 2, ""e"": 1, ""kind"": ""odd-cyclic"", ""legendre"": -1, ""p"": 67}]",CLOSED_EXACT_CYCLIC_PRESENTATION
67,55,1,33,"[{""canonical_t"": 1, ""e"": 1, ""kind"": ""odd-cyclic"", ""legendre"": 1, ""p"": 67}]",CLOSED_EXACT_CYCLIC_PRESENTATION
67,57,3,33,"[{""canonical_t"": 2, ""e"": 1, ""kind"": ""odd-cyclic"", ""legendre"": -1, ""p"": 67}]",CLOSED_EXACT_CYCLIC_PRESENTATION
67,59,1,33,"[{""canonical_t"": 1, ""e"": 1, ""kind"": ""odd-cyclic"", ""legendre"": 1, ""p"": 67}]",CLOSED_EXACT_CYCLIC_PRESENTATION
67,61,3,33,"[{""canonical_t"": 2, ""e"": 1, ""kind"": ""odd-cyclic"", ""legendre"": -1, ""p"": 67}]",CLOSED_EXACT_CYCLIC_PRESENTATION
67,63,3,33,"[{""canonical_t"": 2, ""e"": 1, ""kind"": ""odd-cyclic"", ""legendre"": -1, ""p"": 67}]",CLOSED_EXACT_CYCLIC_PRESENTATION
67,65,1,33,"[{""canonical_t"": 1, ""e"": 1, ""kind"": ""odd-cyclic"", ""legendre"": 1, ""p"": 67}]",CLOSED_EXACT_CYCLIC_PRESENTATION
67,69,3,33,"[{""canonical_t"": 2, ""e"": 1, ""kind"": ""odd-cyclic"", ""legendre"": -1, ""p"": 67}]",CLOSED_EXACT_CYCLIC_PRESENTATION
67,71,1,33,"[{""canonical_t"": 1, ""e"": 1, ""kind"": ""odd-cyclic"", ""legendre"": 1, ""p"": 67}]",CLOSED_EXACT_CYCLIC_PRESENTATION
67,73,1,33,"[{""canonical_t"": 1, ""e"": 1, ""kind"": ""odd-cyclic"", ""legendre"": 1, ""p"": 67}]",CLOSED_EXACT_CYCLIC_PRESENTATION
67,75,3,33,"[{""canonical_t"": 2, ""e"": 1, ""kind"": ""odd-cyclic"", ""legendre"": -1, ""p"": 67}]",CLOSED_EXACT_CYCLIC_PRESENTATION
67,77,1,33,"[{""canonical_t"": 1, ""e"": 1, ""kind"": ""odd-cyclic"", ""legendre"": 1, ""p"": 67}]",CLOSED_EXACT_CYCLIC_PRESENTATION
67,79,3,33,"[{""canonical_t"": 2, ""e"": 1, ""kind"": ""odd-cyclic"", ""legendre"": -1, ""p"": 67}]",CLOSED_EXACT_CYCLIC_PRESENTATION
67,81,1,33,"[{""canonical_t"": 1, ""e"": 1, ""kind"": ""odd-cyclic"", ""legendre"": 1, ""p"": 67}]",CLOSED_EXACT_CYCLIC_PRESENTATION
67,83,1,33,"[{""canonical_t"": 1, ""e"": 1, ""kind"": ""odd-cyclic"", ""legendre"": 1, ""p"": 67}]",CLOSED_EXACT_CYCLIC_PRESENTATION
67,85,3,33,"[{""canonical_t"": 2, ""e"": 1, ""kind"": ""odd-cyclic"", ""legendre"": -1, ""p"": 67}]",CLOSED_EXACT_CYCLIC_PRESENTATION
67,87,3,33,"[{""canonical_t"": 2, ""e"": 1, ""kind"": ""odd-cyclic"", ""legendre"": -1, ""p"": 67}]",CLOSED_EXACT_CYCLIC_PRESENTATION
67,89,1,33,"[{""canonical_t"": 1, ""e"": 1, ""kind"": ""odd-cyclic"", ""legendre"": 1, ""p"": 67}]",CLOSED_EXACT_CYCLIC_PRESENTATION
67,91,1,33,"[{""canonical_t"": 1, ""e"": 1, ""kind"": ""odd-cyclic"", ""legendre"": 1, ""p"": 67}]",CLOSED_EXACT_CYCLIC_PRESENTATION
67,93,1,33,"[{""canonical_t"": 1, ""e"": 1, ""kind"": ""odd-cyclic"", ""legendre"": 1, ""p"": 67}]",CLOSED_EXACT_CYCLIC_PRESENTATION
67,95,3,33,"[{""canonical_t"": 2, ""e"": 1, ""kind"": ""odd-cyclic"", ""legendre"": -1, ""p"": 67}]",CLOSED_EXACT_CYCLIC_PRESENTATION
67,97,3,33,"[{""canonical_t"": 2, ""e"": 1, ""kind"": ""odd-cyclic"", ""legendre"": -1, ""p"": 67}]",CLOSED_EXACT_CYCLIC_PRESENTATION
67,99,3,33,"[{""canonical_t"": 2, ""e"": 1, ""kind"": ""odd-cyclic"", ""legendre"": -1, ""p"": 67}]",CLOSED_EXACT_CYCLIC_PRESENTATION
67,101,3,33,"[{""canonical_t"": 2, ""e"": 1, ""kind"": ""odd-cyclic"", ""legendre"": -1, ""p"": 67}]",CLOSED_EXACT_CYCLIC_PRESENTATION
67,103,1,33,"[{""canonical_t"": 1, ""e"": 1, ""kind"": ""odd-cyclic"", ""legendre"": 1, ""p"": 67}]",CLOSED_EXACT_CYCLIC_PRESENTATION
67,105,3,33,"[{""canonical_t"": 2, ""e"": 1, ""kind"": ""odd-cyclic"", ""legendre"": -1, ""p"": 67}]",CLOSED_EXACT_CYCLIC_PRESENTATION
67,107,1,33,"[{""canonical_t"": 1, ""e"": 1, ""kind"": ""odd-cyclic"", ""legendre"": 1, ""p"": 67}]",CLOSED_EXACT_CYCLIC_PRESENTATION
67,109,3,33,"[{""canonical_t"": 2, ""e"": 1, ""kind"": ""odd-cyclic"", ""legendre"": -1, ""p"": 67}]",CLOSED_EXACT_CYCLIC_PRESENTATION
67,111,3,33,"[{""canonical_t"": 2, ""e"": 1, ""kind"": ""odd-cyclic"", ""legendre"": -1, ""p"": 67}]",CLOSED_EXACT_CYCLIC_PRESENTATION
67,113,3,33,"[{""canonical_t"": 2, ""e"": 1, ""kind"": ""odd-cyclic"", ""legendre"": -1, ""p"": 67}]",CLOSED_EXACT_CYCLIC_PRESENTATION
67,115,3,33,"[{""canonical_t"": 2, ""e"": 1, ""kind"": ""odd-cyclic"", ""legendre"": -1, ""p"": 67}]",CLOSED_EXACT_CYCLIC_PRESENTATION
67,117,3,33,"[{""canonical_t"": 2, ""e"": 1, ""kind"": ""odd-cyclic"", ""legendre"": -1, ""p"": 67}]",CLOSED_EXACT_CYCLIC_PRESENTATION
67,119,3,33,"[{""canonical_t"": 2, ""e"": 1, ""kind"": ""odd-cyclic"", ""legendre"": -1, ""p"": 67}]",CLOSED_EXACT_CYCLIC_PRESENTATION
67,121,1,33,"[{""canonical_t"": 1, ""e"": 1, ""kind"": ""odd-cyclic"", ""legendre"": 1, ""p"": 67}]",CLOSED_EXACT_CYCLIC_PRESENTATION
67,123,1,33,"[{""canonical_t"": 1, ""e"": 1, ""kind"": ""odd-cyclic"", ""legendre"": 1, ""p"": 67}]",CLOSED_EXACT_CYCLIC_PRESENTATION
67,125,3,33,"[{""canonical_t"": 2, ""e"": 1, ""kind"": ""odd-cyclic"", ""legendre"": -1, ""p"": 67}]",CLOSED_EXACT_CYCLIC_PRESENTATION
67,127,1,33,"[{""canonical_t"": 1, ""e"": 1, ""kind"": ""odd-cyclic"", ""legendre"": 1, ""p"": 67}]",CLOSED_EXACT_CYCLIC_PRESENTATION
67,129,1,33,"[{""canonical_t"": 1, ""e"": 1, ""kind"": ""odd-cyclic"", ""legendre"": 1, ""p"": 67}]",CLOSED_EXACT_CYCLIC_PRESENTATION
67,131,1,33,"[{""canonical_t"": 1, ""e"": 1, ""kind"": ""odd-cyclic"", ""legendre"": 1, ""p"": 67}]",CLOSED_EXACT_CYCLIC_PRESENTATION
67,133,3,33,"[{""canonical_t"": 2, ""e"": 1, ""kind"": ""odd-cyclic"", ""legendre"": -1, ""p"": 67}]",CLOSED_EXACT_CYCLIC_PRESENTATION
68,1,1,8,"[{""brown_mod8"": 1, ""canonical_t"": 1, ""e"": 2, ""kind"": ""2-cyclic-odd"", ""p"": 2}, {""canonical_t"": 1, ""e"": 1, ""kind"": ""odd-cyclic"", ""legendre"": 1, ""p"": 17}]",CLOSED_EXACT_CYCLIC_PRESENTATION
68,3,3,8,"[{""brown_mod8"": 3, ""canonical_t"": 3, ""e"": 2, ""kind"": ""2-cyclic-odd"", ""p"": 2}, {""canonical_t"": 3, ""e"": 1, ""kind"": ""odd-cyclic"", ""legendre"": -1, ""p"": 17}]",CLOSED_EXACT_CYCLIC_PRESENTATION
68,5,5,8,"[{""brown_mod8"": 5, ""canonical_t"": 5, ""e"": 2, ""kind"": ""2-cyclic-odd"", ""p"": 2}, {""canonical_t"": 3, ""e"": 1, ""kind"": ""odd-cyclic"", ""legendre"": -1, ""p"": 17}]",CLOSED_EXACT_CYCLIC_PRESENTATION
68,7,7,8,"[{""brown_mod8"": 7, ""canonical_t"": 7, ""e"": 2, ""kind"": ""2-cyclic-odd"", ""p"": 2}, {""canonical_t"": 3, ""e"": 1, ""kind"": ""odd-cyclic"", ""legendre"": -1, ""p"": 17}]",CLOSED_EXACT_CYCLIC_PRESENTATION
68,9,1,8,"[{""brown_mod8"": 1, ""canonical_t"": 1, ""e"": 2, ""kind"": ""2-cyclic-odd"", ""p"": 2}, {""canonical_t"": 1, ""e"": 1, ""kind"": ""odd-cyclic"", ""legendre"": 1, ""p"": 17}]",CLOSED_EXACT_CYCLIC_PRESENTATION
68,11,3,8,"[{""brown_mod8"": 3, ""canonical_t"": 3, ""e"": 2, ""kind"": ""2-cyclic-odd"", ""p"": 2}, {""canonical_t"": 3, ""e"": 1, ""kind"": ""odd-cyclic"", ""legendre"": -1, ""p"": 17}]",CLOSED_EXACT_CYCLIC_PRESENTATION
68,13,13,8,"[{""brown_mod8"": 5, ""canonical_t"": 5, ""e"": 2, ""kind"": ""2-cyclic-odd"", ""p"": 2}, {""canonical_t"": 1, ""e"": 1, ""kind"": ""odd-cyclic"", ""legendre"": 1, ""p"": 17}]",CLOSED_EXACT_CYCLIC_PRESENTATION
68,15,15,8,"[{""brown_mod8"": 7, ""canonical_t"": 7, ""e"": 2, ""kind"": ""2-cyclic-odd"", ""p"": 2}, {""canonical_t"": 1, ""e"": 1, ""kind"": ""odd-cyclic"", ""legendre"": 1, ""p"": 17}]",CLOSED_EXACT_CYCLIC_PRESENTATION
68,19,19,8,"[{""brown_mod8"": 3, ""canonical_t"": 3, ""e"": 2, ""kind"": ""2-cyclic-odd"", ""p"": 2}, {""canonical_t"": 1, ""e"": 1, ""kind"": ""odd-cyclic"", ""legendre"": 1, ""p"": 17}]",CLOSED_EXACT_CYCLIC_PRESENTATION
68,21,13,8,"[{""brown_mod8"": 5, ""canonical_t"": 5, ""e"": 2, ""kind"": ""2-cyclic-odd"", ""p"": 2}, {""canonical_t"": 1, ""e"": 1, ""kind"": ""odd-cyclic"", ""legendre"": 1, ""p"": 17}]",CLOSED_EXACT_CYCLIC_PRESENTATION
68,23,7,8,"[{""brown_mod8"": 7, ""canonical_t"": 7, ""e"": 2, ""kind"": ""2-cyclic-odd"", ""p"": 2}, {""canonical_t"": 3, ""e"": 1, ""kind"": ""odd-cyclic"", ""legendre"": -1, ""p"": 17}]",CLOSED_EXACT_CYCLIC_PRESENTATION
68,25,1,8,"[{""brown_mod8"": 1, ""canonical_t"": 1, ""e"": 2, ""kind"": ""2-cyclic-odd"", ""p"": 2}, {""canonical_t"": 1, ""e"": 1, ""kind"": ""odd-cyclic"", ""legendre"": 1, ""p"": 17}]",CLOSED_EXACT_CYCLIC_PRESENTATION
68,27,3,8,"[{""brown_mod8"": 3, ""canonical_t"": 3, ""e"": 2, ""kind"": ""2-cyclic-odd"", ""p"": 2}, {""canonical_t"": 3, ""e"": 1, ""kind"": ""odd-cyclic"", ""legendre"": -1, ""p"": 17}]",CLOSED_EXACT_CYCLIC_PRESENTATION
68,29,5,8,"[{""brown_mod8"": 5, ""canonical_t"": 5, ""e"": 2, ""kind"": ""2-cyclic-odd"", ""p"": 2}, {""canonical_t"": 3, ""e"": 1, ""kind"": ""odd-cyclic"", ""legendre"": -1, ""p"": 17}]",CLOSED_EXACT_CYCLIC_PRESENTATION
68,31,7,8,"[{""brown_mod8"": 7, ""canonical_t"": 7, ""e"": 2, ""kind"": ""2-cyclic-odd"", ""p"": 2}, {""canonical_t"": 3, ""e"": 1, ""kind"": ""odd-cyclic"", ""legendre"": -1, ""p"": 17}]",CLOSED_EXACT_CYCLIC_PRESENTATION
68,33,1,8,"[{""brown_mod8"": 1, ""canonical_t"": 1, ""e"": 2, ""kind"": ""2-cyclic-odd"", ""p"": 2}, {""canonical_t"": 1, ""e"": 1, ""kind"": ""odd-cyclic"", ""legendre"": 1, ""p"": 17}]",CLOSED_EXACT_CYCLIC_PRESENTATION
68,35,19,8,"[{""brown_mod8"": 3, ""canonical_t"": 3, ""e"": 2, ""kind"": ""2-cyclic-odd"", ""p"": 2}, {""canonical_t"": 1, ""e"": 1, ""kind"": ""odd-cyclic"", ""legendre"": 1, ""p"": 17}]",CLOSED_EXACT_CYCLIC_PRESENTATION
68,37,5,8,"[{""brown_mod8"": 5, ""canonical_t"": 5, ""e"": 2, ""kind"": ""2-cyclic-odd"", ""p"": 2}, {""canonical_t"": 3, ""e"": 1, ""kind"": ""odd-cyclic"", ""legendre"": -1, ""p"": 17}]",CLOSED_EXACT_CYCLIC_PRESENTATION
68,39,7,8,"[{""brown_mod8"": 7, ""canonical_t"": 7, ""e"": 2, ""kind"": ""2-cyclic-odd"", ""p"": 2}, {""canonical_t"": 3, ""e"": 1, ""kind"": ""odd-cyclic"", ""legendre"": -1, ""p"": 17}]",CLOSED_EXACT_CYCLIC_PRESENTATION
68,41,41,8,"[{""brown_mod8"": 1, ""canonical_t"": 1, ""e"": 2, ""kind"": ""2-cyclic-odd"", ""p"": 2}, {""canonical_t"": 3, ""e"": 1, ""kind"": ""odd-cyclic"", ""legendre"": -1, ""p"": 17}]",CLOSED_EXACT_CYCLIC_PRESENTATION
68,43,19,8,"[{""brown_mod8"": 3, ""canonical_t"": 3, ""e"": 2, ""kind"": ""2-cyclic-odd"", ""p"": 2}, {""canonical_t"": 1, ""e"": 1, ""kind"": ""odd-cyclic"", ""legendre"": 1, ""p"": 17}]",CLOSED_EXACT_CYCLIC_PRESENTATION
68,45,5,8,"[{""brown_mod8"": 5, ""canonical_t"": 5, ""e"": 2, ""kind"": ""2-cyclic-odd"", ""p"": 2}, {""canonical_t"": 3, ""e"": 1, ""kind"": ""odd-cyclic"", ""legendre"": -1, ""p"": 17}]",CLOSED_EXACT_CYCLIC_PRESENTATION
68,47,15,8,"[{""brown_mod8"": 7, ""canonical_t"": 7, ""e"": 2, ""kind"": ""2-cyclic-odd"", ""p"": 2}, {""canonical_t"": 1, ""e"": 1, ""kind"": ""odd-cyclic"", ""legendre"": 1, ""p"": 17}]",CLOSED_EXACT_CYCLIC_PRESENTATION
68,49,1,8,"[{""brown_mod8"": 1, ""canonical_t"": 1, ""e"": 2, ""kind"": ""2-cyclic-odd"", ""p"": 2}, {""canonical_t"": 1, ""e"": 1, ""kind"": ""odd-cyclic"", ""legendre"": 1, ""p"": 17}]",CLOSED_EXACT_CYCLIC_PRESENTATION
68,53,13,8,"[{""brown_mod8"": 5, ""canonical_t"": 5, ""e"": 2, ""kind"": ""2-cyclic-odd"", ""p"": 2}, {""canonical_t"": 1, ""e"": 1, ""kind"": ""odd-cyclic"", ""legendre"": 1, ""p"": 17}]",CLOSED_EXACT_CYCLIC_PRESENTATION
68,55,15,8,"[{""brown_mod8"": 7, ""canonical_t"": 7, ""e"": 2, ""kind"": ""2-cyclic-odd"", ""p"": 2}, {""canonical_t"": 1, ""e"": 1, ""kind"": ""odd-cyclic"", ""legendre"": 1, ""p"": 17}]",CLOSED_EXACT_CYCLIC_PRESENTATION
68,57,41,8,"[{""brown_mod8"": 1, ""canonical_t"": 1, ""e"": 2, ""kind"": ""2-cyclic-odd"", ""p"": 2}, {""canonical_t"": 3, ""e"": 1, ""kind"": ""odd-cyclic"", ""legendre"": -1, ""p"": 17}]",CLOSED_EXACT_CYCLIC_PRESENTATION
68,59,19,8,"[{""brown_mod8"": 3, ""canonical_t"": 3, ""e"": 2, ""kind"": ""2-cyclic-odd"", ""p"": 2}, {""canonical_t"": 1, ""e"": 1, ""kind"": ""odd-cyclic"", ""legendre"": 1, ""p"": 17}]",CLOSED_EXACT_CYCLIC_PRESENTATION
68,61,5,8,"[{""brown_mod8"": 5, ""canonical_t"": 5, ""e"": 2, ""kind"": ""2-cyclic-odd"", ""p"": 2}, {""canonical_t"": 3, ""e"": 1, ""kind"": ""odd-cyclic"", ""legendre"": -1, ""p"": 17}]",CLOSED_EXACT_CYCLIC_PRESENTATION
68,63,7,8,"[{""brown_mod8"": 7, ""canonical_t"": 7, ""e"": 2, ""kind"": ""2-cyclic-odd"", ""p"": 2}, {""canonical_t"": 3, ""e"": 1, ""kind"": ""odd-cyclic"", ""legendre"": -1, ""p"": 17}]",CLOSED_EXACT_CYCLIC_PRESENTATION
68,65,41,8,"[{""brown_mod8"": 1, ""canonical_t"": 1, ""e"": 2, ""kind"": ""2-cyclic-odd"", ""p"": 2}, {""canonical_t"": 3, ""e"": 1, ""kind"": ""odd-cyclic"", ""legendre"": -1, ""p"": 17}]",CLOSED_EXACT_CYCLIC_PRESENTATION
68,67,19,8,"[{""brown_mod8"": 3, ""canonical_t"": 3, ""e"": 2, ""kind"": ""2-cyclic-odd"", ""p"": 2}, {""canonical_t"": 1, ""e"": 1, ""kind"": ""odd-cyclic"", ""legendre"": 1, ""p"": 17}]",CLOSED_EXACT_CYCLIC_PRESENTATION
68,69,13,8,"[{""brown_mod8"": 5, ""canonical_t"": 5, ""e"": 2, ""kind"": ""2-cyclic-odd"", ""p"": 2}, {""canonical_t"": 1, ""e"": 1, ""kind"": ""odd-cyclic"", ""legendre"": 1, ""p"": 17}]",CLOSED_EXACT_CYCLIC_PRESENTATION
68,71,7,8,"[{""brown_mod8"": 7, ""canonical_t"": 7, ""e"": 2, ""kind"": ""2-cyclic-odd"", ""p"": 2}, {""canonical_t"": 3, ""e"": 1, ""kind"": ""odd-cyclic"", ""legendre"": -1, ""p"": 17}]",CLOSED_EXACT_CYCLIC_PRESENTATION
68,73,41,8,"[{""brown_mod8"": 1, ""canonical_t"": 1, ""e"": 2, ""kind"": ""2-cyclic-odd"", ""p"": 2}, {""canonical_t"": 3, ""e"": 1, ""kind"": ""odd-cyclic"", ""legendre"": -1, ""p"": 17}]",CLOSED_EXACT_CYCLIC_PRESENTATION
68,75,3,8,"[{""brown_mod8"": 3, ""canonical_t"": 3, ""e"": 2, ""kind"": ""2-cyclic-odd"", ""p"": 2}, {""canonical_t"": 3, ""e"": 1, ""kind"": ""odd-cyclic"", ""legendre"": -1, ""p"": 17}]",CLOSED_EXACT_CYCLIC_PRESENTATION
68,77,13,8,"[{""brown_mod8"": 5, ""canonical_t"": 5, ""e"": 2, ""kind"": ""2-cyclic-odd"", ""p"": 2}, {""canonical_t"": 1, ""e"": 1, ""kind"": ""odd-cyclic"", ""legendre"": 1, ""p"": 17}]",CLOSED_EXACT_CYCLIC_PRESENTATION
68,79,7,8,"[{""brown_mod8"": 7, ""canonical_t"": 7, ""e"": 2, ""kind"": ""2-cyclic-odd"", ""p"": 2}, {""canonical_t"": 3, ""e"": 1, ""kind"": ""odd-cyclic"", ""legendre"": -1, ""p"": 17}]",CLOSED_EXACT_CYCLIC_PRESENTATION
68,81,1,8,"[{""brown_mod8"": 1, ""canonical_t"": 1, ""e"": 2, ""kind"": ""2-cyclic-odd"", ""p"": 2}, {""canonical_t"": 1, ""e"": 1, ""kind"": ""odd-cyclic"", ""legendre"": 1, ""p"": 17}]",CLOSED_EXACT_CYCLIC_PRESENTATION
68,83,19,8,"[{""brown_mod8"": 3, ""canonical_t"": 3, ""e"": 2, ""kind"": ""2-cyclic-odd"", ""p"": 2}, {""canonical_t"": 1, ""e"": 1, ""kind"": ""odd-cyclic"", ""legendre"": 1, ""p"": 17}]",CLOSED_EXACT_CYCLIC_PRESENTATION
68,87,15,8,"[{""brown_mod8"": 7, ""canonical_t"": 7, ""e"": 2, ""kind"": ""2-cyclic-odd"", ""p"": 2}, {""canonical_t"": 1, ""e"": 1, ""kind"": ""odd-cyclic"", ""legendre"": 1, ""p"": 17}]",CLOSED_EXACT_CYCLIC_PRESENTATION
68,89,1,8,"[{""brown_mod8"": 1, ""canonical_t"": 1, ""e"": 2, ""kind"": ""2-cyclic-odd"", ""p"": 2}, {""canonical_t"": 1, ""e"": 1, ""kind"": ""odd-cyclic"", ""legendre"": 1, ""p"": 17}]",CLOSED_EXACT_CYCLIC_PRESENTATION
68,91,3,8,"[{""brown_mod8"": 3, ""canonical_t"": 3, ""e"": 2, ""kind"": ""2-cyclic-odd"", ""p"": 2}, {""canonical_t"": 3, ""e"": 1, ""kind"": ""odd-cyclic"", ""legendre"": -1, ""p"": 17}]",CLOSED_EXACT_CYCLIC_PRESENTATION
68,93,13,8,"[{""brown_mod8"": 5, ""canonical_t"": 5, ""e"": 2, ""kind"": ""2-cyclic-odd"", ""p"": 2}, {""canonical_t"": 1, ""e"": 1, ""kind"": ""odd-cyclic"", ""legendre"": 1, ""p"": 17}]",CLOSED_EXACT_CYCLIC_PRESENTATION
68,95,7,8,"[{""brown_mod8"": 7, ""canonical_t"": 7, ""e"": 2, ""kind"": ""2-cyclic-odd"", ""p"": 2}, {""canonical_t"": 3, ""e"": 1, ""kind"": ""odd-cyclic"", ""legendre"": -1, ""p"": 17}]",CLOSED_EXACT_CYCLIC_PRESENTATION
68,97,41,8,"[{""brown_mod8"": 1, ""canonical_t"": 1, ""e"": 2, ""kind"": ""2-cyclic-odd"", ""p"": 2}, {""canonical_t"": 3, ""e"": 1, ""kind"": ""odd-cyclic"", ""legendre"": -1, ""p"": 17}]",CLOSED_EXACT_CYCLIC_PRESENTATION
68,99,3,8,"[{""brown_mod8"": 3, ""canonical_t"": 3, ""e"": 2, ""kind"": ""2-cyclic-odd"", ""p"": 2}, {""canonical_t"": 3, ""e"": 1, ""kind"": ""odd-cyclic"", ""legendre"": -1, ""p"": 17}]",CLOSED_EXACT_CYCLIC_PRESENTATION
68,101,13,8,"[{""brown_mod8"": 5, ""canonical_t"": 5, ""e"": 2, ""kind"": ""2-cyclic-odd"", ""p"": 2}, {""canonical_t"": 1, ""e"": 1, ""kind"": ""odd-cyclic"", ""legendre"": 1, ""p"": 17}]",CLOSED_EXACT_CYCLIC_PRESENTATION
68,103,15,8,"[{""brown_mod8"": 7, ""canonical_t"": 7, ""e"": 2, ""kind"": ""2-cyclic-odd"", ""p"": 2}, {""canonical_t"": 1, ""e"": 1, ""kind"": ""odd-cyclic"", ""legendre"": 1, ""p"": 17}]",CLOSED_EXACT_CYCLIC_PRESENTATION
68,105,41,8,"[{""brown_mod8"": 1, ""canonical_t"": 1, ""e"": 2, ""kind"": ""2-cyclic-odd"", ""p"": 2}, {""canonical_t"": 3, ""e"": 1, ""kind"": ""odd-cyclic"", ""legendre"": -1, ""p"": 17}]",CLOSED_EXACT_CYCLIC_PRESENTATION
68,107,3,8,"[{""brown_mod8"": 3, ""canonical_t"": 3, ""e"": 2, ""kind"": ""2-cyclic-odd"", ""p"": 2}, {""canonical_t"": 3, ""e"": 1, ""kind"": ""odd-cyclic"", ""legendre"": -1, ""p"": 17}]",CLOSED_EXACT_CYCLIC_PRESENTATION
68,109,5,8,"[{""brown_mod8"": 5, ""canonical_t"": 5, ""e"": 2, ""kind"": ""2-cyclic-odd"", ""p"": 2}, {""canonical_t"": 3, ""e"": 1, ""kind"": ""odd-cyclic"", ""legendre"": -1, ""p"": 17}]",CLOSED_EXACT_CYCLIC_PRESENTATION
68,111,15,8,"[{""brown_mod8"": 7, ""canonical_t"": 7, ""e"": 2, ""kind"": ""2-cyclic-odd"", ""p"": 2}, {""canonical_t"": 1, ""e"": 1, ""kind"": ""odd-cyclic"", ""legendre"": 1, ""p"": 17}]",CLOSED_EXACT_CYCLIC_PRESENTATION
68,113,41,8,"[{""brown_mod8"": 1, ""canonical_t"": 1, ""e"": 2, ""kind"": ""2-cyclic-odd"", ""p"": 2}, {""canonical_t"": 3, ""e"": 1, ""kind"": ""odd-cyclic"", ""legendre"": -1, ""p"": 17}]",CLOSED_EXACT_CYCLIC_PRESENTATION
68,115,19,8,"[{""brown_mod8"": 3, ""canonical_t"": 3, ""e"": 2, ""kind"": ""2-cyclic-odd"", ""p"": 2}, {""canonical_t"": 1, ""e"": 1, ""kind"": ""odd-cyclic"", ""legendre"": 1, ""p"": 17}]",CLOSED_EXACT_CYCLIC_PRESENTATION
68,117,13,8,"[{""brown_mod8"": 5, ""canonical_t"": 5, ""e"": 2, ""kind"": ""2-cyclic-odd"", ""p"": 2}, {""canonical_t"": 1, ""e"": 1, ""kind"": ""odd-cyclic"", ""legendre"": 1, ""p"": 17}]",CLOSED_EXACT_CYCLIC_PRESENTATION
68,121,1,8,"[{""brown_mod8"": 1, ""canonical_t"": 1, ""e"": 2, ""kind"": ""2-cyclic-odd"", ""p"": 2}, {""canonical_t"": 1, ""e"": 1, ""kind"": ""odd-cyclic"", ""legendre"": 1, ""p"": 17}]",CLOSED_EXACT_CYCLIC_PRESENTATION
68,123,19,8,"[{""brown_mod8"": 3, ""canonical_t"": 3, ""e"": 2, ""kind"": ""2-cyclic-odd"", ""p"": 2}, {""canonical_t"": 1, ""e"": 1, ""kind"": ""odd-cyclic"", ""legendre"": 1, ""p"": 17}]",CLOSED_EXACT_CYCLIC_PRESENTATION
68,125,5,8,"[{""brown_mod8"": 5, ""canonical_t"": 5, ""e"": 2, ""kind"": ""2-cyclic-odd"", ""p"": 2}, {""canonical_t"": 3, ""e"": 1, ""kind"": ""odd-cyclic"", ""legendre"": -1, ""p"": 17}]",CLOSED_EXACT_CYCLIC_PRESENTATION
68,127,15,8,"[{""brown_mod8"": 7, ""canonical_t"": 7, ""e"": 2, ""kind"": ""2-cyclic-odd"", ""p"": 2}, {""canonical_t"": 1, ""e"": 1, ""kind"": ""odd-cyclic"", ""legendre"": 1, ""p"": 17}]",CLOSED_EXACT_CYCLIC_PRESENTATION
68,129,41,8,"[{""brown_mod8"": 1, ""canonical_t"": 1, ""e"": 2, ""kind"": ""2-cyclic-odd"", ""p"": 2}, {""canonical_t"": 3, ""e"": 1, ""kind"": ""odd-cyclic"", ""legendre"": -1, ""p"": 17}]",CLOSED_EXACT_CYCLIC_PRESENTATION
68,131,3,8,"[{""brown_mod8"": 3, ""canonical_t"": 3, ""e"": 2, ""kind"": ""2-cyclic-odd"", ""p"": 2}, {""canonical_t"": 3, ""e"": 1, ""kind"": ""odd-cyclic"", ""legendre"": -1, ""p"": 17}]",CLOSED_EXACT_CYCLIC_PRESENTATION
68,133,5,8,"[{""brown_mod8"": 5, ""canonical_t"": 5, ""e"": 2, ""kind"": ""2-cyclic-odd"", ""p"": 2}, {""canonical_t"": 3, ""e"": 1, ""kind"": ""odd-cyclic"", ""legendre"": -1, ""p"": 17}]",CLOSED_EXACT_CYCLIC_PRESENTATION
68,135,15,8,"[{""brown_mod8"": 7, ""canonical_t"": 7, ""e"": 2, ""kind"": ""2-cyclic-odd"", ""p"": 2}, {""canonical_t"": 1, ""e"": 1, ""kind"": ""odd-cyclic"", ""legendre"": 1, ""p"": 17}]",CLOSED_EXACT_CYCLIC_PRESENTATION
69,1,1,11,"[{""canonical_t"": 1, ""e"": 1, ""kind"": ""odd-cyclic"", ""legendre"": 1, ""p"": 3}, {""canonical_t"": 1, ""e"": 1, ""kind"": ""odd-cyclic"", ""legendre"": 1, ""p"": 23}]",CLOSED_EXACT_CYCLIC_PRESENTATION
69,5,5,11,"[{""canonical_t"": 2, ""e"": 1, ""kind"": ""odd-cyclic"", ""legendre"": -1, ""p"": 3}, {""canonical_t"": 5, ""e"": 1, ""kind"": ""odd-cyclic"", ""legendre"": -1, ""p"": 23}]",CLOSED_EXACT_CYCLIC_PRESENTATION
69,7,7,11,"[{""canonical_t"": 1, ""e"": 1, ""kind"": ""odd-cyclic"", ""legendre"": 1, ""p"": 3}, {""canonical_t"": 5, ""e"": 1, ""kind"": ""odd-cyclic"", ""legendre"": -1, ""p"": 23}]",CLOSED_EXACT_CYCLIC_PRESENTATION
69,11,5,11,"[{""canonical_t"": 2, ""e"": 1, ""kind"": ""odd-cyclic"", ""legendre"": -1, ""p"": 3}, {""canonical_t"": 5, ""e"": 1, ""kind"": ""odd-cyclic"", ""legendre"": -1, ""p"": 23}]",CLOSED_EXACT_CYCLIC_PRESENTATION
69,13,1,11,"[{""canonical_t"": 1, ""e"": 1, ""kind"": ""odd-cyclic"", ""legendre"": 1, ""p"": 3}, {""canonical_t"": 1, ""e"": 1, ""kind"": ""odd-cyclic"", ""legendre"": 1, ""p"": 23}]",CLOSED_EXACT_CYCLIC_PRESENTATION
69,17,5,11,"[{""canonical_t"": 2, ""e"": 1, ""kind"": ""odd-cyclic"", ""legendre"": -1, ""p"": 3}, {""canonical_t"": 5, ""e"": 1, ""kind"": ""odd-cyclic"", ""legendre"": -1, ""p"": 23}]",CLOSED_EXACT_CYCLIC_PRESENTATION
69,19,7,11,"[{""canonical_t"": 1, ""e"": 1, ""kind"": ""odd-cyclic"", ""legendre"": 1, ""p"": 3}, {""canonical_t"": 5, ""e"": 1, ""kind"": ""odd-cyclic"", ""legendre"": -1, ""p"": 23}]",CLOSED_EXACT_CYCLIC_PRESENTATION
69,25,1,11,"[{""canonical_t"": 1, ""e"": 1, ""kind"": ""odd-cyclic"", ""legendre"": 1, ""p"": 3}, {""canonical_t"": 1, ""e"": 1, ""kind"": ""odd-cyclic"", ""legendre"": 1, ""p"": 23}]",CLOSED_EXACT_CYCLIC_PRESENTATION
69,29,29,11,"[{""canonical_t"": 2, ""e"": 1, ""kind"": ""odd-cyclic"", ""legendre"": -1, ""p"": 3}, {""canonical_t"": 1, ""e"": 1, ""kind"": ""odd-cyclic"", ""legendre"": 1, ""p"": 23}]",CLOSED_EXACT_CYCLIC_PRESENTATION
69,31,1,11,"[{""canonical_t"": 1, ""e"": 1, ""kind"": ""odd-cyclic"", ""legendre"": 1, ""p"": 3}, {""canonical_t"": 1, ""e"": 1, ""kind"": ""odd-cyclic"", ""legendre"": 1, ""p"": 23}]",CLOSED_EXACT_CYCLIC_PRESENTATION
69,35,29,11,"[{""canonical_t"": 2, ""e"": 1, ""kind"": ""odd-cyclic"", ""legendre"": -1, ""p"": 3}, {""canonical_t"": 1, ""e"": 1, ""kind"": ""odd-cyclic"", ""legendre"": 1, ""p"": 23}]",CLOSED_EXACT_CYCLIC_PRESENTATION
69,37,7,11,"[{""canonical_t"": 1, ""e"": 1, ""kind"": ""odd-cyclic"", ""legendre"": 1, ""p"": 3}, {""canonical_t"": 5, ""e"": 1, ""kind"": ""odd-cyclic"", ""legendre"": -1, ""p"": 23}]",CLOSED_EXACT_CYCLIC_PRESENTATION
69,41,29,11,"[{""canonical_t"": 2, ""e"": 1, ""kind"": ""odd-cyclic"", ""legendre"": -1, ""p"": 3}, {""canonical_t"": 1, ""e"": 1, ""kind"": ""odd-cyclic"", ""legendre"": 1, ""p"": 23}]",CLOSED_EXACT_CYCLIC_PRESENTATION
69,43,7,11,"[{""canonical_t"": 1, ""e"": 1, ""kind"": ""odd-cyclic"", ""legendre"": 1, ""p"": 3}, {""canonical_t"": 5, ""e"": 1, ""kind"": ""odd-cyclic"", ""legendre"": -1, ""p"": 23}]",CLOSED_EXACT_CYCLIC_PRESENTATION
69,47,29,11,"[{""canonical_t"": 2, ""e"": 1, ""kind"": ""odd-cyclic"", ""legendre"": -1, ""p"": 3}, {""canonical_t"": 1, ""e"": 1, ""kind"": ""odd-cyclic"", ""legendre"": 1, ""p"": 23}]",CLOSED_EXACT_CYCLIC_PRESENTATION
69,49,1,11,"[{""canonical_t"": 1, ""e"": 1, ""kind"": ""odd-cyclic"", ""legendre"": 1, ""p"": 3}, {""canonical_t"": 1, ""e"": 1, ""kind"": ""odd-cyclic"", ""legendre"": 1, ""p"": 23}]",CLOSED_EXACT_CYCLIC_PRESENTATION
69,53,5,11,"[{""canonical_t"": 2, ""e"": 1, ""kind"": ""odd-cyclic"", ""legendre"": -1, ""p"": 3}, {""canonical_t"": 5, ""e"": 1, ""kind"": ""odd-cyclic"", ""legendre"": -1, ""p"": 23}]",CLOSED_EXACT_CYCLIC_PRESENTATION
69,55,1,11,"[{""canonical_t"": 1, ""e"": 1, ""kind"": ""odd-cyclic"", ""legendre"": 1, ""p"": 3}, {""canonical_t"": 1, ""e"": 1, ""kind"": ""odd-cyclic"", ""legendre"": 1, ""p"": 23}]",CLOSED_EXACT_CYCLIC_PRESENTATION
69,59,29,11,"[{""canonical_t"": 2, ""e"": 1, ""kind"": ""odd-cyclic"", ""legendre"": -1, ""p"": 3}, {""canonical_t"": 1, ""e"": 1, ""kind"": ""odd-cyclic"", ""legendre"": 1, ""p"": 23}]",CLOSED_EXACT_CYCLIC_PRESENTATION
69,61,7,11,"[{""canonical_t"": 1, ""e"": 1, ""kind"": ""odd-cyclic"", ""legendre"": 1, ""p"": 3}, {""canonical_t"": 5, ""e"": 1, ""kind"": ""odd-cyclic"", ""legendre"": -1, ""p"": 23}]",CLOSED_EXACT_CYCLIC_PRESENTATION
69,65,5,11,"[{""canonical_t"": 2, ""e"": 1, ""kind"": ""odd-cyclic"", ""legendre"": -1, ""p"": 3}, {""canonical_t"": 5, ""e"": 1, ""kind"": ""odd-cyclic"", ""legendre"": -1, ""p"": 23}]",CLOSED_EXACT_CYCLIC_PRESENTATION
69,67,7,11,"[{""canonical_t"": 1, ""e"": 1, ""kind"": ""odd-cyclic"", ""legendre"": 1, ""p"": 3}, {""canonical_t"": 5, ""e"": 1, ""kind"": ""odd-cyclic"", ""legendre"": -1, ""p"": 23}]",CLOSED_EXACT_CYCLIC_PRESENTATION
69,71,29,11,"[{""canonical_t"": 2, ""e"": 1, ""kind"": ""odd-cyclic"", ""legendre"": -1, ""p"": 3}, {""canonical_t"": 1, ""e"": 1, ""kind"": ""odd-cyclic"", ""legendre"": 1, ""p"": 23}]",CLOSED_EXACT_CYCLIC_PRESENTATION
69,73,1,11,"[{""canonical_t"": 1, ""e"": 1, ""kind"": ""odd-cyclic"", ""legendre"": 1, ""p"": 3}, {""canonical_t"": 1, ""e"": 1, ""kind"": ""odd-cyclic"", ""legendre"": 1, ""p"": 23}]",CLOSED_EXACT_CYCLIC_PRESENTATION
69,77,29,11,"[{""canonical_t"": 2, ""e"": 1, ""kind"": ""odd-cyclic"", ""legendre"": -1, ""p"": 3}, {""canonical_t"": 1, ""e"": 1, ""kind"": ""odd-cyclic"", ""legendre"": 1, ""p"": 23}]",CLOSED_EXACT_CYCLIC_PRESENTATION
69,79,7,11,"[{""canonical_t"": 1, ""e"": 1, ""kind"": ""odd-cyclic"", ""legendre"": 1, ""p"": 3}, {""canonical_t"": 5, ""e"": 1, ""kind"": ""odd-cyclic"", ""legendre"": -1, ""p"": 23}]",CLOSED_EXACT_CYCLIC_PRESENTATION
69,83,5,11,"[{""canonical_t"": 2, ""e"": 1, ""kind"": ""odd-cyclic"", ""legendre"": -1, ""p"": 3}, {""canonical_t"": 5, ""e"": 1, ""kind"": ""odd-cyclic"", ""legendre"": -1, ""p"": 23}]",CLOSED_EXACT_CYCLIC_PRESENTATION
69,85,1,11,"[{""canonical_t"": 1, ""e"": 1, ""kind"": ""odd-cyclic"", ""legendre"": 1, ""p"": 3}, {""canonical_t"": 1, ""e"": 1, ""kind"": ""odd-cyclic"", ""legendre"": 1, ""p"": 23}]",CLOSED_EXACT_CYCLIC_PRESENTATION
69,89,5,11,"[{""canonical_t"": 2, ""e"": 1, ""kind"": ""odd-cyclic"", ""legendre"": -1, ""p"": 3}, {""canonical_t"": 5, ""e"": 1, ""kind"": ""odd-cyclic"", ""legendre"": -1, ""p"": 23}]",CLOSED_EXACT_CYCLIC_PRESENTATION
69,91,7,11,"[{""canonical_t"": 1, ""e"": 1, ""kind"": ""odd-cyclic"", ""legendre"": 1, ""p"": 3}, {""canonical_t"": 5, ""e"": 1, ""kind"": ""odd-cyclic"", ""legendre"": -1, ""p"": 23}]",CLOSED_EXACT_CYCLIC_PRESENTATION
69,95,29,11,"[{""canonical_t"": 2, ""e"": 1, ""kind"": ""odd-cyclic"", ""legendre"": -1, ""p"": 3}, {""canonical_t"": 1, ""e"": 1, ""kind"": ""odd-cyclic"", ""legendre"": 1, ""p"": 23}]",CLOSED_EXACT_CYCLIC_PRESENTATION
69,97,7,11,"[{""canonical_t"": 1, ""e"": 1, ""kind"": ""odd-cyclic"", ""legendre"": 1, ""p"": 3}, {""canonical_t"": 5, ""e"": 1, ""kind"": ""odd-cyclic"", ""legendre"": -1, ""p"": 23}]",CLOSED_EXACT_CYCLIC_PRESENTATION
69,101,29,11,"[{""canonical_t"": 2, ""e"": 1, ""kind"": ""odd-cyclic"", ""legendre"": -1, ""p"": 3}, {""canonical_t"": 1, ""e"": 1, ""kind"": ""odd-cyclic"", ""legendre"": 1, ""p"": 23}]",CLOSED_EXACT_CYCLIC_PRESENTATION
69,103,7,11,"[{""canonical_t"": 1, ""e"": 1, ""kind"": ""odd-cyclic"", ""legendre"": 1, ""p"": 3}, {""canonical_t"": 5, ""e"": 1, ""kind"": ""odd-cyclic"", ""legendre"": -1, ""p"": 23}]",CLOSED_EXACT_CYCLIC_PRESENTATION
69,107,5,11,"[{""canonical_t"": 2, ""e"": 1, ""kind"": ""odd-cyclic"", ""legendre"": -1, ""p"": 3}, {""canonical_t"": 5, ""e"": 1, ""kind"": ""odd-cyclic"", ""legendre"": -1, ""p"": 23}]",CLOSED_EXACT_CYCLIC_PRESENTATION
69,109,7,11,"[{""canonical_t"": 1, ""e"": 1, ""kind"": ""odd-cyclic"", ""legendre"": 1, ""p"": 3}, {""canonical_t"": 5, ""e"": 1, ""kind"": ""odd-cyclic"", ""legendre"": -1, ""p"": 23}]",CLOSED_EXACT_CYCLIC_PRESENTATION
69,113,5,11,"[{""canonical_t"": 2, ""e"": 1, ""kind"": ""odd-cyclic"", ""legendre"": -1, ""p"": 3}, {""canonical_t"": 5, ""e"": 1, ""kind"": ""odd-cyclic"", ""legendre"": -1, ""p"": 23}]",CLOSED_EXACT_CYCLIC_PRESENTATION
69,119,29,11,"[{""canonical_t"": 2, ""e"": 1, ""kind"": ""odd-cyclic"", ""legendre"": -1, ""p"": 3}, {""canonical_t"": 1, ""e"": 1, ""kind"": ""odd-cyclic"", ""legendre"": 1, ""p"": 23}]",CLOSED_EXACT_CYCLIC_PRESENTATION
69,121,1,11,"[{""canonical_t"": 1, ""e"": 1, ""kind"": ""odd-cyclic"", ""legendre"": 1, ""p"": 3}, {""canonical_t"": 1, ""e"": 1, ""kind"": ""odd-cyclic"", ""legendre"": 1, ""p"": 23}]",CLOSED_EXACT_CYCLIC_PRESENTATION
69,125,5,11,"[{""canonical_t"": 2, ""e"": 1, ""kind"": ""odd-cyclic"", ""legendre"": -1, ""p"": 3}, {""canonical_t"": 5, ""e"": 1, ""kind"": ""odd-cyclic"", ""legendre"": -1, ""p"": 23}]",CLOSED_EXACT_CYCLIC_PRESENTATION
69,127,1,11,"[{""canonical_t"": 1, ""e"": 1, ""kind"": ""odd-cyclic"", ""legendre"": 1, ""p"": 3}, {""canonical_t"": 1, ""e"": 1, ""kind"": ""odd-cyclic"", ""legendre"": 1, ""p"": 23}]",CLOSED_EXACT_CYCLIC_PRESENTATION
69,131,29,11,"[{""canonical_t"": 2, ""e"": 1, ""kind"": ""odd-cyclic"", ""legendre"": -1, ""p"": 3}, {""canonical_t"": 1, ""e"": 1, ""kind"": ""odd-cyclic"", ""legendre"": 1, ""p"": 23}]",CLOSED_EXACT_CYCLIC_PRESENTATION
69,133,1,11,"[{""canonical_t"": 1, ""e"": 1, ""kind"": ""odd-cyclic"", ""legendre"": 1, ""p"": 3}, {""canonical_t"": 1, ""e"": 1, ""kind"": ""odd-cyclic"", ""legendre"": 1, ""p"": 23}]",CLOSED_EXACT_CYCLIC_PRESENTATION
69,137,5,11,"[{""canonical_t"": 2, ""e"": 1, ""kind"": ""odd-cyclic"", ""legendre"": -1, ""p"": 3}, {""canonical_t"": 5, ""e"": 1, ""kind"": ""odd-cyclic"", ""legendre"": -1, ""p"": 23}]",CLOSED_EXACT_CYCLIC_PRESENTATION
70,1,1,6,"[{""brown_mod8"": 1, ""canonical_t"": 1, ""e"": 1, ""kind"": ""2-cyclic-odd"", ""p"": 2}, {""canonical_t"": 1, ""e"": 1, ""kind"": ""odd-cyclic"", ""legendre"": 1, ""p"": 5}, {""canonical_t"": 1, ""e"": 1, ""kind"": ""odd-cyclic"", ""legendre"": 1, ""p"": 7}]",CLOSED_EXACT_CYCLIC_PRESENTATION
70,3,3,6,"[{""brown_mod8"": 3, ""canonical_t"": 3, ""e"": 1, ""kind"": ""2-cyclic-odd"", ""p"": 2}, {""canonical_t"": 2, ""e"": 1, ""kind"": ""odd-cyclic"", ""legendre"": -1, ""p"": 5}, {""canonical_t"": 3, ""e"": 1, ""kind"": ""odd-cyclic"", ""legendre"": -1, ""p"": 7}]",CLOSED_EXACT_CYCLIC_PRESENTATION
70,9,1,6,"[{""brown_mod8"": 1, ""canonical_t"": 1, ""e"": 1, ""kind"": ""2-cyclic-odd"", ""p"": 2}, {""canonical_t"": 1, ""e"": 1, ""kind"": ""odd-cyclic"", ""legendre"": 1, ""p"": 5}, {""canonical_t"": 1, ""e"": 1, ""kind"": ""odd-cyclic"", ""legendre"": 1, ""p"": 7}]",CLOSED_EXACT_CYCLIC_PRESENTATION
70,11,11,6,"[{""brown_mod8"": 3, ""canonical_t"": 3, ""e"": 1, ""kind"": ""2-cyclic-odd"", ""p"": 2}, {""canonical_t"": 1, ""e"": 1, ""kind"": ""odd-cyclic"", ""legendre"": 1, ""p"": 5}, {""canonical_t"": 1, ""e"": 1, ""kind"": ""odd-cyclic"", ""legendre"": 1, ""p"": 7}]",CLOSED_EXACT_CYCLIC_PRESENTATION
70,13,13,6,"[{""brown_mod8"": 1, ""canonical_t"": 1, ""e"": 1, ""kind"": ""2-cyclic-odd"", ""p"": 2}, {""canonical_t"": 2, ""e"": 1, ""kind"": ""odd-cyclic"", ""legendre"": -1, ""p"": 5}, {""canonical_t"": 3, ""e"": 1, ""kind"": ""odd-cyclic"", ""legendre"": -1, ""p"": 7}]",CLOSED_EXACT_CYCLIC_PRESENTATION
70,17,13,6,"[{""brown_mod8"": 1, ""canonical_t"": 1, ""e"": 1, ""kind"": ""2-cyclic-odd"", ""p"": 2}, {""canonical_t"": 2, ""e"": 1, ""kind"": ""odd-cyclic"", ""legendre"": -1, ""p"": 5}, {""canonical_t"": 3, ""e"": 1, ""kind"": ""odd-cyclic"", ""legendre"": -1, ""p"": 7}]",CLOSED_EXACT_CYCLIC_PRESENTATION
70,19,19,6,"[{""brown_mod8"": 3, ""canonical_t"": 3, ""e"": 1, ""kind"": ""2-cyclic-odd"", ""p"": 2}, {""canonical_t"": 1, ""e"": 1, ""kind"": ""odd-cyclic"", ""legendre"": 1, ""p"": 5}, {""canonical_t"": 3, ""e"": 1, ""kind"": ""odd-cyclic"", ""legendre"": -1, ""p"": 7}]",CLOSED_EXACT_CYCLIC_PRESENTATION
70,23,23,6,"[{""brown_mod8"": 3, ""canonical_t"": 3, ""e"": 1, ""kind"": ""2-cyclic-odd"", ""p"": 2}, {""canonical_t"": 2, ""e"": 1, ""kind"": ""odd-cyclic"", ""legendre"": -1, ""p"": 5}, {""canonical_t"": 1, ""e"": 1, ""kind"": ""odd-cyclic"", ""legendre"": 1, ""p"": 7}]",CLOSED_EXACT_CYCLIC_PRESENTATION
70,27,3,6,"[{""brown_mod8"": 3, ""canonical_t"": 3, ""e"": 1, ""kind"": ""2-cyclic-odd"", ""p"": 2}, {""canonical_t"": 2, ""e"": 1, ""kind"": ""odd-cyclic"", ""legendre"": -1, ""p"": 5}, {""canonical_t"": 3, ""e"": 1, ""kind"": ""odd-cyclic"", ""legendre"": -1, ""p"": 7}]",CLOSED_EXACT_CYCLIC_PRESENTATION
70,29,1,6,"[{""brown_mod8"": 1, ""canonical_t"": 1, ""e"": 1, ""kind"": ""2-cyclic-odd"", ""p"": 2}, {""canonical_t"": 1, ""e"": 1, ""kind"": ""odd-cyclic"", ""legendre"": 1, ""p"": 5}, {""canonical_t"": 1, ""e"": 1, ""kind"": ""odd-cyclic"", ""legendre"": 1, ""p"": 7}]",CLOSED_EXACT_CYCLIC_PRESENTATION
70,31,19,6,"[{""brown_mod8"": 3, ""canonical_t"": 3, ""e"": 1, ""kind"": ""2-cyclic-odd"", ""p"": 2}, {""canonical_t"": 1, ""e"": 1, ""kind"": ""odd-cyclic"", ""legendre"": 1, ""p"": 5}, {""canonical_t"": 3, ""e"": 1, ""kind"": ""odd-cyclic"", ""legendre"": -1, ""p"": 7}]",CLOSED_EXACT_CYCLIC_PRESENTATION
70,33,13,6,"[{""brown_mod8"": 1, ""canonical_t"": 1, ""e"": 1, ""kind"": ""2-cyclic-odd"", ""p"": 2}, {""canonical_t"": 2, ""e"": 1, ""kind"": ""odd-cyclic"", ""legendre"": -1, ""p"": 5}, {""canonical_t"": 3, ""e"": 1, ""kind"": ""odd-cyclic"", ""legendre"": -1, ""p"": 7}]",CLOSED_EXACT_CYCLIC_PRESENTATION
70,37,37,6,"[{""brown_mod8"": 1, ""canonical_t"": 1, ""e"": 1, ""kind"": ""2-cyclic-odd"", ""p"": 2}, {""canonical_t"": 2, ""e"": 1, ""kind"": ""odd-cyclic"", ""legendre"": -1, ""p"": 5}, {""canonical_t"": 1, ""e"": 1, ""kind"": ""odd-cyclic"", ""legendre"": 1, ""p"": 7}]",CLOSED_EXACT_CYCLIC_PRESENTATION
70,39,11,6,"[{""brown_mod8"": 3, ""canonical_t"": 3, ""e"": 1, ""kind"": ""2-cyclic-odd"", ""p"": 2}, {""canonical_t"": 1, ""e"": 1, ""kind"": ""odd-cyclic"", ""legendre"": 1, ""p"": 5}, {""canonical_t"": 1, ""e"": 1, ""kind"": ""odd-cyclic"", ""legendre"": 1, ""p"": 7}]",CLOSED_EXACT_CYCLIC_PRESENTATION
70,41,41,6,"[{""brown_mod8"": 1, ""canonical_t"": 1, ""e"": 1, ""kind"": ""2-cyclic-odd"", ""p"": 2}, {""canonical_t"": 1, ""e"": 1, ""kind"": ""odd-cyclic"", ""legendre"": 1, ""p"": 5}, {""canonical_t"": 3, ""e"": 1, ""kind"": ""odd-cyclic"", ""legendre"": -1, ""p"": 7}]",CLOSED_EXACT_CYCLIC_PRESENTATION
70,43,23,6,"[{""brown_mod8"": 3, ""canonical_t"": 3, ""e"": 1, ""kind"": ""2-cyclic-odd"", ""p"": 2}, {""canonical_t"": 2, ""e"": 1, ""kind"": ""odd-cyclic"", ""legendre"": -1, ""p"": 5}, {""canonical_t"": 1, ""e"": 1, ""kind"": ""odd-cyclic"", ""legendre"": 1, ""p"": 7}]",CLOSED_EXACT_CYCLIC_PRESENTATION
70,47,3,6,"[{""brown_mod8"": 3, ""canonical_t"": 3, ""e"": 1, ""kind"": ""2-cyclic-odd"", ""p"": 2}, {""canonical_t"": 2, ""e"": 1, ""kind"": ""odd-cyclic"", ""legendre"": -1, ""p"": 5}, {""canonical_t"": 3, ""e"": 1, ""kind"": ""odd-cyclic"", ""legendre"": -1, ""p"": 7}]",CLOSED_EXACT_CYCLIC_PRESENTATION
70,51,11,6,"[{""brown_mod8"": 3, ""canonical_t"": 3, ""e"": 1, ""kind"": ""2-cyclic-odd"", ""p"": 2}, {""canonical_t"": 1, ""e"": 1, ""kind"": ""odd-cyclic"", ""legendre"": 1, ""p"": 5}, {""canonical_t"": 1, ""e"": 1, ""kind"": ""odd-cyclic"", ""legendre"": 1, ""p"": 7}]",CLOSED_EXACT_CYCLIC_PRESENTATION
70,53,37,6,"[{""brown_mod8"": 1, ""canonical_t"": 1, ""e"": 1, ""kind"": ""2-cyclic-odd"", ""p"": 2}, {""canonical_t"": 2, ""e"": 1, ""kind"": ""odd-cyclic"", ""legendre"": -1, ""p"": 5}, {""canonical_t"": 1, ""e"": 1, ""kind"": ""odd-cyclic"", ""legendre"": 1, ""p"": 7}]",CLOSED_EXACT_CYCLIC_PRESENTATION
70,57,37,6,"[{""brown_mod8"": 1, ""canonical_t"": 1, ""e"": 1, ""kind"": ""2-cyclic-odd"", ""p"": 2}, {""canonical_t"": 2, ""e"": 1, ""kind"": ""odd-cyclic"", ""legendre"": -1, ""p"": 5}, {""canonical_t"": 1, ""e"": 1, ""kind"": ""odd-cyclic"", ""legendre"": 1, ""p"": 7}]",CLOSED_EXACT_CYCLIC_PRESENTATION
70,59,19,6,"[{""brown_mod8"": 3, ""canonical_t"": 3, ""e"": 1, ""kind"": ""2-cyclic-odd"", ""p"": 2}, {""canonical_t"": 1, ""e"": 1, ""kind"": ""odd-cyclic"", ""legendre"": 1, ""p"": 5}, {""canonical_t"": 3, ""e"": 1, ""kind"": ""odd-cyclic"", ""legendre"": -1, ""p"": 7}]",CLOSED_EXACT_CYCLIC_PRESENTATION
70,61,41,6,"[{""brown_mod8"": 1, ""canonical_t"": 1, ""e"": 1, ""kind"": ""2-cyclic-odd"", ""p"": 2}, {""canonical_t"": 1, ""e"": 1, ""kind"": ""odd-cyclic"", ""legendre"": 1, ""p"": 5}, {""canonical_t"": 3, ""e"": 1, ""kind"": ""odd-cyclic"", ""legendre"": -1, ""p"": 7}]",CLOSED_EXACT_CYCLIC_PRESENTATION
70,67,23,6,"[{""brown_mod8"": 3, ""canonical_t"": 3, ""e"": 1, ""kind"": ""2-cyclic-odd"", ""p"": 2}, {""canonical_t"": 2, ""e"": 1, ""kind"": ""odd-cyclic"", ""legendre"": -1, ""p"": 5}, {""canonical_t"": 1, ""e"": 1, ""kind"": ""odd-cyclic"", ""legendre"": 1, ""p"": 7}]",CLOSED_EXACT_CYCLIC_PRESENTATION
70,69,41,6,"[{""brown_mod8"": 1, ""canonical_t"": 1, ""e"": 1, ""kind"": ""2-cyclic-odd"", ""p"": 2}, {""canonical_t"": 1, ""e"": 1, ""kind"": ""odd-cyclic"", ""legendre"": 1, ""p"": 5}, {""canonical_t"": 3, ""e"": 1, ""kind"": ""odd-cyclic"", ""legendre"": -1, ""p"": 7}]",CLOSED_EXACT_CYCLIC_PRESENTATION
70,71,11,6,"[{""brown_mod8"": 3, ""canonical_t"": 3, ""e"": 1, ""kind"": ""2-cyclic-odd"", ""p"": 2}, {""canonical_t"": 1, ""e"": 1, ""kind"": ""odd-cyclic"", ""legendre"": 1, ""p"": 5}, {""canonical_t"": 1, ""e"": 1, ""kind"": ""odd-cyclic"", ""legendre"": 1, ""p"": 7}]",CLOSED_EXACT_CYCLIC_PRESENTATION
70,73,13,6,"[{""brown_mod8"": 1, ""canonical_t"": 1, ""e"": 1, ""kind"": ""2-cyclic-odd"", ""p"": 2}, {""canonical_t"": 2, ""e"": 1, ""kind"": ""odd-cyclic"", ""legendre"": -1, ""p"": 5}, {""canonical_t"": 3, ""e"": 1, ""kind"": ""odd-cyclic"", ""legendre"": -1, ""p"": 7}]",CLOSED_EXACT_CYCLIC_PRESENTATION
70,79,11,6,"[{""brown_mod8"": 3, ""canonical_t"": 3, ""e"": 1, ""kind"": ""2-cyclic-odd"", ""p"": 2}, {""canonical_t"": 1, ""e"": 1, ""kind"": ""odd-cyclic"", ""legendre"": 1, ""p"": 5}, {""canonical_t"": 1, ""e"": 1, ""kind"": ""odd-cyclic"", ""legendre"": 1, ""p"": 7}]",CLOSED_EXACT_CYCLIC_PRESENTATION
70,81,1,6,"[{""brown_mod8"": 1, ""canonical_t"": 1, ""e"": 1, ""kind"": ""2-cyclic-odd"", ""p"": 2}, {""canonical_t"": 1, ""e"": 1, ""kind"": ""odd-cyclic"", ""legendre"": 1, ""p"": 5}, {""canonical_t"": 1, ""e"": 1, ""kind"": ""odd-cyclic"", ""legendre"": 1, ""p"": 7}]",CLOSED_EXACT_CYCLIC_PRESENTATION
70,83,3,6,"[{""brown_mod8"": 3, ""canonical_t"": 3, ""e"": 1, ""kind"": ""2-cyclic-odd"", ""p"": 2}, {""canonical_t"": 2, ""e"": 1, ""kind"": ""odd-cyclic"", ""legendre"": -1, ""p"": 5}, {""canonical_t"": 3, ""e"": 1, ""kind"": ""odd-cyclic"", ""legendre"": -1, ""p"": 7}]",CLOSED_EXACT_CYCLIC_PRESENTATION
70,87,3,6,"[{""brown_mod8"": 3, ""canonical_t"": 3, ""e"": 1, ""kind"": ""2-cyclic-odd"", ""p"": 2}, {""canonical_t"": 2, ""e"": 1, ""kind"": ""odd-cyclic"", ""legendre"": -1, ""p"": 5}, {""canonical_t"": 3, ""e"": 1, ""kind"": ""odd-cyclic"", ""legendre"": -1, ""p"": 7}]",CLOSED_EXACT_CYCLIC_PRESENTATION
70,89,41,6,"[{""brown_mod8"": 1, ""canonical_t"": 1, ""e"": 1, ""kind"": ""2-cyclic-odd"", ""p"": 2}, {""canonical_t"": 1, ""e"": 1, ""kind"": ""odd-cyclic"", ""legendre"": 1, ""p"": 5}, {""canonical_t"": 3, ""e"": 1, ""kind"": ""odd-cyclic"", ""legendre"": -1, ""p"": 7}]",CLOSED_EXACT_CYCLIC_PRESENTATION
70,93,37,6,"[{""brown_mod8"": 1, ""canonical_t"": 1, ""e"": 1, ""kind"": ""2-cyclic-odd"", ""p"": 2}, {""canonical_t"": 2, ""e"": 1, ""kind"": ""odd-cyclic"", ""legendre"": -1, ""p"": 5}, {""canonical_t"": 1, ""e"": 1, ""kind"": ""odd-cyclic"", ""legendre"": 1, ""p"": 7}]",CLOSED_EXACT_CYCLIC_PRESENTATION
70,97,13,6,"[{""brown_mod8"": 1, ""canonical_t"": 1, ""e"": 1, ""kind"": ""2-cyclic-odd"", ""p"": 2}, {""canonical_t"": 2, ""e"": 1, ""kind"": ""odd-cyclic"", ""legendre"": -1, ""p"": 5}, {""canonical_t"": 3, ""e"": 1, ""kind"": ""odd-cyclic"", ""legendre"": -1, ""p"": 7}]",CLOSED_EXACT_CYCLIC_PRESENTATION
70,99,11,6,"[{""brown_mod8"": 3, ""canonical_t"": 3, ""e"": 1, ""kind"": ""2-cyclic-odd"", ""p"": 2}, {""canonical_t"": 1, ""e"": 1, ""kind"": ""odd-cyclic"", ""legendre"": 1, ""p"": 5}, {""canonical_t"": 1, ""e"": 1, ""kind"": ""odd-cyclic"", ""legendre"": 1, ""p"": 7}]",CLOSED_EXACT_CYCLIC_PRESENTATION
70,101,41,6,"[{""brown_mod8"": 1, ""canonical_t"": 1, ""e"": 1, ""kind"": ""2-cyclic-odd"", ""p"": 2}, {""canonical_t"": 1, ""e"": 1, ""kind"": ""odd-cyclic"", ""legendre"": 1, ""p"": 5}, {""canonical_t"": 3, ""e"": 1, ""kind"": ""odd-cyclic"", ""legendre"": -1, ""p"": 7}]",CLOSED_EXACT_CYCLIC_PRESENTATION
70,103,3,6,"[{""brown_mod8"": 3, ""canonical_t"": 3, ""e"": 1, ""kind"": ""2-cyclic-odd"", ""p"": 2}, {""canonical_t"": 2, ""e"": 1, ""kind"": ""odd-cyclic"", ""legendre"": -1, ""p"": 5}, {""canonical_t"": 3, ""e"": 1, ""kind"": ""odd-cyclic"", ""legendre"": -1, ""p"": 7}]",CLOSED_EXACT_CYCLIC_PRESENTATION
70,107,23,6,"[{""brown_mod8"": 3, ""canonical_t"": 3, ""e"": 1, ""kind"": ""2-cyclic-odd"", ""p"": 2}, {""canonical_t"": 2, ""e"": 1, ""kind"": ""odd-cyclic"", ""legendre"": -1, ""p"": 5}, {""canonical_t"": 1, ""e"": 1, ""kind"": ""odd-cyclic"", ""legendre"": 1, ""p"": 7}]",CLOSED_EXACT_CYCLIC_PRESENTATION
70,109,1,6,"[{""brown_mod8"": 1, ""canonical_t"": 1, ""e"": 1, ""kind"": ""2-cyclic-odd"", ""p"": 2}, {""canonical_t"": 1, ""e"": 1, ""kind"": ""odd-cyclic"", ""legendre"": 1, ""p"": 5}, {""canonical_t"": 1, ""e"": 1, ""kind"": ""odd-cyclic"", ""legendre"": 1, ""p"": 7}]",CLOSED_EXACT_CYCLIC_PRESENTATION
70,111,19,6,"[{""brown_mod8"": 3, ""canonical_t"": 3, ""e"": 1, ""kind"": ""2-cyclic-odd"", ""p"": 2}, {""canonical_t"": 1, ""e"": 1, ""kind"": ""odd-cyclic"", ""legendre"": 1, ""p"": 5}, {""canonical_t"": 3, ""e"": 1, ""kind"": ""odd-cyclic"", ""legendre"": -1, ""p"": 7}]",CLOSED_EXACT_CYCLIC_PRESENTATION
70,113,37,6,"[{""brown_mod8"": 1, ""canonical_t"": 1, ""e"": 1, ""kind"": ""2-cyclic-odd"", ""p"": 2}, {""canonical_t"": 2, ""e"": 1, ""kind"": ""odd-cyclic"", ""legendre"": -1, ""p"": 5}, {""canonical_t"": 1, ""e"": 1, ""kind"": ""odd-cyclic"", ""legendre"": 1, ""p"": 7}]",CLOSED_EXACT_CYCLIC_PRESENTATION
70,117,13,6,"[{""brown_mod8"": 1, ""canonical_t"": 1, ""e"": 1, ""kind"": ""2-cyclic-odd"", ""p"": 2}, {""canonical_t"": 2, ""e"": 1, ""kind"": ""odd-cyclic"", ""legendre"": -1, ""p"": 5}, {""canonical_t"": 3, ""e"": 1, ""kind"": ""odd-cyclic"", ""legendre"": -1, ""p"": 7}]",CLOSED_EXACT_CYCLIC_PRESENTATION
70,121,1,6,"[{""brown_mod8"": 1, ""canonical_t"": 1, ""e"": 1, ""kind"": ""2-cyclic-odd"", ""p"": 2}, {""canonical_t"": 1, ""e"": 1, ""kind"": ""odd-cyclic"", ""legendre"": 1, ""p"": 5}, {""canonical_t"": 1, ""e"": 1, ""kind"": ""odd-cyclic"", ""legendre"": 1, ""p"": 7}]",CLOSED_EXACT_CYCLIC_PRESENTATION
70,123,23,6,"[{""brown_mod8"": 3, ""canonical_t"": 3, ""e"": 1, ""kind"": ""2-cyclic-odd"", ""p"": 2}, {""canonical_t"": 2, ""e"": 1, ""kind"": ""odd-cyclic"", ""legendre"": -1, ""p"": 5}, {""canonical_t"": 1, ""e"": 1, ""kind"": ""odd-cyclic"", ""legendre"": 1, ""p"": 7}]",CLOSED_EXACT_CYCLIC_PRESENTATION
70,127,23,6,"[{""brown_mod8"": 3, ""canonical_t"": 3, ""e"": 1, ""kind"": ""2-cyclic-odd"", ""p"": 2}, {""canonical_t"": 2, ""e"": 1, ""kind"": ""odd-cyclic"", ""legendre"": -1, ""p"": 5}, {""canonical_t"": 1, ""e"": 1, ""kind"": ""odd-cyclic"", ""legendre"": 1, ""p"": 7}]",CLOSED_EXACT_CYCLIC_PRESENTATION
70,129,41,6,"[{""brown_mod8"": 1, ""canonical_t"": 1, ""e"": 1, ""kind"": ""2-cyclic-odd"", ""p"": 2}, {""canonical_t"": 1, ""e"": 1, ""kind"": ""odd-cyclic"", ""legendre"": 1, ""p"": 5}, {""canonical_t"": 3, ""e"": 1, ""kind"": ""odd-cyclic"", ""legendre"": -1, ""p"": 7}]",CLOSED_EXACT_CYCLIC_PRESENTATION
70,131,19,6,"[{""brown_mod8"": 3, ""canonical_t"": 3, ""e"": 1, ""kind"": ""2-cyclic-odd"", ""p"": 2}, {""canonical_t"": 1, ""e"": 1, ""kind"": ""odd-cyclic"", ""legendre"": 1, ""p"": 5}, {""canonical_t"": 3, ""e"": 1, ""kind"": ""odd-cyclic"", ""legendre"": -1, ""p"": 7}]",CLOSED_EXACT_CYCLIC_PRESENTATION
70,137,37,6,"[{""brown_mod8"": 1, ""canonical_t"": 1, ""e"": 1, ""kind"": ""2-cyclic-odd"", ""p"": 2}, {""canonical_t"": 2, ""e"": 1, ""kind"": ""odd-cyclic"", ""legendre"": -1, ""p"": 5}, {""canonical_t"": 1, ""e"": 1, ""kind"": ""odd-cyclic"", ""legendre"": 1, ""p"": 7}]",CLOSED_EXACT_CYCLIC_PRESENTATION
70,139,19,6,"[{""brown_mod8"": 3, ""canonical_t"": 3, ""e"": 1, ""kind"": ""2-cyclic-odd"", ""p"": 2}, {""canonical_t"": 1, ""e"": 1, ""kind"": ""odd-cyclic"", ""legendre"": 1, ""p"": 5}, {""canonical_t"": 3, ""e"": 1, ""kind"": ""odd-cyclic"", ""legendre"": -1, ""p"": 7}]",CLOSED_EXACT_CYCLIC_PRESENTATION
71,1,1,35,"[{""canonical_t"": 1, ""e"": 1, ""kind"": ""odd-cyclic"", ""legendre"": 1, ""p"": 71}]",CLOSED_EXACT_CYCLIC_PRESENTATION
71,3,1,35,"[{""canonical_t"": 1, ""e"": 1, ""kind"": ""odd-cyclic"", ""legendre"": 1, ""p"": 71}]",CLOSED_EXACT_CYCLIC_PRESENTATION
71,5,1,35,"[{""canonical_t"": 1, ""e"": 1, ""kind"": ""odd-cyclic"", ""legendre"": 1, ""p"": 71}]",CLOSED_EXACT_CYCLIC_PRESENTATION
71,7,7,35,"[{""canonical_t"": 7, ""e"": 1, ""kind"": ""odd-cyclic"", ""legendre"": -1, ""p"": 71}]",CLOSED_EXACT_CYCLIC_PRESENTATION
71,9,1,35,"[{""canonical_t"": 1, ""e"": 1, ""kind"": ""odd-cyclic"", ""legendre"": 1, ""p"": 71}]",CLOSED_EXACT_CYCLIC_PRESENTATION
71,11,7,35,"[{""canonical_t"": 7, ""e"": 1, ""kind"": ""odd-cyclic"", ""legendre"": -1, ""p"": 71}]",CLOSED_EXACT_CYCLIC_PRESENTATION
71,13,7,35,"[{""canonical_t"": 7, ""e"": 1, ""kind"": ""odd-cyclic"", ""legendre"": -1, ""p"": 71}]",CLOSED_EXACT_CYCLIC_PRESENTATION
71,15,1,35,"[{""canonical_t"": 1, ""e"": 1, ""kind"": ""odd-cyclic"", ""legendre"": 1, ""p"": 71}]",CLOSED_EXACT_CYCLIC_PRESENTATION
71,17,7,35,"[{""canonical_t"": 7, ""e"": 1, ""kind"": ""odd-cyclic"", ""legendre"": -1, ""p"": 71}]",CLOSED_EXACT_CYCLIC_PRESENTATION
71,19,1,35,"[{""canonical_t"": 1, ""e"": 1, ""kind"": ""odd-cyclic"", ""legendre"": 1, ""p"": 71}]",CLOSED_EXACT_CYCLIC_PRESENTATION
71,21,7,35,"[{""canonical_t"": 7, ""e"": 1, ""kind"": ""odd-cyclic"", ""legendre"": -1, ""p"": 71}]",CLOSED_EXACT_CYCLIC_PRESENTATION
71,23,7,35,"[{""canonical_t"": 7, ""e"": 1, ""kind"": ""odd-cyclic"", ""legendre"": -1, ""p"": 71}]",CLOSED_EXACT_CYCLIC_PRESENTATION
71,25,1,35,"[{""canonical_t"": 1, ""e"": 1, ""kind"": ""odd-cyclic"", ""legendre"": 1, ""p"": 71}]",CLOSED_EXACT_CYCLIC_PRESENTATION
71,27,1,35,"[{""canonical_t"": 1, ""e"": 1, ""kind"": ""odd-cyclic"", ""legendre"": 1, ""p"": 71}]",CLOSED_EXACT_CYCLIC_PRESENTATION
71,29,1,35,"[{""canonical_t"": 1, ""e"": 1, ""kind"": ""odd-cyclic"", ""legendre"": 1, ""p"": 71}]",CLOSED_EXACT_CYCLIC_PRESENTATION
71,31,7,35,"[{""canonical_t"": 7, ""e"": 1, ""kind"": ""odd-cyclic"", ""legendre"": -1, ""p"": 71}]",CLOSED_EXACT_CYCLIC_PRESENTATION
71,33,7,35,"[{""canonical_t"": 7, ""e"": 1, ""kind"": ""odd-cyclic"", ""legendre"": -1, ""p"": 71}]",CLOSED_EXACT_CYCLIC_PRESENTATION
71,35,7,35,"[{""canonical_t"": 7, ""e"": 1, ""kind"": ""odd-cyclic"", ""legendre"": -1, ""p"": 71}]",CLOSED_EXACT_CYCLIC_PRESENTATION
71,37,1,35,"[{""canonical_t"": 1, ""e"": 1, ""kind"": ""odd-cyclic"", ""legendre"": 1, ""p"": 71}]",CLOSED_EXACT_CYCLIC_PRESENTATION
71,39,7,35,"[{""canonical_t"": 7, ""e"": 1, ""kind"": ""odd-cyclic"", ""legendre"": -1, ""p"": 71}]",CLOSED_EXACT_CYCLIC_PRESENTATION
71,41,7,35,"[{""canonical_t"": 7, ""e"": 1, ""kind"": ""odd-cyclic"", ""legendre"": -1, ""p"": 71}]",CLOSED_EXACT_CYCLIC_PRESENTATION
71,43,1,35,"[{""canonical_t"": 1, ""e"": 1, ""kind"": ""odd-cyclic"", ""legendre"": 1, ""p"": 71}]",CLOSED_EXACT_CYCLIC_PRESENTATION
71,45,1,35,"[{""canonical_t"": 1, ""e"": 1, ""kind"": ""odd-cyclic"", ""legendre"": 1, ""p"": 71}]",CLOSED_EXACT_CYCLIC_PRESENTATION
71,47,7,35,"[{""canonical_t"": 7, ""e"": 1, ""kind"": ""odd-cyclic"", ""legendre"": -1, ""p"": 71}]",CLOSED_EXACT_CYCLIC_PRESENTATION
71,49,1,35,"[{""canonical_t"": 1, ""e"": 1, ""kind"": ""odd-cyclic"", ""legendre"": 1, ""p"": 71}]",CLOSED_EXACT_CYCLIC_PRESENTATION
71,51,7,35,"[{""canonical_t"": 7, ""e"": 1, ""kind"": ""odd-cyclic"", ""legendre"": -1, ""p"": 71}]",CLOSED_EXACT_CYCLIC_PRESENTATION
71,53,7,35,"[{""canonical_t"": 7, ""e"": 1, ""kind"": ""odd-cyclic"", ""legendre"": -1, ""p"": 71}]",CLOSED_EXACT_CYCLIC_PRESENTATION
71,55,7,35,"[{""canonical_t"": 7, ""e"": 1, ""kind"": ""odd-cyclic"", ""legendre"": -1, ""p"": 71}]",CLOSED_EXACT_CYCLIC_PRESENTATION
71,57,1,35,"[{""canonical_t"": 1, ""e"": 1, ""kind"": ""odd-cyclic"", ""legendre"": 1, ""p"": 71}]",CLOSED_EXACT_CYCLIC_PRESENTATION
71,59,7,35,"[{""canonical_t"": 7, ""e"": 1, ""kind"": ""odd-cyclic"", ""legendre"": -1, ""p"": 71}]",CLOSED_EXACT_CYCLIC_PRESENTATION
71,61,7,35,"[{""canonical_t"": 7, ""e"": 1, ""kind"": ""odd-cyclic"", ""legendre"": -1, ""p"": 71}]",CLOSED_EXACT_CYCLIC_PRESENTATION
71,63,7,35,"[{""canonical_t"": 7, ""e"": 1, ""kind"": ""odd-cyclic"", ""legendre"": -1, ""p"": 71}]",CLOSED_EXACT_CYCLIC_PRESENTATION
71,65,7,35,"[{""canonical_t"": 7, ""e"": 1, ""kind"": ""odd-cyclic"", ""legendre"": -1, ""p"": 71}]",CLOSED_EXACT_CYCLIC_PRESENTATION
71,67,7,35,"[{""canonical_t"": 7, ""e"": 1, ""kind"": ""odd-cyclic"", ""legendre"": -1, ""p"": 71}]",CLOSED_EXACT_CYCLIC_PRESENTATION
71,69,7,35,"[{""canonical_t"": 7, ""e"": 1, ""kind"": ""odd-cyclic"", ""legendre"": -1, ""p"": 71}]",CLOSED_EXACT_CYCLIC_PRESENTATION
71,73,1,35,"[{""canonical_t"": 1, ""e"": 1, ""kind"": ""odd-cyclic"", ""legendre"": 1, ""p"": 71}]",CLOSED_EXACT_CYCLIC_PRESENTATION
71,75,1,35,"[{""canonical_t"": 1, ""e"": 1, ""kind"": ""odd-cyclic"", ""legendre"": 1, ""p"": 71}]",CLOSED_EXACT_CYCLIC_PRESENTATION
71,77,1,35,"[{""canonical_t"": 1, ""e"": 1, ""kind"": ""odd-cyclic"", ""legendre"": 1, ""p"": 71}]",CLOSED_EXACT_CYCLIC_PRESENTATION
71,79,1,35,"[{""canonical_t"": 1, ""e"": 1, ""kind"": ""odd-cyclic"", ""legendre"": 1, ""p"": 71}]",CLOSED_EXACT_CYCLIC_PRESENTATION
71,81,1,35,"[{""canonical_t"": 1, ""e"": 1, ""kind"": ""odd-cyclic"", ""legendre"": 1, ""p"": 71}]",CLOSED_EXACT_CYCLIC_PRESENTATION
71,83,1,35,"[{""canonical_t"": 1, ""e"": 1, ""kind"": ""odd-cyclic"", ""legendre"": 1, ""p"": 71}]",CLOSED_EXACT_CYCLIC_PRESENTATION
71,85,7,35,"[{""canonical_t"": 7, ""e"": 1, ""kind"": ""odd-cyclic"", ""legendre"": -1, ""p"": 71}]",CLOSED_EXACT_CYCLIC_PRESENTATION
71,87,1,35,"[{""canonical_t"": 1, ""e"": 1, ""kind"": ""odd-cyclic"", ""legendre"": 1, ""p"": 71}]",CLOSED_EXACT_CYCLIC_PRESENTATION
71,89,1,35,"[{""canonical_t"": 1, ""e"": 1, ""kind"": ""odd-cyclic"", ""legendre"": 1, ""p"": 71}]",CLOSED_EXACT_CYCLIC_PRESENTATION
71,91,1,35,"[{""canonical_t"": 1, ""e"": 1, ""kind"": ""odd-cyclic"", ""legendre"": 1, ""p"": 71}]",CLOSED_EXACT_CYCLIC_PRESENTATION
71,93,7,35,"[{""canonical_t"": 7, ""e"": 1, ""kind"": ""odd-cyclic"", ""legendre"": -1, ""p"": 71}]",CLOSED_EXACT_CYCLIC_PRESENTATION
71,95,1,35,"[{""canonical_t"": 1, ""e"": 1, ""kind"": ""odd-cyclic"", ""legendre"": 1, ""p"": 71}]",CLOSED_EXACT_CYCLIC_PRESENTATION
71,97,7,35,"[{""canonical_t"": 7, ""e"": 1, ""kind"": ""odd-cyclic"", ""legendre"": -1, ""p"": 71}]",CLOSED_EXACT_CYCLIC_PRESENTATION
71,99,7,35,"[{""canonical_t"": 7, ""e"": 1, ""kind"": ""odd-cyclic"", ""legendre"": -1, ""p"": 71}]",CLOSED_EXACT_CYCLIC_PRESENTATION
71,101,1,35,"[{""canonical_t"": 1, ""e"": 1, ""kind"": ""odd-cyclic"", ""legendre"": 1, ""p"": 71}]",CLOSED_EXACT_CYCLIC_PRESENTATION
71,103,1,35,"[{""canonical_t"": 1, ""e"": 1, ""kind"": ""odd-cyclic"", ""legendre"": 1, ""p"": 71}]",CLOSED_EXACT_CYCLIC_PRESENTATION
71,105,7,35,"[{""canonical_t"": 7, ""e"": 1, ""kind"": ""odd-cyclic"", ""legendre"": -1, ""p"": 71}]",CLOSED_EXACT_CYCLIC_PRESENTATION
71,107,1,35,"[{""canonical_t"": 1, ""e"": 1, ""kind"": ""odd-cyclic"", ""legendre"": 1, ""p"": 71}]",CLOSED_EXACT_CYCLIC_PRESENTATION
71,109,1,35,"[{""canonical_t"": 1, ""e"": 1, ""kind"": ""odd-cyclic"", ""legendre"": 1, ""p"": 71}]",CLOSED_EXACT_CYCLIC_PRESENTATION
71,111,1,35,"[{""canonical_t"": 1, ""e"": 1, ""kind"": ""odd-cyclic"", ""legendre"": 1, ""p"": 71}]",CLOSED_EXACT_CYCLIC_PRESENTATION
71,113,7,35,"[{""canonical_t"": 7, ""e"": 1, ""kind"": ""odd-cyclic"", ""legendre"": -1, ""p"": 71}]",CLOSED_EXACT_CYCLIC_PRESENTATION
71,115,7,35,"[{""canonical_t"": 7, ""e"": 1, ""kind"": ""odd-cyclic"", ""legendre"": -1, ""p"": 71}]",CLOSED_EXACT_CYCLIC_PRESENTATION
71,117,7,35,"[{""canonical_t"": 7, ""e"": 1, ""kind"": ""odd-cyclic"", ""legendre"": -1, ""p"": 71}]",CLOSED_EXACT_CYCLIC_PRESENTATION
71,119,1,35,"[{""canonical_t"": 1, ""e"": 1, ""kind"": ""odd-cyclic"", ""legendre"": 1, ""p"": 71}]",CLOSED_EXACT_CYCLIC_PRESENTATION
71,121,1,35,"[{""canonical_t"": 1, ""e"": 1, ""kind"": ""odd-cyclic"", ""legendre"": 1, ""p"": 71}]",CLOSED_EXACT_CYCLIC_PRESENTATION
71,123,7,35,"[{""canonical_t"": 7, ""e"": 1, ""kind"": ""odd-cyclic"", ""legendre"": -1, ""p"": 71}]",CLOSED_EXACT_CYCLIC_PRESENTATION
71,125,1,35,"[{""canonical_t"": 1, ""e"": 1, ""kind"": ""odd-cyclic"", ""legendre"": 1, ""p"": 71}]",CLOSED_EXACT_CYCLIC_PRESENTATION
71,127,7,35,"[{""canonical_t"": 7, ""e"": 1, ""kind"": ""odd-cyclic"", ""legendre"": -1, ""p"": 71}]",CLOSED_EXACT_CYCLIC_PRESENTATION
71,129,1,35,"[{""canonical_t"": 1, ""e"": 1, ""kind"": ""odd-cyclic"", ""legendre"": 1, ""p"": 71}]",CLOSED_EXACT_CYCLIC_PRESENTATION
71,131,1,35,"[{""canonical_t"": 1, ""e"": 1, ""kind"": ""odd-cyclic"", ""legendre"": 1, ""p"": 71}]",CLOSED_EXACT_CYCLIC_PRESENTATION
71,133,7,35,"[{""canonical_t"": 7, ""e"": 1, ""kind"": ""odd-cyclic"", ""legendre"": -1, ""p"": 71}]",CLOSED_EXACT_CYCLIC_PRESENTATION
71,135,1,35,"[{""canonical_t"": 1, ""e"": 1, ""kind"": ""odd-cyclic"", ""legendre"": 1, ""p"": 71}]",CLOSED_EXACT_CYCLIC_PRESENTATION
71,137,7,35,"[{""canonical_t"": 7, ""e"": 1, ""kind"": ""odd-cyclic"", ""legendre"": -1, ""p"": 71}]",CLOSED_EXACT_CYCLIC_PRESENTATION
71,139,7,35,"[{""canonical_t"": 7, ""e"": 1, ""kind"": ""odd-cyclic"", ""legendre"": -1, ""p"": 71}]",CLOSED_EXACT_CYCLIC_PRESENTATION
71,141,7,35,"[{""canonical_t"": 7, ""e"": 1, ""kind"": ""odd-cyclic"", ""legendre"": -1, ""p"": 71}]",CLOSED_EXACT_CYCLIC_PRESENTATION
72,1,1,6,"[{""brown_mod8"": 1, ""canonical_t"": 1, ""e"": 3, ""kind"": ""2-cyclic-odd"", ""p"": 2}, {""canonical_t"": 1, ""e"": 2, ""kind"": ""odd-cyclic"", ""legendre"": 1, ""p"": 3}]",CLOSED_EXACT_CYCLIC_PRESENTATION
72,5,5,6,"[{""brown_mod8"": 5, ""canonical_t"": 5, ""e"": 3, ""kind"": ""2-cyclic-odd"", ""p"": 2}, {""canonical_t"": 2, ""e"": 2, ""kind"": ""odd-cyclic"", ""legendre"": -1, ""p"": 3}]",CLOSED_EXACT_CYCLIC_PRESENTATION
72,7,7,6,"[{""brown_mod8"": 7, ""canonical_t"": 7, ""e"": 3, ""kind"": ""2-cyclic-odd"", ""p"": 2}, {""canonical_t"": 1, ""e"": 2, ""kind"": ""odd-cyclic"", ""legendre"": 1, ""p"": 3}]",CLOSED_EXACT_CYCLIC_PRESENTATION
72,11,11,6,"[{""brown_mod8"": 3, ""canonical_t"": 3, ""e"": 3, ""kind"": ""2-cyclic-odd"", ""p"": 2}, {""canonical_t"": 2, ""e"": 2, ""kind"": ""odd-cyclic"", ""legendre"": -1, ""p"": 3}]",CLOSED_EXACT_CYCLIC_PRESENTATION
72,13,13,6,"[{""brown_mod8"": 5, ""canonical_t"": 5, ""e"": 3, ""kind"": ""2-cyclic-odd"", ""p"": 2}, {""canonical_t"": 1, ""e"": 2, ""kind"": ""odd-cyclic"", ""legendre"": 1, ""p"": 3}]",CLOSED_EXACT_CYCLIC_PRESENTATION
72,17,17,6,"[{""brown_mod8"": 1, ""canonical_t"": 1, ""e"": 3, ""kind"": ""2-cyclic-odd"", ""p"": 2}, {""canonical_t"": 2, ""e"": 2, ""kind"": ""odd-cyclic"", ""legendre"": -1, ""p"": 3}]",CLOSED_EXACT_CYCLIC_PRESENTATION
72,19,19,6,"[{""brown_mod8"": 3, ""canonical_t"": 3, ""e"": 3, ""kind"": ""2-cyclic-odd"", ""p"": 2}, {""canonical_t"": 1, ""e"": 2, ""kind"": ""odd-cyclic"", ""legendre"": 1, ""p"": 3}]",CLOSED_EXACT_CYCLIC_PRESENTATION
72,23,23,6,"[{""brown_mod8"": 7, ""canonical_t"": 7, ""e"": 3, ""kind"": ""2-cyclic-odd"", ""p"": 2}, {""canonical_t"": 2, ""e"": 2, ""kind"": ""odd-cyclic"", ""legendre"": -1, ""p"": 3}]",CLOSED_EXACT_CYCLIC_PRESENTATION
72,25,1,6,"[{""brown_mod8"": 1, ""canonical_t"": 1, ""e"": 3, ""kind"": ""2-cyclic-odd"", ""p"": 2}, {""canonical_t"": 1, ""e"": 2, ""kind"": ""odd-cyclic"", ""legendre"": 1, ""p"": 3}]",CLOSED_EXACT_CYCLIC_PRESENTATION
72,29,5,6,"[{""brown_mod8"": 5, ""canonical_t"": 5, ""e"": 3, ""kind"": ""2-cyclic-odd"", ""p"": 2}, {""canonical_t"": 2, ""e"": 2, ""kind"": ""odd-cyclic"", ""legendre"": -1, ""p"": 3}]",CLOSED_EXACT_CYCLIC_PRESENTATION
72,31,7,6,"[{""brown_mod8"": 7, ""canonical_t"": 7, ""e"": 3, ""kind"": ""2-cyclic-odd"", ""p"": 2}, {""canonical_t"": 1, ""e"": 2, ""kind"": ""odd-cyclic"", ""legendre"": 1, ""p"": 3}]",CLOSED_EXACT_CYCLIC_PRESENTATION
72,35,11,6,"[{""brown_mod8"": 3, ""canonical_t"": 3, ""e"": 3, ""kind"": ""2-cyclic-odd"", ""p"": 2}, {""canonical_t"": 2, ""e"": 2, ""kind"": ""odd-cyclic"", ""legendre"": -1, ""p"": 3}]",CLOSED_EXACT_CYCLIC_PRESENTATION
72,37,13,6,"[{""brown_mod8"": 5, ""canonical_t"": 5, ""e"": 3, ""kind"": ""2-cyclic-odd"", ""p"": 2}, {""canonical_t"": 1, ""e"": 2, ""kind"": ""odd-cyclic"", ""legendre"": 1, ""p"": 3}]",CLOSED_EXACT_CYCLIC_PRESENTATION
72,41,17,6,"[{""brown_mod8"": 1, ""canonical_t"": 1, ""e"": 3, ""kind"": ""2-cyclic-odd"", ""p"": 2}, {""canonical_t"": 2, ""e"": 2, ""kind"": ""odd-cyclic"", ""legendre"": -1, ""p"": 3}]",CLOSED_EXACT_CYCLIC_PRESENTATION
72,43,19,6,"[{""brown_mod8"": 3, ""canonical_t"": 3, ""e"": 3, ""kind"": ""2-cyclic-odd"", ""p"": 2}, {""canonical_t"": 1, ""e"": 2, ""kind"": ""odd-cyclic"", ""legendre"": 1, ""p"": 3}]",CLOSED_EXACT_CYCLIC_PRESENTATION
72,47,23,6,"[{""brown_mod8"": 7, ""canonical_t"": 7, ""e"": 3, ""kind"": ""2-cyclic-odd"", ""p"": 2}, {""canonical_t"": 2, ""e"": 2, ""kind"": ""odd-cyclic"", ""legendre"": -1, ""p"": 3}]",CLOSED_EXACT_CYCLIC_PRESENTATION
72,49,1,6,"[{""brown_mod8"": 1, ""canonical_t"": 1, ""e"": 3, ""kind"": ""2-cyclic-odd"", ""p"": 2}, {""canonical_t"": 1, ""e"": 2, ""kind"": ""odd-cyclic"", ""legendre"": 1, ""p"": 3}]",CLOSED_EXACT_CYCLIC_PRESENTATION
72,53,5,6,"[{""brown_mod8"": 5, ""canonical_t"": 5, ""e"": 3, ""kind"": ""2-cyclic-odd"", ""p"": 2}, {""canonical_t"": 2, ""e"": 2, ""kind"": ""odd-cyclic"", ""legendre"": -1, ""p"": 3}]",CLOSED_EXACT_CYCLIC_PRESENTATION
72,55,7,6,"[{""brown_mod8"": 7, ""canonical_t"": 7, ""e"": 3, ""kind"": ""2-cyclic-odd"", ""p"": 2}, {""canonical_t"": 1, ""e"": 2, ""kind"": ""odd-cyclic"", ""legendre"": 1, ""p"": 3}]",CLOSED_EXACT_CYCLIC_PRESENTATION
72,59,11,6,"[{""brown_mod8"": 3, ""canonical_t"": 3, ""e"": 3, ""kind"": ""2-cyclic-odd"", ""p"": 2}, {""canonical_t"": 2, ""e"": 2, ""kind"": ""odd-cyclic"", ""legendre"": -1, ""p"": 3}]",CLOSED_EXACT_CYCLIC_PRESENTATION
72,61,13,6,"[{""brown_mod8"": 5, ""canonical_t"": 5, ""e"": 3, ""kind"": ""2-cyclic-odd"", ""p"": 2}, {""canonical_t"": 1, ""e"": 2, ""kind"": ""odd-cyclic"", ""legendre"": 1, ""p"": 3}]",CLOSED_EXACT_CYCLIC_PRESENTATION
72,65,17,6,"[{""brown_mod8"": 1, ""canonical_t"": 1, ""e"": 3, ""kind"": ""2-cyclic-odd"", ""p"": 2}, {""canonical_t"": 2, ""e"": 2, ""kind"": ""odd-cyclic"", ""legendre"": -1, ""p"": 3}]",CLOSED_EXACT_CYCLIC_PRESENTATION
72,67,19,6,"[{""brown_mod8"": 3, ""canonical_t"": 3, ""e"": 3, ""kind"": ""2-cyclic-odd"", ""p"": 2}, {""canonical_t"": 1, ""e"": 2, ""kind"": ""odd-cyclic"", ""legendre"": 1, ""p"": 3}]",CLOSED_EXACT_CYCLIC_PRESENTATION
72,71,23,6,"[{""brown_mod8"": 7, ""canonical_t"": 7, ""e"": 3, ""kind"": ""2-cyclic-odd"", ""p"": 2}, {""canonical_t"": 2, ""e"": 2, ""kind"": ""odd-cyclic"", ""legendre"": -1, ""p"": 3}]",CLOSED_EXACT_CYCLIC_PRESENTATION
72,73,1,6,"[{""brown_mod8"": 1, ""canonical_t"": 1, ""e"": 3, ""kind"": ""2-cyclic-odd"", ""p"": 2}, {""canonical_t"": 1, ""e"": 2, ""kind"": ""odd-cyclic"", ""legendre"": 1, ""p"": 3}]",CLOSED_EXACT_CYCLIC_PRESENTATION
72,77,5,6,"[{""brown_mod8"": 5, ""canonical_t"": 5, ""e"": 3, ""kind"": ""2-cyclic-odd"", ""p"": 2}, {""canonical_t"": 2, ""e"": 2, ""kind"": ""odd-cyclic"", ""legendre"": -1, ""p"": 3}]",CLOSED_EXACT_CYCLIC_PRESENTATION
72,79,7,6,"[{""brown_mod8"": 7, ""canonical_t"": 7, ""e"": 3, ""kind"": ""2-cyclic-odd"", ""p"": 2}, {""canonical_t"": 1, ""e"": 2, ""kind"": ""odd-cyclic"", ""legendre"": 1, ""p"": 3}]",CLOSED_EXACT_CYCLIC_PRESENTATION
72,83,11,6,"[{""brown_mod8"": 3, ""canonical_t"": 3, ""e"": 3, ""kind"": ""2-cyclic-odd"", ""p"": 2}, {""canonical_t"": 2, ""e"": 2, ""kind"": ""odd-cyclic"", ""legendre"": -1, ""p"": 3}]",CLOSED_EXACT_CYCLIC_PRESENTATION
72,85,13,6,"[{""brown_mod8"": 5, ""canonical_t"": 5, ""e"": 3, ""kind"": ""2-cyclic-odd"", ""p"": 2}, {""canonical_t"": 1, ""e"": 2, ""kind"": ""odd-cyclic"", ""legendre"": 1, ""p"": 3}]",CLOSED_EXACT_CYCLIC_PRESENTATION
72,89,17,6,"[{""brown_mod8"": 1, ""canonical_t"": 1, ""e"": 3, ""kind"": ""2-cyclic-odd"", ""p"": 2}, {""canonical_t"": 2, ""e"": 2, ""kind"": ""odd-cyclic"", ""legendre"": -1, ""p"": 3}]",CLOSED_EXACT_CYCLIC_PRESENTATION
72,91,19,6,"[{""brown_mod8"": 3, ""canonical_t"": 3, ""e"": 3, ""kind"": ""2-cyclic-odd"", ""p"": 2}, {""canonical_t"": 1, ""e"": 2, ""kind"": ""odd-cyclic"", ""legendre"": 1, ""p"": 3}]",CLOSED_EXACT_CYCLIC_PRESENTATION
72,95,23,6,"[{""brown_mod8"": 7, ""canonical_t"": 7, ""e"": 3, ""kind"": ""2-cyclic-odd"", ""p"": 2}, {""canonical_t"": 2, ""e"": 2, ""kind"": ""odd-cyclic"", ""legendre"": -1, ""p"": 3}]",CLOSED_EXACT_CYCLIC_PRESENTATION
72,97,1,6,"[{""brown_mod8"": 1, ""canonical_t"": 1, ""e"": 3, ""kind"": ""2-cyclic-odd"", ""p"": 2}, {""canonical_t"": 1, ""e"": 2, ""kind"": ""odd-cyclic"", ""legendre"": 1, ""p"": 3}]",CLOSED_EXACT_CYCLIC_PRESENTATION
72,101,5,6,"[{""brown_mod8"": 5, ""canonical_t"": 5, ""e"": 3, ""kind"": ""2-cyclic-odd"", ""p"": 2}, {""canonical_t"": 2, ""e"": 2, ""kind"": ""odd-cyclic"", ""legendre"": -1, ""p"": 3}]",CLOSED_EXACT_CYCLIC_PRESENTATION
72,103,7,6,"[{""brown_mod8"": 7, ""canonical_t"": 7, ""e"": 3, ""kind"": ""2-cyclic-odd"", ""p"": 2}, {""canonical_t"": 1, ""e"": 2, ""kind"": ""odd-cyclic"", ""legendre"": 1, ""p"": 3}]",CLOSED_EXACT_CYCLIC_PRESENTATION
72,107,11,6,"[{""brown_mod8"": 3, ""canonical_t"": 3, ""e"": 3, ""kind"": ""2-cyclic-odd"", ""p"": 2}, {""canonical_t"": 2, ""e"": 2, ""kind"": ""odd-cyclic"", ""legendre"": -1, ""p"": 3}]",CLOSED_EXACT_CYCLIC_PRESENTATION
72,109,13,6,"[{""brown_mod8"": 5, ""canonical_t"": 5, ""e"": 3, ""kind"": ""2-cyclic-odd"", ""p"": 2}, {""canonical_t"": 1, ""e"": 2, ""kind"": ""odd-cyclic"", ""legendre"": 1, ""p"": 3}]",CLOSED_EXACT_CYCLIC_PRESENTATION
72,113,17,6,"[{""brown_mod8"": 1, ""canonical_t"": 1, ""e"": 3, ""kind"": ""2-cyclic-odd"", ""p"": 2}, {""canonical_t"": 2, ""e"": 2, ""kind"": ""odd-cyclic"", ""legendre"": -1, ""p"": 3}]",CLOSED_EXACT_CYCLIC_PRESENTATION
72,115,19,6,"[{""brown_mod8"": 3, ""canonical_t"": 3, ""e"": 3, ""kind"": ""2-cyclic-odd"", ""p"": 2}, {""canonical_t"": 1, ""e"": 2, ""kind"": ""odd-cyclic"", ""legendre"": 1, ""p"": 3}]",CLOSED_EXACT_CYCLIC_PRESENTATION
72,119,23,6,"[{""brown_mod8"": 7, ""canonical_t"": 7, ""e"": 3, ""kind"": ""2-cyclic-odd"", ""p"": 2}, {""canonical_t"": 2, ""e"": 2, ""kind"": ""odd-cyclic"", ""legendre"": -1, ""p"": 3}]",CLOSED_EXACT_CYCLIC_PRESENTATION
72,121,1,6,"[{""brown_mod8"": 1, ""canonical_t"": 1, ""e"": 3, ""kind"": ""2-cyclic-odd"", ""p"": 2}, {""canonical_t"": 1, ""e"": 2, ""kind"": ""odd-cyclic"", ""legendre"": 1, ""p"": 3}]",CLOSED_EXACT_CYCLIC_PRESENTATION
72,125,5,6,"[{""brown_mod8"": 5, ""canonical_t"": 5, ""e"": 3, ""kind"": ""2-cyclic-odd"", ""p"": 2}, {""canonical_t"": 2, ""e"": 2, ""kind"": ""odd-cyclic"", ""legendre"": -1, ""p"": 3}]",CLOSED_EXACT_CYCLIC_PRESENTATION
72,127,7,6,"[{""brown_mod8"": 7, ""canonical_t"": 7, ""e"": 3, ""kind"": ""2-cyclic-odd"", ""p"": 2}, {""canonical_t"": 1, ""e"": 2, ""kind"": ""odd-cyclic"", ""legendre"": 1, ""p"": 3}]",CLOSED_EXACT_CYCLIC_PRESENTATION
72,131,11,6,"[{""brown_mod8"": 3, ""canonical_t"": 3, ""e"": 3, ""kind"": ""2-cyclic-odd"", ""p"": 2}, {""canonical_t"": 2, ""e"": 2, ""kind"": ""odd-cyclic"", ""legendre"": -1, ""p"": 3}]",CLOSED_EXACT_CYCLIC_PRESENTATION
72,133,13,6,"[{""brown_mod8"": 5, ""canonical_t"": 5, ""e"": 3, ""kind"": ""2-cyclic-odd"", ""p"": 2}, {""canonical_t"": 1, ""e"": 2, ""kind"": ""odd-cyclic"", ""legendre"": 1, ""p"": 3}]",CLOSED_EXACT_CYCLIC_PRESENTATION
72,137,17,6,"[{""brown_mod8"": 1, ""canonical_t"": 1, ""e"": 3, ""kind"": ""2-cyclic-odd"", ""p"": 2}, {""canonical_t"": 2, ""e"": 2, ""kind"": ""odd-cyclic"", ""legendre"": -1, ""p"": 3}]",CLOSED_EXACT_CYCLIC_PRESENTATION
72,139,19,6,"[{""brown_mod8"": 3, ""canonical_t"": 3, ""e"": 3, ""kind"": ""2-cyclic-odd"", ""p"": 2}, {""canonical_t"": 1, ""e"": 2, ""kind"": ""odd-cyclic"", ""legendre"": 1, ""p"": 3}]",CLOSED_EXACT_CYCLIC_PRESENTATION
72,143,23,6,"[{""brown_mod8"": 7, ""canonical_t"": 7, ""e"": 3, ""kind"": ""2-cyclic-odd"", ""p"": 2}, {""canonical_t"": 2, ""e"": 2, ""kind"": ""odd-cyclic"", ""legendre"": -1, ""p"": 3}]",CLOSED_EXACT_CYCLIC_PRESENTATION
73,1,1,36,"[{""canonical_t"": 1, ""e"": 1, ""kind"": ""odd-cyclic"", ""legendre"": 1, ""p"": 73}]",CLOSED_EXACT_CYCLIC_PRESENTATION
73,3,1,36,"[{""canonical_t"": 1, ""e"": 1, ""kind"": ""odd-cyclic"", ""legendre"": 1, ""p"": 73}]",CLOSED_EXACT_CYCLIC_PRESENTATION
73,5,5,36,"[{""canonical_t"": 5, ""e"": 1, ""kind"": ""odd-cyclic"", ""legendre"": -1, ""p"": 73}]",CLOSED_EXACT_CYCLIC_PRESENTATION
73,7,5,36,"[{""canonical_t"": 5, ""e"": 1, ""kind"": ""odd-cyclic"", ""legendre"": -1, ""p"": 73}]",CLOSED_EXACT_CYCLIC_PRESENTATION
73,9,1,36,"[{""canonical_t"": 1, ""e"": 1, ""kind"": ""odd-cyclic"", ""legendre"": 1, ""p"": 73}]",CLOSED_EXACT_CYCLIC_PRESENTATION
73,11,5,36,"[{""canonical_t"": 5, ""e"": 1, ""kind"": ""odd-cyclic"", ""legendre"": -1, ""p"": 73}]",CLOSED_EXACT_CYCLIC_PRESENTATION
73,13,5,36,"[{""canonical_t"": 5, ""e"": 1, ""kind"": ""odd-cyclic"", ""legendre"": -1, ""p"": 73}]",CLOSED_EXACT_CYCLIC_PRESENTATION
73,15,5,36,"[{""canonical_t"": 5, ""e"": 1, ""kind"": ""odd-cyclic"", ""legendre"": -1, ""p"": 73}]",CLOSED_EXACT_CYCLIC_PRESENTATION
73,17,5,36,"[{""canonical_t"": 5, ""e"": 1, ""kind"": ""odd-cyclic"", ""legendre"": -1, ""p"": 73}]",CLOSED_EXACT_CYCLIC_PRESENTATION
73,19,1,36,"[{""canonical_t"": 1, ""e"": 1, ""kind"": ""odd-cyclic"", ""legendre"": 1, ""p"": 73}]",CLOSED_EXACT_CYCLIC_PRESENTATION
73,21,5,36,"[{""canonical_t"": 5, ""e"": 1, ""kind"": ""odd-cyclic"", ""legendre"": -1, ""p"": 73}]",CLOSED_EXACT_CYCLIC_PRESENTATION
73,23,1,36,"[{""canonical_t"": 1, ""e"": 1, ""kind"": ""odd-cyclic"", ""legendre"": 1, ""p"": 73}]",CLOSED_EXACT_CYCLIC_PRESENTATION
73,25,1,36,"[{""canonical_t"": 1, ""e"": 1, ""kind"": ""odd-cyclic"", ""legendre"": 1, ""p"": 73}]",CLOSED_EXACT_CYCLIC_PRESENTATION
73,27,1,36,"[{""canonical_t"": 1, ""e"": 1, ""kind"": ""odd-cyclic"", ""legendre"": 1, ""p"": 73}]",CLOSED_EXACT_CYCLIC_PRESENTATION
73,29,5,36,"[{""canonical_t"": 5, ""e"": 1, ""kind"": ""odd-cyclic"", ""legendre"": -1, ""p"": 73}]",CLOSED_EXACT_CYCLIC_PRESENTATION
73,31,5,36,"[{""canonical_t"": 5, ""e"": 1, ""kind"": ""odd-cyclic"", ""legendre"": -1, ""p"": 73}]",CLOSED_EXACT_CYCLIC_PRESENTATION
73,33,5,36,"[{""canonical_t"": 5, ""e"": 1, ""kind"": ""odd-cyclic"", ""legendre"": -1, ""p"": 73}]",CLOSED_EXACT_CYCLIC_PRESENTATION
73,35,1,36,"[{""canonical_t"": 1, ""e"": 1, ""kind"": ""odd-cyclic"", ""legendre"": 1, ""p"": 73}]",CLOSED_EXACT_CYCLIC_PRESENTATION
73,37,1,36,"[{""canonical_t"": 1, ""e"": 1, ""kind"": ""odd-cyclic"", ""legendre"": 1, ""p"": 73}]",CLOSED_EXACT_CYCLIC_PRESENTATION
73,39,5,36,"[{""canonical_t"": 5, ""e"": 1, ""kind"": ""odd-cyclic"", ""legendre"": -1, ""p"": 73}]",CLOSED_EXACT_CYCLIC_PRESENTATION
73,41,1,36,"[{""canonical_t"": 1, ""e"": 1, ""kind"": ""odd-cyclic"", ""legendre"": 1, ""p"": 73}]",CLOSED_EXACT_CYCLIC_PRESENTATION
73,43,5,36,"[{""canonical_t"": 5, ""e"": 1, ""kind"": ""odd-cyclic"", ""legendre"": -1, ""p"": 73}]",CLOSED_EXACT_CYCLIC_PRESENTATION
73,45,5,36,"[{""canonical_t"": 5, ""e"": 1, ""kind"": ""odd-cyclic"", ""legendre"": -1, ""p"": 73}]",CLOSED_EXACT_CYCLIC_PRESENTATION
73,47,5,36,"[{""canonical_t"": 5, ""e"": 1, ""kind"": ""odd-cyclic"", ""legendre"": -1, ""p"": 73}]",CLOSED_EXACT_CYCLIC_PRESENTATION
73,49,1,36,"[{""canonical_t"": 1, ""e"": 1, ""kind"": ""odd-cyclic"", ""legendre"": 1, ""p"": 73}]",CLOSED_EXACT_CYCLIC_PRESENTATION
73,51,5,36,"[{""canonical_t"": 5, ""e"": 1, ""kind"": ""odd-cyclic"", ""legendre"": -1, ""p"": 73}]",CLOSED_EXACT_CYCLIC_PRESENTATION
73,53,5,36,"[{""canonical_t"": 5, ""e"": 1, ""kind"": ""odd-cyclic"", ""legendre"": -1, ""p"": 73}]",CLOSED_EXACT_CYCLIC_PRESENTATION
73,55,1,36,"[{""canonical_t"": 1, ""e"": 1, ""kind"": ""odd-cyclic"", ""legendre"": 1, ""p"": 73}]",CLOSED_EXACT_CYCLIC_PRESENTATION
73,57,1,36,"[{""canonical_t"": 1, ""e"": 1, ""kind"": ""odd-cyclic"", ""legendre"": 1, ""p"": 73}]",CLOSED_EXACT_CYCLIC_PRESENTATION
73,59,5,36,"[{""canonical_t"": 5, ""e"": 1, ""kind"": ""odd-cyclic"", ""legendre"": -1, ""p"": 73}]",CLOSED_EXACT_CYCLIC_PRESENTATION
73,61,1,36,"[{""canonical_t"": 1, ""e"": 1, ""kind"": ""odd-cyclic"", ""legendre"": 1, ""p"": 73}]",CLOSED_EXACT_CYCLIC_PRESENTATION
73,63,5,36,"[{""canonical_t"": 5, ""e"": 1, ""kind"": ""odd-cyclic"", ""legendre"": -1, ""p"": 73}]",CLOSED_EXACT_CYCLIC_PRESENTATION
73,65,1,36,"[{""canonical_t"": 1, ""e"": 1, ""kind"": ""odd-cyclic"", ""legendre"": 1, ""p"": 73}]",CLOSED_EXACT_CYCLIC_PRESENTATION
73,67,1,36,"[{""canonical_t"": 1, ""e"": 1, ""kind"": ""odd-cyclic"", ""legendre"": 1, ""p"": 73}]",CLOSED_EXACT_CYCLIC_PRESENTATION
73,69,1,36,"[{""canonical_t"": 1, ""e"": 1, ""kind"": ""odd-cyclic"", ""legendre"": 1, ""p"": 73}]",CLOSED_EXACT_CYCLIC_PRESENTATION
73,71,1,36,"[{""canonical_t"": 1, ""e"": 1, ""kind"": ""odd-cyclic"", ""legendre"": 1, ""p"": 73}]",CLOSED_EXACT_CYCLIC_PRESENTATION
73,75,1,36,"[{""canonical_t"": 1, ""e"": 1, ""kind"": ""odd-cyclic"", ""legendre"": 1, ""p"": 73}]",CLOSED_EXACT_CYCLIC_PRESENTATION
73,77,1,36,"[{""canonical_t"": 1, ""e"": 1, ""kind"": ""odd-cyclic"", ""legendre"": 1, ""p"": 73}]",CLOSED_EXACT_CYCLIC_PRESENTATION
73,79,1,36,"[{""canonical_t"": 1, ""e"": 1, ""kind"": ""odd-cyclic"", ""legendre"": 1, ""p"": 73}]",CLOSED_EXACT_CYCLIC_PRESENTATION
73,81,1,36,"[{""canonical_t"": 1, ""e"": 1, ""kind"": ""odd-cyclic"", ""legendre"": 1, ""p"": 73}]",CLOSED_EXACT_CYCLIC_PRESENTATION
73,83,5,36,"[{""canonical_t"": 5, ""e"": 1, ""kind"": ""odd-cyclic"", ""legendre"": -1, ""p"": 73}]",CLOSED_EXACT_CYCLIC_PRESENTATION
73,85,1,36,"[{""canonical_t"": 1, ""e"": 1, ""kind"": ""odd-cyclic"", ""legendre"": 1, ""p"": 73}]",CLOSED_EXACT_CYCLIC_PRESENTATION
73,87,5,36,"[{""canonical_t"": 5, ""e"": 1, ""kind"": ""odd-cyclic"", ""legendre"": -1, ""p"": 73}]",CLOSED_EXACT_CYCLIC_PRESENTATION
73,89,1,36,"[{""canonical_t"": 1, ""e"": 1, ""kind"": ""odd-cyclic"", ""legendre"": 1, ""p"": 73}]",CLOSED_EXACT_CYCLIC_PRESENTATION
73,91,1,36,"[{""canonical_t"": 1, ""e"": 1, ""kind"": ""odd-cyclic"", ""legendre"": 1, ""p"": 73}]",CLOSED_EXACT_CYCLIC_PRESENTATION
73,93,5,36,"[{""canonical_t"": 5, ""e"": 1, ""kind"": ""odd-cyclic"", ""legendre"": -1, ""p"": 73}]",CLOSED_EXACT_CYCLIC_PRESENTATION
73,95,5,36,"[{""canonical_t"": 5, ""e"": 1, ""kind"": ""odd-cyclic"", ""legendre"": -1, ""p"": 73}]",CLOSED_EXACT_CYCLIC_PRESENTATION
73,97,1,36,"[{""canonical_t"": 1, ""e"": 1, ""kind"": ""odd-cyclic"", ""legendre"": 1, ""p"": 73}]",CLOSED_EXACT_CYCLIC_PRESENTATION
73,99,5,36,"[{""canonical_t"": 5, ""e"": 1, ""kind"": ""odd-cyclic"", ""legendre"": -1, ""p"": 73}]",CLOSED_EXACT_CYCLIC_PRESENTATION
73,101,5,36,"[{""canonical_t"": 5, ""e"": 1, ""kind"": ""odd-cyclic"", ""legendre"": -1, ""p"": 73}]",CLOSED_EXACT_CYCLIC_PRESENTATION
73,103,5,36,"[{""canonical_t"": 5, ""e"": 1, ""kind"": ""odd-cyclic"", ""legendre"": -1, ""p"": 73}]",CLOSED_EXACT_CYCLIC_PRESENTATION
73,105,1,36,"[{""canonical_t"": 1, ""e"": 1, ""kind"": ""odd-cyclic"", ""legendre"": 1, ""p"": 73}]",CLOSED_EXACT_CYCLIC_PRESENTATION
73,107,5,36,"[{""canonical_t"": 5, ""e"": 1, ""kind"": ""odd-cyclic"", ""legendre"": -1, ""p"": 73}]",CLOSED_EXACT_CYCLIC_PRESENTATION
73,109,1,36,"[{""canonical_t"": 1, ""e"": 1, ""kind"": ""odd-cyclic"", ""legendre"": 1, ""p"": 73}]",CLOSED_EXACT_CYCLIC_PRESENTATION
73,111,1,36,"[{""canonical_t"": 1, ""e"": 1, ""kind"": ""odd-cyclic"", ""legendre"": 1, ""p"": 73}]",CLOSED_EXACT_CYCLIC_PRESENTATION
73,113,5,36,"[{""canonical_t"": 5, ""e"": 1, ""kind"": ""odd-cyclic"", ""legendre"": -1, ""p"": 73}]",CLOSED_EXACT_CYCLIC_PRESENTATION
73,115,5,36,"[{""canonical_t"": 5, ""e"": 1, ""kind"": ""odd-cyclic"", ""legendre"": -1, ""p"": 73}]",CLOSED_EXACT_CYCLIC_PRESENTATION
73,117,5,36,"[{""canonical_t"": 5, ""e"": 1, ""kind"": ""odd-cyclic"", ""legendre"": -1, ""p"": 73}]",CLOSED_EXACT_CYCLIC_PRESENTATION
73,119,1,36,"[{""canonical_t"": 1, ""e"": 1, ""kind"": ""odd-cyclic"", ""legendre"": 1, ""p"": 73}]",CLOSED_EXACT_CYCLIC_PRESENTATION
73,121,1,36,"[{""canonical_t"": 1, ""e"": 1, ""kind"": ""odd-cyclic"", ""legendre"": 1, ""p"": 73}]",CLOSED_EXACT_CYCLIC_PRESENTATION
73,123,1,36,"[{""canonical_t"": 1, ""e"": 1, ""kind"": ""odd-cyclic"", ""legendre"": 1, ""p"": 73}]",CLOSED_EXACT_CYCLIC_PRESENTATION
73,125,5,36,"[{""canonical_t"": 5, ""e"": 1, ""kind"": ""odd-cyclic"", ""legendre"": -1, ""p"": 73}]",CLOSED_EXACT_CYCLIC_PRESENTATION
73,127,1,36,"[{""canonical_t"": 1, ""e"": 1, ""kind"": ""odd-cyclic"", ""legendre"": 1, ""p"": 73}]",CLOSED_EXACT_CYCLIC_PRESENTATION
73,129,5,36,"[{""canonical_t"": 5, ""e"": 1, ""kind"": ""odd-cyclic"", ""legendre"": -1, ""p"": 73}]",CLOSED_EXACT_CYCLIC_PRESENTATION
73,131,5,36,"[{""canonical_t"": 5, ""e"": 1, ""kind"": ""odd-cyclic"", ""legendre"": -1, ""p"": 73}]",CLOSED_EXACT_CYCLIC_PRESENTATION
73,133,5,36,"[{""canonical_t"": 5, ""e"": 1, ""kind"": ""odd-cyclic"", ""legendre"": -1, ""p"": 73}]",CLOSED_EXACT_CYCLIC_PRESENTATION
73,135,5,36,"[{""canonical_t"": 5, ""e"": 1, ""kind"": ""odd-cyclic"", ""legendre"": -1, ""p"": 73}]",CLOSED_EXACT_CYCLIC_PRESENTATION
73,137,1,36,"[{""canonical_t"": 1, ""e"": 1, ""kind"": ""odd-cyclic"", ""legendre"": 1, ""p"": 73}]",CLOSED_EXACT_CYCLIC_PRESENTATION
73,139,5,36,"[{""canonical_t"": 5, ""e"": 1, ""kind"": ""odd-cyclic"", ""legendre"": -1, ""p"": 73}]",CLOSED_EXACT_CYCLIC_PRESENTATION
73,141,5,36,"[{""canonical_t"": 5, ""e"": 1, ""kind"": ""odd-cyclic"", ""legendre"": -1, ""p"": 73}]",CLOSED_EXACT_CYCLIC_PRESENTATION
73,143,1,36,"[{""canonical_t"": 1, ""e"": 1, ""kind"": ""odd-cyclic"", ""legendre"": 1, ""p"": 73}]",CLOSED_EXACT_CYCLIC_PRESENTATION
73,145,1,36,"[{""canonical_t"": 1, ""e"": 1, ""kind"": ""odd-cyclic"", ""legendre"": 1, ""p"": 73}]",CLOSED_EXACT_CYCLIC_PRESENTATION
74,1,1,18,"[{""brown_mod8"": 1, ""canonical_t"": 1, ""e"": 1, ""kind"": ""2-cyclic-odd"", ""p"": 2}, {""canonical_t"": 1, ""e"": 1, ""kind"": ""odd-cyclic"", ""legendre"": 1, ""p"": 37}]",CLOSED_EXACT_CYCLIC_PRESENTATION
74,3,3,18,"[{""brown_mod8"": 3, ""canonical_t"": 3, ""e"": 1, ""kind"": ""2-cyclic-odd"", ""p"": 2}, {""canonical_t"": 1, ""e"": 1, ""kind"": ""odd-cyclic"", ""legendre"": 1, ""p"": 37}]",CLOSED_EXACT_CYCLIC_PRESENTATION
74,5,5,18,"[{""brown_mod8"": 1, ""canonical_t"": 1, ""e"": 1, ""kind"": ""2-cyclic-odd"", ""p"": 2}, {""canonical_t"": 2, ""e"": 1, ""kind"": ""odd-cyclic"", ""legendre"": -1, ""p"": 37}]",CLOSED_EXACT_CYCLIC_PRESENTATION
74,7,3,18,"[{""brown_mod8"": 3, ""canonical_t"": 3, ""e"": 1, ""kind"": ""2-cyclic-odd"", ""p"": 2}, {""canonical_t"": 1, ""e"": 1, ""kind"": ""odd-cyclic"", ""legendre"": 1, ""p"": 37}]",CLOSED_EXACT_CYCLIC_PRESENTATION
74,9,1,18,"[{""brown_mod8"": 1, ""canonical_t"": 1, ""e"": 1, ""kind"": ""2-cyclic-odd"", ""p"": 2}, {""canonical_t"": 1, ""e"": 1, ""kind"": ""odd-cyclic"", ""legendre"": 1, ""p"": 37}]",CLOSED_EXACT_CYCLIC_PRESENTATION
74,11,3,18,"[{""brown_mod8"": 3, ""canonical_t"": 3, ""e"": 1, ""kind"": ""2-cyclic-odd"", ""p"": 2}, {""canonical_t"": 1, ""e"": 1, ""kind"": ""odd-cyclic"", ""legendre"": 1, ""p"": 37}]",CLOSED_EXACT_CYCLIC_PRESENTATION
74,13,5,18,"[{""brown_mod8"": 1, ""canonical_t"": 1, ""e"": 1, ""kind"": ""2-cyclic-odd"", ""p"": 2}, {""canonical_t"": 2, ""e"": 1, ""kind"": ""odd-cyclic"", ""legendre"": -1, ""p"": 37}]",CLOSED_EXACT_CYCLIC_PRESENTATION
74,15,15,18,"[{""brown_mod8"": 3, ""canonical_t"": 3, ""e"": 1, ""kind"": ""2-cyclic-odd"", ""p"": 2}, {""canonical_t"": 2, ""e"": 1, ""kind"": ""odd-cyclic"", ""legendre"": -1, ""p"": 37}]",CLOSED_EXACT_CYCLIC_PRESENTATION
74,17,5,18,"[{""brown_mod8"": 1, ""canonical_t"": 1, ""e"": 1, ""kind"": ""2-cyclic-odd"", ""p"": 2}, {""canonical_t"": 2, ""e"": 1, ""kind"": ""odd-cyclic"", ""legendre"": -1, ""p"": 37}]",CLOSED_EXACT_CYCLIC_PRESENTATION
74,19,15,18,"[{""brown_mod8"": 3, ""canonical_t"": 3, ""e"": 1, ""kind"": ""2-cyclic-odd"", ""p"": 2}, {""canonical_t"": 2, ""e"": 1, ""kind"": ""odd-cyclic"", ""legendre"": -1, ""p"": 37}]",CLOSED_EXACT_CYCLIC_PRESENTATION
74,21,1,18,"[{""brown_mod8"": 1, ""canonical_t"": 1, ""e"": 1, ""kind"": ""2-cyclic-odd"", ""p"": 2}, {""canonical_t"": 1, ""e"": 1, ""kind"": ""odd-cyclic"", ""legendre"": 1, ""p"": 37}]",CLOSED_EXACT_CYCLIC_PRESENTATION
74,23,15,18,"[{""brown_mod8"": 3, ""canonical_t"": 3, ""e"": 1, ""kind"": ""2-cyclic-odd"", ""p"": 2}, {""canonical_t"": 2, ""e"": 1, ""kind"": ""odd-cyclic"", ""legendre"": -1, ""p"": 37}]",CLOSED_EXACT_CYCLIC_PRESENTATION
74,25,1,18,"[{""brown_mod8"": 1, ""canonical_t"": 1, ""e"": 1, ""kind"": ""2-cyclic-odd"", ""p"": 2}, {""canonical_t"": 1, ""e"": 1, ""kind"": ""odd-cyclic"", ""legendre"": 1, ""p"": 37}]",CLOSED_EXACT_CYCLIC_PRESENTATION
74,27,3,18,"[{""brown_mod8"": 3, ""canonical_t"": 3, ""e"": 1, ""kind"": ""2-cyclic-odd"", ""p"": 2}, {""canonical_t"": 1, ""e"": 1, ""kind"": ""odd-cyclic"", ""legendre"": 1, ""p"": 37}]",CLOSED_EXACT_CYCLIC_PRESENTATION
74,29,5,18,"[{""brown_mod8"": 1, ""canonical_t"": 1, ""e"": 1, ""kind"": ""2-cyclic-odd"", ""p"": 2}, {""canonical_t"": 2, ""e"": 1, ""kind"": ""odd-cyclic"", ""legendre"": -1, ""p"": 37}]",CLOSED_EXACT_CYCLIC_PRESENTATION
74,31,15,18,"[{""brown_mod8"": 3, ""canonical_t"": 3, ""e"": 1, ""kind"": ""2-cyclic-odd"", ""p"": 2}, {""canonical_t"": 2, ""e"": 1, ""kind"": ""odd-cyclic"", ""legendre"": -1, ""p"": 37}]",CLOSED_EXACT_CYCLIC_PRESENTATION
74,33,1,18,"[{""brown_mod8"": 1, ""canonical_t"": 1, ""e"": 1, ""kind"": ""2-cyclic-odd"", ""p"": 2}, {""canonical_t"": 1, ""e"": 1, ""kind"": ""odd-cyclic"", ""legendre"": 1, ""p"": 37}]",CLOSED_EXACT_CYCLIC_PRESENTATION
74,35,15,18,"[{""brown_mod8"": 3, ""canonical_t"": 3, ""e"": 1, ""kind"": ""2-cyclic-odd"", ""p"": 2}, {""canonical_t"": 2, ""e"": 1, ""kind"": ""odd-cyclic"", ""legendre"": -1, ""p"": 37}]",CLOSED_EXACT_CYCLIC_PRESENTATION
74,39,15,18,"[{""brown_mod8"": 3, ""canonical_t"": 3, ""e"": 1, ""kind"": ""2-cyclic-odd"", ""p"": 2}, {""canonical_t"": 2, ""e"": 1, ""kind"": ""odd-cyclic"", ""legendre"": -1, ""p"": 37}]",CLOSED_EXACT_CYCLIC_PRESENTATION
74,41,1,18,"[{""brown_mod8"": 1, ""canonical_t"": 1, ""e"": 1, ""kind"": ""2-cyclic-odd"", ""p"": 2}, {""canonical_t"": 1, ""e"": 1, ""kind"": ""odd-cyclic"", ""legendre"": 1, ""p"": 37}]",CLOSED_EXACT_CYCLIC_PRESENTATION
74,43,15,18,"[{""brown_mod8"": 3, ""canonical_t"": 3, ""e"": 1, ""kind"": ""2-cyclic-odd"", ""p"": 2}, {""canonical_t"": 2, ""e"": 1, ""kind"": ""odd-cyclic"", ""legendre"": -1, ""p"": 37}]",CLOSED_EXACT_CYCLIC_PRESENTATION
74,45,5,18,"[{""brown_mod8"": 1, ""canonical_t"": 1, ""e"": 1, ""kind"": ""2-cyclic-odd"", ""p"": 2}, {""canonical_t"": 2, ""e"": 1, ""kind"": ""odd-cyclic"", ""legendre"": -1, ""p"": 37}]",CLOSED_EXACT_CYCLIC_PRESENTATION
74,47,3,18,"[{""brown_mod8"": 3, ""canonical_t"": 3, ""e"": 1, ""kind"": ""2-cyclic-odd"", ""p"": 2}, {""canonical_t"": 1, ""e"": 1, ""kind"": ""odd-cyclic"", ""legendre"": 1, ""p"": 37}]",CLOSED_EXACT_CYCLIC_PRESENTATION
74,49,1,18,"[{""brown_mod8"": 1, ""canonical_t"": 1, ""e"": 1, ""kind"": ""2-cyclic-odd"", ""p"": 2}, {""canonical_t"": 1, ""e"": 1, ""kind"": ""odd-cyclic"", ""legendre"": 1, ""p"": 37}]",CLOSED_EXACT_CYCLIC_PRESENTATION
74,51,15,18,"[{""brown_mod8"": 3, ""canonical_t"": 3, ""e"": 1, ""kind"": ""2-cyclic-odd"", ""p"": 2}, {""canonical_t"": 2, ""e"": 1, ""kind"": ""odd-cyclic"", ""legendre"": -1, ""p"": 37}]",CLOSED_EXACT_CYCLIC_PRESENTATION
74,53,1,18,"[{""brown_mod8"": 1, ""canonical_t"": 1, ""e"": 1, ""kind"": ""2-cyclic-odd"", ""p"": 2}, {""canonical_t"": 1, ""e"": 1, ""kind"": ""odd-cyclic"", ""legendre"": 1, ""p"": 37}]",CLOSED_EXACT_CYCLIC_PRESENTATION
74,55,15,18,"[{""brown_mod8"": 3, ""canonical_t"": 3, ""e"": 1, ""kind"": ""2-cyclic-odd"", ""p"": 2}, {""canonical_t"": 2, ""e"": 1, ""kind"": ""odd-cyclic"", ""legendre"": -1, ""p"": 37}]",CLOSED_EXACT_CYCLIC_PRESENTATION
74,57,5,18,"[{""brown_mod8"": 1, ""canonical_t"": 1, ""e"": 1, ""kind"": ""2-cyclic-odd"", ""p"": 2}, {""canonical_t"": 2, ""e"": 1, ""kind"": ""odd-cyclic"", ""legendre"": -1, ""p"": 37}]",CLOSED_EXACT_CYCLIC_PRESENTATION
74,59,15,18,"[{""brown_mod8"": 3, ""canonical_t"": 3, ""e"": 1, ""kind"": ""2-cyclic-odd"", ""p"": 2}, {""canonical_t"": 2, ""e"": 1, ""kind"": ""odd-cyclic"", ""legendre"": -1, ""p"": 37}]",CLOSED_EXACT_CYCLIC_PRESENTATION
74,61,5,18,"[{""brown_mod8"": 1, ""canonical_t"": 1, ""e"": 1, ""kind"": ""2-cyclic-odd"", ""p"": 2}, {""canonical_t"": 2, ""e"": 1, ""kind"": ""odd-cyclic"", ""legendre"": -1, ""p"": 37}]",CLOSED_EXACT_CYCLIC_PRESENTATION
74,63,3,18,"[{""brown_mod8"": 3, ""canonical_t"": 3, ""e"": 1, ""kind"": ""2-cyclic-odd"", ""p"": 2}, {""canonical_t"": 1, ""e"": 1, ""kind"": ""odd-cyclic"", ""legendre"": 1, ""p"": 37}]",CLOSED_EXACT_CYCLIC_PRESENTATION
74,65,1,18,"[{""brown_mod8"": 1, ""canonical_t"": 1, ""e"": 1, ""kind"": ""2-cyclic-odd"", ""p"": 2}, {""canonical_t"": 1, ""e"": 1, ""kind"": ""odd-cyclic"", ""legendre"": 1, ""p"": 37}]",CLOSED_EXACT_CYCLIC_PRESENTATION
74,67,3,18,"[{""brown_mod8"": 3, ""canonical_t"": 3, ""e"": 1, ""kind"": ""2-cyclic-odd"", ""p"": 2}, {""canonical_t"": 1, ""e"": 1, ""kind"": ""odd-cyclic"", ""legendre"": 1, ""p"": 37}]",CLOSED_EXACT_CYCLIC_PRESENTATION
74,69,5,18,"[{""brown_mod8"": 1, ""canonical_t"": 1, ""e"": 1, ""kind"": ""2-cyclic-odd"", ""p"": 2}, {""canonical_t"": 2, ""e"": 1, ""kind"": ""odd-cyclic"", ""legendre"": -1, ""p"": 37}]",CLOSED_EXACT_CYCLIC_PRESENTATION
74,71,3,18,"[{""brown_mod8"": 3, ""canonical_t"": 3, ""e"": 1, ""kind"": ""2-cyclic-odd"", ""p"": 2}, {""canonical_t"": 1, ""e"": 1, ""kind"": ""odd-cyclic"", ""legendre"": 1, ""p"": 37}]",CLOSED_EXACT_CYCLIC_PRESENTATION
74,73,1,18,"[{""brown_mod8"": 1, ""canonical_t"": 1, ""e"": 1, ""kind"": ""2-cyclic-odd"", ""p"": 2}, {""canonical_t"": 1, ""e"": 1, ""kind"": ""odd-cyclic"", ""legendre"": 1, ""p"": 37}]",CLOSED_EXACT_CYCLIC_PRESENTATION
74,75,3,18,"[{""brown_mod8"": 3, ""canonical_t"": 3, ""e"": 1, ""kind"": ""2-cyclic-odd"", ""p"": 2}, {""canonical_t"": 1, ""e"": 1, ""kind"": ""odd-cyclic"", ""legendre"": 1, ""p"": 37}]",CLOSED_EXACT_CYCLIC_PRESENTATION
74,77,1,18,"[{""brown_mod8"": 1, ""canonical_t"": 1, ""e"": 1, ""kind"": ""2-cyclic-odd"", ""p"": 2}, {""canonical_t"": 1, ""e"": 1, ""kind"": ""odd-cyclic"", ""legendre"": 1, ""p"": 37}]",CLOSED_EXACT_CYCLIC_PRESENTATION
74,79,15,18,"[{""brown_mod8"": 3, ""canonical_t"": 3, ""e"": 1, ""kind"": ""2-cyclic-odd"", ""p"": 2}, {""canonical_t"": 2, ""e"": 1, ""kind"": ""odd-cyclic"", ""legendre"": -1, ""p"": 37}]",CLOSED_EXACT_CYCLIC_PRESENTATION
74,81,1,18,"[{""brown_mod8"": 1, ""canonical_t"": 1, ""e"": 1, ""kind"": ""2-cyclic-odd"", ""p"": 2}, {""canonical_t"": 1, ""e"": 1, ""kind"": ""odd-cyclic"", ""legendre"": 1, ""p"": 37}]",CLOSED_EXACT_CYCLIC_PRESENTATION
74,83,3,18,"[{""brown_mod8"": 3, ""canonical_t"": 3, ""e"": 1, ""kind"": ""2-cyclic-odd"", ""p"": 2}, {""canonical_t"": 1, ""e"": 1, ""kind"": ""odd-cyclic"", ""legendre"": 1, ""p"": 37}]",CLOSED_EXACT_CYCLIC_PRESENTATION
74,85,1,18,"[{""brown_mod8"": 1, ""canonical_t"": 1, ""e"": 1, ""kind"": ""2-cyclic-odd"", ""p"": 2}, {""canonical_t"": 1, ""e"": 1, ""kind"": ""odd-cyclic"", ""legendre"": 1, ""p"": 37}]",CLOSED_EXACT_CYCLIC_PRESENTATION
74,87,15,18,"[{""brown_mod8"": 3, ""canonical_t"": 3, ""e"": 1, ""kind"": ""2-cyclic-odd"", ""p"": 2}, {""canonical_t"": 2, ""e"": 1, ""kind"": ""odd-cyclic"", ""legendre"": -1, ""p"": 37}]",CLOSED_EXACT_CYCLIC_PRESENTATION
74,89,5,18,"[{""brown_mod8"": 1, ""canonical_t"": 1, ""e"": 1, ""kind"": ""2-cyclic-odd"", ""p"": 2}, {""canonical_t"": 2, ""e"": 1, ""kind"": ""odd-cyclic"", ""legendre"": -1, ""p"": 37}]",CLOSED_EXACT_CYCLIC_PRESENTATION
74,91,15,18,"[{""brown_mod8"": 3, ""canonical_t"": 3, ""e"": 1, ""kind"": ""2-cyclic-odd"", ""p"": 2}, {""canonical_t"": 2, ""e"": 1, ""kind"": ""odd-cyclic"", ""legendre"": -1, ""p"": 37}]",CLOSED_EXACT_CYCLIC_PRESENTATION
74,93,5,18,"[{""brown_mod8"": 1, ""canonical_t"": 1, ""e"": 1, ""kind"": ""2-cyclic-odd"", ""p"": 2}, {""canonical_t"": 2, ""e"": 1, ""kind"": ""odd-cyclic"", ""legendre"": -1, ""p"": 37}]",CLOSED_EXACT_CYCLIC_PRESENTATION
74,95,3,18,"[{""brown_mod8"": 3, ""canonical_t"": 3, ""e"": 1, ""kind"": ""2-cyclic-odd"", ""p"": 2}, {""canonical_t"": 1, ""e"": 1, ""kind"": ""odd-cyclic"", ""legendre"": 1, ""p"": 37}]",CLOSED_EXACT_CYCLIC_PRESENTATION
74,97,5,18,"[{""brown_mod8"": 1, ""canonical_t"": 1, ""e"": 1, ""kind"": ""2-cyclic-odd"", ""p"": 2}, {""canonical_t"": 2, ""e"": 1, ""kind"": ""odd-cyclic"", ""legendre"": -1, ""p"": 37}]",CLOSED_EXACT_CYCLIC_PRESENTATION
74,99,3,18,"[{""brown_mod8"": 3, ""canonical_t"": 3, ""e"": 1, ""kind"": ""2-cyclic-odd"", ""p"": 2}, {""canonical_t"": 1, ""e"": 1, ""kind"": ""odd-cyclic"", ""legendre"": 1, ""p"": 37}]",CLOSED_EXACT_CYCLIC_PRESENTATION
74,101,1,18,"[{""brown_mod8"": 1, ""canonical_t"": 1, ""e"": 1, ""kind"": ""2-cyclic-odd"", ""p"": 2}, {""canonical_t"": 1, ""e"": 1, ""kind"": ""odd-cyclic"", ""legendre"": 1, ""p"": 37}]",CLOSED_EXACT_CYCLIC_PRESENTATION
74,103,15,18,"[{""brown_mod8"": 3, ""canonical_t"": 3, ""e"": 1, ""kind"": ""2-cyclic-odd"", ""p"": 2}, {""canonical_t"": 2, ""e"": 1, ""kind"": ""odd-cyclic"", ""legendre"": -1, ""p"": 37}]",CLOSED_EXACT_CYCLIC_PRESENTATION
74,105,5,18,"[{""brown_mod8"": 1, ""canonical_t"": 1, ""e"": 1, ""kind"": ""2-cyclic-odd"", ""p"": 2}, {""canonical_t"": 2, ""e"": 1, ""kind"": ""odd-cyclic"", ""legendre"": -1, ""p"": 37}]",CLOSED_EXACT_CYCLIC_PRESENTATION
74,107,3,18,"[{""brown_mod8"": 3, ""canonical_t"": 3, ""e"": 1, ""kind"": ""2-cyclic-odd"", ""p"": 2}, {""canonical_t"": 1, ""e"": 1, ""kind"": ""odd-cyclic"", ""legendre"": 1, ""p"": 37}]",CLOSED_EXACT_CYCLIC_PRESENTATION
74,109,5,18,"[{""brown_mod8"": 1, ""canonical_t"": 1, ""e"": 1, ""kind"": ""2-cyclic-odd"", ""p"": 2}, {""canonical_t"": 2, ""e"": 1, ""kind"": ""odd-cyclic"", ""legendre"": -1, ""p"": 37}]",CLOSED_EXACT_CYCLIC_PRESENTATION
74,113,5,18,"[{""brown_mod8"": 1, ""canonical_t"": 1, ""e"": 1, ""kind"": ""2-cyclic-odd"", ""p"": 2}, {""canonical_t"": 2, ""e"": 1, ""kind"": ""odd-cyclic"", ""legendre"": -1, ""p"": 37}]",CLOSED_EXACT_CYCLIC_PRESENTATION
74,115,3,18,"[{""brown_mod8"": 3, ""canonical_t"": 3, ""e"": 1, ""kind"": ""2-cyclic-odd"", ""p"": 2}, {""canonical_t"": 1, ""e"": 1, ""kind"": ""odd-cyclic"", ""legendre"": 1, ""p"": 37}]",CLOSED_EXACT_CYCLIC_PRESENTATION
74,117,5,18,"[{""brown_mod8"": 1, ""canonical_t"": 1, ""e"": 1, ""kind"": ""2-cyclic-odd"", ""p"": 2}, {""canonical_t"": 2, ""e"": 1, ""kind"": ""odd-cyclic"", ""legendre"": -1, ""p"": 37}]",CLOSED_EXACT_CYCLIC_PRESENTATION
74,119,15,18,"[{""brown_mod8"": 3, ""canonical_t"": 3, ""e"": 1, ""kind"": ""2-cyclic-odd"", ""p"": 2}, {""canonical_t"": 2, ""e"": 1, ""kind"": ""odd-cyclic"", ""legendre"": -1, ""p"": 37}]",CLOSED_EXACT_CYCLIC_PRESENTATION
74,121,1,18,"[{""brown_mod8"": 1, ""canonical_t"": 1, ""e"": 1, ""kind"": ""2-cyclic-odd"", ""p"": 2}, {""canonical_t"": 1, ""e"": 1, ""kind"": ""odd-cyclic"", ""legendre"": 1, ""p"": 37}]",CLOSED_EXACT_CYCLIC_PRESENTATION
74,123,3,18,"[{""brown_mod8"": 3, ""canonical_t"": 3, ""e"": 1, ""kind"": ""2-cyclic-odd"", ""p"": 2}, {""canonical_t"": 1, ""e"": 1, ""kind"": ""odd-cyclic"", ""legendre"": 1, ""p"": 37}]",CLOSED_EXACT_CYCLIC_PRESENTATION
74,125,5,18,"[{""brown_mod8"": 1, ""canonical_t"": 1, ""e"": 1, ""kind"": ""2-cyclic-odd"", ""p"": 2}, {""canonical_t"": 2, ""e"": 1, ""kind"": ""odd-cyclic"", ""legendre"": -1, ""p"": 37}]",CLOSED_EXACT_CYCLIC_PRESENTATION
74,127,3,18,"[{""brown_mod8"": 3, ""canonical_t"": 3, ""e"": 1, ""kind"": ""2-cyclic-odd"", ""p"": 2}, {""canonical_t"": 1, ""e"": 1, ""kind"": ""odd-cyclic"", ""legendre"": 1, ""p"": 37}]",CLOSED_EXACT_CYCLIC_PRESENTATION
74,129,5,18,"[{""brown_mod8"": 1, ""canonical_t"": 1, ""e"": 1, ""kind"": ""2-cyclic-odd"", ""p"": 2}, {""canonical_t"": 2, ""e"": 1, ""kind"": ""odd-cyclic"", ""legendre"": -1, ""p"": 37}]",CLOSED_EXACT_CYCLIC_PRESENTATION
74,131,15,18,"[{""brown_mod8"": 3, ""canonical_t"": 3, ""e"": 1, ""kind"": ""2-cyclic-odd"", ""p"": 2}, {""canonical_t"": 2, ""e"": 1, ""kind"": ""odd-cyclic"", ""legendre"": -1, ""p"": 37}]",CLOSED_EXACT_CYCLIC_PRESENTATION
74,133,5,18,"[{""brown_mod8"": 1, ""canonical_t"": 1, ""e"": 1, ""kind"": ""2-cyclic-odd"", ""p"": 2}, {""canonical_t"": 2, ""e"": 1, ""kind"": ""odd-cyclic"", ""legendre"": -1, ""p"": 37}]",CLOSED_EXACT_CYCLIC_PRESENTATION
74,135,15,18,"[{""brown_mod8"": 3, ""canonical_t"": 3, ""e"": 1, ""kind"": ""2-cyclic-odd"", ""p"": 2}, {""canonical_t"": 2, ""e"": 1, ""kind"": ""odd-cyclic"", ""legendre"": -1, ""p"": 37}]",CLOSED_EXACT_CYCLIC_PRESENTATION
74,137,1,18,"[{""brown_mod8"": 1, ""canonical_t"": 1, ""e"": 1, ""kind"": ""2-cyclic-odd"", ""p"": 2}, {""canonical_t"": 1, ""e"": 1, ""kind"": ""odd-cyclic"", ""legendre"": 1, ""p"": 37}]",CLOSED_EXACT_CYCLIC_PRESENTATION
74,139,3,18,"[{""brown_mod8"": 3, ""canonical_t"": 3, ""e"": 1, ""kind"": ""2-cyclic-odd"", ""p"": 2}, {""canonical_t"": 1, ""e"": 1, ""kind"": ""odd-cyclic"", ""legendre"": 1, ""p"": 37}]",CLOSED_EXACT_CYCLIC_PRESENTATION
74,141,1,18,"[{""brown_mod8"": 1, ""canonical_t"": 1, ""e"": 1, ""kind"": ""2-cyclic-odd"", ""p"": 2}, {""canonical_t"": 1, ""e"": 1, ""kind"": ""odd-cyclic"", ""legendre"": 1, ""p"": 37}]",CLOSED_EXACT_CYCLIC_PRESENTATION
74,143,15,18,"[{""brown_mod8"": 3, ""canonical_t"": 3, ""e"": 1, ""kind"": ""2-cyclic-odd"", ""p"": 2}, {""canonical_t"": 2, ""e"": 1, ""kind"": ""odd-cyclic"", ""legendre"": -1, ""p"": 37}]",CLOSED_EXACT_CYCLIC_PRESENTATION
74,145,1,18,"[{""brown_mod8"": 1, ""canonical_t"": 1, ""e"": 1, ""kind"": ""2-cyclic-odd"", ""p"": 2}, {""canonical_t"": 1, ""e"": 1, ""kind"": ""odd-cyclic"", ""legendre"": 1, ""p"": 37}]",CLOSED_EXACT_CYCLIC_PRESENTATION
74,147,3,18,"[{""brown_mod8"": 3, ""canonical_t"": 3, ""e"": 1, ""kind"": ""2-cyclic-odd"", ""p"": 2}, {""canonical_t"": 1, ""e"": 1, ""kind"": ""odd-cyclic"", ""legendre"": 1, ""p"": 37}]",CLOSED_EXACT_CYCLIC_PRESENTATION
75,1,1,10,"[{""canonical_t"": 1, ""e"": 1, ""kind"": ""odd-cyclic"", ""legendre"": 1, ""p"": 3}, {""canonical_t"": 1, ""e"": 2, ""kind"": ""odd-cyclic"", ""legendre"": 1, ""p"": 5}]",CLOSED_EXACT_CYCLIC_PRESENTATION
75,7,7,10,"[{""canonical_t"": 1, ""e"": 1, ""kind"": ""odd-cyclic"", ""legendre"": 1, ""p"": 3}, {""canonical_t"": 2, ""e"": 2, ""kind"": ""odd-cyclic"", ""legendre"": -1, ""p"": 5}]",CLOSED_EXACT_CYCLIC_PRESENTATION
75,11,11,10,"[{""canonical_t"": 2, ""e"": 1, ""kind"": ""odd-cyclic"", ""legendre"": -1, ""p"": 3}, {""canonical_t"": 1, ""e"": 2, ""kind"": ""odd-cyclic"", ""legendre"": 1, ""p"": 5}]",CLOSED_EXACT_CYCLIC_PRESENTATION
75,13,7,10,"[{""canonical_t"": 1, ""e"": 1, ""kind"": ""odd-cyclic"", ""legendre"": 1, ""p"": 3}, {""canonical_t"": 2, ""e"": 2, ""kind"": ""odd-cyclic"", ""legendre"": -1, ""p"": 5}]",CLOSED_EXACT_CYCLIC_PRESENTATION
75,17,17,10,"[{""canonical_t"": 2, ""e"": 1, ""kind"": ""odd-cyclic"", ""legendre"": -1, ""p"": 3}, {""canonical_t"": 2, ""e"": 2, ""kind"": ""odd-cyclic"", ""legendre"": -1, ""p"": 5}]",CLOSED_EXACT_CYCLIC_PRESENTATION
75,19,1,10,"[{""canonical_t"": 1, ""e"": 1, ""kind"": ""odd-cyclic"", ""legendre"": 1, ""p"": 3}, {""canonical_t"": 1, ""e"": 2, ""kind"": ""odd-cyclic"", ""legendre"": 1, ""p"": 5}]",CLOSED_EXACT_CYCLIC_PRESENTATION
75,23,17,10,"[{""canonical_t"": 2, ""e"": 1, ""kind"": ""odd-cyclic"", ""legendre"": -1, ""p"": 3}, {""canonical_t"": 2, ""e"": 2, ""kind"": ""odd-cyclic"", ""legendre"": -1, ""p"": 5}]",CLOSED_EXACT_CYCLIC_PRESENTATION
75,29,11,10,"[{""canonical_t"": 2, ""e"": 1, ""kind"": ""odd-cyclic"", ""legendre"": -1, ""p"": 3}, {""canonical_t"": 1, ""e"": 2, ""kind"": ""odd-cyclic"", ""legendre"": 1, ""p"": 5}]",CLOSED_EXACT_CYCLIC_PRESENTATION
75,31,1,10,"[{""canonical_t"": 1, ""e"": 1, ""kind"": ""odd-cyclic"", ""legendre"": 1, ""p"": 3}, {""canonical_t"": 1, ""e"": 2, ""kind"": ""odd-cyclic"", ""legendre"": 1, ""p"": 5}]",CLOSED_EXACT_CYCLIC_PRESENTATION
75,37,7,10,"[{""canonical_t"": 1, ""e"": 1, ""kind"": ""odd-cyclic"", ""legendre"": 1, ""p"": 3}, {""canonical_t"": 2, ""e"": 2, ""kind"": ""odd-cyclic"", ""legendre"": -1, ""p"": 5}]",CLOSED_EXACT_CYCLIC_PRESENTATION
75,41,11,10,"[{""canonical_t"": 2, ""e"": 1, ""kind"": ""odd-cyclic"", ""legendre"": -1, ""p"": 3}, {""canonical_t"": 1, ""e"": 2, ""kind"": ""odd-cyclic"", ""legendre"": 1, ""p"": 5}]",CLOSED_EXACT_CYCLIC_PRESENTATION
75,43,7,10,"[{""canonical_t"": 1, ""e"": 1, ""kind"": ""odd-cyclic"", ""legendre"": 1, ""p"": 3}, {""canonical_t"": 2, ""e"": 2, ""kind"": ""odd-cyclic"", ""legendre"": -1, ""p"": 5}]",CLOSED_EXACT_CYCLIC_PRESENTATION
75,47,17,10,"[{""canonical_t"": 2, ""e"": 1, ""kind"": ""odd-cyclic"", ""legendre"": -1, ""p"": 3}, {""canonical_t"": 2, ""e"": 2, ""kind"": ""odd-cyclic"", ""legendre"": -1, ""p"": 5}]",CLOSED_EXACT_CYCLIC_PRESENTATION
75,49,1,10,"[{""canonical_t"": 1, ""e"": 1, ""kind"": ""odd-cyclic"", ""legendre"": 1, ""p"": 3}, {""canonical_t"": 1, ""e"": 2, ""kind"": ""odd-cyclic"", ""legendre"": 1, ""p"": 5}]",CLOSED_EXACT_CYCLIC_PRESENTATION
75,53,17,10,"[{""canonical_t"": 2, ""e"": 1, ""kind"": ""odd-cyclic"", ""legendre"": -1, ""p"": 3}, {""canonical_t"": 2, ""e"": 2, ""kind"": ""odd-cyclic"", ""legendre"": -1, ""p"": 5}]",CLOSED_EXACT_CYCLIC_PRESENTATION
75,59,11,10,"[{""canonical_t"": 2, ""e"": 1, ""kind"": ""odd-cyclic"", ""legendre"": -1, ""p"": 3}, {""canonical_t"": 1, ""e"": 2, ""kind"": ""odd-cyclic"", ""legendre"": 1, ""p"": 5}]",CLOSED_EXACT_CYCLIC_PRESENTATION
75,61,1,10,"[{""canonical_t"": 1, ""e"": 1, ""kind"": ""odd-cyclic"", ""legendre"": 1, ""p"": 3}, {""canonical_t"": 1, ""e"": 2, ""kind"": ""odd-cyclic"", ""legendre"": 1, ""p"": 5}]",CLOSED_EXACT_CYCLIC_PRESENTATION
75,67,7,10,"[{""canonical_t"": 1, ""e"": 1, ""kind"": ""odd-cyclic"", ""legendre"": 1, ""p"": 3}, {""canonical_t"": 2, ""e"": 2, ""kind"": ""odd-cyclic"", ""legendre"": -1, ""p"": 5}]",CLOSED_EXACT_CYCLIC_PRESENTATION
75,71,11,10,"[{""canonical_t"": 2, ""e"": 1, ""kind"": ""odd-cyclic"", ""legendre"": -1, ""p"": 3}, {""canonical_t"": 1, ""e"": 2, ""kind"": ""odd-cyclic"", ""legendre"": 1, ""p"": 5}]",CLOSED_EXACT_CYCLIC_PRESENTATION
75,73,7,10,"[{""canonical_t"": 1, ""e"": 1, ""kind"": ""odd-cyclic"", ""legendre"": 1, ""p"": 3}, {""canonical_t"": 2, ""e"": 2, ""kind"": ""odd-cyclic"", ""legendre"": -1, ""p"": 5}]",CLOSED_EXACT_CYCLIC_PRESENTATION
75,77,17,10,"[{""canonical_t"": 2, ""e"": 1, ""kind"": ""odd-cyclic"", ""legendre"": -1, ""p"": 3}, {""canonical_t"": 2, ""e"": 2, ""kind"": ""odd-cyclic"", ""legendre"": -1, ""p"": 5}]",CLOSED_EXACT_CYCLIC_PRESENTATION
75,79,1,10,"[{""canonical_t"": 1, ""e"": 1, ""kind"": ""odd-cyclic"", ""legendre"": 1, ""p"": 3}, {""canonical_t"": 1, ""e"": 2, ""kind"": ""odd-cyclic"", ""legendre"": 1, ""p"": 5}]",CLOSED_EXACT_CYCLIC_PRESENTATION
75,83,17,10,"[{""canonical_t"": 2, ""e"": 1, ""kind"": ""odd-cyclic"", ""legendre"": -1, ""p"": 3}, {""canonical_t"": 2, ""e"": 2, ""kind"": ""odd-cyclic"", ""legendre"": -1, ""p"": 5}]",CLOSED_EXACT_CYCLIC_PRESENTATION
75,89,11,10,"[{""canonical_t"": 2, ""e"": 1, ""kind"": ""odd-cyclic"", ""legendre"": -1, ""p"": 3}, {""canonical_t"": 1, ""e"": 2, ""kind"": ""odd-cyclic"", ""legendre"": 1, ""p"": 5}]",CLOSED_EXACT_CYCLIC_PRESENTATION
75,91,1,10,"[{""canonical_t"": 1, ""e"": 1, ""kind"": ""odd-cyclic"", ""legendre"": 1, ""p"": 3}, {""canonical_t"": 1, ""e"": 2, ""kind"": ""odd-cyclic"", ""legendre"": 1, ""p"": 5}]",CLOSED_EXACT_CYCLIC_PRESENTATION
75,97,7,10,"[{""canonical_t"": 1, ""e"": 1, ""kind"": ""odd-cyclic"", ""legendre"": 1, ""p"": 3}, {""canonical_t"": 2, ""e"": 2, ""kind"": ""odd-cyclic"", ""legendre"": -1, ""p"": 5}]",CLOSED_EXACT_CYCLIC_PRESENTATION
75,101,11,10,"[{""canonical_t"": 2, ""e"": 1, ""kind"": ""odd-cyclic"", ""legendre"": -1, ""p"": 3}, {""canonical_t"": 1, ""e"": 2, ""kind"": ""odd-cyclic"", ""legendre"": 1, ""p"": 5}]",CLOSED_EXACT_CYCLIC_PRESENTATION
75,103,7,10,"[{""canonical_t"": 1, ""e"": 1, ""kind"": ""odd-cyclic"", ""legendre"": 1, ""p"": 3}, {""canonical_t"": 2, ""e"": 2, ""kind"": ""odd-cyclic"", ""legendre"": -1, ""p"": 5}]",CLOSED_EXACT_CYCLIC_PRESENTATION
75,107,17,10,"[{""canonical_t"": 2, ""e"": 1, ""kind"": ""odd-cyclic"", ""legendre"": -1, ""p"": 3}, {""canonical_t"": 2, ""e"": 2, ""kind"": ""odd-cyclic"", ""legendre"": -1, ""p"": 5}]",CLOSED_EXACT_CYCLIC_PRESENTATION
75,109,1,10,"[{""canonical_t"": 1, ""e"": 1, ""kind"": ""odd-cyclic"", ""legendre"": 1, ""p"": 3}, {""canonical_t"": 1, ""e"": 2, ""kind"": ""odd-cyclic"", ""legendre"": 1, ""p"": 5}]",CLOSED_EXACT_CYCLIC_PRESENTATION
75,113,17,10,"[{""canonical_t"": 2, ""e"": 1, ""kind"": ""odd-cyclic"", ""legendre"": -1, ""p"": 3}, {""canonical_t"": 2, ""e"": 2, ""kind"": ""odd-cyclic"", ""legendre"": -1, ""p"": 5}]",CLOSED_EXACT_CYCLIC_PRESENTATION
75,119,11,10,"[{""canonical_t"": 2, ""e"": 1, ""kind"": ""odd-cyclic"", ""legendre"": -1, ""p"": 3}, {""canonical_t"": 1, ""e"": 2, ""kind"": ""odd-cyclic"", ""legendre"": 1, ""p"": 5}]",CLOSED_EXACT_CYCLIC_PRESENTATION
75,121,1,10,"[{""canonical_t"": 1, ""e"": 1, ""kind"": ""odd-cyclic"", ""legendre"": 1, ""p"": 3}, {""canonical_t"": 1, ""e"": 2, ""kind"": ""odd-cyclic"", ""legendre"": 1, ""p"": 5}]",CLOSED_EXACT_CYCLIC_PRESENTATION
75,127,7,10,"[{""canonical_t"": 1, ""e"": 1, ""kind"": ""odd-cyclic"", ""legendre"": 1, ""p"": 3}, {""canonical_t"": 2, ""e"": 2, ""kind"": ""odd-cyclic"", ""legendre"": -1, ""p"": 5}]",CLOSED_EXACT_CYCLIC_PRESENTATION
75,131,11,10,"[{""canonical_t"": 2, ""e"": 1, ""kind"": ""odd-cyclic"", ""legendre"": -1, ""p"": 3}, {""canonical_t"": 1, ""e"": 2, ""kind"": ""odd-cyclic"", ""legendre"": 1, ""p"": 5}]",CLOSED_EXACT_CYCLIC_PRESENTATION
75,133,7,10,"[{""canonical_t"": 1, ""e"": 1, ""kind"": ""odd-cyclic"", ""legendre"": 1, ""p"": 3}, {""canonical_t"": 2, ""e"": 2, ""kind"": ""odd-cyclic"", ""legendre"": -1, ""p"": 5}]",CLOSED_EXACT_CYCLIC_PRESENTATION
75,137,17,10,"[{""canonical_t"": 2, ""e"": 1, ""kind"": ""odd-cyclic"", ""legendre"": -1, ""p"": 3}, {""canonical_t"": 2, ""e"": 2, ""kind"": ""odd-cyclic"", ""legendre"": -1, ""p"": 5}]",CLOSED_EXACT_CYCLIC_PRESENTATION
75,139,1,10,"[{""canonical_t"": 1, ""e"": 1, ""kind"": ""odd-cyclic"", ""legendre"": 1, ""p"": 3}, {""canonical_t"": 1, ""e"": 2, ""kind"": ""odd-cyclic"", ""legendre"": 1, ""p"": 5}]",CLOSED_EXACT_CYCLIC_PRESENTATION
75,143,17,10,"[{""canonical_t"": 2, ""e"": 1, ""kind"": ""odd-cyclic"", ""legendre"": -1, ""p"": 3}, {""canonical_t"": 2, ""e"": 2, ""kind"": ""odd-cyclic"", ""legendre"": -1, ""p"": 5}]",CLOSED_EXACT_CYCLIC_PRESENTATION
75,149,11,10,"[{""canonical_t"": 2, ""e"": 1, ""kind"": ""odd-cyclic"", ""legendre"": -1, ""p"": 3}, {""canonical_t"": 1, ""e"": 2, ""kind"": ""odd-cyclic"", ""legendre"": 1, ""p"": 5}]",CLOSED_EXACT_CYCLIC_PRESENTATION
76,1,1,9,"[{""brown_mod8"": 1, ""canonical_t"": 1, ""e"": 2, ""kind"": ""2-cyclic-odd"", ""p"": 2}, {""canonical_t"": 1, ""e"": 1, ""kind"": ""odd-cyclic"", ""legendre"": 1, ""p"": 19}]",CLOSED_EXACT_CYCLIC_PRESENTATION
76,3,3,9,"[{""brown_mod8"": 3, ""canonical_t"": 3, ""e"": 2, ""kind"": ""2-cyclic-odd"", ""p"": 2}, {""canonical_t"": 2, ""e"": 1, ""kind"": ""odd-cyclic"", ""legendre"": -1, ""p"": 19}]",CLOSED_EXACT_CYCLIC_PRESENTATION
76,5,5,9,"[{""brown_mod8"": 5, ""canonical_t"": 5, ""e"": 2, ""kind"": ""2-cyclic-odd"", ""p"": 2}, {""canonical_t"": 1, ""e"": 1, ""kind"": ""odd-cyclic"", ""legendre"": 1, ""p"": 19}]",CLOSED_EXACT_CYCLIC_PRESENTATION
76,7,7,9,"[{""brown_mod8"": 7, ""canonical_t"": 7, ""e"": 2, ""kind"": ""2-cyclic-odd"", ""p"": 2}, {""canonical_t"": 1, ""e"": 1, ""kind"": ""odd-cyclic"", ""legendre"": 1, ""p"": 19}]",CLOSED_EXACT_CYCLIC_PRESENTATION
76,9,1,9,"[{""brown_mod8"": 1, ""canonical_t"": 1, ""e"": 2, ""kind"": ""2-cyclic-odd"", ""p"": 2}, {""canonical_t"": 1, ""e"": 1, ""kind"": ""odd-cyclic"", ""legendre"": 1, ""p"": 19}]",CLOSED_EXACT_CYCLIC_PRESENTATION
76,11,11,9,"[{""brown_mod8"": 3, ""canonical_t"": 3, ""e"": 2, ""kind"": ""2-cyclic-odd"", ""p"": 2}, {""canonical_t"": 1, ""e"": 1, ""kind"": ""odd-cyclic"", ""legendre"": 1, ""p"": 19}]",CLOSED_EXACT_CYCLIC_PRESENTATION
76,13,13,9,"[{""brown_mod8"": 5, ""canonical_t"": 5, ""e"": 2, ""kind"": ""2-cyclic-odd"", ""p"": 2}, {""canonical_t"": 2, ""e"": 1, ""kind"": ""odd-cyclic"", ""legendre"": -1, ""p"": 19}]",CLOSED_EXACT_CYCLIC_PRESENTATION
76,15,15,9,"[{""brown_mod8"": 7, ""canonical_t"": 7, ""e"": 2, ""kind"": ""2-cyclic-odd"", ""p"": 2}, {""canonical_t"": 2, ""e"": 1, ""kind"": ""odd-cyclic"", ""legendre"": -1, ""p"": 19}]",CLOSED_EXACT_CYCLIC_PRESENTATION
76,17,1,9,"[{""brown_mod8"": 1, ""canonical_t"": 1, ""e"": 2, ""kind"": ""2-cyclic-odd"", ""p"": 2}, {""canonical_t"": 1, ""e"": 1, ""kind"": ""odd-cyclic"", ""legendre"": 1, ""p"": 19}]",CLOSED_EXACT_CYCLIC_PRESENTATION
76,21,13,9,"[{""brown_mod8"": 5, ""canonical_t"": 5, ""e"": 2, ""kind"": ""2-cyclic-odd"", ""p"": 2}, {""canonical_t"": 2, ""e"": 1, ""kind"": ""odd-cyclic"", ""legendre"": -1, ""p"": 19}]",CLOSED_EXACT_CYCLIC_PRESENTATION
76,23,7,9,"[{""brown_mod8"": 7, ""canonical_t"": 7, ""e"": 2, ""kind"": ""2-cyclic-odd"", ""p"": 2}, {""canonical_t"": 1, ""e"": 1, ""kind"": ""odd-cyclic"", ""legendre"": 1, ""p"": 19}]",CLOSED_EXACT_CYCLIC_PRESENTATION
76,25,1,9,"[{""brown_mod8"": 1, ""canonical_t"": 1, ""e"": 2, ""kind"": ""2-cyclic-odd"", ""p"": 2}, {""canonical_t"": 1, ""e"": 1, ""kind"": ""odd-cyclic"", ""legendre"": 1, ""p"": 19}]",CLOSED_EXACT_CYCLIC_PRESENTATION
76,27,3,9,"[{""brown_mod8"": 3, ""canonical_t"": 3, ""e"": 2, ""kind"": ""2-cyclic-odd"", ""p"": 2}, {""canonical_t"": 2, ""e"": 1, ""kind"": ""odd-cyclic"", ""legendre"": -1, ""p"": 19}]",CLOSED_EXACT_CYCLIC_PRESENTATION
76,29,13,9,"[{""brown_mod8"": 5, ""canonical_t"": 5, ""e"": 2, ""kind"": ""2-cyclic-odd"", ""p"": 2}, {""canonical_t"": 2, ""e"": 1, ""kind"": ""odd-cyclic"", ""legendre"": -1, ""p"": 19}]",CLOSED_EXACT_CYCLIC_PRESENTATION
76,31,15,9,"[{""brown_mod8"": 7, ""canonical_t"": 7, ""e"": 2, ""kind"": ""2-cyclic-odd"", ""p"": 2}, {""canonical_t"": 2, ""e"": 1, ""kind"": ""odd-cyclic"", ""legendre"": -1, ""p"": 19}]",CLOSED_EXACT_CYCLIC_PRESENTATION
76,33,33,9,"[{""brown_mod8"": 1, ""canonical_t"": 1, ""e"": 2, ""kind"": ""2-cyclic-odd"", ""p"": 2}, {""canonical_t"": 2, ""e"": 1, ""kind"": ""odd-cyclic"", ""legendre"": -1, ""p"": 19}]",CLOSED_EXACT_CYCLIC_PRESENTATION
76,35,11,9,"[{""brown_mod8"": 3, ""canonical_t"": 3, ""e"": 2, ""kind"": ""2-cyclic-odd"", ""p"": 2}, {""canonical_t"": 1, ""e"": 1, ""kind"": ""odd-cyclic"", ""legendre"": 1, ""p"": 19}]",CLOSED_EXACT_CYCLIC_PRESENTATION
76,37,13,9,"[{""brown_mod8"": 5, ""canonical_t"": 5, ""e"": 2, ""kind"": ""2-cyclic-odd"", ""p"": 2}, {""canonical_t"": 2, ""e"": 1, ""kind"": ""odd-cyclic"", ""legendre"": -1, ""p"": 19}]",CLOSED_EXACT_CYCLIC_PRESENTATION
76,39,7,9,"[{""brown_mod8"": 7, ""canonical_t"": 7, ""e"": 2, ""kind"": ""2-cyclic-odd"", ""p"": 2}, {""canonical_t"": 1, ""e"": 1, ""kind"": ""odd-cyclic"", ""legendre"": 1, ""p"": 19}]",CLOSED_EXACT_CYCLIC_PRESENTATION
76,41,33,9,"[{""brown_mod8"": 1, ""canonical_t"": 1, ""e"": 2, ""kind"": ""2-cyclic-odd"", ""p"": 2}, {""canonical_t"": 2, ""e"": 1, ""kind"": ""odd-cyclic"", ""legendre"": -1, ""p"": 19}]",CLOSED_EXACT_CYCLIC_PRESENTATION
76,43,11,9,"[{""brown_mod8"": 3, ""canonical_t"": 3, ""e"": 2, ""kind"": ""2-cyclic-odd"", ""p"": 2}, {""canonical_t"": 1, ""e"": 1, ""kind"": ""odd-cyclic"", ""legendre"": 1, ""p"": 19}]",CLOSED_EXACT_CYCLIC_PRESENTATION
76,45,5,9,"[{""brown_mod8"": 5, ""canonical_t"": 5, ""e"": 2, ""kind"": ""2-cyclic-odd"", ""p"": 2}, {""canonical_t"": 1, ""e"": 1, ""kind"": ""odd-cyclic"", ""legendre"": 1, ""p"": 19}]",CLOSED_EXACT_CYCLIC_PRESENTATION
76,47,7,9,"[{""brown_mod8"": 7, ""canonical_t"": 7, ""e"": 2, ""kind"": ""2-cyclic-odd"", ""p"": 2}, {""canonical_t"": 1, ""e"": 1, ""kind"": ""odd-cyclic"", ""legendre"": 1, ""p"": 19}]",CLOSED_EXACT_CYCLIC_PRESENTATION
76,49,1,9,"[{""brown_mod8"": 1, ""canonical_t"": 1, ""e"": 2, ""kind"": ""2-cyclic-odd"", ""p"": 2}, {""canonical_t"": 1, ""e"": 1, ""kind"": ""odd-cyclic"", ""legendre"": 1, ""p"": 19}]",CLOSED_EXACT_CYCLIC_PRESENTATION
76,51,3,9,"[{""brown_mod8"": 3, ""canonical_t"": 3, ""e"": 2, ""kind"": ""2-cyclic-odd"", ""p"": 2}, {""canonical_t"": 2, ""e"": 1, ""kind"": ""odd-cyclic"", ""legendre"": -1, ""p"": 19}]",CLOSED_EXACT_CYCLIC_PRESENTATION
76,53,13,9,"[{""brown_mod8"": 5, ""canonical_t"": 5, ""e"": 2, ""kind"": ""2-cyclic-odd"", ""p"": 2}, {""canonical_t"": 2, ""e"": 1, ""kind"": ""odd-cyclic"", ""legendre"": -1, ""p"": 19}]",CLOSED_EXACT_CYCLIC_PRESENTATION
76,55,7,9,"[{""brown_mod8"": 7, ""canonical_t"": 7, ""e"": 2, ""kind"": ""2-cyclic-odd"", ""p"": 2}, {""canonical_t"": 1, ""e"": 1, ""kind"": ""odd-cyclic"", ""legendre"": 1, ""p"": 19}]",CLOSED_EXACT_CYCLIC_PRESENTATION
76,59,3,9,"[{""brown_mod8"": 3, ""canonical_t"": 3, ""e"": 2, ""kind"": ""2-cyclic-odd"", ""p"": 2}, {""canonical_t"": 2, ""e"": 1, ""kind"": ""odd-cyclic"", ""legendre"": -1, ""p"": 19}]",CLOSED_EXACT_CYCLIC_PRESENTATION
76,61,5,9,"[{""brown_mod8"": 5, ""canonical_t"": 5, ""e"": 2, ""kind"": ""2-cyclic-odd"", ""p"": 2}, {""canonical_t"": 1, ""e"": 1, ""kind"": ""odd-cyclic"", ""legendre"": 1, ""p"": 19}]",CLOSED_EXACT_CYCLIC_PRESENTATION
76,63,7,9,"[{""brown_mod8"": 7, ""canonical_t"": 7, ""e"": 2, ""kind"": ""2-cyclic-odd"", ""p"": 2}, {""canonical_t"": 1, ""e"": 1, ""kind"": ""odd-cyclic"", ""legendre"": 1, ""p"": 19}]",CLOSED_EXACT_CYCLIC_PRESENTATION
76,65,33,9,"[{""brown_mod8"": 1, ""canonical_t"": 1, ""e"": 2, ""kind"": ""2-cyclic-odd"", ""p"": 2}, {""canonical_t"": 2, ""e"": 1, ""kind"": ""odd-cyclic"", ""legendre"": -1, ""p"": 19}]",CLOSED_EXACT_CYCLIC_PRESENTATION
76,67,3,9,"[{""brown_mod8"": 3, ""canonical_t"": 3, ""e"": 2, ""kind"": ""2-cyclic-odd"", ""p"": 2}, {""canonical_t"": 2, ""e"": 1, ""kind"": ""odd-cyclic"", ""legendre"": -1, ""p"": 19}]",CLOSED_EXACT_CYCLIC_PRESENTATION
76,69,13,9,"[{""brown_mod8"": 5, ""canonical_t"": 5, ""e"": 2, ""kind"": ""2-cyclic-odd"", ""p"": 2}, {""canonical_t"": 2, ""e"": 1, ""kind"": ""odd-cyclic"", ""legendre"": -1, ""p"": 19}]",CLOSED_EXACT_CYCLIC_PRESENTATION
76,71,15,9,"[{""brown_mod8"": 7, ""canonical_t"": 7, ""e"": 2, ""kind"": ""2-cyclic-odd"", ""p"": 2}, {""canonical_t"": 2, ""e"": 1, ""kind"": ""odd-cyclic"", ""legendre"": -1, ""p"": 19}]",CLOSED_EXACT_CYCLIC_PRESENTATION
76,73,1,9,"[{""brown_mod8"": 1, ""canonical_t"": 1, ""e"": 2, ""kind"": ""2-cyclic-odd"", ""p"": 2}, {""canonical_t"": 1, ""e"": 1, ""kind"": ""odd-cyclic"", ""legendre"": 1, ""p"": 19}]",CLOSED_EXACT_CYCLIC_PRESENTATION
76,75,3,9,"[{""brown_mod8"": 3, ""canonical_t"": 3, ""e"": 2, ""kind"": ""2-cyclic-odd"", ""p"": 2}, {""canonical_t"": 2, ""e"": 1, ""kind"": ""odd-cyclic"", ""legendre"": -1, ""p"": 19}]",CLOSED_EXACT_CYCLIC_PRESENTATION
76,77,5,9,"[{""brown_mod8"": 5, ""canonical_t"": 5, ""e"": 2, ""kind"": ""2-cyclic-odd"", ""p"": 2}, {""canonical_t"": 1, ""e"": 1, ""kind"": ""odd-cyclic"", ""legendre"": 1, ""p"": 19}]",CLOSED_EXACT_CYCLIC_PRESENTATION
76,79,15,9,"[{""brown_mod8"": 7, ""canonical_t"": 7, ""e"": 2, ""kind"": ""2-cyclic-odd"", ""p"": 2}, {""canonical_t"": 2, ""e"": 1, ""kind"": ""odd-cyclic"", ""legendre"": -1, ""p"": 19}]",CLOSED_EXACT_CYCLIC_PRESENTATION
76,81,1,9,"[{""brown_mod8"": 1, ""canonical_t"": 1, ""e"": 2, ""kind"": ""2-cyclic-odd"", ""p"": 2}, {""canonical_t"": 1, ""e"": 1, ""kind"": ""odd-cyclic"", ""legendre"": 1, ""p"": 19}]",CLOSED_EXACT_CYCLIC_PRESENTATION
76,83,11,9,"[{""brown_mod8"": 3, ""canonical_t"": 3, ""e"": 2, ""kind"": ""2-cyclic-odd"", ""p"": 2}, {""canonical_t"": 1, ""e"": 1, ""kind"": ""odd-cyclic"", ""legendre"": 1, ""p"": 19}]",CLOSED_EXACT_CYCLIC_PRESENTATION
76,85,5,9,"[{""brown_mod8"": 5, ""canonical_t"": 5, ""e"": 2, ""kind"": ""2-cyclic-odd"", ""p"": 2}, {""canonical_t"": 1, ""e"": 1, ""kind"": ""odd-cyclic"", ""legendre"": 1, ""p"": 19}]",CLOSED_EXACT_CYCLIC_PRESENTATION
76,87,7,9,"[{""brown_mod8"": 7, ""canonical_t"": 7, ""e"": 2, ""kind"": ""2-cyclic-odd"", ""p"": 2}, {""canonical_t"": 1, ""e"": 1, ""kind"": ""odd-cyclic"", ""legendre"": 1, ""p"": 19}]",CLOSED_EXACT_CYCLIC_PRESENTATION
76,89,33,9,"[{""brown_mod8"": 1, ""canonical_t"": 1, ""e"": 2, ""kind"": ""2-cyclic-odd"", ""p"": 2}, {""canonical_t"": 2, ""e"": 1, ""kind"": ""odd-cyclic"", ""legendre"": -1, ""p"": 19}]",CLOSED_EXACT_CYCLIC_PRESENTATION
76,91,3,9,"[{""brown_mod8"": 3, ""canonical_t"": 3, ""e"": 2, ""kind"": ""2-cyclic-odd"", ""p"": 2}, {""canonical_t"": 2, ""e"": 1, ""kind"": ""odd-cyclic"", ""legendre"": -1, ""p"": 19}]",CLOSED_EXACT_CYCLIC_PRESENTATION
76,93,5,9,"[{""brown_mod8"": 5, ""canonical_t"": 5, ""e"": 2, ""kind"": ""2-cyclic-odd"", ""p"": 2}, {""canonical_t"": 1, ""e"": 1, ""kind"": ""odd-cyclic"", ""legendre"": 1, ""p"": 19}]",CLOSED_EXACT_CYCLIC_PRESENTATION
76,97,33,9,"[{""brown_mod8"": 1, ""canonical_t"": 1, ""e"": 2, ""kind"": ""2-cyclic-odd"", ""p"": 2}, {""canonical_t"": 2, ""e"": 1, ""kind"": ""odd-cyclic"", ""legendre"": -1, ""p"": 19}]",CLOSED_EXACT_CYCLIC_PRESENTATION
76,99,11,9,"[{""brown_mod8"": 3, ""canonical_t"": 3, ""e"": 2, ""kind"": ""2-cyclic-odd"", ""p"": 2}, {""canonical_t"": 1, ""e"": 1, ""kind"": ""odd-cyclic"", ""legendre"": 1, ""p"": 19}]",CLOSED_EXACT_CYCLIC_PRESENTATION
76,101,5,9,"[{""brown_mod8"": 5, ""canonical_t"": 5, ""e"": 2, ""kind"": ""2-cyclic-odd"", ""p"": 2}, {""canonical_t"": 1, ""e"": 1, ""kind"": ""odd-cyclic"", ""legendre"": 1, ""p"": 19}]",CLOSED_EXACT_CYCLIC_PRESENTATION
76,103,15,9,"[{""brown_mod8"": 7, ""canonical_t"": 7, ""e"": 2, ""kind"": ""2-cyclic-odd"", ""p"": 2}, {""canonical_t"": 2, ""e"": 1, ""kind"": ""odd-cyclic"", ""legendre"": -1, ""p"": 19}]",CLOSED_EXACT_CYCLIC_PRESENTATION
76,105,33,9,"[{""brown_mod8"": 1, ""canonical_t"": 1, ""e"": 2, ""kind"": ""2-cyclic-odd"", ""p"": 2}, {""canonical_t"": 2, ""e"": 1, ""kind"": ""odd-cyclic"", ""legendre"": -1, ""p"": 19}]",CLOSED_EXACT_CYCLIC_PRESENTATION
76,107,3,9,"[{""brown_mod8"": 3, ""canonical_t"": 3, ""e"": 2, ""kind"": ""2-cyclic-odd"", ""p"": 2}, {""canonical_t"": 2, ""e"": 1, ""kind"": ""odd-cyclic"", ""legendre"": -1, ""p"": 19}]",CLOSED_EXACT_CYCLIC_PRESENTATION
76,109,13,9,"[{""brown_mod8"": 5, ""canonical_t"": 5, ""e"": 2, ""kind"": ""2-cyclic-odd"", ""p"": 2}, {""canonical_t"": 2, ""e"": 1, ""kind"": ""odd-cyclic"", ""legendre"": -1, ""p"": 19}]",CLOSED_EXACT_CYCLIC_PRESENTATION
76,111,7,9,"[{""brown_mod8"": 7, ""canonical_t"": 7, ""e"": 2, ""kind"": ""2-cyclic-odd"", ""p"": 2}, {""canonical_t"": 1, ""e"": 1, ""kind"": ""odd-cyclic"", ""legendre"": 1, ""p"": 19}]",CLOSED_EXACT_CYCLIC_PRESENTATION
76,113,33,9,"[{""brown_mod8"": 1, ""canonical_t"": 1, ""e"": 2, ""kind"": ""2-cyclic-odd"", ""p"": 2}, {""canonical_t"": 2, ""e"": 1, ""kind"": ""odd-cyclic"", ""legendre"": -1, ""p"": 19}]",CLOSED_EXACT_CYCLIC_PRESENTATION
76,115,11,9,"[{""brown_mod8"": 3, ""canonical_t"": 3, ""e"": 2, ""kind"": ""2-cyclic-odd"", ""p"": 2}, {""canonical_t"": 1, ""e"": 1, ""kind"": ""odd-cyclic"", ""legendre"": 1, ""p"": 19}]",CLOSED_EXACT_CYCLIC_PRESENTATION
76,117,13,9,"[{""brown_mod8"": 5, ""canonical_t"": 5, ""e"": 2, ""kind"": ""2-cyclic-odd"", ""p"": 2}, {""canonical_t"": 2, ""e"": 1, ""kind"": ""odd-cyclic"", ""legendre"": -1, ""p"": 19}]",CLOSED_EXACT_CYCLIC_PRESENTATION
76,119,7,9,"[{""brown_mod8"": 7, ""canonical_t"": 7, ""e"": 2, ""kind"": ""2-cyclic-odd"", ""p"": 2}, {""canonical_t"": 1, ""e"": 1, ""kind"": ""odd-cyclic"", ""legendre"": 1, ""p"": 19}]",CLOSED_EXACT_CYCLIC_PRESENTATION
76,121,1,9,"[{""brown_mod8"": 1, ""canonical_t"": 1, ""e"": 2, ""kind"": ""2-cyclic-odd"", ""p"": 2}, {""canonical_t"": 1, ""e"": 1, ""kind"": ""odd-cyclic"", ""legendre"": 1, ""p"": 19}]",CLOSED_EXACT_CYCLIC_PRESENTATION
76,123,11,9,"[{""brown_mod8"": 3, ""canonical_t"": 3, ""e"": 2, ""kind"": ""2-cyclic-odd"", ""p"": 2}, {""canonical_t"": 1, ""e"": 1, ""kind"": ""odd-cyclic"", ""legendre"": 1, ""p"": 19}]",CLOSED_EXACT_CYCLIC_PRESENTATION
76,125,5,9,"[{""brown_mod8"": 5, ""canonical_t"": 5, ""e"": 2, ""kind"": ""2-cyclic-odd"", ""p"": 2}, {""canonical_t"": 1, ""e"": 1, ""kind"": ""odd-cyclic"", ""legendre"": 1, ""p"": 19}]",CLOSED_EXACT_CYCLIC_PRESENTATION
76,127,15,9,"[{""brown_mod8"": 7, ""canonical_t"": 7, ""e"": 2, ""kind"": ""2-cyclic-odd"", ""p"": 2}, {""canonical_t"": 2, ""e"": 1, ""kind"": ""odd-cyclic"", ""legendre"": -1, ""p"": 19}]",CLOSED_EXACT_CYCLIC_PRESENTATION
76,129,33,9,"[{""brown_mod8"": 1, ""canonical_t"": 1, ""e"": 2, ""kind"": ""2-cyclic-odd"", ""p"": 2}, {""canonical_t"": 2, ""e"": 1, ""kind"": ""odd-cyclic"", ""legendre"": -1, ""p"": 19}]",CLOSED_EXACT_CYCLIC_PRESENTATION
76,131,11,9,"[{""brown_mod8"": 3, ""canonical_t"": 3, ""e"": 2, ""kind"": ""2-cyclic-odd"", ""p"": 2}, {""canonical_t"": 1, ""e"": 1, ""kind"": ""odd-cyclic"", ""legendre"": 1, ""p"": 19}]",CLOSED_EXACT_CYCLIC_PRESENTATION
76,135,15,9,"[{""brown_mod8"": 7, ""canonical_t"": 7, ""e"": 2, ""kind"": ""2-cyclic-odd"", ""p"": 2}, {""canonical_t"": 2, ""e"": 1, ""kind"": ""odd-cyclic"", ""legendre"": -1, ""p"": 19}]",CLOSED_EXACT_CYCLIC_PRESENTATION
76,137,1,9,"[{""brown_mod8"": 1, ""canonical_t"": 1, ""e"": 2, ""kind"": ""2-cyclic-odd"", ""p"": 2}, {""canonical_t"": 1, ""e"": 1, ""kind"": ""odd-cyclic"", ""legendre"": 1, ""p"": 19}]",CLOSED_EXACT_CYCLIC_PRESENTATION
76,139,11,9,"[{""brown_mod8"": 3, ""canonical_t"": 3, ""e"": 2, ""kind"": ""2-cyclic-odd"", ""p"": 2}, {""canonical_t"": 1, ""e"": 1, ""kind"": ""odd-cyclic"", ""legendre"": 1, ""p"": 19}]",CLOSED_EXACT_CYCLIC_PRESENTATION
76,141,13,9,"[{""brown_mod8"": 5, ""canonical_t"": 5, ""e"": 2, ""kind"": ""2-cyclic-odd"", ""p"": 2}, {""canonical_t"": 2, ""e"": 1, ""kind"": ""odd-cyclic"", ""legendre"": -1, ""p"": 19}]",CLOSED_EXACT_CYCLIC_PRESENTATION
76,143,15,9,"[{""brown_mod8"": 7, ""canonical_t"": 7, ""e"": 2, ""kind"": ""2-cyclic-odd"", ""p"": 2}, {""canonical_t"": 2, ""e"": 1, ""kind"": ""odd-cyclic"", ""legendre"": -1, ""p"": 19}]",CLOSED_EXACT_CYCLIC_PRESENTATION
76,145,33,9,"[{""brown_mod8"": 1, ""canonical_t"": 1, ""e"": 2, ""kind"": ""2-cyclic-odd"", ""p"": 2}, {""canonical_t"": 2, ""e"": 1, ""kind"": ""odd-cyclic"", ""legendre"": -1, ""p"": 19}]",CLOSED_EXACT_CYCLIC_PRESENTATION
76,147,3,9,"[{""brown_mod8"": 3, ""canonical_t"": 3, ""e"": 2, ""kind"": ""2-cyclic-odd"", ""p"": 2}, {""canonical_t"": 2, ""e"": 1, ""kind"": ""odd-cyclic"", ""legendre"": -1, ""p"": 19}]",CLOSED_EXACT_CYCLIC_PRESENTATION
76,149,5,9,"[{""brown_mod8"": 5, ""canonical_t"": 5, ""e"": 2, ""kind"": ""2-cyclic-odd"", ""p"": 2}, {""canonical_t"": 1, ""e"": 1, ""kind"": ""odd-cyclic"", ""legendre"": 1, ""p"": 19}]",CLOSED_EXACT_CYCLIC_PRESENTATION
76,151,15,9,"[{""brown_mod8"": 7, ""canonical_t"": 7, ""e"": 2, ""kind"": ""2-cyclic-odd"", ""p"": 2}, {""canonical_t"": 2, ""e"": 1, ""kind"": ""odd-cyclic"", ""legendre"": -1, ""p"": 19}]",CLOSED_EXACT_CYCLIC_PRESENTATION
77,1,1,15,"[{""canonical_t"": 1, ""e"": 1, ""kind"": ""odd-cyclic"", ""legendre"": 1, ""p"": 7}, {""canonical_t"": 1, ""e"": 1, ""kind"": ""odd-cyclic"", ""legendre"": 1, ""p"": 11}]",CLOSED_EXACT_CYCLIC_PRESENTATION
77,3,3,15,"[{""canonical_t"": 3, ""e"": 1, ""kind"": ""odd-cyclic"", ""legendre"": -1, ""p"": 7}, {""canonical_t"": 1, ""e"": 1, ""kind"": ""odd-cyclic"", ""legendre"": 1, ""p"": 11}]",CLOSED_EXACT_CYCLIC_PRESENTATION
77,5,3,15,"[{""canonical_t"": 3, ""e"": 1, ""kind"": ""odd-cyclic"", ""legendre"": -1, ""p"": 7}, {""canonical_t"": 1, ""e"": 1, ""kind"": ""odd-cyclic"", ""legendre"": 1, ""p"": 11}]",CLOSED_EXACT_CYCLIC_PRESENTATION
77,9,1,15,"[{""canonical_t"": 1, ""e"": 1, ""kind"": ""odd-cyclic"", ""legendre"": 1, ""p"": 7}, {""canonical_t"": 1, ""e"": 1, ""kind"": ""odd-cyclic"", ""legendre"": 1, ""p"": 11}]",CLOSED_EXACT_CYCLIC_PRESENTATION
77,13,13,15,"[{""canonical_t"": 3, ""e"": 1, ""kind"": ""odd-cyclic"", ""legendre"": -1, ""p"": 7}, {""canonical_t"": 2, ""e"": 1, ""kind"": ""odd-cyclic"", ""legendre"": -1, ""p"": 11}]",CLOSED_EXACT_CYCLIC_PRESENTATION
77,15,1,15,"[{""canonical_t"": 1, ""e"": 1, ""kind"": ""odd-cyclic"", ""legendre"": 1, ""p"": 7}, {""canonical_t"": 1, ""e"": 1, ""kind"": ""odd-cyclic"", ""legendre"": 1, ""p"": 11}]",CLOSED_EXACT_CYCLIC_PRESENTATION
77,17,13,15,"[{""canonical_t"": 3, ""e"": 1, ""kind"": ""odd-cyclic"", ""legendre"": -1, ""p"": 7}, {""canonical_t"": 2, ""e"": 1, ""kind"": ""odd-cyclic"", ""legendre"": -1, ""p"": 11}]",CLOSED_EXACT_CYCLIC_PRESENTATION
77,19,13,15,"[{""canonical_t"": 3, ""e"": 1, ""kind"": ""odd-cyclic"", ""legendre"": -1, ""p"": 7}, {""canonical_t"": 2, ""e"": 1, ""kind"": ""odd-cyclic"", ""legendre"": -1, ""p"": 11}]",CLOSED_EXACT_CYCLIC_PRESENTATION
77,23,1,15,"[{""canonical_t"": 1, ""e"": 1, ""kind"": ""odd-cyclic"", ""legendre"": 1, ""p"": 7}, {""canonical_t"": 1, ""e"": 1, ""kind"": ""odd-cyclic"", ""legendre"": 1, ""p"": 11}]",CLOSED_EXACT_CYCLIC_PRESENTATION
77,25,1,15,"[{""canonical_t"": 1, ""e"": 1, ""kind"": ""odd-cyclic"", ""legendre"": 1, ""p"": 7}, {""canonical_t"": 1, ""e"": 1, ""kind"": ""odd-cyclic"", ""legendre"": 1, ""p"": 11}]",CLOSED_EXACT_CYCLIC_PRESENTATION
77,27,3,15,"[{""canonical_t"": 3, ""e"": 1, ""kind"": ""odd-cyclic"", ""legendre"": -1, ""p"": 7}, {""canonical_t"": 1, ""e"": 1, ""kind"": ""odd-cyclic"", ""legendre"": 1, ""p"": 11}]",CLOSED_EXACT_CYCLIC_PRESENTATION
77,29,29,15,"[{""canonical_t"": 1, ""e"": 1, ""kind"": ""odd-cyclic"", ""legendre"": 1, ""p"": 7}, {""canonical_t"": 2, ""e"": 1, ""kind"": ""odd-cyclic"", ""legendre"": -1, ""p"": 11}]",CLOSED_EXACT_CYCLIC_PRESENTATION
77,31,3,15,"[{""canonical_t"": 3, ""e"": 1, ""kind"": ""odd-cyclic"", ""legendre"": -1, ""p"": 7}, {""canonical_t"": 1, ""e"": 1, ""kind"": ""odd-cyclic"", ""legendre"": 1, ""p"": 11}]",CLOSED_EXACT_CYCLIC_PRESENTATION
77,37,1,15,"[{""canonical_t"": 1, ""e"": 1, ""kind"": ""odd-cyclic"", ""legendre"": 1, ""p"": 7}, {""canonical_t"": 1, ""e"": 1, ""kind"": ""odd-cyclic"", ""legendre"": 1, ""p"": 11}]",CLOSED_EXACT_CYCLIC_PRESENTATION
77,39,29,15,"[{""canonical_t"": 1, ""e"": 1, ""kind"": ""odd-cyclic"", ""legendre"": 1, ""p"": 7}, {""canonical_t"": 2, ""e"": 1, ""kind"": ""odd-cyclic"", ""legendre"": -1, ""p"": 11}]",CLOSED_EXACT_CYCLIC_PRESENTATION
77,41,13,15,"[{""canonical_t"": 3, ""e"": 1, ""kind"": ""odd-cyclic"", ""legendre"": -1, ""p"": 7}, {""canonical_t"": 2, ""e"": 1, ""kind"": ""odd-cyclic"", ""legendre"": -1, ""p"": 11}]",CLOSED_EXACT_CYCLIC_PRESENTATION
77,43,29,15,"[{""canonical_t"": 1, ""e"": 1, ""kind"": ""odd-cyclic"", ""legendre"": 1, ""p"": 7}, {""canonical_t"": 2, ""e"": 1, ""kind"": ""odd-cyclic"", ""legendre"": -1, ""p"": 11}]",CLOSED_EXACT_CYCLIC_PRESENTATION
77,45,3,15,"[{""canonical_t"": 3, ""e"": 1, ""kind"": ""odd-cyclic"", ""legendre"": -1, ""p"": 7}, {""canonical_t"": 1, ""e"": 1, ""kind"": ""odd-cyclic"", ""legendre"": 1, ""p"": 11}]",CLOSED_EXACT_CYCLIC_PRESENTATION
77,47,3,15,"[{""canonical_t"": 3, ""e"": 1, ""kind"": ""odd-cyclic"", ""legendre"": -1, ""p"": 7}, {""canonical_t"": 1, ""e"": 1, ""kind"": ""odd-cyclic"", ""legendre"": 1, ""p"": 11}]",CLOSED_EXACT_CYCLIC_PRESENTATION
77,51,29,15,"[{""canonical_t"": 1, ""e"": 1, ""kind"": ""odd-cyclic"", ""legendre"": 1, ""p"": 7}, {""canonical_t"": 2, ""e"": 1, ""kind"": ""odd-cyclic"", ""legendre"": -1, ""p"": 11}]",CLOSED_EXACT_CYCLIC_PRESENTATION
77,53,1,15,"[{""canonical_t"": 1, ""e"": 1, ""kind"": ""odd-cyclic"", ""legendre"": 1, ""p"": 7}, {""canonical_t"": 1, ""e"": 1, ""kind"": ""odd-cyclic"", ""legendre"": 1, ""p"": 11}]",CLOSED_EXACT_CYCLIC_PRESENTATION
77,57,29,15,"[{""canonical_t"": 1, ""e"": 1, ""kind"": ""odd-cyclic"", ""legendre"": 1, ""p"": 7}, {""canonical_t"": 2, ""e"": 1, ""kind"": ""odd-cyclic"", ""legendre"": -1, ""p"": 11}]",CLOSED_EXACT_CYCLIC_PRESENTATION
77,59,3,15,"[{""canonical_t"": 3, ""e"": 1, ""kind"": ""odd-cyclic"", ""legendre"": -1, ""p"": 7}, {""canonical_t"": 1, ""e"": 1, ""kind"": ""odd-cyclic"", ""legendre"": 1, ""p"": 11}]",CLOSED_EXACT_CYCLIC_PRESENTATION
77,61,13,15,"[{""canonical_t"": 3, ""e"": 1, ""kind"": ""odd-cyclic"", ""legendre"": -1, ""p"": 7}, {""canonical_t"": 2, ""e"": 1, ""kind"": ""odd-cyclic"", ""legendre"": -1, ""p"": 11}]",CLOSED_EXACT_CYCLIC_PRESENTATION
77,65,29,15,"[{""canonical_t"": 1, ""e"": 1, ""kind"": ""odd-cyclic"", ""legendre"": 1, ""p"": 7}, {""canonical_t"": 2, ""e"": 1, ""kind"": ""odd-cyclic"", ""legendre"": -1, ""p"": 11}]",CLOSED_EXACT_CYCLIC_PRESENTATION
77,67,1,15,"[{""canonical_t"": 1, ""e"": 1, ""kind"": ""odd-cyclic"", ""legendre"": 1, ""p"": 7}, {""canonical_t"": 1, ""e"": 1, ""kind"": ""odd-cyclic"", ""legendre"": 1, ""p"": 11}]",CLOSED_EXACT_CYCLIC_PRESENTATION
77,69,3,15,"[{""canonical_t"": 3, ""e"": 1, ""kind"": ""odd-cyclic"", ""legendre"": -1, ""p"": 7}, {""canonical_t"": 1, ""e"": 1, ""kind"": ""odd-cyclic"", ""legendre"": 1, ""p"": 11}]",CLOSED_EXACT_CYCLIC_PRESENTATION
77,71,1,15,"[{""canonical_t"": 1, ""e"": 1, ""kind"": ""odd-cyclic"", ""legendre"": 1, ""p"": 7}, {""canonical_t"": 1, ""e"": 1, ""kind"": ""odd-cyclic"", ""legendre"": 1, ""p"": 11}]",CLOSED_EXACT_CYCLIC_PRESENTATION
77,73,13,15,"[{""canonical_t"": 3, ""e"": 1, ""kind"": ""odd-cyclic"", ""legendre"": -1, ""p"": 7}, {""canonical_t"": 2, ""e"": 1, ""kind"": ""odd-cyclic"", ""legendre"": -1, ""p"": 11}]",CLOSED_EXACT_CYCLIC_PRESENTATION
77,75,3,15,"[{""canonical_t"": 3, ""e"": 1, ""kind"": ""odd-cyclic"", ""legendre"": -1, ""p"": 7}, {""canonical_t"": 1, ""e"": 1, ""kind"": ""odd-cyclic"", ""legendre"": 1, ""p"": 11}]",CLOSED_EXACT_CYCLIC_PRESENTATION
77,79,29,15,"[{""canonical_t"": 1, ""e"": 1, ""kind"": ""odd-cyclic"", ""legendre"": 1, ""p"": 7}, {""canonical_t"": 2, ""e"": 1, ""kind"": ""odd-cyclic"", ""legendre"": -1, ""p"": 11}]",CLOSED_EXACT_CYCLIC_PRESENTATION
77,81,1,15,"[{""canonical_t"": 1, ""e"": 1, ""kind"": ""odd-cyclic"", ""legendre"": 1, ""p"": 7}, {""canonical_t"": 1, ""e"": 1, ""kind"": ""odd-cyclic"", ""legendre"": 1, ""p"": 11}]",CLOSED_EXACT_CYCLIC_PRESENTATION
77,83,13,15,"[{""canonical_t"": 3, ""e"": 1, ""kind"": ""odd-cyclic"", ""legendre"": -1, ""p"": 7}, {""canonical_t"": 2, ""e"": 1, ""kind"": ""odd-cyclic"", ""legendre"": -1, ""p"": 11}]",CLOSED_EXACT_CYCLIC_PRESENTATION
77,85,29,15,"[{""canonical_t"": 1, ""e"": 1, ""kind"": ""odd-cyclic"", ""legendre"": 1, ""p"": 7}, {""canonical_t"": 2, ""e"": 1, ""kind"": ""odd-cyclic"", ""legendre"": -1, ""p"": 11}]",CLOSED_EXACT_CYCLIC_PRESENTATION
77,87,13,15,"[{""canonical_t"": 3, ""e"": 1, ""kind"": ""odd-cyclic"", ""legendre"": -1, ""p"": 7}, {""canonical_t"": 2, ""e"": 1, ""kind"": ""odd-cyclic"", ""legendre"": -1, ""p"": 11}]",CLOSED_EXACT_CYCLIC_PRESENTATION
77,89,3,15,"[{""canonical_t"": 3, ""e"": 1, ""kind"": ""odd-cyclic"", ""legendre"": -1, ""p"": 7}, {""canonical_t"": 1, ""e"": 1, ""kind"": ""odd-cyclic"", ""legendre"": 1, ""p"": 11}]",CLOSED_EXACT_CYCLIC_PRESENTATION
77,93,1,15,"[{""canonical_t"": 1, ""e"": 1, ""kind"": ""odd-cyclic"", ""legendre"": 1, ""p"": 7}, {""canonical_t"": 1, ""e"": 1, ""kind"": ""odd-cyclic"", ""legendre"": 1, ""p"": 11}]",CLOSED_EXACT_CYCLIC_PRESENTATION
77,95,29,15,"[{""canonical_t"": 1, ""e"": 1, ""kind"": ""odd-cyclic"", ""legendre"": 1, ""p"": 7}, {""canonical_t"": 2, ""e"": 1, ""kind"": ""odd-cyclic"", ""legendre"": -1, ""p"": 11}]",CLOSED_EXACT_CYCLIC_PRESENTATION
77,97,3,15,"[{""canonical_t"": 3, ""e"": 1, ""kind"": ""odd-cyclic"", ""legendre"": -1, ""p"": 7}, {""canonical_t"": 1, ""e"": 1, ""kind"": ""odd-cyclic"", ""legendre"": 1, ""p"": 11}]",CLOSED_EXACT_CYCLIC_PRESENTATION
77,101,13,15,"[{""canonical_t"": 3, ""e"": 1, ""kind"": ""odd-cyclic"", ""legendre"": -1, ""p"": 7}, {""canonical_t"": 2, ""e"": 1, ""kind"": ""odd-cyclic"", ""legendre"": -1, ""p"": 11}]",CLOSED_EXACT_CYCLIC_PRESENTATION
77,103,3,15,"[{""canonical_t"": 3, ""e"": 1, ""kind"": ""odd-cyclic"", ""legendre"": -1, ""p"": 7}, {""canonical_t"": 1, ""e"": 1, ""kind"": ""odd-cyclic"", ""legendre"": 1, ""p"": 11}]",CLOSED_EXACT_CYCLIC_PRESENTATION
77,107,29,15,"[{""canonical_t"": 1, ""e"": 1, ""kind"": ""odd-cyclic"", ""legendre"": 1, ""p"": 7}, {""canonical_t"": 2, ""e"": 1, ""kind"": ""odd-cyclic"", ""legendre"": -1, ""p"": 11}]",CLOSED_EXACT_CYCLIC_PRESENTATION
77,109,29,15,"[{""canonical_t"": 1, ""e"": 1, ""kind"": ""odd-cyclic"", ""legendre"": 1, ""p"": 7}, {""canonical_t"": 2, ""e"": 1, ""kind"": ""odd-cyclic"", ""legendre"": -1, ""p"": 11}]",CLOSED_EXACT_CYCLIC_PRESENTATION
77,111,3,15,"[{""canonical_t"": 3, ""e"": 1, ""kind"": ""odd-cyclic"", ""legendre"": -1, ""p"": 7}, {""canonical_t"": 1, ""e"": 1, ""kind"": ""odd-cyclic"", ""legendre"": 1, ""p"": 11}]",CLOSED_EXACT_CYCLIC_PRESENTATION
77,113,1,15,"[{""canonical_t"": 1, ""e"": 1, ""kind"": ""odd-cyclic"", ""legendre"": 1, ""p"": 7}, {""canonical_t"": 1, ""e"": 1, ""kind"": ""odd-cyclic"", ""legendre"": 1, ""p"": 11}]",CLOSED_EXACT_CYCLIC_PRESENTATION
77,115,3,15,"[{""canonical_t"": 3, ""e"": 1, ""kind"": ""odd-cyclic"", ""legendre"": -1, ""p"": 7}, {""canonical_t"": 1, ""e"": 1, ""kind"": ""odd-cyclic"", ""legendre"": 1, ""p"": 11}]",CLOSED_EXACT_CYCLIC_PRESENTATION
77,117,13,15,"[{""canonical_t"": 3, ""e"": 1, ""kind"": ""odd-cyclic"", ""legendre"": -1, ""p"": 7}, {""canonical_t"": 2, ""e"": 1, ""kind"": ""odd-cyclic"", ""legendre"": -1, ""p"": 11}]",CLOSED_EXACT_CYCLIC_PRESENTATION
77,123,29,15,"[{""canonical_t"": 1, ""e"": 1, ""kind"": ""odd-cyclic"", ""legendre"": 1, ""p"": 7}, {""canonical_t"": 2, ""e"": 1, ""kind"": ""odd-cyclic"", ""legendre"": -1, ""p"": 11}]",CLOSED_EXACT_CYCLIC_PRESENTATION
77,125,3,15,"[{""canonical_t"": 3, ""e"": 1, ""kind"": ""odd-cyclic"", ""legendre"": -1, ""p"": 7}, {""canonical_t"": 1, ""e"": 1, ""kind"": ""odd-cyclic"", ""legendre"": 1, ""p"": 11}]",CLOSED_EXACT_CYCLIC_PRESENTATION
77,127,29,15,"[{""canonical_t"": 1, ""e"": 1, ""kind"": ""odd-cyclic"", ""legendre"": 1, ""p"": 7}, {""canonical_t"": 2, ""e"": 1, ""kind"": ""odd-cyclic"", ""legendre"": -1, ""p"": 11}]",CLOSED_EXACT_CYCLIC_PRESENTATION
77,129,13,15,"[{""canonical_t"": 3, ""e"": 1, ""kind"": ""odd-cyclic"", ""legendre"": -1, ""p"": 7}, {""canonical_t"": 2, ""e"": 1, ""kind"": ""odd-cyclic"", ""legendre"": -1, ""p"": 11}]",CLOSED_EXACT_CYCLIC_PRESENTATION
77,131,13,15,"[{""canonical_t"": 3, ""e"": 1, ""kind"": ""odd-cyclic"", ""legendre"": -1, ""p"": 7}, {""canonical_t"": 2, ""e"": 1, ""kind"": ""odd-cyclic"", ""legendre"": -1, ""p"": 11}]",CLOSED_EXACT_CYCLIC_PRESENTATION
77,135,1,15,"[{""canonical_t"": 1, ""e"": 1, ""kind"": ""odd-cyclic"", ""legendre"": 1, ""p"": 7}, {""canonical_t"": 1, ""e"": 1, ""kind"": ""odd-cyclic"", ""legendre"": 1, ""p"": 11}]",CLOSED_EXACT_CYCLIC_PRESENTATION
77,137,1,15,"[{""canonical_t"": 1, ""e"": 1, ""kind"": ""odd-cyclic"", ""legendre"": 1, ""p"": 7}, {""canonical_t"": 1, ""e"": 1, ""kind"": ""odd-cyclic"", ""legendre"": 1, ""p"": 11}]",CLOSED_EXACT_CYCLIC_PRESENTATION
77,139,13,15,"[{""canonical_t"": 3, ""e"": 1, ""kind"": ""odd-cyclic"", ""legendre"": -1, ""p"": 7}, {""canonical_t"": 2, ""e"": 1, ""kind"": ""odd-cyclic"", ""legendre"": -1, ""p"": 11}]",CLOSED_EXACT_CYCLIC_PRESENTATION
77,141,1,15,"[{""canonical_t"": 1, ""e"": 1, ""kind"": ""odd-cyclic"", ""legendre"": 1, ""p"": 7}, {""canonical_t"": 1, ""e"": 1, ""kind"": ""odd-cyclic"", ""legendre"": 1, ""p"": 11}]",CLOSED_EXACT_CYCLIC_PRESENTATION
77,145,13,15,"[{""canonical_t"": 3, ""e"": 1, ""kind"": ""odd-cyclic"", ""legendre"": -1, ""p"": 7}, {""canonical_t"": 2, ""e"": 1, ""kind"": ""odd-cyclic"", ""legendre"": -1, ""p"": 11}]",CLOSED_EXACT_CYCLIC_PRESENTATION
77,149,29,15,"[{""canonical_t"": 1, ""e"": 1, ""kind"": ""odd-cyclic"", ""legendre"": 1, ""p"": 7}, {""canonical_t"": 2, ""e"": 1, ""kind"": ""odd-cyclic"", ""legendre"": -1, ""p"": 11}]",CLOSED_EXACT_CYCLIC_PRESENTATION
77,151,29,15,"[{""canonical_t"": 1, ""e"": 1, ""kind"": ""odd-cyclic"", ""legendre"": 1, ""p"": 7}, {""canonical_t"": 2, ""e"": 1, ""kind"": ""odd-cyclic"", ""legendre"": -1, ""p"": 11}]",CLOSED_EXACT_CYCLIC_PRESENTATION
77,153,13,15,"[{""canonical_t"": 3, ""e"": 1, ""kind"": ""odd-cyclic"", ""legendre"": -1, ""p"": 7}, {""canonical_t"": 2, ""e"": 1, ""kind"": ""odd-cyclic"", ""legendre"": -1, ""p"": 11}]",CLOSED_EXACT_CYCLIC_PRESENTATION
78,1,1,6,"[{""brown_mod8"": 1, ""canonical_t"": 1, ""e"": 1, ""kind"": ""2-cyclic-odd"", ""p"": 2}, {""canonical_t"": 1, ""e"": 1, ""kind"": ""odd-cyclic"", ""legendre"": 1, ""p"": 3}, {""canonical_t"": 1, ""e"": 1, ""kind"": ""odd-cyclic"", ""legendre"": 1, ""p"": 13}]",CLOSED_EXACT_CYCLIC_PRESENTATION
78,5,5,6,"[{""brown_mod8"": 1, ""canonical_t"": 1, ""e"": 1, ""kind"": ""2-cyclic-odd"", ""p"": 2}, {""canonical_t"": 2, ""e"": 1, ""kind"": ""odd-cyclic"", ""legendre"": -1, ""p"": 3}, {""canonical_t"": 2, ""e"": 1, ""kind"": ""odd-cyclic"", ""legendre"": -1, ""p"": 13}]",CLOSED_EXACT_CYCLIC_PRESENTATION
78,7,7,6,"[{""brown_mod8"": 3, ""canonical_t"": 3, ""e"": 1, ""kind"": ""2-cyclic-odd"", ""p"": 2}, {""canonical_t"": 1, ""e"": 1, ""kind"": ""odd-cyclic"", ""legendre"": 1, ""p"": 3}, {""canonical_t"": 2, ""e"": 1, ""kind"": ""odd-cyclic"", ""legendre"": -1, ""p"": 13}]",CLOSED_EXACT_CYCLIC_PRESENTATION
78,11,11,6,"[{""brown_mod8"": 3, ""canonical_t"": 3, ""e"": 1, ""kind"": ""2-cyclic-odd"", ""p"": 2}, {""canonical_t"": 2, ""e"": 1, ""kind"": ""odd-cyclic"", ""legendre"": -1, ""p"": 3}, {""canonical_t"": 2, ""e"": 1, ""kind"": ""odd-cyclic"", ""legendre"": -1, ""p"": 13}]",CLOSED_EXACT_CYCLIC_PRESENTATION
78,17,17,6,"[{""brown_mod8"": 1, ""canonical_t"": 1, ""e"": 1, ""kind"": ""2-cyclic-odd"", ""p"": 2}, {""canonical_t"": 2, ""e"": 1, ""kind"": ""odd-cyclic"", ""legendre"": -1, ""p"": 3}, {""canonical_t"": 1, ""e"": 1, ""kind"": ""odd-cyclic"", ""legendre"": 1, ""p"": 13}]",CLOSED_EXACT_CYCLIC_PRESENTATION
78,19,7,6,"[{""brown_mod8"": 3, ""canonical_t"": 3, ""e"": 1, ""kind"": ""2-cyclic-odd"", ""p"": 2}, {""canonical_t"": 1, ""e"": 1, ""kind"": ""odd-cyclic"", ""legendre"": 1, ""p"": 3}, {""canonical_t"": 2, ""e"": 1, ""kind"": ""odd-cyclic"", ""legendre"": -1, ""p"": 13}]",CLOSED_EXACT_CYCLIC_PRESENTATION
78,23,23,6,"[{""brown_mod8"": 3, ""canonical_t"": 3, ""e"": 1, ""kind"": ""2-cyclic-odd"", ""p"": 2}, {""canonical_t"": 2, ""e"": 1, ""kind"": ""odd-cyclic"", ""legendre"": -1, ""p"": 3}, {""canonical_t"": 1, ""e"": 1, ""kind"": ""odd-cyclic"", ""legendre"": 1, ""p"": 13}]",CLOSED_EXACT_CYCLIC_PRESENTATION
78,25,1,6,"[{""brown_mod8"": 1, ""canonical_t"": 1, ""e"": 1, ""kind"": ""2-cyclic-odd"", ""p"": 2}, {""canonical_t"": 1, ""e"": 1, ""kind"": ""odd-cyclic"", ""legendre"": 1, ""p"": 3}, {""canonical_t"": 1, ""e"": 1, ""kind"": ""odd-cyclic"", ""legendre"": 1, ""p"": 13}]",CLOSED_EXACT_CYCLIC_PRESENTATION
78,29,17,6,"[{""brown_mod8"": 1, ""canonical_t"": 1, ""e"": 1, ""kind"": ""2-cyclic-odd"", ""p"": 2}, {""canonical_t"": 2, ""e"": 1, ""kind"": ""odd-cyclic"", ""legendre"": -1, ""p"": 3}, {""canonical_t"": 1, ""e"": 1, ""kind"": ""odd-cyclic"", ""legendre"": 1, ""p"": 13}]",CLOSED_EXACT_CYCLIC_PRESENTATION
78,31,7,6,"[{""brown_mod8"": 3, ""canonical_t"": 3, ""e"": 1, ""kind"": ""2-cyclic-odd"", ""p"": 2}, {""canonical_t"": 1, ""e"": 1, ""kind"": ""odd-cyclic"", ""legendre"": 1, ""p"": 3}, {""canonical_t"": 2, ""e"": 1, ""kind"": ""odd-cyclic"", ""legendre"": -1, ""p"": 13}]",CLOSED_EXACT_CYCLIC_PRESENTATION
78,35,23,6,"[{""brown_mod8"": 3, ""canonical_t"": 3, ""e"": 1, ""kind"": ""2-cyclic-odd"", ""p"": 2}, {""canonical_t"": 2, ""e"": 1, ""kind"": ""odd-cyclic"", ""legendre"": -1, ""p"": 3}, {""canonical_t"": 1, ""e"": 1, ""kind"": ""odd-cyclic"", ""legendre"": 1, ""p"": 13}]",CLOSED_EXACT_CYCLIC_PRESENTATION
78,37,37,6,"[{""brown_mod8"": 1, ""canonical_t"": 1, ""e"": 1, ""kind"": ""2-cyclic-odd"", ""p"": 2}, {""canonical_t"": 1, ""e"": 1, ""kind"": ""odd-cyclic"", ""legendre"": 1, ""p"": 3}, {""canonical_t"": 2, ""e"": 1, ""kind"": ""odd-cyclic"", ""legendre"": -1, ""p"": 13}]",CLOSED_EXACT_CYCLIC_PRESENTATION
78,41,5,6,"[{""brown_mod8"": 1, ""canonical_t"": 1, ""e"": 1, ""kind"": ""2-cyclic-odd"", ""p"": 2}, {""canonical_t"": 2, ""e"": 1, ""kind"": ""odd-cyclic"", ""legendre"": -1, ""p"": 3}, {""canonical_t"": 2, ""e"": 1, ""kind"": ""odd-cyclic"", ""legendre"": -1, ""p"": 13}]",CLOSED_EXACT_CYCLIC_PRESENTATION
78,43,43,6,"[{""brown_mod8"": 3, ""canonical_t"": 3, ""e"": 1, ""kind"": ""2-cyclic-odd"", ""p"": 2}, {""canonical_t"": 1, ""e"": 1, ""kind"": ""odd-cyclic"", ""legendre"": 1, ""p"": 3}, {""canonical_t"": 1, ""e"": 1, ""kind"": ""odd-cyclic"", ""legendre"": 1, ""p"": 13}]",CLOSED_EXACT_CYCLIC_PRESENTATION
78,47,11,6,"[{""brown_mod8"": 3, ""canonical_t"": 3, ""e"": 1, ""kind"": ""2-cyclic-odd"", ""p"": 2}, {""canonical_t"": 2, ""e"": 1, ""kind"": ""odd-cyclic"", ""legendre"": -1, ""p"": 3}, {""canonical_t"": 2, ""e"": 1, ""kind"": ""odd-cyclic"", ""legendre"": -1, ""p"": 13}]",CLOSED_EXACT_CYCLIC_PRESENTATION
78,49,1,6,"[{""brown_mod8"": 1, ""canonical_t"": 1, ""e"": 1, ""kind"": ""2-cyclic-odd"", ""p"": 2}, {""canonical_t"": 1, ""e"": 1, ""kind"": ""odd-cyclic"", ""legendre"": 1, ""p"": 3}, {""canonical_t"": 1, ""e"": 1, ""kind"": ""odd-cyclic"", ""legendre"": 1, ""p"": 13}]",CLOSED_EXACT_CYCLIC_PRESENTATION
78,53,17,6,"[{""brown_mod8"": 1, ""canonical_t"": 1, ""e"": 1, ""kind"": ""2-cyclic-odd"", ""p"": 2}, {""canonical_t"": 2, ""e"": 1, ""kind"": ""odd-cyclic"", ""legendre"": -1, ""p"": 3}, {""canonical_t"": 1, ""e"": 1, ""kind"": ""odd-cyclic"", ""legendre"": 1, ""p"": 13}]",CLOSED_EXACT_CYCLIC_PRESENTATION
78,55,43,6,"[{""brown_mod8"": 3, ""canonical_t"": 3, ""e"": 1, ""kind"": ""2-cyclic-odd"", ""p"": 2}, {""canonical_t"": 1, ""e"": 1, ""kind"": ""odd-cyclic"", ""legendre"": 1, ""p"": 3}, {""canonical_t"": 1, ""e"": 1, ""kind"": ""odd-cyclic"", ""legendre"": 1, ""p"": 13}]",CLOSED_EXACT_CYCLIC_PRESENTATION
78,59,11,6,"[{""brown_mod8"": 3, ""canonical_t"": 3, ""e"": 1, ""kind"": ""2-cyclic-odd"", ""p"": 2}, {""canonical_t"": 2, ""e"": 1, ""kind"": ""odd-cyclic"", ""legendre"": -1, ""p"": 3}, {""canonical_t"": 2, ""e"": 1, ""kind"": ""odd-cyclic"", ""legendre"": -1, ""p"": 13}]",CLOSED_EXACT_CYCLIC_PRESENTATION
78,61,1,6,"[{""brown_mod8"": 1, ""canonical_t"": 1, ""e"": 1, ""kind"": ""2-cyclic-odd"", ""p"": 2}, {""canonical_t"": 1, ""e"": 1, ""kind"": ""odd-cyclic"", ""legendre"": 1, ""p"": 3}, {""canonical_t"": 1, ""e"": 1, ""kind"": ""odd-cyclic"", ""legendre"": 1, ""p"": 13}]",CLOSED_EXACT_CYCLIC_PRESENTATION
78,67,7,6,"[{""brown_mod8"": 3, ""canonical_t"": 3, ""e"": 1, ""kind"": ""2-cyclic-odd"", ""p"": 2}, {""canonical_t"": 1, ""e"": 1, ""kind"": ""odd-cyclic"", ""legendre"": 1, ""p"": 3}, {""canonical_t"": 2, ""e"": 1, ""kind"": ""odd-cyclic"", ""legendre"": -1, ""p"": 13}]",CLOSED_EXACT_CYCLIC_PRESENTATION
78,71,11,6,"[{""brown_mod8"": 3, ""canonical_t"": 3, ""e"": 1, ""kind"": ""2-cyclic-odd"", ""p"": 2}, {""canonical_t"": 2, ""e"": 1, ""kind"": ""odd-cyclic"", ""legendre"": -1, ""p"": 3}, {""canonical_t"": 2, ""e"": 1, ""kind"": ""odd-cyclic"", ""legendre"": -1, ""p"": 13}]",CLOSED_EXACT_CYCLIC_PRESENTATION
78,73,37,6,"[{""brown_mod8"": 1, ""canonical_t"": 1, ""e"": 1, ""kind"": ""2-cyclic-odd"", ""p"": 2}, {""canonical_t"": 1, ""e"": 1, ""kind"": ""odd-cyclic"", ""legendre"": 1, ""p"": 3}, {""canonical_t"": 2, ""e"": 1, ""kind"": ""odd-cyclic"", ""legendre"": -1, ""p"": 13}]",CLOSED_EXACT_CYCLIC_PRESENTATION
78,77,17,6,"[{""brown_mod8"": 1, ""canonical_t"": 1, ""e"": 1, ""kind"": ""2-cyclic-odd"", ""p"": 2}, {""canonical_t"": 2, ""e"": 1, ""kind"": ""odd-cyclic"", ""legendre"": -1, ""p"": 3}, {""canonical_t"": 1, ""e"": 1, ""kind"": ""odd-cyclic"", ""legendre"": 1, ""p"": 13}]",CLOSED_EXACT_CYCLIC_PRESENTATION
78,79,43,6,"[{""brown_mod8"": 3, ""canonical_t"": 3, ""e"": 1, ""kind"": ""2-cyclic-odd"", ""p"": 2}, {""canonical_t"": 1, ""e"": 1, ""kind"": ""odd-cyclic"", ""legendre"": 1, ""p"": 3}, {""canonical_t"": 1, ""e"": 1, ""kind"": ""odd-cyclic"", ""legendre"": 1, ""p"": 13}]",CLOSED_EXACT_CYCLIC_PRESENTATION
78,83,11,6,"[{""brown_mod8"": 3, ""canonical_t"": 3, ""e"": 1, ""kind"": ""2-cyclic-odd"", ""p"": 2}, {""canonical_t"": 2, ""e"": 1, ""kind"": ""odd-cyclic"", ""legendre"": -1, ""p"": 3}, {""canonical_t"": 2, ""e"": 1, ""kind"": ""odd-cyclic"", ""legendre"": -1, ""p"": 13}]",CLOSED_EXACT_CYCLIC_PRESENTATION
78,85,37,6,"[{""brown_mod8"": 1, ""canonical_t"": 1, ""e"": 1, ""kind"": ""2-cyclic-odd"", ""p"": 2}, {""canonical_t"": 1, ""e"": 1, ""kind"": ""odd-cyclic"", ""legendre"": 1, ""p"": 3}, {""canonical_t"": 2, ""e"": 1, ""kind"": ""odd-cyclic"", ""legendre"": -1, ""p"": 13}]",CLOSED_EXACT_CYCLIC_PRESENTATION
78,89,5,6,"[{""brown_mod8"": 1, ""canonical_t"": 1, ""e"": 1, ""kind"": ""2-cyclic-odd"", ""p"": 2}, {""canonical_t"": 2, ""e"": 1, ""kind"": ""odd-cyclic"", ""legendre"": -1, ""p"": 3}, {""canonical_t"": 2, ""e"": 1, ""kind"": ""odd-cyclic"", ""legendre"": -1, ""p"": 13}]",CLOSED_EXACT_CYCLIC_PRESENTATION
78,95,23,6,"[{""brown_mod8"": 3, ""canonical_t"": 3, ""e"": 1, ""kind"": ""2-cyclic-odd"", ""p"": 2}, {""canonical_t"": 2, ""e"": 1, ""kind"": ""odd-cyclic"", ""legendre"": -1, ""p"": 3}, {""canonical_t"": 1, ""e"": 1, ""kind"": ""odd-cyclic"", ""legendre"": 1, ""p"": 13}]",CLOSED_EXACT_CYCLIC_PRESENTATION
78,97,37,6,"[{""brown_mod8"": 1, ""canonical_t"": 1, ""e"": 1, ""kind"": ""2-cyclic-odd"", ""p"": 2}, {""canonical_t"": 1, ""e"": 1, ""kind"": ""odd-cyclic"", ""legendre"": 1, ""p"": 3}, {""canonical_t"": 2, ""e"": 1, ""kind"": ""odd-cyclic"", ""legendre"": -1, ""p"": 13}]",CLOSED_EXACT_CYCLIC_PRESENTATION
78,101,17,6,"[{""brown_mod8"": 1, ""canonical_t"": 1, ""e"": 1, ""kind"": ""2-cyclic-odd"", ""p"": 2}, {""canonical_t"": 2, ""e"": 1, ""kind"": ""odd-cyclic"", ""legendre"": -1, ""p"": 3}, {""canonical_t"": 1, ""e"": 1, ""kind"": ""odd-cyclic"", ""legendre"": 1, ""p"": 13}]",CLOSED_EXACT_CYCLIC_PRESENTATION
78,103,43,6,"[{""brown_mod8"": 3, ""canonical_t"": 3, ""e"": 1, ""kind"": ""2-cyclic-odd"", ""p"": 2}, {""canonical_t"": 1, ""e"": 1, ""kind"": ""odd-cyclic"", ""legendre"": 1, ""p"": 3}, {""canonical_t"": 1, ""e"": 1, ""kind"": ""odd-cyclic"", ""legendre"": 1, ""p"": 13}]",CLOSED_EXACT_CYCLIC_PRESENTATION
78,107,23,6,"[{""brown_mod8"": 3, ""canonical_t"": 3, ""e"": 1, ""kind"": ""2-cyclic-odd"", ""p"": 2}, {""canonical_t"": 2, ""e"": 1, ""kind"": ""odd-cyclic"", ""legendre"": -1, ""p"": 3}, {""canonical_t"": 1, ""e"": 1, ""kind"": ""odd-cyclic"", ""legendre"": 1, ""p"": 13}]",CLOSED_EXACT_CYCLIC_PRESENTATION
78,109,37,6,"[{""brown_mod8"": 1, ""canonical_t"": 1, ""e"": 1, ""kind"": ""2-cyclic-odd"", ""p"": 2}, {""canonical_t"": 1, ""e"": 1, ""kind"": ""odd-cyclic"", ""legendre"": 1, ""p"": 3}, {""canonical_t"": 2, ""e"": 1, ""kind"": ""odd-cyclic"", ""legendre"": -1, ""p"": 13}]",CLOSED_EXACT_CYCLIC_PRESENTATION
78,113,17,6,"[{""brown_mod8"": 1, ""canonical_t"": 1, ""e"": 1, ""kind"": ""2-cyclic-odd"", ""p"": 2}, {""canonical_t"": 2, ""e"": 1, ""kind"": ""odd-cyclic"", ""legendre"": -1, ""p"": 3}, {""canonical_t"": 1, ""e"": 1, ""kind"": ""odd-cyclic"", ""legendre"": 1, ""p"": 13}]",CLOSED_EXACT_CYCLIC_PRESENTATION
78,115,7,6,"[{""brown_mod8"": 3, ""canonical_t"": 3, ""e"": 1, ""kind"": ""2-cyclic-odd"", ""p"": 2}, {""canonical_t"": 1, ""e"": 1, ""kind"": ""odd-cyclic"", ""legendre"": 1, ""p"": 3}, {""canonical_t"": 2, ""e"": 1, ""kind"": ""odd-cyclic"", ""legendre"": -1, ""p"": 13}]",CLOSED_EXACT_CYCLIC_PRESENTATION
78,119,11,6,"[{""brown_mod8"": 3, ""canonical_t"": 3, ""e"": 1, ""kind"": ""2-cyclic-odd"", ""p"": 2}, {""canonical_t"": 2, ""e"": 1, ""kind"": ""odd-cyclic"", ""legendre"": -1, ""p"": 3}, {""canonical_t"": 2, ""e"": 1, ""kind"": ""odd-cyclic"", ""legendre"": -1, ""p"": 13}]",CLOSED_EXACT_CYCLIC_PRESENTATION
78,121,1,6,"[{""brown_mod8"": 1, ""canonical_t"": 1, ""e"": 1, ""kind"": ""2-cyclic-odd"", ""p"": 2}, {""canonical_t"": 1, ""e"": 1, ""kind"": ""odd-cyclic"", ""legendre"": 1, ""p"": 3}, {""canonical_t"": 1, ""e"": 1, ""kind"": ""odd-cyclic"", ""legendre"": 1, ""p"": 13}]",CLOSED_EXACT_CYCLIC_PRESENTATION
78,125,5,6,"[{""brown_mod8"": 1, ""canonical_t"": 1, ""e"": 1, ""kind"": ""2-cyclic-odd"", ""p"": 2}, {""canonical_t"": 2, ""e"": 1, ""kind"": ""odd-cyclic"", ""legendre"": -1, ""p"": 3}, {""canonical_t"": 2, ""e"": 1, ""kind"": ""odd-cyclic"", ""legendre"": -1, ""p"": 13}]",CLOSED_EXACT_CYCLIC_PRESENTATION
78,127,43,6,"[{""brown_mod8"": 3, ""canonical_t"": 3, ""e"": 1, ""kind"": ""2-cyclic-odd"", ""p"": 2}, {""canonical_t"": 1, ""e"": 1, ""kind"": ""odd-cyclic"", ""legendre"": 1, ""p"": 3}, {""canonical_t"": 1, ""e"": 1, ""kind"": ""odd-cyclic"", ""legendre"": 1, ""p"": 13}]",CLOSED_EXACT_CYCLIC_PRESENTATION
78,131,23,6,"[{""brown_mod8"": 3, ""canonical_t"": 3, ""e"": 1, ""kind"": ""2-cyclic-odd"", ""p"": 2}, {""canonical_t"": 2, ""e"": 1, ""kind"": ""odd-cyclic"", ""legendre"": -1, ""p"": 3}, {""canonical_t"": 1, ""e"": 1, ""kind"": ""odd-cyclic"", ""legendre"": 1, ""p"": 13}]",CLOSED_EXACT_CYCLIC_PRESENTATION
78,133,1,6,"[{""brown_mod8"": 1, ""canonical_t"": 1, ""e"": 1, ""kind"": ""2-cyclic-odd"", ""p"": 2}, {""canonical_t"": 1, ""e"": 1, ""kind"": ""odd-cyclic"", ""legendre"": 1, ""p"": 3}, {""canonical_t"": 1, ""e"": 1, ""kind"": ""odd-cyclic"", ""legendre"": 1, ""p"": 13}]",CLOSED_EXACT_CYCLIC_PRESENTATION
78,137,5,6,"[{""brown_mod8"": 1, ""canonical_t"": 1, ""e"": 1, ""kind"": ""2-cyclic-odd"", ""p"": 2}, {""canonical_t"": 2, ""e"": 1, ""kind"": ""odd-cyclic"", ""legendre"": -1, ""p"": 3}, {""canonical_t"": 2, ""e"": 1, ""kind"": ""odd-cyclic"", ""legendre"": -1, ""p"": 13}]",CLOSED_EXACT_CYCLIC_PRESENTATION
78,139,43,6,"[{""brown_mod8"": 3, ""canonical_t"": 3, ""e"": 1, ""kind"": ""2-cyclic-odd"", ""p"": 2}, {""canonical_t"": 1, ""e"": 1, ""kind"": ""odd-cyclic"", ""legendre"": 1, ""p"": 3}, {""canonical_t"": 1, ""e"": 1, ""kind"": ""odd-cyclic"", ""legendre"": 1, ""p"": 13}]",CLOSED_EXACT_CYCLIC_PRESENTATION
78,145,37,6,"[{""brown_mod8"": 1, ""canonical_t"": 1, ""e"": 1, ""kind"": ""2-cyclic-odd"", ""p"": 2}, {""canonical_t"": 1, ""e"": 1, ""kind"": ""odd-cyclic"", ""legendre"": 1, ""p"": 3}, {""canonical_t"": 2, ""e"": 1, ""kind"": ""odd-cyclic"", ""legendre"": -1, ""p"": 13}]",CLOSED_EXACT_CYCLIC_PRESENTATION
78,149,5,6,"[{""brown_mod8"": 1, ""canonical_t"": 1, ""e"": 1, ""kind"": ""2-cyclic-odd"", ""p"": 2}, {""canonical_t"": 2, ""e"": 1, ""kind"": ""odd-cyclic"", ""legendre"": -1, ""p"": 3}, {""canonical_t"": 2, ""e"": 1, ""kind"": ""odd-cyclic"", ""legendre"": -1, ""p"": 13}]",CLOSED_EXACT_CYCLIC_PRESENTATION
78,151,7,6,"[{""brown_mod8"": 3, ""canonical_t"": 3, ""e"": 1, ""kind"": ""2-cyclic-odd"", ""p"": 2}, {""canonical_t"": 1, ""e"": 1, ""kind"": ""odd-cyclic"", ""legendre"": 1, ""p"": 3}, {""canonical_t"": 2, ""e"": 1, ""kind"": ""odd-cyclic"", ""legendre"": -1, ""p"": 13}]",CLOSED_EXACT_CYCLIC_PRESENTATION
78,155,23,6,"[{""brown_mod8"": 3, ""canonical_t"": 3, ""e"": 1, ""kind"": ""2-cyclic-odd"", ""p"": 2}, {""canonical_t"": 2, ""e"": 1, ""kind"": ""odd-cyclic"", ""legendre"": -1, ""p"": 3}, {""canonical_t"": 1, ""e"": 1, ""kind"": ""odd-cyclic"", ""legendre"": 1, ""p"": 13}]",CLOSED_EXACT_CYCLIC_PRESENTATION
79,1,1,39,"[{""canonical_t"": 1, ""e"": 1, ""kind"": ""odd-cyclic"", ""legendre"": 1, ""p"": 79}]",CLOSED_EXACT_CYCLIC_PRESENTATION
79,3,3,39,"[{""canonical_t"": 3, ""e"": 1, ""kind"": ""odd-cyclic"", ""legendre"": -1, ""p"": 79}]",CLOSED_EXACT_CYCLIC_PRESENTATION
79,5,1,39,"[{""canonical_t"": 1, ""e"": 1, ""kind"": ""odd-cyclic"", ""legendre"": 1, ""p"": 79}]",CLOSED_EXACT_CYCLIC_PRESENTATION
79,7,3,39,"[{""canonical_t"": 3, ""e"": 1, ""kind"": ""odd-cyclic"", ""legendre"": -1, ""p"": 79}]",CLOSED_EXACT_CYCLIC_PRESENTATION
79,9,1,39,"[{""canonical_t"": 1, ""e"": 1, ""kind"": ""odd-cyclic"", ""legendre"": 1, ""p"": 79}]",CLOSED_EXACT_CYCLIC_PRESENTATION
79,11,1,39,"[{""canonical_t"": 1, ""e"": 1, ""kind"": ""odd-cyclic"", ""legendre"": 1, ""p"": 79}]",CLOSED_EXACT_CYCLIC_PRESENTATION
79,13,1,39,"[{""canonical_t"": 1, ""e"": 1, ""kind"": ""odd-cyclic"", ""legendre"": 1, ""p"": 79}]",CLOSED_EXACT_CYCLIC_PRESENTATION
79,15,3,39,"[{""canonical_t"": 3, ""e"": 1, ""kind"": ""odd-cyclic"", ""legendre"": -1, ""p"": 79}]",CLOSED_EXACT_CYCLIC_PRESENTATION
79,17,3,39,"[{""canonical_t"": 3, ""e"": 1, ""kind"": ""odd-cyclic"", ""legendre"": -1, ""p"": 79}]",CLOSED_EXACT_CYCLIC_PRESENTATION
79,19,1,39,"[{""canonical_t"": 1, ""e"": 1, ""kind"": ""odd-cyclic"", ""legendre"": 1, ""p"": 79}]",CLOSED_EXACT_CYCLIC_PRESENTATION
79,21,1,39,"[{""canonical_t"": 1, ""e"": 1, ""kind"": ""odd-cyclic"", ""legendre"": 1, ""p"": 79}]",CLOSED_EXACT_CYCLIC_PRESENTATION
79,23,1,39,"[{""canonical_t"": 1, ""e"": 1, ""kind"": ""odd-cyclic"", ""legendre"": 1, ""p"": 79}]",CLOSED_EXACT_CYCLIC_PRESENTATION
79,25,1,39,"[{""canonical_t"": 1, ""e"": 1, ""kind"": ""odd-cyclic"", ""legendre"": 1, ""p"": 79}]",CLOSED_EXACT_CYCLIC_PRESENTATION
79,27,3,39,"[{""canonical_t"": 3, ""e"": 1, ""kind"": ""odd-cyclic"", ""legendre"": -1, ""p"": 79}]",CLOSED_EXACT_CYCLIC_PRESENTATION
79,29,3,39,"[{""canonical_t"": 3, ""e"": 1, ""kind"": ""odd-cyclic"", ""legendre"": -1, ""p"": 79}]",CLOSED_EXACT_CYCLIC_PRESENTATION
79,31,1,39,"[{""canonical_t"": 1, ""e"": 1, ""kind"": ""odd-cyclic"", ""legendre"": 1, ""p"": 79}]",CLOSED_EXACT_CYCLIC_PRESENTATION
79,33,3,39,"[{""canonical_t"": 3, ""e"": 1, ""kind"": ""odd-cyclic"", ""legendre"": -1, ""p"": 79}]",CLOSED_EXACT_CYCLIC_PRESENTATION
79,35,3,39,"[{""canonical_t"": 3, ""e"": 1, ""kind"": ""odd-cyclic"", ""legendre"": -1, ""p"": 79}]",CLOSED_EXACT_CYCLIC_PRESENTATION
79,37,3,39,"[{""canonical_t"": 3, ""e"": 1, ""kind"": ""odd-cyclic"", ""legendre"": -1, ""p"": 79}]",CLOSED_EXACT_CYCLIC_PRESENTATION
79,39,3,39,"[{""canonical_t"": 3, ""e"": 1, ""kind"": ""odd-cyclic"", ""legendre"": -1, ""p"": 79}]",CLOSED_EXACT_CYCLIC_PRESENTATION
79,41,3,39,"[{""canonical_t"": 3, ""e"": 1, ""kind"": ""odd-cyclic"", ""legendre"": -1, ""p"": 79}]",CLOSED_EXACT_CYCLIC_PRESENTATION
79,43,3,39,"[{""canonical_t"": 3, ""e"": 1, ""kind"": ""odd-cyclic"", ""legendre"": -1, ""p"": 79}]",CLOSED_EXACT_CYCLIC_PRESENTATION
79,45,1,39,"[{""canonical_t"": 1, ""e"": 1, ""kind"": ""odd-cyclic"", ""legendre"": 1, ""p"": 79}]",CLOSED_EXACT_CYCLIC_PRESENTATION
79,47,3,39,"[{""canonical_t"": 3, ""e"": 1, ""kind"": ""odd-cyclic"", ""legendre"": -1, ""p"": 79}]",CLOSED_EXACT_CYCLIC_PRESENTATION
79,49,1,39,"[{""canonical_t"": 1, ""e"": 1, ""kind"": ""odd-cyclic"", ""legendre"": 1, ""p"": 79}]",CLOSED_EXACT_CYCLIC_PRESENTATION
79,51,1,39,"[{""canonical_t"": 1, ""e"": 1, ""kind"": ""odd-cyclic"", ""legendre"": 1, ""p"": 79}]",CLOSED_EXACT_CYCLIC_PRESENTATION
79,53,3,39,"[{""canonical_t"": 3, ""e"": 1, ""kind"": ""odd-cyclic"", ""legendre"": -1, ""p"": 79}]",CLOSED_EXACT_CYCLIC_PRESENTATION
79,55,1,39,"[{""canonical_t"": 1, ""e"": 1, ""kind"": ""odd-cyclic"", ""legendre"": 1, ""p"": 79}]",CLOSED_EXACT_CYCLIC_PRESENTATION
79,57,3,39,"[{""canonical_t"": 3, ""e"": 1, ""kind"": ""odd-cyclic"", ""legendre"": -1, ""p"": 79}]",CLOSED_EXACT_CYCLIC_PRESENTATION
79,59,3,39,"[{""canonical_t"": 3, ""e"": 1, ""kind"": ""odd-cyclic"", ""legendre"": -1, ""p"": 79}]",CLOSED_EXACT_CYCLIC_PRESENTATION
79,61,3,39,"[{""canonical_t"": 3, ""e"": 1, ""kind"": ""odd-cyclic"", ""legendre"": -1, ""p"": 79}]",CLOSED_EXACT_CYCLIC_PRESENTATION
79,63,3,39,"[{""canonical_t"": 3, ""e"": 1, ""kind"": ""odd-cyclic"", ""legendre"": -1, ""p"": 79}]",CLOSED_EXACT_CYCLIC_PRESENTATION
79,65,1,39,"[{""canonical_t"": 1, ""e"": 1, ""kind"": ""odd-cyclic"", ""legendre"": 1, ""p"": 79}]",CLOSED_EXACT_CYCLIC_PRESENTATION
79,67,1,39,"[{""canonical_t"": 1, ""e"": 1, ""kind"": ""odd-cyclic"", ""legendre"": 1, ""p"": 79}]",CLOSED_EXACT_CYCLIC_PRESENTATION
79,69,3,39,"[{""canonical_t"": 3, ""e"": 1, ""kind"": ""odd-cyclic"", ""legendre"": -1, ""p"": 79}]",CLOSED_EXACT_CYCLIC_PRESENTATION
79,71,3,39,"[{""canonical_t"": 3, ""e"": 1, ""kind"": ""odd-cyclic"", ""legendre"": -1, ""p"": 79}]",CLOSED_EXACT_CYCLIC_PRESENTATION
79,73,1,39,"[{""canonical_t"": 1, ""e"": 1, ""kind"": ""odd-cyclic"", ""legendre"": 1, ""p"": 79}]",CLOSED_EXACT_CYCLIC_PRESENTATION
79,75,3,39,"[{""canonical_t"": 3, ""e"": 1, ""kind"": ""odd-cyclic"", ""legendre"": -1, ""p"": 79}]",CLOSED_EXACT_CYCLIC_PRESENTATION
79,77,3,39,"[{""canonical_t"": 3, ""e"": 1, ""kind"": ""odd-cyclic"", ""legendre"": -1, ""p"": 79}]",CLOSED_EXACT_CYCLIC_PRESENTATION
79,81,1,39,"[{""canonical_t"": 1, ""e"": 1, ""kind"": ""odd-cyclic"", ""legendre"": 1, ""p"": 79}]",CLOSED_EXACT_CYCLIC_PRESENTATION
79,83,1,39,"[{""canonical_t"": 1, ""e"": 1, ""kind"": ""odd-cyclic"", ""legendre"": 1, ""p"": 79}]",CLOSED_EXACT_CYCLIC_PRESENTATION
79,85,3,39,"[{""canonical_t"": 3, ""e"": 1, ""kind"": ""odd-cyclic"", ""legendre"": -1, ""p"": 79}]",CLOSED_EXACT_CYCLIC_PRESENTATION
79,87,1,39,"[{""canonical_t"": 1, ""e"": 1, ""kind"": ""odd-cyclic"", ""legendre"": 1, ""p"": 79}]",CLOSED_EXACT_CYCLIC_PRESENTATION
79,89,1,39,"[{""canonical_t"": 1, ""e"": 1, ""kind"": ""odd-cyclic"", ""legendre"": 1, ""p"": 79}]",CLOSED_EXACT_CYCLIC_PRESENTATION
79,91,3,39,"[{""canonical_t"": 3, ""e"": 1, ""kind"": ""odd-cyclic"", ""legendre"": -1, ""p"": 79}]",CLOSED_EXACT_CYCLIC_PRESENTATION
79,93,3,39,"[{""canonical_t"": 3, ""e"": 1, ""kind"": ""odd-cyclic"", ""legendre"": -1, ""p"": 79}]",CLOSED_EXACT_CYCLIC_PRESENTATION
79,95,1,39,"[{""canonical_t"": 1, ""e"": 1, ""kind"": ""odd-cyclic"", ""legendre"": 1, ""p"": 79}]",CLOSED_EXACT_CYCLIC_PRESENTATION
79,97,1,39,"[{""canonical_t"": 1, ""e"": 1, ""kind"": ""odd-cyclic"", ""legendre"": 1, ""p"": 79}]",CLOSED_EXACT_CYCLIC_PRESENTATION
79,99,1,39,"[{""canonical_t"": 1, ""e"": 1, ""kind"": ""odd-cyclic"", ""legendre"": 1, ""p"": 79}]",CLOSED_EXACT_CYCLIC_PRESENTATION
79,101,1,39,"[{""canonical_t"": 1, ""e"": 1, ""kind"": ""odd-cyclic"", ""legendre"": 1, ""p"": 79}]",CLOSED_EXACT_CYCLIC_PRESENTATION
79,103,3,39,"[{""canonical_t"": 3, ""e"": 1, ""kind"": ""odd-cyclic"", ""legendre"": -1, ""p"": 79}]",CLOSED_EXACT_CYCLIC_PRESENTATION
79,105,1,39,"[{""canonical_t"": 1, ""e"": 1, ""kind"": ""odd-cyclic"", ""legendre"": 1, ""p"": 79}]",CLOSED_EXACT_CYCLIC_PRESENTATION
79,107,3,39,"[{""canonical_t"": 3, ""e"": 1, ""kind"": ""odd-cyclic"", ""legendre"": -1, ""p"": 79}]",CLOSED_EXACT_CYCLIC_PRESENTATION
79,109,3,39,"[{""canonical_t"": 3, ""e"": 1, ""kind"": ""odd-cyclic"", ""legendre"": -1, ""p"": 79}]",CLOSED_EXACT_CYCLIC_PRESENTATION
79,111,1,39,"[{""canonical_t"": 1, ""e"": 1, ""kind"": ""odd-cyclic"", ""legendre"": 1, ""p"": 79}]",CLOSED_EXACT_CYCLIC_PRESENTATION
79,113,3,39,"[{""canonical_t"": 3, ""e"": 1, ""kind"": ""odd-cyclic"", ""legendre"": -1, ""p"": 79}]",CLOSED_EXACT_CYCLIC_PRESENTATION
79,115,1,39,"[{""canonical_t"": 1, ""e"": 1, ""kind"": ""odd-cyclic"", ""legendre"": 1, ""p"": 79}]",CLOSED_EXACT_CYCLIC_PRESENTATION
79,117,1,39,"[{""canonical_t"": 1, ""e"": 1, ""kind"": ""odd-cyclic"", ""legendre"": 1, ""p"": 79}]",CLOSED_EXACT_CYCLIC_PRESENTATION
79,119,1,39,"[{""canonical_t"": 1, ""e"": 1, ""kind"": ""odd-cyclic"", ""legendre"": 1, ""p"": 79}]",CLOSED_EXACT_CYCLIC_PRESENTATION
79,121,1,39,"[{""canonical_t"": 1, ""e"": 1, ""kind"": ""odd-cyclic"", ""legendre"": 1, ""p"": 79}]",CLOSED_EXACT_CYCLIC_PRESENTATION
79,123,1,39,"[{""canonical_t"": 1, ""e"": 1, ""kind"": ""odd-cyclic"", ""legendre"": 1, ""p"": 79}]",CLOSED_EXACT_CYCLIC_PRESENTATION
79,125,1,39,"[{""canonical_t"": 1, ""e"": 1, ""kind"": ""odd-cyclic"", ""legendre"": 1, ""p"": 79}]",CLOSED_EXACT_CYCLIC_PRESENTATION
79,127,3,39,"[{""canonical_t"": 3, ""e"": 1, ""kind"": ""odd-cyclic"", ""legendre"": -1, ""p"": 79}]",CLOSED_EXACT_CYCLIC_PRESENTATION
79,129,1,39,"[{""canonical_t"": 1, ""e"": 1, ""kind"": ""odd-cyclic"", ""legendre"": 1, ""p"": 79}]",CLOSED_EXACT_CYCLIC_PRESENTATION
79,131,1,39,"[{""canonical_t"": 1, ""e"": 1, ""kind"": ""odd-cyclic"", ""legendre"": 1, ""p"": 79}]",CLOSED_EXACT_CYCLIC_PRESENTATION
79,133,3,39,"[{""canonical_t"": 3, ""e"": 1, ""kind"": ""odd-cyclic"", ""legendre"": -1, ""p"": 79}]",CLOSED_EXACT_CYCLIC_PRESENTATION
79,135,3,39,"[{""canonical_t"": 3, ""e"": 1, ""kind"": ""odd-cyclic"", ""legendre"": -1, ""p"": 79}]",CLOSED_EXACT_CYCLIC_PRESENTATION
79,137,3,39,"[{""canonical_t"": 3, ""e"": 1, ""kind"": ""odd-cyclic"", ""legendre"": -1, ""p"": 79}]",CLOSED_EXACT_CYCLIC_PRESENTATION
79,139,3,39,"[{""canonical_t"": 3, ""e"": 1, ""kind"": ""odd-cyclic"", ""legendre"": -1, ""p"": 79}]",CLOSED_EXACT_CYCLIC_PRESENTATION
79,141,1,39,"[{""canonical_t"": 1, ""e"": 1, ""kind"": ""odd-cyclic"", ""legendre"": 1, ""p"": 79}]",CLOSED_EXACT_CYCLIC_PRESENTATION
79,143,1,39,"[{""canonical_t"": 1, ""e"": 1, ""kind"": ""odd-cyclic"", ""legendre"": 1, ""p"": 79}]",CLOSED_EXACT_CYCLIC_PRESENTATION
79,145,3,39,"[{""canonical_t"": 3, ""e"": 1, ""kind"": ""odd-cyclic"", ""legendre"": -1, ""p"": 79}]",CLOSED_EXACT_CYCLIC_PRESENTATION
79,147,3,39,"[{""canonical_t"": 3, ""e"": 1, ""kind"": ""odd-cyclic"", ""legendre"": -1, ""p"": 79}]",CLOSED_EXACT_CYCLIC_PRESENTATION
79,149,3,39,"[{""canonical_t"": 3, ""e"": 1, ""kind"": ""odd-cyclic"", ""legendre"": -1, ""p"": 79}]",CLOSED_EXACT_CYCLIC_PRESENTATION
79,151,1,39,"[{""canonical_t"": 1, ""e"": 1, ""kind"": ""odd-cyclic"", ""legendre"": 1, ""p"": 79}]",CLOSED_EXACT_CYCLIC_PRESENTATION
79,153,3,39,"[{""canonical_t"": 3, ""e"": 1, ""kind"": ""odd-cyclic"", ""legendre"": -1, ""p"": 79}]",CLOSED_EXACT_CYCLIC_PRESENTATION
79,155,1,39,"[{""canonical_t"": 1, ""e"": 1, ""kind"": ""odd-cyclic"", ""legendre"": 1, ""p"": 79}]",CLOSED_EXACT_CYCLIC_PRESENTATION
79,157,3,39,"[{""canonical_t"": 3, ""e"": 1, ""kind"": ""odd-cyclic"", ""legendre"": -1, ""p"": 79}]",CLOSED_EXACT_CYCLIC_PRESENTATION
80,1,1,8,"[{""brown_mod8"": 1, ""canonical_t"": 1, ""e"": 4, ""kind"": ""2-cyclic-odd"", ""p"": 2}, {""canonical_t"": 1, ""e"": 1, ""kind"": ""odd-cyclic"", ""legendre"": 1, ""p"": 5}]",CLOSED_EXACT_CYCLIC_PRESENTATION
80,3,3,8,"[{""brown_mod8"": 3, ""canonical_t"": 3, ""e"": 4, ""kind"": ""2-cyclic-odd"", ""p"": 2}, {""canonical_t"": 2, ""e"": 1, ""kind"": ""odd-cyclic"", ""legendre"": -1, ""p"": 5}]",CLOSED_EXACT_CYCLIC_PRESENTATION
80,7,7,8,"[{""brown_mod8"": 7, ""canonical_t"": 7, ""e"": 4, ""kind"": ""2-cyclic-odd"", ""p"": 2}, {""canonical_t"": 2, ""e"": 1, ""kind"": ""odd-cyclic"", ""legendre"": -1, ""p"": 5}]",CLOSED_EXACT_CYCLIC_PRESENTATION
80,9,1,8,"[{""brown_mod8"": 1, ""canonical_t"": 1, ""e"": 4, ""kind"": ""2-cyclic-odd"", ""p"": 2}, {""canonical_t"": 1, ""e"": 1, ""kind"": ""odd-cyclic"", ""legendre"": 1, ""p"": 5}]",CLOSED_EXACT_CYCLIC_PRESENTATION
80,11,11,8,"[{""brown_mod8"": 3, ""canonical_t"": 3, ""e"": 4, ""kind"": ""2-cyclic-odd"", ""p"": 2}, {""canonical_t"": 1, ""e"": 1, ""kind"": ""odd-cyclic"", ""legendre"": 1, ""p"": 5}]",CLOSED_EXACT_CYCLIC_PRESENTATION
80,13,13,8,"[{""brown_mod8"": 5, ""canonical_t"": 5, ""e"": 4, ""kind"": ""2-cyclic-odd"", ""p"": 2}, {""canonical_t"": 2, ""e"": 1, ""kind"": ""odd-cyclic"", ""legendre"": -1, ""p"": 5}]",CLOSED_EXACT_CYCLIC_PRESENTATION
80,17,17,8,"[{""brown_mod8"": 1, ""canonical_t"": 1, ""e"": 4, ""kind"": ""2-cyclic-odd"", ""p"": 2}, {""canonical_t"": 2, ""e"": 1, ""kind"": ""odd-cyclic"", ""legendre"": -1, ""p"": 5}]",CLOSED_EXACT_CYCLIC_PRESENTATION
80,19,11,8,"[{""brown_mod8"": 3, ""canonical_t"": 3, ""e"": 4, ""kind"": ""2-cyclic-odd"", ""p"": 2}, {""canonical_t"": 1, ""e"": 1, ""kind"": ""odd-cyclic"", ""legendre"": 1, ""p"": 5}]",CLOSED_EXACT_CYCLIC_PRESENTATION
80,21,21,8,"[{""brown_mod8"": 5, ""canonical_t"": 5, ""e"": 4, ""kind"": ""2-cyclic-odd"", ""p"": 2}, {""canonical_t"": 1, ""e"": 1, ""kind"": ""odd-cyclic"", ""legendre"": 1, ""p"": 5}]",CLOSED_EXACT_CYCLIC_PRESENTATION
80,23,7,8,"[{""brown_mod8"": 7, ""canonical_t"": 7, ""e"": 4, ""kind"": ""2-cyclic-odd"", ""p"": 2}, {""canonical_t"": 2, ""e"": 1, ""kind"": ""odd-cyclic"", ""legendre"": -1, ""p"": 5}]",CLOSED_EXACT_CYCLIC_PRESENTATION
80,27,3,8,"[{""brown_mod8"": 3, ""canonical_t"": 3, ""e"": 4, ""kind"": ""2-cyclic-odd"", ""p"": 2}, {""canonical_t"": 2, ""e"": 1, ""kind"": ""odd-cyclic"", ""legendre"": -1, ""p"": 5}]",CLOSED_EXACT_CYCLIC_PRESENTATION
80,29,21,8,"[{""brown_mod8"": 5, ""canonical_t"": 5, ""e"": 4, ""kind"": ""2-cyclic-odd"", ""p"": 2}, {""canonical_t"": 1, ""e"": 1, ""kind"": ""odd-cyclic"", ""legendre"": 1, ""p"": 5}]",CLOSED_EXACT_CYCLIC_PRESENTATION
80,31,31,8,"[{""brown_mod8"": 7, ""canonical_t"": 7, ""e"": 4, ""kind"": ""2-cyclic-odd"", ""p"": 2}, {""canonical_t"": 1, ""e"": 1, ""kind"": ""odd-cyclic"", ""legendre"": 1, ""p"": 5}]",CLOSED_EXACT_CYCLIC_PRESENTATION
80,33,17,8,"[{""brown_mod8"": 1, ""canonical_t"": 1, ""e"": 4, ""kind"": ""2-cyclic-odd"", ""p"": 2}, {""canonical_t"": 2, ""e"": 1, ""kind"": ""odd-cyclic"", ""legendre"": -1, ""p"": 5}]",CLOSED_EXACT_CYCLIC_PRESENTATION
80,37,13,8,"[{""brown_mod8"": 5, ""canonical_t"": 5, ""e"": 4, ""kind"": ""2-cyclic-odd"", ""p"": 2}, {""canonical_t"": 2, ""e"": 1, ""kind"": ""odd-cyclic"", ""legendre"": -1, ""p"": 5}]",CLOSED_EXACT_CYCLIC_PRESENTATION
80,39,31,8,"[{""brown_mod8"": 7, ""canonical_t"": 7, ""e"": 4, ""kind"": ""2-cyclic-odd"", ""p"": 2}, {""canonical_t"": 1, ""e"": 1, ""kind"": ""odd-cyclic"", ""legendre"": 1, ""p"": 5}]",CLOSED_EXACT_CYCLIC_PRESENTATION
80,41,1,8,"[{""brown_mod8"": 1, ""canonical_t"": 1, ""e"": 4, ""kind"": ""2-cyclic-odd"", ""p"": 2}, {""canonical_t"": 1, ""e"": 1, ""kind"": ""odd-cyclic"", ""legendre"": 1, ""p"": 5}]",CLOSED_EXACT_CYCLIC_PRESENTATION
80,43,3,8,"[{""brown_mod8"": 3, ""canonical_t"": 3, ""e"": 4, ""kind"": ""2-cyclic-odd"", ""p"": 2}, {""canonical_t"": 2, ""e"": 1, ""kind"": ""odd-cyclic"", ""legendre"": -1, ""p"": 5}]",CLOSED_EXACT_CYCLIC_PRESENTATION
80,47,7,8,"[{""brown_mod8"": 7, ""canonical_t"": 7, ""e"": 4, ""kind"": ""2-cyclic-odd"", ""p"": 2}, {""canonical_t"": 2, ""e"": 1, ""kind"": ""odd-cyclic"", ""legendre"": -1, ""p"": 5}]",CLOSED_EXACT_CYCLIC_PRESENTATION
80,49,1,8,"[{""brown_mod8"": 1, ""canonical_t"": 1, ""e"": 4, ""kind"": ""2-cyclic-odd"", ""p"": 2}, {""canonical_t"": 1, ""e"": 1, ""kind"": ""odd-cyclic"", ""legendre"": 1, ""p"": 5}]",CLOSED_EXACT_CYCLIC_PRESENTATION
80,51,11,8,"[{""brown_mod8"": 3, ""canonical_t"": 3, ""e"": 4, ""kind"": ""2-cyclic-odd"", ""p"": 2}, {""canonical_t"": 1, ""e"": 1, ""kind"": ""odd-cyclic"", ""legendre"": 1, ""p"": 5}]",CLOSED_EXACT_CYCLIC_PRESENTATION
80,53,13,8,"[{""brown_mod8"": 5, ""canonical_t"": 5, ""e"": 4, ""kind"": ""2-cyclic-odd"", ""p"": 2}, {""canonical_t"": 2, ""e"": 1, ""kind"": ""odd-cyclic"", ""legendre"": -1, ""p"": 5}]",CLOSED_EXACT_CYCLIC_PRESENTATION
80,57,17,8,"[{""brown_mod8"": 1, ""canonical_t"": 1, ""e"": 4, ""kind"": ""2-cyclic-odd"", ""p"": 2}, {""canonical_t"": 2, ""e"": 1, ""kind"": ""odd-cyclic"", ""legendre"": -1, ""p"": 5}]",CLOSED_EXACT_CYCLIC_PRESENTATION
80,59,11,8,"[{""brown_mod8"": 3, ""canonical_t"": 3, ""e"": 4, ""kind"": ""2-cyclic-odd"", ""p"": 2}, {""canonical_t"": 1, ""e"": 1, ""kind"": ""odd-cyclic"", ""legendre"": 1, ""p"": 5}]",CLOSED_EXACT_CYCLIC_PRESENTATION
80,61,21,8,"[{""brown_mod8"": 5, ""canonical_t"": 5, ""e"": 4, ""kind"": ""2-cyclic-odd"", ""p"": 2}, {""canonical_t"": 1, ""e"": 1, ""kind"": ""odd-cyclic"", ""legendre"": 1, ""p"": 5}]",CLOSED_EXACT_CYCLIC_PRESENTATION
80,63,7,8,"[{""brown_mod8"": 7, ""canonical_t"": 7, ""e"": 4, ""kind"": ""2-cyclic-odd"", ""p"": 2}, {""canonical_t"": 2, ""e"": 1, ""kind"": ""odd-cyclic"", ""legendre"": -1, ""p"": 5}]",CLOSED_EXACT_CYCLIC_PRESENTATION
80,67,3,8,"[{""brown_mod8"": 3, ""canonical_t"": 3, ""e"": 4, ""kind"": ""2-cyclic-odd"", ""p"": 2}, {""canonical_t"": 2, ""e"": 1, ""kind"": ""odd-cyclic"", ""legendre"": -1, ""p"": 5}]",CLOSED_EXACT_CYCLIC_PRESENTATION
80,69,21,8,"[{""brown_mod8"": 5, ""canonical_t"": 5, ""e"": 4, ""kind"": ""2-cyclic-odd"", ""p"": 2}, {""canonical_t"": 1, ""e"": 1, ""kind"": ""odd-cyclic"", ""legendre"": 1, ""p"": 5}]",CLOSED_EXACT_CYCLIC_PRESENTATION
80,71,31,8,"[{""brown_mod8"": 7, ""canonical_t"": 7, ""e"": 4, ""kind"": ""2-cyclic-odd"", ""p"": 2}, {""canonical_t"": 1, ""e"": 1, ""kind"": ""odd-cyclic"", ""legendre"": 1, ""p"": 5}]",CLOSED_EXACT_CYCLIC_PRESENTATION
80,73,17,8,"[{""brown_mod8"": 1, ""canonical_t"": 1, ""e"": 4, ""kind"": ""2-cyclic-odd"", ""p"": 2}, {""canonical_t"": 2, ""e"": 1, ""kind"": ""odd-cyclic"", ""legendre"": -1, ""p"": 5}]",CLOSED_EXACT_CYCLIC_PRESENTATION
80,77,13,8,"[{""brown_mod8"": 5, ""canonical_t"": 5, ""e"": 4, ""kind"": ""2-cyclic-odd"", ""p"": 2}, {""canonical_t"": 2, ""e"": 1, ""kind"": ""odd-cyclic"", ""legendre"": -1, ""p"": 5}]",CLOSED_EXACT_CYCLIC_PRESENTATION
80,79,31,8,"[{""brown_mod8"": 7, ""canonical_t"": 7, ""e"": 4, ""kind"": ""2-cyclic-odd"", ""p"": 2}, {""canonical_t"": 1, ""e"": 1, ""kind"": ""odd-cyclic"", ""legendre"": 1, ""p"": 5}]",CLOSED_EXACT_CYCLIC_PRESENTATION
80,81,1,8,"[{""brown_mod8"": 1, ""canonical_t"": 1, ""e"": 4, ""kind"": ""2-cyclic-odd"", ""p"": 2}, {""canonical_t"": 1, ""e"": 1, ""kind"": ""odd-cyclic"", ""legendre"": 1, ""p"": 5}]",CLOSED_EXACT_CYCLIC_PRESENTATION
80,83,3,8,"[{""brown_mod8"": 3, ""canonical_t"": 3, ""e"": 4, ""kind"": ""2-cyclic-odd"", ""p"": 2}, {""canonical_t"": 2, ""e"": 1, ""kind"": ""odd-cyclic"", ""legendre"": -1, ""p"": 5}]",CLOSED_EXACT_CYCLIC_PRESENTATION
80,87,7,8,"[{""brown_mod8"": 7, ""canonical_t"": 7, ""e"": 4, ""kind"": ""2-cyclic-odd"", ""p"": 2}, {""canonical_t"": 2, ""e"": 1, ""kind"": ""odd-cyclic"", ""legendre"": -1, ""p"": 5}]",CLOSED_EXACT_CYCLIC_PRESENTATION
80,89,1,8,"[{""brown_mod8"": 1, ""canonical_t"": 1, ""e"": 4, ""kind"": ""2-cyclic-odd"", ""p"": 2}, {""canonical_t"": 1, ""e"": 1, ""kind"": ""odd-cyclic"", ""legendre"": 1, ""p"": 5}]",CLOSED_EXACT_CYCLIC_PRESENTATION
80,91,11,8,"[{""brown_mod8"": 3, ""canonical_t"": 3, ""e"": 4, ""kind"": ""2-cyclic-odd"", ""p"": 2}, {""canonical_t"": 1, ""e"": 1, ""kind"": ""odd-cyclic"", ""legendre"": 1, ""p"": 5}]",CLOSED_EXACT_CYCLIC_PRESENTATION
80,93,13,8,"[{""brown_mod8"": 5, ""canonical_t"": 5, ""e"": 4, ""kind"": ""2-cyclic-odd"", ""p"": 2}, {""canonical_t"": 2, ""e"": 1, ""kind"": ""odd-cyclic"", ""legendre"": -1, ""p"": 5}]",CLOSED_EXACT_CYCLIC_PRESENTATION
80,97,17,8,"[{""brown_mod8"": 1, ""canonical_t"": 1, ""e"": 4, ""kind"": ""2-cyclic-odd"", ""p"": 2}, {""canonical_t"": 2, ""e"": 1, ""kind"": ""odd-cyclic"", ""legendre"": -1, ""p"": 5}]",CLOSED_EXACT_CYCLIC_PRESENTATION
80,99,11,8,"[{""brown_mod8"": 3, ""canonical_t"": 3, ""e"": 4, ""kind"": ""2-cyclic-odd"", ""p"": 2}, {""canonical_t"": 1, ""e"": 1, ""kind"": ""odd-cyclic"", ""legendre"": 1, ""p"": 5}]",CLOSED_EXACT_CYCLIC_PRESENTATION
80,101,21,8,"[{""brown_mod8"": 5, ""canonical_t"": 5, ""e"": 4, ""kind"": ""2-cyclic-odd"", ""p"": 2}, {""canonical_t"": 1, ""e"": 1, ""kind"": ""odd-cyclic"", ""legendre"": 1, ""p"": 5}]",CLOSED_EXACT_CYCLIC_PRESENTATION
80,103,7,8,"[{""brown_mod8"": 7, ""canonical_t"": 7, ""e"": 4, ""kind"": ""2-cyclic-odd"", ""p"": 2}, {""canonical_t"": 2, ""e"": 1, ""kind"": ""odd-cyclic"", ""legendre"": -1, ""p"": 5}]",CLOSED_EXACT_CYCLIC_PRESENTATION
80,107,3,8,"[{""brown_mod8"": 3, ""canonical_t"": 3, ""e"": 4, ""kind"": ""2-cyclic-odd"", ""p"": 2}, {""canonical_t"": 2, ""e"": 1, ""kind"": ""odd-cyclic"", ""legendre"": -1, ""p"": 5}]",CLOSED_EXACT_CYCLIC_PRESENTATION
80,109,21,8,"[{""brown_mod8"": 5, ""canonical_t"": 5, ""e"": 4, ""kind"": ""2-cyclic-odd"", ""p"": 2}, {""canonical_t"": 1, ""e"": 1, ""kind"": ""odd-cyclic"", ""legendre"": 1, ""p"": 5}]",CLOSED_EXACT_CYCLIC_PRESENTATION
80,111,31,8,"[{""brown_mod8"": 7, ""canonical_t"": 7, ""e"": 4, ""kind"": ""2-cyclic-odd"", ""p"": 2}, {""canonical_t"": 1, ""e"": 1, ""kind"": ""odd-cyclic"", ""legendre"": 1, ""p"": 5}]",CLOSED_EXACT_CYCLIC_PRESENTATION
80,113,17,8,"[{""brown_mod8"": 1, ""canonical_t"": 1, ""e"": 4, ""kind"": ""2-cyclic-odd"", ""p"": 2}, {""canonical_t"": 2, ""e"": 1, ""kind"": ""odd-cyclic"", ""legendre"": -1, ""p"": 5}]",CLOSED_EXACT_CYCLIC_PRESENTATION
80,117,13,8,"[{""brown_mod8"": 5, ""canonical_t"": 5, ""e"": 4, ""kind"": ""2-cyclic-odd"", ""p"": 2}, {""canonical_t"": 2, ""e"": 1, ""kind"": ""odd-cyclic"", ""legendre"": -1, ""p"": 5}]",CLOSED_EXACT_CYCLIC_PRESENTATION
80,119,31,8,"[{""brown_mod8"": 7, ""canonical_t"": 7, ""e"": 4, ""kind"": ""2-cyclic-odd"", ""p"": 2}, {""canonical_t"": 1, ""e"": 1, ""kind"": ""odd-cyclic"", ""legendre"": 1, ""p"": 5}]",CLOSED_EXACT_CYCLIC_PRESENTATION
80,121,1,8,"[{""brown_mod8"": 1, ""canonical_t"": 1, ""e"": 4, ""kind"": ""2-cyclic-odd"", ""p"": 2}, {""canonical_t"": 1, ""e"": 1, ""kind"": ""odd-cyclic"", ""legendre"": 1, ""p"": 5}]",CLOSED_EXACT_CYCLIC_PRESENTATION
80,123,3,8,"[{""brown_mod8"": 3, ""canonical_t"": 3, ""e"": 4, ""kind"": ""2-cyclic-odd"", ""p"": 2}, {""canonical_t"": 2, ""e"": 1, ""kind"": ""odd-cyclic"", ""legendre"": -1, ""p"": 5}]",CLOSED_EXACT_CYCLIC_PRESENTATION
80,127,7,8,"[{""brown_mod8"": 7, ""canonical_t"": 7, ""e"": 4, ""kind"": ""2-cyclic-odd"", ""p"": 2}, {""canonical_t"": 2, ""e"": 1, ""kind"": ""odd-cyclic"", ""legendre"": -1, ""p"": 5}]",CLOSED_EXACT_CYCLIC_PRESENTATION
80,129,1,8,"[{""brown_mod8"": 1, ""canonical_t"": 1, ""e"": 4, ""kind"": ""2-cyclic-odd"", ""p"": 2}, {""canonical_t"": 1, ""e"": 1, ""kind"": ""odd-cyclic"", ""legendre"": 1, ""p"": 5}]",CLOSED_EXACT_CYCLIC_PRESENTATION
80,131,11,8,"[{""brown_mod8"": 3, ""canonical_t"": 3, ""e"": 4, ""kind"": ""2-cyclic-odd"", ""p"": 2}, {""canonical_t"": 1, ""e"": 1, ""kind"": ""odd-cyclic"", ""legendre"": 1, ""p"": 5}]",CLOSED_EXACT_CYCLIC_PRESENTATION
80,133,13,8,"[{""brown_mod8"": 5, ""canonical_t"": 5, ""e"": 4, ""kind"": ""2-cyclic-odd"", ""p"": 2}, {""canonical_t"": 2, ""e"": 1, ""kind"": ""odd-cyclic"", ""legendre"": -1, ""p"": 5}]",CLOSED_EXACT_CYCLIC_PRESENTATION
80,137,17,8,"[{""brown_mod8"": 1, ""canonical_t"": 1, ""e"": 4, ""kind"": ""2-cyclic-odd"", ""p"": 2}, {""canonical_t"": 2, ""e"": 1, ""kind"": ""odd-cyclic"", ""legendre"": -1, ""p"": 5}]",CLOSED_EXACT_CYCLIC_PRESENTATION
80,139,11,8,"[{""brown_mod8"": 3, ""canonical_t"": 3, ""e"": 4, ""kind"": ""2-cyclic-odd"", ""p"": 2}, {""canonical_t"": 1, ""e"": 1, ""kind"": ""odd-cyclic"", ""legendre"": 1, ""p"": 5}]",CLOSED_EXACT_CYCLIC_PRESENTATION
80,141,21,8,"[{""brown_mod8"": 5, ""canonical_t"": 5, ""e"": 4, ""kind"": ""2-cyclic-odd"", ""p"": 2}, {""canonical_t"": 1, ""e"": 1, ""kind"": ""odd-cyclic"", ""legendre"": 1, ""p"": 5}]",CLOSED_EXACT_CYCLIC_PRESENTATION
80,143,7,8,"[{""brown_mod8"": 7, ""canonical_t"": 7, ""e"": 4, ""kind"": ""2-cyclic-odd"", ""p"": 2}, {""canonical_t"": 2, ""e"": 1, ""kind"": ""odd-cyclic"", ""legendre"": -1, ""p"": 5}]",CLOSED_EXACT_CYCLIC_PRESENTATION
80,147,3,8,"[{""brown_mod8"": 3, ""canonical_t"": 3, ""e"": 4, ""kind"": ""2-cyclic-odd"", ""p"": 2}, {""canonical_t"": 2, ""e"": 1, ""kind"": ""odd-cyclic"", ""legendre"": -1, ""p"": 5}]",CLOSED_EXACT_CYCLIC_PRESENTATION
80,149,21,8,"[{""brown_mod8"": 5, ""canonical_t"": 5, ""e"": 4, ""kind"": ""2-cyclic-odd"", ""p"": 2}, {""canonical_t"": 1, ""e"": 1, ""kind"": ""odd-cyclic"", ""legendre"": 1, ""p"": 5}]",CLOSED_EXACT_CYCLIC_PRESENTATION
80,151,31,8,"[{""brown_mod8"": 7, ""canonical_t"": 7, ""e"": 4, ""kind"": ""2-cyclic-odd"", ""p"": 2}, {""canonical_t"": 1, ""e"": 1, ""kind"": ""odd-cyclic"", ""legendre"": 1, ""p"": 5}]",CLOSED_EXACT_CYCLIC_PRESENTATION
80,153,17,8,"[{""brown_mod8"": 1, ""canonical_t"": 1, ""e"": 4, ""kind"": ""2-cyclic-odd"", ""p"": 2}, {""canonical_t"": 2, ""e"": 1, ""kind"": ""odd-cyclic"", ""legendre"": -1, ""p"": 5}]",CLOSED_EXACT_CYCLIC_PRESENTATION
80,157,13,8,"[{""brown_mod8"": 5, ""canonical_t"": 5, ""e"": 4, ""kind"": ""2-cyclic-odd"", ""p"": 2}, {""canonical_t"": 2, ""e"": 1, ""kind"": ""odd-cyclic"", ""legendre"": -1, ""p"": 5}]",CLOSED_EXACT_CYCLIC_PRESENTATION
80,159,31,8,"[{""brown_mod8"": 7, ""canonical_t"": 7, ""e"": 4, ""kind"": ""2-cyclic-odd"", ""p"": 2}, {""canonical_t"": 1, ""e"": 1, ""kind"": ""odd-cyclic"", ""legendre"": 1, ""p"": 5}]",CLOSED_EXACT_CYCLIC_PRESENTATION
81,1,1,27,"[{""canonical_t"": 1, ""e"": 4, ""kind"": ""odd-cyclic"", ""legendre"": 1, ""p"": 3}]",CLOSED_EXACT_CYCLIC_PRESENTATION
81,5,5,27,"[{""canonical_t"": 2, ""e"": 4, ""kind"": ""odd-cyclic"", ""legendre"": -1, ""p"": 3}]",CLOSED_EXACT_CYCLIC_PRESENTATION
81,7,1,27,"[{""canonical_t"": 1, ""e"": 4, ""kind"": ""odd-cyclic"", ""legendre"": 1, ""p"": 3}]",CLOSED_EXACT_CYCLIC_PRESENTATION
81,11,5,27,"[{""canonical_t"": 2, ""e"": 4, ""kind"": ""odd-cyclic"", ""legendre"": -1, ""p"": 3}]",CLOSED_EXACT_CYCLIC_PRESENTATION
81,13,1,27,"[{""canonical_t"": 1, ""e"": 4, ""kind"": ""odd-cyclic"", ""legendre"": 1, ""p"": 3}]",CLOSED_EXACT_CYCLIC_PRESENTATION
81,17,5,27,"[{""canonical_t"": 2, ""e"": 4, ""kind"": ""odd-cyclic"", ""legendre"": -1, ""p"": 3}]",CLOSED_EXACT_CYCLIC_PRESENTATION
81,19,1,27,"[{""canonical_t"": 1, ""e"": 4, ""kind"": ""odd-cyclic"", ""legendre"": 1, ""p"": 3}]",CLOSED_EXACT_CYCLIC_PRESENTATION
81,23,5,27,"[{""canonical_t"": 2, ""e"": 4, ""kind"": ""odd-cyclic"", ""legendre"": -1, ""p"": 3}]",CLOSED_EXACT_CYCLIC_PRESENTATION
81,25,1,27,"[{""canonical_t"": 1, ""e"": 4, ""kind"": ""odd-cyclic"", ""legendre"": 1, ""p"": 3}]",CLOSED_EXACT_CYCLIC_PRESENTATION
81,29,5,27,"[{""canonical_t"": 2, ""e"": 4, ""kind"": ""odd-cyclic"", ""legendre"": -1, ""p"": 3}]",CLOSED_EXACT_CYCLIC_PRESENTATION
81,31,1,27,"[{""canonical_t"": 1, ""e"": 4, ""kind"": ""odd-cyclic"", ""legendre"": 1, ""p"": 3}]",CLOSED_EXACT_CYCLIC_PRESENTATION
81,35,5,27,"[{""canonical_t"": 2, ""e"": 4, ""kind"": ""odd-cyclic"", ""legendre"": -1, ""p"": 3}]",CLOSED_EXACT_CYCLIC_PRESENTATION
81,37,1,27,"[{""canonical_t"": 1, ""e"": 4, ""kind"": ""odd-cyclic"", ""legendre"": 1, ""p"": 3}]",CLOSED_EXACT_CYCLIC_PRESENTATION
81,41,5,27,"[{""canonical_t"": 2, ""e"": 4, ""kind"": ""odd-cyclic"", ""legendre"": -1, ""p"": 3}]",CLOSED_EXACT_CYCLIC_PRESENTATION
81,43,1,27,"[{""canonical_t"": 1, ""e"": 4, ""kind"": ""odd-cyclic"", ""legendre"": 1, ""p"": 3}]",CLOSED_EXACT_CYCLIC_PRESENTATION
81,47,5,27,"[{""canonical_t"": 2, ""e"": 4, ""kind"": ""odd-cyclic"", ""legendre"": -1, ""p"": 3}]",CLOSED_EXACT_CYCLIC_PRESENTATION
81,49,1,27,"[{""canonical_t"": 1, ""e"": 4, ""kind"": ""odd-cyclic"", ""legendre"": 1, ""p"": 3}]",CLOSED_EXACT_CYCLIC_PRESENTATION
81,53,5,27,"[{""canonical_t"": 2, ""e"": 4, ""kind"": ""odd-cyclic"", ""legendre"": -1, ""p"": 3}]",CLOSED_EXACT_CYCLIC_PRESENTATION
81,55,1,27,"[{""canonical_t"": 1, ""e"": 4, ""kind"": ""odd-cyclic"", ""legendre"": 1, ""p"": 3}]",CLOSED_EXACT_CYCLIC_PRESENTATION
81,59,5,27,"[{""canonical_t"": 2, ""e"": 4, ""kind"": ""odd-cyclic"", ""legendre"": -1, ""p"": 3}]",CLOSED_EXACT_CYCLIC_PRESENTATION
81,61,1,27,"[{""canonical_t"": 1, ""e"": 4, ""kind"": ""odd-cyclic"", ""legendre"": 1, ""p"": 3}]",CLOSED_EXACT_CYCLIC_PRESENTATION
81,65,5,27,"[{""canonical_t"": 2, ""e"": 4, ""kind"": ""odd-cyclic"", ""legendre"": -1, ""p"": 3}]",CLOSED_EXACT_CYCLIC_PRESENTATION
81,67,1,27,"[{""canonical_t"": 1, ""e"": 4, ""kind"": ""odd-cyclic"", ""legendre"": 1, ""p"": 3}]",CLOSED_EXACT_CYCLIC_PRESENTATION
81,71,5,27,"[{""canonical_t"": 2, ""e"": 4, ""kind"": ""odd-cyclic"", ""legendre"": -1, ""p"": 3}]",CLOSED_EXACT_CYCLIC_PRESENTATION
81,73,1,27,"[{""canonical_t"": 1, ""e"": 4, ""kind"": ""odd-cyclic"", ""legendre"": 1, ""p"": 3}]",CLOSED_EXACT_CYCLIC_PRESENTATION
81,77,5,27,"[{""canonical_t"": 2, ""e"": 4, ""kind"": ""odd-cyclic"", ""legendre"": -1, ""p"": 3}]",CLOSED_EXACT_CYCLIC_PRESENTATION
81,79,1,27,"[{""canonical_t"": 1, ""e"": 4, ""kind"": ""odd-cyclic"", ""legendre"": 1, ""p"": 3}]",CLOSED_EXACT_CYCLIC_PRESENTATION
81,83,5,27,"[{""canonical_t"": 2, ""e"": 4, ""kind"": ""odd-cyclic"", ""legendre"": -1, ""p"": 3}]",CLOSED_EXACT_CYCLIC_PRESENTATION
81,85,1,27,"[{""canonical_t"": 1, ""e"": 4, ""kind"": ""odd-cyclic"", ""legendre"": 1, ""p"": 3}]",CLOSED_EXACT_CYCLIC_PRESENTATION
81,89,5,27,"[{""canonical_t"": 2, ""e"": 4, ""kind"": ""odd-cyclic"", ""legendre"": -1, ""p"": 3}]",CLOSED_EXACT_CYCLIC_PRESENTATION
81,91,1,27,"[{""canonical_t"": 1, ""e"": 4, ""kind"": ""odd-cyclic"", ""legendre"": 1, ""p"": 3}]",CLOSED_EXACT_CYCLIC_PRESENTATION
81,95,5,27,"[{""canonical_t"": 2, ""e"": 4, ""kind"": ""odd-cyclic"", ""legendre"": -1, ""p"": 3}]",CLOSED_EXACT_CYCLIC_PRESENTATION
81,97,1,27,"[{""canonical_t"": 1, ""e"": 4, ""kind"": ""odd-cyclic"", ""legendre"": 1, ""p"": 3}]",CLOSED_EXACT_CYCLIC_PRESENTATION
81,101,5,27,"[{""canonical_t"": 2, ""e"": 4, ""kind"": ""odd-cyclic"", ""legendre"": -1, ""p"": 3}]",CLOSED_EXACT_CYCLIC_PRESENTATION
81,103,1,27,"[{""canonical_t"": 1, ""e"": 4, ""kind"": ""odd-cyclic"", ""legendre"": 1, ""p"": 3}]",CLOSED_EXACT_CYCLIC_PRESENTATION
81,107,5,27,"[{""canonical_t"": 2, ""e"": 4, ""kind"": ""odd-cyclic"", ""legendre"": -1, ""p"": 3}]",CLOSED_EXACT_CYCLIC_PRESENTATION
81,109,1,27,"[{""canonical_t"": 1, ""e"": 4, ""kind"": ""odd-cyclic"", ""legendre"": 1, ""p"": 3}]",CLOSED_EXACT_CYCLIC_PRESENTATION
81,113,5,27,"[{""canonical_t"": 2, ""e"": 4, ""kind"": ""odd-cyclic"", ""legendre"": -1, ""p"": 3}]",CLOSED_EXACT_CYCLIC_PRESENTATION
81,115,1,27,"[{""canonical_t"": 1, ""e"": 4, ""kind"": ""odd-cyclic"", ""legendre"": 1, ""p"": 3}]",CLOSED_EXACT_CYCLIC_PRESENTATION
81,119,5,27,"[{""canonical_t"": 2, ""e"": 4, ""kind"": ""odd-cyclic"", ""legendre"": -1, ""p"": 3}]",CLOSED_EXACT_CYCLIC_PRESENTATION
81,121,1,27,"[{""canonical_t"": 1, ""e"": 4, ""kind"": ""odd-cyclic"", ""legendre"": 1, ""p"": 3}]",CLOSED_EXACT_CYCLIC_PRESENTATION
81,125,5,27,"[{""canonical_t"": 2, ""e"": 4, ""kind"": ""odd-cyclic"", ""legendre"": -1, ""p"": 3}]",CLOSED_EXACT_CYCLIC_PRESENTATION
81,127,1,27,"[{""canonical_t"": 1, ""e"": 4, ""kind"": ""odd-cyclic"", ""legendre"": 1, ""p"": 3}]",CLOSED_EXACT_CYCLIC_PRESENTATION
81,131,5,27,"[{""canonical_t"": 2, ""e"": 4, ""kind"": ""odd-cyclic"", ""legendre"": -1, ""p"": 3}]",CLOSED_EXACT_CYCLIC_PRESENTATION
81,133,1,27,"[{""canonical_t"": 1, ""e"": 4, ""kind"": ""odd-cyclic"", ""legendre"": 1, ""p"": 3}]",CLOSED_EXACT_CYCLIC_PRESENTATION
81,137,5,27,"[{""canonical_t"": 2, ""e"": 4, ""kind"": ""odd-cyclic"", ""legendre"": -1, ""p"": 3}]",CLOSED_EXACT_CYCLIC_PRESENTATION
81,139,1,27,"[{""canonical_t"": 1, ""e"": 4, ""kind"": ""odd-cyclic"", ""legendre"": 1, ""p"": 3}]",CLOSED_EXACT_CYCLIC_PRESENTATION
81,143,5,27,"[{""canonical_t"": 2, ""e"": 4, ""kind"": ""odd-cyclic"", ""legendre"": -1, ""p"": 3}]",CLOSED_EXACT_CYCLIC_PRESENTATION
81,145,1,27,"[{""canonical_t"": 1, ""e"": 4, ""kind"": ""odd-cyclic"", ""legendre"": 1, ""p"": 3}]",CLOSED_EXACT_CYCLIC_PRESENTATION
81,149,5,27,"[{""canonical_t"": 2, ""e"": 4, ""kind"": ""odd-cyclic"", ""legendre"": -1, ""p"": 3}]",CLOSED_EXACT_CYCLIC_PRESENTATION
81,151,1,27,"[{""canonical_t"": 1, ""e"": 4, ""kind"": ""odd-cyclic"", ""legendre"": 1, ""p"": 3}]",CLOSED_EXACT_CYCLIC_PRESENTATION
81,155,5,27,"[{""canonical_t"": 2, ""e"": 4, ""kind"": ""odd-cyclic"", ""legendre"": -1, ""p"": 3}]",CLOSED_EXACT_CYCLIC_PRESENTATION
81,157,1,27,"[{""canonical_t"": 1, ""e"": 4, ""kind"": ""odd-cyclic"", ""legendre"": 1, ""p"": 3}]",CLOSED_EXACT_CYCLIC_PRESENTATION
81,161,5,27,"[{""canonical_t"": 2, ""e"": 4, ""kind"": ""odd-cyclic"", ""legendre"": -1, ""p"": 3}]",CLOSED_EXACT_CYCLIC_PRESENTATION
82,1,1,20,"[{""brown_mod8"": 1, ""canonical_t"": 1, ""e"": 1, ""kind"": ""2-cyclic-odd"", ""p"": 2}, {""canonical_t"": 1, ""e"": 1, ""kind"": ""odd-cyclic"", ""legendre"": 1, ""p"": 41}]",CLOSED_EXACT_CYCLIC_PRESENTATION
82,3,3,20,"[{""brown_mod8"": 3, ""canonical_t"": 3, ""e"": 1, ""kind"": ""2-cyclic-odd"", ""p"": 2}, {""canonical_t"": 3, ""e"": 1, ""kind"": ""odd-cyclic"", ""legendre"": -1, ""p"": 41}]",CLOSED_EXACT_CYCLIC_PRESENTATION
82,5,1,20,"[{""brown_mod8"": 1, ""canonical_t"": 1, ""e"": 1, ""kind"": ""2-cyclic-odd"", ""p"": 2}, {""canonical_t"": 1, ""e"": 1, ""kind"": ""odd-cyclic"", ""legendre"": 1, ""p"": 41}]",CLOSED_EXACT_CYCLIC_PRESENTATION
82,7,3,20,"[{""brown_mod8"": 3, ""canonical_t"": 3, ""e"": 1, ""kind"": ""2-cyclic-odd"", ""p"": 2}, {""canonical_t"": 3, ""e"": 1, ""kind"": ""odd-cyclic"", ""legendre"": -1, ""p"": 41}]",CLOSED_EXACT_CYCLIC_PRESENTATION
82,9,1,20,"[{""brown_mod8"": 1, ""canonical_t"": 1, ""e"": 1, ""kind"": ""2-cyclic-odd"", ""p"": 2}, {""canonical_t"": 1, ""e"": 1, ""kind"": ""odd-cyclic"", ""legendre"": 1, ""p"": 41}]",CLOSED_EXACT_CYCLIC_PRESENTATION
82,11,3,20,"[{""brown_mod8"": 3, ""canonical_t"": 3, ""e"": 1, ""kind"": ""2-cyclic-odd"", ""p"": 2}, {""canonical_t"": 3, ""e"": 1, ""kind"": ""odd-cyclic"", ""legendre"": -1, ""p"": 41}]",CLOSED_EXACT_CYCLIC_PRESENTATION
82,13,13,20,"[{""brown_mod8"": 1, ""canonical_t"": 1, ""e"": 1, ""kind"": ""2-cyclic-odd"", ""p"": 2}, {""canonical_t"": 3, ""e"": 1, ""kind"": ""odd-cyclic"", ""legendre"": -1, ""p"": 41}]",CLOSED_EXACT_CYCLIC_PRESENTATION
82,15,3,20,"[{""brown_mod8"": 3, ""canonical_t"": 3, ""e"": 1, ""kind"": ""2-cyclic-odd"", ""p"": 2}, {""canonical_t"": 3, ""e"": 1, ""kind"": ""odd-cyclic"", ""legendre"": -1, ""p"": 41}]",CLOSED_EXACT_CYCLIC_PRESENTATION
82,17,13,20,"[{""brown_mod8"": 1, ""canonical_t"": 1, ""e"": 1, ""kind"": ""2-cyclic-odd"", ""p"": 2}, {""canonical_t"": 3, ""e"": 1, ""kind"": ""odd-cyclic"", ""legendre"": -1, ""p"": 41}]",CLOSED_EXACT_CYCLIC_PRESENTATION
82,19,3,20,"[{""brown_mod8"": 3, ""canonical_t"": 3, ""e"": 1, ""kind"": ""2-cyclic-odd"", ""p"": 2}, {""canonical_t"": 3, ""e"": 1, ""kind"": ""odd-cyclic"", ""legendre"": -1, ""p"": 41}]",CLOSED_EXACT_CYCLIC_PRESENTATION
82,21,1,20,"[{""brown_mod8"": 1, ""canonical_t"": 1, ""e"": 1, ""kind"": ""2-cyclic-odd"", ""p"": 2}, {""canonical_t"": 1, ""e"": 1, ""kind"": ""odd-cyclic"", ""legendre"": 1, ""p"": 41}]",CLOSED_EXACT_CYCLIC_PRESENTATION
82,23,23,20,"[{""brown_mod8"": 3, ""canonical_t"": 3, ""e"": 1, ""kind"": ""2-cyclic-odd"", ""p"": 2}, {""canonical_t"": 1, ""e"": 1, ""kind"": ""odd-cyclic"", ""legendre"": 1, ""p"": 41}]",CLOSED_EXACT_CYCLIC_PRESENTATION
82,25,1,20,"[{""brown_mod8"": 1, ""canonical_t"": 1, ""e"": 1, ""kind"": ""2-cyclic-odd"", ""p"": 2}, {""canonical_t"": 1, ""e"": 1, ""kind"": ""odd-cyclic"", ""legendre"": 1, ""p"": 41}]",CLOSED_EXACT_CYCLIC_PRESENTATION
82,27,3,20,"[{""brown_mod8"": 3, ""canonical_t"": 3, ""e"": 1, ""kind"": ""2-cyclic-odd"", ""p"": 2}, {""canonical_t"": 3, ""e"": 1, ""kind"": ""odd-cyclic"", ""legendre"": -1, ""p"": 41}]",CLOSED_EXACT_CYCLIC_PRESENTATION
82,29,13,20,"[{""brown_mod8"": 1, ""canonical_t"": 1, ""e"": 1, ""kind"": ""2-cyclic-odd"", ""p"": 2}, {""canonical_t"": 3, ""e"": 1, ""kind"": ""odd-cyclic"", ""legendre"": -1, ""p"": 41}]",CLOSED_EXACT_CYCLIC_PRESENTATION
82,31,23,20,"[{""brown_mod8"": 3, ""canonical_t"": 3, ""e"": 1, ""kind"": ""2-cyclic-odd"", ""p"": 2}, {""canonical_t"": 1, ""e"": 1, ""kind"": ""odd-cyclic"", ""legendre"": 1, ""p"": 41}]",CLOSED_EXACT_CYCLIC_PRESENTATION
82,33,1,20,"[{""brown_mod8"": 1, ""canonical_t"": 1, ""e"": 1, ""kind"": ""2-cyclic-odd"", ""p"": 2}, {""canonical_t"": 1, ""e"": 1, ""kind"": ""odd-cyclic"", ""legendre"": 1, ""p"": 41}]",CLOSED_EXACT_CYCLIC_PRESENTATION
82,35,3,20,"[{""brown_mod8"": 3, ""canonical_t"": 3, ""e"": 1, ""kind"": ""2-cyclic-odd"", ""p"": 2}, {""canonical_t"": 3, ""e"": 1, ""kind"": ""odd-cyclic"", ""legendre"": -1, ""p"": 41}]",CLOSED_EXACT_CYCLIC_PRESENTATION
82,37,1,20,"[{""brown_mod8"": 1, ""canonical_t"": 1, ""e"": 1, ""kind"": ""2-cyclic-odd"", ""p"": 2}, {""canonical_t"": 1, ""e"": 1, ""kind"": ""odd-cyclic"", ""legendre"": 1, ""p"": 41}]",CLOSED_EXACT_CYCLIC_PRESENTATION
82,39,23,20,"[{""brown_mod8"": 3, ""canonical_t"": 3, ""e"": 1, ""kind"": ""2-cyclic-odd"", ""p"": 2}, {""canonical_t"": 1, ""e"": 1, ""kind"": ""odd-cyclic"", ""legendre"": 1, ""p"": 41}]",CLOSED_EXACT_CYCLIC_PRESENTATION
82,43,23,20,"[{""brown_mod8"": 3, ""canonical_t"": 3, ""e"": 1, ""kind"": ""2-cyclic-odd"", ""p"": 2}, {""canonical_t"": 1, ""e"": 1, ""kind"": ""odd-cyclic"", ""legendre"": 1, ""p"": 41}]",CLOSED_EXACT_CYCLIC_PRESENTATION
82,45,1,20,"[{""brown_mod8"": 1, ""canonical_t"": 1, ""e"": 1, ""kind"": ""2-cyclic-odd"", ""p"": 2}, {""canonical_t"": 1, ""e"": 1, ""kind"": ""odd-cyclic"", ""legendre"": 1, ""p"": 41}]",CLOSED_EXACT_CYCLIC_PRESENTATION
82,47,3,20,"[{""brown_mod8"": 3, ""canonical_t"": 3, ""e"": 1, ""kind"": ""2-cyclic-odd"", ""p"": 2}, {""canonical_t"": 3, ""e"": 1, ""kind"": ""odd-cyclic"", ""legendre"": -1, ""p"": 41}]",CLOSED_EXACT_CYCLIC_PRESENTATION
82,49,1,20,"[{""brown_mod8"": 1, ""canonical_t"": 1, ""e"": 1, ""kind"": ""2-cyclic-odd"", ""p"": 2}, {""canonical_t"": 1, ""e"": 1, ""kind"": ""odd-cyclic"", ""legendre"": 1, ""p"": 41}]",CLOSED_EXACT_CYCLIC_PRESENTATION
82,51,23,20,"[{""brown_mod8"": 3, ""canonical_t"": 3, ""e"": 1, ""kind"": ""2-cyclic-odd"", ""p"": 2}, {""canonical_t"": 1, ""e"": 1, ""kind"": ""odd-cyclic"", ""legendre"": 1, ""p"": 41}]",CLOSED_EXACT_CYCLIC_PRESENTATION
82,53,13,20,"[{""brown_mod8"": 1, ""canonical_t"": 1, ""e"": 1, ""kind"": ""2-cyclic-odd"", ""p"": 2}, {""canonical_t"": 3, ""e"": 1, ""kind"": ""odd-cyclic"", ""legendre"": -1, ""p"": 41}]",CLOSED_EXACT_CYCLIC_PRESENTATION
82,55,3,20,"[{""brown_mod8"": 3, ""canonical_t"": 3, ""e"": 1, ""kind"": ""2-cyclic-odd"", ""p"": 2}, {""canonical_t"": 3, ""e"": 1, ""kind"": ""odd-cyclic"", ""legendre"": -1, ""p"": 41}]",CLOSED_EXACT_CYCLIC_PRESENTATION
82,57,1,20,"[{""brown_mod8"": 1, ""canonical_t"": 1, ""e"": 1, ""kind"": ""2-cyclic-odd"", ""p"": 2}, {""canonical_t"": 1, ""e"": 1, ""kind"": ""odd-cyclic"", ""legendre"": 1, ""p"": 41}]",CLOSED_EXACT_CYCLIC_PRESENTATION
82,59,23,20,"[{""brown_mod8"": 3, ""canonical_t"": 3, ""e"": 1, ""kind"": ""2-cyclic-odd"", ""p"": 2}, {""canonical_t"": 1, ""e"": 1, ""kind"": ""odd-cyclic"", ""legendre"": 1, ""p"": 41}]",CLOSED_EXACT_CYCLIC_PRESENTATION
82,61,1,20,"[{""brown_mod8"": 1, ""canonical_t"": 1, ""e"": 1, ""kind"": ""2-cyclic-odd"", ""p"": 2}, {""canonical_t"": 1, ""e"": 1, ""kind"": ""odd-cyclic"", ""legendre"": 1, ""p"": 41}]",CLOSED_EXACT_CYCLIC_PRESENTATION
82,63,3,20,"[{""brown_mod8"": 3, ""canonical_t"": 3, ""e"": 1, ""kind"": ""2-cyclic-odd"", ""p"": 2}, {""canonical_t"": 3, ""e"": 1, ""kind"": ""odd-cyclic"", ""legendre"": -1, ""p"": 41}]",CLOSED_EXACT_CYCLIC_PRESENTATION
82,65,13,20,"[{""brown_mod8"": 1, ""canonical_t"": 1, ""e"": 1, ""kind"": ""2-cyclic-odd"", ""p"": 2}, {""canonical_t"": 3, ""e"": 1, ""kind"": ""odd-cyclic"", ""legendre"": -1, ""p"": 41}]",CLOSED_EXACT_CYCLIC_PRESENTATION
82,67,3,20,"[{""brown_mod8"": 3, ""canonical_t"": 3, ""e"": 1, ""kind"": ""2-cyclic-odd"", ""p"": 2}, {""canonical_t"": 3, ""e"": 1, ""kind"": ""odd-cyclic"", ""legendre"": -1, ""p"": 41}]",CLOSED_EXACT_CYCLIC_PRESENTATION
82,69,13,20,"[{""brown_mod8"": 1, ""canonical_t"": 1, ""e"": 1, ""kind"": ""2-cyclic-odd"", ""p"": 2}, {""canonical_t"": 3, ""e"": 1, ""kind"": ""odd-cyclic"", ""legendre"": -1, ""p"": 41}]",CLOSED_EXACT_CYCLIC_PRESENTATION
82,71,3,20,"[{""brown_mod8"": 3, ""canonical_t"": 3, ""e"": 1, ""kind"": ""2-cyclic-odd"", ""p"": 2}, {""canonical_t"": 3, ""e"": 1, ""kind"": ""odd-cyclic"", ""legendre"": -1, ""p"": 41}]",CLOSED_EXACT_CYCLIC_PRESENTATION
82,73,1,20,"[{""brown_mod8"": 1, ""canonical_t"": 1, ""e"": 1, ""kind"": ""2-cyclic-odd"", ""p"": 2}, {""canonical_t"": 1, ""e"": 1, ""kind"": ""odd-cyclic"", ""legendre"": 1, ""p"": 41}]",CLOSED_EXACT_CYCLIC_PRESENTATION
82,75,3,20,"[{""brown_mod8"": 3, ""canonical_t"": 3, ""e"": 1, ""kind"": ""2-cyclic-odd"", ""p"": 2}, {""canonical_t"": 3, ""e"": 1, ""kind"": ""odd-cyclic"", ""legendre"": -1, ""p"": 41}]",CLOSED_EXACT_CYCLIC_PRESENTATION
82,77,1,20,"[{""brown_mod8"": 1, ""canonical_t"": 1, ""e"": 1, ""kind"": ""2-cyclic-odd"", ""p"": 2}, {""canonical_t"": 1, ""e"": 1, ""kind"": ""odd-cyclic"", ""legendre"": 1, ""p"": 41}]",CLOSED_EXACT_CYCLIC_PRESENTATION
82,79,3,20,"[{""brown_mod8"": 3, ""canonical_t"": 3, ""e"": 1, ""kind"": ""2-cyclic-odd"", ""p"": 2}, {""canonical_t"": 3, ""e"": 1, ""kind"": ""odd-cyclic"", ""legendre"": -1, ""p"": 41}]",CLOSED_EXACT_CYCLIC_PRESENTATION
82,81,1,20,"[{""brown_mod8"": 1, ""canonical_t"": 1, ""e"": 1, ""kind"": ""2-cyclic-odd"", ""p"": 2}, {""canonical_t"": 1, ""e"": 1, ""kind"": ""odd-cyclic"", ""legendre"": 1, ""p"": 41}]",CLOSED_EXACT_CYCLIC_PRESENTATION
82,83,23,20,"[{""brown_mod8"": 3, ""canonical_t"": 3, ""e"": 1, ""kind"": ""2-cyclic-odd"", ""p"": 2}, {""canonical_t"": 1, ""e"": 1, ""kind"": ""odd-cyclic"", ""legendre"": 1, ""p"": 41}]",CLOSED_EXACT_CYCLIC_PRESENTATION
82,85,13,20,"[{""brown_mod8"": 1, ""canonical_t"": 1, ""e"": 1, ""kind"": ""2-cyclic-odd"", ""p"": 2}, {""canonical_t"": 3, ""e"": 1, ""kind"": ""odd-cyclic"", ""legendre"": -1, ""p"": 41}]",CLOSED_EXACT_CYCLIC_PRESENTATION
82,87,23,20,"[{""brown_mod8"": 3, ""canonical_t"": 3, ""e"": 1, ""kind"": ""2-cyclic-odd"", ""p"": 2}, {""canonical_t"": 1, ""e"": 1, ""kind"": ""odd-cyclic"", ""legendre"": 1, ""p"": 41}]",CLOSED_EXACT_CYCLIC_PRESENTATION
82,89,13,20,"[{""brown_mod8"": 1, ""canonical_t"": 1, ""e"": 1, ""kind"": ""2-cyclic-odd"", ""p"": 2}, {""canonical_t"": 3, ""e"": 1, ""kind"": ""odd-cyclic"", ""legendre"": -1, ""p"": 41}]",CLOSED_EXACT_CYCLIC_PRESENTATION
82,91,23,20,"[{""brown_mod8"": 3, ""canonical_t"": 3, ""e"": 1, ""kind"": ""2-cyclic-odd"", ""p"": 2}, {""canonical_t"": 1, ""e"": 1, ""kind"": ""odd-cyclic"", ""legendre"": 1, ""p"": 41}]",CLOSED_EXACT_CYCLIC_PRESENTATION
82,93,13,20,"[{""brown_mod8"": 1, ""canonical_t"": 1, ""e"": 1, ""kind"": ""2-cyclic-odd"", ""p"": 2}, {""canonical_t"": 3, ""e"": 1, ""kind"": ""odd-cyclic"", ""legendre"": -1, ""p"": 41}]",CLOSED_EXACT_CYCLIC_PRESENTATION
82,95,3,20,"[{""brown_mod8"": 3, ""canonical_t"": 3, ""e"": 1, ""kind"": ""2-cyclic-odd"", ""p"": 2}, {""canonical_t"": 3, ""e"": 1, ""kind"": ""odd-cyclic"", ""legendre"": -1, ""p"": 41}]",CLOSED_EXACT_CYCLIC_PRESENTATION
82,97,13,20,"[{""brown_mod8"": 1, ""canonical_t"": 1, ""e"": 1, ""kind"": ""2-cyclic-odd"", ""p"": 2}, {""canonical_t"": 3, ""e"": 1, ""kind"": ""odd-cyclic"", ""legendre"": -1, ""p"": 41}]",CLOSED_EXACT_CYCLIC_PRESENTATION
82,99,3,20,"[{""brown_mod8"": 3, ""canonical_t"": 3, ""e"": 1, ""kind"": ""2-cyclic-odd"", ""p"": 2}, {""canonical_t"": 3, ""e"": 1, ""kind"": ""odd-cyclic"", ""legendre"": -1, ""p"": 41}]",CLOSED_EXACT_CYCLIC_PRESENTATION
82,101,13,20,"[{""brown_mod8"": 1, ""canonical_t"": 1, ""e"": 1, ""kind"": ""2-cyclic-odd"", ""p"": 2}, {""canonical_t"": 3, ""e"": 1, ""kind"": ""odd-cyclic"", ""legendre"": -1, ""p"": 41}]",CLOSED_EXACT_CYCLIC_PRESENTATION
82,103,23,20,"[{""brown_mod8"": 3, ""canonical_t"": 3, ""e"": 1, ""kind"": ""2-cyclic-odd"", ""p"": 2}, {""canonical_t"": 1, ""e"": 1, ""kind"": ""odd-cyclic"", ""legendre"": 1, ""p"": 41}]",CLOSED_EXACT_CYCLIC_PRESENTATION
82,105,1,20,"[{""brown_mod8"": 1, ""canonical_t"": 1, ""e"": 1, ""kind"": ""2-cyclic-odd"", ""p"": 2}, {""canonical_t"": 1, ""e"": 1, ""kind"": ""odd-cyclic"", ""legendre"": 1, ""p"": 41}]",CLOSED_EXACT_CYCLIC_PRESENTATION
82,107,23,20,"[{""brown_mod8"": 3, ""canonical_t"": 3, ""e"": 1, ""kind"": ""2-cyclic-odd"", ""p"": 2}, {""canonical_t"": 1, ""e"": 1, ""kind"": ""odd-cyclic"", ""legendre"": 1, ""p"": 41}]",CLOSED_EXACT_CYCLIC_PRESENTATION
82,109,13,20,"[{""brown_mod8"": 1, ""canonical_t"": 1, ""e"": 1, ""kind"": ""2-cyclic-odd"", ""p"": 2}, {""canonical_t"": 3, ""e"": 1, ""kind"": ""odd-cyclic"", ""legendre"": -1, ""p"": 41}]",CLOSED_EXACT_CYCLIC_PRESENTATION
82,111,3,20,"[{""brown_mod8"": 3, ""canonical_t"": 3, ""e"": 1, ""kind"": ""2-cyclic-odd"", ""p"": 2}, {""canonical_t"": 3, ""e"": 1, ""kind"": ""odd-cyclic"", ""legendre"": -1, ""p"": 41}]",CLOSED_EXACT_CYCLIC_PRESENTATION
82,113,1,20,"[{""brown_mod8"": 1, ""canonical_t"": 1, ""e"": 1, ""kind"": ""2-cyclic-odd"", ""p"": 2}, {""canonical_t"": 1, ""e"": 1, ""kind"": ""odd-cyclic"", ""legendre"": 1, ""p"": 41}]",CLOSED_EXACT_CYCLIC_PRESENTATION
82,115,23,20,"[{""brown_mod8"": 3, ""canonical_t"": 3, ""e"": 1, ""kind"": ""2-cyclic-odd"", ""p"": 2}, {""canonical_t"": 1, ""e"": 1, ""kind"": ""odd-cyclic"", ""legendre"": 1, ""p"": 41}]",CLOSED_EXACT_CYCLIC_PRESENTATION
82,117,13,20,"[{""brown_mod8"": 1, ""canonical_t"": 1, ""e"": 1, ""kind"": ""2-cyclic-odd"", ""p"": 2}, {""canonical_t"": 3, ""e"": 1, ""kind"": ""odd-cyclic"", ""legendre"": -1, ""p"": 41}]",CLOSED_EXACT_CYCLIC_PRESENTATION
82,119,23,20,"[{""brown_mod8"": 3, ""canonical_t"": 3, ""e"": 1, ""kind"": ""2-cyclic-odd"", ""p"": 2}, {""canonical_t"": 1, ""e"": 1, ""kind"": ""odd-cyclic"", ""legendre"": 1, ""p"": 41}]",CLOSED_EXACT_CYCLIC_PRESENTATION
82,121,1,20,"[{""brown_mod8"": 1, ""canonical_t"": 1, ""e"": 1, ""kind"": ""2-cyclic-odd"", ""p"": 2}, {""canonical_t"": 1, ""e"": 1, ""kind"": ""odd-cyclic"", ""legendre"": 1, ""p"": 41}]",CLOSED_EXACT_CYCLIC_PRESENTATION
82,125,1,20,"[{""brown_mod8"": 1, ""canonical_t"": 1, ""e"": 1, ""kind"": ""2-cyclic-odd"", ""p"": 2}, {""canonical_t"": 1, ""e"": 1, ""kind"": ""odd-cyclic"", ""legendre"": 1, ""p"": 41}]",CLOSED_EXACT_CYCLIC_PRESENTATION
82,127,23,20,"[{""brown_mod8"": 3, ""canonical_t"": 3, ""e"": 1, ""kind"": ""2-cyclic-odd"", ""p"": 2}, {""canonical_t"": 1, ""e"": 1, ""kind"": ""odd-cyclic"", ""legendre"": 1, ""p"": 41}]",CLOSED_EXACT_CYCLIC_PRESENTATION
82,129,13,20,"[{""brown_mod8"": 1, ""canonical_t"": 1, ""e"": 1, ""kind"": ""2-cyclic-odd"", ""p"": 2}, {""canonical_t"": 3, ""e"": 1, ""kind"": ""odd-cyclic"", ""legendre"": -1, ""p"": 41}]",CLOSED_EXACT_CYCLIC_PRESENTATION
82,131,23,20,"[{""brown_mod8"": 3, ""canonical_t"": 3, ""e"": 1, ""kind"": ""2-cyclic-odd"", ""p"": 2}, {""canonical_t"": 1, ""e"": 1, ""kind"": ""odd-cyclic"", ""legendre"": 1, ""p"": 41}]",CLOSED_EXACT_CYCLIC_PRESENTATION
82,133,1,20,"[{""brown_mod8"": 1, ""canonical_t"": 1, ""e"": 1, ""kind"": ""2-cyclic-odd"", ""p"": 2}, {""canonical_t"": 1, ""e"": 1, ""kind"": ""odd-cyclic"", ""legendre"": 1, ""p"": 41}]",CLOSED_EXACT_CYCLIC_PRESENTATION
82,135,3,20,"[{""brown_mod8"": 3, ""canonical_t"": 3, ""e"": 1, ""kind"": ""2-cyclic-odd"", ""p"": 2}, {""canonical_t"": 3, ""e"": 1, ""kind"": ""odd-cyclic"", ""legendre"": -1, ""p"": 41}]",CLOSED_EXACT_CYCLIC_PRESENTATION
82,137,13,20,"[{""brown_mod8"": 1, ""canonical_t"": 1, ""e"": 1, ""kind"": ""2-cyclic-odd"", ""p"": 2}, {""canonical_t"": 3, ""e"": 1, ""kind"": ""odd-cyclic"", ""legendre"": -1, ""p"": 41}]",CLOSED_EXACT_CYCLIC_PRESENTATION
82,139,23,20,"[{""brown_mod8"": 3, ""canonical_t"": 3, ""e"": 1, ""kind"": ""2-cyclic-odd"", ""p"": 2}, {""canonical_t"": 1, ""e"": 1, ""kind"": ""odd-cyclic"", ""legendre"": 1, ""p"": 41}]",CLOSED_EXACT_CYCLIC_PRESENTATION
82,141,1,20,"[{""brown_mod8"": 1, ""canonical_t"": 1, ""e"": 1, ""kind"": ""2-cyclic-odd"", ""p"": 2}, {""canonical_t"": 1, ""e"": 1, ""kind"": ""odd-cyclic"", ""legendre"": 1, ""p"": 41}]",CLOSED_EXACT_CYCLIC_PRESENTATION
82,143,23,20,"[{""brown_mod8"": 3, ""canonical_t"": 3, ""e"": 1, ""kind"": ""2-cyclic-odd"", ""p"": 2}, {""canonical_t"": 1, ""e"": 1, ""kind"": ""odd-cyclic"", ""legendre"": 1, ""p"": 41}]",CLOSED_EXACT_CYCLIC_PRESENTATION
82,145,13,20,"[{""brown_mod8"": 1, ""canonical_t"": 1, ""e"": 1, ""kind"": ""2-cyclic-odd"", ""p"": 2}, {""canonical_t"": 3, ""e"": 1, ""kind"": ""odd-cyclic"", ""legendre"": -1, ""p"": 41}]",CLOSED_EXACT_CYCLIC_PRESENTATION
82,147,3,20,"[{""brown_mod8"": 3, ""canonical_t"": 3, ""e"": 1, ""kind"": ""2-cyclic-odd"", ""p"": 2}, {""canonical_t"": 3, ""e"": 1, ""kind"": ""odd-cyclic"", ""legendre"": -1, ""p"": 41}]",CLOSED_EXACT_CYCLIC_PRESENTATION
82,149,13,20,"[{""brown_mod8"": 1, ""canonical_t"": 1, ""e"": 1, ""kind"": ""2-cyclic-odd"", ""p"": 2}, {""canonical_t"": 3, ""e"": 1, ""kind"": ""odd-cyclic"", ""legendre"": -1, ""p"": 41}]",CLOSED_EXACT_CYCLIC_PRESENTATION
82,151,3,20,"[{""brown_mod8"": 3, ""canonical_t"": 3, ""e"": 1, ""kind"": ""2-cyclic-odd"", ""p"": 2}, {""canonical_t"": 3, ""e"": 1, ""kind"": ""odd-cyclic"", ""legendre"": -1, ""p"": 41}]",CLOSED_EXACT_CYCLIC_PRESENTATION
82,153,13,20,"[{""brown_mod8"": 1, ""canonical_t"": 1, ""e"": 1, ""kind"": ""2-cyclic-odd"", ""p"": 2}, {""canonical_t"": 3, ""e"": 1, ""kind"": ""odd-cyclic"", ""legendre"": -1, ""p"": 41}]",CLOSED_EXACT_CYCLIC_PRESENTATION
82,155,23,20,"[{""brown_mod8"": 3, ""canonical_t"": 3, ""e"": 1, ""kind"": ""2-cyclic-odd"", ""p"": 2}, {""canonical_t"": 1, ""e"": 1, ""kind"": ""odd-cyclic"", ""legendre"": 1, ""p"": 41}]",CLOSED_EXACT_CYCLIC_PRESENTATION
82,157,13,20,"[{""brown_mod8"": 1, ""canonical_t"": 1, ""e"": 1, ""kind"": ""2-cyclic-odd"", ""p"": 2}, {""canonical_t"": 3, ""e"": 1, ""kind"": ""odd-cyclic"", ""legendre"": -1, ""p"": 41}]",CLOSED_EXACT_CYCLIC_PRESENTATION
82,159,23,20,"[{""brown_mod8"": 3, ""canonical_t"": 3, ""e"": 1, ""kind"": ""2-cyclic-odd"", ""p"": 2}, {""canonical_t"": 1, ""e"": 1, ""kind"": ""odd-cyclic"", ""legendre"": 1, ""p"": 41}]",CLOSED_EXACT_CYCLIC_PRESENTATION
82,161,13,20,"[{""brown_mod8"": 1, ""canonical_t"": 1, ""e"": 1, ""kind"": ""2-cyclic-odd"", ""p"": 2}, {""canonical_t"": 3, ""e"": 1, ""kind"": ""odd-cyclic"", ""legendre"": -1, ""p"": 41}]",CLOSED_EXACT_CYCLIC_PRESENTATION
82,163,23,20,"[{""brown_mod8"": 3, ""canonical_t"": 3, ""e"": 1, ""kind"": ""2-cyclic-odd"", ""p"": 2}, {""canonical_t"": 1, ""e"": 1, ""kind"": ""odd-cyclic"", ""legendre"": 1, ""p"": 41}]",CLOSED_EXACT_CYCLIC_PRESENTATION
83,1,1,41,"[{""canonical_t"": 1, ""e"": 1, ""kind"": ""odd-cyclic"", ""legendre"": 1, ""p"": 83}]",CLOSED_EXACT_CYCLIC_PRESENTATION
83,3,1,41,"[{""canonical_t"": 1, ""e"": 1, ""kind"": ""odd-cyclic"", ""legendre"": 1, ""p"": 83}]",CLOSED_EXACT_CYCLIC_PRESENTATION
83,5,5,41,"[{""canonical_t"": 2, ""e"": 1, ""kind"": ""odd-cyclic"", ""legendre"": -1, ""p"": 83}]",CLOSED_EXACT_CYCLIC_PRESENTATION
83,7,1,41,"[{""canonical_t"": 1, ""e"": 1, ""kind"": ""odd-cyclic"", ""legendre"": 1, ""p"": 83}]",CLOSED_EXACT_CYCLIC_PRESENTATION
83,9,1,41,"[{""canonical_t"": 1, ""e"": 1, ""kind"": ""odd-cyclic"", ""legendre"": 1, ""p"": 83}]",CLOSED_EXACT_CYCLIC_PRESENTATION
83,11,1,41,"[{""canonical_t"": 1, ""e"": 1, ""kind"": ""odd-cyclic"", ""legendre"": 1, ""p"": 83}]",CLOSED_EXACT_CYCLIC_PRESENTATION
83,13,5,41,"[{""canonical_t"": 2, ""e"": 1, ""kind"": ""odd-cyclic"", ""legendre"": -1, ""p"": 83}]",CLOSED_EXACT_CYCLIC_PRESENTATION
83,15,5,41,"[{""canonical_t"": 2, ""e"": 1, ""kind"": ""odd-cyclic"", ""legendre"": -1, ""p"": 83}]",CLOSED_EXACT_CYCLIC_PRESENTATION
83,17,1,41,"[{""canonical_t"": 1, ""e"": 1, ""kind"": ""odd-cyclic"", ""legendre"": 1, ""p"": 83}]",CLOSED_EXACT_CYCLIC_PRESENTATION
83,19,5,41,"[{""canonical_t"": 2, ""e"": 1, ""kind"": ""odd-cyclic"", ""legendre"": -1, ""p"": 83}]",CLOSED_EXACT_CYCLIC_PRESENTATION
83,21,1,41,"[{""canonical_t"": 1, ""e"": 1, ""kind"": ""odd-cyclic"", ""legendre"": 1, ""p"": 83}]",CLOSED_EXACT_CYCLIC_PRESENTATION
83,23,1,41,"[{""canonical_t"": 1, ""e"": 1, ""kind"": ""odd-cyclic"", ""legendre"": 1, ""p"": 83}]",CLOSED_EXACT_CYCLIC_PRESENTATION
83,25,1,41,"[{""canonical_t"": 1, ""e"": 1, ""kind"": ""odd-cyclic"", ""legendre"": 1, ""p"": 83}]",CLOSED_EXACT_CYCLIC_PRESENTATION
83,27,1,41,"[{""canonical_t"": 1, ""e"": 1, ""kind"": ""odd-cyclic"", ""legendre"": 1, ""p"": 83}]",CLOSED_EXACT_CYCLIC_PRESENTATION
83,29,1,41,"[{""canonical_t"": 1, ""e"": 1, ""kind"": ""odd-cyclic"", ""legendre"": 1, ""p"": 83}]",CLOSED_EXACT_CYCLIC_PRESENTATION
83,31,1,41,"[{""canonical_t"": 1, ""e"": 1, ""kind"": ""odd-cyclic"", ""legendre"": 1, ""p"": 83}]",CLOSED_EXACT_CYCLIC_PRESENTATION
83,33,1,41,"[{""canonical_t"": 1, ""e"": 1, ""kind"": ""odd-cyclic"", ""legendre"": 1, ""p"": 83}]",CLOSED_EXACT_CYCLIC_PRESENTATION
83,35,5,41,"[{""canonical_t"": 2, ""e"": 1, ""kind"": ""odd-cyclic"", ""legendre"": -1, ""p"": 83}]",CLOSED_EXACT_CYCLIC_PRESENTATION
83,37,1,41,"[{""canonical_t"": 1, ""e"": 1, ""kind"": ""odd-cyclic"", ""legendre"": 1, ""p"": 83}]",CLOSED_EXACT_CYCLIC_PRESENTATION
83,39,5,41,"[{""canonical_t"": 2, ""e"": 1, ""kind"": ""odd-cyclic"", ""legendre"": -1, ""p"": 83}]",CLOSED_EXACT_CYCLIC_PRESENTATION
83,41,1,41,"[{""canonical_t"": 1, ""e"": 1, ""kind"": ""odd-cyclic"", ""legendre"": 1, ""p"": 83}]",CLOSED_EXACT_CYCLIC_PRESENTATION
83,43,5,41,"[{""canonical_t"": 2, ""e"": 1, ""kind"": ""odd-cyclic"", ""legendre"": -1, ""p"": 83}]",CLOSED_EXACT_CYCLIC_PRESENTATION
83,45,5,41,"[{""canonical_t"": 2, ""e"": 1, ""kind"": ""odd-cyclic"", ""legendre"": -1, ""p"": 83}]",CLOSED_EXACT_CYCLIC_PRESENTATION
83,47,5,41,"[{""canonical_t"": 2, ""e"": 1, ""kind"": ""odd-cyclic"", ""legendre"": -1, ""p"": 83}]",CLOSED_EXACT_CYCLIC_PRESENTATION
83,49,1,41,"[{""canonical_t"": 1, ""e"": 1, ""kind"": ""odd-cyclic"", ""legendre"": 1, ""p"": 83}]",CLOSED_EXACT_CYCLIC_PRESENTATION
83,51,1,41,"[{""canonical_t"": 1, ""e"": 1, ""kind"": ""odd-cyclic"", ""legendre"": 1, ""p"": 83}]",CLOSED_EXACT_CYCLIC_PRESENTATION
83,53,5,41,"[{""canonical_t"": 2, ""e"": 1, ""kind"": ""odd-cyclic"", ""legendre"": -1, ""p"": 83}]",CLOSED_EXACT_CYCLIC_PRESENTATION
83,55,5,41,"[{""canonical_t"": 2, ""e"": 1, ""kind"": ""odd-cyclic"", ""legendre"": -1, ""p"": 83}]",CLOSED_EXACT_CYCLIC_PRESENTATION
83,57,5,41,"[{""canonical_t"": 2, ""e"": 1, ""kind"": ""odd-cyclic"", ""legendre"": -1, ""p"": 83}]",CLOSED_EXACT_CYCLIC_PRESENTATION
83,59,1,41,"[{""canonical_t"": 1, ""e"": 1, ""kind"": ""odd-cyclic"", ""legendre"": 1, ""p"": 83}]",CLOSED_EXACT_CYCLIC_PRESENTATION
83,61,1,41,"[{""canonical_t"": 1, ""e"": 1, ""kind"": ""odd-cyclic"", ""legendre"": 1, ""p"": 83}]",CLOSED_EXACT_CYCLIC_PRESENTATION
83,63,1,41,"[{""canonical_t"": 1, ""e"": 1, ""kind"": ""odd-cyclic"", ""legendre"": 1, ""p"": 83}]",CLOSED_EXACT_CYCLIC_PRESENTATION
83,65,1,41,"[{""canonical_t"": 1, ""e"": 1, ""kind"": ""odd-cyclic"", ""legendre"": 1, ""p"": 83}]",CLOSED_EXACT_CYCLIC_PRESENTATION
83,67,5,41,"[{""canonical_t"": 2, ""e"": 1, ""kind"": ""odd-cyclic"", ""legendre"": -1, ""p"": 83}]",CLOSED_EXACT_CYCLIC_PRESENTATION
83,69,1,41,"[{""canonical_t"": 1, ""e"": 1, ""kind"": ""odd-cyclic"", ""legendre"": 1, ""p"": 83}]",CLOSED_EXACT_CYCLIC_PRESENTATION
83,71,5,41,"[{""canonical_t"": 2, ""e"": 1, ""kind"": ""odd-cyclic"", ""legendre"": -1, ""p"": 83}]",CLOSED_EXACT_CYCLIC_PRESENTATION
83,73,5,41,"[{""canonical_t"": 2, ""e"": 1, ""kind"": ""odd-cyclic"", ""legendre"": -1, ""p"": 83}]",CLOSED_EXACT_CYCLIC_PRESENTATION
83,75,1,41,"[{""canonical_t"": 1, ""e"": 1, ""kind"": ""odd-cyclic"", ""legendre"": 1, ""p"": 83}]",CLOSED_EXACT_CYCLIC_PRESENTATION
83,77,1,41,"[{""canonical_t"": 1, ""e"": 1, ""kind"": ""odd-cyclic"", ""legendre"": 1, ""p"": 83}]",CLOSED_EXACT_CYCLIC_PRESENTATION
83,79,5,41,"[{""canonical_t"": 2, ""e"": 1, ""kind"": ""odd-cyclic"", ""legendre"": -1, ""p"": 83}]",CLOSED_EXACT_CYCLIC_PRESENTATION
83,81,1,41,"[{""canonical_t"": 1, ""e"": 1, ""kind"": ""odd-cyclic"", ""legendre"": 1, ""p"": 83}]",CLOSED_EXACT_CYCLIC_PRESENTATION
83,85,5,41,"[{""canonical_t"": 2, ""e"": 1, ""kind"": ""odd-cyclic"", ""legendre"": -1, ""p"": 83}]",CLOSED_EXACT_CYCLIC_PRESENTATION
83,87,1,41,"[{""canonical_t"": 1, ""e"": 1, ""kind"": ""odd-cyclic"", ""legendre"": 1, ""p"": 83}]",CLOSED_EXACT_CYCLIC_PRESENTATION
83,89,5,41,"[{""canonical_t"": 2, ""e"": 1, ""kind"": ""odd-cyclic"", ""legendre"": -1, ""p"": 83}]",CLOSED_EXACT_CYCLIC_PRESENTATION
83,91,5,41,"[{""canonical_t"": 2, ""e"": 1, ""kind"": ""odd-cyclic"", ""legendre"": -1, ""p"": 83}]",CLOSED_EXACT_CYCLIC_PRESENTATION
83,93,1,41,"[{""canonical_t"": 1, ""e"": 1, ""kind"": ""odd-cyclic"", ""legendre"": 1, ""p"": 83}]",CLOSED_EXACT_CYCLIC_PRESENTATION
83,95,1,41,"[{""canonical_t"": 1, ""e"": 1, ""kind"": ""odd-cyclic"", ""legendre"": 1, ""p"": 83}]",CLOSED_EXACT_CYCLIC_PRESENTATION
83,97,5,41,"[{""canonical_t"": 2, ""e"": 1, ""kind"": ""odd-cyclic"", ""legendre"": -1, ""p"": 83}]",CLOSED_EXACT_CYCLIC_PRESENTATION
83,99,1,41,"[{""canonical_t"": 1, ""e"": 1, ""kind"": ""odd-cyclic"", ""legendre"": 1, ""p"": 83}]",CLOSED_EXACT_CYCLIC_PRESENTATION
83,101,5,41,"[{""canonical_t"": 2, ""e"": 1, ""kind"": ""odd-cyclic"", ""legendre"": -1, ""p"": 83}]",CLOSED_EXACT_CYCLIC_PRESENTATION
83,103,5,41,"[{""canonical_t"": 2, ""e"": 1, ""kind"": ""odd-cyclic"", ""legendre"": -1, ""p"": 83}]",CLOSED_EXACT_CYCLIC_PRESENTATION
83,105,5,41,"[{""canonical_t"": 2, ""e"": 1, ""kind"": ""odd-cyclic"", ""legendre"": -1, ""p"": 83}]",CLOSED_EXACT_CYCLIC_PRESENTATION
83,107,5,41,"[{""canonical_t"": 2, ""e"": 1, ""kind"": ""odd-cyclic"", ""legendre"": -1, ""p"": 83}]",CLOSED_EXACT_CYCLIC_PRESENTATION
83,109,1,41,"[{""canonical_t"": 1, ""e"": 1, ""kind"": ""odd-cyclic"", ""legendre"": 1, ""p"": 83}]",CLOSED_EXACT_CYCLIC_PRESENTATION
83,111,1,41,"[{""canonical_t"": 1, ""e"": 1, ""kind"": ""odd-cyclic"", ""legendre"": 1, ""p"": 83}]",CLOSED_EXACT_CYCLIC_PRESENTATION
83,113,1,41,"[{""canonical_t"": 1, ""e"": 1, ""kind"": ""odd-cyclic"", ""legendre"": 1, ""p"": 83}]",CLOSED_EXACT_CYCLIC_PRESENTATION
83,115,5,41,"[{""canonical_t"": 2, ""e"": 1, ""kind"": ""odd-cyclic"", ""legendre"": -1, ""p"": 83}]",CLOSED_EXACT_CYCLIC_PRESENTATION
83,117,5,41,"[{""canonical_t"": 2, ""e"": 1, ""kind"": ""odd-cyclic"", ""legendre"": -1, ""p"": 83}]",CLOSED_EXACT_CYCLIC_PRESENTATION
83,119,1,41,"[{""canonical_t"": 1, ""e"": 1, ""kind"": ""odd-cyclic"", ""legendre"": 1, ""p"": 83}]",CLOSED_EXACT_CYCLIC_PRESENTATION
83,121,1,41,"[{""canonical_t"": 1, ""e"": 1, ""kind"": ""odd-cyclic"", ""legendre"": 1, ""p"": 83}]",CLOSED_EXACT_CYCLIC_PRESENTATION
83,123,1,41,"[{""canonical_t"": 1, ""e"": 1, ""kind"": ""odd-cyclic"", ""legendre"": 1, ""p"": 83}]",CLOSED_EXACT_CYCLIC_PRESENTATION
83,125,5,41,"[{""canonical_t"": 2, ""e"": 1, ""kind"": ""odd-cyclic"", ""legendre"": -1, ""p"": 83}]",CLOSED_EXACT_CYCLIC_PRESENTATION
83,127,1,41,"[{""canonical_t"": 1, ""e"": 1, ""kind"": ""odd-cyclic"", ""legendre"": 1, ""p"": 83}]",CLOSED_EXACT_CYCLIC_PRESENTATION
83,129,5,41,"[{""canonical_t"": 2, ""e"": 1, ""kind"": ""odd-cyclic"", ""legendre"": -1, ""p"": 83}]",CLOSED_EXACT_CYCLIC_PRESENTATION
83,131,1,41,"[{""canonical_t"": 1, ""e"": 1, ""kind"": ""odd-cyclic"", ""legendre"": 1, ""p"": 83}]",CLOSED_EXACT_CYCLIC_PRESENTATION
83,133,5,41,"[{""canonical_t"": 2, ""e"": 1, ""kind"": ""odd-cyclic"", ""legendre"": -1, ""p"": 83}]",CLOSED_EXACT_CYCLIC_PRESENTATION
83,135,5,41,"[{""canonical_t"": 2, ""e"": 1, ""kind"": ""odd-cyclic"", ""legendre"": -1, ""p"": 83}]",CLOSED_EXACT_CYCLIC_PRESENTATION
83,137,5,41,"[{""canonical_t"": 2, ""e"": 1, ""kind"": ""odd-cyclic"", ""legendre"": -1, ""p"": 83}]",CLOSED_EXACT_CYCLIC_PRESENTATION
83,139,5,41,"[{""canonical_t"": 2, ""e"": 1, ""kind"": ""odd-cyclic"", ""legendre"": -1, ""p"": 83}]",CLOSED_EXACT_CYCLIC_PRESENTATION
83,141,5,41,"[{""canonical_t"": 2, ""e"": 1, ""kind"": ""odd-cyclic"", ""legendre"": -1, ""p"": 83}]",CLOSED_EXACT_CYCLIC_PRESENTATION
83,143,5,41,"[{""canonical_t"": 2, ""e"": 1, ""kind"": ""odd-cyclic"", ""legendre"": -1, ""p"": 83}]",CLOSED_EXACT_CYCLIC_PRESENTATION
83,145,5,41,"[{""canonical_t"": 2, ""e"": 1, ""kind"": ""odd-cyclic"", ""legendre"": -1, ""p"": 83}]",CLOSED_EXACT_CYCLIC_PRESENTATION
83,147,1,41,"[{""canonical_t"": 1, ""e"": 1, ""kind"": ""odd-cyclic"", ""legendre"": 1, ""p"": 83}]",CLOSED_EXACT_CYCLIC_PRESENTATION
83,149,5,41,"[{""canonical_t"": 2, ""e"": 1, ""kind"": ""odd-cyclic"", ""legendre"": -1, ""p"": 83}]",CLOSED_EXACT_CYCLIC_PRESENTATION
83,151,1,41,"[{""canonical_t"": 1, ""e"": 1, ""kind"": ""odd-cyclic"", ""legendre"": 1, ""p"": 83}]",CLOSED_EXACT_CYCLIC_PRESENTATION
83,153,1,41,"[{""canonical_t"": 1, ""e"": 1, ""kind"": ""odd-cyclic"", ""legendre"": 1, ""p"": 83}]",CLOSED_EXACT_CYCLIC_PRESENTATION
83,155,5,41,"[{""canonical_t"": 2, ""e"": 1, ""kind"": ""odd-cyclic"", ""legendre"": -1, ""p"": 83}]",CLOSED_EXACT_CYCLIC_PRESENTATION
83,157,5,41,"[{""canonical_t"": 2, ""e"": 1, ""kind"": ""odd-cyclic"", ""legendre"": -1, ""p"": 83}]",CLOSED_EXACT_CYCLIC_PRESENTATION
83,159,5,41,"[{""canonical_t"": 2, ""e"": 1, ""kind"": ""odd-cyclic"", ""legendre"": -1, ""p"": 83}]",CLOSED_EXACT_CYCLIC_PRESENTATION
83,161,1,41,"[{""canonical_t"": 1, ""e"": 1, ""kind"": ""odd-cyclic"", ""legendre"": 1, ""p"": 83}]",CLOSED_EXACT_CYCLIC_PRESENTATION
83,163,5,41,"[{""canonical_t"": 2, ""e"": 1, ""kind"": ""odd-cyclic"", ""legendre"": -1, ""p"": 83}]",CLOSED_EXACT_CYCLIC_PRESENTATION
83,165,5,41,"[{""canonical_t"": 2, ""e"": 1, ""kind"": ""odd-cyclic"", ""legendre"": -1, ""p"": 83}]",CLOSED_EXACT_CYCLIC_PRESENTATION
84,1,1,3,"[{""brown_mod8"": 1, ""canonical_t"": 1, ""e"": 2, ""kind"": ""2-cyclic-odd"", ""p"": 2}, {""canonical_t"": 1, ""e"": 1, ""kind"": ""odd-cyclic"", ""legendre"": 1, ""p"": 3}, {""canonical_t"": 1, ""e"": 1, ""kind"": ""odd-cyclic"", ""legendre"": 1, ""p"": 7}]",CLOSED_EXACT_CYCLIC_PRESENTATION
84,5,5,3,"[{""brown_mod8"": 5, ""canonical_t"": 5, ""e"": 2, ""kind"": ""2-cyclic-odd"", ""p"": 2}, {""canonical_t"": 2, ""e"": 1, ""kind"": ""odd-cyclic"", ""legendre"": -1, ""p"": 3}, {""canonical_t"": 3, ""e"": 1, ""kind"": ""odd-cyclic"", ""legendre"": -1, ""p"": 7}]",CLOSED_EXACT_CYCLIC_PRESENTATION
84,11,11,3,"[{""brown_mod8"": 3, ""canonical_t"": 3, ""e"": 2, ""kind"": ""2-cyclic-odd"", ""p"": 2}, {""canonical_t"": 2, ""e"": 1, ""kind"": ""odd-cyclic"", ""legendre"": -1, ""p"": 3}, {""canonical_t"": 1, ""e"": 1, ""kind"": ""odd-cyclic"", ""legendre"": 1, ""p"": 7}]",CLOSED_EXACT_CYCLIC_PRESENTATION
84,13,13,3,"[{""brown_mod8"": 5, ""canonical_t"": 5, ""e"": 2, ""kind"": ""2-cyclic-odd"", ""p"": 2}, {""canonical_t"": 1, ""e"": 1, ""kind"": ""odd-cyclic"", ""legendre"": 1, ""p"": 3}, {""canonical_t"": 3, ""e"": 1, ""kind"": ""odd-cyclic"", ""legendre"": -1, ""p"": 7}]",CLOSED_EXACT_CYCLIC_PRESENTATION
84,17,17,3,"[{""brown_mod8"": 1, ""canonical_t"": 1, ""e"": 2, ""kind"": ""2-cyclic-odd"", ""p"": 2}, {""canonical_t"": 2, ""e"": 1, ""kind"": ""odd-cyclic"", ""legendre"": -1, ""p"": 3}, {""canonical_t"": 3, ""e"": 1, ""kind"": ""odd-cyclic"", ""legendre"": -1, ""p"": 7}]",CLOSED_EXACT_CYCLIC_PRESENTATION
84,19,19,3,"[{""brown_mod8"": 3, ""canonical_t"": 3, ""e"": 2, ""kind"": ""2-cyclic-odd"", ""p"": 2}, {""canonical_t"": 1, ""e"": 1, ""kind"": ""odd-cyclic"", ""legendre"": 1, ""p"": 3}, {""canonical_t"": 3, ""e"": 1, ""kind"": ""odd-cyclic"", ""legendre"": -1, ""p"": 7}]",CLOSED_EXACT_CYCLIC_PRESENTATION
84,23,23,3,"[{""brown_mod8"": 7, ""canonical_t"": 7, ""e"": 2, ""kind"": ""2-cyclic-odd"", ""p"": 2}, {""canonical_t"": 2, ""e"": 1, ""kind"": ""odd-cyclic"", ""legendre"": -1, ""p"": 3}, {""canonical_t"": 1, ""e"": 1, ""kind"": ""odd-cyclic"", ""legendre"": 1, ""p"": 7}]",CLOSED_EXACT_CYCLIC_PRESENTATION
84,25,1,3,"[{""brown_mod8"": 1, ""canonical_t"": 1, ""e"": 2, ""kind"": ""2-cyclic-odd"", ""p"": 2}, {""canonical_t"": 1, ""e"": 1, ""kind"": ""odd-cyclic"", ""legendre"": 1, ""p"": 3}, {""canonical_t"": 1, ""e"": 1, ""kind"": ""odd-cyclic"", ""legendre"": 1, ""p"": 7}]",CLOSED_EXACT_CYCLIC_PRESENTATION
84,29,29,3,"[{""brown_mod8"": 5, ""canonical_t"": 5, ""e"": 2, ""kind"": ""2-cyclic-odd"", ""p"": 2}, {""canonical_t"": 2, ""e"": 1, ""kind"": ""odd-cyclic"", ""legendre"": -1, ""p"": 3}, {""canonical_t"": 1, ""e"": 1, ""kind"": ""odd-cyclic"", ""legendre"": 1, ""p"": 7}]",CLOSED_EXACT_CYCLIC_PRESENTATION
84,31,31,3,"[{""brown_mod8"": 7, ""canonical_t"": 7, ""e"": 2, ""kind"": ""2-cyclic-odd"", ""p"": 2}, {""canonical_t"": 1, ""e"": 1, ""kind"": ""odd-cyclic"", ""legendre"": 1, ""p"": 3}, {""canonical_t"": 3, ""e"": 1, ""kind"": ""odd-cyclic"", ""legendre"": -1, ""p"": 7}]",CLOSED_EXACT_CYCLIC_PRESENTATION
84,37,37,3,"[{""brown_mod8"": 5, ""canonical_t"": 5, ""e"": 2, ""kind"": ""2-cyclic-odd"", ""p"": 2}, {""canonical_t"": 1, ""e"": 1, ""kind"": ""odd-cyclic"", ""legendre"": 1, ""p"": 3}, {""canonical_t"": 1, ""e"": 1, ""kind"": ""odd-cyclic"", ""legendre"": 1, ""p"": 7}]",CLOSED_EXACT_CYCLIC_PRESENTATION
84,41,17,3,"[{""brown_mod8"": 1, ""canonical_t"": 1, ""e"": 2, ""kind"": ""2-cyclic-odd"", ""p"": 2}, {""canonical_t"": 2, ""e"": 1, ""kind"": ""odd-cyclic"", ""legendre"": -1, ""p"": 3}, {""canonical_t"": 3, ""e"": 1, ""kind"": ""odd-cyclic"", ""legendre"": -1, ""p"": 7}]",CLOSED_EXACT_CYCLIC_PRESENTATION
84,43,43,3,"[{""brown_mod8"": 3, ""canonical_t"": 3, ""e"": 2, ""kind"": ""2-cyclic-odd"", ""p"": 2}, {""canonical_t"": 1, ""e"": 1, ""kind"": ""odd-cyclic"", ""legendre"": 1, ""p"": 3}, {""canonical_t"": 1, ""e"": 1, ""kind"": ""odd-cyclic"", ""legendre"": 1, ""p"": 7}]",CLOSED_EXACT_CYCLIC_PRESENTATION
84,47,47,3,"[{""brown_mod8"": 7, ""canonical_t"": 7, ""e"": 2, ""kind"": ""2-cyclic-odd"", ""p"": 2}, {""canonical_t"": 2, ""e"": 1, ""kind"": ""odd-cyclic"", ""legendre"": -1, ""p"": 3}, {""canonical_t"": 3, ""e"": 1, ""kind"": ""odd-cyclic"", ""legendre"": -1, ""p"": 7}]",CLOSED_EXACT_CYCLIC_PRESENTATION
84,53,29,3,"[{""brown_mod8"": 5, ""canonical_t"": 5, ""e"": 2, ""kind"": ""2-cyclic-odd"", ""p"": 2}, {""canonical_t"": 2, ""e"": 1, ""kind"": ""odd-cyclic"", ""legendre"": -1, ""p"": 3}, {""canonical_t"": 1, ""e"": 1, ""kind"": ""odd-cyclic"", ""legendre"": 1, ""p"": 7}]",CLOSED_EXACT_CYCLIC_PRESENTATION
84,55,31,3,"[{""brown_mod8"": 7, ""canonical_t"": 7, ""e"": 2, ""kind"": ""2-cyclic-odd"", ""p"": 2}, {""canonical_t"": 1, ""e"": 1, ""kind"": ""odd-cyclic"", ""legendre"": 1, ""p"": 3}, {""canonical_t"": 3, ""e"": 1, ""kind"": ""odd-cyclic"", ""legendre"": -1, ""p"": 7}]",CLOSED_EXACT_CYCLIC_PRESENTATION
84,59,59,3,"[{""brown_mod8"": 3, ""canonical_t"": 3, ""e"": 2, ""kind"": ""2-cyclic-odd"", ""p"": 2}, {""canonical_t"": 2, ""e"": 1, ""kind"": ""odd-cyclic"", ""legendre"": -1, ""p"": 3}, {""canonical_t"": 3, ""e"": 1, ""kind"": ""odd-cyclic"", ""legendre"": -1, ""p"": 7}]",CLOSED_EXACT_CYCLIC_PRESENTATION
84,61,13,3,"[{""brown_mod8"": 5, ""canonical_t"": 5, ""e"": 2, ""kind"": ""2-cyclic-odd"", ""p"": 2}, {""canonical_t"": 1, ""e"": 1, ""kind"": ""odd-cyclic"", ""legendre"": 1, ""p"": 3}, {""canonical_t"": 3, ""e"": 1, ""kind"": ""odd-cyclic"", ""legendre"": -1, ""p"": 7}]",CLOSED_EXACT_CYCLIC_PRESENTATION
84,65,65,3,"[{""brown_mod8"": 1, ""canonical_t"": 1, ""e"": 2, ""kind"": ""2-cyclic-odd"", ""p"": 2}, {""canonical_t"": 2, ""e"": 1, ""kind"": ""odd-cyclic"", ""legendre"": -1, ""p"": 3}, {""canonical_t"": 1, ""e"": 1, ""kind"": ""odd-cyclic"", ""legendre"": 1, ""p"": 7}]",CLOSED_EXACT_CYCLIC_PRESENTATION
84,67,43,3,"[{""brown_mod8"": 3, ""canonical_t"": 3, ""e"": 2, ""kind"": ""2-cyclic-odd"", ""p"": 2}, {""canonical_t"": 1, ""e"": 1, ""kind"": ""odd-cyclic"", ""legendre"": 1, ""p"": 3}, {""canonical_t"": 1, ""e"": 1, ""kind"": ""odd-cyclic"", ""legendre"": 1, ""p"": 7}]",CLOSED_EXACT_CYCLIC_PRESENTATION
84,71,23,3,"[{""brown_mod8"": 7, ""canonical_t"": 7, ""e"": 2, ""kind"": ""2-cyclic-odd"", ""p"": 2}, {""canonical_t"": 2, ""e"": 1, ""kind"": ""odd-cyclic"", ""legendre"": -1, ""p"": 3}, {""canonical_t"": 1, ""e"": 1, ""kind"": ""odd-cyclic"", ""legendre"": 1, ""p"": 7}]",CLOSED_EXACT_CYCLIC_PRESENTATION
84,73,73,3,"[{""brown_mod8"": 1, ""canonical_t"": 1, ""e"": 2, ""kind"": ""2-cyclic-odd"", ""p"": 2}, {""canonical_t"": 1, ""e"": 1, ""kind"": ""odd-cyclic"", ""legendre"": 1, ""p"": 3}, {""canonical_t"": 3, ""e"": 1, ""kind"": ""odd-cyclic"", ""legendre"": -1, ""p"": 7}]",CLOSED_EXACT_CYCLIC_PRESENTATION
84,79,79,3,"[{""brown_mod8"": 7, ""canonical_t"": 7, ""e"": 2, ""kind"": ""2-cyclic-odd"", ""p"": 2}, {""canonical_t"": 1, ""e"": 1, ""kind"": ""odd-cyclic"", ""legendre"": 1, ""p"": 3}, {""canonical_t"": 1, ""e"": 1, ""kind"": ""odd-cyclic"", ""legendre"": 1, ""p"": 7}]",CLOSED_EXACT_CYCLIC_PRESENTATION
84,83,59,3,"[{""brown_mod8"": 3, ""canonical_t"": 3, ""e"": 2, ""kind"": ""2-cyclic-odd"", ""p"": 2}, {""canonical_t"": 2, ""e"": 1, ""kind"": ""odd-cyclic"", ""legendre"": -1, ""p"": 3}, {""canonical_t"": 3, ""e"": 1, ""kind"": ""odd-cyclic"", ""legendre"": -1, ""p"": 7}]",CLOSED_EXACT_CYCLIC_PRESENTATION
84,85,37,3,"[{""brown_mod8"": 5, ""canonical_t"": 5, ""e"": 2, ""kind"": ""2-cyclic-odd"", ""p"": 2}, {""canonical_t"": 1, ""e"": 1, ""kind"": ""odd-cyclic"", ""legendre"": 1, ""p"": 3}, {""canonical_t"": 1, ""e"": 1, ""kind"": ""odd-cyclic"", ""legendre"": 1, ""p"": 7}]",CLOSED_EXACT_CYCLIC_PRESENTATION
84,89,17,3,"[{""brown_mod8"": 1, ""canonical_t"": 1, ""e"": 2, ""kind"": ""2-cyclic-odd"", ""p"": 2}, {""canonical_t"": 2, ""e"": 1, ""kind"": ""odd-cyclic"", ""legendre"": -1, ""p"": 3}, {""canonical_t"": 3, ""e"": 1, ""kind"": ""odd-cyclic"", ""legendre"": -1, ""p"": 7}]",CLOSED_EXACT_CYCLIC_PRESENTATION
84,95,23,3,"[{""brown_mod8"": 7, ""canonical_t"": 7, ""e"": 2, ""kind"": ""2-cyclic-odd"", ""p"": 2}, {""canonical_t"": 2, ""e"": 1, ""kind"": ""odd-cyclic"", ""legendre"": -1, ""p"": 3}, {""canonical_t"": 1, ""e"": 1, ""kind"": ""odd-cyclic"", ""legendre"": 1, ""p"": 7}]",CLOSED_EXACT_CYCLIC_PRESENTATION
84,97,73,3,"[{""brown_mod8"": 1, ""canonical_t"": 1, ""e"": 2, ""kind"": ""2-cyclic-odd"", ""p"": 2}, {""canonical_t"": 1, ""e"": 1, ""kind"": ""odd-cyclic"", ""legendre"": 1, ""p"": 3}, {""canonical_t"": 3, ""e"": 1, ""kind"": ""odd-cyclic"", ""legendre"": -1, ""p"": 7}]",CLOSED_EXACT_CYCLIC_PRESENTATION
84,101,5,3,"[{""brown_mod8"": 5, ""canonical_t"": 5, ""e"": 2, ""kind"": ""2-cyclic-odd"", ""p"": 2}, {""canonical_t"": 2, ""e"": 1, ""kind"": ""odd-cyclic"", ""legendre"": -1, ""p"": 3}, {""canonical_t"": 3, ""e"": 1, ""kind"": ""odd-cyclic"", ""legendre"": -1, ""p"": 7}]",CLOSED_EXACT_CYCLIC_PRESENTATION
84,103,31,3,"[{""brown_mod8"": 7, ""canonical_t"": 7, ""e"": 2, ""kind"": ""2-cyclic-odd"", ""p"": 2}, {""canonical_t"": 1, ""e"": 1, ""kind"": ""odd-cyclic"", ""legendre"": 1, ""p"": 3}, {""canonical_t"": 3, ""e"": 1, ""kind"": ""odd-cyclic"", ""legendre"": -1, ""p"": 7}]",CLOSED_EXACT_CYCLIC_PRESENTATION
84,107,11,3,"[{""brown_mod8"": 3, ""canonical_t"": 3, ""e"": 2, ""kind"": ""2-cyclic-odd"", ""p"": 2}, {""canonical_t"": 2, ""e"": 1, ""kind"": ""odd-cyclic"", ""legendre"": -1, ""p"": 3}, {""canonical_t"": 1, ""e"": 1, ""kind"": ""odd-cyclic"", ""legendre"": 1, ""p"": 7}]",CLOSED_EXACT_CYCLIC_PRESENTATION
84,109,37,3,"[{""brown_mod8"": 5, ""canonical_t"": 5, ""e"": 2, ""kind"": ""2-cyclic-odd"", ""p"": 2}, {""canonical_t"": 1, ""e"": 1, ""kind"": ""odd-cyclic"", ""legendre"": 1, ""p"": 3}, {""canonical_t"": 1, ""e"": 1, ""kind"": ""odd-cyclic"", ""legendre"": 1, ""p"": 7}]",CLOSED_EXACT_CYCLIC_PRESENTATION
84,113,65,3,"[{""brown_mod8"": 1, ""canonical_t"": 1, ""e"": 2, ""kind"": ""2-cyclic-odd"", ""p"": 2}, {""canonical_t"": 2, ""e"": 1, ""kind"": ""odd-cyclic"", ""legendre"": -1, ""p"": 3}, {""canonical_t"": 1, ""e"": 1, ""kind"": ""odd-cyclic"", ""legendre"": 1, ""p"": 7}]",CLOSED_EXACT_CYCLIC_PRESENTATION
84,115,19,3,"[{""brown_mod8"": 3, ""canonical_t"": 3, ""e"": 2, ""kind"": ""2-cyclic-odd"", ""p"": 2}, {""canonical_t"": 1, ""e"": 1, ""kind"": ""odd-cyclic"", ""legendre"": 1, ""p"": 3}, {""canonical_t"": 3, ""e"": 1, ""kind"": ""odd-cyclic"", ""legendre"": -1, ""p"": 7}]",CLOSED_EXACT_CYCLIC_PRESENTATION
84,121,1,3,"[{""brown_mod8"": 1, ""canonical_t"": 1, ""e"": 2, ""kind"": ""2-cyclic-odd"", ""p"": 2}, {""canonical_t"": 1, ""e"": 1, ""kind"": ""odd-cyclic"", ""legendre"": 1, ""p"": 3}, {""canonical_t"": 1, ""e"": 1, ""kind"": ""odd-cyclic"", ""legendre"": 1, ""p"": 7}]",CLOSED_EXACT_CYCLIC_PRESENTATION
84,125,5,3,"[{""brown_mod8"": 5, ""canonical_t"": 5, ""e"": 2, ""kind"": ""2-cyclic-odd"", ""p"": 2}, {""canonical_t"": 2, ""e"": 1, ""kind"": ""odd-cyclic"", ""legendre"": -1, ""p"": 3}, {""canonical_t"": 3, ""e"": 1, ""kind"": ""odd-cyclic"", ""legendre"": -1, ""p"": 7}]",CLOSED_EXACT_CYCLIC_PRESENTATION
84,127,79,3,"[{""brown_mod8"": 7, ""canonical_t"": 7, ""e"": 2, ""kind"": ""2-cyclic-odd"", ""p"": 2}, {""canonical_t"": 1, ""e"": 1, ""kind"": ""odd-cyclic"", ""legendre"": 1, ""p"": 3}, {""canonical_t"": 1, ""e"": 1, ""kind"": ""odd-cyclic"", ""legendre"": 1, ""p"": 7}]",CLOSED_EXACT_CYCLIC_PRESENTATION
84,131,59,3,"[{""brown_mod8"": 3, ""canonical_t"": 3, ""e"": 2, ""kind"": ""2-cyclic-odd"", ""p"": 2}, {""canonical_t"": 2, ""e"": 1, ""kind"": ""odd-cyclic"", ""legendre"": -1, ""p"": 3}, {""canonical_t"": 3, ""e"": 1, ""kind"": ""odd-cyclic"", ""legendre"": -1, ""p"": 7}]",CLOSED_EXACT_CYCLIC_PRESENTATION
84,137,65,3,"[{""brown_mod8"": 1, ""canonical_t"": 1, ""e"": 2, ""kind"": ""2-cyclic-odd"", ""p"": 2}, {""canonical_t"": 2, ""e"": 1, ""kind"": ""odd-cyclic"", ""legendre"": -1, ""p"": 3}, {""canonical_t"": 1, ""e"": 1, ""kind"": ""odd-cyclic"", ""legendre"": 1, ""p"": 7}]",CLOSED_EXACT_CYCLIC_PRESENTATION
84,139,19,3,"[{""brown_mod8"": 3, ""canonical_t"": 3, ""e"": 2, ""kind"": ""2-cyclic-odd"", ""p"": 2}, {""canonical_t"": 1, ""e"": 1, ""kind"": ""odd-cyclic"", ""legendre"": 1, ""p"": 3}, {""canonical_t"": 3, ""e"": 1, ""kind"": ""odd-cyclic"", ""legendre"": -1, ""p"": 7}]",CLOSED_EXACT_CYCLIC_PRESENTATION
84,143,47,3,"[{""brown_mod8"": 7, ""canonical_t"": 7, ""e"": 2, ""kind"": ""2-cyclic-odd"", ""p"": 2}, {""canonical_t"": 2, ""e"": 1, ""kind"": ""odd-cyclic"", ""legendre"": -1, ""p"": 3}, {""canonical_t"": 3, ""e"": 1, ""kind"": ""odd-cyclic"", ""legendre"": -1, ""p"": 7}]",CLOSED_EXACT_CYCLIC_PRESENTATION
84,145,73,3,"[{""brown_mod8"": 1, ""canonical_t"": 1, ""e"": 2, ""kind"": ""2-cyclic-odd"", ""p"": 2}, {""canonical_t"": 1, ""e"": 1, ""kind"": ""odd-cyclic"", ""legendre"": 1, ""p"": 3}, {""canonical_t"": 3, ""e"": 1, ""kind"": ""odd-cyclic"", ""legendre"": -1, ""p"": 7}]",CLOSED_EXACT_CYCLIC_PRESENTATION
84,149,29,3,"[{""brown_mod8"": 5, ""canonical_t"": 5, ""e"": 2, ""kind"": ""2-cyclic-odd"", ""p"": 2}, {""canonical_t"": 2, ""e"": 1, ""kind"": ""odd-cyclic"", ""legendre"": -1, ""p"": 3}, {""canonical_t"": 1, ""e"": 1, ""kind"": ""odd-cyclic"", ""legendre"": 1, ""p"": 7}]",CLOSED_EXACT_CYCLIC_PRESENTATION
84,151,79,3,"[{""brown_mod8"": 7, ""canonical_t"": 7, ""e"": 2, ""kind"": ""2-cyclic-odd"", ""p"": 2}, {""canonical_t"": 1, ""e"": 1, ""kind"": ""odd-cyclic"", ""legendre"": 1, ""p"": 3}, {""canonical_t"": 1, ""e"": 1, ""kind"": ""odd-cyclic"", ""legendre"": 1, ""p"": 7}]",CLOSED_EXACT_CYCLIC_PRESENTATION
84,155,11,3,"[{""brown_mod8"": 3, ""canonical_t"": 3, ""e"": 2, ""kind"": ""2-cyclic-odd"", ""p"": 2}, {""canonical_t"": 2, ""e"": 1, ""kind"": ""odd-cyclic"", ""legendre"": -1, ""p"": 3}, {""canonical_t"": 1, ""e"": 1, ""kind"": ""odd-cyclic"", ""legendre"": 1, ""p"": 7}]",CLOSED_EXACT_CYCLIC_PRESENTATION
84,157,13,3,"[{""brown_mod8"": 5, ""canonical_t"": 5, ""e"": 2, ""kind"": ""2-cyclic-odd"", ""p"": 2}, {""canonical_t"": 1, ""e"": 1, ""kind"": ""odd-cyclic"", ""legendre"": 1, ""p"": 3}, {""canonical_t"": 3, ""e"": 1, ""kind"": ""odd-cyclic"", ""legendre"": -1, ""p"": 7}]",CLOSED_EXACT_CYCLIC_PRESENTATION
84,163,43,3,"[{""brown_mod8"": 3, ""canonical_t"": 3, ""e"": 2, ""kind"": ""2-cyclic-odd"", ""p"": 2}, {""canonical_t"": 1, ""e"": 1, ""kind"": ""odd-cyclic"", ""legendre"": 1, ""p"": 3}, {""canonical_t"": 1, ""e"": 1, ""kind"": ""odd-cyclic"", ""legendre"": 1, ""p"": 7}]",CLOSED_EXACT_CYCLIC_PRESENTATION
84,167,47,3,"[{""brown_mod8"": 7, ""canonical_t"": 7, ""e"": 2, ""kind"": ""2-cyclic-odd"", ""p"": 2}, {""canonical_t"": 2, ""e"": 1, ""kind"": ""odd-cyclic"", ""legendre"": -1, ""p"": 3}, {""canonical_t"": 3, ""e"": 1, ""kind"": ""odd-cyclic"", ""legendre"": -1, ""p"": 7}]",CLOSED_EXACT_CYCLIC_PRESENTATION
85,1,1,16,"[{""canonical_t"": 1, ""e"": 1, ""kind"": ""odd-cyclic"", ""legendre"": 1, ""p"": 5}, {""canonical_t"": 1, ""e"": 1, ""kind"": ""odd-cyclic"", ""legendre"": 1, ""p"": 17}]",CLOSED_EXACT_CYCLIC_PRESENTATION
85,3,3,16,"[{""canonical_t"": 2, ""e"": 1, ""kind"": ""odd-cyclic"", ""legendre"": -1, ""p"": 5}, {""canonical_t"": 3, ""e"": 1, ""kind"": ""odd-cyclic"", ""legendre"": -1, ""p"": 17}]",CLOSED_EXACT_CYCLIC_PRESENTATION
85,7,3,16,"[{""canonical_t"": 2, ""e"": 1, ""kind"": ""odd-cyclic"", ""legendre"": -1, ""p"": 5}, {""canonical_t"": 3, ""e"": 1, ""kind"": ""odd-cyclic"", ""legendre"": -1, ""p"": 17}]",CLOSED_EXACT_CYCLIC_PRESENTATION
85,9,1,16,"[{""canonical_t"": 1, ""e"": 1, ""kind"": ""odd-cyclic"", ""legendre"": 1, ""p"": 5}, {""canonical_t"": 1, ""e"": 1, ""kind"": ""odd-cyclic"", ""legendre"": 1, ""p"": 17}]",CLOSED_EXACT_CYCLIC_PRESENTATION
85,11,11,16,"[{""canonical_t"": 1, ""e"": 1, ""kind"": ""odd-cyclic"", ""legendre"": 1, ""p"": 5}, {""canonical_t"": 3, ""e"": 1, ""kind"": ""odd-cyclic"", ""legendre"": -1, ""p"": 17}]",CLOSED_EXACT_CYCLIC_PRESENTATION
85,13,13,16,"[{""canonical_t"": 2, ""e"": 1, ""kind"": ""odd-cyclic"", ""legendre"": -1, ""p"": 5}, {""canonical_t"": 1, ""e"": 1, ""kind"": ""odd-cyclic"", ""legendre"": 1, ""p"": 17}]",CLOSED_EXACT_CYCLIC_PRESENTATION
85,19,1,16,"[{""canonical_t"": 1, ""e"": 1, ""kind"": ""odd-cyclic"", ""legendre"": 1, ""p"": 5}, {""canonical_t"": 1, ""e"": 1, ""kind"": ""odd-cyclic"", ""legendre"": 1, ""p"": 17}]",CLOSED_EXACT_CYCLIC_PRESENTATION
85,21,1,16,"[{""canonical_t"": 1, ""e"": 1, ""kind"": ""odd-cyclic"", ""legendre"": 1, ""p"": 5}, {""canonical_t"": 1, ""e"": 1, ""kind"": ""odd-cyclic"", ""legendre"": 1, ""p"": 17}]",CLOSED_EXACT_CYCLIC_PRESENTATION
85,23,3,16,"[{""canonical_t"": 2, ""e"": 1, ""kind"": ""odd-cyclic"", ""legendre"": -1, ""p"": 5}, {""canonical_t"": 3, ""e"": 1, ""kind"": ""odd-cyclic"", ""legendre"": -1, ""p"": 17}]",CLOSED_EXACT_CYCLIC_PRESENTATION
85,27,3,16,"[{""canonical_t"": 2, ""e"": 1, ""kind"": ""odd-cyclic"", ""legendre"": -1, ""p"": 5}, {""canonical_t"": 3, ""e"": 1, ""kind"": ""odd-cyclic"", ""legendre"": -1, ""p"": 17}]",CLOSED_EXACT_CYCLIC_PRESENTATION
85,29,11,16,"[{""canonical_t"": 1, ""e"": 1, ""kind"": ""odd-cyclic"", ""legendre"": 1, ""p"": 5}, {""canonical_t"": 3, ""e"": 1, ""kind"": ""odd-cyclic"", ""legendre"": -1, ""p"": 17}]",CLOSED_EXACT_CYCLIC_PRESENTATION
85,31,11,16,"[{""canonical_t"": 1, ""e"": 1, ""kind"": ""odd-cyclic"", ""legendre"": 1, ""p"": 5}, {""canonical_t"": 3, ""e"": 1, ""kind"": ""odd-cyclic"", ""legendre"": -1, ""p"": 17}]",CLOSED_EXACT_CYCLIC_PRESENTATION
85,33,13,16,"[{""canonical_t"": 2, ""e"": 1, ""kind"": ""odd-cyclic"", ""legendre"": -1, ""p"": 5}, {""canonical_t"": 1, ""e"": 1, ""kind"": ""odd-cyclic"", ""legendre"": 1, ""p"": 17}]",CLOSED_EXACT_CYCLIC_PRESENTATION
85,37,3,16,"[{""canonical_t"": 2, ""e"": 1, ""kind"": ""odd-cyclic"", ""legendre"": -1, ""p"": 5}, {""canonical_t"": 3, ""e"": 1, ""kind"": ""odd-cyclic"", ""legendre"": -1, ""p"": 17}]",CLOSED_EXACT_CYCLIC_PRESENTATION
85,39,11,16,"[{""canonical_t"": 1, ""e"": 1, ""kind"": ""odd-cyclic"", ""legendre"": 1, ""p"": 5}, {""canonical_t"": 3, ""e"": 1, ""kind"": ""odd-cyclic"", ""legendre"": -1, ""p"": 17}]",CLOSED_EXACT_CYCLIC_PRESENTATION
85,41,11,16,"[{""canonical_t"": 1, ""e"": 1, ""kind"": ""odd-cyclic"", ""legendre"": 1, ""p"": 5}, {""canonical_t"": 3, ""e"": 1, ""kind"": ""odd-cyclic"", ""legendre"": -1, ""p"": 17}]",CLOSED_EXACT_CYCLIC_PRESENTATION
85,43,13,16,"[{""canonical_t"": 2, ""e"": 1, ""kind"": ""odd-cyclic"", ""legendre"": -1, ""p"": 5}, {""canonical_t"": 1, ""e"": 1, ""kind"": ""odd-cyclic"", ""legendre"": 1, ""p"": 17}]",CLOSED_EXACT_CYCLIC_PRESENTATION
85,47,13,16,"[{""canonical_t"": 2, ""e"": 1, ""kind"": ""odd-cyclic"", ""legendre"": -1, ""p"": 5}, {""canonical_t"": 1, ""e"": 1, ""kind"": ""odd-cyclic"", ""legendre"": 1, ""p"": 17}]",CLOSED_EXACT_CYCLIC_PRESENTATION
85,49,1,16,"[{""canonical_t"": 1, ""e"": 1, ""kind"": ""odd-cyclic"", ""legendre"": 1, ""p"": 5}, {""canonical_t"": 1, ""e"": 1, ""kind"": ""odd-cyclic"", ""legendre"": 1, ""p"": 17}]",CLOSED_EXACT_CYCLIC_PRESENTATION
85,53,13,16,"[{""canonical_t"": 2, ""e"": 1, ""kind"": ""odd-cyclic"", ""legendre"": -1, ""p"": 5}, {""canonical_t"": 1, ""e"": 1, ""kind"": ""odd-cyclic"", ""legendre"": 1, ""p"": 17}]",CLOSED_EXACT_CYCLIC_PRESENTATION
85,57,3,16,"[{""canonical_t"": 2, ""e"": 1, ""kind"": ""odd-cyclic"", ""legendre"": -1, ""p"": 5}, {""canonical_t"": 3, ""e"": 1, ""kind"": ""odd-cyclic"", ""legendre"": -1, ""p"": 17}]",CLOSED_EXACT_CYCLIC_PRESENTATION
85,59,1,16,"[{""canonical_t"": 1, ""e"": 1, ""kind"": ""odd-cyclic"", ""legendre"": 1, ""p"": 5}, {""canonical_t"": 1, ""e"": 1, ""kind"": ""odd-cyclic"", ""legendre"": 1, ""p"": 17}]",CLOSED_EXACT_CYCLIC_PRESENTATION
85,61,11,16,"[{""canonical_t"": 1, ""e"": 1, ""kind"": ""odd-cyclic"", ""legendre"": 1, ""p"": 5}, {""canonical_t"": 3, ""e"": 1, ""kind"": ""odd-cyclic"", ""legendre"": -1, ""p"": 17}]",CLOSED_EXACT_CYCLIC_PRESENTATION
85,63,3,16,"[{""canonical_t"": 2, ""e"": 1, ""kind"": ""odd-cyclic"", ""legendre"": -1, ""p"": 5}, {""canonical_t"": 3, ""e"": 1, ""kind"": ""odd-cyclic"", ""legendre"": -1, ""p"": 17}]",CLOSED_EXACT_CYCLIC_PRESENTATION
85,67,13,16,"[{""canonical_t"": 2, ""e"": 1, ""kind"": ""odd-cyclic"", ""legendre"": -1, ""p"": 5}, {""canonical_t"": 1, ""e"": 1, ""kind"": ""odd-cyclic"", ""legendre"": 1, ""p"": 17}]",CLOSED_EXACT_CYCLIC_PRESENTATION
85,69,1,16,"[{""canonical_t"": 1, ""e"": 1, ""kind"": ""odd-cyclic"", ""legendre"": 1, ""p"": 5}, {""canonical_t"": 1, ""e"": 1, ""kind"": ""odd-cyclic"", ""legendre"": 1, ""p"": 17}]",CLOSED_EXACT_CYCLIC_PRESENTATION
85,71,11,16,"[{""canonical_t"": 1, ""e"": 1, ""kind"": ""odd-cyclic"", ""legendre"": 1, ""p"": 5}, {""canonical_t"": 3, ""e"": 1, ""kind"": ""odd-cyclic"", ""legendre"": -1, ""p"": 17}]",CLOSED_EXACT_CYCLIC_PRESENTATION
85,73,3,16,"[{""canonical_t"": 2, ""e"": 1, ""kind"": ""odd-cyclic"", ""legendre"": -1, ""p"": 5}, {""canonical_t"": 3, ""e"": 1, ""kind"": ""odd-cyclic"", ""legendre"": -1, ""p"": 17}]",CLOSED_EXACT_CYCLIC_PRESENTATION
85,77,13,16,"[{""canonical_t"": 2, ""e"": 1, ""kind"": ""odd-cyclic"", ""legendre"": -1, ""p"": 5}, {""canonical_t"": 1, ""e"": 1, ""kind"": ""odd-cyclic"", ""legendre"": 1, ""p"": 17}]",CLOSED_EXACT_CYCLIC_PRESENTATION
85,79,11,16,"[{""canonical_t"": 1, ""e"": 1, ""kind"": ""odd-cyclic"", ""legendre"": 1, ""p"": 5}, {""canonical_t"": 3, ""e"": 1, ""kind"": ""odd-cyclic"", ""legendre"": -1, ""p"": 17}]",CLOSED_EXACT_CYCLIC_PRESENTATION
85,81,1,16,"[{""canonical_t"": 1, ""e"": 1, ""kind"": ""odd-cyclic"", ""legendre"": 1, ""p"": 5}, {""canonical_t"": 1, ""e"": 1, ""kind"": ""odd-cyclic"", ""legendre"": 1, ""p"": 17}]",CLOSED_EXACT_CYCLIC_PRESENTATION
85,83,13,16,"[{""canonical_t"": 2, ""e"": 1, ""kind"": ""odd-cyclic"", ""legendre"": -1, ""p"": 5}, {""canonical_t"": 1, ""e"": 1, ""kind"": ""odd-cyclic"", ""legendre"": 1, ""p"": 17}]",CLOSED_EXACT_CYCLIC_PRESENTATION
85,87,13,16,"[{""canonical_t"": 2, ""e"": 1, ""kind"": ""odd-cyclic"", ""legendre"": -1, ""p"": 5}, {""canonical_t"": 1, ""e"": 1, ""kind"": ""odd-cyclic"", ""legendre"": 1, ""p"": 17}]",CLOSED_EXACT_CYCLIC_PRESENTATION
85,89,1,16,"[{""canonical_t"": 1, ""e"": 1, ""kind"": ""odd-cyclic"", ""legendre"": 1, ""p"": 5}, {""canonical_t"": 1, ""e"": 1, ""kind"": ""odd-cyclic"", ""legendre"": 1, ""p"": 17}]",CLOSED_EXACT_CYCLIC_PRESENTATION
85,91,11,16,"[{""canonical_t"": 1, ""e"": 1, ""kind"": ""odd-cyclic"", ""legendre"": 1, ""p"": 5}, {""canonical_t"": 3, ""e"": 1, ""kind"": ""odd-cyclic"", ""legendre"": -1, ""p"": 17}]",CLOSED_EXACT_CYCLIC_PRESENTATION
85,93,13,16,"[{""canonical_t"": 2, ""e"": 1, ""kind"": ""odd-cyclic"", ""legendre"": -1, ""p"": 5}, {""canonical_t"": 1, ""e"": 1, ""kind"": ""odd-cyclic"", ""legendre"": 1, ""p"": 17}]",CLOSED_EXACT_CYCLIC_PRESENTATION
85,97,3,16,"[{""canonical_t"": 2, ""e"": 1, ""kind"": ""odd-cyclic"", ""legendre"": -1, ""p"": 5}, {""canonical_t"": 3, ""e"": 1, ""kind"": ""odd-cyclic"", ""legendre"": -1, ""p"": 17}]",CLOSED_EXACT_CYCLIC_PRESENTATION
85,99,11,16,"[{""canonical_t"": 1, ""e"": 1, ""kind"": ""odd-cyclic"", ""legendre"": 1, ""p"": 5}, {""canonical_t"": 3, ""e"": 1, ""kind"": ""odd-cyclic"", ""legendre"": -1, ""p"": 17}]",CLOSED_EXACT_CYCLIC_PRESENTATION
85,101,1,16,"[{""canonical_t"": 1, ""e"": 1, ""kind"": ""odd-cyclic"", ""legendre"": 1, ""p"": 5}, {""canonical_t"": 1, ""e"": 1, ""kind"": ""odd-cyclic"", ""legendre"": 1, ""p"": 17}]",CLOSED_EXACT_CYCLIC_PRESENTATION
85,103,13,16,"[{""canonical_t"": 2, ""e"": 1, ""kind"": ""odd-cyclic"", ""legendre"": -1, ""p"": 5}, {""canonical_t"": 1, ""e"": 1, ""kind"": ""odd-cyclic"", ""legendre"": 1, ""p"": 17}]",CLOSED_EXACT_CYCLIC_PRESENTATION
85,107,3,16,"[{""canonical_t"": 2, ""e"": 1, ""kind"": ""odd-cyclic"", ""legendre"": -1, ""p"": 5}, {""canonical_t"": 3, ""e"": 1, ""kind"": ""odd-cyclic"", ""legendre"": -1, ""p"": 17}]",CLOSED_EXACT_CYCLIC_PRESENTATION
85,109,11,16,"[{""canonical_t"": 1, ""e"": 1, ""kind"": ""odd-cyclic"", ""legendre"": 1, ""p"": 5}, {""canonical_t"": 3, ""e"": 1, ""kind"": ""odd-cyclic"", ""legendre"": -1, ""p"": 17}]",CLOSED_EXACT_CYCLIC_PRESENTATION
85,111,1,16,"[{""canonical_t"": 1, ""e"": 1, ""kind"": ""odd-cyclic"", ""legendre"": 1, ""p"": 5}, {""canonical_t"": 1, ""e"": 1, ""kind"": ""odd-cyclic"", ""legendre"": 1, ""p"": 17}]",CLOSED_EXACT_CYCLIC_PRESENTATION
85,113,3,16,"[{""canonical_t"": 2, ""e"": 1, ""kind"": ""odd-cyclic"", ""legendre"": -1, ""p"": 5}, {""canonical_t"": 3, ""e"": 1, ""kind"": ""odd-cyclic"", ""legendre"": -1, ""p"": 17}]",CLOSED_EXACT_CYCLIC_PRESENTATION
85,117,13,16,"[{""canonical_t"": 2, ""e"": 1, ""kind"": ""odd-cyclic"", ""legendre"": -1, ""p"": 5}, {""canonical_t"": 1, ""e"": 1, ""kind"": ""odd-cyclic"", ""legendre"": 1, ""p"": 17}]",CLOSED_EXACT_CYCLIC_PRESENTATION
85,121,1,16,"[{""canonical_t"": 1, ""e"": 1, ""kind"": ""odd-cyclic"", ""legendre"": 1, ""p"": 5}, {""canonical_t"": 1, ""e"": 1, ""kind"": ""odd-cyclic"", ""legendre"": 1, ""p"": 17}]",CLOSED_EXACT_CYCLIC_PRESENTATION
85,123,13,16,"[{""canonical_t"": 2, ""e"": 1, ""kind"": ""odd-cyclic"", ""legendre"": -1, ""p"": 5}, {""canonical_t"": 1, ""e"": 1, ""kind"": ""odd-cyclic"", ""legendre"": 1, ""p"": 17}]",CLOSED_EXACT_CYCLIC_PRESENTATION
85,127,13,16,"[{""canonical_t"": 2, ""e"": 1, ""kind"": ""odd-cyclic"", ""legendre"": -1, ""p"": 5}, {""canonical_t"": 1, ""e"": 1, ""kind"": ""odd-cyclic"", ""legendre"": 1, ""p"": 17}]",CLOSED_EXACT_CYCLIC_PRESENTATION
85,129,11,16,"[{""canonical_t"": 1, ""e"": 1, ""kind"": ""odd-cyclic"", ""legendre"": 1, ""p"": 5}, {""canonical_t"": 3, ""e"": 1, ""kind"": ""odd-cyclic"", ""legendre"": -1, ""p"": 17}]",CLOSED_EXACT_CYCLIC_PRESENTATION
85,131,11,16,"[{""canonical_t"": 1, ""e"": 1, ""kind"": ""odd-cyclic"", ""legendre"": 1, ""p"": 5}, {""canonical_t"": 3, ""e"": 1, ""kind"": ""odd-cyclic"", ""legendre"": -1, ""p"": 17}]",CLOSED_EXACT_CYCLIC_PRESENTATION
85,133,3,16,"[{""canonical_t"": 2, ""e"": 1, ""kind"": ""odd-cyclic"", ""legendre"": -1, ""p"": 5}, {""canonical_t"": 3, ""e"": 1, ""kind"": ""odd-cyclic"", ""legendre"": -1, ""p"": 17}]",CLOSED_EXACT_CYCLIC_PRESENTATION
85,137,13,16,"[{""canonical_t"": 2, ""e"": 1, ""kind"": ""odd-cyclic"", ""legendre"": -1, ""p"": 5}, {""canonical_t"": 1, ""e"": 1, ""kind"": ""odd-cyclic"", ""legendre"": 1, ""p"": 17}]",CLOSED_EXACT_CYCLIC_PRESENTATION
85,139,11,16,"[{""canonical_t"": 1, ""e"": 1, ""kind"": ""odd-cyclic"", ""legendre"": 1, ""p"": 5}, {""canonical_t"": 3, ""e"": 1, ""kind"": ""odd-cyclic"", ""legendre"": -1, ""p"": 17}]",CLOSED_EXACT_CYCLIC_PRESENTATION
85,141,11,16,"[{""canonical_t"": 1, ""e"": 1, ""kind"": ""odd-cyclic"", ""legendre"": 1, ""p"": 5}, {""canonical_t"": 3, ""e"": 1, ""kind"": ""odd-cyclic"", ""legendre"": -1, ""p"": 17}]",CLOSED_EXACT_CYCLIC_PRESENTATION
85,143,3,16,"[{""canonical_t"": 2, ""e"": 1, ""kind"": ""odd-cyclic"", ""legendre"": -1, ""p"": 5}, {""canonical_t"": 3, ""e"": 1, ""kind"": ""odd-cyclic"", ""legendre"": -1, ""p"": 17}]",CLOSED_EXACT_CYCLIC_PRESENTATION
85,147,3,16,"[{""canonical_t"": 2, ""e"": 1, ""kind"": ""odd-cyclic"", ""legendre"": -1, ""p"": 5}, {""canonical_t"": 3, ""e"": 1, ""kind"": ""odd-cyclic"", ""legendre"": -1, ""p"": 17}]",CLOSED_EXACT_CYCLIC_PRESENTATION
85,149,1,16,"[{""canonical_t"": 1, ""e"": 1, ""kind"": ""odd-cyclic"", ""legendre"": 1, ""p"": 5}, {""canonical_t"": 1, ""e"": 1, ""kind"": ""odd-cyclic"", ""legendre"": 1, ""p"": 17}]",CLOSED_EXACT_CYCLIC_PRESENTATION
85,151,1,16,"[{""canonical_t"": 1, ""e"": 1, ""kind"": ""odd-cyclic"", ""legendre"": 1, ""p"": 5}, {""canonical_t"": 1, ""e"": 1, ""kind"": ""odd-cyclic"", ""legendre"": 1, ""p"": 17}]",CLOSED_EXACT_CYCLIC_PRESENTATION
85,157,13,16,"[{""canonical_t"": 2, ""e"": 1, ""kind"": ""odd-cyclic"", ""legendre"": -1, ""p"": 5}, {""canonical_t"": 1, ""e"": 1, ""kind"": ""odd-cyclic"", ""legendre"": 1, ""p"": 17}]",CLOSED_EXACT_CYCLIC_PRESENTATION
85,159,11,16,"[{""canonical_t"": 1, ""e"": 1, ""kind"": ""odd-cyclic"", ""legendre"": 1, ""p"": 5}, {""canonical_t"": 3, ""e"": 1, ""kind"": ""odd-cyclic"", ""legendre"": -1, ""p"": 17}]",CLOSED_EXACT_CYCLIC_PRESENTATION
85,161,1,16,"[{""canonical_t"": 1, ""e"": 1, ""kind"": ""odd-cyclic"", ""legendre"": 1, ""p"": 5}, {""canonical_t"": 1, ""e"": 1, ""kind"": ""odd-cyclic"", ""legendre"": 1, ""p"": 17}]",CLOSED_EXACT_CYCLIC_PRESENTATION
85,163,3,16,"[{""canonical_t"": 2, ""e"": 1, ""kind"": ""odd-cyclic"", ""legendre"": -1, ""p"": 5}, {""canonical_t"": 3, ""e"": 1, ""kind"": ""odd-cyclic"", ""legendre"": -1, ""p"": 17}]",CLOSED_EXACT_CYCLIC_PRESENTATION
85,167,3,16,"[{""canonical_t"": 2, ""e"": 1, ""kind"": ""odd-cyclic"", ""legendre"": -1, ""p"": 5}, {""canonical_t"": 3, ""e"": 1, ""kind"": ""odd-cyclic"", ""legendre"": -1, ""p"": 17}]",CLOSED_EXACT_CYCLIC_PRESENTATION
85,169,1,16,"[{""canonical_t"": 1, ""e"": 1, ""kind"": ""odd-cyclic"", ""legendre"": 1, ""p"": 5}, {""canonical_t"": 1, ""e"": 1, ""kind"": ""odd-cyclic"", ""legendre"": 1, ""p"": 17}]",CLOSED_EXACT_CYCLIC_PRESENTATION
86,1,1,21,"[{""brown_mod8"": 1, ""canonical_t"": 1, ""e"": 1, ""kind"": ""2-cyclic-odd"", ""p"": 2}, {""canonical_t"": 1, ""e"": 1, ""kind"": ""odd-cyclic"", ""legendre"": 1, ""p"": 43}]",CLOSED_EXACT_CYCLIC_PRESENTATION
86,3,3,21,"[{""brown_mod8"": 3, ""canonical_t"": 3, ""e"": 1, ""kind"": ""2-cyclic-odd"", ""p"": 2}, {""canonical_t"": 2, ""e"": 1, ""kind"": ""odd-cyclic"", ""legendre"": -1, ""p"": 43}]",CLOSED_EXACT_CYCLIC_PRESENTATION
86,5,5,21,"[{""brown_mod8"": 1, ""canonical_t"": 1, ""e"": 1, ""kind"": ""2-cyclic-odd"", ""p"": 2}, {""canonical_t"": 2, ""e"": 1, ""kind"": ""odd-cyclic"", ""legendre"": -1, ""p"": 43}]",CLOSED_EXACT_CYCLIC_PRESENTATION
86,7,3,21,"[{""brown_mod8"": 3, ""canonical_t"": 3, ""e"": 1, ""kind"": ""2-cyclic-odd"", ""p"": 2}, {""canonical_t"": 2, ""e"": 1, ""kind"": ""odd-cyclic"", ""legendre"": -1, ""p"": 43}]",CLOSED_EXACT_CYCLIC_PRESENTATION
86,9,1,21,"[{""brown_mod8"": 1, ""canonical_t"": 1, ""e"": 1, ""kind"": ""2-cyclic-odd"", ""p"": 2}, {""canonical_t"": 1, ""e"": 1, ""kind"": ""odd-cyclic"", ""legendre"": 1, ""p"": 43}]",CLOSED_EXACT_CYCLIC_PRESENTATION
86,11,11,21,"[{""brown_mod8"": 3, ""canonical_t"": 3, ""e"": 1, ""kind"": ""2-cyclic-odd"", ""p"": 2}, {""canonical_t"": 1, ""e"": 1, ""kind"": ""odd-cyclic"", ""legendre"": 1, ""p"": 43}]",CLOSED_EXACT_CYCLIC_PRESENTATION
86,13,1,21,"[{""brown_mod8"": 1, ""canonical_t"": 1, ""e"": 1, ""kind"": ""2-cyclic-odd"", ""p"": 2}, {""canonical_t"": 1, ""e"": 1, ""kind"": ""odd-cyclic"", ""legendre"": 1, ""p"": 43}]",CLOSED_EXACT_CYCLIC_PRESENTATION
86,15,11,21,"[{""brown_mod8"": 3, ""canonical_t"": 3, ""e"": 1, ""kind"": ""2-cyclic-odd"", ""p"": 2}, {""canonical_t"": 1, ""e"": 1, ""kind"": ""odd-cyclic"", ""legendre"": 1, ""p"": 43}]",CLOSED_EXACT_CYCLIC_PRESENTATION
86,17,1,21,"[{""brown_mod8"": 1, ""canonical_t"": 1, ""e"": 1, ""kind"": ""2-cyclic-odd"", ""p"": 2}, {""canonical_t"": 1, ""e"": 1, ""kind"": ""odd-cyclic"", ""legendre"": 1, ""p"": 43}]",CLOSED_EXACT_CYCLIC_PRESENTATION
86,19,3,21,"[{""brown_mod8"": 3, ""canonical_t"": 3, ""e"": 1, ""kind"": ""2-cyclic-odd"", ""p"": 2}, {""canonical_t"": 2, ""e"": 1, ""kind"": ""odd-cyclic"", ""legendre"": -1, ""p"": 43}]",CLOSED_EXACT_CYCLIC_PRESENTATION
86,21,1,21,"[{""brown_mod8"": 1, ""canonical_t"": 1, ""e"": 1, ""kind"": ""2-cyclic-odd"", ""p"": 2}, {""canonical_t"": 1, ""e"": 1, ""kind"": ""odd-cyclic"", ""legendre"": 1, ""p"": 43}]",CLOSED_EXACT_CYCLIC_PRESENTATION
86,23,11,21,"[{""brown_mod8"": 3, ""canonical_t"": 3, ""e"": 1, ""kind"": ""2-cyclic-odd"", ""p"": 2}, {""canonical_t"": 1, ""e"": 1, ""kind"": ""odd-cyclic"", ""legendre"": 1, ""p"": 43}]",CLOSED_EXACT_CYCLIC_PRESENTATION
86,25,1,21,"[{""brown_mod8"": 1, ""canonical_t"": 1, ""e"": 1, ""kind"": ""2-cyclic-odd"", ""p"": 2}, {""canonical_t"": 1, ""e"": 1, ""kind"": ""odd-cyclic"", ""legendre"": 1, ""p"": 43}]",CLOSED_EXACT_CYCLIC_PRESENTATION
86,27,3,21,"[{""brown_mod8"": 3, ""canonical_t"": 3, ""e"": 1, ""kind"": ""2-cyclic-odd"", ""p"": 2}, {""canonical_t"": 2, ""e"": 1, ""kind"": ""odd-cyclic"", ""legendre"": -1, ""p"": 43}]",CLOSED_EXACT_CYCLIC_PRESENTATION
86,29,5,21,"[{""brown_mod8"": 1, ""canonical_t"": 1, ""e"": 1, ""kind"": ""2-cyclic-odd"", ""p"": 2}, {""canonical_t"": 2, ""e"": 1, ""kind"": ""odd-cyclic"", ""legendre"": -1, ""p"": 43}]",CLOSED_EXACT_CYCLIC_PRESENTATION
86,31,11,21,"[{""brown_mod8"": 3, ""canonical_t"": 3, ""e"": 1, ""kind"": ""2-cyclic-odd"", ""p"": 2}, {""canonical_t"": 1, ""e"": 1, ""kind"": ""odd-cyclic"", ""legendre"": 1, ""p"": 43}]",CLOSED_EXACT_CYCLIC_PRESENTATION
86,33,5,21,"[{""brown_mod8"": 1, ""canonical_t"": 1, ""e"": 1, ""kind"": ""2-cyclic-odd"", ""p"": 2}, {""canonical_t"": 2, ""e"": 1, ""kind"": ""odd-cyclic"", ""legendre"": -1, ""p"": 43}]",CLOSED_EXACT_CYCLIC_PRESENTATION
86,35,11,21,"[{""brown_mod8"": 3, ""canonical_t"": 3, ""e"": 1, ""kind"": ""2-cyclic-odd"", ""p"": 2}, {""canonical_t"": 1, ""e"": 1, ""kind"": ""odd-cyclic"", ""legendre"": 1, ""p"": 43}]",CLOSED_EXACT_CYCLIC_PRESENTATION
86,37,5,21,"[{""brown_mod8"": 1, ""canonical_t"": 1, ""e"": 1, ""kind"": ""2-cyclic-odd"", ""p"": 2}, {""canonical_t"": 2, ""e"": 1, ""kind"": ""odd-cyclic"", ""legendre"": -1, ""p"": 43}]",CLOSED_EXACT_CYCLIC_PRESENTATION
86,39,3,21,"[{""brown_mod8"": 3, ""canonical_t"": 3, ""e"": 1, ""kind"": ""2-cyclic-odd"", ""p"": 2}, {""canonical_t"": 2, ""e"": 1, ""kind"": ""odd-cyclic"", ""legendre"": -1, ""p"": 43}]",CLOSED_EXACT_CYCLIC_PRESENTATION
86,41,1,21,"[{""brown_mod8"": 1, ""canonical_t"": 1, ""e"": 1, ""kind"": ""2-cyclic-odd"", ""p"": 2}, {""canonical_t"": 1, ""e"": 1, ""kind"": ""odd-cyclic"", ""legendre"": 1, ""p"": 43}]",CLOSED_EXACT_CYCLIC_PRESENTATION
86,45,5,21,"[{""brown_mod8"": 1, ""canonical_t"": 1, ""e"": 1, ""kind"": ""2-cyclic-odd"", ""p"": 2}, {""canonical_t"": 2, ""e"": 1, ""kind"": ""odd-cyclic"", ""legendre"": -1, ""p"": 43}]",CLOSED_EXACT_CYCLIC_PRESENTATION
86,47,11,21,"[{""brown_mod8"": 3, ""canonical_t"": 3, ""e"": 1, ""kind"": ""2-cyclic-odd"", ""p"": 2}, {""canonical_t"": 1, ""e"": 1, ""kind"": ""odd-cyclic"", ""legendre"": 1, ""p"": 43}]",CLOSED_EXACT_CYCLIC_PRESENTATION
86,49,1,21,"[{""brown_mod8"": 1, ""canonical_t"": 1, ""e"": 1, ""kind"": ""2-cyclic-odd"", ""p"": 2}, {""canonical_t"": 1, ""e"": 1, ""kind"": ""odd-cyclic"", ""legendre"": 1, ""p"": 43}]",CLOSED_EXACT_CYCLIC_PRESENTATION
86,51,3,21,"[{""brown_mod8"": 3, ""canonical_t"": 3, ""e"": 1, ""kind"": ""2-cyclic-odd"", ""p"": 2}, {""canonical_t"": 2, ""e"": 1, ""kind"": ""odd-cyclic"", ""legendre"": -1, ""p"": 43}]",CLOSED_EXACT_CYCLIC_PRESENTATION
86,53,1,21,"[{""brown_mod8"": 1, ""canonical_t"": 1, ""e"": 1, ""kind"": ""2-cyclic-odd"", ""p"": 2}, {""canonical_t"": 1, ""e"": 1, ""kind"": ""odd-cyclic"", ""legendre"": 1, ""p"": 43}]",CLOSED_EXACT_CYCLIC_PRESENTATION
86,55,3,21,"[{""brown_mod8"": 3, ""canonical_t"": 3, ""e"": 1, ""kind"": ""2-cyclic-odd"", ""p"": 2}, {""canonical_t"": 2, ""e"": 1, ""kind"": ""odd-cyclic"", ""legendre"": -1, ""p"": 43}]",CLOSED_EXACT_CYCLIC_PRESENTATION
86,57,1,21,"[{""brown_mod8"": 1, ""canonical_t"": 1, ""e"": 1, ""kind"": ""2-cyclic-odd"", ""p"": 2}, {""canonical_t"": 1, ""e"": 1, ""kind"": ""odd-cyclic"", ""legendre"": 1, ""p"": 43}]",CLOSED_EXACT_CYCLIC_PRESENTATION
86,59,11,21,"[{""brown_mod8"": 3, ""canonical_t"": 3, ""e"": 1, ""kind"": ""2-cyclic-odd"", ""p"": 2}, {""canonical_t"": 1, ""e"": 1, ""kind"": ""odd-cyclic"", ""legendre"": 1, ""p"": 43}]",CLOSED_EXACT_CYCLIC_PRESENTATION
86,61,5,21,"[{""brown_mod8"": 1, ""canonical_t"": 1, ""e"": 1, ""kind"": ""2-cyclic-odd"", ""p"": 2}, {""canonical_t"": 2, ""e"": 1, ""kind"": ""odd-cyclic"", ""legendre"": -1, ""p"": 43}]",CLOSED_EXACT_CYCLIC_PRESENTATION
86,63,3,21,"[{""brown_mod8"": 3, ""canonical_t"": 3, ""e"": 1, ""kind"": ""2-cyclic-odd"", ""p"": 2}, {""canonical_t"": 2, ""e"": 1, ""kind"": ""odd-cyclic"", ""legendre"": -1, ""p"": 43}]",CLOSED_EXACT_CYCLIC_PRESENTATION
86,65,5,21,"[{""brown_mod8"": 1, ""canonical_t"": 1, ""e"": 1, ""kind"": ""2-cyclic-odd"", ""p"": 2}, {""canonical_t"": 2, ""e"": 1, ""kind"": ""odd-cyclic"", ""legendre"": -1, ""p"": 43}]",CLOSED_EXACT_CYCLIC_PRESENTATION
86,67,11,21,"[{""brown_mod8"": 3, ""canonical_t"": 3, ""e"": 1, ""kind"": ""2-cyclic-odd"", ""p"": 2}, {""canonical_t"": 1, ""e"": 1, ""kind"": ""odd-cyclic"", ""legendre"": 1, ""p"": 43}]",CLOSED_EXACT_CYCLIC_PRESENTATION
86,69,5,21,"[{""brown_mod8"": 1, ""canonical_t"": 1, ""e"": 1, ""kind"": ""2-cyclic-odd"", ""p"": 2}, {""canonical_t"": 2, ""e"": 1, ""kind"": ""odd-cyclic"", ""legendre"": -1, ""p"": 43}]",CLOSED_EXACT_CYCLIC_PRESENTATION
86,71,3,21,"[{""brown_mod8"": 3, ""canonical_t"": 3, ""e"": 1, ""kind"": ""2-cyclic-odd"", ""p"": 2}, {""canonical_t"": 2, ""e"": 1, ""kind"": ""odd-cyclic"", ""legendre"": -1, ""p"": 43}]",CLOSED_EXACT_CYCLIC_PRESENTATION
86,73,5,21,"[{""brown_mod8"": 1, ""canonical_t"": 1, ""e"": 1, ""kind"": ""2-cyclic-odd"", ""p"": 2}, {""canonical_t"": 2, ""e"": 1, ""kind"": ""odd-cyclic"", ""legendre"": -1, ""p"": 43}]",CLOSED_EXACT_CYCLIC_PRESENTATION
86,75,3,21,"[{""brown_mod8"": 3, ""canonical_t"": 3, ""e"": 1, ""kind"": ""2-cyclic-odd"", ""p"": 2}, {""canonical_t"": 2, ""e"": 1, ""kind"": ""odd-cyclic"", ""legendre"": -1, ""p"": 43}]",CLOSED_EXACT_CYCLIC_PRESENTATION
86,77,5,21,"[{""brown_mod8"": 1, ""canonical_t"": 1, ""e"": 1, ""kind"": ""2-cyclic-odd"", ""p"": 2}, {""canonical_t"": 2, ""e"": 1, ""kind"": ""odd-cyclic"", ""legendre"": -1, ""p"": 43}]",CLOSED_EXACT_CYCLIC_PRESENTATION
86,79,11,21,"[{""brown_mod8"": 3, ""canonical_t"": 3, ""e"": 1, ""kind"": ""2-cyclic-odd"", ""p"": 2}, {""canonical_t"": 1, ""e"": 1, ""kind"": ""odd-cyclic"", ""legendre"": 1, ""p"": 43}]",CLOSED_EXACT_CYCLIC_PRESENTATION
86,81,1,21,"[{""brown_mod8"": 1, ""canonical_t"": 1, ""e"": 1, ""kind"": ""2-cyclic-odd"", ""p"": 2}, {""canonical_t"": 1, ""e"": 1, ""kind"": ""odd-cyclic"", ""legendre"": 1, ""p"": 43}]",CLOSED_EXACT_CYCLIC_PRESENTATION
86,83,11,21,"[{""brown_mod8"": 3, ""canonical_t"": 3, ""e"": 1, ""kind"": ""2-cyclic-odd"", ""p"": 2}, {""canonical_t"": 1, ""e"": 1, ""kind"": ""odd-cyclic"", ""legendre"": 1, ""p"": 43}]",CLOSED_EXACT_CYCLIC_PRESENTATION
86,85,5,21,"[{""brown_mod8"": 1, ""canonical_t"": 1, ""e"": 1, ""kind"": ""2-cyclic-odd"", ""p"": 2}, {""canonical_t"": 2, ""e"": 1, ""kind"": ""odd-cyclic"", ""legendre"": -1, ""p"": 43}]",CLOSED_EXACT_CYCLIC_PRESENTATION
86,87,11,21,"[{""brown_mod8"": 3, ""canonical_t"": 3, ""e"": 1, ""kind"": ""2-cyclic-odd"", ""p"": 2}, {""canonical_t"": 1, ""e"": 1, ""kind"": ""odd-cyclic"", ""legendre"": 1, ""p"": 43}]",CLOSED_EXACT_CYCLIC_PRESENTATION
86,89,5,21,"[{""brown_mod8"": 1, ""canonical_t"": 1, ""e"": 1, ""kind"": ""2-cyclic-odd"", ""p"": 2}, {""canonical_t"": 2, ""e"": 1, ""kind"": ""odd-cyclic"", ""legendre"": -1, ""p"": 43}]",CLOSED_EXACT_CYCLIC_PRESENTATION
86,91,3,21,"[{""brown_mod8"": 3, ""canonical_t"": 3, ""e"": 1, ""kind"": ""2-cyclic-odd"", ""p"": 2}, {""canonical_t"": 2, ""e"": 1, ""kind"": ""odd-cyclic"", ""legendre"": -1, ""p"": 43}]",CLOSED_EXACT_CYCLIC_PRESENTATION
86,93,5,21,"[{""brown_mod8"": 1, ""canonical_t"": 1, ""e"": 1, ""kind"": ""2-cyclic-odd"", ""p"": 2}, {""canonical_t"": 2, ""e"": 1, ""kind"": ""odd-cyclic"", ""legendre"": -1, ""p"": 43}]",CLOSED_EXACT_CYCLIC_PRESENTATION
86,95,11,21,"[{""brown_mod8"": 3, ""canonical_t"": 3, ""e"": 1, ""kind"": ""2-cyclic-odd"", ""p"": 2}, {""canonical_t"": 1, ""e"": 1, ""kind"": ""odd-cyclic"", ""legendre"": 1, ""p"": 43}]",CLOSED_EXACT_CYCLIC_PRESENTATION
86,97,1,21,"[{""brown_mod8"": 1, ""canonical_t"": 1, ""e"": 1, ""kind"": ""2-cyclic-odd"", ""p"": 2}, {""canonical_t"": 1, ""e"": 1, ""kind"": ""odd-cyclic"", ""legendre"": 1, ""p"": 43}]",CLOSED_EXACT_CYCLIC_PRESENTATION
86,99,11,21,"[{""brown_mod8"": 3, ""canonical_t"": 3, ""e"": 1, ""kind"": ""2-cyclic-odd"", ""p"": 2}, {""canonical_t"": 1, ""e"": 1, ""kind"": ""odd-cyclic"", ""legendre"": 1, ""p"": 43}]",CLOSED_EXACT_CYCLIC_PRESENTATION
86,101,1,21,"[{""brown_mod8"": 1, ""canonical_t"": 1, ""e"": 1, ""kind"": ""2-cyclic-odd"", ""p"": 2}, {""canonical_t"": 1, ""e"": 1, ""kind"": ""odd-cyclic"", ""legendre"": 1, ""p"": 43}]",CLOSED_EXACT_CYCLIC_PRESENTATION
86,103,11,21,"[{""brown_mod8"": 3, ""canonical_t"": 3, ""e"": 1, ""kind"": ""2-cyclic-odd"", ""p"": 2}, {""canonical_t"": 1, ""e"": 1, ""kind"": ""odd-cyclic"", ""legendre"": 1, ""p"": 43}]",CLOSED_EXACT_CYCLIC_PRESENTATION
86,105,5,21,"[{""brown_mod8"": 1, ""canonical_t"": 1, ""e"": 1, ""kind"": ""2-cyclic-odd"", ""p"": 2}, {""canonical_t"": 2, ""e"": 1, ""kind"": ""odd-cyclic"", ""legendre"": -1, ""p"": 43}]",CLOSED_EXACT_CYCLIC_PRESENTATION
86,107,11,21,"[{""brown_mod8"": 3, ""canonical_t"": 3, ""e"": 1, ""kind"": ""2-cyclic-odd"", ""p"": 2}, {""canonical_t"": 1, ""e"": 1, ""kind"": ""odd-cyclic"", ""legendre"": 1, ""p"": 43}]",CLOSED_EXACT_CYCLIC_PRESENTATION
86,109,1,21,"[{""brown_mod8"": 1, ""canonical_t"": 1, ""e"": 1, ""kind"": ""2-cyclic-odd"", ""p"": 2}, {""canonical_t"": 1, ""e"": 1, ""kind"": ""odd-cyclic"", ""legendre"": 1, ""p"": 43}]",CLOSED_EXACT_CYCLIC_PRESENTATION
86,111,11,21,"[{""brown_mod8"": 3, ""canonical_t"": 3, ""e"": 1, ""kind"": ""2-cyclic-odd"", ""p"": 2}, {""canonical_t"": 1, ""e"": 1, ""kind"": ""odd-cyclic"", ""legendre"": 1, ""p"": 43}]",CLOSED_EXACT_CYCLIC_PRESENTATION
86,113,5,21,"[{""brown_mod8"": 1, ""canonical_t"": 1, ""e"": 1, ""kind"": ""2-cyclic-odd"", ""p"": 2}, {""canonical_t"": 2, ""e"": 1, ""kind"": ""odd-cyclic"", ""legendre"": -1, ""p"": 43}]",CLOSED_EXACT_CYCLIC_PRESENTATION
86,115,3,21,"[{""brown_mod8"": 3, ""canonical_t"": 3, ""e"": 1, ""kind"": ""2-cyclic-odd"", ""p"": 2}, {""canonical_t"": 2, ""e"": 1, ""kind"": ""odd-cyclic"", ""legendre"": -1, ""p"": 43}]",CLOSED_EXACT_CYCLIC_PRESENTATION
86,117,1,21,"[{""brown_mod8"": 1, ""canonical_t"": 1, ""e"": 1, ""kind"": ""2-cyclic-odd"", ""p"": 2}, {""canonical_t"": 1, ""e"": 1, ""kind"": ""odd-cyclic"", ""legendre"": 1, ""p"": 43}]",CLOSED_EXACT_CYCLIC_PRESENTATION
86,119,3,21,"[{""brown_mod8"": 3, ""canonical_t"": 3, ""e"": 1, ""kind"": ""2-cyclic-odd"", ""p"": 2}, {""canonical_t"": 2, ""e"": 1, ""kind"": ""odd-cyclic"", ""legendre"": -1, ""p"": 43}]",CLOSED_EXACT_CYCLIC_PRESENTATION
86,121,1,21,"[{""brown_mod8"": 1, ""canonical_t"": 1, ""e"": 1, ""kind"": ""2-cyclic-odd"", ""p"": 2}, {""canonical_t"": 1, ""e"": 1, ""kind"": ""odd-cyclic"", ""legendre"": 1, ""p"": 43}]",CLOSED_EXACT_CYCLIC_PRESENTATION
86,123,3,21,"[{""brown_mod8"": 3, ""canonical_t"": 3, ""e"": 1, ""kind"": ""2-cyclic-odd"", ""p"": 2}, {""canonical_t"": 2, ""e"": 1, ""kind"": ""odd-cyclic"", ""legendre"": -1, ""p"": 43}]",CLOSED_EXACT_CYCLIC_PRESENTATION
86,125,5,21,"[{""brown_mod8"": 1, ""canonical_t"": 1, ""e"": 1, ""kind"": ""2-cyclic-odd"", ""p"": 2}, {""canonical_t"": 2, ""e"": 1, ""kind"": ""odd-cyclic"", ""legendre"": -1, ""p"": 43}]",CLOSED_EXACT_CYCLIC_PRESENTATION
86,127,11,21,"[{""brown_mod8"": 3, ""canonical_t"": 3, ""e"": 1, ""kind"": ""2-cyclic-odd"", ""p"": 2}, {""canonical_t"": 1, ""e"": 1, ""kind"": ""odd-cyclic"", ""legendre"": 1, ""p"": 43}]",CLOSED_EXACT_CYCLIC_PRESENTATION
86,131,3,21,"[{""brown_mod8"": 3, ""canonical_t"": 3, ""e"": 1, ""kind"": ""2-cyclic-odd"", ""p"": 2}, {""canonical_t"": 2, ""e"": 1, ""kind"": ""odd-cyclic"", ""legendre"": -1, ""p"": 43}]",CLOSED_EXACT_CYCLIC_PRESENTATION
86,133,1,21,"[{""brown_mod8"": 1, ""canonical_t"": 1, ""e"": 1, ""kind"": ""2-cyclic-odd"", ""p"": 2}, {""canonical_t"": 1, ""e"": 1, ""kind"": ""odd-cyclic"", ""legendre"": 1, ""p"": 43}]",CLOSED_EXACT_CYCLIC_PRESENTATION
86,135,11,21,"[{""brown_mod8"": 3, ""canonical_t"": 3, ""e"": 1, ""kind"": ""2-cyclic-odd"", ""p"": 2}, {""canonical_t"": 1, ""e"": 1, ""kind"": ""odd-cyclic"", ""legendre"": 1, ""p"": 43}]",CLOSED_EXACT_CYCLIC_PRESENTATION
86,137,5,21,"[{""brown_mod8"": 1, ""canonical_t"": 1, ""e"": 1, ""kind"": ""2-cyclic-odd"", ""p"": 2}, {""canonical_t"": 2, ""e"": 1, ""kind"": ""odd-cyclic"", ""legendre"": -1, ""p"": 43}]",CLOSED_EXACT_CYCLIC_PRESENTATION
86,139,11,21,"[{""brown_mod8"": 3, ""canonical_t"": 3, ""e"": 1, ""kind"": ""2-cyclic-odd"", ""p"": 2}, {""canonical_t"": 1, ""e"": 1, ""kind"": ""odd-cyclic"", ""legendre"": 1, ""p"": 43}]",CLOSED_EXACT_CYCLIC_PRESENTATION
86,141,5,21,"[{""brown_mod8"": 1, ""canonical_t"": 1, ""e"": 1, ""kind"": ""2-cyclic-odd"", ""p"": 2}, {""canonical_t"": 2, ""e"": 1, ""kind"": ""odd-cyclic"", ""legendre"": -1, ""p"": 43}]",CLOSED_EXACT_CYCLIC_PRESENTATION
86,143,11,21,"[{""brown_mod8"": 3, ""canonical_t"": 3, ""e"": 1, ""kind"": ""2-cyclic-odd"", ""p"": 2}, {""canonical_t"": 1, ""e"": 1, ""kind"": ""odd-cyclic"", ""legendre"": 1, ""p"": 43}]",CLOSED_EXACT_CYCLIC_PRESENTATION
86,145,1,21,"[{""brown_mod8"": 1, ""canonical_t"": 1, ""e"": 1, ""kind"": ""2-cyclic-odd"", ""p"": 2}, {""canonical_t"": 1, ""e"": 1, ""kind"": ""odd-cyclic"", ""legendre"": 1, ""p"": 43}]",CLOSED_EXACT_CYCLIC_PRESENTATION
86,147,3,21,"[{""brown_mod8"": 3, ""canonical_t"": 3, ""e"": 1, ""kind"": ""2-cyclic-odd"", ""p"": 2}, {""canonical_t"": 2, ""e"": 1, ""kind"": ""odd-cyclic"", ""legendre"": -1, ""p"": 43}]",CLOSED_EXACT_CYCLIC_PRESENTATION
86,149,5,21,"[{""brown_mod8"": 1, ""canonical_t"": 1, ""e"": 1, ""kind"": ""2-cyclic-odd"", ""p"": 2}, {""canonical_t"": 2, ""e"": 1, ""kind"": ""odd-cyclic"", ""legendre"": -1, ""p"": 43}]",CLOSED_EXACT_CYCLIC_PRESENTATION
86,151,3,21,"[{""brown_mod8"": 3, ""canonical_t"": 3, ""e"": 1, ""kind"": ""2-cyclic-odd"", ""p"": 2}, {""canonical_t"": 2, ""e"": 1, ""kind"": ""odd-cyclic"", ""legendre"": -1, ""p"": 43}]",CLOSED_EXACT_CYCLIC_PRESENTATION
86,153,1,21,"[{""brown_mod8"": 1, ""canonical_t"": 1, ""e"": 1, ""kind"": ""2-cyclic-odd"", ""p"": 2}, {""canonical_t"": 1, ""e"": 1, ""kind"": ""odd-cyclic"", ""legendre"": 1, ""p"": 43}]",CLOSED_EXACT_CYCLIC_PRESENTATION
86,155,3,21,"[{""brown_mod8"": 3, ""canonical_t"": 3, ""e"": 1, ""kind"": ""2-cyclic-odd"", ""p"": 2}, {""canonical_t"": 2, ""e"": 1, ""kind"": ""odd-cyclic"", ""legendre"": -1, ""p"": 43}]",CLOSED_EXACT_CYCLIC_PRESENTATION
86,157,5,21,"[{""brown_mod8"": 1, ""canonical_t"": 1, ""e"": 1, ""kind"": ""2-cyclic-odd"", ""p"": 2}, {""canonical_t"": 2, ""e"": 1, ""kind"": ""odd-cyclic"", ""legendre"": -1, ""p"": 43}]",CLOSED_EXACT_CYCLIC_PRESENTATION
86,159,3,21,"[{""brown_mod8"": 3, ""canonical_t"": 3, ""e"": 1, ""kind"": ""2-cyclic-odd"", ""p"": 2}, {""canonical_t"": 2, ""e"": 1, ""kind"": ""odd-cyclic"", ""legendre"": -1, ""p"": 43}]",CLOSED_EXACT_CYCLIC_PRESENTATION
86,161,5,21,"[{""brown_mod8"": 1, ""canonical_t"": 1, ""e"": 1, ""kind"": ""2-cyclic-odd"", ""p"": 2}, {""canonical_t"": 2, ""e"": 1, ""kind"": ""odd-cyclic"", ""legendre"": -1, ""p"": 43}]",CLOSED_EXACT_CYCLIC_PRESENTATION
86,163,3,21,"[{""brown_mod8"": 3, ""canonical_t"": 3, ""e"": 1, ""kind"": ""2-cyclic-odd"", ""p"": 2}, {""canonical_t"": 2, ""e"": 1, ""kind"": ""odd-cyclic"", ""legendre"": -1, ""p"": 43}]",CLOSED_EXACT_CYCLIC_PRESENTATION
86,165,1,21,"[{""brown_mod8"": 1, ""canonical_t"": 1, ""e"": 1, ""kind"": ""2-cyclic-odd"", ""p"": 2}, {""canonical_t"": 1, ""e"": 1, ""kind"": ""odd-cyclic"", ""legendre"": 1, ""p"": 43}]",CLOSED_EXACT_CYCLIC_PRESENTATION
86,167,11,21,"[{""brown_mod8"": 3, ""canonical_t"": 3, ""e"": 1, ""kind"": ""2-cyclic-odd"", ""p"": 2}, {""canonical_t"": 1, ""e"": 1, ""kind"": ""odd-cyclic"", ""legendre"": 1, ""p"": 43}]",CLOSED_EXACT_CYCLIC_PRESENTATION
86,169,1,21,"[{""brown_mod8"": 1, ""canonical_t"": 1, ""e"": 1, ""kind"": ""2-cyclic-odd"", ""p"": 2}, {""canonical_t"": 1, ""e"": 1, ""kind"": ""odd-cyclic"", ""legendre"": 1, ""p"": 43}]",CLOSED_EXACT_CYCLIC_PRESENTATION
86,171,3,21,"[{""brown_mod8"": 3, ""canonical_t"": 3, ""e"": 1, ""kind"": ""2-cyclic-odd"", ""p"": 2}, {""canonical_t"": 2, ""e"": 1, ""kind"": ""odd-cyclic"", ""legendre"": -1, ""p"": 43}]",CLOSED_EXACT_CYCLIC_PRESENTATION
87,1,1,14,"[{""canonical_t"": 1, ""e"": 1, ""kind"": ""odd-cyclic"", ""legendre"": 1, ""p"": 3}, {""canonical_t"": 1, ""e"": 1, ""kind"": ""odd-cyclic"", ""legendre"": 1, ""p"": 29}]",CLOSED_EXACT_CYCLIC_PRESENTATION
87,5,5,14,"[{""canonical_t"": 2, ""e"": 1, ""kind"": ""odd-cyclic"", ""legendre"": -1, ""p"": 3}, {""canonical_t"": 1, ""e"": 1, ""kind"": ""odd-cyclic"", ""legendre"": 1, ""p"": 29}]",CLOSED_EXACT_CYCLIC_PRESENTATION
87,7,1,14,"[{""canonical_t"": 1, ""e"": 1, ""kind"": ""odd-cyclic"", ""legendre"": 1, ""p"": 3}, {""canonical_t"": 1, ""e"": 1, ""kind"": ""odd-cyclic"", ""legendre"": 1, ""p"": 29}]",CLOSED_EXACT_CYCLIC_PRESENTATION
87,11,11,14,"[{""canonical_t"": 2, ""e"": 1, ""kind"": ""odd-cyclic"", ""legendre"": -1, ""p"": 3}, {""canonical_t"": 2, ""e"": 1, ""kind"": ""odd-cyclic"", ""legendre"": -1, ""p"": 29}]",CLOSED_EXACT_CYCLIC_PRESENTATION
87,13,1,14,"[{""canonical_t"": 1, ""e"": 1, ""kind"": ""odd-cyclic"", ""legendre"": 1, ""p"": 3}, {""canonical_t"": 1, ""e"": 1, ""kind"": ""odd-cyclic"", ""legendre"": 1, ""p"": 29}]",CLOSED_EXACT_CYCLIC_PRESENTATION
87,17,11,14,"[{""canonical_t"": 2, ""e"": 1, ""kind"": ""odd-cyclic"", ""legendre"": -1, ""p"": 3}, {""canonical_t"": 2, ""e"": 1, ""kind"": ""odd-cyclic"", ""legendre"": -1, ""p"": 29}]",CLOSED_EXACT_CYCLIC_PRESENTATION
87,19,19,14,"[{""canonical_t"": 1, ""e"": 1, ""kind"": ""odd-cyclic"", ""legendre"": 1, ""p"": 3}, {""canonical_t"": 2, ""e"": 1, ""kind"": ""odd-cyclic"", ""legendre"": -1, ""p"": 29}]",CLOSED_EXACT_CYCLIC_PRESENTATION
87,23,5,14,"[{""canonical_t"": 2, ""e"": 1, ""kind"": ""odd-cyclic"", ""legendre"": -1, ""p"": 3}, {""canonical_t"": 1, ""e"": 1, ""kind"": ""odd-cyclic"", ""legendre"": 1, ""p"": 29}]",CLOSED_EXACT_CYCLIC_PRESENTATION
87,25,1,14,"[{""canonical_t"": 1, ""e"": 1, ""kind"": ""odd-cyclic"", ""legendre"": 1, ""p"": 3}, {""canonical_t"": 1, ""e"": 1, ""kind"": ""odd-cyclic"", ""legendre"": 1, ""p"": 29}]",CLOSED_EXACT_CYCLIC_PRESENTATION
87,31,19,14,"[{""canonical_t"": 1, ""e"": 1, ""kind"": ""odd-cyclic"", ""legendre"": 1, ""p"": 3}, {""canonical_t"": 2, ""e"": 1, ""kind"": ""odd-cyclic"", ""legendre"": -1, ""p"": 29}]",CLOSED_EXACT_CYCLIC_PRESENTATION
87,35,5,14,"[{""canonical_t"": 2, ""e"": 1, ""kind"": ""odd-cyclic"", ""legendre"": -1, ""p"": 3}, {""canonical_t"": 1, ""e"": 1, ""kind"": ""odd-cyclic"", ""legendre"": 1, ""p"": 29}]",CLOSED_EXACT_CYCLIC_PRESENTATION
87,37,19,14,"[{""canonical_t"": 1, ""e"": 1, ""kind"": ""odd-cyclic"", ""legendre"": 1, ""p"": 3}, {""canonical_t"": 2, ""e"": 1, ""kind"": ""odd-cyclic"", ""legendre"": -1, ""p"": 29}]",CLOSED_EXACT_CYCLIC_PRESENTATION
87,41,11,14,"[{""canonical_t"": 2, ""e"": 1, ""kind"": ""odd-cyclic"", ""legendre"": -1, ""p"": 3}, {""canonical_t"": 2, ""e"": 1, ""kind"": ""odd-cyclic"", ""legendre"": -1, ""p"": 29}]",CLOSED_EXACT_CYCLIC_PRESENTATION
87,43,19,14,"[{""canonical_t"": 1, ""e"": 1, ""kind"": ""odd-cyclic"", ""legendre"": 1, ""p"": 3}, {""canonical_t"": 2, ""e"": 1, ""kind"": ""odd-cyclic"", ""legendre"": -1, ""p"": 29}]",CLOSED_EXACT_CYCLIC_PRESENTATION
87,47,11,14,"[{""canonical_t"": 2, ""e"": 1, ""kind"": ""odd-cyclic"", ""legendre"": -1, ""p"": 3}, {""canonical_t"": 2, ""e"": 1, ""kind"": ""odd-cyclic"", ""legendre"": -1, ""p"": 29}]",CLOSED_EXACT_CYCLIC_PRESENTATION
87,49,1,14,"[{""canonical_t"": 1, ""e"": 1, ""kind"": ""odd-cyclic"", ""legendre"": 1, ""p"": 3}, {""canonical_t"": 1, ""e"": 1, ""kind"": ""odd-cyclic"", ""legendre"": 1, ""p"": 29}]",CLOSED_EXACT_CYCLIC_PRESENTATION
87,53,5,14,"[{""canonical_t"": 2, ""e"": 1, ""kind"": ""odd-cyclic"", ""legendre"": -1, ""p"": 3}, {""canonical_t"": 1, ""e"": 1, ""kind"": ""odd-cyclic"", ""legendre"": 1, ""p"": 29}]",CLOSED_EXACT_CYCLIC_PRESENTATION
87,55,19,14,"[{""canonical_t"": 1, ""e"": 1, ""kind"": ""odd-cyclic"", ""legendre"": 1, ""p"": 3}, {""canonical_t"": 2, ""e"": 1, ""kind"": ""odd-cyclic"", ""legendre"": -1, ""p"": 29}]",CLOSED_EXACT_CYCLIC_PRESENTATION
87,59,5,14,"[{""canonical_t"": 2, ""e"": 1, ""kind"": ""odd-cyclic"", ""legendre"": -1, ""p"": 3}, {""canonical_t"": 1, ""e"": 1, ""kind"": ""odd-cyclic"", ""legendre"": 1, ""p"": 29}]",CLOSED_EXACT_CYCLIC_PRESENTATION
87,61,19,14,"[{""canonical_t"": 1, ""e"": 1, ""kind"": ""odd-cyclic"", ""legendre"": 1, ""p"": 3}, {""canonical_t"": 2, ""e"": 1, ""kind"": ""odd-cyclic"", ""legendre"": -1, ""p"": 29}]",CLOSED_EXACT_CYCLIC_PRESENTATION
87,65,5,14,"[{""canonical_t"": 2, ""e"": 1, ""kind"": ""odd-cyclic"", ""legendre"": -1, ""p"": 3}, {""canonical_t"": 1, ""e"": 1, ""kind"": ""odd-cyclic"", ""legendre"": 1, ""p"": 29}]",CLOSED_EXACT_CYCLIC_PRESENTATION
87,67,1,14,"[{""canonical_t"": 1, ""e"": 1, ""kind"": ""odd-cyclic"", ""legendre"": 1, ""p"": 3}, {""canonical_t"": 1, ""e"": 1, ""kind"": ""odd-cyclic"", ""legendre"": 1, ""p"": 29}]",CLOSED_EXACT_CYCLIC_PRESENTATION
87,71,5,14,"[{""canonical_t"": 2, ""e"": 1, ""kind"": ""odd-cyclic"", ""legendre"": -1, ""p"": 3}, {""canonical_t"": 1, ""e"": 1, ""kind"": ""odd-cyclic"", ""legendre"": 1, ""p"": 29}]",CLOSED_EXACT_CYCLIC_PRESENTATION
87,73,19,14,"[{""canonical_t"": 1, ""e"": 1, ""kind"": ""odd-cyclic"", ""legendre"": 1, ""p"": 3}, {""canonical_t"": 2, ""e"": 1, ""kind"": ""odd-cyclic"", ""legendre"": -1, ""p"": 29}]",CLOSED_EXACT_CYCLIC_PRESENTATION
87,77,11,14,"[{""canonical_t"": 2, ""e"": 1, ""kind"": ""odd-cyclic"", ""legendre"": -1, ""p"": 3}, {""canonical_t"": 2, ""e"": 1, ""kind"": ""odd-cyclic"", ""legendre"": -1, ""p"": 29}]",CLOSED_EXACT_CYCLIC_PRESENTATION
87,79,19,14,"[{""canonical_t"": 1, ""e"": 1, ""kind"": ""odd-cyclic"", ""legendre"": 1, ""p"": 3}, {""canonical_t"": 2, ""e"": 1, ""kind"": ""odd-cyclic"", ""legendre"": -1, ""p"": 29}]",CLOSED_EXACT_CYCLIC_PRESENTATION
87,83,5,14,"[{""canonical_t"": 2, ""e"": 1, ""kind"": ""odd-cyclic"", ""legendre"": -1, ""p"": 3}, {""canonical_t"": 1, ""e"": 1, ""kind"": ""odd-cyclic"", ""legendre"": 1, ""p"": 29}]",CLOSED_EXACT_CYCLIC_PRESENTATION
87,85,19,14,"[{""canonical_t"": 1, ""e"": 1, ""kind"": ""odd-cyclic"", ""legendre"": 1, ""p"": 3}, {""canonical_t"": 2, ""e"": 1, ""kind"": ""odd-cyclic"", ""legendre"": -1, ""p"": 29}]",CLOSED_EXACT_CYCLIC_PRESENTATION
87,89,11,14,"[{""canonical_t"": 2, ""e"": 1, ""kind"": ""odd-cyclic"", ""legendre"": -1, ""p"": 3}, {""canonical_t"": 2, ""e"": 1, ""kind"": ""odd-cyclic"", ""legendre"": -1, ""p"": 29}]",CLOSED_EXACT_CYCLIC_PRESENTATION
87,91,1,14,"[{""canonical_t"": 1, ""e"": 1, ""kind"": ""odd-cyclic"", ""legendre"": 1, ""p"": 3}, {""canonical_t"": 1, ""e"": 1, ""kind"": ""odd-cyclic"", ""legendre"": 1, ""p"": 29}]",CLOSED_EXACT_CYCLIC_PRESENTATION
87,95,11,14,"[{""canonical_t"": 2, ""e"": 1, ""kind"": ""odd-cyclic"", ""legendre"": -1, ""p"": 3}, {""canonical_t"": 2, ""e"": 1, ""kind"": ""odd-cyclic"", ""legendre"": -1, ""p"": 29}]",CLOSED_EXACT_CYCLIC_PRESENTATION
87,97,19,14,"[{""canonical_t"": 1, ""e"": 1, ""kind"": ""odd-cyclic"", ""legendre"": 1, ""p"": 3}, {""canonical_t"": 2, ""e"": 1, ""kind"": ""odd-cyclic"", ""legendre"": -1, ""p"": 29}]",CLOSED_EXACT_CYCLIC_PRESENTATION
87,101,11,14,"[{""canonical_t"": 2, ""e"": 1, ""kind"": ""odd-cyclic"", ""legendre"": -1, ""p"": 3}, {""canonical_t"": 2, ""e"": 1, ""kind"": ""odd-cyclic"", ""legendre"": -1, ""p"": 29}]",CLOSED_EXACT_CYCLIC_PRESENTATION
87,103,1,14,"[{""canonical_t"": 1, ""e"": 1, ""kind"": ""odd-cyclic"", ""legendre"": 1, ""p"": 3}, {""canonical_t"": 1, ""e"": 1, ""kind"": ""odd-cyclic"", ""legendre"": 1, ""p"": 29}]",CLOSED_EXACT_CYCLIC_PRESENTATION
87,107,5,14,"[{""canonical_t"": 2, ""e"": 1, ""kind"": ""odd-cyclic"", ""legendre"": -1, ""p"": 3}, {""canonical_t"": 1, ""e"": 1, ""kind"": ""odd-cyclic"", ""legendre"": 1, ""p"": 29}]",CLOSED_EXACT_CYCLIC_PRESENTATION
87,109,1,14,"[{""canonical_t"": 1, ""e"": 1, ""kind"": ""odd-cyclic"", ""legendre"": 1, ""p"": 3}, {""canonical_t"": 1, ""e"": 1, ""kind"": ""odd-cyclic"", ""legendre"": 1, ""p"": 29}]",CLOSED_EXACT_CYCLIC_PRESENTATION
87,113,11,14,"[{""canonical_t"": 2, ""e"": 1, ""kind"": ""odd-cyclic"", ""legendre"": -1, ""p"": 3}, {""canonical_t"": 2, ""e"": 1, ""kind"": ""odd-cyclic"", ""legendre"": -1, ""p"": 29}]",CLOSED_EXACT_CYCLIC_PRESENTATION
87,115,1,14,"[{""canonical_t"": 1, ""e"": 1, ""kind"": ""odd-cyclic"", ""legendre"": 1, ""p"": 3}, {""canonical_t"": 1, ""e"": 1, ""kind"": ""odd-cyclic"", ""legendre"": 1, ""p"": 29}]",CLOSED_EXACT_CYCLIC_PRESENTATION
87,119,11,14,"[{""canonical_t"": 2, ""e"": 1, ""kind"": ""odd-cyclic"", ""legendre"": -1, ""p"": 3}, {""canonical_t"": 2, ""e"": 1, ""kind"": ""odd-cyclic"", ""legendre"": -1, ""p"": 29}]",CLOSED_EXACT_CYCLIC_PRESENTATION
87,121,1,14,"[{""canonical_t"": 1, ""e"": 1, ""kind"": ""odd-cyclic"", ""legendre"": 1, ""p"": 3}, {""canonical_t"": 1, ""e"": 1, ""kind"": ""odd-cyclic"", ""legendre"": 1, ""p"": 29}]",CLOSED_EXACT_CYCLIC_PRESENTATION
87,125,5,14,"[{""canonical_t"": 2, ""e"": 1, ""kind"": ""odd-cyclic"", ""legendre"": -1, ""p"": 3}, {""canonical_t"": 1, ""e"": 1, ""kind"": ""odd-cyclic"", ""legendre"": 1, ""p"": 29}]",CLOSED_EXACT_CYCLIC_PRESENTATION
87,127,19,14,"[{""canonical_t"": 1, ""e"": 1, ""kind"": ""odd-cyclic"", ""legendre"": 1, ""p"": 3}, {""canonical_t"": 2, ""e"": 1, ""kind"": ""odd-cyclic"", ""legendre"": -1, ""p"": 29}]",CLOSED_EXACT_CYCLIC_PRESENTATION
87,131,11,14,"[{""canonical_t"": 2, ""e"": 1, ""kind"": ""odd-cyclic"", ""legendre"": -1, ""p"": 3}, {""canonical_t"": 2, ""e"": 1, ""kind"": ""odd-cyclic"", ""legendre"": -1, ""p"": 29}]",CLOSED_EXACT_CYCLIC_PRESENTATION
87,133,19,14,"[{""canonical_t"": 1, ""e"": 1, ""kind"": ""odd-cyclic"", ""legendre"": 1, ""p"": 3}, {""canonical_t"": 2, ""e"": 1, ""kind"": ""odd-cyclic"", ""legendre"": -1, ""p"": 29}]",CLOSED_EXACT_CYCLIC_PRESENTATION
87,137,11,14,"[{""canonical_t"": 2, ""e"": 1, ""kind"": ""odd-cyclic"", ""legendre"": -1, ""p"": 3}, {""canonical_t"": 2, ""e"": 1, ""kind"": ""odd-cyclic"", ""legendre"": -1, ""p"": 29}]",CLOSED_EXACT_CYCLIC_PRESENTATION
87,139,1,14,"[{""canonical_t"": 1, ""e"": 1, ""kind"": ""odd-cyclic"", ""legendre"": 1, ""p"": 3}, {""canonical_t"": 1, ""e"": 1, ""kind"": ""odd-cyclic"", ""legendre"": 1, ""p"": 29}]",CLOSED_EXACT_CYCLIC_PRESENTATION
87,143,11,14,"[{""canonical_t"": 2, ""e"": 1, ""kind"": ""odd-cyclic"", ""legendre"": -1, ""p"": 3}, {""canonical_t"": 2, ""e"": 1, ""kind"": ""odd-cyclic"", ""legendre"": -1, ""p"": 29}]",CLOSED_EXACT_CYCLIC_PRESENTATION
87,149,5,14,"[{""canonical_t"": 2, ""e"": 1, ""kind"": ""odd-cyclic"", ""legendre"": -1, ""p"": 3}, {""canonical_t"": 1, ""e"": 1, ""kind"": ""odd-cyclic"", ""legendre"": 1, ""p"": 29}]",CLOSED_EXACT_CYCLIC_PRESENTATION
87,151,1,14,"[{""canonical_t"": 1, ""e"": 1, ""kind"": ""odd-cyclic"", ""legendre"": 1, ""p"": 3}, {""canonical_t"": 1, ""e"": 1, ""kind"": ""odd-cyclic"", ""legendre"": 1, ""p"": 29}]",CLOSED_EXACT_CYCLIC_PRESENTATION
87,155,11,14,"[{""canonical_t"": 2, ""e"": 1, ""kind"": ""odd-cyclic"", ""legendre"": -1, ""p"": 3}, {""canonical_t"": 2, ""e"": 1, ""kind"": ""odd-cyclic"", ""legendre"": -1, ""p"": 29}]",CLOSED_EXACT_CYCLIC_PRESENTATION
87,157,19,14,"[{""canonical_t"": 1, ""e"": 1, ""kind"": ""odd-cyclic"", ""legendre"": 1, ""p"": 3}, {""canonical_t"": 2, ""e"": 1, ""kind"": ""odd-cyclic"", ""legendre"": -1, ""p"": 29}]",CLOSED_EXACT_CYCLIC_PRESENTATION
87,161,5,14,"[{""canonical_t"": 2, ""e"": 1, ""kind"": ""odd-cyclic"", ""legendre"": -1, ""p"": 3}, {""canonical_t"": 1, ""e"": 1, ""kind"": ""odd-cyclic"", ""legendre"": 1, ""p"": 29}]",CLOSED_EXACT_CYCLIC_PRESENTATION
87,163,19,14,"[{""canonical_t"": 1, ""e"": 1, ""kind"": ""odd-cyclic"", ""legendre"": 1, ""p"": 3}, {""canonical_t"": 2, ""e"": 1, ""kind"": ""odd-cyclic"", ""legendre"": -1, ""p"": 29}]",CLOSED_EXACT_CYCLIC_PRESENTATION
87,167,5,14,"[{""canonical_t"": 2, ""e"": 1, ""kind"": ""odd-cyclic"", ""legendre"": -1, ""p"": 3}, {""canonical_t"": 1, ""e"": 1, ""kind"": ""odd-cyclic"", ""legendre"": 1, ""p"": 29}]",CLOSED_EXACT_CYCLIC_PRESENTATION
87,169,1,14,"[{""canonical_t"": 1, ""e"": 1, ""kind"": ""odd-cyclic"", ""legendre"": 1, ""p"": 3}, {""canonical_t"": 1, ""e"": 1, ""kind"": ""odd-cyclic"", ""legendre"": 1, ""p"": 29}]",CLOSED_EXACT_CYCLIC_PRESENTATION
87,173,5,14,"[{""canonical_t"": 2, ""e"": 1, ""kind"": ""odd-cyclic"", ""legendre"": -1, ""p"": 3}, {""canonical_t"": 1, ""e"": 1, ""kind"": ""odd-cyclic"", ""legendre"": 1, ""p"": 29}]",CLOSED_EXACT_CYCLIC_PRESENTATION
88,1,1,10,"[{""brown_mod8"": 1, ""canonical_t"": 1, ""e"": 3, ""kind"": ""2-cyclic-odd"", ""p"": 2}, {""canonical_t"": 1, ""e"": 1, ""kind"": ""odd-cyclic"", ""legendre"": 1, ""p"": 11}]",CLOSED_EXACT_CYCLIC_PRESENTATION
88,3,3,10,"[{""brown_mod8"": 3, ""canonical_t"": 3, ""e"": 3, ""kind"": ""2-cyclic-odd"", ""p"": 2}, {""canonical_t"": 1, ""e"": 1, ""kind"": ""odd-cyclic"", ""legendre"": 1, ""p"": 11}]",CLOSED_EXACT_CYCLIC_PRESENTATION
88,5,5,10,"[{""brown_mod8"": 5, ""canonical_t"": 5, ""e"": 3, ""kind"": ""2-cyclic-odd"", ""p"": 2}, {""canonical_t"": 1, ""e"": 1, ""kind"": ""odd-cyclic"", ""legendre"": 1, ""p"": 11}]",CLOSED_EXACT_CYCLIC_PRESENTATION
88,7,7,10,"[{""brown_mod8"": 7, ""canonical_t"": 7, ""e"": 3, ""kind"": ""2-cyclic-odd"", ""p"": 2}, {""canonical_t"": 2, ""e"": 1, ""kind"": ""odd-cyclic"", ""legendre"": -1, ""p"": 11}]",CLOSED_EXACT_CYCLIC_PRESENTATION
88,9,1,10,"[{""brown_mod8"": 1, ""canonical_t"": 1, ""e"": 3, ""kind"": ""2-cyclic-odd"", ""p"": 2}, {""canonical_t"": 1, ""e"": 1, ""kind"": ""odd-cyclic"", ""legendre"": 1, ""p"": 11}]",CLOSED_EXACT_CYCLIC_PRESENTATION
88,13,13,10,"[{""brown_mod8"": 5, ""canonical_t"": 5, ""e"": 3, ""kind"": ""2-cyclic-odd"", ""p"": 2}, {""canonical_t"": 2, ""e"": 1, ""kind"": ""odd-cyclic"", ""legendre"": -1, ""p"": 11}]",CLOSED_EXACT_CYCLIC_PRESENTATION
88,15,15,10,"[{""brown_mod8"": 7, ""canonical_t"": 7, ""e"": 3, ""kind"": ""2-cyclic-odd"", ""p"": 2}, {""canonical_t"": 1, ""e"": 1, ""kind"": ""odd-cyclic"", ""legendre"": 1, ""p"": 11}]",CLOSED_EXACT_CYCLIC_PRESENTATION
88,17,17,10,"[{""brown_mod8"": 1, ""canonical_t"": 1, ""e"": 3, ""kind"": ""2-cyclic-odd"", ""p"": 2}, {""canonical_t"": 2, ""e"": 1, ""kind"": ""odd-cyclic"", ""legendre"": -1, ""p"": 11}]",CLOSED_EXACT_CYCLIC_PRESENTATION
88,19,19,10,"[{""brown_mod8"": 3, ""canonical_t"": 3, ""e"": 3, ""kind"": ""2-cyclic-odd"", ""p"": 2}, {""canonical_t"": 2, ""e"": 1, ""kind"": ""odd-cyclic"", ""legendre"": -1, ""p"": 11}]",CLOSED_EXACT_CYCLIC_PRESENTATION
88,21,13,10,"[{""brown_mod8"": 5, ""canonical_t"": 5, ""e"": 3, ""kind"": ""2-cyclic-odd"", ""p"": 2}, {""canonical_t"": 2, ""e"": 1, ""kind"": ""odd-cyclic"", ""legendre"": -1, ""p"": 11}]",CLOSED_EXACT_CYCLIC_PRESENTATION
88,23,15,10,"[{""brown_mod8"": 7, ""canonical_t"": 7, ""e"": 3, ""kind"": ""2-cyclic-odd"", ""p"": 2}, {""canonical_t"": 1, ""e"": 1, ""kind"": ""odd-cyclic"", ""legendre"": 1, ""p"": 11}]",CLOSED_EXACT_CYCLIC_PRESENTATION
88,25,1,10,"[{""brown_mod8"": 1, ""canonical_t"": 1, ""e"": 3, ""kind"": ""2-cyclic-odd"", ""p"": 2}, {""canonical_t"": 1, ""e"": 1, ""kind"": ""odd-cyclic"", ""legendre"": 1, ""p"": 11}]",CLOSED_EXACT_CYCLIC_PRESENTATION
88,27,3,10,"[{""brown_mod8"": 3, ""canonical_t"": 3, ""e"": 3, ""kind"": ""2-cyclic-odd"", ""p"": 2}, {""canonical_t"": 1, ""e"": 1, ""kind"": ""odd-cyclic"", ""legendre"": 1, ""p"": 11}]",CLOSED_EXACT_CYCLIC_PRESENTATION
88,29,13,10,"[{""brown_mod8"": 5, ""canonical_t"": 5, ""e"": 3, ""kind"": ""2-cyclic-odd"", ""p"": 2}, {""canonical_t"": 2, ""e"": 1, ""kind"": ""odd-cyclic"", ""legendre"": -1, ""p"": 11}]",CLOSED_EXACT_CYCLIC_PRESENTATION
88,31,15,10,"[{""brown_mod8"": 7, ""canonical_t"": 7, ""e"": 3, ""kind"": ""2-cyclic-odd"", ""p"": 2}, {""canonical_t"": 1, ""e"": 1, ""kind"": ""odd-cyclic"", ""legendre"": 1, ""p"": 11}]",CLOSED_EXACT_CYCLIC_PRESENTATION
88,35,19,10,"[{""brown_mod8"": 3, ""canonical_t"": 3, ""e"": 3, ""kind"": ""2-cyclic-odd"", ""p"": 2}, {""canonical_t"": 2, ""e"": 1, ""kind"": ""odd-cyclic"", ""legendre"": -1, ""p"": 11}]",CLOSED_EXACT_CYCLIC_PRESENTATION
88,37,5,10,"[{""brown_mod8"": 5, ""canonical_t"": 5, ""e"": 3, ""kind"": ""2-cyclic-odd"", ""p"": 2}, {""canonical_t"": 1, ""e"": 1, ""kind"": ""odd-cyclic"", ""legendre"": 1, ""p"": 11}]",CLOSED_EXACT_CYCLIC_PRESENTATION
88,39,7,10,"[{""brown_mod8"": 7, ""canonical_t"": 7, ""e"": 3, ""kind"": ""2-cyclic-odd"", ""p"": 2}, {""canonical_t"": 2, ""e"": 1, ""kind"": ""odd-cyclic"", ""legendre"": -1, ""p"": 11}]",CLOSED_EXACT_CYCLIC_PRESENTATION
88,41,17,10,"[{""brown_mod8"": 1, ""canonical_t"": 1, ""e"": 3, ""kind"": ""2-cyclic-odd"", ""p"": 2}, {""canonical_t"": 2, ""e"": 1, ""kind"": ""odd-cyclic"", ""legendre"": -1, ""p"": 11}]",CLOSED_EXACT_CYCLIC_PRESENTATION
88,43,19,10,"[{""brown_mod8"": 3, ""canonical_t"": 3, ""e"": 3, ""kind"": ""2-cyclic-odd"", ""p"": 2}, {""canonical_t"": 2, ""e"": 1, ""kind"": ""odd-cyclic"", ""legendre"": -1, ""p"": 11}]",CLOSED_EXACT_CYCLIC_PRESENTATION
88,45,5,10,"[{""brown_mod8"": 5, ""canonical_t"": 5, ""e"": 3, ""kind"": ""2-cyclic-odd"", ""p"": 2}, {""canonical_t"": 1, ""e"": 1, ""kind"": ""odd-cyclic"", ""legendre"": 1, ""p"": 11}]",CLOSED_EXACT_CYCLIC_PRESENTATION
88,47,15,10,"[{""brown_mod8"": 7, ""canonical_t"": 7, ""e"": 3, ""kind"": ""2-cyclic-odd"", ""p"": 2}, {""canonical_t"": 1, ""e"": 1, ""kind"": ""odd-cyclic"", ""legendre"": 1, ""p"": 11}]",CLOSED_EXACT_CYCLIC_PRESENTATION
88,49,1,10,"[{""brown_mod8"": 1, ""canonical_t"": 1, ""e"": 3, ""kind"": ""2-cyclic-odd"", ""p"": 2}, {""canonical_t"": 1, ""e"": 1, ""kind"": ""odd-cyclic"", ""legendre"": 1, ""p"": 11}]",CLOSED_EXACT_CYCLIC_PRESENTATION
88,51,19,10,"[{""brown_mod8"": 3, ""canonical_t"": 3, ""e"": 3, ""kind"": ""2-cyclic-odd"", ""p"": 2}, {""canonical_t"": 2, ""e"": 1, ""kind"": ""odd-cyclic"", ""legendre"": -1, ""p"": 11}]",CLOSED_EXACT_CYCLIC_PRESENTATION
88,53,5,10,"[{""brown_mod8"": 5, ""canonical_t"": 5, ""e"": 3, ""kind"": ""2-cyclic-odd"", ""p"": 2}, {""canonical_t"": 1, ""e"": 1, ""kind"": ""odd-cyclic"", ""legendre"": 1, ""p"": 11}]",CLOSED_EXACT_CYCLIC_PRESENTATION
88,57,17,10,"[{""brown_mod8"": 1, ""canonical_t"": 1, ""e"": 3, ""kind"": ""2-cyclic-odd"", ""p"": 2}, {""canonical_t"": 2, ""e"": 1, ""kind"": ""odd-cyclic"", ""legendre"": -1, ""p"": 11}]",CLOSED_EXACT_CYCLIC_PRESENTATION
88,59,3,10,"[{""brown_mod8"": 3, ""canonical_t"": 3, ""e"": 3, ""kind"": ""2-cyclic-odd"", ""p"": 2}, {""canonical_t"": 1, ""e"": 1, ""kind"": ""odd-cyclic"", ""legendre"": 1, ""p"": 11}]",CLOSED_EXACT_CYCLIC_PRESENTATION
88,61,13,10,"[{""brown_mod8"": 5, ""canonical_t"": 5, ""e"": 3, ""kind"": ""2-cyclic-odd"", ""p"": 2}, {""canonical_t"": 2, ""e"": 1, ""kind"": ""odd-cyclic"", ""legendre"": -1, ""p"": 11}]",CLOSED_EXACT_CYCLIC_PRESENTATION
88,63,7,10,"[{""brown_mod8"": 7, ""canonical_t"": 7, ""e"": 3, ""kind"": ""2-cyclic-odd"", ""p"": 2}, {""canonical_t"": 2, ""e"": 1, ""kind"": ""odd-cyclic"", ""legendre"": -1, ""p"": 11}]",CLOSED_EXACT_CYCLIC_PRESENTATION
88,65,17,10,"[{""brown_mod8"": 1, ""canonical_t"": 1, ""e"": 3, ""kind"": ""2-cyclic-odd"", ""p"": 2}, {""canonical_t"": 2, ""e"": 1, ""kind"": ""odd-cyclic"", ""legendre"": -1, ""p"": 11}]",CLOSED_EXACT_CYCLIC_PRESENTATION
88,67,3,10,"[{""brown_mod8"": 3, ""canonical_t"": 3, ""e"": 3, ""kind"": ""2-cyclic-odd"", ""p"": 2}, {""canonical_t"": 1, ""e"": 1, ""kind"": ""odd-cyclic"", ""legendre"": 1, ""p"": 11}]",CLOSED_EXACT_CYCLIC_PRESENTATION
88,69,5,10,"[{""brown_mod8"": 5, ""canonical_t"": 5, ""e"": 3, ""kind"": ""2-cyclic-odd"", ""p"": 2}, {""canonical_t"": 1, ""e"": 1, ""kind"": ""odd-cyclic"", ""legendre"": 1, ""p"": 11}]",CLOSED_EXACT_CYCLIC_PRESENTATION
88,71,15,10,"[{""brown_mod8"": 7, ""canonical_t"": 7, ""e"": 3, ""kind"": ""2-cyclic-odd"", ""p"": 2}, {""canonical_t"": 1, ""e"": 1, ""kind"": ""odd-cyclic"", ""legendre"": 1, ""p"": 11}]",CLOSED_EXACT_CYCLIC_PRESENTATION
88,73,17,10,"[{""brown_mod8"": 1, ""canonical_t"": 1, ""e"": 3, ""kind"": ""2-cyclic-odd"", ""p"": 2}, {""canonical_t"": 2, ""e"": 1, ""kind"": ""odd-cyclic"", ""legendre"": -1, ""p"": 11}]",CLOSED_EXACT_CYCLIC_PRESENTATION
88,75,3,10,"[{""brown_mod8"": 3, ""canonical_t"": 3, ""e"": 3, ""kind"": ""2-cyclic-odd"", ""p"": 2}, {""canonical_t"": 1, ""e"": 1, ""kind"": ""odd-cyclic"", ""legendre"": 1, ""p"": 11}]",CLOSED_EXACT_CYCLIC_PRESENTATION
88,79,7,10,"[{""brown_mod8"": 7, ""canonical_t"": 7, ""e"": 3, ""kind"": ""2-cyclic-odd"", ""p"": 2}, {""canonical_t"": 2, ""e"": 1, ""kind"": ""odd-cyclic"", ""legendre"": -1, ""p"": 11}]",CLOSED_EXACT_CYCLIC_PRESENTATION
88,81,1,10,"[{""brown_mod8"": 1, ""canonical_t"": 1, ""e"": 3, ""kind"": ""2-cyclic-odd"", ""p"": 2}, {""canonical_t"": 1, ""e"": 1, ""kind"": ""odd-cyclic"", ""legendre"": 1, ""p"": 11}]",CLOSED_EXACT_CYCLIC_PRESENTATION
88,83,19,10,"[{""brown_mod8"": 3, ""canonical_t"": 3, ""e"": 3, ""kind"": ""2-cyclic-odd"", ""p"": 2}, {""canonical_t"": 2, ""e"": 1, ""kind"": ""odd-cyclic"", ""legendre"": -1, ""p"": 11}]",CLOSED_EXACT_CYCLIC_PRESENTATION
88,85,13,10,"[{""brown_mod8"": 5, ""canonical_t"": 5, ""e"": 3, ""kind"": ""2-cyclic-odd"", ""p"": 2}, {""canonical_t"": 2, ""e"": 1, ""kind"": ""odd-cyclic"", ""legendre"": -1, ""p"": 11}]",CLOSED_EXACT_CYCLIC_PRESENTATION
88,87,7,10,"[{""brown_mod8"": 7, ""canonical_t"": 7, ""e"": 3, ""kind"": ""2-cyclic-odd"", ""p"": 2}, {""canonical_t"": 2, ""e"": 1, ""kind"": ""odd-cyclic"", ""legendre"": -1, ""p"": 11}]",CLOSED_EXACT_CYCLIC_PRESENTATION
88,89,1,10,"[{""brown_mod8"": 1, ""canonical_t"": 1, ""e"": 3, ""kind"": ""2-cyclic-odd"", ""p"": 2}, {""canonical_t"": 1, ""e"": 1, ""kind"": ""odd-cyclic"", ""legendre"": 1, ""p"": 11}]",CLOSED_EXACT_CYCLIC_PRESENTATION
88,91,3,10,"[{""brown_mod8"": 3, ""canonical_t"": 3, ""e"": 3, ""kind"": ""2-cyclic-odd"", ""p"": 2}, {""canonical_t"": 1, ""e"": 1, ""kind"": ""odd-cyclic"", ""legendre"": 1, ""p"": 11}]",CLOSED_EXACT_CYCLIC_PRESENTATION
88,93,5,10,"[{""brown_mod8"": 5, ""canonical_t"": 5, ""e"": 3, ""kind"": ""2-cyclic-odd"", ""p"": 2}, {""canonical_t"": 1, ""e"": 1, ""kind"": ""odd-cyclic"", ""legendre"": 1, ""p"": 11}]",CLOSED_EXACT_CYCLIC_PRESENTATION
88,95,7,10,"[{""brown_mod8"": 7, ""canonical_t"": 7, ""e"": 3, ""kind"": ""2-cyclic-odd"", ""p"": 2}, {""canonical_t"": 2, ""e"": 1, ""kind"": ""odd-cyclic"", ""legendre"": -1, ""p"": 11}]",CLOSED_EXACT_CYCLIC_PRESENTATION
88,97,1,10,"[{""brown_mod8"": 1, ""canonical_t"": 1, ""e"": 3, ""kind"": ""2-cyclic-odd"", ""p"": 2}, {""canonical_t"": 1, ""e"": 1, ""kind"": ""odd-cyclic"", ""legendre"": 1, ""p"": 11}]",CLOSED_EXACT_CYCLIC_PRESENTATION
88,101,13,10,"[{""brown_mod8"": 5, ""canonical_t"": 5, ""e"": 3, ""kind"": ""2-cyclic-odd"", ""p"": 2}, {""canonical_t"": 2, ""e"": 1, ""kind"": ""odd-cyclic"", ""legendre"": -1, ""p"": 11}]",CLOSED_EXACT_CYCLIC_PRESENTATION
88,103,15,10,"[{""brown_mod8"": 7, ""canonical_t"": 7, ""e"": 3, ""kind"": ""2-cyclic-odd"", ""p"": 2}, {""canonical_t"": 1, ""e"": 1, ""kind"": ""odd-cyclic"", ""legendre"": 1, ""p"": 11}]",CLOSED_EXACT_CYCLIC_PRESENTATION
88,105,17,10,"[{""brown_mod8"": 1, ""canonical_t"": 1, ""e"": 3, ""kind"": ""2-cyclic-odd"", ""p"": 2}, {""canonical_t"": 2, ""e"": 1, ""kind"": ""odd-cyclic"", ""legendre"": -1, ""p"": 11}]",CLOSED_EXACT_CYCLIC_PRESENTATION
88,107,19,10,"[{""brown_mod8"": 3, ""canonical_t"": 3, ""e"": 3, ""kind"": ""2-cyclic-odd"", ""p"": 2}, {""canonical_t"": 2, ""e"": 1, ""kind"": ""odd-cyclic"", ""legendre"": -1, ""p"": 11}]",CLOSED_EXACT_CYCLIC_PRESENTATION
88,109,13,10,"[{""brown_mod8"": 5, ""canonical_t"": 5, ""e"": 3, ""kind"": ""2-cyclic-odd"", ""p"": 2}, {""canonical_t"": 2, ""e"": 1, ""kind"": ""odd-cyclic"", ""legendre"": -1, ""p"": 11}]",CLOSED_EXACT_CYCLIC_PRESENTATION
88,111,15,10,"[{""brown_mod8"": 7, ""canonical_t"": 7, ""e"": 3, ""kind"": ""2-cyclic-odd"", ""p"": 2}, {""canonical_t"": 1, ""e"": 1, ""kind"": ""odd-cyclic"", ""legendre"": 1, ""p"": 11}]",CLOSED_EXACT_CYCLIC_PRESENTATION
88,113,1,10,"[{""brown_mod8"": 1, ""canonical_t"": 1, ""e"": 3, ""kind"": ""2-cyclic-odd"", ""p"": 2}, {""canonical_t"": 1, ""e"": 1, ""kind"": ""odd-cyclic"", ""legendre"": 1, ""p"": 11}]",CLOSED_EXACT_CYCLIC_PRESENTATION
88,115,3,10,"[{""brown_mod8"": 3, ""canonical_t"": 3, ""e"": 3, ""kind"": ""2-cyclic-odd"", ""p"": 2}, {""canonical_t"": 1, ""e"": 1, ""kind"": ""odd-cyclic"", ""legendre"": 1, ""p"": 11}]",CLOSED_EXACT_CYCLIC_PRESENTATION
88,117,13,10,"[{""brown_mod8"": 5, ""canonical_t"": 5, ""e"": 3, ""kind"": ""2-cyclic-odd"", ""p"": 2}, {""canonical_t"": 2, ""e"": 1, ""kind"": ""odd-cyclic"", ""legendre"": -1, ""p"": 11}]",CLOSED_EXACT_CYCLIC_PRESENTATION
88,119,15,10,"[{""brown_mod8"": 7, ""canonical_t"": 7, ""e"": 3, ""kind"": ""2-cyclic-odd"", ""p"": 2}, {""canonical_t"": 1, ""e"": 1, ""kind"": ""odd-cyclic"", ""legendre"": 1, ""p"": 11}]",CLOSED_EXACT_CYCLIC_PRESENTATION
88,123,19,10,"[{""brown_mod8"": 3, ""canonical_t"": 3, ""e"": 3, ""kind"": ""2-cyclic-odd"", ""p"": 2}, {""canonical_t"": 2, ""e"": 1, ""kind"": ""odd-cyclic"", ""legendre"": -1, ""p"": 11}]",CLOSED_EXACT_CYCLIC_PRESENTATION
88,125,5,10,"[{""brown_mod8"": 5, ""canonical_t"": 5, ""e"": 3, ""kind"": ""2-cyclic-odd"", ""p"": 2}, {""canonical_t"": 1, ""e"": 1, ""kind"": ""odd-cyclic"", ""legendre"": 1, ""p"": 11}]",CLOSED_EXACT_CYCLIC_PRESENTATION
88,127,7,10,"[{""brown_mod8"": 7, ""canonical_t"": 7, ""e"": 3, ""kind"": ""2-cyclic-odd"", ""p"": 2}, {""canonical_t"": 2, ""e"": 1, ""kind"": ""odd-cyclic"", ""legendre"": -1, ""p"": 11}]",CLOSED_EXACT_CYCLIC_PRESENTATION
88,129,17,10,"[{""brown_mod8"": 1, ""canonical_t"": 1, ""e"": 3, ""kind"": ""2-cyclic-odd"", ""p"": 2}, {""canonical_t"": 2, ""e"": 1, ""kind"": ""odd-cyclic"", ""legendre"": -1, ""p"": 11}]",CLOSED_EXACT_CYCLIC_PRESENTATION
88,131,19,10,"[{""brown_mod8"": 3, ""canonical_t"": 3, ""e"": 3, ""kind"": ""2-cyclic-odd"", ""p"": 2}, {""canonical_t"": 2, ""e"": 1, ""kind"": ""odd-cyclic"", ""legendre"": -1, ""p"": 11}]",CLOSED_EXACT_CYCLIC_PRESENTATION
88,133,5,10,"[{""brown_mod8"": 5, ""canonical_t"": 5, ""e"": 3, ""kind"": ""2-cyclic-odd"", ""p"": 2}, {""canonical_t"": 1, ""e"": 1, ""kind"": ""odd-cyclic"", ""legendre"": 1, ""p"": 11}]",CLOSED_EXACT_CYCLIC_PRESENTATION
88,135,15,10,"[{""brown_mod8"": 7, ""canonical_t"": 7, ""e"": 3, ""kind"": ""2-cyclic-odd"", ""p"": 2}, {""canonical_t"": 1, ""e"": 1, ""kind"": ""odd-cyclic"", ""legendre"": 1, ""p"": 11}]",CLOSED_EXACT_CYCLIC_PRESENTATION
88,137,1,10,"[{""brown_mod8"": 1, ""canonical_t"": 1, ""e"": 3, ""kind"": ""2-cyclic-odd"", ""p"": 2}, {""canonical_t"": 1, ""e"": 1, ""kind"": ""odd-cyclic"", ""legendre"": 1, ""p"": 11}]",CLOSED_EXACT_CYCLIC_PRESENTATION
88,139,19,10,"[{""brown_mod8"": 3, ""canonical_t"": 3, ""e"": 3, ""kind"": ""2-cyclic-odd"", ""p"": 2}, {""canonical_t"": 2, ""e"": 1, ""kind"": ""odd-cyclic"", ""legendre"": -1, ""p"": 11}]",CLOSED_EXACT_CYCLIC_PRESENTATION
88,141,5,10,"[{""brown_mod8"": 5, ""canonical_t"": 5, ""e"": 3, ""kind"": ""2-cyclic-odd"", ""p"": 2}, {""canonical_t"": 1, ""e"": 1, ""kind"": ""odd-cyclic"", ""legendre"": 1, ""p"": 11}]",CLOSED_EXACT_CYCLIC_PRESENTATION
88,145,17,10,"[{""brown_mod8"": 1, ""canonical_t"": 1, ""e"": 3, ""kind"": ""2-cyclic-odd"", ""p"": 2}, {""canonical_t"": 2, ""e"": 1, ""kind"": ""odd-cyclic"", ""legendre"": -1, ""p"": 11}]",CLOSED_EXACT_CYCLIC_PRESENTATION
88,147,3,10,"[{""brown_mod8"": 3, ""canonical_t"": 3, ""e"": 3, ""kind"": ""2-cyclic-odd"", ""p"": 2}, {""canonical_t"": 1, ""e"": 1, ""kind"": ""odd-cyclic"", ""legendre"": 1, ""p"": 11}]",CLOSED_EXACT_CYCLIC_PRESENTATION
88,149,13,10,"[{""brown_mod8"": 5, ""canonical_t"": 5, ""e"": 3, ""kind"": ""2-cyclic-odd"", ""p"": 2}, {""canonical_t"": 2, ""e"": 1, ""kind"": ""odd-cyclic"", ""legendre"": -1, ""p"": 11}]",CLOSED_EXACT_CYCLIC_PRESENTATION
88,151,7,10,"[{""brown_mod8"": 7, ""canonical_t"": 7, ""e"": 3, ""kind"": ""2-cyclic-odd"", ""p"": 2}, {""canonical_t"": 2, ""e"": 1, ""kind"": ""odd-cyclic"", ""legendre"": -1, ""p"": 11}]",CLOSED_EXACT_CYCLIC_PRESENTATION
88,153,17,10,"[{""brown_mod8"": 1, ""canonical_t"": 1, ""e"": 3, ""kind"": ""2-cyclic-odd"", ""p"": 2}, {""canonical_t"": 2, ""e"": 1, ""kind"": ""odd-cyclic"", ""legendre"": -1, ""p"": 11}]",CLOSED_EXACT_CYCLIC_PRESENTATION
88,155,3,10,"[{""brown_mod8"": 3, ""canonical_t"": 3, ""e"": 3, ""kind"": ""2-cyclic-odd"", ""p"": 2}, {""canonical_t"": 1, ""e"": 1, ""kind"": ""odd-cyclic"", ""legendre"": 1, ""p"": 11}]",CLOSED_EXACT_CYCLIC_PRESENTATION
88,157,5,10,"[{""brown_mod8"": 5, ""canonical_t"": 5, ""e"": 3, ""kind"": ""2-cyclic-odd"", ""p"": 2}, {""canonical_t"": 1, ""e"": 1, ""kind"": ""odd-cyclic"", ""legendre"": 1, ""p"": 11}]",CLOSED_EXACT_CYCLIC_PRESENTATION
88,159,15,10,"[{""brown_mod8"": 7, ""canonical_t"": 7, ""e"": 3, ""kind"": ""2-cyclic-odd"", ""p"": 2}, {""canonical_t"": 1, ""e"": 1, ""kind"": ""odd-cyclic"", ""legendre"": 1, ""p"": 11}]",CLOSED_EXACT_CYCLIC_PRESENTATION
88,161,17,10,"[{""brown_mod8"": 1, ""canonical_t"": 1, ""e"": 3, ""kind"": ""2-cyclic-odd"", ""p"": 2}, {""canonical_t"": 2, ""e"": 1, ""kind"": ""odd-cyclic"", ""legendre"": -1, ""p"": 11}]",CLOSED_EXACT_CYCLIC_PRESENTATION
88,163,3,10,"[{""brown_mod8"": 3, ""canonical_t"": 3, ""e"": 3, ""kind"": ""2-cyclic-odd"", ""p"": 2}, {""canonical_t"": 1, ""e"": 1, ""kind"": ""odd-cyclic"", ""legendre"": 1, ""p"": 11}]",CLOSED_EXACT_CYCLIC_PRESENTATION
88,167,7,10,"[{""brown_mod8"": 7, ""canonical_t"": 7, ""e"": 3, ""kind"": ""2-cyclic-odd"", ""p"": 2}, {""canonical_t"": 2, ""e"": 1, ""kind"": ""odd-cyclic"", ""legendre"": -1, ""p"": 11}]",CLOSED_EXACT_CYCLIC_PRESENTATION
88,169,1,10,"[{""brown_mod8"": 1, ""canonical_t"": 1, ""e"": 3, ""kind"": ""2-cyclic-odd"", ""p"": 2}, {""canonical_t"": 1, ""e"": 1, ""kind"": ""odd-cyclic"", ""legendre"": 1, ""p"": 11}]",CLOSED_EXACT_CYCLIC_PRESENTATION
88,171,19,10,"[{""brown_mod8"": 3, ""canonical_t"": 3, ""e"": 3, ""kind"": ""2-cyclic-odd"", ""p"": 2}, {""canonical_t"": 2, ""e"": 1, ""kind"": ""odd-cyclic"", ""legendre"": -1, ""p"": 11}]",CLOSED_EXACT_CYCLIC_PRESENTATION
88,173,13,10,"[{""brown_mod8"": 5, ""canonical_t"": 5, ""e"": 3, ""kind"": ""2-cyclic-odd"", ""p"": 2}, {""canonical_t"": 2, ""e"": 1, ""kind"": ""odd-cyclic"", ""legendre"": -1, ""p"": 11}]",CLOSED_EXACT_CYCLIC_PRESENTATION
88,175,7,10,"[{""brown_mod8"": 7, ""canonical_t"": 7, ""e"": 3, ""kind"": ""2-cyclic-odd"", ""p"": 2}, {""canonical_t"": 2, ""e"": 1, ""kind"": ""odd-cyclic"", ""legendre"": -1, ""p"": 11}]",CLOSED_EXACT_CYCLIC_PRESENTATION
89,1,1,44,"[{""canonical_t"": 1, ""e"": 1, ""kind"": ""odd-cyclic"", ""legendre"": 1, ""p"": 89}]",CLOSED_EXACT_CYCLIC_PRESENTATION
89,3,3,44,"[{""canonical_t"": 3, ""e"": 1, ""kind"": ""odd-cyclic"", ""legendre"": -1, ""p"": 89}]",CLOSED_EXACT_CYCLIC_PRESENTATION
89,5,1,44,"[{""canonical_t"": 1, ""e"": 1, ""kind"": ""odd-cyclic"", ""legendre"": 1, ""p"": 89}]",CLOSED_EXACT_CYCLIC_PRESENTATION
89,7,3,44,"[{""canonical_t"": 3, ""e"": 1, ""kind"": ""odd-cyclic"", ""legendre"": -1, ""p"": 89}]",CLOSED_EXACT_CYCLIC_PRESENTATION
89,9,1,44,"[{""canonical_t"": 1, ""e"": 1, ""kind"": ""odd-cyclic"", ""legendre"": 1, ""p"": 89}]",CLOSED_EXACT_CYCLIC_PRESENTATION
89,11,1,44,"[{""canonical_t"": 1, ""e"": 1, ""kind"": ""odd-cyclic"", ""legendre"": 1, ""p"": 89}]",CLOSED_EXACT_CYCLIC_PRESENTATION
89,13,3,44,"[{""canonical_t"": 3, ""e"": 1, ""kind"": ""odd-cyclic"", ""legendre"": -1, ""p"": 89}]",CLOSED_EXACT_CYCLIC_PRESENTATION
89,15,3,44,"[{""canonical_t"": 3, ""e"": 1, ""kind"": ""odd-cyclic"", ""legendre"": -1, ""p"": 89}]",CLOSED_EXACT_CYCLIC_PRESENTATION
89,17,1,44,"[{""canonical_t"": 1, ""e"": 1, ""kind"": ""odd-cyclic"", ""legendre"": 1, ""p"": 89}]",CLOSED_EXACT_CYCLIC_PRESENTATION
89,19,3,44,"[{""canonical_t"": 3, ""e"": 1, ""kind"": ""odd-cyclic"", ""legendre"": -1, ""p"": 89}]",CLOSED_EXACT_CYCLIC_PRESENTATION
89,21,1,44,"[{""canonical_t"": 1, ""e"": 1, ""kind"": ""odd-cyclic"", ""legendre"": 1, ""p"": 89}]",CLOSED_EXACT_CYCLIC_PRESENTATION
89,23,3,44,"[{""canonical_t"": 3, ""e"": 1, ""kind"": ""odd-cyclic"", ""legendre"": -1, ""p"": 89}]",CLOSED_EXACT_CYCLIC_PRESENTATION
89,25,1,44,"[{""canonical_t"": 1, ""e"": 1, ""kind"": ""odd-cyclic"", ""legendre"": 1, ""p"": 89}]",CLOSED_EXACT_CYCLIC_PRESENTATION
89,27,3,44,"[{""canonical_t"": 3, ""e"": 1, ""kind"": ""odd-cyclic"", ""legendre"": -1, ""p"": 89}]",CLOSED_EXACT_CYCLIC_PRESENTATION
89,29,3,44,"[{""canonical_t"": 3, ""e"": 1, ""kind"": ""odd-cyclic"", ""legendre"": -1, ""p"": 89}]",CLOSED_EXACT_CYCLIC_PRESENTATION
89,31,3,44,"[{""canonical_t"": 3, ""e"": 1, ""kind"": ""odd-cyclic"", ""legendre"": -1, ""p"": 89}]",CLOSED_EXACT_CYCLIC_PRESENTATION
89,33,3,44,"[{""canonical_t"": 3, ""e"": 1, ""kind"": ""odd-cyclic"", ""legendre"": -1, ""p"": 89}]",CLOSED_EXACT_CYCLIC_PRESENTATION
89,35,3,44,"[{""canonical_t"": 3, ""e"": 1, ""kind"": ""odd-cyclic"", ""legendre"": -1, ""p"": 89}]",CLOSED_EXACT_CYCLIC_PRESENTATION
89,37,3,44,"[{""canonical_t"": 3, ""e"": 1, ""kind"": ""odd-cyclic"", ""legendre"": -1, ""p"": 89}]",CLOSED_EXACT_CYCLIC_PRESENTATION
89,39,1,44,"[{""canonical_t"": 1, ""e"": 1, ""kind"": ""odd-cyclic"", ""legendre"": 1, ""p"": 89}]",CLOSED_EXACT_CYCLIC_PRESENTATION
89,41,3,44,"[{""canonical_t"": 3, ""e"": 1, ""kind"": ""odd-cyclic"", ""legendre"": -1, ""p"": 89}]",CLOSED_EXACT_CYCLIC_PRESENTATION
89,43,3,44,"[{""canonical_t"": 3, ""e"": 1, ""kind"": ""odd-cyclic"", ""legendre"": -1, ""p"": 89}]",CLOSED_EXACT_CYCLIC_PRESENTATION
89,45,1,44,"[{""canonical_t"": 1, ""e"": 1, ""kind"": ""odd-cyclic"", ""legendre"": 1, ""p"": 89}]",CLOSED_EXACT_CYCLIC_PRESENTATION
89,47,1,44,"[{""canonical_t"": 1, ""e"": 1, ""kind"": ""odd-cyclic"", ""legendre"": 1, ""p"": 89}]",CLOSED_EXACT_CYCLIC_PRESENTATION
89,49,1,44,"[{""canonical_t"": 1, ""e"": 1, ""kind"": ""odd-cyclic"", ""legendre"": 1, ""p"": 89}]",CLOSED_EXACT_CYCLIC_PRESENTATION
89,51,3,44,"[{""canonical_t"": 3, ""e"": 1, ""kind"": ""odd-cyclic"", ""legendre"": -1, ""p"": 89}]",CLOSED_EXACT_CYCLIC_PRESENTATION
89,53,1,44,"[{""canonical_t"": 1, ""e"": 1, ""kind"": ""odd-cyclic"", ""legendre"": 1, ""p"": 89}]",CLOSED_EXACT_CYCLIC_PRESENTATION
89,55,1,44,"[{""canonical_t"": 1, ""e"": 1, ""kind"": ""odd-cyclic"", ""legendre"": 1, ""p"": 89}]",CLOSED_EXACT_CYCLIC_PRESENTATION
89,57,1,44,"[{""canonical_t"": 1, ""e"": 1, ""kind"": ""odd-cyclic"", ""legendre"": 1, ""p"": 89}]",CLOSED_EXACT_CYCLIC_PRESENTATION
89,59,3,44,"[{""canonical_t"": 3, ""e"": 1, ""kind"": ""odd-cyclic"", ""legendre"": -1, ""p"": 89}]",CLOSED_EXACT_CYCLIC_PRESENTATION
89,61,3,44,"[{""canonical_t"": 3, ""e"": 1, ""kind"": ""odd-cyclic"", ""legendre"": -1, ""p"": 89}]",CLOSED_EXACT_CYCLIC_PRESENTATION
89,63,3,44,"[{""canonical_t"": 3, ""e"": 1, ""kind"": ""odd-cyclic"", ""legendre"": -1, ""p"": 89}]",CLOSED_EXACT_CYCLIC_PRESENTATION
89,65,3,44,"[{""canonical_t"": 3, ""e"": 1, ""kind"": ""odd-cyclic"", ""legendre"": -1, ""p"": 89}]",CLOSED_EXACT_CYCLIC_PRESENTATION
89,67,1,44,"[{""canonical_t"": 1, ""e"": 1, ""kind"": ""odd-cyclic"", ""legendre"": 1, ""p"": 89}]",CLOSED_EXACT_CYCLIC_PRESENTATION
89,69,1,44,"[{""canonical_t"": 1, ""e"": 1, ""kind"": ""odd-cyclic"", ""legendre"": 1, ""p"": 89}]",CLOSED_EXACT_CYCLIC_PRESENTATION
89,71,1,44,"[{""canonical_t"": 1, ""e"": 1, ""kind"": ""odd-cyclic"", ""legendre"": 1, ""p"": 89}]",CLOSED_EXACT_CYCLIC_PRESENTATION
89,73,1,44,"[{""canonical_t"": 1, ""e"": 1, ""kind"": ""odd-cyclic"", ""legendre"": 1, ""p"": 89}]",CLOSED_EXACT_CYCLIC_PRESENTATION
89,75,3,44,"[{""canonical_t"": 3, ""e"": 1, ""kind"": ""odd-cyclic"", ""legendre"": -1, ""p"": 89}]",CLOSED_EXACT_CYCLIC_PRESENTATION
89,77,3,44,"[{""canonical_t"": 3, ""e"": 1, ""kind"": ""odd-cyclic"", ""legendre"": -1, ""p"": 89}]",CLOSED_EXACT_CYCLIC_PRESENTATION
89,79,1,44,"[{""canonical_t"": 1, ""e"": 1, ""kind"": ""odd-cyclic"", ""legendre"": 1, ""p"": 89}]",CLOSED_EXACT_CYCLIC_PRESENTATION
89,81,1,44,"[{""canonical_t"": 1, ""e"": 1, ""kind"": ""odd-cyclic"", ""legendre"": 1, ""p"": 89}]",CLOSED_EXACT_CYCLIC_PRESENTATION
89,83,3,44,"[{""canonical_t"": 3, ""e"": 1, ""kind"": ""odd-cyclic"", ""legendre"": -1, ""p"": 89}]",CLOSED_EXACT_CYCLIC_PRESENTATION
89,85,1,44,"[{""canonical_t"": 1, ""e"": 1, ""kind"": ""odd-cyclic"", ""legendre"": 1, ""p"": 89}]",CLOSED_EXACT_CYCLIC_PRESENTATION
89,87,1,44,"[{""canonical_t"": 1, ""e"": 1, ""kind"": ""odd-cyclic"", ""legendre"": 1, ""p"": 89}]",CLOSED_EXACT_CYCLIC_PRESENTATION
89,91,1,44,"[{""canonical_t"": 1, ""e"": 1, ""kind"": ""odd-cyclic"", ""legendre"": 1, ""p"": 89}]",CLOSED_EXACT_CYCLIC_PRESENTATION
89,93,1,44,"[{""canonical_t"": 1, ""e"": 1, ""kind"": ""odd-cyclic"", ""legendre"": 1, ""p"": 89}]",CLOSED_EXACT_CYCLIC_PRESENTATION
89,95,3,44,"[{""canonical_t"": 3, ""e"": 1, ""kind"": ""odd-cyclic"", ""legendre"": -1, ""p"": 89}]",CLOSED_EXACT_CYCLIC_PRESENTATION
89,97,1,44,"[{""canonical_t"": 1, ""e"": 1, ""kind"": ""odd-cyclic"", ""legendre"": 1, ""p"": 89}]",CLOSED_EXACT_CYCLIC_PRESENTATION
89,99,1,44,"[{""canonical_t"": 1, ""e"": 1, ""kind"": ""odd-cyclic"", ""legendre"": 1, ""p"": 89}]",CLOSED_EXACT_CYCLIC_PRESENTATION
89,101,3,44,"[{""canonical_t"": 3, ""e"": 1, ""kind"": ""odd-cyclic"", ""legendre"": -1, ""p"": 89}]",CLOSED_EXACT_CYCLIC_PRESENTATION
89,103,3,44,"[{""canonical_t"": 3, ""e"": 1, ""kind"": ""odd-cyclic"", ""legendre"": -1, ""p"": 89}]",CLOSED_EXACT_CYCLIC_PRESENTATION
89,105,1,44,"[{""canonical_t"": 1, ""e"": 1, ""kind"": ""odd-cyclic"", ""legendre"": 1, ""p"": 89}]",CLOSED_EXACT_CYCLIC_PRESENTATION
89,107,1,44,"[{""canonical_t"": 1, ""e"": 1, ""kind"": ""odd-cyclic"", ""legendre"": 1, ""p"": 89}]",CLOSED_EXACT_CYCLIC_PRESENTATION
89,109,1,44,"[{""canonical_t"": 1, ""e"": 1, ""kind"": ""odd-cyclic"", ""legendre"": 1, ""p"": 89}]",CLOSED_EXACT_CYCLIC_PRESENTATION
89,111,1,44,"[{""canonical_t"": 1, ""e"": 1, ""kind"": ""odd-cyclic"", ""legendre"": 1, ""p"": 89}]",CLOSED_EXACT_CYCLIC_PRESENTATION
89,113,3,44,"[{""canonical_t"": 3, ""e"": 1, ""kind"": ""odd-cyclic"", ""legendre"": -1, ""p"": 89}]",CLOSED_EXACT_CYCLIC_PRESENTATION
89,115,3,44,"[{""canonical_t"": 3, ""e"": 1, ""kind"": ""odd-cyclic"", ""legendre"": -1, ""p"": 89}]",CLOSED_EXACT_CYCLIC_PRESENTATION
89,117,3,44,"[{""canonical_t"": 3, ""e"": 1, ""kind"": ""odd-cyclic"", ""legendre"": -1, ""p"": 89}]",CLOSED_EXACT_CYCLIC_PRESENTATION
89,119,3,44,"[{""canonical_t"": 3, ""e"": 1, ""kind"": ""odd-cyclic"", ""legendre"": -1, ""p"": 89}]",CLOSED_EXACT_CYCLIC_PRESENTATION
89,121,1,44,"[{""canonical_t"": 1, ""e"": 1, ""kind"": ""odd-cyclic"", ""legendre"": 1, ""p"": 89}]",CLOSED_EXACT_CYCLIC_PRESENTATION
89,123,1,44,"[{""canonical_t"": 1, ""e"": 1, ""kind"": ""odd-cyclic"", ""legendre"": 1, ""p"": 89}]",CLOSED_EXACT_CYCLIC_PRESENTATION
89,125,1,44,"[{""canonical_t"": 1, ""e"": 1, ""kind"": ""odd-cyclic"", ""legendre"": 1, ""p"": 89}]",CLOSED_EXACT_CYCLIC_PRESENTATION
89,127,3,44,"[{""canonical_t"": 3, ""e"": 1, ""kind"": ""odd-cyclic"", ""legendre"": -1, ""p"": 89}]",CLOSED_EXACT_CYCLIC_PRESENTATION
89,129,1,44,"[{""canonical_t"": 1, ""e"": 1, ""kind"": ""odd-cyclic"", ""legendre"": 1, ""p"": 89}]",CLOSED_EXACT_CYCLIC_PRESENTATION
89,131,1,44,"[{""canonical_t"": 1, ""e"": 1, ""kind"": ""odd-cyclic"", ""legendre"": 1, ""p"": 89}]",CLOSED_EXACT_CYCLIC_PRESENTATION
89,133,1,44,"[{""canonical_t"": 1, ""e"": 1, ""kind"": ""odd-cyclic"", ""legendre"": 1, ""p"": 89}]",CLOSED_EXACT_CYCLIC_PRESENTATION
89,135,3,44,"[{""canonical_t"": 3, ""e"": 1, ""kind"": ""odd-cyclic"", ""legendre"": -1, ""p"": 89}]",CLOSED_EXACT_CYCLIC_PRESENTATION
89,137,3,44,"[{""canonical_t"": 3, ""e"": 1, ""kind"": ""odd-cyclic"", ""legendre"": -1, ""p"": 89}]",CLOSED_EXACT_CYCLIC_PRESENTATION
89,139,1,44,"[{""canonical_t"": 1, ""e"": 1, ""kind"": ""odd-cyclic"", ""legendre"": 1, ""p"": 89}]",CLOSED_EXACT_CYCLIC_PRESENTATION
89,141,3,44,"[{""canonical_t"": 3, ""e"": 1, ""kind"": ""odd-cyclic"", ""legendre"": -1, ""p"": 89}]",CLOSED_EXACT_CYCLIC_PRESENTATION
89,143,3,44,"[{""canonical_t"": 3, ""e"": 1, ""kind"": ""odd-cyclic"", ""legendre"": -1, ""p"": 89}]",CLOSED_EXACT_CYCLIC_PRESENTATION
89,145,3,44,"[{""canonical_t"": 3, ""e"": 1, ""kind"": ""odd-cyclic"", ""legendre"": -1, ""p"": 89}]",CLOSED_EXACT_CYCLIC_PRESENTATION
89,147,3,44,"[{""canonical_t"": 3, ""e"": 1, ""kind"": ""odd-cyclic"", ""legendre"": -1, ""p"": 89}]",CLOSED_EXACT_CYCLIC_PRESENTATION
89,149,3,44,"[{""canonical_t"": 3, ""e"": 1, ""kind"": ""odd-cyclic"", ""legendre"": -1, ""p"": 89}]",CLOSED_EXACT_CYCLIC_PRESENTATION
89,151,3,44,"[{""canonical_t"": 3, ""e"": 1, ""kind"": ""odd-cyclic"", ""legendre"": -1, ""p"": 89}]",CLOSED_EXACT_CYCLIC_PRESENTATION
89,153,1,44,"[{""canonical_t"": 1, ""e"": 1, ""kind"": ""odd-cyclic"", ""legendre"": 1, ""p"": 89}]",CLOSED_EXACT_CYCLIC_PRESENTATION
89,155,3,44,"[{""canonical_t"": 3, ""e"": 1, ""kind"": ""odd-cyclic"", ""legendre"": -1, ""p"": 89}]",CLOSED_EXACT_CYCLIC_PRESENTATION
89,157,1,44,"[{""canonical_t"": 1, ""e"": 1, ""kind"": ""odd-cyclic"", ""legendre"": 1, ""p"": 89}]",CLOSED_EXACT_CYCLIC_PRESENTATION
89,159,3,44,"[{""canonical_t"": 3, ""e"": 1, ""kind"": ""odd-cyclic"", ""legendre"": -1, ""p"": 89}]",CLOSED_EXACT_CYCLIC_PRESENTATION
89,161,1,44,"[{""canonical_t"": 1, ""e"": 1, ""kind"": ""odd-cyclic"", ""legendre"": 1, ""p"": 89}]",CLOSED_EXACT_CYCLIC_PRESENTATION
89,163,3,44,"[{""canonical_t"": 3, ""e"": 1, ""kind"": ""odd-cyclic"", ""legendre"": -1, ""p"": 89}]",CLOSED_EXACT_CYCLIC_PRESENTATION
89,165,3,44,"[{""canonical_t"": 3, ""e"": 1, ""kind"": ""odd-cyclic"", ""legendre"": -1, ""p"": 89}]",CLOSED_EXACT_CYCLIC_PRESENTATION
89,167,1,44,"[{""canonical_t"": 1, ""e"": 1, ""kind"": ""odd-cyclic"", ""legendre"": 1, ""p"": 89}]",CLOSED_EXACT_CYCLIC_PRESENTATION
89,169,1,44,"[{""canonical_t"": 1, ""e"": 1, ""kind"": ""odd-cyclic"", ""legendre"": 1, ""p"": 89}]",CLOSED_EXACT_CYCLIC_PRESENTATION
89,171,3,44,"[{""canonical_t"": 3, ""e"": 1, ""kind"": ""odd-cyclic"", ""legendre"": -1, ""p"": 89}]",CLOSED_EXACT_CYCLIC_PRESENTATION
89,173,1,44,"[{""canonical_t"": 1, ""e"": 1, ""kind"": ""odd-cyclic"", ""legendre"": 1, ""p"": 89}]",CLOSED_EXACT_CYCLIC_PRESENTATION
89,175,3,44,"[{""canonical_t"": 3, ""e"": 1, ""kind"": ""odd-cyclic"", ""legendre"": -1, ""p"": 89}]",CLOSED_EXACT_CYCLIC_PRESENTATION
89,177,1,44,"[{""canonical_t"": 1, ""e"": 1, ""kind"": ""odd-cyclic"", ""legendre"": 1, ""p"": 89}]",CLOSED_EXACT_CYCLIC_PRESENTATION
90,1,1,6,"[{""brown_mod8"": 1, ""canonical_t"": 1, ""e"": 1, ""kind"": ""2-cyclic-odd"", ""p"": 2}, {""canonical_t"": 1, ""e"": 2, ""kind"": ""odd-cyclic"", ""legendre"": 1, ""p"": 3}, {""canonical_t"": 1, ""e"": 1, ""kind"": ""odd-cyclic"", ""legendre"": 1, ""p"": 5}]",CLOSED_EXACT_CYCLIC_PRESENTATION
90,7,7,6,"[{""brown_mod8"": 3, ""canonical_t"": 3, ""e"": 1, ""kind"": ""2-cyclic-odd"", ""p"": 2}, {""canonical_t"": 1, ""e"": 2, ""kind"": ""odd-cyclic"", ""legendre"": 1, ""p"": 3}, {""canonical_t"": 2, ""e"": 1, ""kind"": ""odd-cyclic"", ""legendre"": -1, ""p"": 5}]",CLOSED_EXACT_CYCLIC_PRESENTATION
90,11,11,6,"[{""brown_mod8"": 3, ""canonical_t"": 3, ""e"": 1, ""kind"": ""2-cyclic-odd"", ""p"": 2}, {""canonical_t"": 2, ""e"": 2, ""kind"": ""odd-cyclic"", ""legendre"": -1, ""p"": 3}, {""canonical_t"": 1, ""e"": 1, ""kind"": ""odd-cyclic"", ""legendre"": 1, ""p"": 5}]",CLOSED_EXACT_CYCLIC_PRESENTATION
90,13,13,6,"[{""brown_mod8"": 1, ""canonical_t"": 1, ""e"": 1, ""kind"": ""2-cyclic-odd"", ""p"": 2}, {""canonical_t"": 1, ""e"": 2, ""kind"": ""odd-cyclic"", ""legendre"": 1, ""p"": 3}, {""canonical_t"": 2, ""e"": 1, ""kind"": ""odd-cyclic"", ""legendre"": -1, ""p"": 5}]",CLOSED_EXACT_CYCLIC_PRESENTATION
90,17,17,6,"[{""brown_mod8"": 1, ""canonical_t"": 1, ""e"": 1, ""kind"": ""2-cyclic-odd"", ""p"": 2}, {""canonical_t"": 2, ""e"": 2, ""kind"": ""odd-cyclic"", ""legendre"": -1, ""p"": 3}, {""canonical_t"": 2, ""e"": 1, ""kind"": ""odd-cyclic"", ""legendre"": -1, ""p"": 5}]",CLOSED_EXACT_CYCLIC_PRESENTATION
90,19,19,6,"[{""brown_mod8"": 3, ""canonical_t"": 3, ""e"": 1, ""kind"": ""2-cyclic-odd"", ""p"": 2}, {""canonical_t"": 1, ""e"": 2, ""kind"": ""odd-cyclic"", ""legendre"": 1, ""p"": 3}, {""canonical_t"": 1, ""e"": 1, ""kind"": ""odd-cyclic"", ""legendre"": 1, ""p"": 5}]",CLOSED_EXACT_CYCLIC_PRESENTATION
90,23,23,6,"[{""brown_mod8"": 3, ""canonical_t"": 3, ""e"": 1, ""kind"": ""2-cyclic-odd"", ""p"": 2}, {""canonical_t"": 2, ""e"": 2, ""kind"": ""odd-cyclic"", ""legendre"": -1, ""p"": 3}, {""canonical_t"": 2, ""e"": 1, ""kind"": ""odd-cyclic"", ""legendre"": -1, ""p"": 5}]",CLOSED_EXACT_CYCLIC_PRESENTATION
90,29,29,6,"[{""brown_mod8"": 1, ""canonical_t"": 1, ""e"": 1, ""kind"": ""2-cyclic-odd"", ""p"": 2}, {""canonical_t"": 2, ""e"": 2, ""kind"": ""odd-cyclic"", ""legendre"": -1, ""p"": 3}, {""canonical_t"": 1, ""e"": 1, ""kind"": ""odd-cyclic"", ""legendre"": 1, ""p"": 5}]",CLOSED_EXACT_CYCLIC_PRESENTATION
90,31,19,6,"[{""brown_mod8"": 3, ""canonical_t"": 3, ""e"": 1, ""kind"": ""2-cyclic-odd"", ""p"": 2}, {""canonical_t"": 1, ""e"": 2, ""kind"": ""odd-cyclic"", ""legendre"": 1, ""p"": 3}, {""canonical_t"": 1, ""e"": 1, ""kind"": ""odd-cyclic"", ""legendre"": 1, ""p"": 5}]",CLOSED_EXACT_CYCLIC_PRESENTATION
90,37,13,6,"[{""brown_mod8"": 1, ""canonical_t"": 1, ""e"": 1, ""kind"": ""2-cyclic-odd"", ""p"": 2}, {""canonical_t"": 1, ""e"": 2, ""kind"": ""odd-cyclic"", ""legendre"": 1, ""p"": 3}, {""canonical_t"": 2, ""e"": 1, ""kind"": ""odd-cyclic"", ""legendre"": -1, ""p"": 5}]",CLOSED_EXACT_CYCLIC_PRESENTATION
90,41,29,6,"[{""brown_mod8"": 1, ""canonical_t"": 1, ""e"": 1, ""kind"": ""2-cyclic-odd"", ""p"": 2}, {""canonical_t"": 2, ""e"": 2, ""kind"": ""odd-cyclic"", ""legendre"": -1, ""p"": 3}, {""canonical_t"": 1, ""e"": 1, ""kind"": ""odd-cyclic"", ""legendre"": 1, ""p"": 5}]",CLOSED_EXACT_CYCLIC_PRESENTATION
90,43,7,6,"[{""brown_mod8"": 3, ""canonical_t"": 3, ""e"": 1, ""kind"": ""2-cyclic-odd"", ""p"": 2}, {""canonical_t"": 1, ""e"": 2, ""kind"": ""odd-cyclic"", ""legendre"": 1, ""p"": 3}, {""canonical_t"": 2, ""e"": 1, ""kind"": ""odd-cyclic"", ""legendre"": -1, ""p"": 5}]",CLOSED_EXACT_CYCLIC_PRESENTATION
90,47,23,6,"[{""brown_mod8"": 3, ""canonical_t"": 3, ""e"": 1, ""kind"": ""2-cyclic-odd"", ""p"": 2}, {""canonical_t"": 2, ""e"": 2, ""kind"": ""odd-cyclic"", ""legendre"": -1, ""p"": 3}, {""canonical_t"": 2, ""e"": 1, ""kind"": ""odd-cyclic"", ""legendre"": -1, ""p"": 5}]",CLOSED_EXACT_CYCLIC_PRESENTATION
90,49,1,6,"[{""brown_mod8"": 1, ""canonical_t"": 1, ""e"": 1, ""kind"": ""2-cyclic-odd"", ""p"": 2}, {""canonical_t"": 1, ""e"": 2, ""kind"": ""odd-cyclic"", ""legendre"": 1, ""p"": 3}, {""canonical_t"": 1, ""e"": 1, ""kind"": ""odd-cyclic"", ""legendre"": 1, ""p"": 5}]",CLOSED_EXACT_CYCLIC_PRESENTATION
90,53,17,6,"[{""brown_mod8"": 1, ""canonical_t"": 1, ""e"": 1, ""kind"": ""2-cyclic-odd"", ""p"": 2}, {""canonical_t"": 2, ""e"": 2, ""kind"": ""odd-cyclic"", ""legendre"": -1, ""p"": 3}, {""canonical_t"": 2, ""e"": 1, ""kind"": ""odd-cyclic"", ""legendre"": -1, ""p"": 5}]",CLOSED_EXACT_CYCLIC_PRESENTATION
90,59,11,6,"[{""brown_mod8"": 3, ""canonical_t"": 3, ""e"": 1, ""kind"": ""2-cyclic-odd"", ""p"": 2}, {""canonical_t"": 2, ""e"": 2, ""kind"": ""odd-cyclic"", ""legendre"": -1, ""p"": 3}, {""canonical_t"": 1, ""e"": 1, ""kind"": ""odd-cyclic"", ""legendre"": 1, ""p"": 5}]",CLOSED_EXACT_CYCLIC_PRESENTATION
90,61,1,6,"[{""brown_mod8"": 1, ""canonical_t"": 1, ""e"": 1, ""kind"": ""2-cyclic-odd"", ""p"": 2}, {""canonical_t"": 1, ""e"": 2, ""kind"": ""odd-cyclic"", ""legendre"": 1, ""p"": 3}, {""canonical_t"": 1, ""e"": 1, ""kind"": ""odd-cyclic"", ""legendre"": 1, ""p"": 5}]",CLOSED_EXACT_CYCLIC_PRESENTATION
90,67,7,6,"[{""brown_mod8"": 3, ""canonical_t"": 3, ""e"": 1, ""kind"": ""2-cyclic-odd"", ""p"": 2}, {""canonical_t"": 1, ""e"": 2, ""kind"": ""odd-cyclic"", ""legendre"": 1, ""p"": 3}, {""canonical_t"": 2, ""e"": 1, ""kind"": ""odd-cyclic"", ""legendre"": -1, ""p"": 5}]",CLOSED_EXACT_CYCLIC_PRESENTATION
90,71,11,6,"[{""brown_mod8"": 3, ""canonical_t"": 3, ""e"": 1, ""kind"": ""2-cyclic-odd"", ""p"": 2}, {""canonical_t"": 2, ""e"": 2, ""kind"": ""odd-cyclic"", ""legendre"": -1, ""p"": 3}, {""canonical_t"": 1, ""e"": 1, ""kind"": ""odd-cyclic"", ""legendre"": 1, ""p"": 5}]",CLOSED_EXACT_CYCLIC_PRESENTATION
90,73,13,6,"[{""brown_mod8"": 1, ""canonical_t"": 1, ""e"": 1, ""kind"": ""2-cyclic-odd"", ""p"": 2}, {""canonical_t"": 1, ""e"": 2, ""kind"": ""odd-cyclic"", ""legendre"": 1, ""p"": 3}, {""canonical_t"": 2, ""e"": 1, ""kind"": ""odd-cyclic"", ""legendre"": -1, ""p"": 5}]",CLOSED_EXACT_CYCLIC_PRESENTATION
90,77,17,6,"[{""brown_mod8"": 1, ""canonical_t"": 1, ""e"": 1, ""kind"": ""2-cyclic-odd"", ""p"": 2}, {""canonical_t"": 2, ""e"": 2, ""kind"": ""odd-cyclic"", ""legendre"": -1, ""p"": 3}, {""canonical_t"": 2, ""e"": 1, ""kind"": ""odd-cyclic"", ""legendre"": -1, ""p"": 5}]",CLOSED_EXACT_CYCLIC_PRESENTATION
90,79,19,6,"[{""brown_mod8"": 3, ""canonical_t"": 3, ""e"": 1, ""kind"": ""2-cyclic-odd"", ""p"": 2}, {""canonical_t"": 1, ""e"": 2, ""kind"": ""odd-cyclic"", ""legendre"": 1, ""p"": 3}, {""canonical_t"": 1, ""e"": 1, ""kind"": ""odd-cyclic"", ""legendre"": 1, ""p"": 5}]",CLOSED_EXACT_CYCLIC_PRESENTATION
90,83,23,6,"[{""brown_mod8"": 3, ""canonical_t"": 3, ""e"": 1, ""kind"": ""2-cyclic-odd"", ""p"": 2}, {""canonical_t"": 2, ""e"": 2, ""kind"": ""odd-cyclic"", ""legendre"": -1, ""p"": 3}, {""canonical_t"": 2, ""e"": 1, ""kind"": ""odd-cyclic"", ""legendre"": -1, ""p"": 5}]",CLOSED_EXACT_CYCLIC_PRESENTATION
90,89,29,6,"[{""brown_mod8"": 1, ""canonical_t"": 1, ""e"": 1, ""kind"": ""2-cyclic-odd"", ""p"": 2}, {""canonical_t"": 2, ""e"": 2, ""kind"": ""odd-cyclic"", ""legendre"": -1, ""p"": 3}, {""canonical_t"": 1, ""e"": 1, ""kind"": ""odd-cyclic"", ""legendre"": 1, ""p"": 5}]",CLOSED_EXACT_CYCLIC_PRESENTATION
90,91,19,6,"[{""brown_mod8"": 3, ""canonical_t"": 3, ""e"": 1, ""kind"": ""2-cyclic-odd"", ""p"": 2}, {""canonical_t"": 1, ""e"": 2, ""kind"": ""odd-cyclic"", ""legendre"": 1, ""p"": 3}, {""canonical_t"": 1, ""e"": 1, ""kind"": ""odd-cyclic"", ""legendre"": 1, ""p"": 5}]",CLOSED_EXACT_CYCLIC_PRESENTATION
90,97,13,6,"[{""brown_mod8"": 1, ""canonical_t"": 1, ""e"": 1, ""kind"": ""2-cyclic-odd"", ""p"": 2}, {""canonical_t"": 1, ""e"": 2, ""kind"": ""odd-cyclic"", ""legendre"": 1, ""p"": 3}, {""canonical_t"": 2, ""e"": 1, ""kind"": ""odd-cyclic"", ""legendre"": -1, ""p"": 5}]",CLOSED_EXACT_CYCLIC_PRESENTATION
90,101,29,6,"[{""brown_mod8"": 1, ""canonical_t"": 1, ""e"": 1, ""kind"": ""2-cyclic-odd"", ""p"": 2}, {""canonical_t"": 2, ""e"": 2, ""kind"": ""odd-cyclic"", ""legendre"": -1, ""p"": 3}, {""canonical_t"": 1, ""e"": 1, ""kind"": ""odd-cyclic"", ""legendre"": 1, ""p"": 5}]",CLOSED_EXACT_CYCLIC_PRESENTATION
90,103,7,6,"[{""brown_mod8"": 3, ""canonical_t"": 3, ""e"": 1, ""kind"": ""2-cyclic-odd"", ""p"": 2}, {""canonical_t"": 1, ""e"": 2, ""kind"": ""odd-cyclic"", ""legendre"": 1, ""p"": 3}, {""canonical_t"": 2, ""e"": 1, ""kind"": ""odd-cyclic"", ""legendre"": -1, ""p"": 5}]",CLOSED_EXACT_CYCLIC_PRESENTATION
90,107,23,6,"[{""brown_mod8"": 3, ""canonical_t"": 3, ""e"": 1, ""kind"": ""2-cyclic-odd"", ""p"": 2}, {""canonical_t"": 2, ""e"": 2, ""kind"": ""odd-cyclic"", ""legendre"": -1, ""p"": 3}, {""canonical_t"": 2, ""e"": 1, ""kind"": ""odd-cyclic"", ""legendre"": -1, ""p"": 5}]",CLOSED_EXACT_CYCLIC_PRESENTATION
90,109,1,6,"[{""brown_mod8"": 1, ""canonical_t"": 1, ""e"": 1, ""kind"": ""2-cyclic-odd"", ""p"": 2}, {""canonical_t"": 1, ""e"": 2, ""kind"": ""odd-cyclic"", ""legendre"": 1, ""p"": 3}, {""canonical_t"": 1, ""e"": 1, ""kind"": ""odd-cyclic"", ""legendre"": 1, ""p"": 5}]",CLOSED_EXACT_CYCLIC_PRESENTATION
90,113,17,6,"[{""brown_mod8"": 1, ""canonical_t"": 1, ""e"": 1, ""kind"": ""2-cyclic-odd"", ""p"": 2}, {""canonical_t"": 2, ""e"": 2, ""kind"": ""odd-cyclic"", ""legendre"": -1, ""p"": 3}, {""canonical_t"": 2, ""e"": 1, ""kind"": ""odd-cyclic"", ""legendre"": -1, ""p"": 5}]",CLOSED_EXACT_CYCLIC_PRESENTATION
90,119,11,6,"[{""brown_mod8"": 3, ""canonical_t"": 3, ""e"": 1, ""kind"": ""2-cyclic-odd"", ""p"": 2}, {""canonical_t"": 2, ""e"": 2, ""kind"": ""odd-cyclic"", ""legendre"": -1, ""p"": 3}, {""canonical_t"": 1, ""e"": 1, ""kind"": ""odd-cyclic"", ""legendre"": 1, ""p"": 5}]",CLOSED_EXACT_CYCLIC_PRESENTATION
90,121,1,6,"[{""brown_mod8"": 1, ""canonical_t"": 1, ""e"": 1, ""kind"": ""2-cyclic-odd"", ""p"": 2}, {""canonical_t"": 1, ""e"": 2, ""kind"": ""odd-cyclic"", ""legendre"": 1, ""p"": 3}, {""canonical_t"": 1, ""e"": 1, ""kind"": ""odd-cyclic"", ""legendre"": 1, ""p"": 5}]",CLOSED_EXACT_CYCLIC_PRESENTATION
90,127,7,6,"[{""brown_mod8"": 3, ""canonical_t"": 3, ""e"": 1, ""kind"": ""2-cyclic-odd"", ""p"": 2}, {""canonical_t"": 1, ""e"": 2, ""kind"": ""odd-cyclic"", ""legendre"": 1, ""p"": 3}, {""canonical_t"": 2, ""e"": 1, ""kind"": ""odd-cyclic"", ""legendre"": -1, ""p"": 5}]",CLOSED_EXACT_CYCLIC_PRESENTATION
90,131,11,6,"[{""brown_mod8"": 3, ""canonical_t"": 3, ""e"": 1, ""kind"": ""2-cyclic-odd"", ""p"": 2}, {""canonical_t"": 2, ""e"": 2, ""kind"": ""odd-cyclic"", ""legendre"": -1, ""p"": 3}, {""canonical_t"": 1, ""e"": 1, ""kind"": ""odd-cyclic"", ""legendre"": 1, ""p"": 5}]",CLOSED_EXACT_CYCLIC_PRESENTATION
90,133,13,6,"[{""brown_mod8"": 1, ""canonical_t"": 1, ""e"": 1, ""kind"": ""2-cyclic-odd"", ""p"": 2}, {""canonical_t"": 1, ""e"": 2, ""kind"": ""odd-cyclic"", ""legendre"": 1, ""p"": 3}, {""canonical_t"": 2, ""e"": 1, ""kind"": ""odd-cyclic"", ""legendre"": -1, ""p"": 5}]",CLOSED_EXACT_CYCLIC_PRESENTATION
90,137,17,6,"[{""brown_mod8"": 1, ""canonical_t"": 1, ""e"": 1, ""kind"": ""2-cyclic-odd"", ""p"": 2}, {""canonical_t"": 2, ""e"": 2, ""kind"": ""odd-cyclic"", ""legendre"": -1, ""p"": 3}, {""canonical_t"": 2, ""e"": 1, ""kind"": ""odd-cyclic"", ""legendre"": -1, ""p"": 5}]",CLOSED_EXACT_CYCLIC_PRESENTATION
90,139,19,6,"[{""brown_mod8"": 3, ""canonical_t"": 3, ""e"": 1, ""kind"": ""2-cyclic-odd"", ""p"": 2}, {""canonical_t"": 1, ""e"": 2, ""kind"": ""odd-cyclic"", ""legendre"": 1, ""p"": 3}, {""canonical_t"": 1, ""e"": 1, ""kind"": ""odd-cyclic"", ""legendre"": 1, ""p"": 5}]",CLOSED_EXACT_CYCLIC_PRESENTATION
90,143,23,6,"[{""brown_mod8"": 3, ""canonical_t"": 3, ""e"": 1, ""kind"": ""2-cyclic-odd"", ""p"": 2}, {""canonical_t"": 2, ""e"": 2, ""kind"": ""odd-cyclic"", ""legendre"": -1, ""p"": 3}, {""canonical_t"": 2, ""e"": 1, ""kind"": ""odd-cyclic"", ""legendre"": -1, ""p"": 5}]",CLOSED_EXACT_CYCLIC_PRESENTATION
90,149,29,6,"[{""brown_mod8"": 1, ""canonical_t"": 1, ""e"": 1, ""kind"": ""2-cyclic-odd"", ""p"": 2}, {""canonical_t"": 2, ""e"": 2, ""kind"": ""odd-cyclic"", ""legendre"": -1, ""p"": 3}, {""canonical_t"": 1, ""e"": 1, ""kind"": ""odd-cyclic"", ""legendre"": 1, ""p"": 5}]",CLOSED_EXACT_CYCLIC_PRESENTATION
90,151,19,6,"[{""brown_mod8"": 3, ""canonical_t"": 3, ""e"": 1, ""kind"": ""2-cyclic-odd"", ""p"": 2}, {""canonical_t"": 1, ""e"": 2, ""kind"": ""odd-cyclic"", ""legendre"": 1, ""p"": 3}, {""canonical_t"": 1, ""e"": 1, ""kind"": ""odd-cyclic"", ""legendre"": 1, ""p"": 5}]",CLOSED_EXACT_CYCLIC_PRESENTATION
90,157,13,6,"[{""brown_mod8"": 1, ""canonical_t"": 1, ""e"": 1, ""kind"": ""2-cyclic-odd"", ""p"": 2}, {""canonical_t"": 1, ""e"": 2, ""kind"": ""odd-cyclic"", ""legendre"": 1, ""p"": 3}, {""canonical_t"": 2, ""e"": 1, ""kind"": ""odd-cyclic"", ""legendre"": -1, ""p"": 5}]",CLOSED_EXACT_CYCLIC_PRESENTATION
90,161,29,6,"[{""brown_mod8"": 1, ""canonical_t"": 1, ""e"": 1, ""kind"": ""2-cyclic-odd"", ""p"": 2}, {""canonical_t"": 2, ""e"": 2, ""kind"": ""odd-cyclic"", ""legendre"": -1, ""p"": 3}, {""canonical_t"": 1, ""e"": 1, ""kind"": ""odd-cyclic"", ""legendre"": 1, ""p"": 5}]",CLOSED_EXACT_CYCLIC_PRESENTATION
90,163,7,6,"[{""brown_mod8"": 3, ""canonical_t"": 3, ""e"": 1, ""kind"": ""2-cyclic-odd"", ""p"": 2}, {""canonical_t"": 1, ""e"": 2, ""kind"": ""odd-cyclic"", ""legendre"": 1, ""p"": 3}, {""canonical_t"": 2, ""e"": 1, ""kind"": ""odd-cyclic"", ""legendre"": -1, ""p"": 5}]",CLOSED_EXACT_CYCLIC_PRESENTATION
90,167,23,6,"[{""brown_mod8"": 3, ""canonical_t"": 3, ""e"": 1, ""kind"": ""2-cyclic-odd"", ""p"": 2}, {""canonical_t"": 2, ""e"": 2, ""kind"": ""odd-cyclic"", ""legendre"": -1, ""p"": 3}, {""canonical_t"": 2, ""e"": 1, ""kind"": ""odd-cyclic"", ""legendre"": -1, ""p"": 5}]",CLOSED_EXACT_CYCLIC_PRESENTATION
90,169,1,6,"[{""brown_mod8"": 1, ""canonical_t"": 1, ""e"": 1, ""kind"": ""2-cyclic-odd"", ""p"": 2}, {""canonical_t"": 1, ""e"": 2, ""kind"": ""odd-cyclic"", ""legendre"": 1, ""p"": 3}, {""canonical_t"": 1, ""e"": 1, ""kind"": ""odd-cyclic"", ""legendre"": 1, ""p"": 5}]",CLOSED_EXACT_CYCLIC_PRESENTATION
90,173,17,6,"[{""brown_mod8"": 1, ""canonical_t"": 1, ""e"": 1, ""kind"": ""2-cyclic-odd"", ""p"": 2}, {""canonical_t"": 2, ""e"": 2, ""kind"": ""odd-cyclic"", ""legendre"": -1, ""p"": 3}, {""canonical_t"": 2, ""e"": 1, ""kind"": ""odd-cyclic"", ""legendre"": -1, ""p"": 5}]",CLOSED_EXACT_CYCLIC_PRESENTATION
90,179,11,6,"[{""brown_mod8"": 3, ""canonical_t"": 3, ""e"": 1, ""kind"": ""2-cyclic-odd"", ""p"": 2}, {""canonical_t"": 2, ""e"": 2, ""kind"": ""odd-cyclic"", ""legendre"": -1, ""p"": 3}, {""canonical_t"": 1, ""e"": 1, ""kind"": ""odd-cyclic"", ""legendre"": 1, ""p"": 5}]",CLOSED_EXACT_CYCLIC_PRESENTATION
91,1,1,18,"[{""canonical_t"": 1, ""e"": 1, ""kind"": ""odd-cyclic"", ""legendre"": 1, ""p"": 7}, {""canonical_t"": 1, ""e"": 1, ""kind"": ""odd-cyclic"", ""legendre"": 1, ""p"": 13}]",CLOSED_EXACT_CYCLIC_PRESENTATION
91,3,3,18,"[{""canonical_t"": 3, ""e"": 1, ""kind"": ""odd-cyclic"", ""legendre"": -1, ""p"": 7}, {""canonical_t"": 1, ""e"": 1, ""kind"": ""odd-cyclic"", ""legendre"": 1, ""p"": 13}]",CLOSED_EXACT_CYCLIC_PRESENTATION
91,5,5,18,"[{""canonical_t"": 3, ""e"": 1, ""kind"": ""odd-cyclic"", ""legendre"": -1, ""p"": 7}, {""canonical_t"": 2, ""e"": 1, ""kind"": ""odd-cyclic"", ""legendre"": -1, ""p"": 13}]",CLOSED_EXACT_CYCLIC_PRESENTATION
91,9,1,18,"[{""canonical_t"": 1, ""e"": 1, ""kind"": ""odd-cyclic"", ""legendre"": 1, ""p"": 7}, {""canonical_t"": 1, ""e"": 1, ""kind"": ""odd-cyclic"", ""legendre"": 1, ""p"": 13}]",CLOSED_EXACT_CYCLIC_PRESENTATION
91,11,11,18,"[{""canonical_t"": 1, ""e"": 1, ""kind"": ""odd-cyclic"", ""legendre"": 1, ""p"": 7}, {""canonical_t"": 2, ""e"": 1, ""kind"": ""odd-cyclic"", ""legendre"": -1, ""p"": 13}]",CLOSED_EXACT_CYCLIC_PRESENTATION
91,15,11,18,"[{""canonical_t"": 1, ""e"": 1, ""kind"": ""odd-cyclic"", ""legendre"": 1, ""p"": 7}, {""canonical_t"": 2, ""e"": 1, ""kind"": ""odd-cyclic"", ""legendre"": -1, ""p"": 13}]",CLOSED_EXACT_CYCLIC_PRESENTATION
91,17,3,18,"[{""canonical_t"": 3, ""e"": 1, ""kind"": ""odd-cyclic"", ""legendre"": -1, ""p"": 7}, {""canonical_t"": 1, ""e"": 1, ""kind"": ""odd-cyclic"", ""legendre"": 1, ""p"": 13}]",CLOSED_EXACT_CYCLIC_PRESENTATION
91,19,5,18,"[{""canonical_t"": 3, ""e"": 1, ""kind"": ""odd-cyclic"", ""legendre"": -1, ""p"": 7}, {""canonical_t"": 2, ""e"": 1, ""kind"": ""odd-cyclic"", ""legendre"": -1, ""p"": 13}]",CLOSED_EXACT_CYCLIC_PRESENTATION
91,23,1,18,"[{""canonical_t"": 1, ""e"": 1, ""kind"": ""odd-cyclic"", ""legendre"": 1, ""p"": 7}, {""canonical_t"": 1, ""e"": 1, ""kind"": ""odd-cyclic"", ""legendre"": 1, ""p"": 13}]",CLOSED_EXACT_CYCLIC_PRESENTATION
91,25,1,18,"[{""canonical_t"": 1, ""e"": 1, ""kind"": ""odd-cyclic"", ""legendre"": 1, ""p"": 7}, {""canonical_t"": 1, ""e"": 1, ""kind"": ""odd-cyclic"", ""legendre"": 1, ""p"": 13}]",CLOSED_EXACT_CYCLIC_PRESENTATION
91,27,3,18,"[{""canonical_t"": 3, ""e"": 1, ""kind"": ""odd-cyclic"", ""legendre"": -1, ""p"": 7}, {""canonical_t"": 1, ""e"": 1, ""kind"": ""odd-cyclic"", ""legendre"": 1, ""p"": 13}]",CLOSED_EXACT_CYCLIC_PRESENTATION
91,29,1,18,"[{""canonical_t"": 1, ""e"": 1, ""kind"": ""odd-cyclic"", ""legendre"": 1, ""p"": 7}, {""canonical_t"": 1, ""e"": 1, ""kind"": ""odd-cyclic"", ""legendre"": 1, ""p"": 13}]",CLOSED_EXACT_CYCLIC_PRESENTATION
91,31,5,18,"[{""canonical_t"": 3, ""e"": 1, ""kind"": ""odd-cyclic"", ""legendre"": -1, ""p"": 7}, {""canonical_t"": 2, ""e"": 1, ""kind"": ""odd-cyclic"", ""legendre"": -1, ""p"": 13}]",CLOSED_EXACT_CYCLIC_PRESENTATION
91,33,5,18,"[{""canonical_t"": 3, ""e"": 1, ""kind"": ""odd-cyclic"", ""legendre"": -1, ""p"": 7}, {""canonical_t"": 2, ""e"": 1, ""kind"": ""odd-cyclic"", ""legendre"": -1, ""p"": 13}]",CLOSED_EXACT_CYCLIC_PRESENTATION
91,37,11,18,"[{""canonical_t"": 1, ""e"": 1, ""kind"": ""odd-cyclic"", ""legendre"": 1, ""p"": 7}, {""canonical_t"": 2, ""e"": 1, ""kind"": ""odd-cyclic"", ""legendre"": -1, ""p"": 13}]",CLOSED_EXACT_CYCLIC_PRESENTATION
91,41,5,18,"[{""canonical_t"": 3, ""e"": 1, ""kind"": ""odd-cyclic"", ""legendre"": -1, ""p"": 7}, {""canonical_t"": 2, ""e"": 1, ""kind"": ""odd-cyclic"", ""legendre"": -1, ""p"": 13}]",CLOSED_EXACT_CYCLIC_PRESENTATION
91,43,1,18,"[{""canonical_t"": 1, ""e"": 1, ""kind"": ""odd-cyclic"", ""legendre"": 1, ""p"": 7}, {""canonical_t"": 1, ""e"": 1, ""kind"": ""odd-cyclic"", ""legendre"": 1, ""p"": 13}]",CLOSED_EXACT_CYCLIC_PRESENTATION
91,45,5,18,"[{""canonical_t"": 3, ""e"": 1, ""kind"": ""odd-cyclic"", ""legendre"": -1, ""p"": 7}, {""canonical_t"": 2, ""e"": 1, ""kind"": ""odd-cyclic"", ""legendre"": -1, ""p"": 13}]",CLOSED_EXACT_CYCLIC_PRESENTATION
91,47,5,18,"[{""canonical_t"": 3, ""e"": 1, ""kind"": ""odd-cyclic"", ""legendre"": -1, ""p"": 7}, {""canonical_t"": 2, ""e"": 1, ""kind"": ""odd-cyclic"", ""legendre"": -1, ""p"": 13}]",CLOSED_EXACT_CYCLIC_PRESENTATION
91,51,1,18,"[{""canonical_t"": 1, ""e"": 1, ""kind"": ""odd-cyclic"", ""legendre"": 1, ""p"": 7}, {""canonical_t"": 1, ""e"": 1, ""kind"": ""odd-cyclic"", ""legendre"": 1, ""p"": 13}]",CLOSED_EXACT_CYCLIC_PRESENTATION
91,53,1,18,"[{""canonical_t"": 1, ""e"": 1, ""kind"": ""odd-cyclic"", ""legendre"": 1, ""p"": 7}, {""canonical_t"": 1, ""e"": 1, ""kind"": ""odd-cyclic"", ""legendre"": 1, ""p"": 13}]",CLOSED_EXACT_CYCLIC_PRESENTATION
91,55,3,18,"[{""canonical_t"": 3, ""e"": 1, ""kind"": ""odd-cyclic"", ""legendre"": -1, ""p"": 7}, {""canonical_t"": 1, ""e"": 1, ""kind"": ""odd-cyclic"", ""legendre"": 1, ""p"": 13}]",CLOSED_EXACT_CYCLIC_PRESENTATION
91,57,11,18,"[{""canonical_t"": 1, ""e"": 1, ""kind"": ""odd-cyclic"", ""legendre"": 1, ""p"": 7}, {""canonical_t"": 2, ""e"": 1, ""kind"": ""odd-cyclic"", ""legendre"": -1, ""p"": 13}]",CLOSED_EXACT_CYCLIC_PRESENTATION
91,59,5,18,"[{""canonical_t"": 3, ""e"": 1, ""kind"": ""odd-cyclic"", ""legendre"": -1, ""p"": 7}, {""canonical_t"": 2, ""e"": 1, ""kind"": ""odd-cyclic"", ""legendre"": -1, ""p"": 13}]",CLOSED_EXACT_CYCLIC_PRESENTATION
91,61,3,18,"[{""canonical_t"": 3, ""e"": 1, ""kind"": ""odd-cyclic"", ""legendre"": -1, ""p"": 7}, {""canonical_t"": 1, ""e"": 1, ""kind"": ""odd-cyclic"", ""legendre"": 1, ""p"": 13}]",CLOSED_EXACT_CYCLIC_PRESENTATION
91,67,11,18,"[{""canonical_t"": 1, ""e"": 1, ""kind"": ""odd-cyclic"", ""legendre"": 1, ""p"": 7}, {""canonical_t"": 2, ""e"": 1, ""kind"": ""odd-cyclic"", ""legendre"": -1, ""p"": 13}]",CLOSED_EXACT_CYCLIC_PRESENTATION
91,69,3,18,"[{""canonical_t"": 3, ""e"": 1, ""kind"": ""odd-cyclic"", ""legendre"": -1, ""p"": 7}, {""canonical_t"": 1, ""e"": 1, ""kind"": ""odd-cyclic"", ""legendre"": 1, ""p"": 13}]",CLOSED_EXACT_CYCLIC_PRESENTATION
91,71,11,18,"[{""canonical_t"": 1, ""e"": 1, ""kind"": ""odd-cyclic"", ""legendre"": 1, ""p"": 7}, {""canonical_t"": 2, ""e"": 1, ""kind"": ""odd-cyclic"", ""legendre"": -1, ""p"": 13}]",CLOSED_EXACT_CYCLIC_PRESENTATION
91,73,5,18,"[{""canonical_t"": 3, ""e"": 1, ""kind"": ""odd-cyclic"", ""legendre"": -1, ""p"": 7}, {""canonical_t"": 2, ""e"": 1, ""kind"": ""odd-cyclic"", ""legendre"": -1, ""p"": 13}]",CLOSED_EXACT_CYCLIC_PRESENTATION
91,75,3,18,"[{""canonical_t"": 3, ""e"": 1, ""kind"": ""odd-cyclic"", ""legendre"": -1, ""p"": 7}, {""canonical_t"": 1, ""e"": 1, ""kind"": ""odd-cyclic"", ""legendre"": 1, ""p"": 13}]",CLOSED_EXACT_CYCLIC_PRESENTATION
91,79,1,18,"[{""canonical_t"": 1, ""e"": 1, ""kind"": ""odd-cyclic"", ""legendre"": 1, ""p"": 7}, {""canonical_t"": 1, ""e"": 1, ""kind"": ""odd-cyclic"", ""legendre"": 1, ""p"": 13}]",CLOSED_EXACT_CYCLIC_PRESENTATION
91,81,1,18,"[{""canonical_t"": 1, ""e"": 1, ""kind"": ""odd-cyclic"", ""legendre"": 1, ""p"": 7}, {""canonical_t"": 1, ""e"": 1, ""kind"": ""odd-cyclic"", ""legendre"": 1, ""p"": 13}]",CLOSED_EXACT_CYCLIC_PRESENTATION
91,83,5,18,"[{""canonical_t"": 3, ""e"": 1, ""kind"": ""odd-cyclic"", ""legendre"": -1, ""p"": 7}, {""canonical_t"": 2, ""e"": 1, ""kind"": ""odd-cyclic"", ""legendre"": -1, ""p"": 13}]",CLOSED_EXACT_CYCLIC_PRESENTATION
91,85,11,18,"[{""canonical_t"": 1, ""e"": 1, ""kind"": ""odd-cyclic"", ""legendre"": 1, ""p"": 7}, {""canonical_t"": 2, ""e"": 1, ""kind"": ""odd-cyclic"", ""legendre"": -1, ""p"": 13}]",CLOSED_EXACT_CYCLIC_PRESENTATION
91,87,3,18,"[{""canonical_t"": 3, ""e"": 1, ""kind"": ""odd-cyclic"", ""legendre"": -1, ""p"": 7}, {""canonical_t"": 1, ""e"": 1, ""kind"": ""odd-cyclic"", ""legendre"": 1, ""p"": 13}]",CLOSED_EXACT_CYCLIC_PRESENTATION
91,89,5,18,"[{""canonical_t"": 3, ""e"": 1, ""kind"": ""odd-cyclic"", ""legendre"": -1, ""p"": 7}, {""canonical_t"": 2, ""e"": 1, ""kind"": ""odd-cyclic"", ""legendre"": -1, ""p"": 13}]",CLOSED_EXACT_CYCLIC_PRESENTATION
91,93,11,18,"[{""canonical_t"": 1, ""e"": 1, ""kind"": ""odd-cyclic"", ""legendre"": 1, ""p"": 7}, {""canonical_t"": 2, ""e"": 1, ""kind"": ""odd-cyclic"", ""legendre"": -1, ""p"": 13}]",CLOSED_EXACT_CYCLIC_PRESENTATION
91,95,1,18,"[{""canonical_t"": 1, ""e"": 1, ""kind"": ""odd-cyclic"", ""legendre"": 1, ""p"": 7}, {""canonical_t"": 1, ""e"": 1, ""kind"": ""odd-cyclic"", ""legendre"": 1, ""p"": 13}]",CLOSED_EXACT_CYCLIC_PRESENTATION
91,97,5,18,"[{""canonical_t"": 3, ""e"": 1, ""kind"": ""odd-cyclic"", ""legendre"": -1, ""p"": 7}, {""canonical_t"": 2, ""e"": 1, ""kind"": ""odd-cyclic"", ""legendre"": -1, ""p"": 13}]",CLOSED_EXACT_CYCLIC_PRESENTATION
91,99,11,18,"[{""canonical_t"": 1, ""e"": 1, ""kind"": ""odd-cyclic"", ""legendre"": 1, ""p"": 7}, {""canonical_t"": 2, ""e"": 1, ""kind"": ""odd-cyclic"", ""legendre"": -1, ""p"": 13}]",CLOSED_EXACT_CYCLIC_PRESENTATION
91,101,3,18,"[{""canonical_t"": 3, ""e"": 1, ""kind"": ""odd-cyclic"", ""legendre"": -1, ""p"": 7}, {""canonical_t"": 1, ""e"": 1, ""kind"": ""odd-cyclic"", ""legendre"": 1, ""p"": 13}]",CLOSED_EXACT_CYCLIC_PRESENTATION
91,103,3,18,"[{""canonical_t"": 3, ""e"": 1, ""kind"": ""odd-cyclic"", ""legendre"": -1, ""p"": 7}, {""canonical_t"": 1, ""e"": 1, ""kind"": ""odd-cyclic"", ""legendre"": 1, ""p"": 13}]",CLOSED_EXACT_CYCLIC_PRESENTATION
91,107,1,18,"[{""canonical_t"": 1, ""e"": 1, ""kind"": ""odd-cyclic"", ""legendre"": 1, ""p"": 7}, {""canonical_t"": 1, ""e"": 1, ""kind"": ""odd-cyclic"", ""legendre"": 1, ""p"": 13}]",CLOSED_EXACT_CYCLIC_PRESENTATION
91,109,11,18,"[{""canonical_t"": 1, ""e"": 1, ""kind"": ""odd-cyclic"", ""legendre"": 1, ""p"": 7}, {""canonical_t"": 2, ""e"": 1, ""kind"": ""odd-cyclic"", ""legendre"": -1, ""p"": 13}]",CLOSED_EXACT_CYCLIC_PRESENTATION
91,111,5,18,"[{""canonical_t"": 3, ""e"": 1, ""kind"": ""odd-cyclic"", ""legendre"": -1, ""p"": 7}, {""canonical_t"": 2, ""e"": 1, ""kind"": ""odd-cyclic"", ""legendre"": -1, ""p"": 13}]",CLOSED_EXACT_CYCLIC_PRESENTATION
91,113,1,18,"[{""canonical_t"": 1, ""e"": 1, ""kind"": ""odd-cyclic"", ""legendre"": 1, ""p"": 7}, {""canonical_t"": 1, ""e"": 1, ""kind"": ""odd-cyclic"", ""legendre"": 1, ""p"": 13}]",CLOSED_EXACT_CYCLIC_PRESENTATION
91,115,5,18,"[{""canonical_t"": 3, ""e"": 1, ""kind"": ""odd-cyclic"", ""legendre"": -1, ""p"": 7}, {""canonical_t"": 2, ""e"": 1, ""kind"": ""odd-cyclic"", ""legendre"": -1, ""p"": 13}]",CLOSED_EXACT_CYCLIC_PRESENTATION
91,121,1,18,"[{""canonical_t"": 1, ""e"": 1, ""kind"": ""odd-cyclic"", ""legendre"": 1, ""p"": 7}, {""canonical_t"": 1, ""e"": 1, ""kind"": ""odd-cyclic"", ""legendre"": 1, ""p"": 13}]",CLOSED_EXACT_CYCLIC_PRESENTATION
91,123,11,18,"[{""canonical_t"": 1, ""e"": 1, ""kind"": ""odd-cyclic"", ""legendre"": 1, ""p"": 7}, {""canonical_t"": 2, ""e"": 1, ""kind"": ""odd-cyclic"", ""legendre"": -1, ""p"": 13}]",CLOSED_EXACT_CYCLIC_PRESENTATION
91,125,5,18,"[{""canonical_t"": 3, ""e"": 1, ""kind"": ""odd-cyclic"", ""legendre"": -1, ""p"": 7}, {""canonical_t"": 2, ""e"": 1, ""kind"": ""odd-cyclic"", ""legendre"": -1, ""p"": 13}]",CLOSED_EXACT_CYCLIC_PRESENTATION
91,127,1,18,"[{""canonical_t"": 1, ""e"": 1, ""kind"": ""odd-cyclic"", ""legendre"": 1, ""p"": 7}, {""canonical_t"": 1, ""e"": 1, ""kind"": ""odd-cyclic"", ""legendre"": 1, ""p"": 13}]",CLOSED_EXACT_CYCLIC_PRESENTATION
91,129,3,18,"[{""canonical_t"": 3, ""e"": 1, ""kind"": ""odd-cyclic"", ""legendre"": -1, ""p"": 7}, {""canonical_t"": 1, ""e"": 1, ""kind"": ""odd-cyclic"", ""legendre"": 1, ""p"": 13}]",CLOSED_EXACT_CYCLIC_PRESENTATION
91,131,3,18,"[{""canonical_t"": 3, ""e"": 1, ""kind"": ""odd-cyclic"", ""legendre"": -1, ""p"": 7}, {""canonical_t"": 1, ""e"": 1, ""kind"": ""odd-cyclic"", ""legendre"": 1, ""p"": 13}]",CLOSED_EXACT_CYCLIC_PRESENTATION
91,135,11,18,"[{""canonical_t"": 1, ""e"": 1, ""kind"": ""odd-cyclic"", ""legendre"": 1, ""p"": 7}, {""canonical_t"": 2, ""e"": 1, ""kind"": ""odd-cyclic"", ""legendre"": -1, ""p"": 13}]",CLOSED_EXACT_CYCLIC_PRESENTATION
91,137,11,18,"[{""canonical_t"": 1, ""e"": 1, ""kind"": ""odd-cyclic"", ""legendre"": 1, ""p"": 7}, {""canonical_t"": 2, ""e"": 1, ""kind"": ""odd-cyclic"", ""legendre"": -1, ""p"": 13}]",CLOSED_EXACT_CYCLIC_PRESENTATION
91,139,3,18,"[{""canonical_t"": 3, ""e"": 1, ""kind"": ""odd-cyclic"", ""legendre"": -1, ""p"": 7}, {""canonical_t"": 1, ""e"": 1, ""kind"": ""odd-cyclic"", ""legendre"": 1, ""p"": 13}]",CLOSED_EXACT_CYCLIC_PRESENTATION
91,141,11,18,"[{""canonical_t"": 1, ""e"": 1, ""kind"": ""odd-cyclic"", ""legendre"": 1, ""p"": 7}, {""canonical_t"": 2, ""e"": 1, ""kind"": ""odd-cyclic"", ""legendre"": -1, ""p"": 13}]",CLOSED_EXACT_CYCLIC_PRESENTATION
91,145,5,18,"[{""canonical_t"": 3, ""e"": 1, ""kind"": ""odd-cyclic"", ""legendre"": -1, ""p"": 7}, {""canonical_t"": 2, ""e"": 1, ""kind"": ""odd-cyclic"", ""legendre"": -1, ""p"": 13}]",CLOSED_EXACT_CYCLIC_PRESENTATION
91,149,11,18,"[{""canonical_t"": 1, ""e"": 1, ""kind"": ""odd-cyclic"", ""legendre"": 1, ""p"": 7}, {""canonical_t"": 2, ""e"": 1, ""kind"": ""odd-cyclic"", ""legendre"": -1, ""p"": 13}]",CLOSED_EXACT_CYCLIC_PRESENTATION
91,151,11,18,"[{""canonical_t"": 1, ""e"": 1, ""kind"": ""odd-cyclic"", ""legendre"": 1, ""p"": 7}, {""canonical_t"": 2, ""e"": 1, ""kind"": ""odd-cyclic"", ""legendre"": -1, ""p"": 13}]",CLOSED_EXACT_CYCLIC_PRESENTATION
91,153,3,18,"[{""canonical_t"": 3, ""e"": 1, ""kind"": ""odd-cyclic"", ""legendre"": -1, ""p"": 7}, {""canonical_t"": 1, ""e"": 1, ""kind"": ""odd-cyclic"", ""legendre"": 1, ""p"": 13}]",CLOSED_EXACT_CYCLIC_PRESENTATION
91,155,1,18,"[{""canonical_t"": 1, ""e"": 1, ""kind"": ""odd-cyclic"", ""legendre"": 1, ""p"": 7}, {""canonical_t"": 1, ""e"": 1, ""kind"": ""odd-cyclic"", ""legendre"": 1, ""p"": 13}]",CLOSED_EXACT_CYCLIC_PRESENTATION
91,157,3,18,"[{""canonical_t"": 3, ""e"": 1, ""kind"": ""odd-cyclic"", ""legendre"": -1, ""p"": 7}, {""canonical_t"": 1, ""e"": 1, ""kind"": ""odd-cyclic"", ""legendre"": 1, ""p"": 13}]",CLOSED_EXACT_CYCLIC_PRESENTATION
91,159,3,18,"[{""canonical_t"": 3, ""e"": 1, ""kind"": ""odd-cyclic"", ""legendre"": -1, ""p"": 7}, {""canonical_t"": 1, ""e"": 1, ""kind"": ""odd-cyclic"", ""legendre"": 1, ""p"": 13}]",CLOSED_EXACT_CYCLIC_PRESENTATION
91,163,11,18,"[{""canonical_t"": 1, ""e"": 1, ""kind"": ""odd-cyclic"", ""legendre"": 1, ""p"": 7}, {""canonical_t"": 2, ""e"": 1, ""kind"": ""odd-cyclic"", ""legendre"": -1, ""p"": 13}]",CLOSED_EXACT_CYCLIC_PRESENTATION
91,165,1,18,"[{""canonical_t"": 1, ""e"": 1, ""kind"": ""odd-cyclic"", ""legendre"": 1, ""p"": 7}, {""canonical_t"": 1, ""e"": 1, ""kind"": ""odd-cyclic"", ""legendre"": 1, ""p"": 13}]",CLOSED_EXACT_CYCLIC_PRESENTATION
91,167,5,18,"[{""canonical_t"": 3, ""e"": 1, ""kind"": ""odd-cyclic"", ""legendre"": -1, ""p"": 7}, {""canonical_t"": 2, ""e"": 1, ""kind"": ""odd-cyclic"", ""legendre"": -1, ""p"": 13}]",CLOSED_EXACT_CYCLIC_PRESENTATION
91,171,5,18,"[{""canonical_t"": 3, ""e"": 1, ""kind"": ""odd-cyclic"", ""legendre"": -1, ""p"": 7}, {""canonical_t"": 2, ""e"": 1, ""kind"": ""odd-cyclic"", ""legendre"": -1, ""p"": 13}]",CLOSED_EXACT_CYCLIC_PRESENTATION
91,173,3,18,"[{""canonical_t"": 3, ""e"": 1, ""kind"": ""odd-cyclic"", ""legendre"": -1, ""p"": 7}, {""canonical_t"": 1, ""e"": 1, ""kind"": ""odd-cyclic"", ""legendre"": 1, ""p"": 13}]",CLOSED_EXACT_CYCLIC_PRESENTATION
91,177,11,18,"[{""canonical_t"": 1, ""e"": 1, ""kind"": ""odd-cyclic"", ""legendre"": 1, ""p"": 7}, {""canonical_t"": 2, ""e"": 1, ""kind"": ""odd-cyclic"", ""legendre"": -1, ""p"": 13}]",CLOSED_EXACT_CYCLIC_PRESENTATION
91,179,1,18,"[{""canonical_t"": 1, ""e"": 1, ""kind"": ""odd-cyclic"", ""legendre"": 1, ""p"": 7}, {""canonical_t"": 1, ""e"": 1, ""kind"": ""odd-cyclic"", ""legendre"": 1, ""p"": 13}]",CLOSED_EXACT_CYCLIC_PRESENTATION
91,181,3,18,"[{""canonical_t"": 3, ""e"": 1, ""kind"": ""odd-cyclic"", ""legendre"": -1, ""p"": 7}, {""canonical_t"": 1, ""e"": 1, ""kind"": ""odd-cyclic"", ""legendre"": 1, ""p"": 13}]",CLOSED_EXACT_CYCLIC_PRESENTATION
92,1,1,11,"[{""brown_mod8"": 1, ""canonical_t"": 1, ""e"": 2, ""kind"": ""2-cyclic-odd"", ""p"": 2}, {""canonical_t"": 1, ""e"": 1, ""kind"": ""odd-cyclic"", ""legendre"": 1, ""p"": 23}]",CLOSED_EXACT_CYCLIC_PRESENTATION
92,3,3,11,"[{""brown_mod8"": 3, ""canonical_t"": 3, ""e"": 2, ""kind"": ""2-cyclic-odd"", ""p"": 2}, {""canonical_t"": 1, ""e"": 1, ""kind"": ""odd-cyclic"", ""legendre"": 1, ""p"": 23}]",CLOSED_EXACT_CYCLIC_PRESENTATION
92,5,5,11,"[{""brown_mod8"": 5, ""canonical_t"": 5, ""e"": 2, ""kind"": ""2-cyclic-odd"", ""p"": 2}, {""canonical_t"": 5, ""e"": 1, ""kind"": ""odd-cyclic"", ""legendre"": -1, ""p"": 23}]",CLOSED_EXACT_CYCLIC_PRESENTATION
92,7,7,11,"[{""brown_mod8"": 7, ""canonical_t"": 7, ""e"": 2, ""kind"": ""2-cyclic-odd"", ""p"": 2}, {""canonical_t"": 5, ""e"": 1, ""kind"": ""odd-cyclic"", ""legendre"": -1, ""p"": 23}]",CLOSED_EXACT_CYCLIC_PRESENTATION
92,9,1,11,"[{""brown_mod8"": 1, ""canonical_t"": 1, ""e"": 2, ""kind"": ""2-cyclic-odd"", ""p"": 2}, {""canonical_t"": 1, ""e"": 1, ""kind"": ""odd-cyclic"", ""legendre"": 1, ""p"": 23}]",CLOSED_EXACT_CYCLIC_PRESENTATION
92,11,11,11,"[{""brown_mod8"": 3, ""canonical_t"": 3, ""e"": 2, ""kind"": ""2-cyclic-odd"", ""p"": 2}, {""canonical_t"": 5, ""e"": 1, ""kind"": ""odd-cyclic"", ""legendre"": -1, ""p"": 23}]",CLOSED_EXACT_CYCLIC_PRESENTATION
92,13,13,11,"[{""brown_mod8"": 5, ""canonical_t"": 5, ""e"": 2, ""kind"": ""2-cyclic-odd"", ""p"": 2}, {""canonical_t"": 1, ""e"": 1, ""kind"": ""odd-cyclic"", ""legendre"": 1, ""p"": 23}]",CLOSED_EXACT_CYCLIC_PRESENTATION
92,15,7,11,"[{""brown_mod8"": 7, ""canonical_t"": 7, ""e"": 2, ""kind"": ""2-cyclic-odd"", ""p"": 2}, {""canonical_t"": 5, ""e"": 1, ""kind"": ""odd-cyclic"", ""legendre"": -1, ""p"": 23}]",CLOSED_EXACT_CYCLIC_PRESENTATION
92,17,17,11,"[{""brown_mod8"": 1, ""canonical_t"": 1, ""e"": 2, ""kind"": ""2-cyclic-odd"", ""p"": 2}, {""canonical_t"": 5, ""e"": 1, ""kind"": ""odd-cyclic"", ""legendre"": -1, ""p"": 23}]",CLOSED_EXACT_CYCLIC_PRESENTATION
92,19,11,11,"[{""brown_mod8"": 3, ""canonical_t"": 3, ""e"": 2, ""kind"": ""2-cyclic-odd"", ""p"": 2}, {""canonical_t"": 5, ""e"": 1, ""kind"": ""odd-cyclic"", ""legendre"": -1, ""p"": 23}]",CLOSED_EXACT_CYCLIC_PRESENTATION
92,21,5,11,"[{""brown_mod8"": 5, ""canonical_t"": 5, ""e"": 2, ""kind"": ""2-cyclic-odd"", ""p"": 2}, {""canonical_t"": 5, ""e"": 1, ""kind"": ""odd-cyclic"", ""legendre"": -1, ""p"": 23}]",CLOSED_EXACT_CYCLIC_PRESENTATION
92,25,1,11,"[{""brown_mod8"": 1, ""canonical_t"": 1, ""e"": 2, ""kind"": ""2-cyclic-odd"", ""p"": 2}, {""canonical_t"": 1, ""e"": 1, ""kind"": ""odd-cyclic"", ""legendre"": 1, ""p"": 23}]",CLOSED_EXACT_CYCLIC_PRESENTATION
92,27,3,11,"[{""brown_mod8"": 3, ""canonical_t"": 3, ""e"": 2, ""kind"": ""2-cyclic-odd"", ""p"": 2}, {""canonical_t"": 1, ""e"": 1, ""kind"": ""odd-cyclic"", ""legendre"": 1, ""p"": 23}]",CLOSED_EXACT_CYCLIC_PRESENTATION
92,29,13,11,"[{""brown_mod8"": 5, ""canonical_t"": 5, ""e"": 2, ""kind"": ""2-cyclic-odd"", ""p"": 2}, {""canonical_t"": 1, ""e"": 1, ""kind"": ""odd-cyclic"", ""legendre"": 1, ""p"": 23}]",CLOSED_EXACT_CYCLIC_PRESENTATION
92,31,31,11,"[{""brown_mod8"": 7, ""canonical_t"": 7, ""e"": 2, ""kind"": ""2-cyclic-odd"", ""p"": 2}, {""canonical_t"": 1, ""e"": 1, ""kind"": ""odd-cyclic"", ""legendre"": 1, ""p"": 23}]",CLOSED_EXACT_CYCLIC_PRESENTATION
92,33,17,11,"[{""brown_mod8"": 1, ""canonical_t"": 1, ""e"": 2, ""kind"": ""2-cyclic-odd"", ""p"": 2}, {""canonical_t"": 5, ""e"": 1, ""kind"": ""odd-cyclic"", ""legendre"": -1, ""p"": 23}]",CLOSED_EXACT_CYCLIC_PRESENTATION
92,35,3,11,"[{""brown_mod8"": 3, ""canonical_t"": 3, ""e"": 2, ""kind"": ""2-cyclic-odd"", ""p"": 2}, {""canonical_t"": 1, ""e"": 1, ""kind"": ""odd-cyclic"", ""legendre"": 1, ""p"": 23}]",CLOSED_EXACT_CYCLIC_PRESENTATION
92,37,5,11,"[{""brown_mod8"": 5, ""canonical_t"": 5, ""e"": 2, ""kind"": ""2-cyclic-odd"", ""p"": 2}, {""canonical_t"": 5, ""e"": 1, ""kind"": ""odd-cyclic"", ""legendre"": -1, ""p"": 23}]",CLOSED_EXACT_CYCLIC_PRESENTATION
92,39,31,11,"[{""brown_mod8"": 7, ""canonical_t"": 7, ""e"": 2, ""kind"": ""2-cyclic-odd"", ""p"": 2}, {""canonical_t"": 1, ""e"": 1, ""kind"": ""odd-cyclic"", ""legendre"": 1, ""p"": 23}]",CLOSED_EXACT_CYCLIC_PRESENTATION
92,41,1,11,"[{""brown_mod8"": 1, ""canonical_t"": 1, ""e"": 2, ""kind"": ""2-cyclic-odd"", ""p"": 2}, {""canonical_t"": 1, ""e"": 1, ""kind"": ""odd-cyclic"", ""legendre"": 1, ""p"": 23}]",CLOSED_EXACT_CYCLIC_PRESENTATION
92,43,11,11,"[{""brown_mod8"": 3, ""canonical_t"": 3, ""e"": 2, ""kind"": ""2-cyclic-odd"", ""p"": 2}, {""canonical_t"": 5, ""e"": 1, ""kind"": ""odd-cyclic"", ""legendre"": -1, ""p"": 23}]",CLOSED_EXACT_CYCLIC_PRESENTATION
92,45,5,11,"[{""brown_mod8"": 5, ""canonical_t"": 5, ""e"": 2, ""kind"": ""2-cyclic-odd"", ""p"": 2}, {""canonical_t"": 5, ""e"": 1, ""kind"": ""odd-cyclic"", ""legendre"": -1, ""p"": 23}]",CLOSED_EXACT_CYCLIC_PRESENTATION
92,47,31,11,"[{""brown_mod8"": 7, ""canonical_t"": 7, ""e"": 2, ""kind"": ""2-cyclic-odd"", ""p"": 2}, {""canonical_t"": 1, ""e"": 1, ""kind"": ""odd-cyclic"", ""legendre"": 1, ""p"": 23}]",CLOSED_EXACT_CYCLIC_PRESENTATION
92,49,1,11,"[{""brown_mod8"": 1, ""canonical_t"": 1, ""e"": 2, ""kind"": ""2-cyclic-odd"", ""p"": 2}, {""canonical_t"": 1, ""e"": 1, ""kind"": ""odd-cyclic"", ""legendre"": 1, ""p"": 23}]",CLOSED_EXACT_CYCLIC_PRESENTATION
92,51,11,11,"[{""brown_mod8"": 3, ""canonical_t"": 3, ""e"": 2, ""kind"": ""2-cyclic-odd"", ""p"": 2}, {""canonical_t"": 5, ""e"": 1, ""kind"": ""odd-cyclic"", ""legendre"": -1, ""p"": 23}]",CLOSED_EXACT_CYCLIC_PRESENTATION
92,53,5,11,"[{""brown_mod8"": 5, ""canonical_t"": 5, ""e"": 2, ""kind"": ""2-cyclic-odd"", ""p"": 2}, {""canonical_t"": 5, ""e"": 1, ""kind"": ""odd-cyclic"", ""legendre"": -1, ""p"": 23}]",CLOSED_EXACT_CYCLIC_PRESENTATION
92,55,31,11,"[{""brown_mod8"": 7, ""canonical_t"": 7, ""e"": 2, ""kind"": ""2-cyclic-odd"", ""p"": 2}, {""canonical_t"": 1, ""e"": 1, ""kind"": ""odd-cyclic"", ""legendre"": 1, ""p"": 23}]",CLOSED_EXACT_CYCLIC_PRESENTATION
92,57,17,11,"[{""brown_mod8"": 1, ""canonical_t"": 1, ""e"": 2, ""kind"": ""2-cyclic-odd"", ""p"": 2}, {""canonical_t"": 5, ""e"": 1, ""kind"": ""odd-cyclic"", ""legendre"": -1, ""p"": 23}]",CLOSED_EXACT_CYCLIC_PRESENTATION
92,59,3,11,"[{""brown_mod8"": 3, ""canonical_t"": 3, ""e"": 2, ""kind"": ""2-cyclic-odd"", ""p"": 2}, {""canonical_t"": 1, ""e"": 1, ""kind"": ""odd-cyclic"", ""legendre"": 1, ""p"": 23}]",CLOSED_EXACT_CYCLIC_PRESENTATION
92,61,5,11,"[{""brown_mod8"": 5, ""canonical_t"": 5, ""e"": 2, ""kind"": ""2-cyclic-odd"", ""p"": 2}, {""canonical_t"": 5, ""e"": 1, ""kind"": ""odd-cyclic"", ""legendre"": -1, ""p"": 23}]",CLOSED_EXACT_CYCLIC_PRESENTATION
92,63,7,11,"[{""brown_mod8"": 7, ""canonical_t"": 7, ""e"": 2, ""kind"": ""2-cyclic-odd"", ""p"": 2}, {""canonical_t"": 5, ""e"": 1, ""kind"": ""odd-cyclic"", ""legendre"": -1, ""p"": 23}]",CLOSED_EXACT_CYCLIC_PRESENTATION
92,65,17,11,"[{""brown_mod8"": 1, ""canonical_t"": 1, ""e"": 2, ""kind"": ""2-cyclic-odd"", ""p"": 2}, {""canonical_t"": 5, ""e"": 1, ""kind"": ""odd-cyclic"", ""legendre"": -1, ""p"": 23}]",CLOSED_EXACT_CYCLIC_PRESENTATION
92,67,11,11,"[{""brown_mod8"": 3, ""canonical_t"": 3, ""e"": 2, ""kind"": ""2-cyclic-odd"", ""p"": 2}, {""canonical_t"": 5, ""e"": 1, ""kind"": ""odd-cyclic"", ""legendre"": -1, ""p"": 23}]",CLOSED_EXACT_CYCLIC_PRESENTATION
92,71,31,11,"[{""brown_mod8"": 7, ""canonical_t"": 7, ""e"": 2, ""kind"": ""2-cyclic-odd"", ""p"": 2}, {""canonical_t"": 1, ""e"": 1, ""kind"": ""odd-cyclic"", ""legendre"": 1, ""p"": 23}]",CLOSED_EXACT_CYCLIC_PRESENTATION
92,73,1,11,"[{""brown_mod8"": 1, ""canonical_t"": 1, ""e"": 2, ""kind"": ""2-cyclic-odd"", ""p"": 2}, {""canonical_t"": 1, ""e"": 1, ""kind"": ""odd-cyclic"", ""legendre"": 1, ""p"": 23}]",CLOSED_EXACT_CYCLIC_PRESENTATION
92,75,3,11,"[{""brown_mod8"": 3, ""canonical_t"": 3, ""e"": 2, ""kind"": ""2-cyclic-odd"", ""p"": 2}, {""canonical_t"": 1, ""e"": 1, ""kind"": ""odd-cyclic"", ""legendre"": 1, ""p"": 23}]",CLOSED_EXACT_CYCLIC_PRESENTATION
92,77,13,11,"[{""brown_mod8"": 5, ""canonical_t"": 5, ""e"": 2, ""kind"": ""2-cyclic-odd"", ""p"": 2}, {""canonical_t"": 1, ""e"": 1, ""kind"": ""odd-cyclic"", ""legendre"": 1, ""p"": 23}]",CLOSED_EXACT_CYCLIC_PRESENTATION
92,79,7,11,"[{""brown_mod8"": 7, ""canonical_t"": 7, ""e"": 2, ""kind"": ""2-cyclic-odd"", ""p"": 2}, {""canonical_t"": 5, ""e"": 1, ""kind"": ""odd-cyclic"", ""legendre"": -1, ""p"": 23}]",CLOSED_EXACT_CYCLIC_PRESENTATION
92,81,1,11,"[{""brown_mod8"": 1, ""canonical_t"": 1, ""e"": 2, ""kind"": ""2-cyclic-odd"", ""p"": 2}, {""canonical_t"": 1, ""e"": 1, ""kind"": ""odd-cyclic"", ""legendre"": 1, ""p"": 23}]",CLOSED_EXACT_CYCLIC_PRESENTATION
92,83,11,11,"[{""brown_mod8"": 3, ""canonical_t"": 3, ""e"": 2, ""kind"": ""2-cyclic-odd"", ""p"": 2}, {""canonical_t"": 5, ""e"": 1, ""kind"": ""odd-cyclic"", ""legendre"": -1, ""p"": 23}]",CLOSED_EXACT_CYCLIC_PRESENTATION
92,85,13,11,"[{""brown_mod8"": 5, ""canonical_t"": 5, ""e"": 2, ""kind"": ""2-cyclic-odd"", ""p"": 2}, {""canonical_t"": 1, ""e"": 1, ""kind"": ""odd-cyclic"", ""legendre"": 1, ""p"": 23}]",CLOSED_EXACT_CYCLIC_PRESENTATION
92,87,31,11,"[{""brown_mod8"": 7, ""canonical_t"": 7, ""e"": 2, ""kind"": ""2-cyclic-odd"", ""p"": 2}, {""canonical_t"": 1, ""e"": 1, ""kind"": ""odd-cyclic"", ""legendre"": 1, ""p"": 23}]",CLOSED_EXACT_CYCLIC_PRESENTATION
92,89,17,11,"[{""brown_mod8"": 1, ""canonical_t"": 1, ""e"": 2, ""kind"": ""2-cyclic-odd"", ""p"": 2}, {""canonical_t"": 5, ""e"": 1, ""kind"": ""odd-cyclic"", ""legendre"": -1, ""p"": 23}]",CLOSED_EXACT_CYCLIC_PRESENTATION
92,91,11,11,"[{""brown_mod8"": 3, ""canonical_t"": 3, ""e"": 2, ""kind"": ""2-cyclic-odd"", ""p"": 2}, {""canonical_t"": 5, ""e"": 1, ""kind"": ""odd-cyclic"", ""legendre"": -1, ""p"": 23}]",CLOSED_EXACT_CYCLIC_PRESENTATION
92,93,13,11,"[{""brown_mod8"": 5, ""canonical_t"": 5, ""e"": 2, ""kind"": ""2-cyclic-odd"", ""p"": 2}, {""canonical_t"": 1, ""e"": 1, ""kind"": ""odd-cyclic"", ""legendre"": 1, ""p"": 23}]",CLOSED_EXACT_CYCLIC_PRESENTATION
92,95,31,11,"[{""brown_mod8"": 7, ""canonical_t"": 7, ""e"": 2, ""kind"": ""2-cyclic-odd"", ""p"": 2}, {""canonical_t"": 1, ""e"": 1, ""kind"": ""odd-cyclic"", ""legendre"": 1, ""p"": 23}]",CLOSED_EXACT_CYCLIC_PRESENTATION
92,97,17,11,"[{""brown_mod8"": 1, ""canonical_t"": 1, ""e"": 2, ""kind"": ""2-cyclic-odd"", ""p"": 2}, {""canonical_t"": 5, ""e"": 1, ""kind"": ""odd-cyclic"", ""legendre"": -1, ""p"": 23}]",CLOSED_EXACT_CYCLIC_PRESENTATION
92,99,11,11,"[{""brown_mod8"": 3, ""canonical_t"": 3, ""e"": 2, ""kind"": ""2-cyclic-odd"", ""p"": 2}, {""canonical_t"": 5, ""e"": 1, ""kind"": ""odd-cyclic"", ""legendre"": -1, ""p"": 23}]",CLOSED_EXACT_CYCLIC_PRESENTATION
92,101,13,11,"[{""brown_mod8"": 5, ""canonical_t"": 5, ""e"": 2, ""kind"": ""2-cyclic-odd"", ""p"": 2}, {""canonical_t"": 1, ""e"": 1, ""kind"": ""odd-cyclic"", ""legendre"": 1, ""p"": 23}]",CLOSED_EXACT_CYCLIC_PRESENTATION
92,103,7,11,"[{""brown_mod8"": 7, ""canonical_t"": 7, ""e"": 2, ""kind"": ""2-cyclic-odd"", ""p"": 2}, {""canonical_t"": 5, ""e"": 1, ""kind"": ""odd-cyclic"", ""legendre"": -1, ""p"": 23}]",CLOSED_EXACT_CYCLIC_PRESENTATION
92,105,1,11,"[{""brown_mod8"": 1, ""canonical_t"": 1, ""e"": 2, ""kind"": ""2-cyclic-odd"", ""p"": 2}, {""canonical_t"": 1, ""e"": 1, ""kind"": ""odd-cyclic"", ""legendre"": 1, ""p"": 23}]",CLOSED_EXACT_CYCLIC_PRESENTATION
92,107,11,11,"[{""brown_mod8"": 3, ""canonical_t"": 3, ""e"": 2, ""kind"": ""2-cyclic-odd"", ""p"": 2}, {""canonical_t"": 5, ""e"": 1, ""kind"": ""odd-cyclic"", ""legendre"": -1, ""p"": 23}]",CLOSED_EXACT_CYCLIC_PRESENTATION
92,109,5,11,"[{""brown_mod8"": 5, ""canonical_t"": 5, ""e"": 2, ""kind"": ""2-cyclic-odd"", ""p"": 2}, {""canonical_t"": 5, ""e"": 1, ""kind"": ""odd-cyclic"", ""legendre"": -1, ""p"": 23}]",CLOSED_EXACT_CYCLIC_PRESENTATION
92,111,7,11,"[{""brown_mod8"": 7, ""canonical_t"": 7, ""e"": 2, ""kind"": ""2-cyclic-odd"", ""p"": 2}, {""canonical_t"": 5, ""e"": 1, ""kind"": ""odd-cyclic"", ""legendre"": -1, ""p"": 23}]",CLOSED_EXACT_CYCLIC_PRESENTATION
92,113,17,11,"[{""brown_mod8"": 1, ""canonical_t"": 1, ""e"": 2, ""kind"": ""2-cyclic-odd"", ""p"": 2}, {""canonical_t"": 5, ""e"": 1, ""kind"": ""odd-cyclic"", ""legendre"": -1, ""p"": 23}]",CLOSED_EXACT_CYCLIC_PRESENTATION
92,117,13,11,"[{""brown_mod8"": 5, ""canonical_t"": 5, ""e"": 2, ""kind"": ""2-cyclic-odd"", ""p"": 2}, {""canonical_t"": 1, ""e"": 1, ""kind"": ""odd-cyclic"", ""legendre"": 1, ""p"": 23}]",CLOSED_EXACT_CYCLIC_PRESENTATION
92,119,31,11,"[{""brown_mod8"": 7, ""canonical_t"": 7, ""e"": 2, ""kind"": ""2-cyclic-odd"", ""p"": 2}, {""canonical_t"": 1, ""e"": 1, ""kind"": ""odd-cyclic"", ""legendre"": 1, ""p"": 23}]",CLOSED_EXACT_CYCLIC_PRESENTATION
92,121,1,11,"[{""brown_mod8"": 1, ""canonical_t"": 1, ""e"": 2, ""kind"": ""2-cyclic-odd"", ""p"": 2}, {""canonical_t"": 1, ""e"": 1, ""kind"": ""odd-cyclic"", ""legendre"": 1, ""p"": 23}]",CLOSED_EXACT_CYCLIC_PRESENTATION
92,123,3,11,"[{""brown_mod8"": 3, ""canonical_t"": 3, ""e"": 2, ""kind"": ""2-cyclic-odd"", ""p"": 2}, {""canonical_t"": 1, ""e"": 1, ""kind"": ""odd-cyclic"", ""legendre"": 1, ""p"": 23}]",CLOSED_EXACT_CYCLIC_PRESENTATION
92,125,5,11,"[{""brown_mod8"": 5, ""canonical_t"": 5, ""e"": 2, ""kind"": ""2-cyclic-odd"", ""p"": 2}, {""canonical_t"": 5, ""e"": 1, ""kind"": ""odd-cyclic"", ""legendre"": -1, ""p"": 23}]",CLOSED_EXACT_CYCLIC_PRESENTATION
92,127,31,11,"[{""brown_mod8"": 7, ""canonical_t"": 7, ""e"": 2, ""kind"": ""2-cyclic-odd"", ""p"": 2}, {""canonical_t"": 1, ""e"": 1, ""kind"": ""odd-cyclic"", ""legendre"": 1, ""p"": 23}]",CLOSED_EXACT_CYCLIC_PRESENTATION
92,129,17,11,"[{""brown_mod8"": 1, ""canonical_t"": 1, ""e"": 2, ""kind"": ""2-cyclic-odd"", ""p"": 2}, {""canonical_t"": 5, ""e"": 1, ""kind"": ""odd-cyclic"", ""legendre"": -1, ""p"": 23}]",CLOSED_EXACT_CYCLIC_PRESENTATION
92,131,3,11,"[{""brown_mod8"": 3, ""canonical_t"": 3, ""e"": 2, ""kind"": ""2-cyclic-odd"", ""p"": 2}, {""canonical_t"": 1, ""e"": 1, ""kind"": ""odd-cyclic"", ""legendre"": 1, ""p"": 23}]",CLOSED_EXACT_CYCLIC_PRESENTATION
92,133,13,11,"[{""brown_mod8"": 5, ""canonical_t"": 5, ""e"": 2, ""kind"": ""2-cyclic-odd"", ""p"": 2}, {""canonical_t"": 1, ""e"": 1, ""kind"": ""odd-cyclic"", ""legendre"": 1, ""p"": 23}]",CLOSED_EXACT_CYCLIC_PRESENTATION
92,135,7,11,"[{""brown_mod8"": 7, ""canonical_t"": 7, ""e"": 2, ""kind"": ""2-cyclic-odd"", ""p"": 2}, {""canonical_t"": 5, ""e"": 1, ""kind"": ""odd-cyclic"", ""legendre"": -1, ""p"": 23}]",CLOSED_EXACT_CYCLIC_PRESENTATION
92,137,17,11,"[{""brown_mod8"": 1, ""canonical_t"": 1, ""e"": 2, ""kind"": ""2-cyclic-odd"", ""p"": 2}, {""canonical_t"": 5, ""e"": 1, ""kind"": ""odd-cyclic"", ""legendre"": -1, ""p"": 23}]",CLOSED_EXACT_CYCLIC_PRESENTATION
92,139,3,11,"[{""brown_mod8"": 3, ""canonical_t"": 3, ""e"": 2, ""kind"": ""2-cyclic-odd"", ""p"": 2}, {""canonical_t"": 1, ""e"": 1, ""kind"": ""odd-cyclic"", ""legendre"": 1, ""p"": 23}]",CLOSED_EXACT_CYCLIC_PRESENTATION
92,141,13,11,"[{""brown_mod8"": 5, ""canonical_t"": 5, ""e"": 2, ""kind"": ""2-cyclic-odd"", ""p"": 2}, {""canonical_t"": 1, ""e"": 1, ""kind"": ""odd-cyclic"", ""legendre"": 1, ""p"": 23}]",CLOSED_EXACT_CYCLIC_PRESENTATION
92,143,7,11,"[{""brown_mod8"": 7, ""canonical_t"": 7, ""e"": 2, ""kind"": ""2-cyclic-odd"", ""p"": 2}, {""canonical_t"": 5, ""e"": 1, ""kind"": ""odd-cyclic"", ""legendre"": -1, ""p"": 23}]",CLOSED_EXACT_CYCLIC_PRESENTATION
92,145,17,11,"[{""brown_mod8"": 1, ""canonical_t"": 1, ""e"": 2, ""kind"": ""2-cyclic-odd"", ""p"": 2}, {""canonical_t"": 5, ""e"": 1, ""kind"": ""odd-cyclic"", ""legendre"": -1, ""p"": 23}]",CLOSED_EXACT_CYCLIC_PRESENTATION
92,147,3,11,"[{""brown_mod8"": 3, ""canonical_t"": 3, ""e"": 2, ""kind"": ""2-cyclic-odd"", ""p"": 2}, {""canonical_t"": 1, ""e"": 1, ""kind"": ""odd-cyclic"", ""legendre"": 1, ""p"": 23}]",CLOSED_EXACT_CYCLIC_PRESENTATION
92,149,5,11,"[{""brown_mod8"": 5, ""canonical_t"": 5, ""e"": 2, ""kind"": ""2-cyclic-odd"", ""p"": 2}, {""canonical_t"": 5, ""e"": 1, ""kind"": ""odd-cyclic"", ""legendre"": -1, ""p"": 23}]",CLOSED_EXACT_CYCLIC_PRESENTATION
92,151,31,11,"[{""brown_mod8"": 7, ""canonical_t"": 7, ""e"": 2, ""kind"": ""2-cyclic-odd"", ""p"": 2}, {""canonical_t"": 1, ""e"": 1, ""kind"": ""odd-cyclic"", ""legendre"": 1, ""p"": 23}]",CLOSED_EXACT_CYCLIC_PRESENTATION
92,153,17,11,"[{""brown_mod8"": 1, ""canonical_t"": 1, ""e"": 2, ""kind"": ""2-cyclic-odd"", ""p"": 2}, {""canonical_t"": 5, ""e"": 1, ""kind"": ""odd-cyclic"", ""legendre"": -1, ""p"": 23}]",CLOSED_EXACT_CYCLIC_PRESENTATION
92,155,11,11,"[{""brown_mod8"": 3, ""canonical_t"": 3, ""e"": 2, ""kind"": ""2-cyclic-odd"", ""p"": 2}, {""canonical_t"": 5, ""e"": 1, ""kind"": ""odd-cyclic"", ""legendre"": -1, ""p"": 23}]",CLOSED_EXACT_CYCLIC_PRESENTATION
92,157,5,11,"[{""brown_mod8"": 5, ""canonical_t"": 5, ""e"": 2, ""kind"": ""2-cyclic-odd"", ""p"": 2}, {""canonical_t"": 5, ""e"": 1, ""kind"": ""odd-cyclic"", ""legendre"": -1, ""p"": 23}]",CLOSED_EXACT_CYCLIC_PRESENTATION
92,159,7,11,"[{""brown_mod8"": 7, ""canonical_t"": 7, ""e"": 2, ""kind"": ""2-cyclic-odd"", ""p"": 2}, {""canonical_t"": 5, ""e"": 1, ""kind"": ""odd-cyclic"", ""legendre"": -1, ""p"": 23}]",CLOSED_EXACT_CYCLIC_PRESENTATION
92,163,3,11,"[{""brown_mod8"": 3, ""canonical_t"": 3, ""e"": 2, ""kind"": ""2-cyclic-odd"", ""p"": 2}, {""canonical_t"": 1, ""e"": 1, ""kind"": ""odd-cyclic"", ""legendre"": 1, ""p"": 23}]",CLOSED_EXACT_CYCLIC_PRESENTATION
92,165,13,11,"[{""brown_mod8"": 5, ""canonical_t"": 5, ""e"": 2, ""kind"": ""2-cyclic-odd"", ""p"": 2}, {""canonical_t"": 1, ""e"": 1, ""kind"": ""odd-cyclic"", ""legendre"": 1, ""p"": 23}]",CLOSED_EXACT_CYCLIC_PRESENTATION
92,167,31,11,"[{""brown_mod8"": 7, ""canonical_t"": 7, ""e"": 2, ""kind"": ""2-cyclic-odd"", ""p"": 2}, {""canonical_t"": 1, ""e"": 1, ""kind"": ""odd-cyclic"", ""legendre"": 1, ""p"": 23}]",CLOSED_EXACT_CYCLIC_PRESENTATION
92,169,1,11,"[{""brown_mod8"": 1, ""canonical_t"": 1, ""e"": 2, ""kind"": ""2-cyclic-odd"", ""p"": 2}, {""canonical_t"": 1, ""e"": 1, ""kind"": ""odd-cyclic"", ""legendre"": 1, ""p"": 23}]",CLOSED_EXACT_CYCLIC_PRESENTATION
92,171,11,11,"[{""brown_mod8"": 3, ""canonical_t"": 3, ""e"": 2, ""kind"": ""2-cyclic-odd"", ""p"": 2}, {""canonical_t"": 5, ""e"": 1, ""kind"": ""odd-cyclic"", ""legendre"": -1, ""p"": 23}]",CLOSED_EXACT_CYCLIC_PRESENTATION
92,173,13,11,"[{""brown_mod8"": 5, ""canonical_t"": 5, ""e"": 2, ""kind"": ""2-cyclic-odd"", ""p"": 2}, {""canonical_t"": 1, ""e"": 1, ""kind"": ""odd-cyclic"", ""legendre"": 1, ""p"": 23}]",CLOSED_EXACT_CYCLIC_PRESENTATION
92,175,7,11,"[{""brown_mod8"": 7, ""canonical_t"": 7, ""e"": 2, ""kind"": ""2-cyclic-odd"", ""p"": 2}, {""canonical_t"": 5, ""e"": 1, ""kind"": ""odd-cyclic"", ""legendre"": -1, ""p"": 23}]",CLOSED_EXACT_CYCLIC_PRESENTATION
92,177,1,11,"[{""brown_mod8"": 1, ""canonical_t"": 1, ""e"": 2, ""kind"": ""2-cyclic-odd"", ""p"": 2}, {""canonical_t"": 1, ""e"": 1, ""kind"": ""odd-cyclic"", ""legendre"": 1, ""p"": 23}]",CLOSED_EXACT_CYCLIC_PRESENTATION
92,179,3,11,"[{""brown_mod8"": 3, ""canonical_t"": 3, ""e"": 2, ""kind"": ""2-cyclic-odd"", ""p"": 2}, {""canonical_t"": 1, ""e"": 1, ""kind"": ""odd-cyclic"", ""legendre"": 1, ""p"": 23}]",CLOSED_EXACT_CYCLIC_PRESENTATION
92,181,5,11,"[{""brown_mod8"": 5, ""canonical_t"": 5, ""e"": 2, ""kind"": ""2-cyclic-odd"", ""p"": 2}, {""canonical_t"": 5, ""e"": 1, ""kind"": ""odd-cyclic"", ""legendre"": -1, ""p"": 23}]",CLOSED_EXACT_CYCLIC_PRESENTATION
92,183,7,11,"[{""brown_mod8"": 7, ""canonical_t"": 7, ""e"": 2, ""kind"": ""2-cyclic-odd"", ""p"": 2}, {""canonical_t"": 5, ""e"": 1, ""kind"": ""odd-cyclic"", ""legendre"": -1, ""p"": 23}]",CLOSED_EXACT_CYCLIC_PRESENTATION
93,1,1,15,"[{""canonical_t"": 1, ""e"": 1, ""kind"": ""odd-cyclic"", ""legendre"": 1, ""p"": 3}, {""canonical_t"": 1, ""e"": 1, ""kind"": ""odd-cyclic"", ""legendre"": 1, ""p"": 31}]",CLOSED_EXACT_CYCLIC_PRESENTATION
93,5,5,15,"[{""canonical_t"": 2, ""e"": 1, ""kind"": ""odd-cyclic"", ""legendre"": -1, ""p"": 3}, {""canonical_t"": 1, ""e"": 1, ""kind"": ""odd-cyclic"", ""legendre"": 1, ""p"": 31}]",CLOSED_EXACT_CYCLIC_PRESENTATION
93,7,1,15,"[{""canonical_t"": 1, ""e"": 1, ""kind"": ""odd-cyclic"", ""legendre"": 1, ""p"": 3}, {""canonical_t"": 1, ""e"": 1, ""kind"": ""odd-cyclic"", ""legendre"": 1, ""p"": 31}]",CLOSED_EXACT_CYCLIC_PRESENTATION
93,11,11,15,"[{""canonical_t"": 2, ""e"": 1, ""kind"": ""odd-cyclic"", ""legendre"": -1, ""p"": 3}, {""canonical_t"": 3, ""e"": 1, ""kind"": ""odd-cyclic"", ""legendre"": -1, ""p"": 31}]",CLOSED_EXACT_CYCLIC_PRESENTATION
93,13,13,15,"[{""canonical_t"": 1, ""e"": 1, ""kind"": ""odd-cyclic"", ""legendre"": 1, ""p"": 3}, {""canonical_t"": 3, ""e"": 1, ""kind"": ""odd-cyclic"", ""legendre"": -1, ""p"": 31}]",CLOSED_EXACT_CYCLIC_PRESENTATION
93,17,11,15,"[{""canonical_t"": 2, ""e"": 1, ""kind"": ""odd-cyclic"", ""legendre"": -1, ""p"": 3}, {""canonical_t"": 3, ""e"": 1, ""kind"": ""odd-cyclic"", ""legendre"": -1, ""p"": 31}]",CLOSED_EXACT_CYCLIC_PRESENTATION
93,19,1,15,"[{""canonical_t"": 1, ""e"": 1, ""kind"": ""odd-cyclic"", ""legendre"": 1, ""p"": 3}, {""canonical_t"": 1, ""e"": 1, ""kind"": ""odd-cyclic"", ""legendre"": 1, ""p"": 31}]",CLOSED_EXACT_CYCLIC_PRESENTATION
93,23,11,15,"[{""canonical_t"": 2, ""e"": 1, ""kind"": ""odd-cyclic"", ""legendre"": -1, ""p"": 3}, {""canonical_t"": 3, ""e"": 1, ""kind"": ""odd-cyclic"", ""legendre"": -1, ""p"": 31}]",CLOSED_EXACT_CYCLIC_PRESENTATION
93,25,1,15,"[{""canonical_t"": 1, ""e"": 1, ""kind"": ""odd-cyclic"", ""legendre"": 1, ""p"": 3}, {""canonical_t"": 1, ""e"": 1, ""kind"": ""odd-cyclic"", ""legendre"": 1, ""p"": 31}]",CLOSED_EXACT_CYCLIC_PRESENTATION
93,29,11,15,"[{""canonical_t"": 2, ""e"": 1, ""kind"": ""odd-cyclic"", ""legendre"": -1, ""p"": 3}, {""canonical_t"": 3, ""e"": 1, ""kind"": ""odd-cyclic"", ""legendre"": -1, ""p"": 31}]",CLOSED_EXACT_CYCLIC_PRESENTATION
93,35,5,15,"[{""canonical_t"": 2, ""e"": 1, ""kind"": ""odd-cyclic"", ""legendre"": -1, ""p"": 3}, {""canonical_t"": 1, ""e"": 1, ""kind"": ""odd-cyclic"", ""legendre"": 1, ""p"": 31}]",CLOSED_EXACT_CYCLIC_PRESENTATION
93,37,13,15,"[{""canonical_t"": 1, ""e"": 1, ""kind"": ""odd-cyclic"", ""legendre"": 1, ""p"": 3}, {""canonical_t"": 3, ""e"": 1, ""kind"": ""odd-cyclic"", ""legendre"": -1, ""p"": 31}]",CLOSED_EXACT_CYCLIC_PRESENTATION
93,41,5,15,"[{""canonical_t"": 2, ""e"": 1, ""kind"": ""odd-cyclic"", ""legendre"": -1, ""p"": 3}, {""canonical_t"": 1, ""e"": 1, ""kind"": ""odd-cyclic"", ""legendre"": 1, ""p"": 31}]",CLOSED_EXACT_CYCLIC_PRESENTATION
93,43,13,15,"[{""canonical_t"": 1, ""e"": 1, ""kind"": ""odd-cyclic"", ""legendre"": 1, ""p"": 3}, {""canonical_t"": 3, ""e"": 1, ""kind"": ""odd-cyclic"", ""legendre"": -1, ""p"": 31}]",CLOSED_EXACT_CYCLIC_PRESENTATION
93,47,5,15,"[{""canonical_t"": 2, ""e"": 1, ""kind"": ""odd-cyclic"", ""legendre"": -1, ""p"": 3}, {""canonical_t"": 1, ""e"": 1, ""kind"": ""odd-cyclic"", ""legendre"": 1, ""p"": 31}]",CLOSED_EXACT_CYCLIC_PRESENTATION
93,49,1,15,"[{""canonical_t"": 1, ""e"": 1, ""kind"": ""odd-cyclic"", ""legendre"": 1, ""p"": 3}, {""canonical_t"": 1, ""e"": 1, ""kind"": ""odd-cyclic"", ""legendre"": 1, ""p"": 31}]",CLOSED_EXACT_CYCLIC_PRESENTATION
93,53,11,15,"[{""canonical_t"": 2, ""e"": 1, ""kind"": ""odd-cyclic"", ""legendre"": -1, ""p"": 3}, {""canonical_t"": 3, ""e"": 1, ""kind"": ""odd-cyclic"", ""legendre"": -1, ""p"": 31}]",CLOSED_EXACT_CYCLIC_PRESENTATION
93,55,13,15,"[{""canonical_t"": 1, ""e"": 1, ""kind"": ""odd-cyclic"", ""legendre"": 1, ""p"": 3}, {""canonical_t"": 3, ""e"": 1, ""kind"": ""odd-cyclic"", ""legendre"": -1, ""p"": 31}]",CLOSED_EXACT_CYCLIC_PRESENTATION
93,59,5,15,"[{""canonical_t"": 2, ""e"": 1, ""kind"": ""odd-cyclic"", ""legendre"": -1, ""p"": 3}, {""canonical_t"": 1, ""e"": 1, ""kind"": ""odd-cyclic"", ""legendre"": 1, ""p"": 31}]",CLOSED_EXACT_CYCLIC_PRESENTATION
93,61,13,15,"[{""canonical_t"": 1, ""e"": 1, ""kind"": ""odd-cyclic"", ""legendre"": 1, ""p"": 3}, {""canonical_t"": 3, ""e"": 1, ""kind"": ""odd-cyclic"", ""legendre"": -1, ""p"": 31}]",CLOSED_EXACT_CYCLIC_PRESENTATION
93,65,11,15,"[{""canonical_t"": 2, ""e"": 1, ""kind"": ""odd-cyclic"", ""legendre"": -1, ""p"": 3}, {""canonical_t"": 3, ""e"": 1, ""kind"": ""odd-cyclic"", ""legendre"": -1, ""p"": 31}]",CLOSED_EXACT_CYCLIC_PRESENTATION
93,67,1,15,"[{""canonical_t"": 1, ""e"": 1, ""kind"": ""odd-cyclic"", ""legendre"": 1, ""p"": 3}, {""canonical_t"": 1, ""e"": 1, ""kind"": ""odd-cyclic"", ""legendre"": 1, ""p"": 31}]",CLOSED_EXACT_CYCLIC_PRESENTATION
93,71,5,15,"[{""canonical_t"": 2, ""e"": 1, ""kind"": ""odd-cyclic"", ""legendre"": -1, ""p"": 3}, {""canonical_t"": 1, ""e"": 1, ""kind"": ""odd-cyclic"", ""legendre"": 1, ""p"": 31}]",CLOSED_EXACT_CYCLIC_PRESENTATION
93,73,13,15,"[{""canonical_t"": 1, ""e"": 1, ""kind"": ""odd-cyclic"", ""legendre"": 1, ""p"": 3}, {""canonical_t"": 3, ""e"": 1, ""kind"": ""odd-cyclic"", ""legendre"": -1, ""p"": 31}]",CLOSED_EXACT_CYCLIC_PRESENTATION
93,77,11,15,"[{""canonical_t"": 2, ""e"": 1, ""kind"": ""odd-cyclic"", ""legendre"": -1, ""p"": 3}, {""canonical_t"": 3, ""e"": 1, ""kind"": ""odd-cyclic"", ""legendre"": -1, ""p"": 31}]",CLOSED_EXACT_CYCLIC_PRESENTATION
93,79,13,15,"[{""canonical_t"": 1, ""e"": 1, ""kind"": ""odd-cyclic"", ""legendre"": 1, ""p"": 3}, {""canonical_t"": 3, ""e"": 1, ""kind"": ""odd-cyclic"", ""legendre"": -1, ""p"": 31}]",CLOSED_EXACT_CYCLIC_PRESENTATION
93,83,11,15,"[{""canonical_t"": 2, ""e"": 1, ""kind"": ""odd-cyclic"", ""legendre"": -1, ""p"": 3}, {""canonical_t"": 3, ""e"": 1, ""kind"": ""odd-cyclic"", ""legendre"": -1, ""p"": 31}]",CLOSED_EXACT_CYCLIC_PRESENTATION
93,85,13,15,"[{""canonical_t"": 1, ""e"": 1, ""kind"": ""odd-cyclic"", ""legendre"": 1, ""p"": 3}, {""canonical_t"": 3, ""e"": 1, ""kind"": ""odd-cyclic"", ""legendre"": -1, ""p"": 31}]",CLOSED_EXACT_CYCLIC_PRESENTATION
93,89,11,15,"[{""canonical_t"": 2, ""e"": 1, ""kind"": ""odd-cyclic"", ""legendre"": -1, ""p"": 3}, {""canonical_t"": 3, ""e"": 1, ""kind"": ""odd-cyclic"", ""legendre"": -1, ""p"": 31}]",CLOSED_EXACT_CYCLIC_PRESENTATION
93,91,13,15,"[{""canonical_t"": 1, ""e"": 1, ""kind"": ""odd-cyclic"", ""legendre"": 1, ""p"": 3}, {""canonical_t"": 3, ""e"": 1, ""kind"": ""odd-cyclic"", ""legendre"": -1, ""p"": 31}]",CLOSED_EXACT_CYCLIC_PRESENTATION
93,95,5,15,"[{""canonical_t"": 2, ""e"": 1, ""kind"": ""odd-cyclic"", ""legendre"": -1, ""p"": 3}, {""canonical_t"": 1, ""e"": 1, ""kind"": ""odd-cyclic"", ""legendre"": 1, ""p"": 31}]",CLOSED_EXACT_CYCLIC_PRESENTATION
93,97,1,15,"[{""canonical_t"": 1, ""e"": 1, ""kind"": ""odd-cyclic"", ""legendre"": 1, ""p"": 3}, {""canonical_t"": 1, ""e"": 1, ""kind"": ""odd-cyclic"", ""legendre"": 1, ""p"": 31}]",CLOSED_EXACT_CYCLIC_PRESENTATION
93,101,5,15,"[{""canonical_t"": 2, ""e"": 1, ""kind"": ""odd-cyclic"", ""legendre"": -1, ""p"": 3}, {""canonical_t"": 1, ""e"": 1, ""kind"": ""odd-cyclic"", ""legendre"": 1, ""p"": 31}]",CLOSED_EXACT_CYCLIC_PRESENTATION
93,103,1,15,"[{""canonical_t"": 1, ""e"": 1, ""kind"": ""odd-cyclic"", ""legendre"": 1, ""p"": 3}, {""canonical_t"": 1, ""e"": 1, ""kind"": ""odd-cyclic"", ""legendre"": 1, ""p"": 31}]",CLOSED_EXACT_CYCLIC_PRESENTATION
93,107,5,15,"[{""canonical_t"": 2, ""e"": 1, ""kind"": ""odd-cyclic"", ""legendre"": -1, ""p"": 3}, {""canonical_t"": 1, ""e"": 1, ""kind"": ""odd-cyclic"", ""legendre"": 1, ""p"": 31}]",CLOSED_EXACT_CYCLIC_PRESENTATION
93,109,1,15,"[{""canonical_t"": 1, ""e"": 1, ""kind"": ""odd-cyclic"", ""legendre"": 1, ""p"": 3}, {""canonical_t"": 1, ""e"": 1, ""kind"": ""odd-cyclic"", ""legendre"": 1, ""p"": 31}]",CLOSED_EXACT_CYCLIC_PRESENTATION
93,113,5,15,"[{""canonical_t"": 2, ""e"": 1, ""kind"": ""odd-cyclic"", ""legendre"": -1, ""p"": 3}, {""canonical_t"": 1, ""e"": 1, ""kind"": ""odd-cyclic"", ""legendre"": 1, ""p"": 31}]",CLOSED_EXACT_CYCLIC_PRESENTATION
93,115,13,15,"[{""canonical_t"": 1, ""e"": 1, ""kind"": ""odd-cyclic"", ""legendre"": 1, ""p"": 3}, {""canonical_t"": 3, ""e"": 1, ""kind"": ""odd-cyclic"", ""legendre"": -1, ""p"": 31}]",CLOSED_EXACT_CYCLIC_PRESENTATION
93,119,11,15,"[{""canonical_t"": 2, ""e"": 1, ""kind"": ""odd-cyclic"", ""legendre"": -1, ""p"": 3}, {""canonical_t"": 3, ""e"": 1, ""kind"": ""odd-cyclic"", ""legendre"": -1, ""p"": 31}]",CLOSED_EXACT_CYCLIC_PRESENTATION
93,121,1,15,"[{""canonical_t"": 1, ""e"": 1, ""kind"": ""odd-cyclic"", ""legendre"": 1, ""p"": 3}, {""canonical_t"": 1, ""e"": 1, ""kind"": ""odd-cyclic"", ""legendre"": 1, ""p"": 31}]",CLOSED_EXACT_CYCLIC_PRESENTATION
93,125,5,15,"[{""canonical_t"": 2, ""e"": 1, ""kind"": ""odd-cyclic"", ""legendre"": -1, ""p"": 3}, {""canonical_t"": 1, ""e"": 1, ""kind"": ""odd-cyclic"", ""legendre"": 1, ""p"": 31}]",CLOSED_EXACT_CYCLIC_PRESENTATION
93,127,13,15,"[{""canonical_t"": 1, ""e"": 1, ""kind"": ""odd-cyclic"", ""legendre"": 1, ""p"": 3}, {""canonical_t"": 3, ""e"": 1, ""kind"": ""odd-cyclic"", ""legendre"": -1, ""p"": 31}]",CLOSED_EXACT_CYCLIC_PRESENTATION
93,131,5,15,"[{""canonical_t"": 2, ""e"": 1, ""kind"": ""odd-cyclic"", ""legendre"": -1, ""p"": 3}, {""canonical_t"": 1, ""e"": 1, ""kind"": ""odd-cyclic"", ""legendre"": 1, ""p"": 31}]",CLOSED_EXACT_CYCLIC_PRESENTATION
93,133,1,15,"[{""canonical_t"": 1, ""e"": 1, ""kind"": ""odd-cyclic"", ""legendre"": 1, ""p"": 3}, {""canonical_t"": 1, ""e"": 1, ""kind"": ""odd-cyclic"", ""legendre"": 1, ""p"": 31}]",CLOSED_EXACT_CYCLIC_PRESENTATION
93,137,11,15,"[{""canonical_t"": 2, ""e"": 1, ""kind"": ""odd-cyclic"", ""legendre"": -1, ""p"": 3}, {""canonical_t"": 3, ""e"": 1, ""kind"": ""odd-cyclic"", ""legendre"": -1, ""p"": 31}]",CLOSED_EXACT_CYCLIC_PRESENTATION
93,139,13,15,"[{""canonical_t"": 1, ""e"": 1, ""kind"": ""odd-cyclic"", ""legendre"": 1, ""p"": 3}, {""canonical_t"": 3, ""e"": 1, ""kind"": ""odd-cyclic"", ""legendre"": -1, ""p"": 31}]",CLOSED_EXACT_CYCLIC_PRESENTATION
93,143,5,15,"[{""canonical_t"": 2, ""e"": 1, ""kind"": ""odd-cyclic"", ""legendre"": -1, ""p"": 3}, {""canonical_t"": 1, ""e"": 1, ""kind"": ""odd-cyclic"", ""legendre"": 1, ""p"": 31}]",CLOSED_EXACT_CYCLIC_PRESENTATION
93,145,13,15,"[{""canonical_t"": 1, ""e"": 1, ""kind"": ""odd-cyclic"", ""legendre"": 1, ""p"": 3}, {""canonical_t"": 3, ""e"": 1, ""kind"": ""odd-cyclic"", ""legendre"": -1, ""p"": 31}]",CLOSED_EXACT_CYCLIC_PRESENTATION
93,149,5,15,"[{""canonical_t"": 2, ""e"": 1, ""kind"": ""odd-cyclic"", ""legendre"": -1, ""p"": 3}, {""canonical_t"": 1, ""e"": 1, ""kind"": ""odd-cyclic"", ""legendre"": 1, ""p"": 31}]",CLOSED_EXACT_CYCLIC_PRESENTATION
93,151,13,15,"[{""canonical_t"": 1, ""e"": 1, ""kind"": ""odd-cyclic"", ""legendre"": 1, ""p"": 3}, {""canonical_t"": 3, ""e"": 1, ""kind"": ""odd-cyclic"", ""legendre"": -1, ""p"": 31}]",CLOSED_EXACT_CYCLIC_PRESENTATION
93,157,1,15,"[{""canonical_t"": 1, ""e"": 1, ""kind"": ""odd-cyclic"", ""legendre"": 1, ""p"": 3}, {""canonical_t"": 1, ""e"": 1, ""kind"": ""odd-cyclic"", ""legendre"": 1, ""p"": 31}]",CLOSED_EXACT_CYCLIC_PRESENTATION
93,161,11,15,"[{""canonical_t"": 2, ""e"": 1, ""kind"": ""odd-cyclic"", ""legendre"": -1, ""p"": 3}, {""canonical_t"": 3, ""e"": 1, ""kind"": ""odd-cyclic"", ""legendre"": -1, ""p"": 31}]",CLOSED_EXACT_CYCLIC_PRESENTATION
93,163,1,15,"[{""canonical_t"": 1, ""e"": 1, ""kind"": ""odd-cyclic"", ""legendre"": 1, ""p"": 3}, {""canonical_t"": 1, ""e"": 1, ""kind"": ""odd-cyclic"", ""legendre"": 1, ""p"": 31}]",CLOSED_EXACT_CYCLIC_PRESENTATION
93,167,11,15,"[{""canonical_t"": 2, ""e"": 1, ""kind"": ""odd-cyclic"", ""legendre"": -1, ""p"": 3}, {""canonical_t"": 3, ""e"": 1, ""kind"": ""odd-cyclic"", ""legendre"": -1, ""p"": 31}]",CLOSED_EXACT_CYCLIC_PRESENTATION
93,169,1,15,"[{""canonical_t"": 1, ""e"": 1, ""kind"": ""odd-cyclic"", ""legendre"": 1, ""p"": 3}, {""canonical_t"": 1, ""e"": 1, ""kind"": ""odd-cyclic"", ""legendre"": 1, ""p"": 31}]",CLOSED_EXACT_CYCLIC_PRESENTATION
93,173,5,15,"[{""canonical_t"": 2, ""e"": 1, ""kind"": ""odd-cyclic"", ""legendre"": -1, ""p"": 3}, {""canonical_t"": 1, ""e"": 1, ""kind"": ""odd-cyclic"", ""legendre"": 1, ""p"": 31}]",CLOSED_EXACT_CYCLIC_PRESENTATION
93,175,1,15,"[{""canonical_t"": 1, ""e"": 1, ""kind"": ""odd-cyclic"", ""legendre"": 1, ""p"": 3}, {""canonical_t"": 1, ""e"": 1, ""kind"": ""odd-cyclic"", ""legendre"": 1, ""p"": 31}]",CLOSED_EXACT_CYCLIC_PRESENTATION
93,179,11,15,"[{""canonical_t"": 2, ""e"": 1, ""kind"": ""odd-cyclic"", ""legendre"": -1, ""p"": 3}, {""canonical_t"": 3, ""e"": 1, ""kind"": ""odd-cyclic"", ""legendre"": -1, ""p"": 31}]",CLOSED_EXACT_CYCLIC_PRESENTATION
93,181,13,15,"[{""canonical_t"": 1, ""e"": 1, ""kind"": ""odd-cyclic"", ""legendre"": 1, ""p"": 3}, {""canonical_t"": 3, ""e"": 1, ""kind"": ""odd-cyclic"", ""legendre"": -1, ""p"": 31}]",CLOSED_EXACT_CYCLIC_PRESENTATION
93,185,11,15,"[{""canonical_t"": 2, ""e"": 1, ""kind"": ""odd-cyclic"", ""legendre"": -1, ""p"": 3}, {""canonical_t"": 3, ""e"": 1, ""kind"": ""odd-cyclic"", ""legendre"": -1, ""p"": 31}]",CLOSED_EXACT_CYCLIC_PRESENTATION
94,1,1,23,"[{""brown_mod8"": 1, ""canonical_t"": 1, ""e"": 1, ""kind"": ""2-cyclic-odd"", ""p"": 2}, {""canonical_t"": 1, ""e"": 1, ""kind"": ""odd-cyclic"", ""legendre"": 1, ""p"": 47}]",CLOSED_EXACT_CYCLIC_PRESENTATION
94,3,3,23,"[{""brown_mod8"": 3, ""canonical_t"": 3, ""e"": 1, ""kind"": ""2-cyclic-odd"", ""p"": 2}, {""canonical_t"": 1, ""e"": 1, ""kind"": ""odd-cyclic"", ""legendre"": 1, ""p"": 47}]",CLOSED_EXACT_CYCLIC_PRESENTATION
94,5,5,23,"[{""brown_mod8"": 1, ""canonical_t"": 1, ""e"": 1, ""kind"": ""2-cyclic-odd"", ""p"": 2}, {""canonical_t"": 5, ""e"": 1, ""kind"": ""odd-cyclic"", ""legendre"": -1, ""p"": 47}]",CLOSED_EXACT_CYCLIC_PRESENTATION
94,7,3,23,"[{""brown_mod8"": 3, ""canonical_t"": 3, ""e"": 1, ""kind"": ""2-cyclic-odd"", ""p"": 2}, {""canonical_t"": 1, ""e"": 1, ""kind"": ""odd-cyclic"", ""legendre"": 1, ""p"": 47}]",CLOSED_EXACT_CYCLIC_PRESENTATION
94,9,1,23,"[{""brown_mod8"": 1, ""canonical_t"": 1, ""e"": 1, ""kind"": ""2-cyclic-odd"", ""p"": 2}, {""canonical_t"": 1, ""e"": 1, ""kind"": ""odd-cyclic"", ""legendre"": 1, ""p"": 47}]",CLOSED_EXACT_CYCLIC_PRESENTATION
94,11,11,23,"[{""brown_mod8"": 3, ""canonical_t"": 3, ""e"": 1, ""kind"": ""2-cyclic-odd"", ""p"": 2}, {""canonical_t"": 5, ""e"": 1, ""kind"": ""odd-cyclic"", ""legendre"": -1, ""p"": 47}]",CLOSED_EXACT_CYCLIC_PRESENTATION
94,13,5,23,"[{""brown_mod8"": 1, ""canonical_t"": 1, ""e"": 1, ""kind"": ""2-cyclic-odd"", ""p"": 2}, {""canonical_t"": 5, ""e"": 1, ""kind"": ""odd-cyclic"", ""legendre"": -1, ""p"": 47}]",CLOSED_EXACT_CYCLIC_PRESENTATION
94,15,11,23,"[{""brown_mod8"": 3, ""canonical_t"": 3, ""e"": 1, ""kind"": ""2-cyclic-odd"", ""p"": 2}, {""canonical_t"": 5, ""e"": 1, ""kind"": ""odd-cyclic"", ""legendre"": -1, ""p"": 47}]",CLOSED_EXACT_CYCLIC_PRESENTATION
94,17,1,23,"[{""brown_mod8"": 1, ""canonical_t"": 1, ""e"": 1, ""kind"": ""2-cyclic-odd"", ""p"": 2}, {""canonical_t"": 1, ""e"": 1, ""kind"": ""odd-cyclic"", ""legendre"": 1, ""p"": 47}]",CLOSED_EXACT_CYCLIC_PRESENTATION
94,19,11,23,"[{""brown_mod8"": 3, ""canonical_t"": 3, ""e"": 1, ""kind"": ""2-cyclic-odd"", ""p"": 2}, {""canonical_t"": 5, ""e"": 1, ""kind"": ""odd-cyclic"", ""legendre"": -1, ""p"": 47}]",CLOSED_EXACT_CYCLIC_PRESENTATION
94,21,1,23,"[{""brown_mod8"": 1, ""canonical_t"": 1, ""e"": 1, ""kind"": ""2-cyclic-odd"", ""p"": 2}, {""canonical_t"": 1, ""e"": 1, ""kind"": ""odd-cyclic"", ""legendre"": 1, ""p"": 47}]",CLOSED_EXACT_CYCLIC_PRESENTATION
94,23,11,23,"[{""brown_mod8"": 3, ""canonical_t"": 3, ""e"": 1, ""kind"": ""2-cyclic-odd"", ""p"": 2}, {""canonical_t"": 5, ""e"": 1, ""kind"": ""odd-cyclic"", ""legendre"": -1, ""p"": 47}]",CLOSED_EXACT_CYCLIC_PRESENTATION
94,25,1,23,"[{""brown_mod8"": 1, ""canonical_t"": 1, ""e"": 1, ""kind"": ""2-cyclic-odd"", ""p"": 2}, {""canonical_t"": 1, ""e"": 1, ""kind"": ""odd-cyclic"", ""legendre"": 1, ""p"": 47}]",CLOSED_EXACT_CYCLIC_PRESENTATION
94,27,3,23,"[{""brown_mod8"": 3, ""canonical_t"": 3, ""e"": 1, ""kind"": ""2-cyclic-odd"", ""p"": 2}, {""canonical_t"": 1, ""e"": 1, ""kind"": ""odd-cyclic"", ""legendre"": 1, ""p"": 47}]",CLOSED_EXACT_CYCLIC_PRESENTATION
94,29,5,23,"[{""brown_mod8"": 1, ""canonical_t"": 1, ""e"": 1, ""kind"": ""2-cyclic-odd"", ""p"": 2}, {""canonical_t"": 5, ""e"": 1, ""kind"": ""odd-cyclic"", ""legendre"": -1, ""p"": 47}]",CLOSED_EXACT_CYCLIC_PRESENTATION
94,31,11,23,"[{""brown_mod8"": 3, ""canonical_t"": 3, ""e"": 1, ""kind"": ""2-cyclic-odd"", ""p"": 2}, {""canonical_t"": 5, ""e"": 1, ""kind"": ""odd-cyclic"", ""legendre"": -1, ""p"": 47}]",CLOSED_EXACT_CYCLIC_PRESENTATION
94,33,5,23,"[{""brown_mod8"": 1, ""canonical_t"": 1, ""e"": 1, ""kind"": ""2-cyclic-odd"", ""p"": 2}, {""canonical_t"": 5, ""e"": 1, ""kind"": ""odd-cyclic"", ""legendre"": -1, ""p"": 47}]",CLOSED_EXACT_CYCLIC_PRESENTATION
94,35,11,23,"[{""brown_mod8"": 3, ""canonical_t"": 3, ""e"": 1, ""kind"": ""2-cyclic-odd"", ""p"": 2}, {""canonical_t"": 5, ""e"": 1, ""kind"": ""odd-cyclic"", ""legendre"": -1, ""p"": 47}]",CLOSED_EXACT_CYCLIC_PRESENTATION
94,37,1,23,"[{""brown_mod8"": 1, ""canonical_t"": 1, ""e"": 1, ""kind"": ""2-cyclic-odd"", ""p"": 2}, {""canonical_t"": 1, ""e"": 1, ""kind"": ""odd-cyclic"", ""legendre"": 1, ""p"": 47}]",CLOSED_EXACT_CYCLIC_PRESENTATION
94,39,11,23,"[{""brown_mod8"": 3, ""canonical_t"": 3, ""e"": 1, ""kind"": ""2-cyclic-odd"", ""p"": 2}, {""canonical_t"": 5, ""e"": 1, ""kind"": ""odd-cyclic"", ""legendre"": -1, ""p"": 47}]",CLOSED_EXACT_CYCLIC_PRESENTATION
94,41,5,23,"[{""brown_mod8"": 1, ""canonical_t"": 1, ""e"": 1, ""kind"": ""2-cyclic-odd"", ""p"": 2}, {""canonical_t"": 5, ""e"": 1, ""kind"": ""odd-cyclic"", ""legendre"": -1, ""p"": 47}]",CLOSED_EXACT_CYCLIC_PRESENTATION
94,43,11,23,"[{""brown_mod8"": 3, ""canonical_t"": 3, ""e"": 1, ""kind"": ""2-cyclic-odd"", ""p"": 2}, {""canonical_t"": 5, ""e"": 1, ""kind"": ""odd-cyclic"", ""legendre"": -1, ""p"": 47}]",CLOSED_EXACT_CYCLIC_PRESENTATION
94,45,5,23,"[{""brown_mod8"": 1, ""canonical_t"": 1, ""e"": 1, ""kind"": ""2-cyclic-odd"", ""p"": 2}, {""canonical_t"": 5, ""e"": 1, ""kind"": ""odd-cyclic"", ""legendre"": -1, ""p"": 47}]",CLOSED_EXACT_CYCLIC_PRESENTATION
94,49,1,23,"[{""brown_mod8"": 1, ""canonical_t"": 1, ""e"": 1, ""kind"": ""2-cyclic-odd"", ""p"": 2}, {""canonical_t"": 1, ""e"": 1, ""kind"": ""odd-cyclic"", ""legendre"": 1, ""p"": 47}]",CLOSED_EXACT_CYCLIC_PRESENTATION
94,51,3,23,"[{""brown_mod8"": 3, ""canonical_t"": 3, ""e"": 1, ""kind"": ""2-cyclic-odd"", ""p"": 2}, {""canonical_t"": 1, ""e"": 1, ""kind"": ""odd-cyclic"", ""legendre"": 1, ""p"": 47}]",CLOSED_EXACT_CYCLIC_PRESENTATION
94,53,1,23,"[{""brown_mod8"": 1, ""canonical_t"": 1, ""e"": 1, ""kind"": ""2-cyclic-odd"", ""p"": 2}, {""canonical_t"": 1, ""e"": 1, ""kind"": ""odd-cyclic"", ""legendre"": 1, ""p"": 47}]",CLOSED_EXACT_CYCLIC_PRESENTATION
94,55,3,23,"[{""brown_mod8"": 3, ""canonical_t"": 3, ""e"": 1, ""kind"": ""2-cyclic-odd"", ""p"": 2}, {""canonical_t"": 1, ""e"": 1, ""kind"": ""odd-cyclic"", ""legendre"": 1, ""p"": 47}]",CLOSED_EXACT_CYCLIC_PRESENTATION
94,57,5,23,"[{""brown_mod8"": 1, ""canonical_t"": 1, ""e"": 1, ""kind"": ""2-cyclic-odd"", ""p"": 2}, {""canonical_t"": 5, ""e"": 1, ""kind"": ""odd-cyclic"", ""legendre"": -1, ""p"": 47}]",CLOSED_EXACT_CYCLIC_PRESENTATION
94,59,3,23,"[{""brown_mod8"": 3, ""canonical_t"": 3, ""e"": 1, ""kind"": ""2-cyclic-odd"", ""p"": 2}, {""canonical_t"": 1, ""e"": 1, ""kind"": ""odd-cyclic"", ""legendre"": 1, ""p"": 47}]",CLOSED_EXACT_CYCLIC_PRESENTATION
94,61,1,23,"[{""brown_mod8"": 1, ""canonical_t"": 1, ""e"": 1, ""kind"": ""2-cyclic-odd"", ""p"": 2}, {""canonical_t"": 1, ""e"": 1, ""kind"": ""odd-cyclic"", ""legendre"": 1, ""p"": 47}]",CLOSED_EXACT_CYCLIC_PRESENTATION
94,63,3,23,"[{""brown_mod8"": 3, ""canonical_t"": 3, ""e"": 1, ""kind"": ""2-cyclic-odd"", ""p"": 2}, {""canonical_t"": 1, ""e"": 1, ""kind"": ""odd-cyclic"", ""legendre"": 1, ""p"": 47}]",CLOSED_EXACT_CYCLIC_PRESENTATION
94,65,1,23,"[{""brown_mod8"": 1, ""canonical_t"": 1, ""e"": 1, ""kind"": ""2-cyclic-odd"", ""p"": 2}, {""canonical_t"": 1, ""e"": 1, ""kind"": ""odd-cyclic"", ""legendre"": 1, ""p"": 47}]",CLOSED_EXACT_CYCLIC_PRESENTATION
94,67,11,23,"[{""brown_mod8"": 3, ""canonical_t"": 3, ""e"": 1, ""kind"": ""2-cyclic-odd"", ""p"": 2}, {""canonical_t"": 5, ""e"": 1, ""kind"": ""odd-cyclic"", ""legendre"": -1, ""p"": 47}]",CLOSED_EXACT_CYCLIC_PRESENTATION
94,69,5,23,"[{""brown_mod8"": 1, ""canonical_t"": 1, ""e"": 1, ""kind"": ""2-cyclic-odd"", ""p"": 2}, {""canonical_t"": 5, ""e"": 1, ""kind"": ""odd-cyclic"", ""legendre"": -1, ""p"": 47}]",CLOSED_EXACT_CYCLIC_PRESENTATION
94,71,3,23,"[{""brown_mod8"": 3, ""canonical_t"": 3, ""e"": 1, ""kind"": ""2-cyclic-odd"", ""p"": 2}, {""canonical_t"": 1, ""e"": 1, ""kind"": ""odd-cyclic"", ""legendre"": 1, ""p"": 47}]",CLOSED_EXACT_CYCLIC_PRESENTATION
94,73,5,23,"[{""brown_mod8"": 1, ""canonical_t"": 1, ""e"": 1, ""kind"": ""2-cyclic-odd"", ""p"": 2}, {""canonical_t"": 5, ""e"": 1, ""kind"": ""odd-cyclic"", ""legendre"": -1, ""p"": 47}]",CLOSED_EXACT_CYCLIC_PRESENTATION
94,75,3,23,"[{""brown_mod8"": 3, ""canonical_t"": 3, ""e"": 1, ""kind"": ""2-cyclic-odd"", ""p"": 2}, {""canonical_t"": 1, ""e"": 1, ""kind"": ""odd-cyclic"", ""legendre"": 1, ""p"": 47}]",CLOSED_EXACT_CYCLIC_PRESENTATION
94,77,5,23,"[{""brown_mod8"": 1, ""canonical_t"": 1, ""e"": 1, ""kind"": ""2-cyclic-odd"", ""p"": 2}, {""canonical_t"": 5, ""e"": 1, ""kind"": ""odd-cyclic"", ""legendre"": -1, ""p"": 47}]",CLOSED_EXACT_CYCLIC_PRESENTATION
94,79,3,23,"[{""brown_mod8"": 3, ""canonical_t"": 3, ""e"": 1, ""kind"": ""2-cyclic-odd"", ""p"": 2}, {""canonical_t"": 1, ""e"": 1, ""kind"": ""odd-cyclic"", ""legendre"": 1, ""p"": 47}]",CLOSED_EXACT_CYCLIC_PRESENTATION
94,81,1,23,"[{""brown_mod8"": 1, ""canonical_t"": 1, ""e"": 1, ""kind"": ""2-cyclic-odd"", ""p"": 2}, {""canonical_t"": 1, ""e"": 1, ""kind"": ""odd-cyclic"", ""legendre"": 1, ""p"": 47}]",CLOSED_EXACT_CYCLIC_PRESENTATION
94,83,3,23,"[{""brown_mod8"": 3, ""canonical_t"": 3, ""e"": 1, ""kind"": ""2-cyclic-odd"", ""p"": 2}, {""canonical_t"": 1, ""e"": 1, ""kind"": ""odd-cyclic"", ""legendre"": 1, ""p"": 47}]",CLOSED_EXACT_CYCLIC_PRESENTATION
94,85,5,23,"[{""brown_mod8"": 1, ""canonical_t"": 1, ""e"": 1, ""kind"": ""2-cyclic-odd"", ""p"": 2}, {""canonical_t"": 5, ""e"": 1, ""kind"": ""odd-cyclic"", ""legendre"": -1, ""p"": 47}]",CLOSED_EXACT_CYCLIC_PRESENTATION
94,87,11,23,"[{""brown_mod8"": 3, ""canonical_t"": 3, ""e"": 1, ""kind"": ""2-cyclic-odd"", ""p"": 2}, {""canonical_t"": 5, ""e"": 1, ""kind"": ""odd-cyclic"", ""legendre"": -1, ""p"": 47}]",CLOSED_EXACT_CYCLIC_PRESENTATION
94,89,1,23,"[{""brown_mod8"": 1, ""canonical_t"": 1, ""e"": 1, ""kind"": ""2-cyclic-odd"", ""p"": 2}, {""canonical_t"": 1, ""e"": 1, ""kind"": ""odd-cyclic"", ""legendre"": 1, ""p"": 47}]",CLOSED_EXACT_CYCLIC_PRESENTATION
94,91,11,23,"[{""brown_mod8"": 3, ""canonical_t"": 3, ""e"": 1, ""kind"": ""2-cyclic-odd"", ""p"": 2}, {""canonical_t"": 5, ""e"": 1, ""kind"": ""odd-cyclic"", ""legendre"": -1, ""p"": 47}]",CLOSED_EXACT_CYCLIC_PRESENTATION
94,93,5,23,"[{""brown_mod8"": 1, ""canonical_t"": 1, ""e"": 1, ""kind"": ""2-cyclic-odd"", ""p"": 2}, {""canonical_t"": 5, ""e"": 1, ""kind"": ""odd-cyclic"", ""legendre"": -1, ""p"": 47}]",CLOSED_EXACT_CYCLIC_PRESENTATION
94,95,3,23,"[{""brown_mod8"": 3, ""canonical_t"": 3, ""e"": 1, ""kind"": ""2-cyclic-odd"", ""p"": 2}, {""canonical_t"": 1, ""e"": 1, ""kind"": ""odd-cyclic"", ""legendre"": 1, ""p"": 47}]",CLOSED_EXACT_CYCLIC_PRESENTATION
94,97,1,23,"[{""brown_mod8"": 1, ""canonical_t"": 1, ""e"": 1, ""kind"": ""2-cyclic-odd"", ""p"": 2}, {""canonical_t"": 1, ""e"": 1, ""kind"": ""odd-cyclic"", ""legendre"": 1, ""p"": 47}]",CLOSED_EXACT_CYCLIC_PRESENTATION
94,99,11,23,"[{""brown_mod8"": 3, ""canonical_t"": 3, ""e"": 1, ""kind"": ""2-cyclic-odd"", ""p"": 2}, {""canonical_t"": 5, ""e"": 1, ""kind"": ""odd-cyclic"", ""legendre"": -1, ""p"": 47}]",CLOSED_EXACT_CYCLIC_PRESENTATION
94,101,1,23,"[{""brown_mod8"": 1, ""canonical_t"": 1, ""e"": 1, ""kind"": ""2-cyclic-odd"", ""p"": 2}, {""canonical_t"": 1, ""e"": 1, ""kind"": ""odd-cyclic"", ""legendre"": 1, ""p"": 47}]",CLOSED_EXACT_CYCLIC_PRESENTATION
94,103,3,23,"[{""brown_mod8"": 3, ""canonical_t"": 3, ""e"": 1, ""kind"": ""2-cyclic-odd"", ""p"": 2}, {""canonical_t"": 1, ""e"": 1, ""kind"": ""odd-cyclic"", ""legendre"": 1, ""p"": 47}]",CLOSED_EXACT_CYCLIC_PRESENTATION
94,105,5,23,"[{""brown_mod8"": 1, ""canonical_t"": 1, ""e"": 1, ""kind"": ""2-cyclic-odd"", ""p"": 2}, {""canonical_t"": 5, ""e"": 1, ""kind"": ""odd-cyclic"", ""legendre"": -1, ""p"": 47}]",CLOSED_EXACT_CYCLIC_PRESENTATION
94,107,11,23,"[{""brown_mod8"": 3, ""canonical_t"": 3, ""e"": 1, ""kind"": ""2-cyclic-odd"", ""p"": 2}, {""canonical_t"": 5, ""e"": 1, ""kind"": ""odd-cyclic"", ""legendre"": -1, ""p"": 47}]",CLOSED_EXACT_CYCLIC_PRESENTATION
94,109,5,23,"[{""brown_mod8"": 1, ""canonical_t"": 1, ""e"": 1, ""kind"": ""2-cyclic-odd"", ""p"": 2}, {""canonical_t"": 5, ""e"": 1, ""kind"": ""odd-cyclic"", ""legendre"": -1, ""p"": 47}]",CLOSED_EXACT_CYCLIC_PRESENTATION
94,111,3,23,"[{""brown_mod8"": 3, ""canonical_t"": 3, ""e"": 1, ""kind"": ""2-cyclic-odd"", ""p"": 2}, {""canonical_t"": 1, ""e"": 1, ""kind"": ""odd-cyclic"", ""legendre"": 1, ""p"": 47}]",CLOSED_EXACT_CYCLIC_PRESENTATION
94,113,5,23,"[{""brown_mod8"": 1, ""canonical_t"": 1, ""e"": 1, ""kind"": ""2-cyclic-odd"", ""p"": 2}, {""canonical_t"": 5, ""e"": 1, ""kind"": ""odd-cyclic"", ""legendre"": -1, ""p"": 47}]",CLOSED_EXACT_CYCLIC_PRESENTATION
94,115,3,23,"[{""brown_mod8"": 3, ""canonical_t"": 3, ""e"": 1, ""kind"": ""2-cyclic-odd"", ""p"": 2}, {""canonical_t"": 1, ""e"": 1, ""kind"": ""odd-cyclic"", ""legendre"": 1, ""p"": 47}]",CLOSED_EXACT_CYCLIC_PRESENTATION
94,117,5,23,"[{""brown_mod8"": 1, ""canonical_t"": 1, ""e"": 1, ""kind"": ""2-cyclic-odd"", ""p"": 2}, {""canonical_t"": 5, ""e"": 1, ""kind"": ""odd-cyclic"", ""legendre"": -1, ""p"": 47}]",CLOSED_EXACT_CYCLIC_PRESENTATION
94,119,3,23,"[{""brown_mod8"": 3, ""canonical_t"": 3, ""e"": 1, ""kind"": ""2-cyclic-odd"", ""p"": 2}, {""canonical_t"": 1, ""e"": 1, ""kind"": ""odd-cyclic"", ""legendre"": 1, ""p"": 47}]",CLOSED_EXACT_CYCLIC_PRESENTATION
94,121,1,23,"[{""brown_mod8"": 1, ""canonical_t"": 1, ""e"": 1, ""kind"": ""2-cyclic-odd"", ""p"": 2}, {""canonical_t"": 1, ""e"": 1, ""kind"": ""odd-cyclic"", ""legendre"": 1, ""p"": 47}]",CLOSED_EXACT_CYCLIC_PRESENTATION
94,123,11,23,"[{""brown_mod8"": 3, ""canonical_t"": 3, ""e"": 1, ""kind"": ""2-cyclic-odd"", ""p"": 2}, {""canonical_t"": 5, ""e"": 1, ""kind"": ""odd-cyclic"", ""legendre"": -1, ""p"": 47}]",CLOSED_EXACT_CYCLIC_PRESENTATION
94,125,5,23,"[{""brown_mod8"": 1, ""canonical_t"": 1, ""e"": 1, ""kind"": ""2-cyclic-odd"", ""p"": 2}, {""canonical_t"": 5, ""e"": 1, ""kind"": ""odd-cyclic"", ""legendre"": -1, ""p"": 47}]",CLOSED_EXACT_CYCLIC_PRESENTATION
94,127,11,23,"[{""brown_mod8"": 3, ""canonical_t"": 3, ""e"": 1, ""kind"": ""2-cyclic-odd"", ""p"": 2}, {""canonical_t"": 5, ""e"": 1, ""kind"": ""odd-cyclic"", ""legendre"": -1, ""p"": 47}]",CLOSED_EXACT_CYCLIC_PRESENTATION
94,129,5,23,"[{""brown_mod8"": 1, ""canonical_t"": 1, ""e"": 1, ""kind"": ""2-cyclic-odd"", ""p"": 2}, {""canonical_t"": 5, ""e"": 1, ""kind"": ""odd-cyclic"", ""legendre"": -1, ""p"": 47}]",CLOSED_EXACT_CYCLIC_PRESENTATION
94,131,3,23,"[{""brown_mod8"": 3, ""canonical_t"": 3, ""e"": 1, ""kind"": ""2-cyclic-odd"", ""p"": 2}, {""canonical_t"": 1, ""e"": 1, ""kind"": ""odd-cyclic"", ""legendre"": 1, ""p"": 47}]",CLOSED_EXACT_CYCLIC_PRESENTATION
94,133,5,23,"[{""brown_mod8"": 1, ""canonical_t"": 1, ""e"": 1, ""kind"": ""2-cyclic-odd"", ""p"": 2}, {""canonical_t"": 5, ""e"": 1, ""kind"": ""odd-cyclic"", ""legendre"": -1, ""p"": 47}]",CLOSED_EXACT_CYCLIC_PRESENTATION
94,135,11,23,"[{""brown_mod8"": 3, ""canonical_t"": 3, ""e"": 1, ""kind"": ""2-cyclic-odd"", ""p"": 2}, {""canonical_t"": 5, ""e"": 1, ""kind"": ""odd-cyclic"", ""legendre"": -1, ""p"": 47}]",CLOSED_EXACT_CYCLIC_PRESENTATION
94,137,5,23,"[{""brown_mod8"": 1, ""canonical_t"": 1, ""e"": 1, ""kind"": ""2-cyclic-odd"", ""p"": 2}, {""canonical_t"": 5, ""e"": 1, ""kind"": ""odd-cyclic"", ""legendre"": -1, ""p"": 47}]",CLOSED_EXACT_CYCLIC_PRESENTATION
94,139,11,23,"[{""brown_mod8"": 3, ""canonical_t"": 3, ""e"": 1, ""kind"": ""2-cyclic-odd"", ""p"": 2}, {""canonical_t"": 5, ""e"": 1, ""kind"": ""odd-cyclic"", ""legendre"": -1, ""p"": 47}]",CLOSED_EXACT_CYCLIC_PRESENTATION
94,143,3,23,"[{""brown_mod8"": 3, ""canonical_t"": 3, ""e"": 1, ""kind"": ""2-cyclic-odd"", ""p"": 2}, {""canonical_t"": 1, ""e"": 1, ""kind"": ""odd-cyclic"", ""legendre"": 1, ""p"": 47}]",CLOSED_EXACT_CYCLIC_PRESENTATION
94,145,1,23,"[{""brown_mod8"": 1, ""canonical_t"": 1, ""e"": 1, ""kind"": ""2-cyclic-odd"", ""p"": 2}, {""canonical_t"": 1, ""e"": 1, ""kind"": ""odd-cyclic"", ""legendre"": 1, ""p"": 47}]",CLOSED_EXACT_CYCLIC_PRESENTATION
94,147,3,23,"[{""brown_mod8"": 3, ""canonical_t"": 3, ""e"": 1, ""kind"": ""2-cyclic-odd"", ""p"": 2}, {""canonical_t"": 1, ""e"": 1, ""kind"": ""odd-cyclic"", ""legendre"": 1, ""p"": 47}]",CLOSED_EXACT_CYCLIC_PRESENTATION
94,149,1,23,"[{""brown_mod8"": 1, ""canonical_t"": 1, ""e"": 1, ""kind"": ""2-cyclic-odd"", ""p"": 2}, {""canonical_t"": 1, ""e"": 1, ""kind"": ""odd-cyclic"", ""legendre"": 1, ""p"": 47}]",CLOSED_EXACT_CYCLIC_PRESENTATION
94,151,11,23,"[{""brown_mod8"": 3, ""canonical_t"": 3, ""e"": 1, ""kind"": ""2-cyclic-odd"", ""p"": 2}, {""canonical_t"": 5, ""e"": 1, ""kind"": ""odd-cyclic"", ""legendre"": -1, ""p"": 47}]",CLOSED_EXACT_CYCLIC_PRESENTATION
94,153,1,23,"[{""brown_mod8"": 1, ""canonical_t"": 1, ""e"": 1, ""kind"": ""2-cyclic-odd"", ""p"": 2}, {""canonical_t"": 1, ""e"": 1, ""kind"": ""odd-cyclic"", ""legendre"": 1, ""p"": 47}]",CLOSED_EXACT_CYCLIC_PRESENTATION
94,155,3,23,"[{""brown_mod8"": 3, ""canonical_t"": 3, ""e"": 1, ""kind"": ""2-cyclic-odd"", ""p"": 2}, {""canonical_t"": 1, ""e"": 1, ""kind"": ""odd-cyclic"", ""legendre"": 1, ""p"": 47}]",CLOSED_EXACT_CYCLIC_PRESENTATION
94,157,1,23,"[{""brown_mod8"": 1, ""canonical_t"": 1, ""e"": 1, ""kind"": ""2-cyclic-odd"", ""p"": 2}, {""canonical_t"": 1, ""e"": 1, ""kind"": ""odd-cyclic"", ""legendre"": 1, ""p"": 47}]",CLOSED_EXACT_CYCLIC_PRESENTATION
94,159,3,23,"[{""brown_mod8"": 3, ""canonical_t"": 3, ""e"": 1, ""kind"": ""2-cyclic-odd"", ""p"": 2}, {""canonical_t"": 1, ""e"": 1, ""kind"": ""odd-cyclic"", ""legendre"": 1, ""p"": 47}]",CLOSED_EXACT_CYCLIC_PRESENTATION
94,161,5,23,"[{""brown_mod8"": 1, ""canonical_t"": 1, ""e"": 1, ""kind"": ""2-cyclic-odd"", ""p"": 2}, {""canonical_t"": 5, ""e"": 1, ""kind"": ""odd-cyclic"", ""legendre"": -1, ""p"": 47}]",CLOSED_EXACT_CYCLIC_PRESENTATION
94,163,11,23,"[{""brown_mod8"": 3, ""canonical_t"": 3, ""e"": 1, ""kind"": ""2-cyclic-odd"", ""p"": 2}, {""canonical_t"": 5, ""e"": 1, ""kind"": ""odd-cyclic"", ""legendre"": -1, ""p"": 47}]",CLOSED_EXACT_CYCLIC_PRESENTATION
94,165,1,23,"[{""brown_mod8"": 1, ""canonical_t"": 1, ""e"": 1, ""kind"": ""2-cyclic-odd"", ""p"": 2}, {""canonical_t"": 1, ""e"": 1, ""kind"": ""odd-cyclic"", ""legendre"": 1, ""p"": 47}]",CLOSED_EXACT_CYCLIC_PRESENTATION
94,167,11,23,"[{""brown_mod8"": 3, ""canonical_t"": 3, ""e"": 1, ""kind"": ""2-cyclic-odd"", ""p"": 2}, {""canonical_t"": 5, ""e"": 1, ""kind"": ""odd-cyclic"", ""legendre"": -1, ""p"": 47}]",CLOSED_EXACT_CYCLIC_PRESENTATION
94,169,1,23,"[{""brown_mod8"": 1, ""canonical_t"": 1, ""e"": 1, ""kind"": ""2-cyclic-odd"", ""p"": 2}, {""canonical_t"": 1, ""e"": 1, ""kind"": ""odd-cyclic"", ""legendre"": 1, ""p"": 47}]",CLOSED_EXACT_CYCLIC_PRESENTATION
94,171,11,23,"[{""brown_mod8"": 3, ""canonical_t"": 3, ""e"": 1, ""kind"": ""2-cyclic-odd"", ""p"": 2}, {""canonical_t"": 5, ""e"": 1, ""kind"": ""odd-cyclic"", ""legendre"": -1, ""p"": 47}]",CLOSED_EXACT_CYCLIC_PRESENTATION
94,173,1,23,"[{""brown_mod8"": 1, ""canonical_t"": 1, ""e"": 1, ""kind"": ""2-cyclic-odd"", ""p"": 2}, {""canonical_t"": 1, ""e"": 1, ""kind"": ""odd-cyclic"", ""legendre"": 1, ""p"": 47}]",CLOSED_EXACT_CYCLIC_PRESENTATION
94,175,3,23,"[{""brown_mod8"": 3, ""canonical_t"": 3, ""e"": 1, ""kind"": ""2-cyclic-odd"", ""p"": 2}, {""canonical_t"": 1, ""e"": 1, ""kind"": ""odd-cyclic"", ""legendre"": 1, ""p"": 47}]",CLOSED_EXACT_CYCLIC_PRESENTATION
94,177,1,23,"[{""brown_mod8"": 1, ""canonical_t"": 1, ""e"": 1, ""kind"": ""2-cyclic-odd"", ""p"": 2}, {""canonical_t"": 1, ""e"": 1, ""kind"": ""odd-cyclic"", ""legendre"": 1, ""p"": 47}]",CLOSED_EXACT_CYCLIC_PRESENTATION
94,179,11,23,"[{""brown_mod8"": 3, ""canonical_t"": 3, ""e"": 1, ""kind"": ""2-cyclic-odd"", ""p"": 2}, {""canonical_t"": 5, ""e"": 1, ""kind"": ""odd-cyclic"", ""legendre"": -1, ""p"": 47}]",CLOSED_EXACT_CYCLIC_PRESENTATION
94,181,5,23,"[{""brown_mod8"": 1, ""canonical_t"": 1, ""e"": 1, ""kind"": ""2-cyclic-odd"", ""p"": 2}, {""canonical_t"": 5, ""e"": 1, ""kind"": ""odd-cyclic"", ""legendre"": -1, ""p"": 47}]",CLOSED_EXACT_CYCLIC_PRESENTATION
94,183,3,23,"[{""brown_mod8"": 3, ""canonical_t"": 3, ""e"": 1, ""kind"": ""2-cyclic-odd"", ""p"": 2}, {""canonical_t"": 1, ""e"": 1, ""kind"": ""odd-cyclic"", ""legendre"": 1, ""p"": 47}]",CLOSED_EXACT_CYCLIC_PRESENTATION
94,185,5,23,"[{""brown_mod8"": 1, ""canonical_t"": 1, ""e"": 1, ""kind"": ""2-cyclic-odd"", ""p"": 2}, {""canonical_t"": 5, ""e"": 1, ""kind"": ""odd-cyclic"", ""legendre"": -1, ""p"": 47}]",CLOSED_EXACT_CYCLIC_PRESENTATION
94,187,11,23,"[{""brown_mod8"": 3, ""canonical_t"": 3, ""e"": 1, ""kind"": ""2-cyclic-odd"", ""p"": 2}, {""canonical_t"": 5, ""e"": 1, ""kind"": ""odd-cyclic"", ""legendre"": -1, ""p"": 47}]",CLOSED_EXACT_CYCLIC_PRESENTATION
95,1,1,18,"[{""canonical_t"": 1, ""e"": 1, ""kind"": ""odd-cyclic"", ""legendre"": 1, ""p"": 5}, {""canonical_t"": 1, ""e"": 1, ""kind"": ""odd-cyclic"", ""legendre"": 1, ""p"": 19}]",CLOSED_EXACT_CYCLIC_PRESENTATION
95,3,3,18,"[{""canonical_t"": 2, ""e"": 1, ""kind"": ""odd-cyclic"", ""legendre"": -1, ""p"": 5}, {""canonical_t"": 2, ""e"": 1, ""kind"": ""odd-cyclic"", ""legendre"": -1, ""p"": 19}]",CLOSED_EXACT_CYCLIC_PRESENTATION
95,7,7,18,"[{""canonical_t"": 2, ""e"": 1, ""kind"": ""odd-cyclic"", ""legendre"": -1, ""p"": 5}, {""canonical_t"": 1, ""e"": 1, ""kind"": ""odd-cyclic"", ""legendre"": 1, ""p"": 19}]",CLOSED_EXACT_CYCLIC_PRESENTATION
95,9,1,18,"[{""canonical_t"": 1, ""e"": 1, ""kind"": ""odd-cyclic"", ""legendre"": 1, ""p"": 5}, {""canonical_t"": 1, ""e"": 1, ""kind"": ""odd-cyclic"", ""legendre"": 1, ""p"": 19}]",CLOSED_EXACT_CYCLIC_PRESENTATION
95,11,1,18,"[{""canonical_t"": 1, ""e"": 1, ""kind"": ""odd-cyclic"", ""legendre"": 1, ""p"": 5}, {""canonical_t"": 1, ""e"": 1, ""kind"": ""odd-cyclic"", ""legendre"": 1, ""p"": 19}]",CLOSED_EXACT_CYCLIC_PRESENTATION
95,13,3,18,"[{""canonical_t"": 2, ""e"": 1, ""kind"": ""odd-cyclic"", ""legendre"": -1, ""p"": 5}, {""canonical_t"": 2, ""e"": 1, ""kind"": ""odd-cyclic"", ""legendre"": -1, ""p"": 19}]",CLOSED_EXACT_CYCLIC_PRESENTATION
95,17,7,18,"[{""canonical_t"": 2, ""e"": 1, ""kind"": ""odd-cyclic"", ""legendre"": -1, ""p"": 5}, {""canonical_t"": 1, ""e"": 1, ""kind"": ""odd-cyclic"", ""legendre"": 1, ""p"": 19}]",CLOSED_EXACT_CYCLIC_PRESENTATION
95,21,21,18,"[{""canonical_t"": 1, ""e"": 1, ""kind"": ""odd-cyclic"", ""legendre"": 1, ""p"": 5}, {""canonical_t"": 2, ""e"": 1, ""kind"": ""odd-cyclic"", ""legendre"": -1, ""p"": 19}]",CLOSED_EXACT_CYCLIC_PRESENTATION
95,23,7,18,"[{""canonical_t"": 2, ""e"": 1, ""kind"": ""odd-cyclic"", ""legendre"": -1, ""p"": 5}, {""canonical_t"": 1, ""e"": 1, ""kind"": ""odd-cyclic"", ""legendre"": 1, ""p"": 19}]",CLOSED_EXACT_CYCLIC_PRESENTATION
95,27,3,18,"[{""canonical_t"": 2, ""e"": 1, ""kind"": ""odd-cyclic"", ""legendre"": -1, ""p"": 5}, {""canonical_t"": 2, ""e"": 1, ""kind"": ""odd-cyclic"", ""legendre"": -1, ""p"": 19}]",CLOSED_EXACT_CYCLIC_PRESENTATION
95,29,21,18,"[{""canonical_t"": 1, ""e"": 1, ""kind"": ""odd-cyclic"", ""legendre"": 1, ""p"": 5}, {""canonical_t"": 2, ""e"": 1, ""kind"": ""odd-cyclic"", ""legendre"": -1, ""p"": 19}]",CLOSED_EXACT_CYCLIC_PRESENTATION
95,31,21,18,"[{""canonical_t"": 1, ""e"": 1, ""kind"": ""odd-cyclic"", ""legendre"": 1, ""p"": 5}, {""canonical_t"": 2, ""e"": 1, ""kind"": ""odd-cyclic"", ""legendre"": -1, ""p"": 19}]",CLOSED_EXACT_CYCLIC_PRESENTATION
95,33,3,18,"[{""canonical_t"": 2, ""e"": 1, ""kind"": ""odd-cyclic"", ""legendre"": -1, ""p"": 5}, {""canonical_t"": 2, ""e"": 1, ""kind"": ""odd-cyclic"", ""legendre"": -1, ""p"": 19}]",CLOSED_EXACT_CYCLIC_PRESENTATION
95,37,3,18,"[{""canonical_t"": 2, ""e"": 1, ""kind"": ""odd-cyclic"", ""legendre"": -1, ""p"": 5}, {""canonical_t"": 2, ""e"": 1, ""kind"": ""odd-cyclic"", ""legendre"": -1, ""p"": 19}]",CLOSED_EXACT_CYCLIC_PRESENTATION
95,39,1,18,"[{""canonical_t"": 1, ""e"": 1, ""kind"": ""odd-cyclic"", ""legendre"": 1, ""p"": 5}, {""canonical_t"": 1, ""e"": 1, ""kind"": ""odd-cyclic"", ""legendre"": 1, ""p"": 19}]",CLOSED_EXACT_CYCLIC_PRESENTATION
95,41,21,18,"[{""canonical_t"": 1, ""e"": 1, ""kind"": ""odd-cyclic"", ""legendre"": 1, ""p"": 5}, {""canonical_t"": 2, ""e"": 1, ""kind"": ""odd-cyclic"", ""legendre"": -1, ""p"": 19}]",CLOSED_EXACT_CYCLIC_PRESENTATION
95,43,7,18,"[{""canonical_t"": 2, ""e"": 1, ""kind"": ""odd-cyclic"", ""legendre"": -1, ""p"": 5}, {""canonical_t"": 1, ""e"": 1, ""kind"": ""odd-cyclic"", ""legendre"": 1, ""p"": 19}]",CLOSED_EXACT_CYCLIC_PRESENTATION
95,47,7,18,"[{""canonical_t"": 2, ""e"": 1, ""kind"": ""odd-cyclic"", ""legendre"": -1, ""p"": 5}, {""canonical_t"": 1, ""e"": 1, ""kind"": ""odd-cyclic"", ""legendre"": 1, ""p"": 19}]",CLOSED_EXACT_CYCLIC_PRESENTATION
95,49,1,18,"[{""canonical_t"": 1, ""e"": 1, ""kind"": ""odd-cyclic"", ""legendre"": 1, ""p"": 5}, {""canonical_t"": 1, ""e"": 1, ""kind"": ""odd-cyclic"", ""legendre"": 1, ""p"": 19}]",CLOSED_EXACT_CYCLIC_PRESENTATION
95,51,21,18,"[{""canonical_t"": 1, ""e"": 1, ""kind"": ""odd-cyclic"", ""legendre"": 1, ""p"": 5}, {""canonical_t"": 2, ""e"": 1, ""kind"": ""odd-cyclic"", ""legendre"": -1, ""p"": 19}]",CLOSED_EXACT_CYCLIC_PRESENTATION
95,53,3,18,"[{""canonical_t"": 2, ""e"": 1, ""kind"": ""odd-cyclic"", ""legendre"": -1, ""p"": 5}, {""canonical_t"": 2, ""e"": 1, ""kind"": ""odd-cyclic"", ""legendre"": -1, ""p"": 19}]",CLOSED_EXACT_CYCLIC_PRESENTATION
95,59,21,18,"[{""canonical_t"": 1, ""e"": 1, ""kind"": ""odd-cyclic"", ""legendre"": 1, ""p"": 5}, {""canonical_t"": 2, ""e"": 1, ""kind"": ""odd-cyclic"", ""legendre"": -1, ""p"": 19}]",CLOSED_EXACT_CYCLIC_PRESENTATION
95,61,1,18,"[{""canonical_t"": 1, ""e"": 1, ""kind"": ""odd-cyclic"", ""legendre"": 1, ""p"": 5}, {""canonical_t"": 1, ""e"": 1, ""kind"": ""odd-cyclic"", ""legendre"": 1, ""p"": 19}]",CLOSED_EXACT_CYCLIC_PRESENTATION
95,63,7,18,"[{""canonical_t"": 2, ""e"": 1, ""kind"": ""odd-cyclic"", ""legendre"": -1, ""p"": 5}, {""canonical_t"": 1, ""e"": 1, ""kind"": ""odd-cyclic"", ""legendre"": 1, ""p"": 19}]",CLOSED_EXACT_CYCLIC_PRESENTATION
95,67,3,18,"[{""canonical_t"": 2, ""e"": 1, ""kind"": ""odd-cyclic"", ""legendre"": -1, ""p"": 5}, {""canonical_t"": 2, ""e"": 1, ""kind"": ""odd-cyclic"", ""legendre"": -1, ""p"": 19}]",CLOSED_EXACT_CYCLIC_PRESENTATION
95,69,21,18,"[{""canonical_t"": 1, ""e"": 1, ""kind"": ""odd-cyclic"", ""legendre"": 1, ""p"": 5}, {""canonical_t"": 2, ""e"": 1, ""kind"": ""odd-cyclic"", ""legendre"": -1, ""p"": 19}]",CLOSED_EXACT_CYCLIC_PRESENTATION
95,71,21,18,"[{""canonical_t"": 1, ""e"": 1, ""kind"": ""odd-cyclic"", ""legendre"": 1, ""p"": 5}, {""canonical_t"": 2, ""e"": 1, ""kind"": ""odd-cyclic"", ""legendre"": -1, ""p"": 19}]",CLOSED_EXACT_CYCLIC_PRESENTATION
95,73,7,18,"[{""canonical_t"": 2, ""e"": 1, ""kind"": ""odd-cyclic"", ""legendre"": -1, ""p"": 5}, {""canonical_t"": 1, ""e"": 1, ""kind"": ""odd-cyclic"", ""legendre"": 1, ""p"": 19}]",CLOSED_EXACT_CYCLIC_PRESENTATION
95,77,7,18,"[{""canonical_t"": 2, ""e"": 1, ""kind"": ""odd-cyclic"", ""legendre"": -1, ""p"": 5}, {""canonical_t"": 1, ""e"": 1, ""kind"": ""odd-cyclic"", ""legendre"": 1, ""p"": 19}]",CLOSED_EXACT_CYCLIC_PRESENTATION
95,79,21,18,"[{""canonical_t"": 1, ""e"": 1, ""kind"": ""odd-cyclic"", ""legendre"": 1, ""p"": 5}, {""canonical_t"": 2, ""e"": 1, ""kind"": ""odd-cyclic"", ""legendre"": -1, ""p"": 19}]",CLOSED_EXACT_CYCLIC_PRESENTATION
95,81,1,18,"[{""canonical_t"": 1, ""e"": 1, ""kind"": ""odd-cyclic"", ""legendre"": 1, ""p"": 5}, {""canonical_t"": 1, ""e"": 1, ""kind"": ""odd-cyclic"", ""legendre"": 1, ""p"": 19}]",CLOSED_EXACT_CYCLIC_PRESENTATION
95,83,7,18,"[{""canonical_t"": 2, ""e"": 1, ""kind"": ""odd-cyclic"", ""legendre"": -1, ""p"": 5}, {""canonical_t"": 1, ""e"": 1, ""kind"": ""odd-cyclic"", ""legendre"": 1, ""p"": 19}]",CLOSED_EXACT_CYCLIC_PRESENTATION
95,87,7,18,"[{""canonical_t"": 2, ""e"": 1, ""kind"": ""odd-cyclic"", ""legendre"": -1, ""p"": 5}, {""canonical_t"": 1, ""e"": 1, ""kind"": ""odd-cyclic"", ""legendre"": 1, ""p"": 19}]",CLOSED_EXACT_CYCLIC_PRESENTATION
95,89,21,18,"[{""canonical_t"": 1, ""e"": 1, ""kind"": ""odd-cyclic"", ""legendre"": 1, ""p"": 5}, {""canonical_t"": 2, ""e"": 1, ""kind"": ""odd-cyclic"", ""legendre"": -1, ""p"": 19}]",CLOSED_EXACT_CYCLIC_PRESENTATION
95,91,21,18,"[{""canonical_t"": 1, ""e"": 1, ""kind"": ""odd-cyclic"", ""legendre"": 1, ""p"": 5}, {""canonical_t"": 2, ""e"": 1, ""kind"": ""odd-cyclic"", ""legendre"": -1, ""p"": 19}]",CLOSED_EXACT_CYCLIC_PRESENTATION
95,93,7,18,"[{""canonical_t"": 2, ""e"": 1, ""kind"": ""odd-cyclic"", ""legendre"": -1, ""p"": 5}, {""canonical_t"": 1, ""e"": 1, ""kind"": ""odd-cyclic"", ""legendre"": 1, ""p"": 19}]",CLOSED_EXACT_CYCLIC_PRESENTATION
95,97,3,18,"[{""canonical_t"": 2, ""e"": 1, ""kind"": ""odd-cyclic"", ""legendre"": -1, ""p"": 5}, {""canonical_t"": 2, ""e"": 1, ""kind"": ""odd-cyclic"", ""legendre"": -1, ""p"": 19}]",CLOSED_EXACT_CYCLIC_PRESENTATION
95,99,1,18,"[{""canonical_t"": 1, ""e"": 1, ""kind"": ""odd-cyclic"", ""legendre"": 1, ""p"": 5}, {""canonical_t"": 1, ""e"": 1, ""kind"": ""odd-cyclic"", ""legendre"": 1, ""p"": 19}]",CLOSED_EXACT_CYCLIC_PRESENTATION
95,101,1,18,"[{""canonical_t"": 1, ""e"": 1, ""kind"": ""odd-cyclic"", ""legendre"": 1, ""p"": 5}, {""canonical_t"": 1, ""e"": 1, ""kind"": ""odd-cyclic"", ""legendre"": 1, ""p"": 19}]",CLOSED_EXACT_CYCLIC_PRESENTATION
95,103,3,18,"[{""canonical_t"": 2, ""e"": 1, ""kind"": ""odd-cyclic"", ""legendre"": -1, ""p"": 5}, {""canonical_t"": 2, ""e"": 1, ""kind"": ""odd-cyclic"", ""legendre"": -1, ""p"": 19}]",CLOSED_EXACT_CYCLIC_PRESENTATION
95,107,3,18,"[{""canonical_t"": 2, ""e"": 1, ""kind"": ""odd-cyclic"", ""legendre"": -1, ""p"": 5}, {""canonical_t"": 2, ""e"": 1, ""kind"": ""odd-cyclic"", ""legendre"": -1, ""p"": 19}]",CLOSED_EXACT_CYCLIC_PRESENTATION
95,109,21,18,"[{""canonical_t"": 1, ""e"": 1, ""kind"": ""odd-cyclic"", ""legendre"": 1, ""p"": 5}, {""canonical_t"": 2, ""e"": 1, ""kind"": ""odd-cyclic"", ""legendre"": -1, ""p"": 19}]",CLOSED_EXACT_CYCLIC_PRESENTATION
95,111,1,18,"[{""canonical_t"": 1, ""e"": 1, ""kind"": ""odd-cyclic"", ""legendre"": 1, ""p"": 5}, {""canonical_t"": 1, ""e"": 1, ""kind"": ""odd-cyclic"", ""legendre"": 1, ""p"": 19}]",CLOSED_EXACT_CYCLIC_PRESENTATION
95,113,3,18,"[{""canonical_t"": 2, ""e"": 1, ""kind"": ""odd-cyclic"", ""legendre"": -1, ""p"": 5}, {""canonical_t"": 2, ""e"": 1, ""kind"": ""odd-cyclic"", ""legendre"": -1, ""p"": 19}]",CLOSED_EXACT_CYCLIC_PRESENTATION
95,117,3,18,"[{""canonical_t"": 2, ""e"": 1, ""kind"": ""odd-cyclic"", ""legendre"": -1, ""p"": 5}, {""canonical_t"": 2, ""e"": 1, ""kind"": ""odd-cyclic"", ""legendre"": -1, ""p"": 19}]",CLOSED_EXACT_CYCLIC_PRESENTATION
95,119,1,18,"[{""canonical_t"": 1, ""e"": 1, ""kind"": ""odd-cyclic"", ""legendre"": 1, ""p"": 5}, {""canonical_t"": 1, ""e"": 1, ""kind"": ""odd-cyclic"", ""legendre"": 1, ""p"": 19}]",CLOSED_EXACT_CYCLIC_PRESENTATION
95,121,1,18,"[{""canonical_t"": 1, ""e"": 1, ""kind"": ""odd-cyclic"", ""legendre"": 1, ""p"": 5}, {""canonical_t"": 1, ""e"": 1, ""kind"": ""odd-cyclic"", ""legendre"": 1, ""p"": 19}]",CLOSED_EXACT_CYCLIC_PRESENTATION
95,123,7,18,"[{""canonical_t"": 2, ""e"": 1, ""kind"": ""odd-cyclic"", ""legendre"": -1, ""p"": 5}, {""canonical_t"": 1, ""e"": 1, ""kind"": ""odd-cyclic"", ""legendre"": 1, ""p"": 19}]",CLOSED_EXACT_CYCLIC_PRESENTATION
95,127,3,18,"[{""canonical_t"": 2, ""e"": 1, ""kind"": ""odd-cyclic"", ""legendre"": -1, ""p"": 5}, {""canonical_t"": 2, ""e"": 1, ""kind"": ""odd-cyclic"", ""legendre"": -1, ""p"": 19}]",CLOSED_EXACT_CYCLIC_PRESENTATION
95,129,21,18,"[{""canonical_t"": 1, ""e"": 1, ""kind"": ""odd-cyclic"", ""legendre"": 1, ""p"": 5}, {""canonical_t"": 2, ""e"": 1, ""kind"": ""odd-cyclic"", ""legendre"": -1, ""p"": 19}]",CLOSED_EXACT_CYCLIC_PRESENTATION
95,131,1,18,"[{""canonical_t"": 1, ""e"": 1, ""kind"": ""odd-cyclic"", ""legendre"": 1, ""p"": 5}, {""canonical_t"": 1, ""e"": 1, ""kind"": ""odd-cyclic"", ""legendre"": 1, ""p"": 19}]",CLOSED_EXACT_CYCLIC_PRESENTATION
95,137,7,18,"[{""canonical_t"": 2, ""e"": 1, ""kind"": ""odd-cyclic"", ""legendre"": -1, ""p"": 5}, {""canonical_t"": 1, ""e"": 1, ""kind"": ""odd-cyclic"", ""legendre"": 1, ""p"": 19}]",CLOSED_EXACT_CYCLIC_PRESENTATION
95,139,1,18,"[{""canonical_t"": 1, ""e"": 1, ""kind"": ""odd-cyclic"", ""legendre"": 1, ""p"": 5}, {""canonical_t"": 1, ""e"": 1, ""kind"": ""odd-cyclic"", ""legendre"": 1, ""p"": 19}]",CLOSED_EXACT_CYCLIC_PRESENTATION
95,141,21,18,"[{""canonical_t"": 1, ""e"": 1, ""kind"": ""odd-cyclic"", ""legendre"": 1, ""p"": 5}, {""canonical_t"": 2, ""e"": 1, ""kind"": ""odd-cyclic"", ""legendre"": -1, ""p"": 19}]",CLOSED_EXACT_CYCLIC_PRESENTATION
95,143,3,18,"[{""canonical_t"": 2, ""e"": 1, ""kind"": ""odd-cyclic"", ""legendre"": -1, ""p"": 5}, {""canonical_t"": 2, ""e"": 1, ""kind"": ""odd-cyclic"", ""legendre"": -1, ""p"": 19}]",CLOSED_EXACT_CYCLIC_PRESENTATION
95,147,3,18,"[{""canonical_t"": 2, ""e"": 1, ""kind"": ""odd-cyclic"", ""legendre"": -1, ""p"": 5}, {""canonical_t"": 2, ""e"": 1, ""kind"": ""odd-cyclic"", ""legendre"": -1, ""p"": 19}]",CLOSED_EXACT_CYCLIC_PRESENTATION
95,149,1,18,"[{""canonical_t"": 1, ""e"": 1, ""kind"": ""odd-cyclic"", ""legendre"": 1, ""p"": 5}, {""canonical_t"": 1, ""e"": 1, ""kind"": ""odd-cyclic"", ""legendre"": 1, ""p"": 19}]",CLOSED_EXACT_CYCLIC_PRESENTATION
95,151,21,18,"[{""canonical_t"": 1, ""e"": 1, ""kind"": ""odd-cyclic"", ""legendre"": 1, ""p"": 5}, {""canonical_t"": 2, ""e"": 1, ""kind"": ""odd-cyclic"", ""legendre"": -1, ""p"": 19}]",CLOSED_EXACT_CYCLIC_PRESENTATION
95,153,7,18,"[{""canonical_t"": 2, ""e"": 1, ""kind"": ""odd-cyclic"", ""legendre"": -1, ""p"": 5}, {""canonical_t"": 1, ""e"": 1, ""kind"": ""odd-cyclic"", ""legendre"": 1, ""p"": 19}]",CLOSED_EXACT_CYCLIC_PRESENTATION
95,157,7,18,"[{""canonical_t"": 2, ""e"": 1, ""kind"": ""odd-cyclic"", ""legendre"": -1, ""p"": 5}, {""canonical_t"": 1, ""e"": 1, ""kind"": ""odd-cyclic"", ""legendre"": 1, ""p"": 19}]",CLOSED_EXACT_CYCLIC_PRESENTATION
95,159,1,18,"[{""canonical_t"": 1, ""e"": 1, ""kind"": ""odd-cyclic"", ""legendre"": 1, ""p"": 5}, {""canonical_t"": 1, ""e"": 1, ""kind"": ""odd-cyclic"", ""legendre"": 1, ""p"": 19}]",CLOSED_EXACT_CYCLIC_PRESENTATION
95,161,1,18,"[{""canonical_t"": 1, ""e"": 1, ""kind"": ""odd-cyclic"", ""legendre"": 1, ""p"": 5}, {""canonical_t"": 1, ""e"": 1, ""kind"": ""odd-cyclic"", ""legendre"": 1, ""p"": 19}]",CLOSED_EXACT_CYCLIC_PRESENTATION
95,163,7,18,"[{""canonical_t"": 2, ""e"": 1, ""kind"": ""odd-cyclic"", ""legendre"": -1, ""p"": 5}, {""canonical_t"": 1, ""e"": 1, ""kind"": ""odd-cyclic"", ""legendre"": 1, ""p"": 19}]",CLOSED_EXACT_CYCLIC_PRESENTATION
95,167,3,18,"[{""canonical_t"": 2, ""e"": 1, ""kind"": ""odd-cyclic"", ""legendre"": -1, ""p"": 5}, {""canonical_t"": 2, ""e"": 1, ""kind"": ""odd-cyclic"", ""legendre"": -1, ""p"": 19}]",CLOSED_EXACT_CYCLIC_PRESENTATION
95,169,1,18,"[{""canonical_t"": 1, ""e"": 1, ""kind"": ""odd-cyclic"", ""legendre"": 1, ""p"": 5}, {""canonical_t"": 1, ""e"": 1, ""kind"": ""odd-cyclic"", ""legendre"": 1, ""p"": 19}]",CLOSED_EXACT_CYCLIC_PRESENTATION
95,173,3,18,"[{""canonical_t"": 2, ""e"": 1, ""kind"": ""odd-cyclic"", ""legendre"": -1, ""p"": 5}, {""canonical_t"": 2, ""e"": 1, ""kind"": ""odd-cyclic"", ""legendre"": -1, ""p"": 19}]",CLOSED_EXACT_CYCLIC_PRESENTATION
95,177,7,18,"[{""canonical_t"": 2, ""e"": 1, ""kind"": ""odd-cyclic"", ""legendre"": -1, ""p"": 5}, {""canonical_t"": 1, ""e"": 1, ""kind"": ""odd-cyclic"", ""legendre"": 1, ""p"": 19}]",CLOSED_EXACT_CYCLIC_PRESENTATION
95,179,21,18,"[{""canonical_t"": 1, ""e"": 1, ""kind"": ""odd-cyclic"", ""legendre"": 1, ""p"": 5}, {""canonical_t"": 2, ""e"": 1, ""kind"": ""odd-cyclic"", ""legendre"": -1, ""p"": 19}]",CLOSED_EXACT_CYCLIC_PRESENTATION
95,181,21,18,"[{""canonical_t"": 1, ""e"": 1, ""kind"": ""odd-cyclic"", ""legendre"": 1, ""p"": 5}, {""canonical_t"": 2, ""e"": 1, ""kind"": ""odd-cyclic"", ""legendre"": -1, ""p"": 19}]",CLOSED_EXACT_CYCLIC_PRESENTATION
95,183,3,18,"[{""canonical_t"": 2, ""e"": 1, ""kind"": ""odd-cyclic"", ""legendre"": -1, ""p"": 5}, {""canonical_t"": 2, ""e"": 1, ""kind"": ""odd-cyclic"", ""legendre"": -1, ""p"": 19}]",CLOSED_EXACT_CYCLIC_PRESENTATION
95,187,7,18,"[{""canonical_t"": 2, ""e"": 1, ""kind"": ""odd-cyclic"", ""legendre"": -1, ""p"": 5}, {""canonical_t"": 1, ""e"": 1, ""kind"": ""odd-cyclic"", ""legendre"": 1, ""p"": 19}]",CLOSED_EXACT_CYCLIC_PRESENTATION
95,189,21,18,"[{""canonical_t"": 1, ""e"": 1, ""kind"": ""odd-cyclic"", ""legendre"": 1, ""p"": 5}, {""canonical_t"": 2, ""e"": 1, ""kind"": ""odd-cyclic"", ""legendre"": -1, ""p"": 19}]",CLOSED_EXACT_CYCLIC_PRESENTATION
96,1,1,8,"[{""brown_mod8"": 1, ""canonical_t"": 1, ""e"": 5, ""kind"": ""2-cyclic-odd"", ""p"": 2}, {""canonical_t"": 1, ""e"": 1, ""kind"": ""odd-cyclic"", ""legendre"": 1, ""p"": 3}]",CLOSED_EXACT_CYCLIC_PRESENTATION
96,5,5,8,"[{""brown_mod8"": 5, ""canonical_t"": 5, ""e"": 5, ""kind"": ""2-cyclic-odd"", ""p"": 2}, {""canonical_t"": 2, ""e"": 1, ""kind"": ""odd-cyclic"", ""legendre"": -1, ""p"": 3}]",CLOSED_EXACT_CYCLIC_PRESENTATION
96,7,7,8,"[{""brown_mod8"": 7, ""canonical_t"": 7, ""e"": 5, ""kind"": ""2-cyclic-odd"", ""p"": 2}, {""canonical_t"": 1, ""e"": 1, ""kind"": ""odd-cyclic"", ""legendre"": 1, ""p"": 3}]",CLOSED_EXACT_CYCLIC_PRESENTATION
96,11,11,8,"[{""brown_mod8"": 3, ""canonical_t"": 3, ""e"": 5, ""kind"": ""2-cyclic-odd"", ""p"": 2}, {""canonical_t"": 2, ""e"": 1, ""kind"": ""odd-cyclic"", ""legendre"": -1, ""p"": 3}]",CLOSED_EXACT_CYCLIC_PRESENTATION
96,13,13,8,"[{""brown_mod8"": 5, ""canonical_t"": 5, ""e"": 5, ""kind"": ""2-cyclic-odd"", ""p"": 2}, {""canonical_t"": 1, ""e"": 1, ""kind"": ""odd-cyclic"", ""legendre"": 1, ""p"": 3}]",CLOSED_EXACT_CYCLIC_PRESENTATION
96,17,17,8,"[{""brown_mod8"": 1, ""canonical_t"": 1, ""e"": 5, ""kind"": ""2-cyclic-odd"", ""p"": 2}, {""canonical_t"": 2, ""e"": 1, ""kind"": ""odd-cyclic"", ""legendre"": -1, ""p"": 3}]",CLOSED_EXACT_CYCLIC_PRESENTATION
96,19,19,8,"[{""brown_mod8"": 3, ""canonical_t"": 3, ""e"": 5, ""kind"": ""2-cyclic-odd"", ""p"": 2}, {""canonical_t"": 1, ""e"": 1, ""kind"": ""odd-cyclic"", ""legendre"": 1, ""p"": 3}]",CLOSED_EXACT_CYCLIC_PRESENTATION
96,23,23,8,"[{""brown_mod8"": 7, ""canonical_t"": 7, ""e"": 5, ""kind"": ""2-cyclic-odd"", ""p"": 2}, {""canonical_t"": 2, ""e"": 1, ""kind"": ""odd-cyclic"", ""legendre"": -1, ""p"": 3}]",CLOSED_EXACT_CYCLIC_PRESENTATION
96,25,1,8,"[{""brown_mod8"": 1, ""canonical_t"": 1, ""e"": 5, ""kind"": ""2-cyclic-odd"", ""p"": 2}, {""canonical_t"": 1, ""e"": 1, ""kind"": ""odd-cyclic"", ""legendre"": 1, ""p"": 3}]",CLOSED_EXACT_CYCLIC_PRESENTATION
96,29,5,8,"[{""brown_mod8"": 5, ""canonical_t"": 5, ""e"": 5, ""kind"": ""2-cyclic-odd"", ""p"": 2}, {""canonical_t"": 2, ""e"": 1, ""kind"": ""odd-cyclic"", ""legendre"": -1, ""p"": 3}]",CLOSED_EXACT_CYCLIC_PRESENTATION
96,31,7,8,"[{""brown_mod8"": 7, ""canonical_t"": 7, ""e"": 5, ""kind"": ""2-cyclic-odd"", ""p"": 2}, {""canonical_t"": 1, ""e"": 1, ""kind"": ""odd-cyclic"", ""legendre"": 1, ""p"": 3}]",CLOSED_EXACT_CYCLIC_PRESENTATION
96,35,11,8,"[{""brown_mod8"": 3, ""canonical_t"": 3, ""e"": 5, ""kind"": ""2-cyclic-odd"", ""p"": 2}, {""canonical_t"": 2, ""e"": 1, ""kind"": ""odd-cyclic"", ""legendre"": -1, ""p"": 3}]",CLOSED_EXACT_CYCLIC_PRESENTATION
96,37,13,8,"[{""brown_mod8"": 5, ""canonical_t"": 5, ""e"": 5, ""kind"": ""2-cyclic-odd"", ""p"": 2}, {""canonical_t"": 1, ""e"": 1, ""kind"": ""odd-cyclic"", ""legendre"": 1, ""p"": 3}]",CLOSED_EXACT_CYCLIC_PRESENTATION
96,41,17,8,"[{""brown_mod8"": 1, ""canonical_t"": 1, ""e"": 5, ""kind"": ""2-cyclic-odd"", ""p"": 2}, {""canonical_t"": 2, ""e"": 1, ""kind"": ""odd-cyclic"", ""legendre"": -1, ""p"": 3}]",CLOSED_EXACT_CYCLIC_PRESENTATION
96,43,19,8,"[{""brown_mod8"": 3, ""canonical_t"": 3, ""e"": 5, ""kind"": ""2-cyclic-odd"", ""p"": 2}, {""canonical_t"": 1, ""e"": 1, ""kind"": ""odd-cyclic"", ""legendre"": 1, ""p"": 3}]",CLOSED_EXACT_CYCLIC_PRESENTATION
96,47,23,8,"[{""brown_mod8"": 7, ""canonical_t"": 7, ""e"": 5, ""kind"": ""2-cyclic-odd"", ""p"": 2}, {""canonical_t"": 2, ""e"": 1, ""kind"": ""odd-cyclic"", ""legendre"": -1, ""p"": 3}]",CLOSED_EXACT_CYCLIC_PRESENTATION
96,49,1,8,"[{""brown_mod8"": 1, ""canonical_t"": 1, ""e"": 5, ""kind"": ""2-cyclic-odd"", ""p"": 2}, {""canonical_t"": 1, ""e"": 1, ""kind"": ""odd-cyclic"", ""legendre"": 1, ""p"": 3}]",CLOSED_EXACT_CYCLIC_PRESENTATION
96,53,5,8,"[{""brown_mod8"": 5, ""canonical_t"": 5, ""e"": 5, ""kind"": ""2-cyclic-odd"", ""p"": 2}, {""canonical_t"": 2, ""e"": 1, ""kind"": ""odd-cyclic"", ""legendre"": -1, ""p"": 3}]",CLOSED_EXACT_CYCLIC_PRESENTATION
96,55,7,8,"[{""brown_mod8"": 7, ""canonical_t"": 7, ""e"": 5, ""kind"": ""2-cyclic-odd"", ""p"": 2}, {""canonical_t"": 1, ""e"": 1, ""kind"": ""odd-cyclic"", ""legendre"": 1, ""p"": 3}]",CLOSED_EXACT_CYCLIC_PRESENTATION
96,59,11,8,"[{""brown_mod8"": 3, ""canonical_t"": 3, ""e"": 5, ""kind"": ""2-cyclic-odd"", ""p"": 2}, {""canonical_t"": 2, ""e"": 1, ""kind"": ""odd-cyclic"", ""legendre"": -1, ""p"": 3}]",CLOSED_EXACT_CYCLIC_PRESENTATION
96,61,13,8,"[{""brown_mod8"": 5, ""canonical_t"": 5, ""e"": 5, ""kind"": ""2-cyclic-odd"", ""p"": 2}, {""canonical_t"": 1, ""e"": 1, ""kind"": ""odd-cyclic"", ""legendre"": 1, ""p"": 3}]",CLOSED_EXACT_CYCLIC_PRESENTATION
96,65,17,8,"[{""brown_mod8"": 1, ""canonical_t"": 1, ""e"": 5, ""kind"": ""2-cyclic-odd"", ""p"": 2}, {""canonical_t"": 2, ""e"": 1, ""kind"": ""odd-cyclic"", ""legendre"": -1, ""p"": 3}]",CLOSED_EXACT_CYCLIC_PRESENTATION
96,67,19,8,"[{""brown_mod8"": 3, ""canonical_t"": 3, ""e"": 5, ""kind"": ""2-cyclic-odd"", ""p"": 2}, {""canonical_t"": 1, ""e"": 1, ""kind"": ""odd-cyclic"", ""legendre"": 1, ""p"": 3}]",CLOSED_EXACT_CYCLIC_PRESENTATION
96,71,23,8,"[{""brown_mod8"": 7, ""canonical_t"": 7, ""e"": 5, ""kind"": ""2-cyclic-odd"", ""p"": 2}, {""canonical_t"": 2, ""e"": 1, ""kind"": ""odd-cyclic"", ""legendre"": -1, ""p"": 3}]",CLOSED_EXACT_CYCLIC_PRESENTATION
96,73,1,8,"[{""brown_mod8"": 1, ""canonical_t"": 1, ""e"": 5, ""kind"": ""2-cyclic-odd"", ""p"": 2}, {""canonical_t"": 1, ""e"": 1, ""kind"": ""odd-cyclic"", ""legendre"": 1, ""p"": 3}]",CLOSED_EXACT_CYCLIC_PRESENTATION
96,77,5,8,"[{""brown_mod8"": 5, ""canonical_t"": 5, ""e"": 5, ""kind"": ""2-cyclic-odd"", ""p"": 2}, {""canonical_t"": 2, ""e"": 1, ""kind"": ""odd-cyclic"", ""legendre"": -1, ""p"": 3}]",CLOSED_EXACT_CYCLIC_PRESENTATION
96,79,7,8,"[{""brown_mod8"": 7, ""canonical_t"": 7, ""e"": 5, ""kind"": ""2-cyclic-odd"", ""p"": 2}, {""canonical_t"": 1, ""e"": 1, ""kind"": ""odd-cyclic"", ""legendre"": 1, ""p"": 3}]",CLOSED_EXACT_CYCLIC_PRESENTATION
96,83,11,8,"[{""brown_mod8"": 3, ""canonical_t"": 3, ""e"": 5, ""kind"": ""2-cyclic-odd"", ""p"": 2}, {""canonical_t"": 2, ""e"": 1, ""kind"": ""odd-cyclic"", ""legendre"": -1, ""p"": 3}]",CLOSED_EXACT_CYCLIC_PRESENTATION
96,85,13,8,"[{""brown_mod8"": 5, ""canonical_t"": 5, ""e"": 5, ""kind"": ""2-cyclic-odd"", ""p"": 2}, {""canonical_t"": 1, ""e"": 1, ""kind"": ""odd-cyclic"", ""legendre"": 1, ""p"": 3}]",CLOSED_EXACT_CYCLIC_PRESENTATION
96,89,17,8,"[{""brown_mod8"": 1, ""canonical_t"": 1, ""e"": 5, ""kind"": ""2-cyclic-odd"", ""p"": 2}, {""canonical_t"": 2, ""e"": 1, ""kind"": ""odd-cyclic"", ""legendre"": -1, ""p"": 3}]",CLOSED_EXACT_CYCLIC_PRESENTATION
96,91,19,8,"[{""brown_mod8"": 3, ""canonical_t"": 3, ""e"": 5, ""kind"": ""2-cyclic-odd"", ""p"": 2}, {""canonical_t"": 1, ""e"": 1, ""kind"": ""odd-cyclic"", ""legendre"": 1, ""p"": 3}]",CLOSED_EXACT_CYCLIC_PRESENTATION
96,95,23,8,"[{""brown_mod8"": 7, ""canonical_t"": 7, ""e"": 5, ""kind"": ""2-cyclic-odd"", ""p"": 2}, {""canonical_t"": 2, ""e"": 1, ""kind"": ""odd-cyclic"", ""legendre"": -1, ""p"": 3}]",CLOSED_EXACT_CYCLIC_PRESENTATION
96,97,1,8,"[{""brown_mod8"": 1, ""canonical_t"": 1, ""e"": 5, ""kind"": ""2-cyclic-odd"", ""p"": 2}, {""canonical_t"": 1, ""e"": 1, ""kind"": ""odd-cyclic"", ""legendre"": 1, ""p"": 3}]",CLOSED_EXACT_CYCLIC_PRESENTATION
96,101,5,8,"[{""brown_mod8"": 5, ""canonical_t"": 5, ""e"": 5, ""kind"": ""2-cyclic-odd"", ""p"": 2}, {""canonical_t"": 2, ""e"": 1, ""kind"": ""odd-cyclic"", ""legendre"": -1, ""p"": 3}]",CLOSED_EXACT_CYCLIC_PRESENTATION
96,103,7,8,"[{""brown_mod8"": 7, ""canonical_t"": 7, ""e"": 5, ""kind"": ""2-cyclic-odd"", ""p"": 2}, {""canonical_t"": 1, ""e"": 1, ""kind"": ""odd-cyclic"", ""legendre"": 1, ""p"": 3}]",CLOSED_EXACT_CYCLIC_PRESENTATION
96,107,11,8,"[{""brown_mod8"": 3, ""canonical_t"": 3, ""e"": 5, ""kind"": ""2-cyclic-odd"", ""p"": 2}, {""canonical_t"": 2, ""e"": 1, ""kind"": ""odd-cyclic"", ""legendre"": -1, ""p"": 3}]",CLOSED_EXACT_CYCLIC_PRESENTATION
96,109,13,8,"[{""brown_mod8"": 5, ""canonical_t"": 5, ""e"": 5, ""kind"": ""2-cyclic-odd"", ""p"": 2}, {""canonical_t"": 1, ""e"": 1, ""kind"": ""odd-cyclic"", ""legendre"": 1, ""p"": 3}]",CLOSED_EXACT_CYCLIC_PRESENTATION
96,113,17,8,"[{""brown_mod8"": 1, ""canonical_t"": 1, ""e"": 5, ""kind"": ""2-cyclic-odd"", ""p"": 2}, {""canonical_t"": 2, ""e"": 1, ""kind"": ""odd-cyclic"", ""legendre"": -1, ""p"": 3}]",CLOSED_EXACT_CYCLIC_PRESENTATION
96,115,19,8,"[{""brown_mod8"": 3, ""canonical_t"": 3, ""e"": 5, ""kind"": ""2-cyclic-odd"", ""p"": 2}, {""canonical_t"": 1, ""e"": 1, ""kind"": ""odd-cyclic"", ""legendre"": 1, ""p"": 3}]",CLOSED_EXACT_CYCLIC_PRESENTATION
96,119,23,8,"[{""brown_mod8"": 7, ""canonical_t"": 7, ""e"": 5, ""kind"": ""2-cyclic-odd"", ""p"": 2}, {""canonical_t"": 2, ""e"": 1, ""kind"": ""odd-cyclic"", ""legendre"": -1, ""p"": 3}]",CLOSED_EXACT_CYCLIC_PRESENTATION
96,121,1,8,"[{""brown_mod8"": 1, ""canonical_t"": 1, ""e"": 5, ""kind"": ""2-cyclic-odd"", ""p"": 2}, {""canonical_t"": 1, ""e"": 1, ""kind"": ""odd-cyclic"", ""legendre"": 1, ""p"": 3}]",CLOSED_EXACT_CYCLIC_PRESENTATION
96,125,5,8,"[{""brown_mod8"": 5, ""canonical_t"": 5, ""e"": 5, ""kind"": ""2-cyclic-odd"", ""p"": 2}, {""canonical_t"": 2, ""e"": 1, ""kind"": ""odd-cyclic"", ""legendre"": -1, ""p"": 3}]",CLOSED_EXACT_CYCLIC_PRESENTATION
96,127,7,8,"[{""brown_mod8"": 7, ""canonical_t"": 7, ""e"": 5, ""kind"": ""2-cyclic-odd"", ""p"": 2}, {""canonical_t"": 1, ""e"": 1, ""kind"": ""odd-cyclic"", ""legendre"": 1, ""p"": 3}]",CLOSED_EXACT_CYCLIC_PRESENTATION
96,131,11,8,"[{""brown_mod8"": 3, ""canonical_t"": 3, ""e"": 5, ""kind"": ""2-cyclic-odd"", ""p"": 2}, {""canonical_t"": 2, ""e"": 1, ""kind"": ""odd-cyclic"", ""legendre"": -1, ""p"": 3}]",CLOSED_EXACT_CYCLIC_PRESENTATION
96,133,13,8,"[{""brown_mod8"": 5, ""canonical_t"": 5, ""e"": 5, ""kind"": ""2-cyclic-odd"", ""p"": 2}, {""canonical_t"": 1, ""e"": 1, ""kind"": ""odd-cyclic"", ""legendre"": 1, ""p"": 3}]",CLOSED_EXACT_CYCLIC_PRESENTATION
96,137,17,8,"[{""brown_mod8"": 1, ""canonical_t"": 1, ""e"": 5, ""kind"": ""2-cyclic-odd"", ""p"": 2}, {""canonical_t"": 2, ""e"": 1, ""kind"": ""odd-cyclic"", ""legendre"": -1, ""p"": 3}]",CLOSED_EXACT_CYCLIC_PRESENTATION
96,139,19,8,"[{""brown_mod8"": 3, ""canonical_t"": 3, ""e"": 5, ""kind"": ""2-cyclic-odd"", ""p"": 2}, {""canonical_t"": 1, ""e"": 1, ""kind"": ""odd-cyclic"", ""legendre"": 1, ""p"": 3}]",CLOSED_EXACT_CYCLIC_PRESENTATION
96,143,23,8,"[{""brown_mod8"": 7, ""canonical_t"": 7, ""e"": 5, ""kind"": ""2-cyclic-odd"", ""p"": 2}, {""canonical_t"": 2, ""e"": 1, ""kind"": ""odd-cyclic"", ""legendre"": -1, ""p"": 3}]",CLOSED_EXACT_CYCLIC_PRESENTATION
96,145,1,8,"[{""brown_mod8"": 1, ""canonical_t"": 1, ""e"": 5, ""kind"": ""2-cyclic-odd"", ""p"": 2}, {""canonical_t"": 1, ""e"": 1, ""kind"": ""odd-cyclic"", ""legendre"": 1, ""p"": 3}]",CLOSED_EXACT_CYCLIC_PRESENTATION
96,149,5,8,"[{""brown_mod8"": 5, ""canonical_t"": 5, ""e"": 5, ""kind"": ""2-cyclic-odd"", ""p"": 2}, {""canonical_t"": 2, ""e"": 1, ""kind"": ""odd-cyclic"", ""legendre"": -1, ""p"": 3}]",CLOSED_EXACT_CYCLIC_PRESENTATION
96,151,7,8,"[{""brown_mod8"": 7, ""canonical_t"": 7, ""e"": 5, ""kind"": ""2-cyclic-odd"", ""p"": 2}, {""canonical_t"": 1, ""e"": 1, ""kind"": ""odd-cyclic"", ""legendre"": 1, ""p"": 3}]",CLOSED_EXACT_CYCLIC_PRESENTATION
96,155,11,8,"[{""brown_mod8"": 3, ""canonical_t"": 3, ""e"": 5, ""kind"": ""2-cyclic-odd"", ""p"": 2}, {""canonical_t"": 2, ""e"": 1, ""kind"": ""odd-cyclic"", ""legendre"": -1, ""p"": 3}]",CLOSED_EXACT_CYCLIC_PRESENTATION
96,157,13,8,"[{""brown_mod8"": 5, ""canonical_t"": 5, ""e"": 5, ""kind"": ""2-cyclic-odd"", ""p"": 2}, {""canonical_t"": 1, ""e"": 1, ""kind"": ""odd-cyclic"", ""legendre"": 1, ""p"": 3}]",CLOSED_EXACT_CYCLIC_PRESENTATION
96,161,17,8,"[{""brown_mod8"": 1, ""canonical_t"": 1, ""e"": 5, ""kind"": ""2-cyclic-odd"", ""p"": 2}, {""canonical_t"": 2, ""e"": 1, ""kind"": ""odd-cyclic"", ""legendre"": -1, ""p"": 3}]",CLOSED_EXACT_CYCLIC_PRESENTATION
96,163,19,8,"[{""brown_mod8"": 3, ""canonical_t"": 3, ""e"": 5, ""kind"": ""2-cyclic-odd"", ""p"": 2}, {""canonical_t"": 1, ""e"": 1, ""kind"": ""odd-cyclic"", ""legendre"": 1, ""p"": 3}]",CLOSED_EXACT_CYCLIC_PRESENTATION
96,167,23,8,"[{""brown_mod8"": 7, ""canonical_t"": 7, ""e"": 5, ""kind"": ""2-cyclic-odd"", ""p"": 2}, {""canonical_t"": 2, ""e"": 1, ""kind"": ""odd-cyclic"", ""legendre"": -1, ""p"": 3}]",CLOSED_EXACT_CYCLIC_PRESENTATION
96,169,1,8,"[{""brown_mod8"": 1, ""canonical_t"": 1, ""e"": 5, ""kind"": ""2-cyclic-odd"", ""p"": 2}, {""canonical_t"": 1, ""e"": 1, ""kind"": ""odd-cyclic"", ""legendre"": 1, ""p"": 3}]",CLOSED_EXACT_CYCLIC_PRESENTATION
96,173,5,8,"[{""brown_mod8"": 5, ""canonical_t"": 5, ""e"": 5, ""kind"": ""2-cyclic-odd"", ""p"": 2}, {""canonical_t"": 2, ""e"": 1, ""kind"": ""odd-cyclic"", ""legendre"": -1, ""p"": 3}]",CLOSED_EXACT_CYCLIC_PRESENTATION
96,175,7,8,"[{""brown_mod8"": 7, ""canonical_t"": 7, ""e"": 5, ""kind"": ""2-cyclic-odd"", ""p"": 2}, {""canonical_t"": 1, ""e"": 1, ""kind"": ""odd-cyclic"", ""legendre"": 1, ""p"": 3}]",CLOSED_EXACT_CYCLIC_PRESENTATION
96,179,11,8,"[{""brown_mod8"": 3, ""canonical_t"": 3, ""e"": 5, ""kind"": ""2-cyclic-odd"", ""p"": 2}, {""canonical_t"": 2, ""e"": 1, ""kind"": ""odd-cyclic"", ""legendre"": -1, ""p"": 3}]",CLOSED_EXACT_CYCLIC_PRESENTATION
96,181,13,8,"[{""brown_mod8"": 5, ""canonical_t"": 5, ""e"": 5, ""kind"": ""2-cyclic-odd"", ""p"": 2}, {""canonical_t"": 1, ""e"": 1, ""kind"": ""odd-cyclic"", ""legendre"": 1, ""p"": 3}]",CLOSED_EXACT_CYCLIC_PRESENTATION
96,185,17,8,"[{""brown_mod8"": 1, ""canonical_t"": 1, ""e"": 5, ""kind"": ""2-cyclic-odd"", ""p"": 2}, {""canonical_t"": 2, ""e"": 1, ""kind"": ""odd-cyclic"", ""legendre"": -1, ""p"": 3}]",CLOSED_EXACT_CYCLIC_PRESENTATION
96,187,19,8,"[{""brown_mod8"": 3, ""canonical_t"": 3, ""e"": 5, ""kind"": ""2-cyclic-odd"", ""p"": 2}, {""canonical_t"": 1, ""e"": 1, ""kind"": ""odd-cyclic"", ""legendre"": 1, ""p"": 3}]",CLOSED_EXACT_CYCLIC_PRESENTATION
96,191,23,8,"[{""brown_mod8"": 7, ""canonical_t"": 7, ""e"": 5, ""kind"": ""2-cyclic-odd"", ""p"": 2}, {""canonical_t"": 2, ""e"": 1, ""kind"": ""odd-cyclic"", ""legendre"": -1, ""p"": 3}]",CLOSED_EXACT_CYCLIC_PRESENTATION
