line_position_bottom_indexed,start_hidden_admission,manifestation_visible,danger_transition,threshold_excess,choice_branch,return_cycle,carry_lift_promotion,same_kind_pairing,projection_readout,constraint_invariant,total_keyword_hits,start_hidden_admission_per_hex,manifestation_visible_per_hex,danger_transition_per_hex,threshold_excess_per_hex,choice_branch_per_hex,return_cycle_per_hex,carry_lift_promotion_per_hex,same_kind_pairing_per_hex,projection_readout_per_hex,constraint_invariant_per_hex,total_keyword_hits_per_hex
1,44,39,69,11,60,45,17,24,25,65,399,0.6875,0.609375,1.078125,0.171875,0.9375,0.703125,0.265625,0.375,0.390625,1.015625,6.234375
2,29,62,46,11,62,42,14,20,39,53,378,0.453125,0.96875,0.71875,0.171875,0.96875,0.65625,0.21875,0.3125,0.609375,0.828125,5.90625
3,17,49,102,17,46,38,11,14,24,42,360,0.265625,0.765625,1.59375,0.265625,0.71875,0.59375,0.171875,0.21875,0.375,0.65625,5.625
4,14,36,56,14,44,39,12,21,17,42,295,0.21875,0.5625,0.875,0.21875,0.6875,0.609375,0.1875,0.328125,0.265625,0.65625,4.609375
5,17,55,48,9,45,34,12,30,31,52,333,0.265625,0.859375,0.75,0.140625,0.703125,0.53125,0.1875,0.46875,0.484375,0.8125,5.203125
6,15,42,94,25,43,53,19,16,26,44,377,0.234375,0.65625,1.46875,0.390625,0.671875,0.828125,0.296875,0.25,0.40625,0.6875,5.890625
