case,m,N,class,known_shadow,even_orientation_vector,orientation_cancel_worst_abs,positive_terms_count_first_80,S_unitarity_max_abs,S_square_reversal_max_abs,theta_transform_max_abs,derivative_transform_max_abs,scalar_S_eigen_residual,scalar_T_eigen_residual,scalar_S_eigenvalue_re,scalar_S_eigenvalue_im,scalar_T_eigenvalue_re,scalar_T_eigenvalue_im,retained_ST_orbit_dimension,retained_ST_orbit_seen,case_pass
chi12_eta_shadow_residual_closed_phase2,6,12,closed_instance,eta chi12 unary theta,True,0,27,1.3987866100512667e-15,4.5573587243637645e-15,1.2646955647138108e-90,1.917062282316852e-90,2.551337711616727e-15,1.410354723664631e-15,1.0,1.3739009929736312e-15,0.9659258262890685,0.25881904510251985,1,3,True
chi8_level8_second_case,4,8,worked_case,chi8 unary theta,True,0,40,7.062098392711005e-16,1.2139693544093743e-15,1.0486950377445377e-90,1.6522673352659553e-90,7.65182245704603e-16,1.0,0.9999999999999998,7.008282842946301e-16,1.6653345369377348e-16,-4.718447854656915e-16,3,7,True
legendre5_level10,5,10,new_sweep_case,quadratic-character unary theta,True,0,64,1.2779495039974833e-15,1.4637837582265878e-15,1.829882697761466e-90,2.3656868055034386e-90,0.7071067811865477,0.9758351544158146,-0.7071067811865472,-2.1163626406917047e-16,0.15450849718747392,0.15450849718747361,6,13,True
legendre13_level26,13,26,new_sweep_case,quadratic-character unary theta,True,0,74,3.226338731678925e-15,1.0259018264278225e-14,7.1293023150005595e-90,1.499685871810249e-89,0.7071067811865471,0.9881434305873539,-0.7071067811865485,-2.5954354406406326e-15,0.10856463647766693,0.10856463647766552,14,29,True
delta_pair_m7,7,14,carrier_stress_case,constructed even finite-module theta,True,0,22,1.7628370461120878e-15,6.0136077225803916e-15,2.6436277364255284e-90,5.068449559483487e-90,0.9989967362820225,0.7818314824680299,-0.04478304252581977,-2.6020852139652106e-16,0.27052208653213355,0.5617449009293664,8,17,True
three_pair_m9,9,18,carrier_stress_case,constructed even finite-module theta,True,0,27,2.393174131977757e-15,6.768347519355035e-15,2.5670722574320974e-90,4.188941276477909e-90,0.7665518250047016,0.8354698535845934,-0.6421824503845958,-4.625929269271485e-16,0.10713126828108989,0.5389925928135036,10,21,True
