r,real,imag,abs,phase_turns
0,1.0,0.0,np.float64(1.0),0.0
1,0.8660254037844387,0.49999999999999994,np.float64(1.0),0.08333333333333333
2,-0.4999999999999998,0.8660254037844387,np.float64(0.9999999999999999),0.3333333333333333
3,-1.8369701987210297e-16,-1.0,np.float64(1.0),-0.25000000000000006
4,-0.4999999999999992,0.8660254037844392,np.float64(1.0),0.33333333333333315
5,0.8660254037844392,0.49999999999999906,np.float64(1.0),0.08333333333333316
