r,real,imag,abs,phase_turns
0,1.0,0.0,np.float64(1.0),0.0
1,0.7071067811865476,0.7071067811865475,np.float64(1.0),0.125
2,-1.0,1.2246467991473532e-16,np.float64(1.0),0.5
3,0.7071067811865477,0.7071067811865474,np.float64(1.0),0.12499999999999996
