r,real,imag,abs,phase_turns
0,1.0,0.0,np.float64(1.0),0.0
1,0.9238795325112867,0.3826834323650898,np.float64(1.0),0.06250000000000001
2,6.123233995736766e-17,1.0,np.float64(1.0),0.25
3,-0.9238795325112868,-0.38268343236508967,np.float64(1.0),-0.43750000000000006
4,1.0,-2.4492935982947064e-16,np.float64(1.0),-3.8981718325193755e-17
5,-0.9238795325112867,-0.38268343236508984,np.float64(1.0),-0.4375
6,5.51091059616309e-16,1.0,np.float64(1.0),0.24999999999999992
7,0.9238795325112875,0.38268343236508784,np.float64(1.0),0.062499999999999674
