r,s,real,imag,abs,phase_turns
0,0,0.7071067811865475,0.0,0.7071067811865475,0.0
0,1,0.7071067811865475,0.0,0.7071067811865475,0.0
1,0,0.7071067811865475,0.0,0.7071067811865475,0.0
1,1,-0.7071067811865475,-8.659560562354932e-17,0.7071067811865475,-0.5
