r,T_phase_formula,T_phase_complex
0,exp(pi*i*0/8),1+0i
1,exp(pi*i*1/8),0.92387953251128674+0.38268343236508978i
2,exp(pi*i*4/8),6.123233995736766e-17+1i
3,exp(pi*i*9/8),-0.92387953251128685-0.38268343236508967i
4,exp(pi*i*16/8),1-2.4492935982947064e-16i
5,exp(pi*i*25/8),-0.92387953251128674-0.38268343236508984i
6,exp(pi*i*36/8),5.5109105961630896e-16+1i
7,exp(pi*i*49/8),0.92387953251128752+0.38268343236508784i
