residue,char_value,K_action,G_action
0,0+0j,0+0j,0+0j
1,1+0j,0.99999999999999989+0j,0.92387953251128674+0.38268343236508978j
2,0+0j,-1.7319121124709866e-16+0j,0+0j
3,-1+0j,-0.99999999999999956+0j,0.92387953251128685+0.38268343236508967j
4,0+0j,0+0j,0+0j
5,-1+0j,-0.999999999999999+0j,0.92387953251128674+0.38268343236508984j
6,0+0j,5.1957363374129592e-16+0j,0+0j
7,1+0j,1.0000000000000004+0j,0.92387953251128752+0.38268343236508784j
