N,r,budget_prefix_sum,budget_prefix_sum_mod4,self_channel_entry,self_channel_real,self_channel_imag
8,0,0,0,1+0i,1.0,0.0
8,1,1,1,0+1i,6.123233995736766e-17,1.0
8,2,5,1,0+1i,3.061616997868383e-16,1.0
8,3,21,1,0+1i,-4.904777002955296e-16,1.0
8,4,85,1,0+1i,3.4283920569760004e-15,1.0
8,5,341,1,0+1i,7.594728994687013e-14,1.0
8,6,1365,1,0+1i,1.3864920606321462e-13,1.0
8,7,5461,1,0+1i,-5.200378312443357e-13,1.0
