case,kind,m,N,support_count,even_orientation,bilateral_derivative_cancels,positive_terms_nonzero,S_unitarity_max_abs,S_square_reversal_max_abs,theta_transform_max_abs,derivative_transform_max_abs,scalar_S_eigen,scalar_T_eigen,scalar_S_error,scalar_T_error,retained_orbit_rank,status
chi12_level12_closed_instance,primitive_even_character,6,12,4,True,True,True,1.866258215684302e-15,4.2042631560044255e-15,2.5344945210187613e-15,2.827869571795114e-15,True,True,2.625067111716866e-15,2.531698018113677e-15,1,PASS
chi8_level8_second_case,primitive_even_character,4,8,4,True,True,True,7.062098392711005e-16,1.2207918492582808e-15,1.0748120435183418e-15,1.1673851243905792e-15,True,False,1.4432899320127035e-15,2.0,3,PASS
legendre5_level10,primitive_even_character,5,10,4,True,True,True,1.0006002811345785e-15,1.2407764733510301e-15,6.368189727293276e-16,8.570342082214305e-16,False,False,0.7071067811865481,1.902113032590307,6,PASS
legendre13_level26,primitive_even_character,13,26,12,True,True,True,2.708628694793474e-15,3.822105225570049e-15,2.7029151723029763e-15,5.900916318210353e-15,False,False,0.7071067811865506,1.9854177481961082,14,PASS
nonprimitive_chi8_lift_level16,nonprimitive_lifted_character,8,16,8,True,True,True,1.8733706152293382e-15,2.6354439737766315e-15,1.9476402621296588e-15,2.424763686264159e-15,False,False,1.4142135623730951,1.9999999999999998,6,PASS
multi_orbit_m10,vector_orbit_mixing,10,20,8,True,True,True,2.062482728012655e-15,2.60990809010169e-15,1.8333926408647126e-15,2.3695336084950082e-15,False,False,6.556989906122963,2.3511410091698925,11,PASS
dense_even_m11,generated_even_carrier,11,22,12,True,True,True,2.984891523020967e-15,3.2821415533694208e-15,2.5303826355968327e-15,4.8237763785164085e-15,False,False,2.508627657472267,3.959285767523731,12,PASS
three_orbit_m15,vector_orbit_mixing,15,30,8,True,True,True,3.1267017697858008e-15,6.845419629515089e-15,7.579101960080344e-15,1.3695984938059045e-14,False,False,1.8257418583505536,3.5267115137548397,11,PASS
