case,m,N,S_unitarity_max_abs,S_square_reversal_max_abs,theta_transform_max_abs,derivative_transform_max_abs
chi12_level12_closed_instance,6,12,1.866258215684302e-15,4.2042631560044255e-15,2.5344945210187613e-15,2.827869571795114e-15
chi8_level8_second_case,4,8,7.062098392711005e-16,1.2207918492582808e-15,1.0748120435183418e-15,1.1673851243905792e-15
legendre5_level10,5,10,1.0006002811345785e-15,1.2407764733510301e-15,6.368189727293276e-16,8.570342082214305e-16
legendre13_level26,13,26,2.708628694793474e-15,3.822105225570049e-15,2.7029151723029763e-15,5.900916318210353e-15
nonprimitive_chi8_lift_level16,8,16,1.8733706152293382e-15,2.6354439737766315e-15,1.9476402621296588e-15,2.424763686264159e-15
multi_orbit_m10,10,20,2.062482728012655e-15,2.60990809010169e-15,1.8333926408647126e-15,2.3695336084950082e-15
dense_even_m11,11,22,2.984891523020967e-15,3.2821415533694208e-15,2.5303826355968327e-15,4.8237763785164085e-15
three_orbit_m15,15,30,3.1267017697858008e-15,6.845419629515089e-15,7.579101960080344e-15,1.3695984938059045e-14
