A,T_A,B_A,Q_A,carry,defect,Q_prime,B_prime,both_prime
0,9,9,5,,,1,0,0
1,27,18,11,9,0,1,0,0
2,61,34,23,7,-2,1,0,0
3,130,69,47,8,1,1,0,0
4,269,139,95,9,1,0,1,0
5,545,276,191,7,-2,1,0,0
6,1098,553,383,8,1,1,0,0
7,2205,1107,767,9,1,0,0,0
8,4417,2212,1535,7,-2,0,0,0
9,8842,4425,3071,8,1,0,0,0
10,17692,8850,6143,8,0,1,0,0
11,35392,17700,12287,8,0,0,0,0
12,70792,35400,24575,8,0,0,0,0
13,141591,70799,49151,7,-1,0,0,0
14,283190,141599,98303,8,1,0,0,0
15,566388,283198,196607,8,0,0,0,0
16,1132784,566396,393215,8,0,0,0,0
17,2265577,1132793,786431,9,1,1,1,1
18,4531162,2265585,1572863,8,-1,0,0,0
19,9062332,4531170,3145727,8,0,0,0,0
20,18124671,9062339,6291455,7,-1,0,0,0
21,36249351,18124680,12582911,9,2,0,0,0
22,72498709,36249358,25165823,7,-2,0,0,0
23,144997426,72498717,50331647,8,1,0,0,0
24,289994860,144997434,100663295,8,0,0,0,0
25,579989728,289994868,201326591,8,0,0,0,0
26,1159979463,579989735,402653183,7,-1,0,0,0
27,2319958935,1159979472,805306367,9,2,0,0,0
28,4639917878,2319958943,1610612735,8,-1,0,0,0
29,9279835763,4639917885,3221225471,7,-1,0,0,0
30,18559671534,9279835771,6442450943,8,1,0,0,0
31,37119343077,18559671543,12884901887,9,1,0,0,0
32,74238686162,37119343085,25769803775,8,-1,0,0,0
33,148477372332,74238686170,51539607551,8,0,1,0,0
34,296954744672,148477372340,103079215103,8,0,0,0,0
35,593909489351,296954744679,206158430207,7,-1,0,0,0
36,1187818978710,593909489359,412316860415,8,1,0,0,0
37,2375637957428,1187818978718,824633720831,8,0,1,0,0
38,4751275914864,2375637957436,1649267441663,8,0,0,0,0
39,9502551829737,4751275914873,3298534883327,9,1,0,0,0
40,19005103659481,9502551829744,6597069766655,7,-2,0,0,0
41,38010207318970,19005103659489,13194139533311,8,1,0,0,0
42,76020414637949,38010207318979,26388279066623,9,1,1,0,0
43,152040829275905,76020414637956,52776558133247,7,-2,0,0,0
44,304081658551819,152040829275914,105553116266495,9,2,0,0,0
45,608163317103645,304081658551826,211106232532991,7,-2,0,0,0
46,1216326634207298,608163317103653,422212465065983,8,1,0,0,0
47,2432653268414604,1216326634207306,844424930131967,8,0,0,0,0
48,4865306536829216,2432653268414612,1688849860263935,8,0,0,0,0
49,9730613073658440,4865306536829224,3377699720527871,8,0,0,0,0
50,19461226147316889,9730613073658449,6755399441055743,9,1,0,0,0
51,38922452294633785,19461226147316896,13510798882111487,7,-2,0,0,0
52,77844904589267578,38922452294633793,27021597764222975,8,1,0,0,0
53,155689809178535164,77844904589267586,54043195528445951,8,0,0,0,0
54,311379618357070337,155689809178535173,108086391056891903,9,1,1,0,0
55,622759236714140682,311379618357070345,216172782113783807,8,-1,0,0,0
56,1245518473428281371,622759236714140689,432345564227567615,7,-1,0,1,0
57,2491036946856562750,1245518473428281379,864691128455135231,8,1,0,0,0
58,4982073893713125509,2491036946856562759,1729382256910270463,9,1,0,0,0
59,9964147787426251026,4982073893713125517,3458764513820540927,8,-1,0,0,0
60,19928295574852502060,9964147787426251034,6917529027641081855,8,0,0,0,0
61,39856591149705004127,19928295574852502067,13835058055282163711,7,-1,0,0,0
62,79713182299410008263,39856591149705004136,27670116110564327423,9,2,0,0,0
63,159426364598820016534,79713182299410008271,55340232221128654847,8,-1,1,0,0
64,318852729197640033076,159426364598820016542,110680464442257309695,8,0,0,0,0
65,637705458395280066159,318852729197640033083,221360928884514619391,7,-1,0,0,0
66,1275410916790560132326,637705458395280066167,442721857769029238783,8,1,0,0,0
67,2550821833581120264661,1275410916790560132335,885443715538058477567,9,1,0,0,0
68,5101643667162240529329,2550821833581120264668,1770887431076116955135,7,-2,0,0,0
69,10203287334324481058667,5101643667162240529338,3541774862152233910271,9,2,0,0,0
70,20406574668648962117342,10203287334324481058675,7083549724304467820543,8,-1,0,0,0
71,40813149337297924234692,20406574668648962117350,14167099448608935641087,8,0,0,0,0
72,81626298674595848469391,40813149337297924234699,28334198897217871282175,7,-1,0,1,0
73,163252597349191696938790,81626298674595848469399,56668397794435742564351,8,1,0,0,0
74,326505194698383393877589,163252597349191696938799,113336795588871485128703,9,1,0,0,0
75,653010389396766787755185,326505194698383393877596,226673591177742970257407,7,-2,1,0,0
76,1306020778793533575510378,653010389396766787755193,453347182355485940514815,8,1,0,0,0
77,2612041557587067151020764,1306020778793533575510386,906694364710971881029631,8,0,0,0,0
78,5224083115174134302041536,2612041557587067151020772,1813388729421943762059263,8,0,0,0,0
79,10448166230348268604083081,5224083115174134302041545,3626777458843887524118527,9,1,0,0,0
80,20896332460696537208166169,10448166230348268604083088,7253554917687775048237055,7,-2,0,0,0
81,41792664921393074416332346,20896332460696537208166177,14507109835375550096474111,8,1,0,0,0
82,83585329842786148832664701,41792664921393074416332355,29014219670751100192948223,9,1,0,0,0
83,167170659685572297665329410,83585329842786148832664709,58028439341502200385896447,8,-1,0,0,0
84,334341319371144595330658827,167170659685572297665329417,116056878683004400771792895,7,-1,0,0,0
85,668682638742289190661317663,334341319371144595330658836,232113757366008801543585791,9,2,0,0,0
86,1337365277484578381322635334,668682638742289190661317671,464227514732017603087171583,8,-1,0,0,0
87,2674730554969156762645270675,1337365277484578381322635341,928455029464035206174343167,7,-1,0,0,0
88,5349461109938313525290541358,2674730554969156762645270683,1856910058928070412348686335,8,1,0,0,0
89,10698922219876627050581082725,5349461109938313525290541367,3713820117856140824697372671,9,1,0,0,0
90,21397844439753254101162165458,10698922219876627050581082733,7427640235712281649394745343,8,-1,0,0,0
91,42795688879506508202324330923,21397844439753254101162165465,14855280471424563298789490687,7,-1,0,0,0
92,85591377759013016404648661854,42795688879506508202324330931,29710560942849126597578981375,8,1,0,0,0
93,171182755518026032809297323717,85591377759013016404648661863,59421121885698253195157962751,9,1,1,0,0
94,342365511036052065618594647442,171182755518026032809297323725,118842243771396506390315925503,8,-1,0,0,0
95,684731022072104131237189294891,342365511036052065618594647449,237684487542793012780631851007,7,-1,0,0,0
96,1369462044144208262474378589790,684731022072104131237189294899,475368975085586025561263702015,8,1,0,0,0
97,2738924088288416524948757179588,1369462044144208262474378589798,950737950171172051122527404031,8,0,0,0,0
98,5477848176576833049897514359185,2738924088288416524948757179597,1901475900342344102245054808063,9,1,0,0,0
99,10955696353153666099795028718377,5477848176576833049897514359192,3802951800684688204490109616127,7,-2,0,0,0
100,21911392706307332199590057436762,10955696353153666099795028718385,7605903601369376408980219232255,8,1,0,0,0
101,43822785412614664399180114873533,21911392706307332199590057436771,15211807202738752817960438464511,9,1,0,0,0
102,87645570825229328798360229747074,43822785412614664399180114873541,30423614405477505635920876929023,8,-1,1,0,0
103,175291141650458657596720459494156,87645570825229328798360229747082,60847228810955011271841753858047,8,0,0,0,0
104,350582283300917315193440918988319,175291141650458657596720459494163,121694457621910022543683507716095,7,-1,0,0,0
105,701164566601834630386881837976647,350582283300917315193440918988328,243388915243820045087367015432191,9,2,0,0,0
106,1402329133203669260773763675953301,701164566601834630386881837976654,486777830487640090174734030864383,7,-2,0,0,0
107,2804658266407338521547527351906610,1402329133203669260773763675953309,973555660975280180349468061728767,8,1,0,0,0
108,5609316532814677043095054703813229,2804658266407338521547527351906619,1947111321950560360698936123457535,9,1,0,0,0
109,11218633065629354086190109407626466,5609316532814677043095054703813237,3894222643901120721397872246915071,8,-1,0,0,0
110,22437266131258708172380218815252939,11218633065629354086190109407626473,7788445287802241442795744493830143,7,-1,0,0,0
111,44874532262517416344760437630505886,22437266131258708172380218815252947,15576890575604482885591488987660287,8,1,0,0,0
112,89749064525034832689520875261011780,44874532262517416344760437630505894,31153781151208965771182977975320575,8,0,0,0,0
113,179498129050069665379041750522023569,89749064525034832689520875261011789,62307562302417931542365955950641151,9,1,0,0,0
114,358996258100139330758083501044047145,179498129050069665379041750522023576,124615124604835863084731911901282303,7,-2,0,0,0
115,717992516200278661516167002088094299,358996258100139330758083501044047154,249230249209671726169463823802564607,9,2,0,0,0
116,1435985032400557323032334004176188606,717992516200278661516167002088094307,498460498419343452338927647605129215,8,-1,0,0,0
117,2871970064801114646064668008352377219,1435985032400557323032334004176188613,996920996838686904677855295210258431,7,-1,0,0,0
118,5743940129602229292129336016704754447,2871970064801114646064668008352377228,1993841993677373809355710590420516863,9,2,0,0,0
119,11487880259204458584258672033409508902,5743940129602229292129336016704754455,3987683987354747618711421180841033727,8,-1,0,0,0
120,22975760518408917168517344066819017812,11487880259204458584258672033409508910,7975367974709495237422842361682067455,8,0,0,0,0
121,45951521036817834337034688133638035631,22975760518408917168517344066819017819,15950735949418990474845684723364134911,7,-1,0,0,0
122,91903042073635668674069376267276071271,45951521036817834337034688133638035640,31901471898837980949691369446728269823,9,2,0,0,0
123,183806084147271337348138752534552142549,91903042073635668674069376267276071278,63802943797675961899382738893456539647,7,-2,0,0,0
124,367612168294542674696277505069104285107,183806084147271337348138752534552142558,127605887595351923798765477786913079295,9,2,0,0,0
125,735224336589085349392555010138208570221,367612168294542674696277505069104285114,255211775190703847597530955573826158591,7,-2,0,0,0
126,1470448673178170698785110020276417140451,735224336589085349392555010138208570230,510423550381407695195061911147652317183,9,2,0,0,0
127,2940897346356341397570220040552834280910,1470448673178170698785110020276417140459,1020847100762815390390123822295304634367,8,-1,0,0,0
128,5881794692712682795140440081105668561827,2940897346356341397570220040552834280917,2041694201525630780780247644590609268735,7,-1,0,0,0
129,11763589385425365590280880162211337123663,5881794692712682795140440081105668561836,4083388403051261561560495289181218537471,9,2,0,0,0
130,23527178770850731180561760324422674247333,11763589385425365590280880162211337123670,8166776806102523123120990578362437074943,7,-2,0,0,0
131,47054357541701462361123520648845348494675,23527178770850731180561760324422674247342,16333553612205046246241981156724874149887,9,2,0,0,0
132,94108715083402924722247041297690696989357,47054357541701462361123520648845348494682,32667107224410092492483962313449748299775,7,-2,0,0,0
133,188217430166805849444494082595381393978722,94108715083402924722247041297690696989365,65334214448820184984967924626899496599551,8,1,0,0,0
134,376434860333611698888988165190762787957453,188217430166805849444494082595381393978731,130668428897640369969935849253798993199103,9,1,0,0,0
135,752869720667223397777976330381525575914914,376434860333611698888988165190762787957461,261336857795280739939871698507597986398207,8,-1,0,0,0
136,1505739441334446795555952660763051151829836,752869720667223397777976330381525575914922,522673715590561479879743397015195972796415,8,0,0,0,0
137,3011478882668893591111905321526102303659679,1505739441334446795555952660763051151829843,1045347431181122959759486794030391945592831,7,-1,0,0,0
138,6022957765337787182223810643052204607319366,3011478882668893591111905321526102303659687,2090694862362245919518973588060783891185663,8,1,0,0,0
139,12045915530675574364447621286104409214638740,6022957765337787182223810643052204607319374,4181389724724491839037947176121567782371327,8,0,0,0,0
140,24091831061351148728895242572208818429277488,12045915530675574364447621286104409214638748,8362779449448983678075894352243135564742655,8,0,0,0,0
141,48183662122702297457790485144417636858554985,24091831061351148728895242572208818429277497,16725558898897967356151788704486271129485311,9,1,0,0,0
142,96367324245404594915580970288835273717109977,48183662122702297457790485144417636858554992,33451117797795934712303577408972542258970623,7,-2,1,0,0
143,192734648490809189831161940577670547434219963,96367324245404594915580970288835273717109986,66902235595591869424607154817945084517941247,9,2,0,0,0
144,385469296981618379662323881155341094868439934,192734648490809189831161940577670547434219971,133804471191183738849214309635890169035882495,8,-1,0,0,0
145,770938593963236759324647762310682189736879875,385469296981618379662323881155341094868439941,267608942382367477698428619271780338071764991,7,-1,0,0,0
146,1541877187926473518649295524621364379473759758,770938593963236759324647762310682189736879883,535217884764734955396857238543560676143529983,8,1,0,0,0
147,3083754375852947037298591049242728758947519525,1541877187926473518649295524621364379473759767,1070435769529469910793714477087121352287059967,9,1,0,1,0
148,6167508751705894074597182098485457517895039057,3083754375852947037298591049242728758947519532,2140871539058939821587428954174242704574119935,7,-2,0,0,0
149,12335017503411788149194364196970915035790078123,6167508751705894074597182098485457517895039066,4281743078117879643174857908348485409148239871,9,2,0,0,0
150,24670035006823576298388728393941830071580156253,12335017503411788149194364196970915035790078130,8563486156235759286349715816696970818296479743,7,-2,0,0,0
151,49340070013647152596777456787883660143160312514,24670035006823576298388728393941830071580156261,17126972312471518572699431633393941636592959487,8,1,0,0,0
152,98680140027294305193554913575767320286320625037,49340070013647152596777456787883660143160312523,34253944624943037145398863266787883273185918975,9,1,0,0,0
153,197360280054588610387109827151534640572641250082,98680140027294305193554913575767320286320625045,68507889249886074290797726533575766546371837951,8,-1,0,0,0
154,394720560109177220774219654303069281145282500171,197360280054588610387109827151534640572641250089,137015778499772148581595453067151533092743675903,7,-1,0,0,0
155,789441120218354441548439308606138562290565000351,394720560109177220774219654303069281145282500180,274031556999544297163190906134303066185487351807,9,2,0,0,0
156,1578882240436708883096878617212277124581130000709,789441120218354441548439308606138562290565000358,548063113999088594326381812268606132370974703615,7,-2,0,0,0
157,3157764480873417766193757234424554249162260001426,1578882240436708883096878617212277124581130000717,1096126227998177188652763624537212264741949407231,8,1,0,0,0
158,6315528961746835532387514468849108498324520002860,3157764480873417766193757234424554249162260001434,2192252455996354377305527249074424529483898814463,8,0,0,0,0
159,12631057923493671064775028937698216996649040005729,6315528961746835532387514468849108498324520002869,4384504911992708754611054498148849058967797628927,9,1,0,0,0
160,25262115846987342129550057875396433993298080011466,12631057923493671064775028937698216996649040005737,8769009823985417509222108996297698117935595257855,8,-1,0,0,0
161,50524231693974684259100115750792867986596160022940,25262115846987342129550057875396433993298080011474,17538019647970835018444217992595396235871190515711,8,0,0,0,0
162,101048463387949368518200231501585735973192320045888,50524231693974684259100115750792867986596160022948,35076039295941670036888435985190792471742381031423,8,0,0,0,0
163,202096926775898737036400463003171471946384640091783,101048463387949368518200231501585735973192320045895,70152078591883340073776871970381584943484762062847,7,-1,0,0,0
164,404193853551797474072800926006342943892769280183574,202096926775898737036400463003171471946384640091791,140304157183766680147553743940763169886969524125695,8,1,0,0,0
165,808387707103594948145601852012685887785538560367156,404193853551797474072800926006342943892769280183582,280608314367533360295107487881526339773939048251391,8,0,0,0,0
166,1616775414207189896291203704025371775571077120734320,808387707103594948145601852012685887785538560367164,561216628735066720590214975763052679547878096502783,8,0,0,0,0
167,3233550828414379792582407408050743551142154241468648,1616775414207189896291203704025371775571077120734328,1122433257470133441180429951526105359095756193005567,8,0,0,0,0
168,6467101656828759585164814816101487102284308482937303,3233550828414379792582407408050743551142154241468655,2244866514940266882360859903052210718191512386011135,7,-1,0,0,0
169,12934203313657519170329629632202974204568616965874614,6467101656828759585164814816101487102284308482937311,4489733029880533764721719806104421436383024772022271,8,1,0,0,0
170,25868406627315038340659259264405948409137233931749236,12934203313657519170329629632202974204568616965874622,8979466059761067529443439612208842872766049544044543,8,0,0,0,0
171,51736813254630076681318518528811896818274467863498481,25868406627315038340659259264405948409137233931749245,17958932119522135058886879224417685745532099088089087,9,1,0,0,0
172,103473626509260153362637037057623793636548935726996969,51736813254630076681318518528811896818274467863498488,35917864239044270117773758448835371491064198176178175,7,-2,0,0,0
173,206947253018520306725274074115247587273097871453993946,103473626509260153362637037057623793636548935726996977,71835728478088540235547516897670742982128396352356351,8,1,0,0,0
174,413894506037040613450548148230495174546195742907987900,206947253018520306725274074115247587273097871453993954,143671456956177080471095033795341485964256792704712703,8,0,0,0,0
175,827789012074081226901096296460990349092391485815975809,413894506037040613450548148230495174546195742907987909,287342913912354160942190067590682971928513585409425407,9,1,0,0,0
176,1655578024148162453802192592921980698184782971631951626,827789012074081226901096296460990349092391485815975817,574685827824708321884380135181365943857027170818850815,8,-1,0,0,0
177,3311156048296324907604385185843961396369565943263903259,1655578024148162453802192592921980698184782971631951633,1149371655649416643768760270362731887714054341637701631,7,-1,0,1,0
178,6622312096592649815208770371687922792739131886527806527,3311156048296324907604385185843961396369565943263903268,2298743311298833287537520540725463775428108683275403263,9,2,0,0,0
179,13244624193185299630417540743375845585478263773055613062,6622312096592649815208770371687922792739131886527806535,4597486622597666575075041081450927550856217366550806527,8,-1,0,0,0
180,26489248386370599260835081486751691170956527546111226132,13244624193185299630417540743375845585478263773055613070,9194973245195333150150082162901855101712434733101613055,8,0,0,0,0
181,52978496772741198521670162973503382341913055092222452271,26489248386370599260835081486751691170956527546111226139,18389946490390666300300164325803710203424869466203226111,7,-1,0,0,0
182,105956993545482397043340325947006764683826110184444904550,52978496772741198521670162973503382341913055092222452279,36779892980781332600600328651607420406849738932406452223,8,1,0,0,0
183,211913987090964794086680651894013529367652220368889809108,105956993545482397043340325947006764683826110184444904558,73559785961562665201200657303214840813699477864812904447,8,0,0,0,0
184,423827974181929588173361303788027058735304440737779618224,211913987090964794086680651894013529367652220368889809116,147119571923125330402401314606429681627398955729625808895,8,0,0,0,0
185,847655948363859176346722607576054117470608881475559236457,423827974181929588173361303788027058735304440737779618233,294239143846250660804802629212859363254797911459251617791,9,1,0,0,0
186,1695311896727718352693445215152108234941217762951118472921,847655948363859176346722607576054117470608881475559236464,588478287692501321609605258425718726509595822918503235583,7,-2,0,0,0
187,3390623793455436705386890430304216469882435525902236945850,1695311896727718352693445215152108234941217762951118472929,1176956575385002643219210516851437453019191645837006471167,8,1,0,0,0
188,6781247586910873410773780860608432939764871051804473891708,3390623793455436705386890430304216469882435525902236945858,2353913150770005286438421033702874906038383291674012942335,8,0,0,0,0
189,13562495173821746821547561721216865879529742103608947783424,6781247586910873410773780860608432939764871051804473891716,4707826301540010572876842067405749812076766583348025884671,8,0,0,0,0
190,27124990347643493643095123442433731759059484207217895566856,13562495173821746821547561721216865879529742103608947783432,9415652603080021145753684134811499624153533166696051769343,8,0,0,0,0
191,54249980695286987286190246884867463518118968414435791133720,27124990347643493643095123442433731759059484207217895566864,18831305206160042291507368269622999248307066333392103538687,8,0,0,0,0
192,108499961390573974572380493769734927036237936828871582267448,54249980695286987286190246884867463518118968414435791133728,37662610412320084583014736539245998496614132666784207077375,8,0,0,0,0
193,216999922781147949144760987539469854072475873657743164534905,108499961390573974572380493769734927036237936828871582267457,75325220824640169166029473078491996993228265333568414154751,9,1,0,0,0
194,433999845562295898289521975078939708144951747315486329069817,216999922781147949144760987539469854072475873657743164534912,150650441649280338332058946156983993986456530667136828309503,7,-2,0,0,0
195,867999691124591796579043950157879416289903494630972658139642,433999845562295898289521975078939708144951747315486329069825,301300883298560676664117892313967987972913061334273656619007,8,1,0,0,0
196,1735999382249183593158087900315758832579806989261945316279292,867999691124591796579043950157879416289903494630972658139650,602601766597121353328235784627935975945826122668547313238015,8,0,0,0,0
197,3471998764498367186316175800631517665159613978523890632558593,1735999382249183593158087900315758832579806989261945316279301,1205203533194242706656471569255871951891652245337094626476031,9,1,0,0,0
198,6943997528996734372632351601263035330319227957047781265117194,3471998764498367186316175800631517665159613978523890632558601,2410407066388485413312943138511743903783304490674189252952063,8,-1,0,0,0
199,13887995057993468745264703202526070660638455914095562530234396,6943997528996734372632351601263035330319227957047781265117202,4820814132776970826625886277023487807566608981348378505904127,8,0,0,0,0
200,27775990115986937490529406405052141321276911828191125060468799,13887995057993468745264703202526070660638455914095562530234403,9641628265553941653251772554046975615133217962696757011808255,7,-1,0,1,0
201,55551980231973874981058812810104282642553823656382250120937607,27775990115986937490529406405052141321276911828191125060468808,19283256531107883306503545108093951230266435925393514023616511,9,2,0,0,0
202,111103960463947749962117625620208565285107647312764500241875222,55551980231973874981058812810104282642553823656382250120937615,38566513062215766613007090216187902460532871850787028047233023,8,-1,0,0,0
203,222207920927895499924235251240417130570215294625529000483750452,111103960463947749962117625620208565285107647312764500241875230,77133026124431533226014180432375804921065743701574056094466047,8,0,0,0,0
204,444415841855790999848470502480834261140430589251058000967500911,222207920927895499924235251240417130570215294625529000483750459,154266052248863066452028360864751609842131487403148112188932095,7,-1,0,0,0
205,888831683711581999696941004961668522280861178502116001935001831,444415841855790999848470502480834261140430589251058000967500920,308532104497726132904056721729503219684262974806296224377864191,9,2,1,0,0
206,1777663367423163999393882009923337044561722357004232003870003669,888831683711581999696941004961668522280861178502116001935001838,617064208995452265808113443459006439368525949612592448755728383,7,-2,0,0,0
207,3555326734846327998787764019846674089123444714008464007740007346,1777663367423163999393882009923337044561722357004232003870003677,1234128417990904531616226886918012878737051899225184897511456767,8,1,0,0,0
208,7110653469692655997575528039693348178246889428016928015480014700,3555326734846327998787764019846674089123444714008464007740007354,2468256835981809063232453773836025757474103798450369795022913535,8,0,0,0,0
209,14221306939385311995151056079386696356493778856033856030960029408,7110653469692655997575528039693348178246889428016928015480014708,4936513671963618126464907547672051514948207596900739590045827071,8,0,0,0,0
210,28442613878770623990302112158773392712987557712067712061920058824,14221306939385311995151056079386696356493778856033856030960029416,9873027343927236252929815095344103029896415193801479180091654143,8,0,0,0,0
211,56885227757541247980604224317546785425975115424135424123840117656,28442613878770623990302112158773392712987557712067712061920058832,19746054687854472505859630190688206059792830387602958360183308287,8,0,0,0,0
212,113770455515082495961208448635093570851950230848270848247680235320,56885227757541247980604224317546785425975115424135424123840117664,39492109375708945011719260381376412119585660775205916720366616575,8,0,0,0,0
213,227540911030164991922416897270187141703900461696541696495360470648,113770455515082495961208448635093570851950230848270848247680235328,78984218751417890023438520762752824239171321550411833440733233151,8,0,0,0,0
214,455081822060329983844833794540374283407800923393083392990720941303,227540911030164991922416897270187141703900461696541696495360470655,157968437502835780046877041525505648478342643100823666881466466303,7,-1,0,0,0
215,910163644120659967689667589080748566815601846786166785981441882614,455081822060329983844833794540374283407800923393083392990720941311,315936875005671560093754083051011296956685286201647333762932932607,8,1,1,0,0
216,1820327288241319935379335178161497133631203693572333571962883765237,910163644120659967689667589080748566815601846786166785981441882623,631873750011343120187508166102022593913370572403294667525865865215,9,1,0,0,0
217,3640654576482639870758670356322994267262407387144667143925767530481,1820327288241319935379335178161497133631203693572333571962883765244,1263747500022686240375016332204045187826741144806589335051731730431,7,-2,0,0,0
218,7281309152965279741517340712645988534524814774289334287851535060970,3640654576482639870758670356322994267262407387144667143925767530489,2527495000045372480750032664408090375653482289613178670103463460863,8,1,0,0,0
219,14562618305930559483034681425291977069049629548578668575703070121948,7281309152965279741517340712645988534524814774289334287851535060978,5054990000090744961500065328816180751306964579226357340206926921727,8,0,0,0,0
220,29125236611861118966069362850583954138099259097157337151406140243905,14562618305930559483034681425291977069049629548578668575703070121957,10109980000181489923000130657632361502613929158452714680413853843455,9,1,0,0,0
221,58250473223722237932138725701167908276198518194314674302812280487818,29125236611861118966069362850583954138099259097157337151406140243913,20219960000362979846000261315264723005227858316905429360827707686911,8,-1,0,0,0
222,116500946447444475864277451402335816552397036388629348605624560975644,58250473223722237932138725701167908276198518194314674302812280487826,40439920000725959692000522630529446010455716633810858721655415373823,8,0,0,0,0
223,233001892894888951728554902804671633104794072777258697211249121951295,116500946447444475864277451402335816552397036388629348605624560975651,80879840001451919384001045261058892020911433267621717443310830747647,7,-1,0,0,0
224,466003785789777903457109805609343266209588145554517394422498243902598,233001892894888951728554902804671633104794072777258697211249121951303,161759680002903838768002090522117784041822866535243434886621661495295,8,1,0,0,0
225,932007571579555806914219611218686532419176291109034788844996487805204,466003785789777903457109805609343266209588145554517394422498243902606,323519360005807677536004181044235568083645733070486869773243322990591,8,0,0,0,0
226,1864015143159111613828439222437373064838352582218069577689992975610417,932007571579555806914219611218686532419176291109034788844996487805213,647038720011615355072008362088471136167291466140973739546486645981183,9,1,0,0,0
227,3728030286318223227656878444874746129676705164436139155379985951220842,1864015143159111613828439222437373064838352582218069577689992975610425,1294077440023230710144016724176942272334582932281947479092973291962367,8,-1,0,0,0
228,7456060572636446455313756889749492259353410328872278310759971902441691,3728030286318223227656878444874746129676705164436139155379985951220849,2588154880046461420288033448353884544669165864563894958185946583924735,7,-1,0,0,0
229,14912121145272892910627513779498984518706820657744556621519943804883390,7456060572636446455313756889749492259353410328872278310759971902441699,5176309760092922840576066896707769089338331729127789916371893167849471,8,1,0,0,0
230,29824242290545785821255027558997969037413641315489113243039887609766788,14912121145272892910627513779498984518706820657744556621519943804883398,10352619520185845681152133793415538178676663458255579832743786335698943,8,0,0,0,0
231,59648484581091571642510055117995938074827282630978226486079775219533584,29824242290545785821255027558997969037413641315489113243039887609766796,20705239040371691362304267586831076357353326916511159665487572671397887,8,0,0,0,0
232,119296969162183143285020110235991876149654565261956452972159550439067176,59648484581091571642510055117995938074827282630978226486079775219533592,41410478080743382724608535173662152714706653833022319330975145342795775,8,0,0,0,0
233,238593938324366286570040220471983752299309130523912905944319100878134361,119296969162183143285020110235991876149654565261956452972159550439067185,82820956161486765449217070347324305429413307666044638661950290685591551,9,1,0,0,0
234,477187876648732573140080440943967504598618261047825811888638201756268730,238593938324366286570040220471983752299309130523912905944319100878134369,165641912322973530898434140694648610858826615332089277323900581371183103,8,-1,0,0,0
235,954375753297465146280160881887935009197236522095651623777276403512537468,477187876648732573140080440943967504598618261047825811888638201756268738,331283824645947061796868281389297221717653230664178554647801162742366207,8,0,0,0,0
236,1908751506594930292560321763775870018394473044191303247554552807025074943,954375753297465146280160881887935009197236522095651623777276403512537475,662567649291894123593736562778594443435306461328357109295602325484732415,7,-1,0,0,0
237,3817503013189860585120643527551740036788946088382606495109105614050149895,1908751506594930292560321763775870018394473044191303247554552807025074952,1325135298583788247187473125557188886870612922656714218591204650969464831,9,2,0,0,0
238,7635006026379721170241287055103480073577892176765212990218211228100299797,3817503013189860585120643527551740036788946088382606495109105614050149902,2650270597167576494374946251114377773741225845313428437182409301938929663,7,-2,0,0,0
239,15270012052759442340482574110206960147155784353530425980436422456200599602,7635006026379721170241287055103480073577892176765212990218211228100299805,5300541194335152988749892502228755547482451690626856874364818603877859327,8,1,0,0,0
240,30540024105518884680965148220413920294311568707060851960872844912401199212,15270012052759442340482574110206960147155784353530425980436422456200599610,10601082388670305977499785004457511094964903381253713748729637207755718655,8,0,0,0,0
241,61080048211037769361930296440827840588623137414121703921745689824802398433,30540024105518884680965148220413920294311568707060851960872844912401199221,21202164777340611954999570008915022189929806762507427497459274415511437311,9,1,0,0,0
242,122160096422075538723860592881655681177246274828243407843491379649604796873,61080048211037769361930296440827840588623137414121703921745689824802398440,42404329554681223909999140017830044379859613525014854994918548831022874623,7,-2,0,0,0
243,244320192844151077447721185763311362354492549656486815686982759299209593755,122160096422075538723860592881655681177246274828243407843491379649604796882,84808659109362447819998280035660088759719227050029709989837097662045749247,9,2,0,0,0
244,488640385688302154895442371526622724708985099312973631373965518598419187518,244320192844151077447721185763311362354492549656486815686982759299209593763,169617318218724895639996560071320177519438454100059419979674195324091498495,8,-1,0,0,0
245,977280771376604309790884743053245449417970198625947262747931037196838375043,488640385688302154895442371526622724708985099312973631373965518598419187525,339234636437449791279993120142640355038876908200118839959348390648182996991,7,-1,0,0,0
246,1954561542753208619581769486106490898835940397251894525495862074393676750094,977280771376604309790884743053245449417970198625947262747931037196838375051,678469272874899582559986240285280710077753816400237679918696781296365993983,8,1,0,0,0
247,3909123085506417239163538972212981797671880794503789050991724148787353500197,1954561542753208619581769486106490898835940397251894525495862074393676750103,1356938545749799165119972480570561420155507632800475359837393562592731987967,9,1,0,0,0
248,7818246171012834478327077944425963595343761589007578101983448297574707000402,3909123085506417239163538972212981797671880794503789050991724148787353500205,2713877091499598330239944961141122840311015265600950719674787125185463975935,8,-1,0,0,0
249,15636492342025668956654155888851927190687523178015156203966896595149414000811,7818246171012834478327077944425963595343761589007578101983448297574707000409,5427754182999196660479889922282245680622030531201901439349574250370927951871,7,-1,0,0,0
250,31272984684051337913308311777703854381375046356030312407933793190298828001631,15636492342025668956654155888851927190687523178015156203966896595149414000820,10855508365998393320959779844564491361244061062403802878699148500741855903743,9,2,0,0,0
251,62545969368102675826616623555407708762750092712060624815867586380597656003270,31272984684051337913308311777703854381375046356030312407933793190298828001639,21711016731996786641919559689128982722488122124807605757398297001483711807487,8,-1,0,0,0
252,125091938736205351653233247110815417525500185424121249631735172761195312006548,62545969368102675826616623555407708762750092712060624815867586380597656003278,43422033463993573283839119378257965444976244249615211514796594002967423614975,8,0,0,0,0
253,250183877472410703306466494221630835051000370848242499263470345522390624013103,125091938736205351653233247110815417525500185424121249631735172761195312006555,86844066927987146567678238756515930889952488499230423029593188005934847229951,7,-1,0,0,0
254,500367754944821406612932988443261670102000741696484998526940691044781248026215,250183877472410703306466494221630835051000370848242499263470345522390624013112,173688133855974293135356477513031861779904976998460846059186376011869694459903,9,2,0,0,0
255,1000735509889642813225865976886523340204001483392969997053881382089562496052438,500367754944821406612932988443261670102000741696484998526940691044781248026223,347376267711948586270712955026063723559809953996921692118372752023739388919807,8,-1,0,0,0
256,2001471019779285626451731953773046680408002966785939994107762764179124992104883,1000735509889642813225865976886523340204001483392969997053881382089562496052445,694752535423897172541425910052127447119619907993843384236745504047478777839615,7,-1,0,0,0
257,4002942039558571252903463907546093360816005933571879988215525528358249984209774,2001471019779285626451731953773046680408002966785939994107762764179124992104891,1389505070847794345082851820104254894239239815987686768473491008094957555679231,8,1,0,0,0
258,8005884079117142505806927815092186721632011867143759976431051056716499968419557,4002942039558571252903463907546093360816005933571879988215525528358249984209783,2779010141695588690165703640208509788478479631975373536946982016189915111358463,9,1,0,0,0
259,16011768158234285011613855630184373443264023734287519952862102113432999936839122,8005884079117142505806927815092186721632011867143759976431051056716499968419565,5558020283391177380331407280417019576956959263950747073893964032379830222716927,8,-1,0,0,0
260,32023536316468570023227711260368746886528047468575039905724204226865999873678251,16011768158234285011613855630184373443264023734287519952862102113432999936839129,11116040566782354760662814560834039153913918527901494147787928064759660445433855,7,-1,0,0,0
261,64047072632937140046455422520737493773056094937150079811448408453731999747356510,32023536316468570023227711260368746886528047468575039905724204226865999873678259,22232081133564709521325629121668078307827837055802988295575856129519320890867711,8,1,0,0,0
262,128094145265874280092910845041474987546112189874300159622896816907463999494713029,64047072632937140046455422520737493773056094937150079811448408453731999747356519,44464162267129419042651258243336156615655674111605976591151712259038641781735423,9,1,0,0,0
263,256188290531748560185821690082949975092224379748600319245793633814927998989426065,128094145265874280092910845041474987546112189874300159622896816907463999494713036,88928324534258838085302516486672313231311348223211953182303424518077283563470847,7,-2,0,0,0
264,512376581063497120371643380165899950184448759497200638491587267629855997978852138,256188290531748560185821690082949975092224379748600319245793633814927998989426073,177856649068517676170605032973344626462622696446423906364606849036154567126941695,8,1,0,0,0
265,1024753162126994240743286760331799900368897518994401276983174535259711995957704285,512376581063497120371643380165899950184448759497200638491587267629855997978852147,355713298137035352341210065946689252925245392892847812729213698072309134253883391,9,1,0,0,0
266,2049506324253988481486573520663599800737795037988802553966349070519423991915408578,1024753162126994240743286760331799900368897518994401276983174535259711995957704293,711426596274070704682420131893378505850490785785695625458427396144618268507766783,8,-1,0,0,0
267,4099012648507976962973147041327199601475590075977605107932698141038847983830817164,2049506324253988481486573520663599800737795037988802553966349070519423991915408586,1422853192548141409364840263786757011700981571571391250916854792289236537015533567,8,0,0,0,0
268,8198025297015953925946294082654399202951180151955210215865396282077695967661634335,4099012648507976962973147041327199601475590075977605107932698141038847983830817171,2845706385096282818729680527573514023401963143142782501833709584578473074031067135,7,-1,0,0,0
269,16396050594031907851892588165308798405902360303910420431730792564155391935323268678,8198025297015953925946294082654399202951180151955210215865396282077695967661634343,5691412770192565637459361055147028046803926286285565003667419169156946148062134271,8,1,0,0,0
270,32792101188063815703785176330617596811804720607820840863461585128310783870646537365,16396050594031907851892588165308798405902360303910420431730792564155391935323268687,11382825540385131274918722110294056093607852572571130007334838338313892296124268543,9,1,0,0,0
271,65584202376127631407570352661235193623609441215641681726923170256621567741293074738,32792101188063815703785176330617596811804720607820840863461585128310783870646537373,22765651080770262549837444220588112187215705145142260014669676676627784592248537087,8,-1,0,0,0
272,131168404752255262815140705322470387247218882431283363453846340513243135482586149484,65584202376127631407570352661235193623609441215641681726923170256621567741293074746,45531302161540525099674888441176224374431410290284520029339353353255569184497074175,8,0,0,0,0
273,262336809504510525630281410644940774494437764862566726907692681026486270965172298975,131168404752255262815140705322470387247218882431283363453846340513243135482586149491,91062604323081050199349776882352448748862820580569040058678706706511138368994148351,7,-1,0,0,0
274,524673619009021051260562821289881548988875529725133453815385362052972541930344597959,262336809504510525630281410644940774494437764862566726907692681026486270965172298984,182125208646162100398699553764704897497725641161138080117357413413022276737988296703,9,2,0,0,0
275,1049347238018042102521125642579763097977751059450266907630770724105945083860689195925,524673619009021051260562821289881548988875529725133453815385362052972541930344597966,364250417292324200797399107529409794995451282322276160234714826826044553475976593407,7,-2,0,0,0
276,2098694476036084205042251285159526195955502118900533815261541448211890167721378391858,1049347238018042102521125642579763097977751059450266907630770724105945083860689195933,728500834584648401594798215058819589990902564644552320469429653652089106951953186815,8,1,0,0,0
277,4197388952072168410084502570319052391911004237801067630523082896423780335442756783724,2098694476036084205042251285159526195955502118900533815261541448211890167721378391866,1457001669169296803189596430117639179981805129289104640938859307304178213903906373631,8,0,0,0,0
278,8394777904144336820169005140638104783822008475602135261046165792847560670885513567456,4197388952072168410084502570319052391911004237801067630523082896423780335442756783732,2914003338338593606379192860235278359963610258578209281877718614608356427807812747263,8,0,0,0,0
279,16789555808288673640338010281276209567644016951204270522092331585695121341771027134919,8394777904144336820169005140638104783822008475602135261046165792847560670885513567463,5828006676677187212758385720470556719927220517156418563755437229216712855615625494527,7,-1,0,0,0
280,33579111616577347280676020562552419135288033902408541044184663171390242683542054269847,16789555808288673640338010281276209567644016951204270522092331585695121341771027134928,11656013353354374425516771440941113439854441034312837127510874458433425711231250989055,9,2,0,0,0
281,67158223233154694561352041125104838270576067804817082088369326342780485367084108539702,33579111616577347280676020562552419135288033902408541044184663171390242683542054269855,23312026706708748851033542881882226879708882068625674255021748916866851422462501978111,8,-1,0,0,0
282,134316446466309389122704082250209676541152135609634164176738652685560970734168217079411,67158223233154694561352041125104838270576067804817082088369326342780485367084108539709,46624053413417497702067085763764453759417764137251348510043497833733702844925003956223,7,-1,0,0,0
283,268632892932618778245408164500419353082304271219268328353477305371121941468336434158830,134316446466309389122704082250209676541152135609634164176738652685560970734168217079419,93248106826834995404134171527528907518835528274502697020086995667467405689850007912447,8,1,0,0,0
284,537265785865237556490816329000838706164608542438536656706954610742243882936672868317669,268632892932618778245408164500419353082304271219268328353477305371121941468336434158839,186496213653669990808268343055057815037671056549005394040173991334934811379700015824895,9,1,0,0,0
285,1074531571730475112981632658001677412329217084877073313413909221484487765873345736635346,537265785865237556490816329000838706164608542438536656706954610742243882936672868317677,372992427307339981616536686110115630075342113098010788080347982669869622759400031649791,8,-1,0,0,0
286,2149063143460950225963265316003354824658434169754146626827818442968975531746691473270699,1074531571730475112981632658001677412329217084877073313413909221484487765873345736635353,745984854614679963233073372220231260150684226196021576160695965339739245518800063299583,7,-1,0,0,0
287,4298126286921900451926530632006709649316868339508293253655636885937951063493382946541406,2149063143460950225963265316003354824658434169754146626827818442968975531746691473270707,1491969709229359926466146744440462520301368452392043152321391930679478491037600126599167,8,1,0,0,0
288,8596252573843800903853061264013419298633736679016586507311273771875902126986765893082820,4298126286921900451926530632006709649316868339508293253655636885937951063493382946541414,2983939418458719852932293488880925040602736904784086304642783861358956982075200253198335,8,0,0,0,0
289,17192505147687601807706122528026838597267473358033173014622547543751804253973531786165648,8596252573843800903853061264013419298633736679016586507311273771875902126986765893082828,5967878836917439705864586977761850081205473809568172609285567722717913964150400506396671,8,0,0,0,0
290,34385010295375203615412245056053677194534946716066346029245095087503608507947063572331303,17192505147687601807706122528026838597267473358033173014622547543751804253973531786165655,11935757673834879411729173955523700162410947619136345218571135445435827928300801012793343,7,-1,0,0,0
291,68770020590750407230824490112107354389069893432132692058490190175007217015894127144662614,34385010295375203615412245056053677194534946716066346029245095087503608507947063572331311,23871515347669758823458347911047400324821895238272690437142270890871655856601602025586687,8,1,0,0,0
292,137540041181500814461648980224214708778139786864265384116980380350014434031788254289325237,68770020590750407230824490112107354389069893432132692058490190175007217015894127144662623,47743030695339517646916695822094800649643790476545380874284541781743311713203204051173375,9,1,0,0,0
293,275080082363001628923297960448429417556279573728530768233960760700028868063576508578650482,137540041181500814461648980224214708778139786864265384116980380350014434031788254289325245,95486061390679035293833391644189601299287580953090761748569083563486623426406408102346751,8,-1,0,0,0
294,550160164726003257846595920896858835112559147457061536467921521400057736127153017157300971,275080082363001628923297960448429417556279573728530768233960760700028868063576508578650489,190972122781358070587666783288379202598575161906181523497138167126973246852812816204693503,7,-1,0,1,0
295,1100320329452006515693191841793717670225118294914123072935843042800115472254306034314601951,550160164726003257846595920896858835112559147457061536467921521400057736127153017157300980,381944245562716141175333566576758405197150323812363046994276334253946493705625632409387007,9,2,0,0,0
296,2200640658904013031386383683587435340450236589828246145871686085600230944508612068629203910,1100320329452006515693191841793717670225118294914123072935843042800115472254306034314601959,763888491125432282350667133153516810394300647624726093988552668507892987411251264818774015,8,-1,0,0,0
297,4401281317808026062772767367174870680900473179656492291743372171200461889017224137258407827,2200640658904013031386383683587435340450236589828246145871686085600230944508612068629203917,1527776982250864564701334266307033620788601295249452187977105337015785974822502529637548031,7,-1,0,0,0
298,8802562635616052125545534734349741361800946359312984583486744342400923778034448274516815663,4401281317808026062772767367174870680900473179656492291743372171200461889017224137258407836,3055553964501729129402668532614067241577202590498904375954210674031571949645005059275096063,9,2,0,0,0
299,17605125271232104251091069468699482723601892718625969166973488684801847556068896549033631333,8802562635616052125545534734349741361800946359312984583486744342400923778034448274516815670,6111107929003458258805337065228134483154405180997808751908421348063143899290010118550192127,7,-2,0,0,0
300,35210250542464208502182138937398965447203785437251938333946977369603695112137793098067262674,17605125271232104251091069468699482723601892718625969166973488684801847556068896549033631341,12222215858006916517610674130456268966308810361995617503816842696126287798580020237100384255,8,1,0,0,0
301,70420501084928417004364277874797930894407570874503876667893954739207390224275586196134525356,35210250542464208502182138937398965447203785437251938333946977369603695112137793098067262682,24444431716013833035221348260912537932617620723991235007633685392252575597160040474200768511,8,0,0,0,0
302,140841002169856834008728555749595861788815141749007753335787909478414780448551172392269050721,70420501084928417004364277874797930894407570874503876667893954739207390224275586196134525365,48888863432027666070442696521825075865235241447982470015267370784505151194320080948401537023,9,1,0,0,0
303,281682004339713668017457111499191723577630283498015506671575818956829560897102344784538101450,140841002169856834008728555749595861788815141749007753335787909478414780448551172392269050729,97777726864055332140885393043650151730470482895964940030534741569010302388640161896803074047,8,-1,0,0,0
304,563364008679427336034914222998383447155260566996031013343151637913659121794204689569076202907,281682004339713668017457111499191723577630283498015506671575818956829560897102344784538101457,195555453728110664281770786087300303460940965791929880061069483138020604777280323793606148095,7,-1,0,0,0
305,1126728017358854672069828445996766894310521133992062026686303275827318243588409379138152405822,563364008679427336034914222998383447155260566996031013343151637913659121794204689569076202915,391110907456221328563541572174600606921881931583859760122138966276041209554560647587212296191,8,1,1,0,0
306,2253456034717709344139656891993533788621042267984124053372606551654636487176818758276304811652,1126728017358854672069828445996766894310521133992062026686303275827318243588409379138152405830,782221814912442657127083144349201213843763863167719520244277932552082419109121295174424592383,8,0,0,0,0
307,4506912069435418688279313783987067577242084535968248106745213103309272974353637516552609623312,2253456034717709344139656891993533788621042267984124053372606551654636487176818758276304811660,1564443629824885314254166288698402427687527726335439040488555865104164838218242590348849184767,8,0,0,0,0
308,9013824138870837376558627567974135154484169071936496213490426206618545948707275033105219246631,4506912069435418688279313783987067577242084535968248106745213103309272974353637516552609623319,3128887259649770628508332577396804855375055452670878080977111730208329676436485180697698369535,7,-1,0,0,0
309,18027648277741674753117255135948270308968338143872992426980852413237091897414550066210438493271,9013824138870837376558627567974135154484169071936496213490426206618545948707275033105219246640,6257774519299541257016665154793609710750110905341756161954223460416659352872970361395396739071,9,2,0,0,0
310,36055296555483349506234510271896540617936676287745984853961704826474183794829100132420876986549,18027648277741674753117255135948270308968338143872992426980852413237091897414550066210438493278,12515549038599082514033330309587219421500221810683512323908446920833318705745940722790793478143,7,-2,0,0,0
311,72110593110966699012469020543793081235873352575491969707923409652948367589658200264841753973106,36055296555483349506234510271896540617936676287745984853961704826474183794829100132420876986557,25031098077198165028066660619174438843000443621367024647816893841666637411491881445581586956287,8,1,0,0,0
312,144221186221933398024938041087586162471746705150983939415846819305896735179316400529683507946220,72110593110966699012469020543793081235873352575491969707923409652948367589658200264841753973114,50062196154396330056133321238348877686000887242734049295633787683333274822983762891163173912575,8,0,0,0,0
313,288442372443866796049876082175172324943493410301967878831693638611793470358632801059367015892448,144221186221933398024938041087586162471746705150983939415846819305896735179316400529683507946228,100124392308792660112266642476697755372001774485468098591267575366666549645967525782326347825151,8,0,0,0,0
314,576884744887733592099752164350344649886986820603935757663387277223586940717265602118734031784903,288442372443866796049876082175172324943493410301967878831693638611793470358632801059367015892455,200248784617585320224533284953395510744003548970936197182535150733333099291935051564652695650303,7,-1,0,0,0
315,1153769489775467184199504328700689299773973641207871515326774554447173881434531204237468063569814,576884744887733592099752164350344649886986820603935757663387277223586940717265602118734031784911,400497569235170640449066569906791021488007097941872394365070301466666198583870103129305391300607,8,1,0,0,0
316,2307538979550934368399008657401378599547947282415743030653549108894347762869062408474936127139637,1153769489775467184199504328700689299773973641207871515326774554447173881434531204237468063569823,800995138470341280898133139813582042976014195883744788730140602933332397167740206258610782601215,9,1,0,0,0
317,4615077959101868736798017314802757199095894564831486061307098217788695525738124816949872254279281,2307538979550934368399008657401378599547947282415743030653549108894347762869062408474936127139644,1601990276940682561796266279627164085952028391767489577460281205866664794335480412517221565202431,7,-2,0,0,0
318,9230155918203737473596034629605514398191789129662972122614196435577391051476249633899744508558570,4615077959101868736798017314802757199095894564831486061307098217788695525738124816949872254279289,3203980553881365123592532559254328171904056783534979154920562411733329588670960825034443130404863,8,1,0,0,0
319,18460311836407474947192069259211028796383578259325944245228392871154782102952499267799489017117149,9230155918203737473596034629605514398191789129662972122614196435577391051476249633899744508558579,6407961107762730247185065118508656343808113567069958309841124823466659177341921650068886260809727,9,1,0,0,0
320,36920623672814949894384138518422057592767156518651888490456785742309564205904998535598978034234305,18460311836407474947192069259211028796383578259325944245228392871154782102952499267799489017117156,12815922215525460494370130237017312687616227134139916619682249646933318354683843300137772521619455,7,-2,0,0,0
321,73841247345629899788768277036844115185534313037303776980913571484619128411809997071197956068468619,36920623672814949894384138518422057592767156518651888490456785742309564205904998535598978034234314,25631844431050920988740260474034625375232454268279833239364499293866636709367686600275545043238911,9,2,0,0,0
322,147682494691259799577536554073688230371068626074607553961827142969238256823619994142395912136937246,73841247345629899788768277036844115185534313037303776980913571484619128411809997071197956068468627,51263688862101841977480520948069250750464908536559666478728998587733273418735373200551090086477823,8,-1,0,0,0
323,295364989382519599155073108147376460742137252149215107923654285938476513647239988284791824273874500,147682494691259799577536554073688230371068626074607553961827142969238256823619994142395912136937254,102527377724203683954961041896138501500929817073119332957457997175466546837470746401102180172955647,8,0,1,0,0
324,590729978765039198310146216294752921484274504298430215847308571876953027294479976569583648547749007,295364989382519599155073108147376460742137252149215107923654285938476513647239988284791824273874507,205054755448407367909922083792277003001859634146238665914915994350933093674941492802204360345911295,7,-1,0,0,0
325,1181459957530078396620292432589505842968549008596860431694617143753906054588959953139167297095498023,590729978765039198310146216294752921484274504298430215847308571876953027294479976569583648547749016,410109510896814735819844167584554006003719268292477331829831988701866187349882985604408720691822591,9,2,0,0,0
326,2362919915060156793240584865179011685937098017193720863389234287507812109177919906278334594190996053,1181459957530078396620292432589505842968549008596860431694617143753906054588959953139167297095498030,820219021793629471639688335169108012007438536584954663659663977403732374699765971208817441383645183,7,-2,0,0,0
327,4725839830120313586481169730358023371874196034387441726778468575015624218355839812556669188381992115,2362919915060156793240584865179011685937098017193720863389234287507812109177919906278334594190996062,1640438043587258943279376670338216024014877073169909327319327954807464749399531942417634882767290367,9,2,0,0,0
328,9451679660240627172962339460716046743748392068774883453556937150031248436711679625113338376763984238,4725839830120313586481169730358023371874196034387441726778468575015624218355839812556669188381992123,3280876087174517886558753340676432048029754146339818654638655909614929498799063884835269765534580735,8,-1,0,0,0
329,18903359320481254345924678921432093487496784137549766907113874300062496873423359250226676753527968483,9451679660240627172962339460716046743748392068774883453556937150031248436711679625113338376763984245,6561752174349035773117506681352864096059508292679637309277311819229858997598127769670539531069161471,7,-1,0,0,0
330,37806718640962508691849357842864186974993568275099533814227748600124993746846718500453353507055936974,18903359320481254345924678921432093487496784137549766907113874300062496873423359250226676753527968491,13123504348698071546235013362705728192119016585359274618554623638459717995196255539341079062138322943,8,1,0,0,0
331,75613437281925017383698715685728373949987136550199067628455497200249987493693437000906707014111873956,37806718640962508691849357842864186974993568275099533814227748600124993746846718500453353507055936982,26247008697396143092470026725411456384238033170718549237109247276919435990392511078682158124276645887,8,0,0,0,0
332,151226874563850034767397431371456747899974273100398135256910994400499974987386874001813414028223747921,75613437281925017383698715685728373949987136550199067628455497200249987493693437000906707014111873965,52494017394792286184940053450822912768476066341437098474218494553838871980785022157364316248553291775,9,1,0,0,0
333,302453749127700069534794862742913495799948546200796270513821988800999949974773748003626828056447495850,151226874563850034767397431371456747899974273100398135256910994400499974987386874001813414028223747929,104988034789584572369880106901645825536952132682874196948436989107677743961570044314728632497106583551,8,-1,0,0,0
334,604907498255400139069589725485826991599897092401592541027643977601999899949547496007253656112894991707,302453749127700069534794862742913495799948546200796270513821988800999949974773748003626828056447495857,209976069579169144739760213803291651073904265365748393896873978215355487923140088629457264994213167103,7,-1,0,0,0
335,1209814996510800278139179450971653983199794184803185082055287955203999799899094992014507312225789983423,604907498255400139069589725485826991599897092401592541027643977601999899949547496007253656112894991716,419952139158338289479520427606583302147808530731496787793747956430710975846280177258914529988426334207,9,2,0,0,0
336,2419629993021600556278358901943307966399588369606370164110575910407999599798189984029014624451579966853,1209814996510800278139179450971653983199794184803185082055287955203999799899094992014507312225789983430,839904278316676578959040855213166604295617061462993575587495912861421951692560354517829059976852668415,7,-2,0,0,0
337,4839259986043201112556717803886615932799176739212740328221151820815999199596379968058029248903159933715,2419629993021600556278358901943307966399588369606370164110575910407999599798189984029014624451579966862,1679808556633353157918081710426333208591234122925987151174991825722843903385120709035658119953705336831,9,2,0,0,0
338,9678519972086402225113435607773231865598353478425480656442303641631998399192759936116058497806319867438,4839259986043201112556717803886615932799176739212740328221151820815999199596379968058029248903159933723,3359617113266706315836163420852666417182468245851974302349983651445687806770241418071316239907410673663,8,-1,0,0,0
339,19357039944172804450226871215546463731196706956850961312884607283263996798385519872232116995612639734884,9678519972086402225113435607773231865598353478425480656442303641631998399192759936116058497806319867446,6719234226533412631672326841705332834364936491703948604699967302891375613540482836142632479814821347327,8,0,0,0,0
340,38714079888345608900453742431092927462393413913701922625769214566527993596771039744464233991225279469775,19357039944172804450226871215546463731196706956850961312884607283263996798385519872232116995612639734891,13438468453066825263344653683410665668729872983407897209399934605782751227080965672285264959629642694655,7,-1,0,0,0
341,77428159776691217800907484862185854924786827827403845251538429133055987193542079488928467982450558939559,38714079888345608900453742431092927462393413913701922625769214566527993596771039744464233991225279469784,26876936906133650526689307366821331337459745966815794418799869211565502454161931344570529919259285389311,9,2,0,0,0
342,154856319553382435601814969724371709849573655654807690503076858266111974387084158977856935964901117879126,77428159776691217800907484862185854924786827827403845251538429133055987193542079488928467982450558939567,53753873812267301053378614733642662674919491933631588837599738423131004908323862689141059838518570778623,8,-1,0,0,0
343,309712639106764871203629939448743419699147311309615381006153716532223948774168317955713871929802235758260,154856319553382435601814969724371709849573655654807690503076858266111974387084158977856935964901117879134,107507747624534602106757229467285325349838983867263177675199476846262009816647725378282119677037141557247,8,0,0,0,0
344,619425278213529742407259878897486839398294622619230762012307433064447897548336635911427743859604471516527,309712639106764871203629939448743419699147311309615381006153716532223948774168317955713871929802235758267,215015495249069204213514458934570650699677967734526355350398953692524019633295450756564239354074283114495,7,-1,0,0,0
345,1238850556427059484814519757794973678796589245238461524024614866128895795096673271822855487719208943033062,619425278213529742407259878897486839398294622619230762012307433064447897548336635911427743859604471516535,430030990498138408427028917869141301399355935469052710700797907385048039266590901513128478708148566228991,8,1,0,0,0
346,2477701112854118969629039515589947357593178490476923048049229732257791590193346543645710975438417886066132,1238850556427059484814519757794973678796589245238461524024614866128895795096673271822855487719208943033070,860061980996276816854057835738282602798711870938105421401595814770096078533181803026256957416297132457983,8,0,0,0,0
347,4955402225708237939258079031179894715186356980953846096098459464515583180386693087291421950876835772132272,2477701112854118969629039515589947357593178490476923048049229732257791590193346543645710975438417886066140,1720123961992553633708115671476565205597423741876210842803191629540192157066363606052513914832594264915967,8,0,0,0,0
348,9910804451416475878516158062359789430372713961907692192196918929031166360773386174582843901753671544264552,4955402225708237939258079031179894715186356980953846096098459464515583180386693087291421950876835772132280,3440247923985107267416231342953130411194847483752421685606383259080384314132727212105027829665188529831935,8,0,0,0,0
349,19821608902832951757032316124719578860745427923815384384393837858062332721546772349165687803507343088529113,9910804451416475878516158062359789430372713961907692192196918929031166360773386174582843901753671544264561,6880495847970214534832462685906260822389694967504843371212766518160768628265454424210055659330377059663871,9,1,0,0,0
350,39643217805665903514064632249439157721490855847630768768787675716124665443093544698331375607014686177058233,19821608902832951757032316124719578860745427923815384384393837858062332721546772349165687803507343088529120,13760991695940429069664925371812521644779389935009686742425533036321537256530908848420111318660754119327743,7,-2,0,0,0
351,79286435611331807028129264498878315442981711695261537537575351432249330886187089396662751214029372354116475,39643217805665903514064632249439157721490855847630768768787675716124665443093544698331375607014686177058242,27521983391880858139329850743625043289558779870019373484851066072643074513061817696840222637321508238655487,9,2,0,0,0
352,158572871222663614056258528997756630885963423390523075075150702864498661772374178793325502428058744708232957,79286435611331807028129264498878315442981711695261537537575351432249330886187089396662751214029372354116482,55043966783761716278659701487250086579117559740038746969702132145286149026123635393680445274643016477310975,7,-2,0,0,0
353,317145742445327228112517057995513261771926846781046150150301405728997323544748357586651004856117489416465922,158572871222663614056258528997756630885963423390523075075150702864498661772374178793325502428058744708232965,110087933567523432557319402974500173158235119480077493939404264290572298052247270787360890549286032954621951,8,1,0,0,0
354,634291484890654456225034115991026523543853693562092300300602811457994647089496715173302009712234978832931852,317145742445327228112517057995513261771926846781046150150301405728997323544748357586651004856117489416465930,220175867135046865114638805949000346316470238960154987878808528581144596104494541574721781098572065909243903,8,0,0,0,0
355,1268582969781308912450068231982053047087707387124184600601205622915989294178993430346604019424469957665863712,634291484890654456225034115991026523543853693562092300300602811457994647089496715173302009712234978832931860,440351734270093730229277611898000692632940477920309975757617057162289192208989083149443562197144131818487807,8,0,0,0,0
356,2537165939562617824900136463964106094175414774248369201202411245831978588357986860693208038848939915331727432,1268582969781308912450068231982053047087707387124184600601205622915989294178993430346604019424469957665863720,880703468540187460458555223796001385265880955840619951515234114324578384417978166298887124394288263636975615,8,0,0,0,0
357,5074331879125235649800272927928212188350829548496738402404822491663957176715973721386416077697879830663454873,2537165939562617824900136463964106094175414774248369201202411245831978588357986860693208038848939915331727441,1761406937080374920917110447592002770531761911681239903030468228649156768835956332597774248788576527273951231,9,1,0,0,0
358,10148663758250471299600545855856424376701659096993476804809644983327914353431947442772832155395759661326909753,5074331879125235649800272927928212188350829548496738402404822491663957176715973721386416077697879830663454880,3522813874160749841834220895184005541063523823362479806060936457298313537671912665195548497577153054547902463,7,-2,0,0,0
359,20297327516500942599201091711712848753403318193986953609619289966655828706863894885545664310791519322653819515,10148663758250471299600545855856424376701659096993476804809644983327914353431947442772832155395759661326909762,7045627748321499683668441790368011082127047646724959612121872914596627075343825330391096995154306109095804927,9,2,0,0,0
360,40594655033001885198402183423425697506806636387973907219238579933311657413727789771091328621583038645307639038,20297327516500942599201091711712848753403318193986953609619289966655828706863894885545664310791519322653819523,14091255496642999367336883580736022164254095293449919224243745829193254150687650660782193990308612218191609855,8,-1,0,0,0
361,81189310066003770396804366846851395013613272775947814438477159866623314827455579542182657243166077290615278084,40594655033001885198402183423425697506806636387973907219238579933311657413727789771091328621583038645307639046,28182510993285998734673767161472044328508190586899838448487491658386508301375301321564387980617224436383219711,8,0,0,0,0
362,162378620132007540793608733693702790027226545551895628876954319733246629654911159084365314486332154581230556175,81189310066003770396804366846851395013613272775947814438477159866623314827455579542182657243166077290615278091,56365021986571997469347534322944088657016381173799676896974983316773016602750602643128775961234448872766439423,7,-1,0,0,0
363,324757240264015081587217467387405580054453091103791257753908639466493259309822318168730628972664309162461112359,162378620132007540793608733693702790027226545551895628876954319733246629654911159084365314486332154581230556184,112730043973143994938695068645888177314032762347599353793949966633546033205501205286257551922468897745532878847,9,2,0,0,0
364,649514480528030163174434934774811160108906182207582515507817278932986518619644636337461257945328618324922224725,324757240264015081587217467387405580054453091103791257753908639466493259309822318168730628972664309162461112366,225460087946287989877390137291776354628065524695198707587899933267092066411002410572515103844937795491065757695,7,-2,0,0,0
365,1299028961056060326348869869549622320217812364415165031015634557865973037239289272674922515890657236649844449458,649514480528030163174434934774811160108906182207582515507817278932986518619644636337461257945328618324922224733,450920175892575979754780274583552709256131049390397415175799866534184132822004821145030207689875590982131515391,8,1,0,0,0
366,2598057922112120652697739739099244640435624728830330062031269115731946074478578545349845031781314473299688898925,1299028961056060326348869869549622320217812364415165031015634557865973037239289272674922515890657236649844449467,901840351785151959509560549167105418512262098780794830351599733068368265644009642290060415379751181964263030783,9,1,0,0,0
367,5196115844224241305395479478198489280871249457660660124062538231463892148957157090699690063562628946599377797858,2598057922112120652697739739099244640435624728830330062031269115731946074478578545349845031781314473299688898933,1803680703570303919019121098334210837024524197561589660703199466136736531288019284580120830759502363928526061567,8,-1,0,1,0
368,10392231688448482610790958956396978561742498915321320248125076462927784297914314181399380127125257893198755595724,5196115844224241305395479478198489280871249457660660124062538231463892148957157090699690063562628946599377797866,3607361407140607838038242196668421674049048395123179321406398932273473062576038569160241661519004727857052123135,8,0,0,0,0
369,20784463376896965221581917912793957123484997830642640496250152925855568595828628362798760254250515786397511191455,10392231688448482610790958956396978561742498915321320248125076462927784297914314181399380127125257893198755595731,7214722814281215676076484393336843348098096790246358642812797864546946125152077138320483323038009455714104246271,7,-1,0,0,0
370,41568926753793930443163835825587914246969995661285280992500305851711137191657256725597520508501031572795022382919,20784463376896965221581917912793957123484997830642640496250152925855568595828628362798760254250515786397511191464,14429445628562431352152968786673686696196193580492717285625595729093892250304154276640966646076018911428208492543,9,2,0,0,0
371,83137853507587860886327671651175828493939991322570561985000611703422274383314513451195041017002063145590044765846,41568926753793930443163835825587914246969995661285280992500305851711137191657256725597520508501031572795022382927,28858891257124862704305937573347373392392387160985434571251191458187784500608308553281933292152037822856416985087,8,-1,0,0,0
372,166275707015175721772655343302351656987879982645141123970001223406844548766629026902390082034004126291180089531699,83137853507587860886327671651175828493939991322570561985000611703422274383314513451195041017002063145590044765853,57717782514249725408611875146694746784784774321970869142502382916375569001216617106563866584304075645712833970175,7,-1,0,0,0
373,332551414030351443545310686604703313975759965290282247940002446813689097533258053804780164068008252582360179063406,166275707015175721772655343302351656987879982645141123970001223406844548766629026902390082034004126291180089531707,115435565028499450817223750293389493569569548643941738285004765832751138002433234213127733168608151291425667940351,8,1,0,0,0
374,665102828060702887090621373209406627951519930580564495880004893627378195066516107609560328136016505164720358126820,332551414030351443545310686604703313975759965290282247940002446813689097533258053804780164068008252582360179063414,230871130056998901634447500586778987139139097287883476570009531665502276004866468426255466337216302582851335880703,8,0,0,0,0
375,1330205656121405774181242746418813255903039861161128991760009787254756390133032215219120656272033010329440716253648,665102828060702887090621373209406627951519930580564495880004893627378195066516107609560328136016505164720358126828,461742260113997803268895001173557974278278194575766953140019063331004552009732936852510932674432605165702671761407,8,0,0,0,0
376,2660411312242811548362485492837626511806079722322257983520019574509512780266064430438241312544066020658881432507305,1330205656121405774181242746418813255903039861161128991760009787254756390133032215219120656272033010329440716253657,923484520227995606537790002347115948556556389151533906280038126662009104019465873705021865348865210331405343522815,9,1,0,0,0
377,5320822624485623096724970985675253023612159444644515967040039149019025560532128860876482625088132041317762865014618,2660411312242811548362485492837626511806079722322257983520019574509512780266064430438241312544066020658881432507313,1846969040455991213075580004694231897113112778303067812560076253324018208038931747410043730697730420662810687045631,8,-1,0,0,0
378,10641645248971246193449941971350506047224318889289031934080078298038051121064257721752965250176264082635525730029243,5320822624485623096724970985675253023612159444644515967040039149019025560532128860876482625088132041317762865014625,3693938080911982426151160009388463794226225556606135625120152506648036416077863494820087461395460841325621374091263,7,-1,0,0,0
379,21283290497942492386899883942701012094448637778578063868160156596076102242128515443505930500352528165271051460058495,10641645248971246193449941971350506047224318889289031934080078298038051121064257721752965250176264082635525730029252,7387876161823964852302320018776927588452451113212271250240305013296072832155726989640174922790921682651242748182527,9,2,0,0,0
380,42566580995884984773799767885402024188897275557156127736320313192152204484257030887011861000705056330542102920116997,21283290497942492386899883942701012094448637778578063868160156596076102242128515443505930500352528165271051460058502,14775752323647929704604640037553855176904902226424542500480610026592145664311453979280349845581843365302485496365055,7,-2,0,0,0
381,85133161991769969547599535770804048377794551114312255472640626384304408968514061774023722001410112661084205840234003,42566580995884984773799767885402024188897275557156127736320313192152204484257030887011861000705056330542102920117006,29551504647295859409209280075107710353809804452849085000961220053184291328622907958560699691163686730604970992730111,9,2,0,0,0
382,170266323983539939095199071541608096755589102228624510945281252768608817937028123548047444002820225322168411680468014,85133161991769969547599535770804048377794551114312255472640626384304408968514061774023722001410112661084205840234011,59103009294591718818418560150215420707619608905698170001922440106368582657245815917121399382327373461209941985460223,8,-1,0,0,0
383,340532647967079878190398143083216193511178204457249021890562505537217635874056247096094888005640450644336823360936035,170266323983539939095199071541608096755589102228624510945281252768608817937028123548047444002820225322168411680468021,118206018589183437636837120300430841415239217811396340003844880212737165314491631834242798764654746922419883970920447,7,-1,0,0,0
384,681065295934159756380796286166432387022356408914498043781125011074435271748112494192189776011280901288673646721872078,340532647967079878190398143083216193511178204457249021890562505537217635874056247096094888005640450644336823360936043,236412037178366875273674240600861682830478435622792680007689760425474330628983263668485597529309493844839767941840895,8,1,0,0,0
385,1362130591868319512761592572332864774044712817828996087562250022148870543496224988384379552022561802577347293443744164,681065295934159756380796286166432387022356408914498043781125011074435271748112494192189776011280901288673646721872086,472824074356733750547348481201723365660956871245585360015379520850948661257966527336971195058618987689679535883681791,8,0,0,0,0
386,2724261183736639025523185144665729548089425635657992175124500044297741086992449976768759104045123605154694586887488336,1362130591868319512761592572332864774044712817828996087562250022148870543496224988384379552022561802577347293443744172,945648148713467501094696962403446731321913742491170720030759041701897322515933054673942390117237975379359071767363583,8,0,0,0,0
387,5448522367473278051046370289331459096178851271315984350249000088595482173984899953537518208090247210309389173774976680,2724261183736639025523185144665729548089425635657992175124500044297741086992449976768759104045123605154694586887488344,1891296297426935002189393924806893462643827484982341440061518083403794645031866109347884780234475950758718143534727167,8,0,0,0,0
388,10897044734946556102092740578662918192357702542631968700498000177190964347969799907075036416180494420618778347549953368,5448522367473278051046370289331459096178851271315984350249000088595482173984899953537518208090247210309389173774976688,3782592594853870004378787849613786925287654969964682880123036166807589290063732218695769560468951901517436287069454335,8,0,0,0,0
389,21794089469893112204185481157325836384715405085263937400996000354381928695939599814150072832360988841237556695099906744,10897044734946556102092740578662918192357702542631968700498000177190964347969799907075036416180494420618778347549953376,7565185189707740008757575699227573850575309939929365760246072333615178580127464437391539120937903803034872574138908671,8,0,0,0,0
390,43588178939786224408370962314651672769430810170527874801992000708763857391879199628300145664721977682475113390199813495,21794089469893112204185481157325836384715405085263937400996000354381928695939599814150072832360988841237556695099906751,15130370379415480017515151398455147701150619879858731520492144667230357160254928874783078241875807606069745148277817343,7,-1,1,0,0
391,87176357879572448816741924629303345538861620341055749603984001417527714783758399256600291329443955364950226780399626998,43588178939786224408370962314651672769430810170527874801992000708763857391879199628300145664721977682475113390199813503,30260740758830960035030302796910295402301239759717463040984289334460714320509857749566156483751615212139490296555634687,8,1,0,0,0
392,174352715759144897633483849258606691077723240682111499207968002835055429567516798513200582658887910729900453560799254005,87176357879572448816741924629303345538861620341055749603984001417527714783758399256600291329443955364950226780399627007,60521481517661920070060605593820590804602479519434926081968578668921428641019715499132312967503230424278980593111269375,9,1,0,0,0
393,348705431518289795266967698517213382155446481364222998415936005670110859135033597026401165317775821459800907121598508017,174352715759144897633483849258606691077723240682111499207968002835055429567516798513200582658887910729900453560799254012,121042963035323840140121211187641181609204959038869852163937157337842857282039430998264625935006460848557961186222538751,7,-2,0,0,0
394,697410863036579590533935397034426764310892962728445996831872011340221718270067194052802330635551642919601814243197016042,348705431518289795266967698517213382155446481364222998415936005670110859135033597026401165317775821459800907121598508025,242085926070647680280242422375282363218409918077739704327874314675685714564078861996529251870012921697115922372445077503,8,1,0,0,0
395,1394821726073159181067870794068853528621785925456891993663744022680443436540134388105604661271103285839203628486394032093,697410863036579590533935397034426764310892962728445996831872011340221718270067194052802330635551642919601814243197016051,484171852141295360560484844750564726436819836155479408655748629351371429128157723993058503740025843394231844744890155007,9,1,0,0,0
396,2789643452146318362135741588137707057243571850913783987327488045360886873080268776211209322542206571678407256972788064194,1394821726073159181067870794068853528621785925456891993663744022680443436540134388105604661271103285839203628486394032101,968343704282590721120969689501129452873639672310958817311497258702742858256315447986117007480051686788463689489780310015,8,-1,0,0,0
397,5579286904292636724271483176275414114487143701827567974654976090721773746160537552422418645084413143356814513945576128395,2789643452146318362135741588137707057243571850913783987327488045360886873080268776211209322542206571678407256972788064201,1936687408565181442241939379002258905747279344621917634622994517405485716512630895972234014960103373576927378979560620031,7,-1,0,0,0
398,11158573808585273448542966352550828228974287403655135949309952181443547492321075104844837290168826286713629027891152256798,5579286904292636724271483176275414114487143701827567974654976090721773746160537552422418645084413143356814513945576128403,3873374817130362884483878758004517811494558689243835269245989034810971433025261791944468029920206747153854757959121240063,8,1,0,0,0
399,22317147617170546897085932705101656457948574807310271898619904362887094984642150209689674580337652573427258055782304513604,11158573808585273448542966352550828228974287403655135949309952181443547492321075104844837290168826286713629027891152256806,7746749634260725768967757516009035622989117378487670538491978069621942866050523583888936059840413494307709515918242480127,8,0,0,0,0
400,44634295234341093794171865410203312915897149614620543797239808725774189969284300419379349160675305146854516111564609027216,22317147617170546897085932705101656457948574807310271898619904362887094984642150209689674580337652573427258055782304513612,15493499268521451537935515032018071245978234756975341076983956139243885732101047167777872119680826988615419031836484960255,8,0,0,0,0
401,89268590468682187588343730820406625831794299229241087594479617451548379938568600838758698321350610293709032223129218054440,44634295234341093794171865410203312915897149614620543797239808725774189969284300419379349160675305146854516111564609027224,30986998537042903075871030064036142491956469513950682153967912278487771464202094335555744239361653977230838063672969920511,8,0,0,0,0
402,178537180937364375176687461640813251663588598458482175188959234903096759877137201677517396642701220587418064446258436108889,89268590468682187588343730820406625831794299229241087594479617451548379938568600838758698321350610293709032223129218054449,61973997074085806151742060128072284983912939027901364307935824556975542928404188671111488478723307954461676127345939841023,9,1,0,0,0
403,357074361874728750353374923281626503327177196916964350377918469806193519754274403355034793285402441174836128892516872217785,178537180937364375176687461640813251663588598458482175188959234903096759877137201677517396642701220587418064446258436108896,123947994148171612303484120256144569967825878055802728615871649113951085856808377342222976957446615908923352254691879682047,7,-2,0,0,0
404,714148723749457500706749846563253006654354393833928700755836939612387039508548806710069586570804882349672257785033744435578,357074361874728750353374923281626503327177196916964350377918469806193519754274403355034793285402441174836128892516872217793,247895988296343224606968240512289139935651756111605457231743298227902171713616754684445953914893231817846704509383759364095,8,1,0,0,0
405,1428297447498915001413499693126506013308708787667857401511673879224774079017097613420139173141609764699344515570067488871165,714148723749457500706749846563253006654354393833928700755836939612387039508548806710069586570804882349672257785033744435587,495791976592686449213936481024578279871303512223210914463486596455804343427233509368891907829786463635693409018767518728191,9,1,0,0,0
406,2856594894997830002826999386253012026617417575335714803023347758449548158034195226840278346283219529398689031140134977742338,1428297447498915001413499693126506013308708787667857401511673879224774079017097613420139173141609764699344515570067488871173,991583953185372898427872962049156559742607024446421828926973192911608686854467018737783815659572927271386818037535037456383,8,-1,0,0,0
407,5713189789995660005653998772506024053234835150671429606046695516899096316068390453680556692566439058797378062280269955484684,2856594894997830002826999386253012026617417575335714803023347758449548158034195226840278346283219529398689031140134977742346,1983167906370745796855745924098313119485214048892843657853946385823217373708934037475567631319145854542773636075070074912767,8,0,0,0,0
408,11426379579991320011307997545012048106469670301342859212093391033798192632136780907361113385132878117594756124560539910969376,5713189789995660005653998772506024053234835150671429606046695516899096316068390453680556692566439058797378062280269955484692,3966335812741491593711491848196626238970428097785687315707892771646434747417868074951135262638291709085547272150140149825535,8,0,0,0,0
409,22852759159982640022615995090024096212939340602685718424186782067596385264273561814722226770265756235189512249121079821938759,11426379579991320011307997545012048106469670301342859212093391033798192632136780907361113385132878117594756124560539910969383,7932671625482983187422983696393252477940856195571374631415785543292869494835736149902270525276583418171094544300280299651071,7,-1,0,0,0
410,45705518319965280045231990180048192425878681205371436848373564135192770528547123629444453540531512470379024498242159643877526,22852759159982640022615995090024096212939340602685718424186782067596385264273561814722226770265756235189512249121079821938767,15865343250965966374845967392786504955881712391142749262831571086585738989671472299804541050553166836342189088600560599302143,8,1,0,0,0
411,91411036639930560090463980360096384851757362410742873696747128270385541057094247258888907081063024940758048996484319287755060,45705518319965280045231990180048192425878681205371436848373564135192770528547123629444453540531512470379024498242159643877534,31730686501931932749691934785573009911763424782285498525663142173171477979342944599609082101106333672684378177201121198604287,8,0,0,0,0
412,182822073279861120180927960720192769703514724821485747393494256540771082114188494517777814162126049881516097992968638575510128,91411036639930560090463980360096384851757362410742873696747128270385541057094247258888907081063024940758048996484319287755068,63461373003863865499383869571146019823526849564570997051326284346342955958685889199218164202212667345368756354402242397208575,8,0,0,0,0
413,365644146559722240361855921440385539407029449642971494786988513081542164228376989035555628324252099763032195985937277151020263,182822073279861120180927960720192769703514724821485747393494256540771082114188494517777814162126049881516097992968638575510135,126922746007727730998767739142292039647053699129141994102652568692685911917371778398436328404425334690737512708804484794417151,7,-1,0,0,0
414,731288293119444480723711842880771078814058899285942989573977026163084328456753978071111256648504199526064391971874554302040534,365644146559722240361855921440385539407029449642971494786988513081542164228376989035555628324252099763032195985937277151020271,253845492015455461997535478284584079294107398258283988205305137385371823834743556796872656808850669381475025417608969588834303,8,1,0,0,0
415,1462576586238888961447423685761542157628117798571885979147954052326168656913507956142222513297008399052128783943749108604081077,731288293119444480723711842880771078814058899285942989573977026163084328456753978071111256648504199526064391971874554302040543,507690984030910923995070956569168158588214796516567976410610274770743647669487113593745313617701338762950050835217939177668607,9,1,0,0,0
416,2925153172477777922894847371523084315256235597143771958295908104652337313827015912284445026594016798104257567887498217208162161,1462576586238888961447423685761542157628117798571885979147954052326168656913507956142222513297008399052128783943749108604081084,1015381968061821847990141913138336317176429593033135952821220549541487295338974227187490627235402677525900101670435878355337215,7,-2,0,0,0
417,5850306344955555845789694743046168630512471194287543916591816209304674627654031824568890053188033596208515135774996434416324330,2925153172477777922894847371523084315256235597143771958295908104652337313827015912284445026594016798104257567887498217208162169,2030763936123643695980283826276672634352859186066271905642441099082974590677948454374981254470805355051800203340871756710674431,8,1,0,0,0
418,11700612689911111691579389486092337261024942388575087833183632418609349255308063649137780106376067192417030271549992868832648668,5850306344955555845789694743046168630512471194287543916591816209304674627654031824568890053188033596208515135774996434416324338,4061527872247287391960567652553345268705718372132543811284882198165949181355896908749962508941610710103600406681743513421348863,8,0,0,0,0
419,23401225379822223383158778972184674522049884777150175666367264837218698510616127298275560212752134384834060543099985737665297344,11700612689911111691579389486092337261024942388575087833183632418609349255308063649137780106376067192417030271549992868832648676,8123055744494574783921135305106690537411436744265087622569764396331898362711793817499925017883221420207200813363487026842697727,8,0,0,0,0
420,46802450759644446766317557944369349044099769554300351332734529674437397021232254596551120425504268769668121086199971475330594695,23401225379822223383158778972184674522049884777150175666367264837218698510616127298275560212752134384834060543099985737665297351,16246111488989149567842270610213381074822873488530175245139528792663796725423587634999850035766442840414401626726974053685395455,7,-1,0,0,0
421,93604901519288893532635115888738698088199539108600702665469059348874794042464509193102240851008537539336242172399942950661189399,46802450759644446766317557944369349044099769554300351332734529674437397021232254596551120425504268769668121086199971475330594704,32492222977978299135684541220426762149645746977060350490279057585327593450847175269999700071532885680828803253453948107370790911,9,2,0,0,0
422,187209803038577787065270231777477396176399078217201405330938118697749588084929018386204481702017075078672484344799885901322378805,93604901519288893532635115888738698088199539108600702665469059348874794042464509193102240851008537539336242172399942950661189406,64984445955956598271369082440853524299291493954120700980558115170655186901694350539999400143065771361657606506907896214741581823,7,-2,0,0,0
423,374419606077155574130540463554954792352798156434402810661876237395499176169858036772408963404034150157344968689599771802644757618,187209803038577787065270231777477396176399078217201405330938118697749588084929018386204481702017075078672484344799885901322378813,129968891911913196542738164881707048598582987908241401961116230341310373803388701079998800286131542723315213013815792429483163647,8,1,0,0,0
424,748839212154311148261080927109909584705596312868805621323752474790998352339716073544817926808068300314689937379199543605289515244,374419606077155574130540463554954792352798156434402810661876237395499176169858036772408963404034150157344968689599771802644757626,259937783823826393085476329763414097197165975816482803922232460682620747606777402159997600572263085446630426027631584858966327295,8,0,0,0,0
425,1497678424308622296522161854219819169411192625737611242647504949581996704679432147089635853616136600629379874758399087210579030496,748839212154311148261080927109909584705596312868805621323752474790998352339716073544817926808068300314689937379199543605289515252,519875567647652786170952659526828194394331951632965607844464921365241495213554804319995201144526170893260852055263169717932654591,8,0,0,0,0
426,2995356848617244593044323708439638338822385251475222485295009899163993409358864294179271707232273201258759749516798174421158061000,1497678424308622296522161854219819169411192625737611242647504949581996704679432147089635853616136600629379874758399087210579030504,1039751135295305572341905319053656388788663903265931215688929842730482990427109608639990402289052341786521704110526339435865309183,8,0,0,0,0
427,5990713697234489186088647416879276677644770502950444970590019798327986818717728588358543414464546402517519499033596348842316122009,2995356848617244593044323708439638338822385251475222485295009899163993409358864294179271707232273201258759749516798174421158061009,2079502270590611144683810638107312777577327806531862431377859685460965980854219217279980804578104683573043408221052678871730618367,9,1,0,0,0
428,11981427394468978372177294833758553355289541005900889941180039596655973637435457176717086828929092805035038998067192697684632244025,5990713697234489186088647416879276677644770502950444970590019798327986818717728588358543414464546402517519499033596348842316122016,4159004541181222289367621276214625555154655613063724862755719370921931961708438434559961609156209367146086816442105357743461236735,7,-2,0,0,0
429,23962854788937956744354589667517106710579082011801779882360079193311947274870914353434173657858185610070077996134385395369264488058,11981427394468978372177294833758553355289541005900889941180039596655973637435457176717086828929092805035038998067192697684632244033,8318009082362444578735242552429251110309311226127449725511438741843863923416876869119923218312418734292173632884210715486922473471,8,1,0,0,0
430,47925709577875913488709179335034213421158164023603559764720158386623894549741828706868347315716371220140155992268770790738528976124,23962854788937956744354589667517106710579082011801779882360079193311947274870914353434173657858185610070077996134385395369264488066,16636018164724889157470485104858502220618622452254899451022877483687727846833753738239846436624837468584347265768421430973844946943,8,0,0,0,0
431,95851419155751826977418358670068426842316328047207119529440316773247789099483657413736694631432742440280311984537541581477057952257,47925709577875913488709179335034213421158164023603559764720158386623894549741828706868347315716371220140155992268770790738528976133,33272036329449778314940970209717004441237244904509798902045754967375455693667507476479692873249674937168694531536842861947689893887,9,1,0,0,0
432,191702838311503653954836717340136853684632656094414239058880633546495578198967314827473389262865484880560623969075083162954115904521,95851419155751826977418358670068426842316328047207119529440316773247789099483657413736694631432742440280311984537541581477057952264,66544072658899556629881940419434008882474489809019597804091509934750911387335014952959385746499349874337389063073685723895379787775,7,-2,0,0,0
433,383405676623007307909673434680273707369265312188828478117761267092991156397934629654946778525730969761121247938150166325908231809050,191702838311503653954836717340136853684632656094414239058880633546495578198967314827473389262865484880560623969075083162954115904529,133088145317799113259763880838868017764948979618039195608183019869501822774670029905918771492998699748674778126147371447790759575551,8,1,0,0,0
434,766811353246014615819346869360547414738530624377656956235522534185982312795869259309893557051461939522242495876300332651816463618108,383405676623007307909673434680273707369265312188828478117761267092991156397934629654946778525730969761121247938150166325908231809058,266176290635598226519527761677736035529897959236078391216366039739003645549340059811837542985997399497349556252294742895581519151103,8,0,0,0,0
435,1533622706492029231638693738721094829477061248755313912471045068371964625591738518619787114102923879044484991752600665303632927236224,766811353246014615819346869360547414738530624377656956235522534185982312795869259309893557051461939522242495876300332651816463618116,532352581271196453039055523355472071059795918472156782432732079478007291098680119623675085971994798994699112504589485791163038302207,8,0,0,0,0
436,3067245412984058463277387477442189658954122497510627824942090136743929251183477037239574228205847758088969983505201330607265854472457,1533622706492029231638693738721094829477061248755313912471045068371964625591738518619787114102923879044484991752600665303632927236233,1064705162542392906078111046710944142119591836944313564865464158956014582197360239247350171943989597989398225009178971582326076604415,9,1,0,0,0
437,6134490825968116926554774954884379317908244995021255649884180273487858502366954074479148456411695516177939967010402661214531708944922,3067245412984058463277387477442189658954122497510627824942090136743929251183477037239574228205847758088969983505201330607265854472465,2129410325084785812156222093421888284239183673888627129730928317912029164394720478494700343887979195978796450018357943164652153208831,8,-1,0,0,0
438,12268981651936233853109549909768758635816489990042511299768360546975717004733908148958296912823391032355879934020805322429063417889852,6134490825968116926554774954884379317908244995021255649884180273487858502366954074479148456411695516177939967010402661214531708944930,4258820650169571624312444186843776568478367347777254259461856635824058328789440956989400687775958391957592900036715886329304306417663,8,0,0,0,0
439,24537963303872467706219099819537517271632979980085022599536721093951434009467816297916593825646782064711759868041610644858126835779711,12268981651936233853109549909768758635816489990042511299768360546975717004733908148958296912823391032355879934020805322429063417889859,8517641300339143248624888373687553136956734695554508518923713271648116657578881913978801375551916783915185800073431772658608612835327,7,-1,0,0,0
440,49075926607744935412438199639075034543265959960170045199073442187902868018935632595833187651293564129423519736083221289716253671559431,24537963303872467706219099819537517271632979980085022599536721093951434009467816297916593825646782064711759868041610644858126835779720,17035282600678286497249776747375106273913469391109017037847426543296233315157763827957602751103833567830371600146863545317217225670655,9,2,0,0,0
441,98151853215489870824876399278150069086531919920340090398146884375805736037871265191666375302587128258847039472166442579432507343118869,49075926607744935412438199639075034543265959960170045199073442187902868018935632595833187651293564129423519736083221289716253671559438,34070565201356572994499553494750212547826938782218034075694853086592466630315527655915205502207667135660743200293727090634434451341311,7,-2,0,0,0
442,196303706430979741649752798556300138173063839840680180796293768751611472075742530383332750605174256517694078944332885158865014686237747,98151853215489870824876399278150069086531919920340090398146884375805736037871265191666375302587128258847039472166442579432507343118878,68141130402713145988999106989500425095653877564436068151389706173184933260631055311830411004415334271321486400587454181268868902682623,9,2,0,0,0
443,392607412861959483299505597112600276346127679681360361592587537503222944151485060766665501210348513035388157888665770317730029372475501,196303706430979741649752798556300138173063839840680180796293768751611472075742530383332750605174256517694078944332885158865014686237754,136282260805426291977998213979000850191307755128872136302779412346369866521262110623660822008830668542642972801174908362537737805365247,7,-2,0,0,0
444,785214825723918966599011194225200552692255359362720723185175075006445888302970121533331002420697026070776315777331540635460058744951011,392607412861959483299505597112600276346127679681360361592587537503222944151485060766665501210348513035388157888665770317730029372475510,272564521610852583955996427958001700382615510257744272605558824692739733042524221247321644017661337085285945602349816725075475610730495,9,2,0,0,0
445,1570429651447837933198022388450401105384510718725441446370350150012891776605940243066662004841394052141552631554663081270920117489902029,785214825723918966599011194225200552692255359362720723185175075006445888302970121533331002420697026070776315777331540635460058744951018,545129043221705167911992855916003400765231020515488545211117649385479466085048442494643288035322674170571891204699633450150951221460991,7,-2,0,0,0
446,3140859302895675866396044776900802210769021437450882892740700300025783553211880486133324009682788104283105263109326162541840234979804066,1570429651447837933198022388450401105384510718725441446370350150012891776605940243066662004841394052141552631554663081270920117489902037,1090258086443410335823985711832006801530462041030977090422235298770958932170096884989286576070645348341143782409399266900301902442921983,8,1,0,0,0
447,6281718605791351732792089553801604421538042874901765785481400600051567106423760972266648019365576208566210526218652325083680469959608141,3140859302895675866396044776900802210769021437450882892740700300025783553211880486133324009682788104283105263109326162541840234979804075,2180516172886820671647971423664013603060924082061954180844470597541917864340193769978573152141290696682287564818798533800603804885843967,9,1,0,0,0
448,12563437211582703465584179107603208843076085749803531570962801200103134212847521944533296038731152417132421052437304650167360939919216290,6281718605791351732792089553801604421538042874901765785481400600051567106423760972266648019365576208566210526218652325083680469959608149,4361032345773641343295942847328027206121848164123908361688941195083835728680387539957146304282581393364575129637597067601207609771687935,8,-1,0,0,0
449,25126874423165406931168358215206417686152171499607063141925602400206268425695043889066592077462304834264842104874609300334721879838432587,12563437211582703465584179107603208843076085749803531570962801200103134212847521944533296038731152417132421052437304650167360939919216297,8722064691547282686591885694656054412243696328247816723377882390167671457360775079914292608565162786729150259275194135202415219543375871,7,-1,0,0,0
450,50253748846330813862336716430412835372304342999214126283851204800412536851390087778133184154924609668529684209749218600669443759676865183,25126874423165406931168358215206417686152171499607063141925602400206268425695043889066592077462304834264842104874609300334721879838432596,17444129383094565373183771389312108824487392656495633446755764780335342914721550159828585217130325573458300518550388270404830439086751743,9,2,0,0,0
451,100507497692661627724673432860825670744608685998428252567702409600825073702780175556266368309849219337059368419498437201338887519353730374,50253748846330813862336716430412835372304342999214126283851204800412536851390087778133184154924609668529684209749218600669443759676865191,34888258766189130746367542778624217648974785312991266893511529560670685829443100319657170434260651146916601037100776540809660878173503487,8,-1,0,0,0
452,201014995385323255449346865721651341489217371996856505135404819201650147405560351112532736619698438674118736838996874402677775038707460756,100507497692661627724673432860825670744608685998428252567702409600825073702780175556266368309849219337059368419498437201338887519353730382,69776517532378261492735085557248435297949570625982533787023059121341371658886200639314340868521302293833202074201553081619321756347006975,8,0,0,0,0
453,402029990770646510898693731443302682978434743993713010270809638403300294811120702225065473239396877348237473677993748805355550077414921519,201014995385323255449346865721651341489217371996856505135404819201650147405560351112532736619698438674118736838996874402677775038707460763,139553035064756522985470171114496870595899141251965067574046118242682743317772401278628681737042604587666404148403106163238643512694013951,7,-1,0,0,0
454,804059981541293021797387462886605365956869487987426020541619276806600589622241404450130946478793754696474947355987497610711100154829843046,402029990770646510898693731443302682978434743993713010270809638403300294811120702225065473239396877348237473677993748805355550077414921527,279106070129513045970940342228993741191798282503930135148092236485365486635544802557257363474085209175332808296806212326477287025388027903,8,1,0,0,0
455,1608119963082586043594774925773210731913738975974852041083238553613201179244482808900261892957587509392949894711974995221422200309659686100,804059981541293021797387462886605365956869487987426020541619276806600589622241404450130946478793754696474947355987497610711100154829843054,558212140259026091941880684457987482383596565007860270296184472970730973271089605114514726948170418350665616593612424652954574050776055807,8,0,0,0,0
456,3216239926165172087189549851546421463827477951949704082166477107226402358488965617800523785915175018785899789423949990442844400619319372208,1608119963082586043594774925773210731913738975974852041083238553613201179244482808900261892957587509392949894711974995221422200309659686108,1116424280518052183883761368915974964767193130015720540592368945941461946542179210229029453896340836701331233187224849305909148101552111615,8,0,0,0,0
457,6432479852330344174379099703092842927654955903899408164332954214452804716977931235601047571830350037571799578847899980885688801238638744425,3216239926165172087189549851546421463827477951949704082166477107226402358488965617800523785915175018785899789423949990442844400619319372217,2232848561036104367767522737831949929534386260031441081184737891882923893084358420458058907792681673402662466374449698611818296203104223231,9,1,1,0,0
458,12864959704660688348758199406185685855309911807798816328665908428905609433955862471202095143660700075143599157695799961771377602477277488858,6432479852330344174379099703092842927654955903899408164332954214452804716977931235601047571830350037571799578847899980885688801238638744433,4465697122072208735535045475663899859068772520062882162369475783765847786168716840916117815585363346805324932748899397223636592406208446463,8,-1,0,0,0
459,25729919409321376697516398812371371710619823615597632657331816857811218867911724942404190287321400150287198315391599923542755204954554977723,12864959704660688348758199406185685855309911807798816328665908428905609433955862471202095143660700075143599157695799961771377602477277488865,8931394244144417471070090951327799718137545040125764324738951567531695572337433681832235631170726693610649865497798794447273184812416892927,7,-1,0,0,0
460,51459838818642753395032797624742743421239647231195265314663633715622437735823449884808380574642800300574396630783199847085510409909109955454,25729919409321376697516398812371371710619823615597632657331816857811218867911724942404190287321400150287198315391599923542755204954554977731,17862788488288834942140181902655599436275090080251528649477903135063391144674867363664471262341453387221299730995597588894546369624833785855,8,1,0,0,0
461,102919677637285506790065595249485486842479294462390530629327267431244875471646899769616761149285600601148793261566399694171020819818219910916,51459838818642753395032797624742743421239647231195265314663633715622437735823449884808380574642800300574396630783199847085510409909109955462,35725576976577669884280363805311198872550180160503057298955806270126782289349734727328942524682906774442599461991195177789092739249667571711,8,0,0,0,0
462,205839355274571013580131190498970973684958588924781061258654534862489750943293799539233522298571201202297586523132799388342041639636439821840,102919677637285506790065595249485486842479294462390530629327267431244875471646899769616761149285600601148793261566399694171020819818219910924,71451153953155339768560727610622397745100360321006114597911612540253564578699469454657885049365813548885198923982390355578185478499335143423,8,0,0,0,0
463,411678710549142027160262380997941947369917177849562122517309069724979501886587599078467044597142402404595173046265598776684083279272879643687,205839355274571013580131190498970973684958588924781061258654534862489750943293799539233522298571201202297586523132799388342041639636439821847,142902307906310679537121455221244795490200720642012229195823225080507129157398938909315770098731627097770397847964780711156370956998670286847,7,-1,0,0,0
464,823357421098284054320524761995883894739834355699124245034618139449959003773175198156934089194284804809190346092531197553368166558545759287383,411678710549142027160262380997941947369917177849562122517309069724979501886587599078467044597142402404595173046265598776684083279272879643696,285804615812621359074242910442489590980401441284024458391646450161014258314797877818631540197463254195540795695929561422312741913997340573695,9,2,0,0,0
465,1646714842196568108641049523991767789479668711398248490069236278899918007546350396313868178388569609618380692185062395106736333117091518574774,823357421098284054320524761995883894739834355699124245034618139449959003773175198156934089194284804809190346092531197553368166558545759287391,571609231625242718148485820884979181960802882568048916783292900322028516629595755637263080394926508391081591391859122844625483827994681147391,8,-1,0,0,0
466,3293429684393136217282099047983535578959337422796496980138472557799836015092700792627736356777139219236761384370124790213472666234183037149556,1646714842196568108641049523991767789479668711398248490069236278899918007546350396313868178388569609618380692185062395106736333117091518574782,1143218463250485436296971641769958363921605765136097833566585800644057033259191511274526160789853016782163182783718245689250967655989362294783,8,0,0,0,0
467,6586859368786272434564198095967071157918674845592993960276945115599672030185401585255472713554278438473522768740249580426945332468366074299120,3293429684393136217282099047983535578959337422796496980138472557799836015092700792627736356777139219236761384370124790213472666234183037149564,2286436926500970872593943283539916727843211530272195667133171601288114066518383022549052321579706033564326365567436491378501935311978724589567,8,0,0,0,0
468,13173718737572544869128396191934142315837349691185987920553890231199344060370803170510945427108556876947045537480499160853890664936732148598247,6586859368786272434564198095967071157918674845592993960276945115599672030185401585255472713554278438473522768740249580426945332468366074299127,4572873853001941745187886567079833455686423060544391334266343202576228133036766045098104643159412067128652731134872982757003870623957449179135,7,-1,0,0,0
469,26347437475145089738256792383868284631674699382371975841107780462398688120741606341021890854217113753894091074960998321707781329873464297196502,13173718737572544869128396191934142315837349691185987920553890231199344060370803170510945427108556876947045537480499160853890664936732148598255,9145747706003883490375773134159666911372846121088782668532686405152456266073532090196209286318824134257305462269745965514007741247914898358271,8,1,1,0,0
470,52694874950290179476513584767736569263349398764743951682215560924797376241483212682043781708434227507788182149921996643415562659746928594393012,26347437475145089738256792383868284631674699382371975841107780462398688120741606341021890854217113753894091074960998321707781329873464297196510,18291495412007766980751546268319333822745692242177565337065372810304912532147064180392418572637648268514610924539491931028015482495829796716543,8,0,0,0,0
471,105389749900580358953027169535473138526698797529487903364431121849594752482966425364087563416868455015576364299843993286831125319493857188786032,52694874950290179476513584767736569263349398764743951682215560924797376241483212682043781708434227507788182149921996643415562659746928594393020,36582990824015533961503092536638667645491384484355130674130745620609825064294128360784837145275296537029221849078983862056030964991659593433087,8,0,0,0,0
472,210779499801160717906054339070946277053397595058975806728862243699189504965932850728175126833736910031152728599687986573662250638987714377572071,105389749900580358953027169535473138526698797529487903364431121849594752482966425364087563416868455015576364299843993286831125319493857188786039,73165981648031067923006185073277335290982768968710261348261491241219650128588256721569674290550593074058443698157967724112061929983319186866175,7,-1,0,0,0
473,421558999602321435812108678141892554106795190117951613457724487398379009931865701456350253667473820062305457199375973147324501277975428755144150,210779499801160717906054339070946277053397595058975806728862243699189504965932850728175126833736910031152728599687986573662250638987714377572079,146331963296062135846012370146554670581965537937420522696522982482439300257176513443139348581101186148116887396315935448224123859966638373732351,8,1,0,0,0
474,843117999204642871624217356283785108213590380235903226915448974796758019863731402912700507334947640124610914398751946294649002555950857510288309,421558999602321435812108678141892554106795190117951613457724487398379009931865701456350253667473820062305457199375973147324501277975428755144159,292663926592124271692024740293109341163931075874841045393045964964878600514353026886278697162202372296233774792631870896448247719933276747464703,9,1,0,0,0
475,1686235998409285743248434712567570216427180760471806453830897949593516039727462805825401014669895280249221828797503892589298005111901715020576625,843117999204642871624217356283785108213590380235903226915448974796758019863731402912700507334947640124610914398751946294649002555950857510288316,585327853184248543384049480586218682327862151749682090786091929929757201028706053772557394324404744592467549585263741792896495439866553494929407,7,-2,0,0,0
476,3372471996818571486496869425135140432854361520943612907661795899187032079454925611650802029339790560498443657595007785178596010223803430041153259,1686235998409285743248434712567570216427180760471806453830897949593516039727462805825401014669895280249221828797503892589298005111901715020576634,1170655706368497086768098961172437364655724303499364181572183859859514402057412107545114788648809489184935099170527483585792990879733106989858815,9,2,0,0,0
477,6744943993637142972993738850270280865708723041887225815323591798374064158909851223301604058679581120996887315190015570357192020447606860082306525,3372471996818571486496869425135140432854361520943612907661795899187032079454925611650802029339790560498443657595007785178596010223803430041153266,2341311412736994173536197922344874729311448606998728363144367719719028804114824215090229577297618978369870198341054967171585981759466213979717631,7,-2,0,0,0
478,13489887987274285945987477700540561731417446083774451630647183596748128317819702446603208117359162241993774630380031140714384040895213720164613058,6744943993637142972993738850270280865708723041887225815323591798374064158909851223301604058679581120996887315190015570357192020447606860082306533,4682622825473988347072395844689749458622897213997456726288735439438057608229648430180459154595237956739740396682109934343171963518932427959435263,8,1,0,0,0
479,26979775974548571891974955401081123462834892167548903261294367193496256635639404893206416234718324483987549260760062281428768081790427440329226124,13489887987274285945987477700540561731417446083774451630647183596748128317819702446603208117359162241993774630380031140714384040895213720164613066,9365245650947976694144791689379498917245794427994913452577470878876115216459296860360918309190475913479480793364219868686343927037864855918870527,8,0,0,0,0
480,53959551949097143783949910802162246925669784335097806522588734386992513271278809786412832469436648967975098521520124562857536163580854880658452256,26979775974548571891974955401081123462834892167548903261294367193496256635639404893206416234718324483987549260760062281428768081790427440329226132,18730491301895953388289583378758997834491588855989826905154941757752230432918593720721836618380951826958961586728439737372687854075729711837741055,8,0,0,0,0
481,107919103898194287567899821604324493851339568670195613045177468773985026542557619572825664938873297935950197043040249125715072327161709761316904521,53959551949097143783949910802162246925669784335097806522588734386992513271278809786412832469436648967975098521520124562857536163580854880658452265,37460982603791906776579166757517995668983177711979653810309883515504460865837187441443673236761903653917923173456879474745375708151459423675482111,9,1,0,0,0
482,215838207796388575135799643208648987702679137340391226090354937547970053085115239145651329877746595871900394086080498251430144654323419522633809049,107919103898194287567899821604324493851339568670195613045177468773985026542557619572825664938873297935950197043040249125715072327161709761316904528,74921965207583813553158333515035991337966355423959307620619767031008921731674374882887346473523807307835846346913758949490751416302918847350964223,7,-2,0,0,0
483,431676415592777150271599286417297975405358274680782452180709875095940106170230478291302659755493191743800788172160996502860289308646839045267618107,215838207796388575135799643208648987702679137340391226090354937547970053085115239145651329877746595871900394086080498251430144654323419522633809058,149843930415167627106316667030071982675932710847918615241239534062017843463348749765774692947047614615671692693827517898981502832605837694701928447,9,2,0,0,0
484,863352831185554300543198572834595950810716549361564904361419750191880212340460956582605319510986383487601576344321993005720578617293678090535236221,431676415592777150271599286417297975405358274680782452180709875095940106170230478291302659755493191743800788172160996502860289308646839045267618114,299687860830335254212633334060143965351865421695837230482479068124035686926697499531549385894095229231343385387655035797963005665211675389403856895,7,-2,0,0,0
485,1726705662371108601086397145669191901621433098723129808722839500383760424680921913165210639021972766975203152688643986011441157234587356181070472450,863352831185554300543198572834595950810716549361564904361419750191880212340460956582605319510986383487601576344321993005720578617293678090535236229,599375721660670508425266668120287930703730843391674460964958136248071373853394999063098771788190458462686770775310071595926011330423350778807713791,8,1,0,0,0
486,3453411324742217202172794291338383803242866197446259617445679000767520849361843826330421278043945533950406305377287972022882314469174712362140944908,1726705662371108601086397145669191901621433098723129808722839500383760424680921913165210639021972766975203152688643986011441157234587356181070472458,1198751443321341016850533336240575861407461686783348921929916272496142747706789998126197543576380916925373541550620143191852022660846701557615427583,8,0,0,0,0
487,6906822649484434404345588582676767606485732394892519234891358001535041698723687652660842556087891067900812610754575944045764628938349424724281889824,3453411324742217202172794291338383803242866197446259617445679000767520849361843826330421278043945533950406305377287972022882314469174712362140944916,2397502886642682033701066672481151722814923373566697843859832544992285495413579996252395087152761833850747083101240286383704045321693403115230855167,8,0,0,0,0
488,13813645298968868808691177165353535212971464789785038469782716003070083397447375305321685112175782135801625221509151888091529257876698849448563779656,6906822649484434404345588582676767606485732394892519234891358001535041698723687652660842556087891067900812610754575944045764628938349424724281889832,4795005773285364067402133344962303445629846747133395687719665089984570990827159992504790174305523667701494166202480572767408090643386806230461710335,8,0,0,0,0
489,27627290597937737617382354330707070425942929579570076939565432006140166794894750610643370224351564271603250443018303776183058515753397698897127559320,13813645298968868808691177165353535212971464789785038469782716003070083397447375305321685112175782135801625221509151888091529257876698849448563779664,9590011546570728134804266689924606891259693494266791375439330179969141981654319985009580348611047335402988332404961145534816181286773612460923420671,8,0,0,0,0
490,55254581195875475234764708661414140851885859159140153879130864012280333589789501221286740448703128543206500886036607552366117031506795397794255118647,27627290597937737617382354330707070425942929579570076939565432006140166794894750610643370224351564271603250443018303776183058515753397698897127559327,19180023093141456269608533379849213782519386988533582750878660359938283963308639970019160697222094670805976664809922291069632362573547224921846841343,7,-1,0,0,0
491,110509162391750950469529417322828281703771718318280307758261728024560667179579002442573480897406257086413001772073215104732234063013590795588510237302,55254581195875475234764708661414140851885859159140153879130864012280333589789501221286740448703128543206500886036607552366117031506795397794255118655,38360046186282912539217066759698427565038773977067165501757320719876567926617279940038321394444189341611953329619844582139264725147094449843693682687,8,1,0,0,0
492,221018324783501900939058834645656563407543436636560615516523456049121334359158004885146961794812514172826003544146430209464468126027181591177020474612,110509162391750950469529417322828281703771718318280307758261728024560667179579002442573480897406257086413001772073215104732234063013590795588510237310,76720092372565825078434133519396855130077547954134331003514641439753135853234559880076642788888378683223906659239689164278529450294188899687387365375,8,0,0,0,0
493,442036649567003801878117669291313126815086873273121231033046912098242668718316009770293923589625028345652007088292860418928936252054363182354040949233,221018324783501900939058834645656563407543436636560615516523456049121334359158004885146961794812514172826003544146430209464468126027181591177020474621,153440184745131650156868267038793710260155095908268662007029282879506271706469119760153285577776757366447813318479378328557058900588377799374774730751,9,1,0,0,0
494,884073299134007603756235338582626253630173746546242462066093824196485337436632019540587847179250056691304014176585720837857872504108726364708081898474,442036649567003801878117669291313126815086873273121231033046912098242668718316009770293923589625028345652007088292860418928936252054363182354040949241,306880369490263300313736534077587420520310191816537324014058565759012543412938239520306571155553514732895626636958756657114117801176755598749549461503,8,-1,0,0,0
495,1768146598268015207512470677165252507260347493092484924132187648392970674873264039081175694358500113382608028353171441675715745008217452729416163796955,884073299134007603756235338582626253630173746546242462066093824196485337436632019540587847179250056691304014176585720837857872504108726364708081898481,613760738980526600627473068155174841040620383633074648028117131518025086825876479040613142311107029465791253273917513314228235602353511197499098923007,7,-1,0,0,0
496,3536293196536030415024941354330505014520694986184969848264375296785941349746528078162351388717000226765216056706342883351431490016434905458832327593918,1768146598268015207512470677165252507260347493092484924132187648392970674873264039081175694358500113382608028353171441675715745008217452729416163796963,1227521477961053201254946136310349682081240767266149296056234263036050173651752958081226284622214058931582506547835026628456471204707022394998197846015,8,1,0,0,0
497,7072586393072060830049882708661010029041389972369939696528750593571882699493056156324702777434000453530432113412685766702862980032869810917664655187844,3536293196536030415024941354330505014520694986184969848264375296785941349746528078162351388717000226765216056706342883351431490016434905458832327593926,2455042955922106402509892272620699364162481534532298592112468526072100347303505916162452569244428117863165013095670053256912942409414044789996395692031,8,0,0,0,0
498,14145172786144121660099765417322020058082779944739879393057501187143765398986112312649405554868000907060864226825371533405725960065739621835329310375696,7072586393072060830049882708661010029041389972369939696528750593571882699493056156324702777434000453530432113412685766702862980032869810917664655187852,4910085911844212805019784545241398728324963069064597184224937052144200694607011832324905138488856235726330026191340106513825884818828089579992791384063,8,0,0,0,0
499,28290345572288243320199530834644040116165559889479758786115002374287530797972224625298811109736001814121728453650743066811451920131479243670658620751400,14145172786144121660099765417322020058082779944739879393057501187143765398986112312649405554868000907060864226825371533405725960065739621835329310375704,9820171823688425610039569090482797456649926138129194368449874104288401389214023664649810276977712471452660052382680213027651769637656179159985582768127,8,0,0,0,0
500,56580691144576486640399061669288080232331119778959517572230004748575061595944449250597622219472003628243456907301486133622903840262958487341317241502808,28290345572288243320199530834644040116165559889479758786115002374287530797972224625298811109736001814121728453650743066811451920131479243670658620751408,19640343647376851220079138180965594913299852276258388736899748208576802778428047329299620553955424942905320104765360426055303539275312358319971165536255,8,0,0,0,0
501,113161382289152973280798123338576160464662239557919035144460009497150123191888898501195244438944007256486913814602972267245807680525916974682634483005624,56580691144576486640399061669288080232331119778959517572230004748575061595944449250597622219472003628243456907301486133622903840262958487341317241502816,39280687294753702440158276361931189826599704552516777473799496417153605556856094658599241107910849885810640209530720852110607078550624716639942331072511,8,0,0,0,0
502,226322764578305946561596246677152320929324479115838070288920018994300246383777797002390488877888014512973827629205944534491615361051833949365268966011256,113161382289152973280798123338576160464662239557919035144460009497150123191888898501195244438944007256486913814602972267245807680525916974682634483005632,78561374589507404880316552723862379653199409105033554947598992834307211113712189317198482215821699771621280419061441704221214157101249433279884662145023,8,0,0,0,0
503,452645529156611893123192493354304641858648958231676140577840037988600492767555594004780977755776029025947655258411889068983230722103667898730537932022520,226322764578305946561596246677152320929324479115838070288920018994300246383777797002390488877888014512973827629205944534491615361051833949365268966011264,157122749179014809760633105447724759306398818210067109895197985668614422227424378634396964431643399543242560838122883408442428314202498866559769324290047,8,0,0,0,0
504,905291058313223786246384986708609283717297916463352281155680075977200985535111188009561955511552058051895310516823778137966461444207335797461075864045047,452645529156611893123192493354304641858648958231676140577840037988600492767555594004780977755776029025947655258411889068983230722103667898730537932022527,314245498358029619521266210895449518612797636420134219790395971337228844454848757268793928863286799086485121676245766816884856628404997733119538648580095,7,-1,0,0,0
505,1810582116626447572492769973417218567434595832926704562311360151954401971070222376019123911023104116103790621033647556275932922888414671594922151728090102,905291058313223786246384986708609283717297916463352281155680075977200985535111188009561955511552058051895310516823778137966461444207335797461075864045055,628490996716059239042532421790899037225595272840268439580791942674457688909697514537587857726573598172970243352491533633769713256809995466239077297160191,8,1,0,0,0
506,3621164233252895144985539946834437134869191665853409124622720303908803942140444752038247822046208232207581242067295112551865845776829343189844303456180212,1810582116626447572492769973417218567434595832926704562311360151954401971070222376019123911023104116103790621033647556275932922888414671594922151728090110,1256981993432118478085064843581798074451190545680536879161583885348915377819395029075175715453147196345940486704983067267539426513619990932478154594320383,8,0,0,0,0
507,7242328466505790289971079893668874269738383331706818249245440607817607884280889504076495644092416464415162484134590225103731691553658686379688606912360433,3621164233252895144985539946834437134869191665853409124622720303908803942140444752038247822046208232207581242067295112551865845776829343189844303456180221,2513963986864236956170129687163596148902381091361073758323167770697830755638790058150351430906294392691880973409966134535078853027239981864956309188640767,9,1,0,0,0
508,14484656933011580579942159787337748539476766663413636498490881215635215768561779008152991288184832928830324968269180450207463383107317372759377213824720873,7242328466505790289971079893668874269738383331706818249245440607817607884280889504076495644092416464415162484134590225103731691553658686379688606912360440,5027927973728473912340259374327192297804762182722147516646335541395661511277580116300702861812588785383761946819932269070157706054479963729912618377281535,7,-2,0,0,0
509,28969313866023161159884319574675497078953533326827272996981762431270431537123558016305982576369665857660649936538360900414926766214634745518754427649441754,14484656933011580579942159787337748539476766663413636498490881215635215768561779008152991288184832928830324968269180450207463383107317372759377213824720881,10055855947456947824680518748654384595609524365444295033292671082791323022555160232601405723625177570767523893639864538140315412108959927459825236754563071,8,1,0,0,0
510,57938627732046322319768639149350994157907066653654545993963524862540863074247116032611965152739331715321299873076721800829853532429269491037508855298883516,28969313866023161159884319574675497078953533326827272996981762431270431537123558016305982576369665857660649936538360900414926766214634745518754427649441762,20111711894913895649361037497308769191219048730888590066585342165582646045110320465202811447250355141535047787279729076280630824217919854919650473509126143,8,0,0,0,0
511,115877255464092644639537278298701988315814133307309091987927049725081726148494232065223930305478663430642599746153443601659707064858538982075017710597767041,57938627732046322319768639149350994157907066653654545993963524862540863074247116032611965152739331715321299873076721800829853532429269491037508855298883525,40223423789827791298722074994617538382438097461777180133170684331165292090220640930405622894500710283070095574559458152561261648435839709839300947018252287,9,1,0,0,0
512,231754510928185289279074556597403976631628266614618183975854099450163452296988464130447860610957326861285199492306887203319414129717077964150035421195534090,115877255464092644639537278298701988315814133307309091987927049725081726148494232065223930305478663430642599746153443601659707064858538982075017710597767049,80446847579655582597444149989235076764876194923554360266341368662330584180441281860811245789001420566140191149118916305122523296871679419678601894036504575,8,-1,0,0,0
513,463509021856370578558149113194807953263256533229236367951708198900326904593976928260895721221914653722570398984613774406638828259434155928300070842391068188,231754510928185289279074556597403976631628266614618183975854099450163452296988464130447860610957326861285199492306887203319414129717077964150035421195534098,160893695159311165194888299978470153529752389847108720532682737324661168360882563721622491578002841132280382298237832610245046593743358839357203788073009151,8,0,0,0,0
514,927018043712741157116298226389615906526513066458472735903416397800653809187953856521791442443829307445140797969227548813277656518868311856600141684782136383,463509021856370578558149113194807953263256533229236367951708198900326904593976928260895721221914653722570398984613774406638828259434155928300070842391068195,321787390318622330389776599956940307059504779694217441065365474649322336721765127443244983156005682264560764596475665220490093187486717678714407576146018303,7,-1,0,0,0
515,1854036087425482314232596452779231813053026132916945471806832795601307618375907713043582884887658614890281595938455097626555313037736623713200283369564272775,927018043712741157116298226389615906526513066458472735903416397800653809187953856521791442443829307445140797969227548813277656518868311856600141684782136392,643574780637244660779553199913880614119009559388434882130730949298644673443530254886489966312011364529121529192951330440980186374973435357428815152292036607,9,2,0,0,0
516,3708072174850964628465192905558463626106052265833890943613665591202615236751815426087165769775317229780563191876910195253110626075473247426400566739128545558,1854036087425482314232596452779231813053026132916945471806832795601307618375907713043582884887658614890281595938455097626555313037736623713200283369564272783,1287149561274489321559106399827761228238019118776869764261461898597289346887060509772979932624022729058243058385902660881960372749946870714857630304584073215,8,-1,0,0,0
517,7416144349701929256930385811116927252212104531667781887227331182405230473503630852174331539550634459561126383753820390506221252150946494852801133478257091123,3708072174850964628465192905558463626106052265833890943613665591202615236751815426087165769775317229780563191876910195253110626075473247426400566739128545565,2574299122548978643118212799655522456476038237553739528522923797194578693774121019545959865248045458116486116771805321763920745499893741429715260609168146431,7,-1,0,0,0
518,14832288699403858513860771622233854504424209063335563774454662364810460947007261704348663079101268919122252767507640781012442504301892989705602266956514182255,7416144349701929256930385811116927252212104531667781887227331182405230473503630852174331539550634459561126383753820390506221252150946494852801133478257091132,5148598245097957286236425599311044912952076475107479057045847594389157387548242039091919730496090916232972233543610643527841490999787482859430521218336292863,9,2,0,0,0
519,29664577398807717027721543244467709008848418126671127548909324729620921894014523408697326158202537838244505535015281562024885008603785979411204533913028364517,14832288699403858513860771622233854504424209063335563774454662364810460947007261704348663079101268919122252767507640781012442504301892989705602266956514182262,10297196490195914572472851198622089825904152950214958114091695188778314775096484078183839460992181832465944467087221287055682981999574965718861042436672585727,7,-2,0,0,0
520,59329154797615434055443086488935418017696836253342255097818649459241843788029046817394652316405075676489011070030563124049770017207571958822409067826056729043,29664577398807717027721543244467709008848418126671127548909324729620921894014523408697326158202537838244505535015281562024885008603785979411204533913028364526,20594392980391829144945702397244179651808305900429916228183390377556629550192968156367678921984363664931888934174442574111365963999149931437722084873345171455,9,2,0,0,0
521,118658309595230868110886172977870836035393672506684510195637298918483687576058093634789304632810151352978022140061126248099540034415143917644818135652113458093,59329154797615434055443086488935418017696836253342255097818649459241843788029046817394652316405075676489011070030563124049770017207571958822409067826056729050,41188785960783658289891404794488359303616611800859832456366780755113259100385936312735357843968727329863777868348885148222731927998299862875444169746690342911,7,-2,0,0,0
522,237316619190461736221772345955741672070787345013369020391274597836967375152116187269578609265620302705956044280122252496199080068830287835289636271304226916194,118658309595230868110886172977870836035393672506684510195637298918483687576058093634789304632810151352978022140061126248099540034415143917644818135652113458101,82377571921567316579782809588976718607233223601719664912733561510226518200771872625470715687937454659727555736697770296445463855996599725750888339493380685823,8,1,0,0,0
523,474633238380923472443544691911483344141574690026738040782549195673934750304232374539157218531240605411912088560244504992398160137660575670579272542608453832396,237316619190461736221772345955741672070787345013369020391274597836967375152116187269578609265620302705956044280122252496199080068830287835289636271304226916202,164755143843134633159565619177953437214466447203439329825467123020453036401543745250941431375874909319455111473395540592890927711993199451501776678986761371647,8,0,0,0,0
524,949266476761846944887089383822966688283149380053476081565098391347869500608464749078314437062481210823824177120489009984796320275321151341158545085216907664800,474633238380923472443544691911483344141574690026738040782549195673934750304232374539157218531240605411912088560244504992398160137660575670579272542608453832404,329510287686269266319131238355906874428932894406878659650934246040906072803087490501882862751749818638910222946791081185781855423986398903003553357973522743295,8,0,0,0,0
525,1898532953523693889774178767645933376566298760106952163130196782695739001216929498156628874124962421647648354240978019969592640550642302682317090170433815329608,949266476761846944887089383822966688283149380053476081565098391347869500608464749078314437062481210823824177120489009984796320275321151341158545085216907664808,659020575372538532638262476711813748857865788813757319301868492081812145606174981003765725503499637277820445893582162371563710847972797806007106715947045486591,8,0,0,0,0
526,3797065907047387779548357535291866753132597520213904326260393565391478002433858996313257748249924843295296708481956039939185281101284605364634180340867630659224,1898532953523693889774178767645933376566298760106952163130196782695739001216929498156628874124962421647648354240978019969592640550642302682317090170433815329616,1318041150745077065276524953423627497715731577627514638603736984163624291212349962007531451006999274555640891787164324743127421695945595612014213431894090973183,8,0,0,0,0
527,7594131814094775559096715070583733506265195040427808652520787130782956004867717992626515496499849686590593416963912079878370562202569210729268360681735261318455,3797065907047387779548357535291866753132597520213904326260393565391478002433858996313257748249924843295296708481956039939185281101284605364634180340867630659231,2636082301490154130553049906847254995431463155255029277207473968327248582424699924015062902013998549111281783574328649486254843391891191224028426863788181946367,7,-1,0,0,0
528,15188263628189551118193430141167467012530390080855617305041574261565912009735435985253030992999699373181186833927824159756741124405138421458536721363470522636918,7594131814094775559096715070583733506265195040427808652520787130782956004867717992626515496499849686590593416963912079878370562202569210729268360681735261318463,5272164602980308261106099813694509990862926310510058554414947936654497164849399848030125804027997098222563567148657298972509686783782382448056853727576363892735,8,1,0,0,0
529,30376527256379102236386860282334934025060780161711234610083148523131824019470871970506061985999398746362373667855648319513482248810276842917073442726941045273844,15188263628189551118193430141167467012530390080855617305041574261565912009735435985253030992999699373181186833927824159756741124405138421458536721363470522636926,10544329205960616522212199627389019981725852621020117108829895873308994329698799696060251608055994196445127134297314597945019373567564764896113707455152727785471,8,0,0,0,0
530,60753054512758204472773720564669868050121560323422469220166297046263648038941743941012123971998797492724747335711296639026964497620553685834146885453882090547697,30376527256379102236386860282334934025060780161711234610083148523131824019470871970506061985999398746362373667855648319513482248810276842917073442726941045273853,21088658411921233044424399254778039963451705242040234217659791746617988659397599392120503216111988392890254268594629195890038747135129529792227414910305455570943,9,1,0,0,0
531,121506109025516408945547441129339736100243120646844938440332594092527296077883487882024247943997594985449494671422593278053928995241107371668293770907764181095401,60753054512758204472773720564669868050121560323422469220166297046263648038941743941012123971998797492724747335711296639026964497620553685834146885453882090547704,42177316823842466088848798509556079926903410484080468435319583493235977318795198784241006432223976785780508537189258391780077494270259059584454829820610911141887,7,-2,0,0,0
532,243012218051032817891094882258679472200486241293689876880665188185054592155766975764048495887995189970898989342845186556107857990482214743336587541815528362190810,121506109025516408945547441129339736100243120646844938440332594092527296077883487882024247943997594985449494671422593278053928995241107371668293770907764181095409,84354633647684932177697597019112159853806820968160936870639166986471954637590397568482012864447953571561017074378516783560154988540518119168909659641221822283775,8,1,0,0,0
533,486024436102065635782189764517358944400972482587379753761330376370109184311533951528096991775990379941797978685690373112215715980964429486673175083631056724381628,243012218051032817891094882258679472200486241293689876880665188185054592155766975764048495887995189970898989342845186556107857990482214743336587541815528362190818,168709267295369864355395194038224319707613641936321873741278333972943909275180795136964025728895907143122034148757033567120309977081036238337819319282443644567551,8,0,0,0,0
534,972048872204131271564379529034717888801944965174759507522660752740218368623067903056193983551980759883595957371380746224431431961928858973346350167262113448763265,486024436102065635782189764517358944400972482587379753761330376370109184311533951528096991775990379941797978685690373112215715980964429486673175083631056724381637,337418534590739728710790388076448639415227283872643747482556667945887818550361590273928051457791814286244068297514067134240619954162072476675638638564887289135103,9,1,0,0,0
535,1944097744408262543128759058069435777603889930349519015045321505480436737246135806112387967103961519767191914742761492448862863923857717946692700334524226897526537,972048872204131271564379529034717888801944965174759507522660752740218368623067903056193983551980759883595957371380746224431431961928858973346350167262113448763272,674837069181479457421580776152897278830454567745287494965113335891775637100723180547856102915583628572488136595028134268481239908324144953351277277129774578270207,7,-2,0,0,0
536,3888195488816525086257518116138871555207779860699038030090643010960873474492271612224775934207923039534383829485522984897725727847715435893385400669048453795053082,1944097744408262543128759058069435777603889930349519015045321505480436737246135806112387967103961519767191914742761492448862863923857717946692700334524226897526545,1349674138362958914843161552305794557660909135490574989930226671783551274201446361095712205831167257144976273190056268536962479816648289906702554554259549156540415,8,1,0,0,0
537,7776390977633050172515036232277743110415559721398076060181286021921746948984543224449551868415846079068767658971045969795451455695430871786770801338096907590106172,3888195488816525086257518116138871555207779860699038030090643010960873474492271612224775934207923039534383829485522984897725727847715435893385400669048453795053090,2699348276725917829686323104611589115321818270981149979860453343567102548402892722191424411662334514289952546380112537073924959633296579813405109108519098313080831,8,0,0,0,0
538,15552781955266100345030072464555486220831119442796152120362572043843493897969086448899103736831692158137535317942091939590902911390861743573541602676193815180212352,7776390977633050172515036232277743110415559721398076060181286021921746948984543224449551868415846079068767658971045969795451455695430871786770801338096907590106180,5398696553451835659372646209223178230643636541962299959720906687134205096805785444382848823324669028579905092760225074147849919266593159626810218217038196626161663,8,0,0,0,0
539,31105563910532200690060144929110972441662238885592304240725144087686987795938172897798207473663384316275070635884183879181805822781723487147083205352387630360424712,15552781955266100345030072464555486220831119442796152120362572043843493897969086448899103736831692158137535317942091939590902911390861743573541602676193815180212360,10797393106903671318745292418446356461287273083924599919441813374268410193611570888765697646649338057159810185520450148295699838533186319253620436434076393252323327,8,0,0,0,0
540,62211127821064401380120289858221944883324477771184608481450288175373975591876345795596414947326768632550141271768367758363611645563446974294166410704775260720849431,31105563910532200690060144929110972441662238885592304240725144087686987795938172897798207473663384316275070635884183879181805822781723487147083205352387630360424719,21594786213807342637490584836892712922574546167849199838883626748536820387223141777531395293298676114319620371040900296591399677066372638507240872868152786504646655,7,-1,0,0,0
541,124422255642128802760240579716443889766648955542369216962900576350747951183752691591192829894653537265100282543536735516727223291126893948588332821409550521441698870,62211127821064401380120289858221944883324477771184608481450288175373975591876345795596414947326768632550141271768367758363611645563446974294166410704775260720849439,43189572427614685274981169673785425845149092335698399677767253497073640774446283555062790586597352228639240742081800593182799354132745277014481745736305573009293311,8,1,0,0,0
542,248844511284257605520481159432887779533297911084738433925801152701495902367505383182385659789307074530200565087073471033454446582253787897176665642819101042883397748,124422255642128802760240579716443889766648955542369216962900576350747951183752691591192829894653537265100282543536735516727223291126893948588332821409550521441698878,86379144855229370549962339347570851690298184671396799355534506994147281548892567110125581173194704457278481484163601186365598708265490554028963491472611146018586623,8,0,0,0,0
543,497689022568515211040962318865775559066595822169476867851602305402991804735010766364771319578614149060401130174146942066908893164507575794353331285638202085766795505,248844511284257605520481159432887779533297911084738433925801152701495902367505383182385659789307074530200565087073471033454446582253787897176665642819101042883397757,172758289710458741099924678695141703380596369342793598711069013988294563097785134220251162346389408914556962968327202372731197416530981108057926982945222292037173247,9,1,0,0,0
544,995378045137030422081924637731551118133191644338953735703204610805983609470021532729542639157228298120802260348293884133817786329015151588706662571276404171533591018,497689022568515211040962318865775559066595822169476867851602305402991804735010766364771319578614149060401130174146942066908893164507575794353331285638202085766795513,345516579420917482199849357390283406761192738685587197422138027976589126195570268440502324692778817829113925936654404745462394833061962216115853965890444584074346495,8,-1,0,0,0
545,1990756090274060844163849275463102236266383288677907471406409221611967218940043065459085278314456596241604520696587768267635572658030303177413325142552808343067182043,995378045137030422081924637731551118133191644338953735703204610805983609470021532729542639157228298120802260348293884133817786329015151588706662571276404171533591025,691033158841834964399698714780566813522385477371174394844276055953178252391140536881004649385557635658227851873308809490924789666123924432231707931780889168148692991,7,-1,0,0,0
546,3981512180548121688327698550926204472532766577355814942812818443223934437880086130918170556628913192483209041393175536535271145316060606354826650285105616686134364095,1990756090274060844163849275463102236266383288677907471406409221611967218940043065459085278314456596241604520696587768267635572658030303177413325142552808343067182052,1382066317683669928799397429561133627044770954742348789688552111906356504782281073762009298771115271316455703746617618981849579332247848864463415863561778336297385983,9,2,0,0,0
547,7963024361096243376655397101852408945065533154711629885625636886447868875760172261836341113257826384966418082786351073070542290632121212709653300570211233372268728198,3981512180548121688327698550926204472532766577355814942812818443223934437880086130918170556628913192483209041393175536535271145316060606354826650285105616686134364103,2764132635367339857598794859122267254089541909484697579377104223812713009564562147524018597542230542632911407493235237963699158664495697728926831727123556672594771967,8,-1,0,0,0
548,15926048722192486753310794203704817890131066309423259771251273772895737751520344523672682226515652769932836165572702146141084581264242425419306601140422466744537456403,7963024361096243376655397101852408945065533154711629885625636886447868875760172261836341113257826384966418082786351073070542290632121212709653300570211233372268728205,5528265270734679715197589718244534508179083818969395158754208447625426019129124295048037195084461085265822814986470475927398317328991395457853663454247113345189543935,7,-1,0,0,0
549,31852097444384973506621588407409635780262132618846519542502547545791475503040689047345364453031305539865672331145404292282169162528484850838613202280844933489074912815,15926048722192486753310794203704817890131066309423259771251273772895737751520344523672682226515652769932836165572702146141084581264242425419306601140422466744537456412,11056530541469359430395179436489069016358167637938790317508416895250852038258248590096074390168922170531645629972940951854796634657982790915707326908494226690379087871,9,2,0,0,0
550,63704194888769947013243176814819271560524265237693039085005095091582951006081378094690728906062611079731344662290808584564338325056969701677226404561689866978149825637,31852097444384973506621588407409635780262132618846519542502547545791475503040689047345364453031305539865672331145404292282169162528484850838613202280844933489074912822,22113061082938718860790358872978138032716335275877580635016833790501704076516497180192148780337844341063291259945881903709593269315965581831414653816988453380758175743,7,-2,0,0,0
551,127408389777539894026486353629638543121048530475386078170010190183165902012162756189381457812125222159462689324581617169128676650113939403354452809123379733956299651283,63704194888769947013243176814819271560524265237693039085005095091582951006081378094690728906062611079731344662290808584564338325056969701677226404561689866978149825646,44226122165877437721580717745956276065432670551755161270033667581003408153032994360384297560675688682126582519891763807419186538631931163662829307633976906761516351487,9,2,0,0,0
552,254816779555079788052972707259277086242097060950772156340020380366331804024325512378762915624250444318925378649163234338257353300227878806708905618246759467912599302573,127408389777539894026486353629638543121048530475386078170010190183165902012162756189381457812125222159462689324581617169128676650113939403354452809123379733956299651290,88452244331754875443161435491912552130865341103510322540067335162006816306065988720768595121351377364253165039783527614838373077263862327325658615267953813523032702975,7,-2,0,0,0
553,509633559110159576105945414518554172484194121901544312680040760732663608048651024757525831248500888637850757298326468676514706600455757613417811236493518935825198605155,254816779555079788052972707259277086242097060950772156340020380366331804024325512378762915624250444318925378649163234338257353300227878806708905618246759467912599302582,176904488663509750886322870983825104261730682207020645080134670324013632612131977441537190242702754728506330079567055229676746154527724654651317230535907627046065405951,9,2,0,0,0
554,1019267118220319152211890829037108344968388243803088625360081521465327216097302049515051662497001777275701514596652937353029413200911515226835622472987037871650397210317,509633559110159576105945414518554172484194121901544312680040760732663608048651024757525831248500888637850757298326468676514706600455757613417811236493518935825198605162,353808977327019501772645741967650208523461364414041290160269340648027265224263954883074380485405509457012660159134110459353492309055449309302634461071815254092130811903,7,-2,0,0,0
555,2038534236440638304423781658074216689936776487606177250720163042930654432194604099030103324994003554551403029193305874706058826401823030453671244945974075743300794420643,1019267118220319152211890829037108344968388243803088625360081521465327216097302049515051662497001777275701514596652937353029413200911515226835622472987037871650397210326,707617954654039003545291483935300417046922728828082580320538681296054530448527909766148760970811018914025320318268220918706984618110898618605268922143630508184261623807,9,2,0,0,0
556,4077068472881276608847563316148433379873552975212354501440326085861308864389208198060206649988007109102806058386611749412117652803646060907342489891948151486601588841294,2038534236440638304423781658074216689936776487606177250720163042930654432194604099030103324994003554551403029193305874706058826401823030453671244945974075743300794420651,1415235909308078007090582967870600834093845457656165160641077362592109060897055819532297521941622037828050640636536441837413969236221797237210537844287261016368523247615,8,-1,0,0,0
557,8154136945762553217695126632296866759747105950424709002880652171722617728778416396120413299976014218205612116773223498824235305607292121814684979783896302973203177682595,4077068472881276608847563316148433379873552975212354501440326085861308864389208198060206649988007109102806058386611749412117652803646060907342489891948151486601588841301,2830471818616156014181165935741201668187690915312330321282154725184218121794111639064595043883244075656101281273072883674827938472443594474421075688574522032737046495231,7,-1,0,0,0
558,16308273891525106435390253264593733519494211900849418005761304343445235457556832792240826599952028436411224233546446997648470611214584243629369959567792605946406355365199,8154136945762553217695126632296866759747105950424709002880652171722617728778416396120413299976014218205612116773223498824235305607292121814684979783896302973203177682604,5660943637232312028362331871482403336375381830624660642564309450368436243588223278129190087766488151312202562546145767349655876944887188948842151377149044065474092990463,9,2,0,0,0
559,32616547783050212870780506529187467038988423801698836011522608686890470915113665584481653199904056872822448467092893995296941222429168487258739919135585211892812710730405,16308273891525106435390253264593733519494211900849418005761304343445235457556832792240826599952028436411224233546446997648470611214584243629369959567792605946406355365206,11321887274464624056724663742964806672750763661249321285128618900736872487176446556258380175532976302624405125092291534699311753889774377897684302754298088130948185980927,7,-2,0,0,0
560,65233095566100425741561013058374934077976847603397672023045217373780941830227331168963306399808113745644896934185787990593882444858336974517479838271170423785625421460818,32616547783050212870780506529187467038988423801698836011522608686890470915113665584481653199904056872822448467092893995296941222429168487258739919135585211892812710730413,22643774548929248113449327485929613345501527322498642570257237801473744974352893112516760351065952605248810250184583069398623507779548755795368605508596176261896371961855,8,1,0,0,0
561,130466191132200851483122026116749868155953695206795344046090434747561883660454662337926612799616227491289793868371575981187764889716673949034959676542340847571250842921645,65233095566100425741561013058374934077976847603397672023045217373780941830227331168963306399808113745644896934185787990593882444858336974517479838271170423785625421460827,45287549097858496226898654971859226691003054644997285140514475602947489948705786225033520702131905210497620500369166138797247015559097511590737211017192352523792743923711,9,1,0,0,0
562,260932382264401702966244052233499736311907390413590688092180869495123767320909324675853225599232454982579587736743151962375529779433347898069919353084681695142501685843297,130466191132200851483122026116749868155953695206795344046090434747561883660454662337926612799616227491289793868371575981187764889716673949034959676542340847571250842921652,90575098195716992453797309943718453382006109289994570281028951205894979897411572450067041404263810420995241000738332277594494031118195023181474422034384705047585487847423,7,-2,0,0,0
563,521864764528803405932488104466999472623814780827181376184361738990247534641818649351706451198464909965159175473486303924751059558866695796139838706169363390285003371686602,260932382264401702966244052233499736311907390413590688092180869495123767320909324675853225599232454982579587736743151962375529779433347898069919353084681695142501685843305,181150196391433984907594619887436906764012218579989140562057902411789959794823144900134082808527620841990482001476664555188988062236390046362948844068769410095170975694847,8,1,0,0,0
564,1043729529057606811864976208933998945247629561654362752368723477980495069283637298703412902396929819930318350946972607849502119117733391592279677412338726780570006743373213,521864764528803405932488104466999472623814780827181376184361738990247534641818649351706451198464909965159175473486303924751059558866695796139838706169363390285003371686611,362300392782867969815189239774873813528024437159978281124115804823579919589646289800268165617055241683980964002953329110377976124472780092725897688137538820190341951389695,9,1,0,0,0
565,2087459058115213623729952417867997890495259123308725504737446955960990138567274597406825804793859639860636701893945215699004238235466783184559354824677453561140013486746433,1043729529057606811864976208933998945247629561654362752368723477980495069283637298703412902396929819930318350946972607849502119117733391592279677412338726780570006743373220,724600785565735939630378479549747627056048874319956562248231609647159839179292579600536331234110483367961928005906658220755952248945560185451795376275077640380683902779391,7,-2,0,0,0
566,4174918116230427247459904835735995780990518246617451009474893911921980277134549194813651609587719279721273403787890431398008476470933566369118709649354907122280026973492874,2087459058115213623729952417867997890495259123308725504737446955960990138567274597406825804793859639860636701893945215699004238235466783184559354824677453561140013486746441,1449201571131471879260756959099495254112097748639913124496463219294319678358585159201072662468220966735923856011813316441511904497891120370903590752550155280761367805558783,8,1,0,0,0
567,8349836232460854494919809671471991561981036493234902018949787823843960554269098389627303219175438559442546807575780862796016952941867132738237419298709814244560053946985757,4174918116230427247459904835735995780990518246617451009474893911921980277134549194813651609587719279721273403787890431398008476470933566369118709649354907122280026973492883,2898403142262943758521513918198990508224195497279826248992926438588639356717170318402145324936441933471847712023626632883023808995782240741807181505100310561522735611117567,9,1,0,0,0
568,16699672464921708989839619342943983123962072986469804037899575647687921108538196779254606438350877118885093615151561725592033905883734265476474838597419628489120107893971521,8349836232460854494919809671471991561981036493234902018949787823843960554269098389627303219175438559442546807575780862796016952941867132738237419298709814244560053946985764,5796806284525887517043027836397981016448390994559652497985852877177278713434340636804290649872883866943695424047253265766047617991564481483614363010200621123045471222235135,7,-2,0,0,0
569,33399344929843417979679238685887966247924145972939608075799151295375842217076393558509212876701754237770187230303123451184067811767468530952949677194839256978240215787943051,16699672464921708989839619342943983123962072986469804037899575647687921108538196779254606438350877118885093615151561725592033905883734265476474838597419628489120107893971530,11593612569051775034086055672795962032896781989119304995971705754354557426868681273608581299745767733887390848094506531532095235983128962967228726020401242246090942444470271,9,2,0,0,0
570,66798689859686835959358477371775932495848291945879216151598302590751684434152787117018425753403508475540374460606246902368135623534937061905899354389678513956480431575886109,33399344929843417979679238685887966247924145972939608075799151295375842217076393558509212876701754237770187230303123451184067811767468530952949677194839256978240215787943058,23187225138103550068172111345591924065793563978238609991943411508709114853737362547217162599491535467774781696189013063064190471966257925934457452040802484492181884888940543,7,-2,0,0,0
571,133597379719373671918716954743551864991696583891758432303196605181503368868305574234036851506807016951080748921212493804736271247069874123811798708779357027912960863151772226,66798689859686835959358477371775932495848291945879216151598302590751684434152787117018425753403508475540374460606246902368135623534937061905899354389678513956480431575886117,46374450276207100136344222691183848131587127956477219983886823017418229707474725094434325198983070935549563392378026126128380943932515851868914904081604968984363769777881087,8,1,0,0,0
572,267194759438747343837433909487103729983393167783516864606393210363006737736611148468073703013614033902161497842424987609472542494139748247623597417558714055825921726303544460,133597379719373671918716954743551864991696583891758432303196605181503368868305574234036851506807016951080748921212493804736271247069874123811798708779357027912960863151772234,92748900552414200272688445382367696263174255912954439967773646034836459414949450188868650397966141871099126784756052252256761887865031703737829808163209937968727539555762175,8,0,0,0,0
573,534389518877494687674867818974207459966786335567033729212786420726013475473222296936147406027228067804322995684849975218945084988279496495247194835117428111651843452607088928,267194759438747343837433909487103729983393167783516864606393210363006737736611148468073703013614033902161497842424987609472542494139748247623597417558714055825921726303544468,185497801104828400545376890764735392526348511825908879935547292069672918829898900377737300795932283742198253569512104504513523775730063407475659616326419875937455079111524351,8,0,0,0,0
574,1068779037754989375349735637948414919933572671134067458425572841452026950946444593872294812054456135608645991369699950437890169976558992990494389670234856223303686905214177864,534389518877494687674867818974207459966786335567033729212786420726013475473222296936147406027228067804322995684849975218945084988279496495247194835117428111651843452607088936,370995602209656801090753781529470785052697023651817759871094584139345837659797800755474601591864567484396507139024209009027047551460126814951319232652839751874910158223048703,8,0,0,0,0
575,2137558075509978750699471275896829839867145342268134916851145682904053901892889187744589624108912271217291982739399900875780339953117985980988779340469712446607373810428355736,1068779037754989375349735637948414919933572671134067458425572841452026950946444593872294812054456135608645991369699950437890169976558992990494389670234856223303686905214177872,741991204419313602181507563058941570105394047303635519742189168278691675319595601510949203183729134968793014278048418018054095102920253629902638465305679503749820316446097407,8,0,0,0,0
576,4275116151019957501398942551793659679734290684536269833702291365808107803785778375489179248217824542434583965478799801751560679906235971961977558680939424893214747620856711480,2137558075509978750699471275896829839867145342268134916851145682904053901892889187744589624108912271217291982739399900875780339953117985980988779340469712446607373810428355744,1483982408838627204363015126117883140210788094607271039484378336557383350639191203021898406367458269937586028556096836036108190205840507259805276930611359007499640632892194815,8,0,0,0,0
577,8550232302039915002797885103587319359468581369072539667404582731616215607571556750978358496435649084869167930957599603503121359812471943923955117361878849786429495241713422967,4275116151019957501398942551793659679734290684536269833702291365808107803785778375489179248217824542434583965478799801751560679906235971961977558680939424893214747620856711487,2967964817677254408726030252235766280421576189214542078968756673114766701278382406043796812734916539875172057112193672072216380411681014519610553861222718014999281265784389631,7,-1,0,0,0
578,17100464604079830005595770207174638718937162738145079334809165463232431215143113501956716992871298169738335861915199207006242719624943887847910234723757699572858990483426845943,8550232302039915002797885103587319359468581369072539667404582731616215607571556750978358496435649084869167930957599603503121359812471943923955117361878849786429495241713422976,5935929635354508817452060504471532560843152378429084157937513346229533402556764812087593625469833079750344114224387344144432760823362029039221107722445436029998562531568779263,9,2,0,0,0
579,34200929208159660011191540414349277437874325476290158669618330926464862430286227003913433985742596339476671723830398414012485439249887775695820469447515399145717980966853691894,17100464604079830005595770207174638718937162738145079334809165463232431215143113501956716992871298169738335861915199207006242719624943887847910234723757699572858990483426845951,11871859270709017634904121008943065121686304756858168315875026692459066805113529624175187250939666159500688228448774688288865521646724058078442215444890872059997125063137558527,8,-1,0,0,0
580,68401858416319320022383080828698554875748650952580317339236661852929724860572454007826867971485192678953343447660796828024970878499775551391640938895030798291435961933707383795,34200929208159660011191540414349277437874325476290158669618330926464862430286227003913433985742596339476671723830398414012485439249887775695820469447515399145717980966853691901,23743718541418035269808242017886130243372609513716336631750053384918133610227059248350374501879332319001376456897549376577731043293448116156884430889781744119994250126275117055,7,-1,0,0,0
581,136803716832638640044766161657397109751497301905160634678473323705859449721144908015653735942970385357906686895321593656049941756999551102783281877790061596582871923867414767599,68401858416319320022383080828698554875748650952580317339236661852929724860572454007826867971485192678953343447660796828024970878499775551391640938895030798291435961933707383804,47487437082836070539616484035772260486745219027432673263500106769836267220454118496700749003758664638002752913795098753155462086586896232313768861779563488239988500252550234111,9,2,0,0,0
582,273607433665277280089532323314794219502994603810321269356946647411718899442289816031307471885940770715813373790643187312099883513999102205566563755580123193165743847734829535206,136803716832638640044766161657397109751497301905160634678473323705859449721144908015653735942970385357906686895321593656049941756999551102783281877790061596582871923867414767607,94974874165672141079232968071544520973490438054865346527000213539672534440908236993401498007517329276005505827590197506310924173173792464627537723559126976479977000505100468223,8,-1,0,0,0
583,547214867330554560179064646629588439005989207620642538713893294823437798884579632062614943771881541431626747581286374624199767027998204411133127511160246386331487695469659070419,273607433665277280089532323314794219502994603810321269356946647411718899442289816031307471885940770715813373790643187312099883513999102205566563755580123193165743847734829535213,189949748331344282158465936143089041946980876109730693054000427079345068881816473986802996015034658552011011655180395012621848346347584929255075447118253952959954001010200936447,7,-1,0,0,0
584,1094429734661109120358129293259176878011978415241285077427786589646875597769159264125229887543763082863253495162572749248399534055996408822266255022320492772662975390939318140846,547214867330554560179064646629588439005989207620642538713893294823437798884579632062614943771881541431626747581286374624199767027998204411133127511160246386331487695469659070427,379899496662688564316931872286178083893961752219461386108000854158690137763632947973605992030069317104022023310360790025243696692695169858510150894236507905919908002020401872895,8,1,0,0,0
585,2188859469322218240716258586518353756023956830482570154855573179293751195538318528250459775087526165726506990325145498496799068111992817644532510044640985545325950781878636281701,1094429734661109120358129293259176878011978415241285077427786589646875597769159264125229887543763082863253495162572749248399534055996408822266255022320492772662975390939318140855,759798993325377128633863744572356167787923504438922772216001708317380275527265895947211984060138634208044046620721580050487393385390339717020301788473015811839816004040803745791,9,1,0,0,0
586,4377718938644436481432517173036707512047913660965140309711146358587502391076637056500919550175052331453013980650290996993598136223985635289065020089281971090651901563757272563410,2188859469322218240716258586518353756023956830482570154855573179293751195538318528250459775087526165726506990325145498496799068111992817644532510044640985545325950781878636281709,1519597986650754257267727489144712335575847008877845544432003416634760551054531791894423968120277268416088093241443160100974786770780679434040603576946031623679632008081607491583,8,-1,0,0,0
587,8755437877288872962865034346073415024095827321930280619422292717175004782153274113001839100350104662906027961300581993987196272447971270578130040178563942181303803127514545126828,4377718938644436481432517173036707512047913660965140309711146358587502391076637056500919550175052331453013980650290996993598136223985635289065020089281971090651901563757272563418,3039195973301508514535454978289424671151694017755691088864006833269521102109063583788847936240554536832176186482886320201949573541561358868081207153892063247359264016163214983167,8,0,0,0,0
588,17510875754577745925730068692146830048191654643860561238844585434350009564306548226003678200700209325812055922601163987974392544895942541156260080357127884362607606255029090253663,8755437877288872962865034346073415024095827321930280619422292717175004782153274113001839100350104662906027961300581993987196272447971270578130040178563942181303803127514545126835,6078391946603017029070909956578849342303388035511382177728013666539042204218127167577695872481109073664352372965772640403899147083122717736162414307784126494718528032326429966335,7,-1,0,0,0
589,35021751509155491851460137384293660096383309287721122477689170868700019128613096452007356401400418651624111845202327975948785089791885082312520160714255768725215212510058180507335,17510875754577745925730068692146830048191654643860561238844585434350009564306548226003678200700209325812055922601163987974392544895942541156260080357127884362607606255029090253672,12156783893206034058141819913157698684606776071022764355456027333078084408436254335155391744962218147328704745931545280807798294166245435472324828615568252989437056064652859932671,9,2,0,0,0
590,70043503018310983702920274768587320192766618575442244955378341737400038257226192904014712802800837303248223690404655951897570179583770164625040321428511537450430425020116361014678,35021751509155491851460137384293660096383309287721122477689170868700019128613096452007356401400418651624111845202327975948785089791885082312520160714255768725215212510058180507343,24313567786412068116283639826315397369213552142045528710912054666156168816872508670310783489924436294657409491863090561615596588332490870944649657231136505978874112129305719865343,8,-1,0,0,0
591,140087006036621967405840549537174640385533237150884489910756683474800076514452385808029425605601674606496447380809311903795140359167540329250080642857023074900860850040232722029363,70043503018310983702920274768587320192766618575442244955378341737400038257226192904014712802800837303248223690404655951897570179583770164625040321428511537450430425020116361014685,48627135572824136232567279652630794738427104284091057421824109332312337633745017340621566979848872589314818983726181123231193176664981741889299314462273011957748224258611439730687,7,-1,0,0,0
592,280174012073243934811681099074349280771066474301768979821513366949600153028904771616058851211203349212992894761618623807590280718335080658500161285714046149801721700080465444058734,140087006036621967405840549537174640385533237150884489910756683474800076514452385808029425605601674606496447380809311903795140359167540329250080642857023074900860850040232722029371,97254271145648272465134559305261589476854208568182114843648218664624675267490034681243133959697745178629637967452362246462386353329963483778598628924546023915496448517222879461375,8,1,0,0,0
593,560348024146487869623362198148698561542132948603537959643026733899200306057809543232117702422406698425985789523237247615180561436670161317000322571428092299603443400160930888117476,280174012073243934811681099074349280771066474301768979821513366949600153028904771616058851211203349212992894761618623807590280718335080658500161285714046149801721700080465444058742,194508542291296544930269118610523178953708417136364229687296437329249350534980069362486267919395490357259275934904724492924772706659926967557197257849092047830992897034445758922751,8,0,0,0,0
594,1120696048292975739246724396297397123084265897207075919286053467798400612115619086464235404844813396851971579046474495230361122873340322634000645142856184599206886800321861776234960,560348024146487869623362198148698561542132948603537959643026733899200306057809543232117702422406698425985789523237247615180561436670161317000322571428092299603443400160930888117484,389017084582593089860538237221046357907416834272728459374592874658498701069960138724972535838790980714518551869809448985849545413319853935114394515698184095661985794068891517845503,8,0,0,0,0
595,2241392096585951478493448792594794246168531794414151838572106935596801224231238172928470809689626793703943158092948990460722245746680645268001290285712369198413773600643723552469928,1120696048292975739246724396297397123084265897207075919286053467798400612115619086464235404844813396851971579046474495230361122873340322634000645142856184599206886800321861776234968,778034169165186179721076474442092715814833668545456918749185749316997402139920277449945071677581961429037103739618897971699090826639707870228789031396368191323971588137783035691007,8,0,0,0,0
596,4482784193171902956986897585189588492337063588828303677144213871193602448462476345856941619379253587407886316185897980921444491493361290536002580571424738396827547201287447104939864,2241392096585951478493448792594794246168531794414151838572106935596801224231238172928470809689626793703943158092948990460722245746680645268001290285712369198413773600643723552469936,1556068338330372359442152948884185431629667337090913837498371498633994804279840554899890143355163922858074207479237795943398181653279415740457578062792736382647943176275566071382015,8,0,0,0,0
597,8965568386343805913973795170379176984674127177656607354288427742387204896924952691713883238758507174815772632371795961842888982986722581072005161142849476793655094402574894209879736,4482784193171902956986897585189588492337063588828303677144213871193602448462476345856941619379253587407886316185897980921444491493361290536002580571424738396827547201287447104939872,3112136676660744718884305897768370863259334674181827674996742997267989608559681109799780286710327845716148414958475591886796363306558831480915156125585472765295886352551132142764031,8,0,0,0,0
598,17931136772687611827947590340758353969348254355313214708576855484774409793849905383427766477517014349631545264743591923685777965973445162144010322285698953587310188805149788419759480,8965568386343805913973795170379176984674127177656607354288427742387204896924952691713883238758507174815772632371795961842888982986722581072005161142849476793655094402574894209879744,6224273353321489437768611795536741726518669348363655349993485994535979217119362219599560573420655691432296829916951183773592726613117662961830312251170945530591772705102264285528063,8,0,0,0,0
599,35862273545375223655895180681516707938696508710626429417153710969548819587699810766855532955034028699263090529487183847371555931946890324288020644571397907174620377610299576839518968,17931136772687611827947590340758353969348254355313214708576855484774409793849905383427766477517014349631545264743591923685777965973445162144010322285698953587310188805149788419759488,12448546706642978875537223591073483453037338696727310699986971989071958434238724439199121146841311382864593659833902367547185453226235325923660624502341891061183545410204528571056127,8,0,0,0,0
600,71724547090750447311790361363033415877393017421252858834307421939097639175399621533711065910068057398526181058974367694743111863893780648576041289142795814349240755220599153679037944,35862273545375223655895180681516707938696508710626429417153710969548819587699810766855532955034028699263090529487183847371555931946890324288020644571397907174620377610299576839518976,24897093413285957751074447182146966906074677393454621399973943978143916868477448878398242293682622765729187319667804735094370906452470651847321249004683782122367090820409057142112255,8,0,0,0,0
601,143449094181500894623580722726066831754786034842505717668614843878195278350799243067422131820136114797052362117948735389486223727787561297152082578285591628698481510441198307358075896,71724547090750447311790361363033415877393017421252858834307421939097639175399621533711065910068057398526181058974367694743111863893780648576041289142795814349240755220599153679037952,49794186826571915502148894364293933812149354786909242799947887956287833736954897756796484587365245531458374639335609470188741812904941303694642498009367564244734181640818114284224511,8,0,0,0,0
602,286898188363001789247161445452133663509572069685011435337229687756390556701598486134844263640272229594104724235897470778972447455575122594304165156571183257396963020882396614716151800,143449094181500894623580722726066831754786034842505717668614843878195278350799243067422131820136114797052362117948735389486223727787561297152082578285591628698481510441198307358075904,99588373653143831004297788728587867624298709573818485599895775912575667473909795513592969174730491062916749278671218940377483625809882607389284996018735128489468363281636228568449023,8,0,0,0,0
603,573796376726003578494322890904267327019144139370022870674459375512781113403196972269688527280544459188209448471794941557944894911150245188608330313142366514793926041764793229432303608,286898188363001789247161445452133663509572069685011435337229687756390556701598486134844263640272229594104724235897470778972447455575122594304165156571183257396963020882396614716151808,199176747306287662008595577457175735248597419147636971199791551825151334947819591027185938349460982125833498557342437880754967251619765214778569992037470256978936726563272457136898047,8,0,0,0,0
604,1147592753452007156988645781808534654038288278740045741348918751025562226806393944539377054561088918376418896943589883115889789822300490377216660626284733029587852083529586458864607223,573796376726003578494322890904267327019144139370022870674459375512781113403196972269688527280544459188209448471794941557944894911150245188608330313142366514793926041764793229432303615,398353494612575324017191154914351470497194838295273942399583103650302669895639182054371876698921964251666997114684875761509934503239530429557139984074940513957873453126544914273796095,7,-1,0,0,0
605,2295185506904014313977291563617069308076576557480091482697837502051124453612787889078754109122177836752837793887179766231779579644600980754433321252569466059175704167059172917729214454,1147592753452007156988645781808534654038288278740045741348918751025562226806393944539377054561088918376418896943589883115889789822300490377216660626284733029587852083529586458864607231,796706989225150648034382309828702940994389676590547884799166207300605339791278364108743753397843928503333994229369751523019869006479060859114279968149881027915746906253089828547592191,8,1,0,0,0
606,4590371013808028627954583127234138616153153114960182965395675004102248907225575778157508218244355673505675587774359532463559159289201961508866642505138932118351408334118345835458428917,2295185506904014313977291563617069308076576557480091482697837502051124453612787889078754109122177836752837793887179766231779579644600980754433321252569466059175704167059172917729214463,1593413978450301296068764619657405881988779353181095769598332414601210679582556728217487506795687857006667988458739503046039738012958121718228559936299762055831493812506179657095184383,9,1,0,0,0
607,9180742027616057255909166254468277232306306229920365930791350008204497814451151556315016436488711347011351175548719064927118318578403923017733285010277864236702816668236691670916857841,4590371013808028627954583127234138616153153114960182965395675004102248907225575778157508218244355673505675587774359532463559159289201961508866642505138932118351408334118345835458428924,3186827956900602592137529239314811763977558706362191539196664829202421359165113456434975013591375714013335976917479006092079476025916243436457119872599524111662987625012359314190368767,7,-2,0,0,0
608,18361484055232114511818332508936554464612612459840731861582700016408995628902303112630032872977422694022702351097438129854236637156807846035466570020555728473405633336473383341833715690,9180742027616057255909166254468277232306306229920365930791350008204497814451151556315016436488711347011351175548719064927118318578403923017733285010277864236702816668236691670916857849,6373655913801205184275058478629623527955117412724383078393329658404842718330226912869950027182751428026671953834958012184158952051832486872914239745199048223325975250024718628380737535,8,1,0,0,0
609,36722968110464229023636665017873108929225224919681463723165400032817991257804606225260065745954845388045404702194876259708473274313615692070933140041111456946811266672946766683667431388,18361484055232114511818332508936554464612612459840731861582700016408995628902303112630032872977422694022702351097438129854236637156807846035466570020555728473405633336473383341833715698,12747311827602410368550116957259247055910234825448766156786659316809685436660453825739900054365502856053343907669916024368317904103664973745828479490398096446651950500049437256761475071,8,0,0,0,0
610,73445936220928458047273330035746217858450449839362927446330800065635982515609212450520131491909690776090809404389752519416946548627231384141866280082222913893622533345893533367334862785,36722968110464229023636665017873108929225224919681463723165400032817991257804606225260065745954845388045404702194876259708473274313615692070933140041111456946811266672946766683667431397,25494623655204820737100233914518494111820469650897532313573318633619370873320907651479800108731005712106687815339832048736635808207329947491656958980796192893303901000098874513522950143,9,1,0,0,0
611,146891872441856916094546660071492435716900899678725854892661600131271965031218424901040262983819381552181618808779505038833893097254462768283732560164445827787245066691787066734669725578,73445936220928458047273330035746217858450449839362927446330800065635982515609212450520131491909690776090809404389752519416946548627231384141866280082222913893622533345893533367334862793,50989247310409641474200467829036988223640939301795064627146637267238741746641815302959600217462011424213375630679664097473271616414659894983313917961592385786607802000197749027045900287,8,-1,0,0,0
612,293783744883713832189093320142984871433801799357451709785323200262543930062436849802080525967638763104363237617559010077667786194508925536567465120328891655574490133383574133469339451163,146891872441856916094546660071492435716900899678725854892661600131271965031218424901040262983819381552181618808779505038833893097254462768283732560164445827787245066691787066734669725585,101978494620819282948400935658073976447281878603590129254293274534477483493283630605919200434924022848426751261359328194946543232829319789966627835923184771573215604000395498054091800575,7,-1,0,0,0
613,587567489767427664378186640285969742867603598714903419570646400525087860124873699604161051935277526208726475235118020155335572389017851073134930240657783311148980266767148266938678902335,293783744883713832189093320142984871433801799357451709785323200262543930062436849802080525967638763104363237617559010077667786194508925536567465120328891655574490133383574133469339451172,203956989241638565896801871316147952894563757207180258508586549068954966986567261211838400869848045696853502522718656389893086465658639579933255671846369543146431208000790996108183601151,9,2,0,0,0
614,1175134979534855328756373280571939485735207197429806839141292801050175720249747399208322103870555052417452950470236040310671144778035702146269860481315566622297960533534296533877357804677,587567489767427664378186640285969742867603598714903419570646400525087860124873699604161051935277526208726475235118020155335572389017851073134930240657783311148980266767148266938678902342,407913978483277131793603742632295905789127514414360517017173098137909933973134522423676801739696091393707005045437312779786172931317279159866511343692739086292862416001581992216367202303,7,-2,0,0,0
615,2350269959069710657512746561143878971470414394859613678282585602100351440499494798416644207741110104834905900940472080621342289556071404292539720962631133244595921067068593067754715609362,1175134979534855328756373280571939485735207197429806839141292801050175720249747399208322103870555052417452950470236040310671144778035702146269860481315566622297960533534296533877357804685,815827956966554263587207485264591811578255028828721034034346196275819867946269044847353603479392182787414010090874625559572345862634558319733022687385478172585724832003163984432734404607,8,1,0,0,0
616,4700539918139421315025493122287757942940828789719227356565171204200702880998989596833288415482220209669811801880944161242684579112142808585079441925262266489191842134137186135509431218733,2350269959069710657512746561143878971470414394859613678282585602100351440499494798416644207741110104834905900940472080621342289556071404292539720962631133244595921067068593067754715609371,1631655913933108527174414970529183623156510057657442068068692392551639735892538089694707206958784365574828020181749251119144691725269116639466045374770956345171449664006327968865468809215,9,1,0,0,0
617,9401079836278842630050986244575515885881657579438454713130342408401405761997979193666576830964440419339623603761888322485369158224285617170158883850524532978383684268274372271018862437473,4700539918139421315025493122287757942940828789719227356565171204200702880998989596833288415482220209669811801880944161242684579112142808585079441925262266489191842134137186135509431218740,3263311827866217054348829941058367246313020115314884136137384785103279471785076179389414413917568731149656040363498502238289383450538233278932090749541912690342899328012655937730937618431,7,-2,0,0,0
618,18802159672557685260101972489151031771763315158876909426260684816802811523995958387333153661928880838679247207523776644970738316448571234340317767701049065956767368536548744542037724874955,9401079836278842630050986244575515885881657579438454713130342408401405761997979193666576830964440419339623603761888322485369158224285617170158883850524532978383684268274372271018862437482,6526623655732434108697659882116734492626040230629768272274769570206558943570152358778828827835137462299312080726997004476578766901076466557864181499083825380685798656025311875461875236863,9,2,0,0,0
619,37604319345115370520203944978302063543526630317753818852521369633605623047991916774666307323857761677358494415047553289941476632897142468680635535402098131913534737073097489084075449749918,18802159672557685260101972489151031771763315158876909426260684816802811523995958387333153661928880838679247207523776644970738316448571234340317767701049065956767368536548744542037724874963,13053247311464868217395319764233468985252080461259536544549539140413117887140304717557657655670274924598624161453994008953157533802152933115728362998167650761371597312050623750923750473727,8,-1,0,0,0
620,75208638690230741040407889956604127087053260635507637705042739267211246095983833549332614647715523354716988830095106579882953265794284937361271070804196263827069474146194978168150899499844,37604319345115370520203944978302063543526630317753818852521369633605623047991916774666307323857761677358494415047553289941476632897142468680635535402098131913534737073097489084075449749926,26106494622929736434790639528466937970504160922519073089099078280826235774280609435115315311340549849197248322907988017906315067604305866231456725996335301522743194624101247501847500947455,8,0,0,0,0
621,150417277380461482080815779913208254174106521271015275410085478534422492191967667098665229295431046709433977660190213159765906531588569874722542141608392527654138948292389956336301798999695,75208638690230741040407889956604127087053260635507637705042739267211246095983833549332614647715523354716988830095106579882953265794284937361271070804196263827069474146194978168150899499851,52212989245859472869581279056933875941008321845038146178198156561652471548561218870230630622681099698394496645815976035812630135208611732462913451992670603045486389248202495003695001894911,7,-1,0,0,0
622,300834554760922964161631559826416508348213042542030550820170957068844984383935334197330458590862093418867955320380426319531813063177139749445084283216785055308277896584779912672603597999398,150417277380461482080815779913208254174106521271015275410085478534422492191967667098665229295431046709433977660190213159765906531588569874722542141608392527654138948292389956336301798999703,104425978491718945739162558113867751882016643690076292356396313123304943097122437740461261245362199396788993291631952071625260270417223464925826903985341206090972778496404990007390003789823,8,1,0,0,0
623,601669109521845928323263119652833016696426085084061101640341914137689968767870668394660917181724186837735910640760852639063626126354279498890168566433570110616555793169559825345207195998804,300834554760922964161631559826416508348213042542030550820170957068844984383935334197330458590862093418867955320380426319531813063177139749445084283216785055308277896584779912672603597999406,208851956983437891478325116227735503764033287380152584712792626246609886194244875480922522490724398793577986583263904143250520540834446929851653807970682412181945556992809980014780007579647,8,0,0,0,0
624,1203338219043691856646526239305666033392852170168122203280683828275379937535741336789321834363448373675471821281521705278127252252708558997780337132867140221233111586339119650690414391997617,601669109521845928323263119652833016696426085084061101640341914137689968767870668394660917181724186837735910640760852639063626126354279498890168566433570110616555793169559825345207195998813,417703913966875782956650232455471007528066574760305169425585252493219772388489750961845044981448797587155973166527808286501041081668893859703307615941364824363891113985619960029560015159295,9,1,0,0,0
625,2406676438087383713293052478611332066785704340336244406561367656550759875071482673578643668726896747350943642563043410556254504505417117995560674265734280442466223172678239301380828783995241,1203338219043691856646526239305666033392852170168122203280683828275379937535741336789321834363448373675471821281521705278127252252708558997780337132867140221233111586339119650690414391997624,835407827933751565913300464910942015056133149520610338851170504986439544776979501923690089962897595174311946333055616573002082163337787719406615231882729648727782227971239920059120030318591,7,-2,0,0,0
626,4813352876174767426586104957222664133571408680672488813122735313101519750142965347157287337453793494701887285126086821112509009010834235991121348531468560884932446345356478602761657567990491,2406676438087383713293052478611332066785704340336244406561367656550759875071482673578643668726896747350943642563043410556254504505417117995560674265734280442466223172678239301380828783995250,1670815655867503131826600929821884030112266299041220677702341009972879089553959003847380179925795190348623892666111233146004164326675575438813230463765459297455564455942479840118240060637183,9,2,0,0,0
627,9626705752349534853172209914445328267142817361344977626245470626203039500285930694314574674907586989403774570252173642225018018021668471982242697062937121769864892690712957205523315135980989,4813352876174767426586104957222664133571408680672488813122735313101519750142965347157287337453793494701887285126086821112509009010834235991121348531468560884932446345356478602761657567990498,3341631311735006263653201859643768060224532598082441355404682019945758179107918007694760359851590380697247785332222466292008328653351150877626460927530918594911128911884959680236480121274367,7,-2,0,0,0
628,19253411504699069706344419828890656534285634722689955252490941252406079000571861388629149349815173978807549140504347284450036036043336943964485394125874243539729785381425914411046630271961986,9626705752349534853172209914445328267142817361344977626245470626203039500285930694314574674907586989403774570252173642225018018021668471982242697062937121769864892690712957205523315135980997,6683262623470012527306403719287536120449065196164882710809364039891516358215836015389520719703180761394495570664444932584016657306702301755252921855061837189822257823769919360472960242548735,8,1,0,0,0
629,38506823009398139412688839657781313068571269445379910504981882504812158001143722777258298699630347957615098281008694568900072072086673887928970788251748487079459570762851828822093260543923981,19253411504699069706344419828890656534285634722689955252490941252406079000571861388629149349815173978807549140504347284450036036043336943964485394125874243539729785381425914411046630271961995,13366525246940025054612807438575072240898130392329765421618728079783032716431672030779041439406361522788991141328889865168033314613404603510505843710123674379644515647539838720945920485097471,9,1,0,0,0
630,77013646018796278825377679315562626137142538890759821009963765009624316002287445554516597399260695915230196562017389137800144144173347775857941576503496974158919141525703657644186521087847969,38506823009398139412688839657781313068571269445379910504981882504812158001143722777258298699630347957615098281008694568900072072086673887928970788251748487079459570762851828822093260543923988,26733050493880050109225614877150144481796260784659530843237456159566065432863344061558082878812723045577982282657779730336066629226809207021011687420247348759289031295079677441891840970194943,7,-2,0,0,0
631,154027292037592557650755358631125252274285077781519642019927530019248632004574891109033194798521391830460393124034778275600288288346695551715883153006993948317838283051407315288373042175695946,77013646018796278825377679315562626137142538890759821009963765009624316002287445554516597399260695915230196562017389137800144144173347775857941576503496974158919141525703657644186521087847977,53466100987760100218451229754300288963592521569319061686474912319132130865726688123116165757625446091155964565315559460672133258453618414042023374840494697518578062590159354883783681940389887,8,1,0,0,0
632,308054584075185115301510717262250504548570155563039284039855060038497264009149782218066389597042783660920786248069556551200576576693391103431766306013987896635676566102814630576746084351391900,154027292037592557650755358631125252274285077781519642019927530019248632004574891109033194798521391830460393124034778275600288288346695551715883153006993948317838283051407315288373042175695954,106932201975520200436902459508600577927185043138638123372949824638264261731453376246232331515250892182311929130631118921344266516907236828084046749680989395037156125180318709767567363880779775,8,0,0,0,0
633,616109168150370230603021434524501009097140311126078568079710120076994528018299564436132779194085567321841572496139113102401153153386782206863532612027975793271353132205629261153492168702783809,308054584075185115301510717262250504548570155563039284039855060038497264009149782218066389597042783660920786248069556551200576576693391103431766306013987896635676566102814630576746084351391909,213864403951040400873804919017201155854370086277276246745899649276528523462906752492464663030501784364623858261262237842688533033814473656168093499361978790074312250360637419535134727761559551,9,1,0,0,0
634,1232218336300740461206042869049002018194280622252157136159420240153989056036599128872265558388171134643683144992278226204802306306773564413727065224055951586542706264411258522306984337405567625,616109168150370230603021434524501009097140311126078568079710120076994528018299564436132779194085567321841572496139113102401153153386782206863532612027975793271353132205629261153492168702783816,427728807902080801747609838034402311708740172554552493491799298553057046925813504984929326061003568729247716522524475685377066067628947312336186998723957580148624500721274839070269455523119103,7,-2,0,0,0
635,2464436672601480922412085738098004036388561244504314272318840480307978112073198257744531116776342269287366289984556452409604612613547128827454130448111903173085412528822517044613968674811135258,1232218336300740461206042869049002018194280622252157136159420240153989056036599128872265558388171134643683144992278226204802306306773564413727065224055951586542706264411258522306984337405567633,855457615804161603495219676068804623417480345109104986983598597106114093851627009969858652122007137458495433045048951370754132135257894624672373997447915160297249001442549678140538911046238207,8,1,0,0,0
636,4928873345202961844824171476196008072777122489008628544637680960615956224146396515489062233552684538574732579969112904819209225227094257654908260896223806346170825057645034089227937349622270524,2464436672601480922412085738098004036388561244504314272318840480307978112073198257744531116776342269287366289984556452409604612613547128827454130448111903173085412528822517044613968674811135266,1710915231608323206990439352137609246834960690218209973967197194212228187703254019939717304244014274916990866090097902741508264270515789249344747994895830320594498002885099356281077822092476415,8,0,0,0,0
637,9857746690405923689648342952392016145554244978017257089275361921231912448292793030978124467105369077149465159938225809638418450454188515309816521792447612692341650115290068178455874699244541057,4928873345202961844824171476196008072777122489008628544637680960615956224146396515489062233552684538574732579969112904819209225227094257654908260896223806346170825057645034089227937349622270533,3421830463216646413980878704275218493669921380436419947934394388424456375406508039879434608488028549833981732180195805483016528541031578498689495989791660641188996005770198712562155644184952831,9,1,0,0,0
638,19715493380811847379296685904784032291108489956034514178550723842463824896585586061956248934210738154298930319876451619276836900908377030619633043584895225384683300230580136356911749398489082121,9857746690405923689648342952392016145554244978017257089275361921231912448292793030978124467105369077149465159938225809638418450454188515309816521792447612692341650115290068178455874699244541064,6843660926433292827961757408550436987339842760872839895868788776848912750813016079758869216976057099667963464360391610966033057082063156997378991979583321282377992011540397425124311288369905663,7,-2,0,0,0
639,39430986761623694758593371809568064582216979912069028357101447684927649793171172123912497868421476308597860639752903238553673801816754061239266087169790450769366600461160272713823498796978164251,19715493380811847379296685904784032291108489956034514178550723842463824896585586061956248934210738154298930319876451619276836900908377030619633043584895225384683300230580136356911749398489082130,13687321852866585655923514817100873974679685521745679791737577553697825501626032159517738433952114199335926928720783221932066114164126313994757983959166642564755984023080794850248622576739811327,9,2,0,0,0
640,78861973523247389517186743619136129164433959824138056714202895369855299586342344247824995736842952617195721279505806477107347603633508122478532174339580901538733200922320545427646997593956328510,39430986761623694758593371809568064582216979912069028357101447684927649793171172123912497868421476308597860639752903238553673801816754061239266087169790450769366600461160272713823498796978164259,27374643705733171311847029634201747949359371043491359583475155107395651003252064319035476867904228398671853857441566443864132228328252627989515967918333285129511968046161589700497245153479622655,8,-1,0,0,0
641,157723947046494779034373487238272258328867919648276113428405790739710599172684688495649991473685905234391442559011612954214695207267016244957064348679161803077466401844641090855293995187912657027,78861973523247389517186743619136129164433959824138056714202895369855299586342344247824995736842952617195721279505806477107347603633508122478532174339580901538733200922320545427646997593956328517,54749287411466342623694059268403495898718742086982719166950310214791302006504128638070953735808456797343707714883132887728264456656505255979031935836666570259023936092323179400994490306959245311,7,-1,0,0,0
642,315447894092989558068746974476544516657735839296552226856811581479421198345369376991299982947371810468782885118023225908429390414534032489914128697358323606154932803689282181710587990375825314063,157723947046494779034373487238272258328867919648276113428405790739710599172684688495649991473685905234391442559011612954214695207267016244957064348679161803077466401844641090855293995187912657036,109498574822932685247388118536806991797437484173965438333900620429582604013008257276141907471616913594687415429766265775456528913313010511958063871673333140518047872184646358801988980613918490623,9,2,0,0,0
643,630895788185979116137493948953089033315471678593104453713623162958842396690738753982599965894743620937565770236046451816858780829068064979828257394716647212309865607378564363421175980751650628134,315447894092989558068746974476544516657735839296552226856811581479421198345369376991299982947371810468782885118023225908429390414534032489914128697358323606154932803689282181710587990375825314071,218997149645865370494776237073613983594874968347930876667801240859165208026016514552283814943233827189374830859532531550913057826626021023916127743346666281036095744369292717603977961227836981247,8,-1,0,0,0
644,1261791576371958232274987897906178066630943357186208907427246325917684793381477507965199931789487241875131540472092903633717561658136129959656514789433294424619731214757128726842351961503301256275,630895788185979116137493948953089033315471678593104453713623162958842396690738753982599965894743620937565770236046451816858780829068064979828257394716647212309865607378564363421175980751650628141,437994299291730740989552474147227967189749936695861753335602481718330416052033029104567629886467654378749661719065063101826115653252042047832255486693332562072191488738585435207955922455673962495,7,-1,0,0,0
645,2523583152743916464549975795812356133261886714372417814854492651835369586762955015930399863578974483750263080944185807267435123316272259919313029578866588849239462429514257453684703923006602512559,1261791576371958232274987897906178066630943357186208907427246325917684793381477507965199931789487241875131540472092903633717561658136129959656514789433294424619731214757128726842351961503301256284,875988598583461481979104948294455934379499873391723506671204963436660832104066058209135259772935308757499323438130126203652231306504084095664510973386665124144382977477170870415911844911347924991,9,2,0,0,0
646,5047166305487832929099951591624712266523773428744835629708985303670739173525910031860799727157948967500526161888371614534870246632544519838626059157733177698478924859028514907369407846013205025126,2523583152743916464549975795812356133261886714372417814854492651835369586762955015930399863578974483750263080944185807267435123316272259919313029578866588849239462429514257453684703923006602512567,1751977197166922963958209896588911868758999746783447013342409926873321664208132116418270519545870617514998646876260252407304462613008168191329021946773330248288765954954341740831823689822695849983,8,-1,0,0,0
647,10094332610975665858199903183249424533047546857489671259417970607341478347051820063721599454315897935001052323776743229069740493265089039677252118315466355396957849718057029814738815692026410050259,5047166305487832929099951591624712266523773428744835629708985303670739173525910031860799727157948967500526161888371614534870246632544519838626059157733177698478924859028514907369407846013205025133,3503954394333845927916419793177823737517999493566894026684819853746643328416264232836541039091741235029997293752520504814608925226016336382658043893546660496577531909908683481663647379645391699967,7,-1,0,0,0
648,20188665221951331716399806366498849066095093714979342518835941214682956694103640127443198908631795870002104647553486458139480986530178079354504236630932710793915699436114059629477631384052820100526,10094332610975665858199903183249424533047546857489671259417970607341478347051820063721599454315897935001052323776743229069740493265089039677252118315466355396957849718057029814738815692026410050267,7007908788667691855832839586355647475035998987133788053369639707493286656832528465673082078183482470059994587505041009629217850452032672765316087787093320993155063819817366963327294759290783399935,8,1,0,0,0
649,40377330443902663432799612732997698132190187429958685037671882429365913388207280254886397817263591740004209295106972916278961973060356158709008473261865421587831398872228119258955262768105640201060,20188665221951331716399806366498849066095093714979342518835941214682956694103640127443198908631795870002104647553486458139480986530178079354504236630932710793915699436114059629477631384052820100534,14015817577335383711665679172711294950071997974267576106739279414986573313665056931346164156366964940119989175010082019258435700904065345530632175574186641986310127639634733926654589518581566799871,8,0,0,0,0
650,80754660887805326865599225465995396264380374859917370075343764858731826776414560509772795634527183480008418590213945832557923946120712317418016946523730843175662797744456238517910525536211280402129,40377330443902663432799612732997698132190187429958685037671882429365913388207280254886397817263591740004209295106972916278961973060356158709008473261865421587831398872228119258955262768105640201069,28031635154670767423331358345422589900143995948535152213478558829973146627330113862692328312733929880239978350020164038516871401808130691061264351148373283972620255279269467853309179037163133599743,9,1,0,0,0
651,161509321775610653731198450931990792528760749719834740150687529717463653552829121019545591269054366960016837180427891665115847892241424634836033893047461686351325595488912477035821051072422560804266,80754660887805326865599225465995396264380374859917370075343764858731826776414560509772795634527183480008418590213945832557923946120712317418016946523730843175662797744456238517910525536211280402137,56063270309341534846662716690845179800287991897070304426957117659946293254660227725384656625467859760479956700040328077033742803616261382122528702296746567945240510558538935706618358074326267199487,8,-1,0,0,0
652,323018643551221307462396901863981585057521499439669480301375059434927307105658242039091182538108733920033674360855783330231695784482849269672067786094923372702651190977824954071642102144845121608540,161509321775610653731198450931990792528760749719834740150687529717463653552829121019545591269054366960016837180427891665115847892241424634836033893047461686351325595488912477035821051072422560804274,112126540618683069693325433381690359600575983794140608853914235319892586509320455450769313250935719520959913400080656154067485607232522764245057404593493135890481021117077871413236716148652534398975,8,0,0,0,0
653,646037287102442614924793803727963170115042998879338960602750118869854614211316484078182365076217467840067348721711566660463391568965698539344135572189846745405302381955649908143284204289690243217087,323018643551221307462396901863981585057521499439669480301375059434927307105658242039091182538108733920033674360855783330231695784482849269672067786094923372702651190977824954071642102144845121608547,224253081237366139386650866763380719201151967588281217707828470639785173018640910901538626501871439041919826800161312308134971214465045528490114809186986271780962042234155742826473432297305068797951,7,-1,0,0,0
654,1292074574204885229849587607455926340230085997758677921205500237739709228422632968156364730152434935680134697443423133320926783137931397078688271144379693490810604763911299816286568408579380486434182,646037287102442614924793803727963170115042998879338960602750118869854614211316484078182365076217467840067348721711566660463391568965698539344135572189846745405302381955649908143284204289690243217095,448506162474732278773301733526761438402303935176562435415656941279570346037281821803077253003742878083839653600322624616269942428930091056980229618373972543561924084468311485652946864594610137595903,8,1,0,0,0
655,2584149148409770459699175214911852680460171995517355842411000475479418456845265936312729460304869871360269394886846266641853566275862794157376542288759386981621209527822599632573136817158760972868372,1292074574204885229849587607455926340230085997758677921205500237739709228422632968156364730152434935680134697443423133320926783137931397078688271144379693490810604763911299816286568408579380486434190,897012324949464557546603467053522876804607870353124870831313882559140692074563643606154506007485756167679307200645249232539884857860182113960459236747945087123848168936622971305893729189220275191807,8,0,0,0,0
656,5168298296819540919398350429823705360920343991034711684822000950958836913690531872625458920609739742720538789773692533283707132551725588314753084577518773963242419055645199265146273634317521945736752,2584149148409770459699175214911852680460171995517355842411000475479418456845265936312729460304869871360269394886846266641853566275862794157376542288759386981621209527822599632573136817158760972868380,1794024649898929115093206934107045753609215740706249741662627765118281384149127287212309012014971512335358614401290498465079769715720364227920918473495890174247696337873245942611787458378440550383615,8,0,0,0,0
657,10336596593639081838796700859647410721840687982069423369644001901917673827381063745250917841219479485441077579547385066567414265103451176629506169155037547926484838111290398530292547268635043891473513,5168298296819540919398350429823705360920343991034711684822000950958836913690531872625458920609739742720538789773692533283707132551725588314753084577518773963242419055645199265146273634317521945736761,3588049299797858230186413868214091507218431481412499483325255530236562768298254574424618024029943024670717228802580996930159539431440728455841836946991780348495392675746491885223574916756881100767231,9,1,0,0,0
658,20673193187278163677593401719294821443681375964138846739288003803835347654762127490501835682438958970882155159094770133134828530206902353259012338310075095852969676222580797060585094537270087782947033,10336596593639081838796700859647410721840687982069423369644001901917673827381063745250917841219479485441077579547385066567414265103451176629506169155037547926484838111290398530292547268635043891473520,7176098599595716460372827736428183014436862962824998966650511060473125536596509148849236048059886049341434457605161993860319078862881456911683673893983560696990785351492983770447149833513762201534463,7,-2,0,0,0
659,41346386374556327355186803438589642887362751928277693478576007607670695309524254981003671364877917941764310318189540266269657060413804706518024676620150191705939352445161594121170189074540175565894075,20673193187278163677593401719294821443681375964138846739288003803835347654762127490501835682438958970882155159094770133134828530206902353259012338310075095852969676222580797060585094537270087782947042,14352197199191432920745655472856366028873725925649997933301022120946251073193018297698472096119772098682868915210323987720638157725762913823367347787967121393981570702985967540894299667027524403068927,9,2,0,0,0
660,82692772749112654710373606877179285774725503856555386957152015215341390619048509962007342729755835883528620636379080532539314120827609413036049353240300383411878704890323188242340378149080351131788157,41346386374556327355186803438589642887362751928277693478576007607670695309524254981003671364877917941764310318189540266269657060413804706518024676620150191705939352445161594121170189074540175565894082,28704394398382865841491310945712732057747451851299995866602044241892502146386036595396944192239544197365737830420647975441276315451525827646734695575934242787963141405971935081788599334055048806137855,7,-2,0,0,0
661,165385545498225309420747213754358571549451007713110773914304030430682781238097019924014685459511671767057241272758161065078628241655218826072098706480600766823757409780646376484680756298160702263576322,82692772749112654710373606877179285774725503856555386957152015215341390619048509962007342729755835883528620636379080532539314120827609413036049353240300383411878704890323188242340378149080351131788165,57408788796765731682982621891425464115494903702599991733204088483785004292772073190793888384479088394731475660841295950882552630903051655293469391151868485575926282811943870163577198668110097612275711,8,1,0,0,0
662,330771090996450618841494427508717143098902015426221547828608060861365562476194039848029370919023343534114482545516322130157256483310437652144197412961201533647514819561292752969361512596321404527152652,165385545498225309420747213754358571549451007713110773914304030430682781238097019924014685459511671767057241272758161065078628241655218826072098706480600766823757409780646376484680756298160702263576330,114817577593531463365965243782850928230989807405199983466408176967570008585544146381587776768958176789462951321682591901765105261806103310586938782303736971151852565623887740327154397336220195224551423,8,0,0,0,0
663,661542181992901237682988855017434286197804030852443095657216121722731124952388079696058741838046687068228965091032644260314512966620875304288394825922403067295029639122585505938723025192642809054305312,330771090996450618841494427508717143098902015426221547828608060861365562476194039848029370919023343534114482545516322130157256483310437652144197412961201533647514819561292752969361512596321404527152660,229635155187062926731930487565701856461979614810399966932816353935140017171088292763175553537916353578925902643365183803530210523612206621173877564607473942303705131247775480654308794672440390449102847,8,0,0,0,0
664,1323084363985802475365977710034868572395608061704886191314432243445462249904776159392117483676093374136457930182065288520629025933241750608576789651844806134590059278245171011877446050385285618108610633,661542181992901237682988855017434286197804030852443095657216121722731124952388079696058741838046687068228965091032644260314512966620875304288394825922403067295029639122585505938723025192642809054305321,459270310374125853463860975131403712923959229620799933865632707870280034342176585526351107075832707157851805286730367607060421047224413242347755129214947884607410262495550961308617589344880780898205695,9,1,0,0,0
665,2646168727971604950731955420069737144791216123409772382628864486890924499809552318784234967352186748272915860364130577041258051866483501217153579303689612269180118556490342023754892100770571236217221273,1323084363985802475365977710034868572395608061704886191314432243445462249904776159392117483676093374136457930182065288520629025933241750608576789651844806134590059278245171011877446050385285618108610640,918540620748251706927721950262807425847918459241599867731265415740560068684353171052702214151665414315703610573460735214120842094448826484695510258429895769214820524991101922617235178689761561796411391,7,-2,0,0,0
666,5292337455943209901463910840139474289582432246819544765257728973781848999619104637568469934704373496545831720728261154082516103732967002434307158607379224538360237112980684047509784201541142472434442554,2646168727971604950731955420069737144791216123409772382628864486890924499809552318784234967352186748272915860364130577041258051866483501217153579303689612269180118556490342023754892100770571236217221281,1837081241496503413855443900525614851695836918483199735462530831481120137368706342105404428303330828631407221146921470428241684188897652969391020516859791538429641049982203845234470357379523123592822783,8,1,0,0,0
667,10584674911886419802927821680278948579164864493639089530515457947563697999238209275136939869408746993091663441456522308165032207465934004868614317214758449076720474225961368095019568403082284944868885116,5292337455943209901463910840139474289582432246819544765257728973781848999619104637568469934704373496545831720728261154082516103732967002434307158607379224538360237112980684047509784201541142472434442562,3674162482993006827710887801051229703391673836966399470925061662962240274737412684210808856606661657262814442293842940856483368377795305938782041033719583076859282099964407690468940714759046247185645567,8,0,0,0,0
668,21169349823772839605855643360557897158329728987278179061030915895127395998476418550273879738817493986183326882913044616330064414931868009737228634429516898153440948451922736190039136806164569889737770240,10584674911886419802927821680278948579164864493639089530515457947563697999238209275136939869408746993091663441456522308165032207465934004868614317214758449076720474225961368095019568403082284944868885124,7348324965986013655421775602102459406783347673932798941850123325924480549474825368421617713213323314525628884587685881712966736755590611877564082067439166153718564199928815380937881429518092494371291135,8,0,0,0,0
669,42338699647545679211711286721115794316659457974556358122061831790254791996952837100547759477634987972366653765826089232660128829863736019474457268859033796306881896903845472380078273612329139779475540488,21169349823772839605855643360557897158329728987278179061030915895127395998476418550273879738817493986183326882913044616330064414931868009737228634429516898153440948451922736190039136806164569889737770248,14696649931972027310843551204204918813566695347865597883700246651848961098949650736843235426426646629051257769175371763425933473511181223755128164134878332307437128399857630761875762859036184988742582271,8,0,0,0,0
670,84677399295091358423422573442231588633318915949112716244123663580509583993905674201095518955269975944733307531652178465320257659727472038948914537718067592613763793807690944760156547224658279558951080985,42338699647545679211711286721115794316659457974556358122061831790254791996952837100547759477634987972366653765826089232660128829863736019474457268859033796306881896903845472380078273612329139779475540497,29393299863944054621687102408409837627133390695731195767400493303697922197899301473686470852853293258102515538350743526851866947022362447510256328269756664614874256799715261523751525718072369977485164543,9,1,0,0,0
671,169354798590182716846845146884463177266637831898225432488247327161019167987811348402191037910539951889466615063304356930640515319454944077897829075436135185227527587615381889520313094449316559117902161977,84677399295091358423422573442231588633318915949112716244123663580509583993905674201095518955269975944733307531652178465320257659727472038948914537718067592613763793807690944760156547224658279558951080992,58786599727888109243374204816819675254266781391462391534800986607395844395798602947372941705706586516205031076701487053703733894044724895020512656539513329229748513599430523047503051436144739954970329087,7,-2,0,0,0
672,338709597180365433693690293768926354533275663796450864976494654322038335975622696804382075821079903778933230126608713861281030638909888155795658150872270370455055175230763779040626188898633118235804323963,169354798590182716846845146884463177266637831898225432488247327161019167987811348402191037910539951889466615063304356930640515319454944077897829075436135185227527587615381889520313094449316559117902161986,117573199455776218486748409633639350508533562782924783069601973214791688791597205894745883411413173032410062153402974107407467788089449790041025313079026658459497027198861046095006102872289479909940658175,9,2,0,0,0
673,677419194360730867387380587537852709066551327592901729952989308644076671951245393608764151642159807557866460253217427722562061277819776311591316301744540740910110350461527558081252377797266236471608647934,338709597180365433693690293768926354533275663796450864976494654322038335975622696804382075821079903778933230126608713861281030638909888155795658150872270370455055175230763779040626188898633118235804323971,235146398911552436973496819267278701017067125565849566139203946429583377583194411789491766822826346064820124306805948214814935576178899580082050626158053316918994054397722092190012205744578959819881316351,8,-1,0,0,0
674,1354838388721461734774761175075705418133102655185803459905978617288153343902490787217528303284319615115732920506434855445124122555639552623182632603489081481820220700923055116162504755594532472943217295876,677419194360730867387380587537852709066551327592901729952989308644076671951245393608764151642159807557866460253217427722562061277819776311591316301744540740910110350461527558081252377797266236471608647942,470292797823104873946993638534557402034134251131699132278407892859166755166388823578983533645652692129640248613611896429629871152357799160164101252316106633837988108795444184380024411489157919639762632703,8,0,0,0,0
675,2709676777442923469549522350151410836266205310371606919811957234576306687804981574435056606568639230231465841012869710890248245111279105246365265206978162963640441401846110232325009511189064945886434591759,1354838388721461734774761175075705418133102655185803459905978617288153343902490787217528303284319615115732920506434855445124122555639552623182632603489081481820220700923055116162504755594532472943217295883,940585595646209747893987277069114804068268502263398264556815785718333510332777647157967067291305384259280497227223792859259742304715598320328202504632213267675976217590888368760048822978315839279525265407,7,-1,0,0,0
676,5419353554885846939099044700302821672532410620743213839623914469152613375609963148870113213137278460462931682025739421780496490222558210492730530413956325927280882803692220464650019022378129891772869183527,2709676777442923469549522350151410836266205310371606919811957234576306687804981574435056606568639230231465841012869710890248245111279105246365265206978162963640441401846110232325009511189064945886434591768,1881171191292419495787974554138229608136537004526796529113631571436667020665555294315934134582610768518560994454447585718519484609431196640656405009264426535351952435181776737520097645956631678559050530815,9,2,0,0,0
677,10838707109771693878198089400605643345064821241486427679247828938305226751219926297740226426274556920925863364051478843560992980445116420985461060827912651854561765607384440929300038044756259783545738367062,5419353554885846939099044700302821672532410620743213839623914469152613375609963148870113213137278460462931682025739421780496490222558210492730530413956325927280882803692220464650019022378129891772869183535,3762342382584838991575949108276459216273074009053593058227263142873334041331110588631868269165221537037121988908895171437038969218862393281312810018528853070703904870363553475040195291913263357118101061631,8,-1,0,0,0
678,21677414219543387756396178801211286690129642482972855358495657876610453502439852595480452852549113841851726728102957687121985960890232841970922121655825303709123531214768881858600076089512519567091476734131,10838707109771693878198089400605643345064821241486427679247828938305226751219926297740226426274556920925863364051478843560992980445116420985461060827912651854561765607384440929300038044756259783545738367069,7524684765169677983151898216552918432546148018107186116454526285746668082662221177263736538330443074074243977817790342874077938437724786562625620037057706141407809740727106950080390583826526714236202123263,7,-1,0,0,0
679,43354828439086775512792357602422573380259284965945710716991315753220907004879705190960905705098227683703453456205915374243971921780465683941844243311650607418247062429537763717200152179025039134182953468270,21677414219543387756396178801211286690129642482972855358495657876610453502439852595480452852549113841851726728102957687121985960890232841970922121655825303709123531214768881858600076089512519567091476734139,15049369530339355966303796433105836865092296036214372232909052571493336165324442354527473076660886148148487955635580685748155876875449573125251240074115412282815619481454213900160781167653053428472404246527,8,1,0,0,0
680,86709656878173551025584715204845146760518569931891421433982631506441814009759410381921811410196455367406906912411830748487943843560931367883688486623301214836494124859075527434400304358050078268365906936549,43354828439086775512792357602422573380259284965945710716991315753220907004879705190960905705098227683703453456205915374243971921780465683941844243311650607418247062429537763717200152179025039134182953468279,30098739060678711932607592866211673730184592072428744465818105142986672330648884709054946153321772296296975911271161371496311753750899146250502480148230824565631238962908427800321562335306106856944808493055,9,1,0,0,0
681,173419313756347102051169430409690293521037139863782842867965263012883628019518820763843622820392910734813813824823661496975887687121862735767376973246602429672988249718151054868800608716100156536731813873106,86709656878173551025584715204845146760518569931891421433982631506441814009759410381921811410196455367406906912411830748487943843560931367883688486623301214836494124859075527434400304358050078268365906936557,60197478121357423865215185732423347460369184144857488931636210285973344661297769418109892306643544592593951822542322742992623507501798292501004960296461649131262477925816855600643124670612213713889616986111,8,-1,0,0,0
682,346838627512694204102338860819380587042074279727565685735930526025767256039037641527687245640785821469627627649647322993951775374243725471534753946493204859345976499436302109737601217432200313073463627746220,173419313756347102051169430409690293521037139863782842867965263012883628019518820763843622820392910734813813824823661496975887687121862735767376973246602429672988249718151054868800608716100156536731813873114,120394956242714847730430371464846694920738368289714977863272420571946689322595538836219784613287089185187903645084645485985247015003596585002009920592923298262524955851633711201286249341224427427779233972223,8,0,0,0,0
683,693677255025388408204677721638761174084148559455131371471861052051534512078075283055374491281571642939255255299294645987903550748487450943069507892986409718691952998872604219475202434864400626146927255492447,346838627512694204102338860819380587042074279727565685735930526025767256039037641527687245640785821469627627649647322993951775374243725471534753946493204859345976499436302109737601217432200313073463627746227,240789912485429695460860742929693389841476736579429955726544841143893378645191077672439569226574178370375807290169290971970494030007193170004019841185846596525049911703267422402572498682448854855558467944447,7,-1,0,0,0
684,1387354510050776816409355443277522348168297118910262742943722104103069024156150566110748982563143285878510510598589291975807101496974901886139015785972819437383905997745208438950404869728801252293854510984902,693677255025388408204677721638761174084148559455131371471861052051534512078075283055374491281571642939255255299294645987903550748487450943069507892986409718691952998872604219475202434864400626146927255492455,481579824970859390921721485859386779682953473158859911453089682287786757290382155344879138453148356740751614580338581943940988060014386340008039682371693193050099823406534844805144997364897709711116935888895,8,1,0,0,0
685,2774709020101553632818710886555044696336594237820525485887444208206138048312301132221497965126286571757021021197178583951614202993949803772278031571945638874767811995490416877900809739457602504587709021969812,1387354510050776816409355443277522348168297118910262742943722104103069024156150566110748982563143285878510510598589291975807101496974901886139015785972819437383905997745208438950404869728801252293854510984910,963159649941718781843442971718773559365906946317719822906179364575573514580764310689758276906296713481503229160677163887881976120028772680016079364743386386100199646813069689610289994729795419422233871777791,8,0,0,0,0
686,5549418040203107265637421773110089392673188475641050971774888416412276096624602264442995930252573143514042042394357167903228405987899607544556063143891277749535623990980833755801619478915205009175418043939632,2774709020101553632818710886555044696336594237820525485887444208206138048312301132221497965126286571757021021197178583951614202993949803772278031571945638874767811995490416877900809739457602504587709021969820,1926319299883437563686885943437547118731813892635439645812358729151147029161528621379516553812593426963006458321354327775763952240057545360032158729486772772200399293626139379220579989459590838844467743555583,8,0,0,0,0
687,11098836080406214531274843546220178785346376951282101943549776832824552193249204528885991860505146287028084084788714335806456811975799215089112126287782555499071247981961667511603238957830410018350836087879271,5549418040203107265637421773110089392673188475641050971774888416412276096624602264442995930252573143514042042394357167903228405987899607544556063143891277749535623990980833755801619478915205009175418043939639,3852638599766875127373771886875094237463627785270879291624717458302294058323057242759033107625186853926012916642708655551527904480115090720064317458973545544400798587252278758441159978919181677688935487111167,7,-1,0,0,0
688,22197672160812429062549687092440357570692753902564203887099553665649104386498409057771983721010292574056168169577428671612913623951598430178224252575565110998142495963923335023206477915660820036701672175758550,11098836080406214531274843546220178785346376951282101943549776832824552193249204528885991860505146287028084084788714335806456811975799215089112126287782555499071247981961667511603238957830410018350836087879279,7705277199533750254747543773750188474927255570541758583249434916604588116646114485518066215250373707852025833285417311103055808960230181440128634917947091088801597174504557516882319957838363355377870974222335,8,1,0,0,0
689,44395344321624858125099374184880715141385507805128407774199107331298208772996818115543967442020585148112336339154857343225827247903196860356448505151130221996284991927846670046412955831321640073403344351517109,22197672160812429062549687092440357570692753902564203887099553665649104386498409057771983721010292574056168169577428671612913623951598430178224252575565110998142495963923335023206477915660820036701672175758559,15410554399067500509495087547500376949854511141083517166498869833209176233292228971036132430500747415704051666570834622206111617920460362880257269835894182177603194349009115033764639915676726710755741948444671,9,1,0,0,0
690,88790688643249716250198748369761430282771015610256815548398214662596417545993636231087934884041170296224672678309714686451654495806393720712897010302260443992569983855693340092825911662643280146806688703034226,44395344321624858125099374184880715141385507805128407774199107331298208772996818115543967442020585148112336339154857343225827247903196860356448505151130221996284991927846670046412955831321640073403344351517117,30821108798135001018990175095000753899709022282167034332997739666418352466584457942072264861001494831408103333141669244412223235840920725760514539671788364355206388698018230067529279831353453421511483896889343,8,-1,0,0,0
691,177581377286499432500397496739522860565542031220513631096796429325192835091987272462175869768082340592449345356619429372903308991612787441425794020604520887985139967711386680185651823325286560293613377406068459,88790688643249716250198748369761430282771015610256815548398214662596417545993636231087934884041170296224672678309714686451654495806393720712897010302260443992569983855693340092825911662643280146806688703034233,61642217596270002037980350190001507799418044564334068665995479332836704933168915884144529722002989662816206666283338488824446471681841451521029079343576728710412777396036460135058559662706906843022967793778687,7,-1,0,0,0
692,355162754572998865000794993479045721131084062441027262193592858650385670183974544924351739536164681184898690713238858745806617983225574882851588041209041775970279935422773360371303646650573120587226754812136926,177581377286499432500397496739522860565542031220513631096796429325192835091987272462175869768082340592449345356619429372903308991612787441425794020604520887985139967711386680185651823325286560293613377406068467,123284435192540004075960700380003015598836089128668137331990958665673409866337831768289059444005979325632413332566676977648892943363682903042058158687153457420825554792072920270117119325413813686045935587557375,8,1,0,0,0
693,710325509145997730001589986958091442262168124882054524387185717300771340367949089848703479072329362369797381426477717491613235966451149765703176082418083551940559870845546720742607293301146241174453509624273861,355162754572998865000794993479045721131084062441027262193592858650385670183974544924351739536164681184898690713238858745806617983225574882851588041209041775970279935422773360371303646650573120587226754812136935,246568870385080008151921400760006031197672178257336274663981917331346819732675663536578118888011958651264826665133353955297785886727365806084116317374306914841651109584145840540234238650827627372091871175114751,9,1,0,0,0
694,1420651018291995460003179973916182884524336249764109048774371434601542680735898179697406958144658724739594762852955434983226471932902299531406352164836167103881119741691093441485214586602292482348907019248547730,710325509145997730001589986958091442262168124882054524387185717300771340367949089848703479072329362369797381426477717491613235966451149765703176082418083551940559870845546720742607293301146241174453509624273869,493137740770160016303842801520012062395344356514672549327963834662693639465351327073156237776023917302529653330266707910595571773454731612168232634748613829683302219168291681080468477301655254744183742350229503,8,-1,0,0,0
695,2841302036583990920006359947832365769048672499528218097548742869203085361471796359394813916289317449479189525705910869966452943865804599062812704329672334207762239483382186882970429173204584964697814038497095467,1420651018291995460003179973916182884524336249764109048774371434601542680735898179697406958144658724739594762852955434983226471932902299531406352164836167103881119741691093441485214586602292482348907019248547737,986275481540320032607685603040024124790688713029345098655927669325387278930702654146312475552047834605059306660533415821191143546909463224336465269497227659366604438336583362160936954603310509488367484700459007,7,-1,0,0,0
696,5682604073167981840012719895664731538097344999056436195097485738406170722943592718789627832578634898958379051411821739932905887731609198125625408659344668415524478966764373765940858346409169929395628076994190942,2841302036583990920006359947832365769048672499528218097548742869203085361471796359394813916289317449479189525705910869966452943865804599062812704329672334207762239483382186882970429173204584964697814038497095475,1972550963080640065215371206080048249581377426058690197311855338650774557861405308292624951104095669210118613321066831642382287093818926448672930538994455318733208876673166724321873909206621018976734969400918015,8,1,0,0,0
697,11365208146335963680025439791329463076194689998112872390194971476812341445887185437579255665157269797916758102823643479865811775463218396251250817318689336831048957933528747531881716692818339858791256153988381893,5682604073167981840012719895664731538097344999056436195097485738406170722943592718789627832578634898958379051411821739932905887731609198125625408659344668415524478966764373765940858346409169929395628076994190951,3945101926161280130430742412160096499162754852117380394623710677301549115722810616585249902208191338420237226642133663284764574187637852897345861077988910637466417753346333448643747818413242037953469938801836031,9,1,0,0,0
698,22730416292671927360050879582658926152389379996225744780389942953624682891774370875158511330314539595833516205647286959731623550926436792502501634637378673662097915867057495063763433385636679717582512307976763793,11365208146335963680025439791329463076194689998112872390194971476812341445887185437579255665157269797916758102823643479865811775463218396251250817318689336831048957933528747531881716692818339858791256153988381900,7890203852322560260861484824320192998325509704234760789247421354603098231445621233170499804416382676840474453284267326569529148375275705794691722155977821274932835506692666897287495636826484075906939877603672063,7,-2,0,0,0
699,45460832585343854720101759165317852304778759992451489560779885907249365783548741750317022660629079191667032411294573919463247101852873585005003269274757347324195831734114990127526866771273359435165024615953527594,22730416292671927360050879582658926152389379996225744780389942953624682891774370875158511330314539595833516205647286959731623550926436792502501634637378673662097915867057495063763433385636679717582512307976763801,15780407704645120521722969648640385996651019408469521578494842709206196462891242466340999608832765353680948906568534653139058296750551411589383444311955642549865671013385333794574991273652968151813879755207344127,8,1,0,0,0
700,90921665170687709440203518330635704609557519984902979121559771814498731567097483500634045321258158383334064822589147838926494203705747170010006538549514694648391663468229980255053733542546718870330049231907055196,45460832585343854720101759165317852304778759992451489560779885907249365783548741750317022660629079191667032411294573919463247101852873585005003269274757347324195831734114990127526866771273359435165024615953527602,31560815409290241043445939297280771993302038816939043156989685418412392925782484932681999217665530707361897813137069306278116593501102823178766888623911285099731342026770667589149982547305936303627759510414688255,8,0,0,0,0
701,181843330341375418880407036661271409219115039969805958243119543628997463134194967001268090642516316766668129645178295677852988407411494340020013077099029389296783326936459960510107467085093437740660098463814110400,90921665170687709440203518330635704609557519984902979121559771814498731567097483500634045321258158383334064822589147838926494203705747170010006538549514694648391663468229980255053733542546718870330049231907055204,63121630818580482086891878594561543986604077633878086313979370836824785851564969865363998435331061414723795626274138612556233187002205646357533777247822570199462684053541335178299965094611872607255519020829376511,8,0,0,0,0
702,363686660682750837760814073322542818438230079939611916486239087257994926268389934002536181285032633533336259290356591355705976814822988680040026154198058778593566653872919921020214934170186875481320196927628220808,181843330341375418880407036661271409219115039969805958243119543628997463134194967001268090642516316766668129645178295677852988407411494340020013077099029389296783326936459960510107467085093437740660098463814110408,126243261637160964173783757189123087973208155267756172627958741673649571703129939730727996870662122829447591252548277225112466374004411292715067554495645140398925368107082670356599930189223745214511038041658753023,8,0,0,0,0
703,727373321365501675521628146645085636876460159879223832972478174515989852536779868005072362570065267066672518580713182711411953629645977360080052308396117557187133307745839842040429868340373750962640393855256441624,363686660682750837760814073322542818438230079939611916486239087257994926268389934002536181285032633533336259290356591355705976814822988680040026154198058778593566653872919921020214934170186875481320196927628220816,252486523274321928347567514378246175946416310535512345255917483347299143406259879461455993741324245658895182505096554450224932748008822585430135108991290280797850736214165340713199860378447490429022076083317506047,8,0,0,0,0
704,1454746642731003351043256293290171273752920319758447665944956349031979705073559736010144725140130534133345037161426365422823907259291954720160104616792235114374266615491679684080859736680747501925280787710512883256,727373321365501675521628146645085636876460159879223832972478174515989852536779868005072362570065267066672518580713182711411953629645977360080052308396117557187133307745839842040429868340373750962640393855256441632,504973046548643856695135028756492351892832621071024690511834966694598286812519758922911987482648491317790365010193108900449865496017645170860270217982580561595701472428330681426399720756894980858044152166635012095,8,0,0,0,0
705,2909493285462006702086512586580342547505840639516895331889912698063959410147119472020289450280261068266690074322852730845647814518583909440320209233584470228748533230983359368161719473361495003850561575421025766519,1454746642731003351043256293290171273752920319758447665944956349031979705073559736010144725140130534133345037161426365422823907259291954720160104616792235114374266615491679684080859736680747501925280787710512883263,1009946093097287713390270057512984703785665242142049381023669933389196573625039517845823974965296982635580730020386217800899730992035290341720540435965161123191402944856661362852799441513789961716088304333270024191,7,-1,0,0,0
706,5818986570924013404173025173160685095011681279033790663779825396127918820294238944040578900560522136533380148645705461691295629037167818880640418467168940457497066461966718736323438946722990007701123150842051533046,2909493285462006702086512586580342547505840639516895331889912698063959410147119472020289450280261068266690074322852730845647814518583909440320209233584470228748533230983359368161719473361495003850561575421025766527,2019892186194575426780540115025969407571330484284098762047339866778393147250079035691647949930593965271161460040772435601799461984070580683441080871930322246382805889713322725705598883027579923432176608666540048383,8,1,0,0,0
707,11637973141848026808346050346321370190023362558067581327559650792255837640588477888081157801121044273066760297291410923382591258074335637761280836934337880914994132923933437472646877893445980015402246301684103066100,5818986570924013404173025173160685095011681279033790663779825396127918820294238944040578900560522136533380148645705461691295629037167818880640418467168940457497066461966718736323438946722990007701123150842051533054,4039784372389150853561080230051938815142660968568197524094679733556786294500158071383295899861187930542322920081544871203598923968141161366882161743860644492765611779426645451411197766055159846864353217333080096767,8,0,0,0,0
708,23275946283696053616692100692642740380046725116135162655119301584511675281176955776162315602242088546133520594582821846765182516148671275522561673868675761829988265847866874945293755786891960030804492603368206132209,11637973141848026808346050346321370190023362558067581327559650792255837640588477888081157801121044273066760297291410923382591258074335637761280836934337880914994132923933437472646877893445980015402246301684103066109,8079568744778301707122160460103877630285321937136395048189359467113572589000316142766591799722375861084645840163089742407197847936282322733764323487721288985531223558853290902822395532110319693728706434666160193535,9,1,0,0,0
709,46551892567392107233384201385285480760093450232270325310238603169023350562353911552324631204484177092267041189165643693530365032297342551045123347737351523659976531695733749890587511573783920061608985206736412264426,23275946283696053616692100692642740380046725116135162655119301584511675281176955776162315602242088546133520594582821846765182516148671275522561673868675761829988265847866874945293755786891960030804492603368206132217,16159137489556603414244320920207755260570643874272790096378718934227145178000632285533183599444751722169291680326179484814395695872564645467528646975442577971062447117706581805644791064220639387457412869332320387071,8,-1,0,0,0
710,93103785134784214466768402770570961520186900464540650620477206338046701124707823104649262408968354184534082378331287387060730064594685102090246695474703047319953063391467499781175023147567840123217970413472824528859,46551892567392107233384201385285480760093450232270325310238603169023350562353911552324631204484177092267041189165643693530365032297342551045123347737351523659976531695733749890587511573783920061608985206736412264433,32318274979113206828488641840415510521141287748545580192757437868454290356001264571066367198889503444338583360652358969628791391745129290935057293950885155942124894235413163611289582128441278774914825738664640774143,7,-1,0,0,0
711,186207570269568428933536805541141923040373800929081301240954412676093402249415646209298524817936708369068164756662574774121460129189370204180493390949406094639906126782934999562350046295135680246435940826945649057726,93103785134784214466768402770570961520186900464540650620477206338046701124707823104649262408968354184534082378331287387060730064594685102090246695474703047319953063391467499781175023147567840123217970413472824528867,64636549958226413656977283680831021042282575497091160385514875736908580712002529142132734397779006888677166721304717939257582783490258581870114587901770311884249788470826327222579164256882557549829651477329281548287,8,1,0,0,0
712,372415140539136857867073611082283846080747601858162602481908825352186804498831292418597049635873416738136329513325149548242920258378740408360986781898812189279812253565869999124700092590271360492871881653891298115460,186207570269568428933536805541141923040373800929081301240954412676093402249415646209298524817936708369068164756662574774121460129189370204180493390949406094639906126782934999562350046295135680246435940826945649057734,129273099916452827313954567361662042084565150994182320771029751473817161424005058284265468795558013777354333442609435878515165566980517163740229175803540623768499576941652654445158328513765115099659302954658563096575,8,0,0,0,0
713,744830281078273715734147222164567692161495203716325204963817650704373608997662584837194099271746833476272659026650299096485840516757480816721973563797624378559624507131739998249400185180542720985743763307782596230929,372415140539136857867073611082283846080747601858162602481908825352186804498831292418597049635873416738136329513325149548242920258378740408360986781898812189279812253565869999124700092590271360492871881653891298115469,258546199832905654627909134723324084169130301988364641542059502947634322848010116568530937591116027554708666885218871757030331133961034327480458351607081247536999153883305308890316657027530230199318605909317126193151,9,1,0,0,0
714,1489660562156547431468294444329135384322990407432650409927635301408747217995325169674388198543493666952545318053300598192971681033514961633443947127595248757119249014263479996498800370361085441971487526615565192461866,744830281078273715734147222164567692161495203716325204963817650704373608997662584837194099271746833476272659026650299096485840516757480816721973563797624378559624507131739998249400185180542720985743763307782596230937,517092399665811309255818269446648168338260603976729283084119005895268645696020233137061875182232055109417333770437743514060662267922068654960916703214162495073998307766610617780633314055060460398637211818634252386303,8,-1,0,0,0
715,2979321124313094862936588888658270768645980814865300819855270602817494435990650339348776397086987333905090636106601196385943362067029923266887894255190497514238498028526959992997600740722170883942975053231130384923739,1489660562156547431468294444329135384322990407432650409927635301408747217995325169674388198543493666952545318053300598192971681033514961633443947127595248757119249014263479996498800370361085441971487526615565192461873,1034184799331622618511636538893296336676521207953458566168238011790537291392040466274123750364464110218834667540875487028121324535844137309921833406428324990147996615533221235561266628110120920797274423637268504772607,7,-1,0,0,0
716,5958642248626189725873177777316541537291961629730601639710541205634988871981300678697552794173974667810181272213202392771886724134059846533775788510380995028476996057053919985995201481444341767885950106462260769847486,2979321124313094862936588888658270768645980814865300819855270602817494435990650339348776397086987333905090636106601196385943362067029923266887894255190497514238498028526959992997600740722170883942975053231130384923747,2068369598663245237023273077786592673353042415906917132336476023581074582784080932548247500728928220437669335081750974056242649071688274619843666812856649980295993231066442471122533256220241841594548847274537009545215,8,1,0,0,0
717,11917284497252379451746355554633083074583923259461203279421082411269977743962601357395105588347949335620362544426404785543773448268119693067551577020761990056953992114107839971990402962888683535771900212924521539694980,5958642248626189725873177777316541537291961629730601639710541205634988871981300678697552794173974667810181272213202392771886724134059846533775788510380995028476996057053919985995201481444341767885950106462260769847494,4136739197326490474046546155573185346706084831813834264672952047162149165568161865096495001457856440875338670163501948112485298143376549239687333625713299960591986462132884942245066512440483683189097694549074019090431,8,0,0,0,0
718,23834568994504758903492711109266166149167846518922406558842164822539955487925202714790211176695898671240725088852809571087546896536239386135103154041523980113907984228215679943980805925777367071543800425849043079389969,11917284497252379451746355554633083074583923259461203279421082411269977743962601357395105588347949335620362544426404785543773448268119693067551577020761990056953992114107839971990402962888683535771900212924521539694989,8273478394652980948093092311146370693412169663627668529345904094324298331136323730192990002915712881750677340327003896224970596286753098479374667251426599921183972924265769884490133024880967366378195389098148038180863,9,1,0,0,0
719,47669137989009517806985422218532332298335693037844813117684329645079910975850405429580422353391797342481450177705619142175093793072478772270206308083047960227815968456431359887961611851554734143087600851698086158779945,23834568994504758903492711109266166149167846518922406558842164822539955487925202714790211176695898671240725088852809571087546896536239386135103154041523980113907984228215679943980805925777367071543800425849043079389976,16546956789305961896186184622292741386824339327255337058691808188648596662272647460385980005831425763501354680654007792449941192573506196958749334502853199842367945848531539768980266049761934732756390778196296076361727,7,-2,0,0,0
720,95338275978019035613970844437064664596671386075689626235368659290159821951700810859160844706783594684962900355411238284350187586144957544540412616166095920455631936912862719775923223703109468286175201703396172317559899,47669137989009517806985422218532332298335693037844813117684329645079910975850405429580422353391797342481450177705619142175093793072478772270206308083047960227815968456431359887961611851554734143087600851698086158779954,33093913578611923792372369244585482773648678654510674117383616377297193324545294920771960011662851527002709361308015584899882385147012393917498669005706399684735891697063079537960532099523869465512781556392592152723455,9,2,0,0,0
721,190676551956038071227941688874129329193342772151379252470737318580319643903401621718321689413567189369925800710822476568700375172289915089080825232332191840911263873825725439551846447406218936572350403406792344635119806,95338275978019035613970844437064664596671386075689626235368659290159821951700810859160844706783594684962900355411238284350187586144957544540412616166095920455631936912862719775923223703109468286175201703396172317559907,66187827157223847584744738489170965547297357309021348234767232754594386649090589841543920023325703054005418722616031169799764770294024787834997338011412799369471783394126159075921064199047738931025563112785184305446911,8,-1,0,0,0
722,381353103912076142455883377748258658386685544302758504941474637160639287806803243436643378827134378739851601421644953137400750344579830178161650464664383681822527747651450879103692894812437873144700806813584689270239619,190676551956038071227941688874129329193342772151379252470737318580319643903401621718321689413567189369925800710822476568700375172289915089080825232332191840911263873825725439551846447406218936572350403406792344635119813,132375654314447695169489476978341931094594714618042696469534465509188773298181179683087840046651406108010837445232062339599529540588049575669994676022825598738943566788252318151842128398095477862051126225570368610893823,7,-1,0,0,0
723,762706207824152284911766755496517316773371088605517009882949274321278575613606486873286757654268757479703202843289906274801500689159660356323300929328767363645055495302901758207385789624875746289401613627169378540479246,381353103912076142455883377748258658386685544302758504941474637160639287806803243436643378827134378739851601421644953137400750344579830178161650464664383681822527747651450879103692894812437873144700806813584689270239627,264751308628895390338978953956683862189189429236085392939068931018377546596362359366175680093302812216021674890464124679199059081176099151339989352045651197477887133576504636303684256796190955724102252451140737221787647,8,1,0,0,0
724,1525412415648304569823533510993034633546742177211034019765898548642557151227212973746573515308537514959406405686579812549603001378319320712646601858657534727290110990605803516414771579249751492578803227254338757080958500,762706207824152284911766755496517316773371088605517009882949274321278575613606486873286757654268757479703202843289906274801500689159660356323300929328767363645055495302901758207385789624875746289401613627169378540479254,529502617257790780677957907913367724378378858472170785878137862036755093192724718732351360186605624432043349780928249358398118162352198302679978704091302394955774267153009272607368513592381911448204504902281474443575295,8,0,0,0,0
725,3050824831296609139647067021986069267093484354422068039531797097285114302454425947493147030617075029918812811373159625099206002756638641425293203717315069454580221981211607032829543158499502985157606454508677514161917008,1525412415648304569823533510993034633546742177211034019765898548642557151227212973746573515308537514959406405686579812549603001378319320712646601858657534727290110990605803516414771579249751492578803227254338757080958508,1059005234515581561355915815826735448756757716944341571756275724073510186385449437464702720373211248864086699561856498716796236324704396605359957408182604789911548534306018545214737027184763822896409009804562948887150591,8,0,0,0,0
726,6101649662593218279294134043972138534186968708844136079063594194570228604908851894986294061234150059837625622746319250198412005513277282850586407434630138909160443962423214065659086316999005970315212909017355028323834024,3050824831296609139647067021986069267093484354422068039531797097285114302454425947493147030617075029918812811373159625099206002756638641425293203717315069454580221981211607032829543158499502985157606454508677514161917016,2118010469031163122711831631653470897513515433888683143512551448147020372770898874929405440746422497728173399123712997433592472649408793210719914816365209579823097068612037090429474054369527645792818019609125897774301183,8,0,0,0,0
727,12203299325186436558588268087944277068373937417688272158127188389140457209817703789972588122468300119675251245492638500396824011026554565701172814869260277818320887924846428131318172633998011940630425818034710056647668057,6101649662593218279294134043972138534186968708844136079063594194570228604908851894986294061234150059837625622746319250198412005513277282850586407434630138909160443962423214065659086316999005970315212909017355028323834033,4236020938062326245423663263306941795027030867777366287025102896294040745541797749858810881492844995456346798247425994867184945298817586421439829632730419159646194137224074180858948108739055291585636039218251795548602367,9,1,0,0,0
728,24406598650372873117176536175888554136747874835376544316254376778280914419635407579945176244936600239350502490985277000793648022053109131402345629738520555636641775849692856262636345267996023881260851636069420113295336121,12203299325186436558588268087944277068373937417688272158127188389140457209817703789972588122468300119675251245492638500396824011026554565701172814869260277818320887924846428131318172633998011940630425818034710056647668064,8472041876124652490847326526613883590054061735554732574050205792588081491083595499717621762985689990912693596494851989734369890597635172842879659265460838319292388274448148361717896217478110583171272078436503591097204735,7,-2,0,0,0
729,48813197300745746234353072351777108273495749670753088632508753556561828839270815159890352489873200478701004981970554001587296044106218262804691259477041111273283551699385712525272690535992047762521703272138840226590672250,24406598650372873117176536175888554136747874835376544316254376778280914419635407579945176244936600239350502490985277000793648022053109131402345629738520555636641775849692856262636345267996023881260851636069420113295336129,16944083752249304981694653053227767180108123471109465148100411585176162982167190999435243525971379981825387192989703979468739781195270345685759318530921676638584776548896296723435792434956221166342544156873007182194409471,8,1,0,0,0
730,97626394601491492468706144703554216546991499341506177265017507113123657678541630319780704979746400957402009963941108003174592088212436525609382518954082222546567103398771425050545381071984095525043406544277680453181344509,48813197300745746234353072351777108273495749670753088632508753556561828839270815159890352489873200478701004981970554001587296044106218262804691259477041111273283551699385712525272690535992047762521703272138840226590672259,33888167504498609963389306106455534360216246942218930296200823170352325964334381998870487051942759963650774385979407958937479562390540691371518637061843353277169553097792593446871584869912442332685088313746014364388818943,9,1,0,0,0
731,195252789202982984937412289407108433093982998683012354530035014226247315357083260639561409959492801914804019927882216006349184176424873051218765037908164445093134206797542850101090762143968191050086813088555360906362689025,97626394601491492468706144703554216546991499341506177265017507113123657678541630319780704979746400957402009963941108003174592088212436525609382518954082222546567103398771425050545381071984095525043406544277680453181344516,67776335008997219926778612212911068720432493884437860592401646340704651928668763997740974103885519927301548771958815917874959124781081382743037274123686706554339106195585186893743169739824884665370176627492028728777637887,7,-2,0,0,0
732,390505578405965969874824578814216866187965997366024709060070028452494630714166521279122819918985603829608039855764432012698368352849746102437530075816328890186268413595085700202181524287936382100173626177110721812725378059,195252789202982984937412289407108433093982998683012354530035014226247315357083260639561409959492801914804019927882216006349184176424873051218765037908164445093134206797542850101090762143968191050086813088555360906362689034,135552670017994439853557224425822137440864987768875721184803292681409303857337527995481948207771039854603097543917631835749918249562162765486074548247373413108678212391170373787486339479649769330740353254984057457555275775,9,2,0,0,0
733,781011156811931939749649157628433732375931994732049418120140056904989261428333042558245639837971207659216079711528864025396736705699492204875060151632657780372536827190171400404363048575872764200347252354221443625450756125,390505578405965969874824578814216866187965997366024709060070028452494630714166521279122819918985603829608039855764432012698368352849746102437530075816328890186268413595085700202181524287936382100173626177110721812725378066,271105340035988879707114448851644274881729975537751442369606585362818607714675055990963896415542079709206195087835263671499836499124325530972149096494746826217356424782340747574972678959299538661480706509968114915110551551,7,-2,0,0,0
734,1562022313623863879499298315256867464751863989464098836240280113809978522856666085116491279675942415318432159423057728050793473411398984409750120303265315560745073654380342800808726097151745528400694504708442887250901512258,781011156811931939749649157628433732375931994732049418120140056904989261428333042558245639837971207659216079711528864025396736705699492204875060151632657780372536827190171400404363048575872764200347252354221443625450756133,542210680071977759414228897703288549763459951075502884739213170725637215429350111981927792831084159418412390175670527342999672998248651061944298192989493652434712849564681495149945357918599077322961413019936229830221103103,8,1,0,0,0
735,3124044627247727758998596630513734929503727978928197672480560227619957045713332170232982559351884830636864318846115456101586946822797968819500240606530631121490147308760685601617452194303491056801389009416885774501803024524,1562022313623863879499298315256867464751863989464098836240280113809978522856666085116491279675942415318432159423057728050793473411398984409750120303265315560745073654380342800808726097151745528400694504708442887250901512266,1084421360143955518828457795406577099526919902151005769478426341451274430858700223963855585662168318836824780351341054685999345996497302123888596385978987304869425699129362990299890715837198154645922826039872459660442206207,8,0,0,0,0
736,6248089254495455517997193261027469859007455957856395344961120455239914091426664340465965118703769661273728637692230912203173893645595937639000481213061262242980294617521371203234904388606982113602778018833771549003606049056,3124044627247727758998596630513734929503727978928197672480560227619957045713332170232982559351884830636864318846115456101586946822797968819500240606530631121490147308760685601617452194303491056801389009416885774501803024532,2168842720287911037656915590813154199053839804302011538956852682902548861717400447927711171324336637673649560702682109371998691992994604247777192771957974609738851398258725980599781431674396309291845652079744919320884412415,8,0,0,0,0
737,12496178508990911035994386522054939718014911915712790689922240910479828182853328680931930237407539322547457275384461824406347787291191875278000962426122524485960589235042742406469808777213964227205556037667543098007212098119,6248089254495455517997193261027469859007455957856395344961120455239914091426664340465965118703769661273728637692230912203173893645595937639000481213061262242980294617521371203234904388606982113602778018833771549003606049063,4337685440575822075313831181626308398107679608604023077913705365805097723434800895855422342648673275347299121405364218743997383985989208495554385543915949219477702796517451961199562863348792618583691304159489838641768824831,7,-1,0,0,0
738,24992357017981822071988773044109879436029823831425581379844481820959656365706657361863860474815078645094914550768923648812695574582383750556001924852245048971921178470085484812939617554427928454411112075335086196014424196246,12496178508990911035994386522054939718014911915712790689922240910479828182853328680931930237407539322547457275384461824406347787291191875278000962426122524485960589235042742406469808777213964227205556037667543098007212098127,8675370881151644150627662363252616796215359217208046155827410731610195446869601791710844685297346550694598242810728437487994767971978416991108771087831898438955405593034903922399125726697585237167382608318979677283537649663,8,1,0,0,0
739,49984714035963644143977546088219758872059647662851162759688963641919312731413314723727720949630157290189829101537847297625391149164767501112003849704490097943842356940170969625879235108855856908822224150670172392028848392500,24992357017981822071988773044109879436029823831425581379844481820959656365706657361863860474815078645094914550768923648812695574582383750556001924852245048971921178470085484812939617554427928454411112075335086196014424196254,17350741762303288301255324726505233592430718434416092311654821463220390893739203583421689370594693101389196485621456874975989535943956833982217542175663796877910811186069807844798251453395170474334765216637959354567075299327,8,0,0,0,0
740,99969428071927288287955092176439517744119295325702325519377927283838625462826629447455441899260314580379658203075694595250782298329535002224007699408980195887684713880341939251758470217711713817644448301340344784057696785009,49984714035963644143977546088219758872059647662851162759688963641919312731413314723727720949630157290189829101537847297625391149164767501112003849704490097943842356940170969625879235108855856908822224150670172392028848392509,34701483524606576602510649453010467184861436868832184623309642926440781787478407166843378741189386202778392971242913749951979071887913667964435084351327593755821622372139615689596502906790340948669530433275918709134150598655,9,1,0,0,0
741,199938856143854576575910184352879035488238590651404651038755854567677250925653258894910883798520629160759316406151389190501564596659070004448015398817960391775369427760683878503516940435423427635288896602680689568115393570026,99969428071927288287955092176439517744119295325702325519377927283838625462826629447455441899260314580379658203075694595250782298329535002224007699408980195887684713880341939251758470217711713817644448301340344784057696785017,69402967049213153205021298906020934369722873737664369246619285852881563574956814333686757482378772405556785942485827499903958143775827335928870168702655187511643244744279231379193005813580681897339060866551837418268301197311,8,-1,0,0,0
742,399877712287709153151820368705758070976477181302809302077511709135354501851306517789821767597041258321518632812302778381003129193318140008896030797635920783550738855521367757007033880870846855270577793205361379136230787140059,199938856143854576575910184352879035488238590651404651038755854567677250925653258894910883798520629160759316406151389190501564596659070004448015398817960391775369427760683878503516940435423427635288896602680689568115393570033,138805934098426306410042597812041868739445747475328738493238571705763127149913628667373514964757544811113571884971654999807916287551654671857740337405310375023286489488558462758386011627161363794678121733103674836536602394623,7,-1,0,0,0
743,799755424575418306303640737411516141952954362605618604155023418270709003702613035579643535194082516643037265624605556762006258386636280017792061595271841567101477711042735514014067761741693710541155586410722758272461574280126,399877712287709153151820368705758070976477181302809302077511709135354501851306517789821767597041258321518632812302778381003129193318140008896030797635920783550738855521367757007033880870846855270577793205361379136230787140067,277611868196852612820085195624083737478891494950657476986477143411526254299827257334747029929515089622227143769943309999615832575103309343715480674810620750046572978977116925516772023254322727589356243466207349673073204789247,8,1,0,0,0
744,1599510849150836612607281474823032283905908725211237208310046836541418007405226071159287070388165033286074531249211113524012516773272560035584123190543683134202955422085471028028135523483387421082311172821445516544923148560261,799755424575418306303640737411516141952954362605618604155023418270709003702613035579643535194082516643037265624605556762006258386636280017792061595271841567101477711042735514014067761741693710541155586410722758272461574280135,555223736393705225640170391248167474957782989901314953972954286823052508599654514669494059859030179244454287539886619999231665150206618687430961349621241500093145957954233851033544046508645455178712486932414699346146409578495,9,1,0,0,0
745,3199021698301673225214562949646064567811817450422474416620093673082836014810452142318574140776330066572149062498422227048025033546545120071168246381087366268405910844170942056056271046966774842164622345642891033089846297120529,1599510849150836612607281474823032283905908725211237208310046836541418007405226071159287070388165033286074531249211113524012516773272560035584123190543683134202955422085471028028135523483387421082311172821445516544923148560268,1110447472787410451280340782496334949915565979802629907945908573646105017199309029338988119718060358488908575079773239998463330300413237374861922699242483000186291915908467702067088093017290910357424973864829398692292819156991,7,-2,0,0,0
746,6398043396603346450429125899292129135623634900844948833240187346165672029620904284637148281552660133144298124996844454096050067093090240142336492762174732536811821688341884112112542093933549684329244691285782066179692594241066,3199021698301673225214562949646064567811817450422474416620093673082836014810452142318574140776330066572149062498422227048025033546545120071168246381087366268405910844170942056056271046966774842164622345642891033089846297120537,2220894945574820902560681564992669899831131959605259815891817147292210034398618058677976239436120716977817150159546479996926660600826474749723845398484966000372583831816935404134176186034581820714849947729658797384585638313983,8,1,0,0,0
747,12796086793206692900858251798584258271247269801689897666480374692331344059241808569274296563105320266288596249993688908192100134186180480284672985524349465073623643376683768224225084187867099368658489382571564132359385188482141,6398043396603346450429125899292129135623634900844948833240187346165672029620904284637148281552660133144298124996844454096050067093090240142336492762174732536811821688341884112112542093933549684329244691285782066179692594241075,4441789891149641805121363129985339799662263919210519631783634294584420068797236117355952478872241433955634300319092959993853321201652949499447690796969932000745167663633870808268352372069163641429699895459317594769171276627967,9,1,0,0,0
748,25592173586413385801716503597168516542494539603379795332960749384662688118483617138548593126210640532577192499987377816384200268372360960569345971048698930147247286753367536448450168375734198737316978765143128264718770376964289,12796086793206692900858251798584258271247269801689897666480374692331344059241808569274296563105320266288596249993688908192100134186180480284672985524349465073623643376683768224225084187867099368658489382571564132359385188482148,8883579782299283610242726259970679599324527838421039263567268589168840137594472234711904957744482867911268600638185919987706642403305898998895381593939864001490335327267741616536704744138327282859399790918635189538342553255935,7,-2,0,0,0
749,51184347172826771603433007194337033084989079206759590665921498769325376236967234277097186252421281065154384999974755632768400536744721921138691942097397860294494573506735072896900336751468397474633957530286256529437540753928586,25592173586413385801716503597168516542494539603379795332960749384662688118483617138548593126210640532577192499987377816384200268372360960569345971048698930147247286753367536448450168375734198737316978765143128264718770376964297,17767159564598567220485452519941359198649055676842078527134537178337680275188944469423809915488965735822537201276371839975413284806611797997790763187879728002980670654535483233073409488276654565718799581837270379076685106511871,8,1,0,0,0
750,102368694345653543206866014388674066169978158413519181331842997538650752473934468554194372504842562130308769999949511265536801073489443842277383884194795720588989147013470145793800673502936794949267915060572513058875081507857180,51184347172826771603433007194337033084989079206759590665921498769325376236967234277097186252421281065154384999974755632768400536744721921138691942097397860294494573506735072896900336751468397474633957530286256529437540753928594,35534319129197134440970905039882718397298111353684157054269074356675360550377888938847619830977931471645074402552743679950826569613223595995581526375759456005961341309070966466146818976553309131437599163674540758153370213023743,8,0,0,0,0
751,204737388691307086413732028777348132339956316827038362663685995077301504947868937108388745009685124260617539999899022531073602146978887684554767768389591441177978294026940291587601347005873589898535830121145026117750163015714368,102368694345653543206866014388674066169978158413519181331842997538650752473934468554194372504842562130308769999949511265536801073489443842277383884194795720588989147013470145793800673502936794949267915060572513058875081507857188,71068638258394268881941810079765436794596222707368314108538148713350721100755777877695239661955862943290148805105487359901653139226447191991163052751518912011922682618141932932293637953106618262875198327349081516306740426047487,8,0,0,0,0
752,409474777382614172827464057554696264679912633654076725327371990154603009895737874216777490019370248521235079999798045062147204293957775369109535536779182882355956588053880583175202694011747179797071660242290052235500326031428743,204737388691307086413732028777348132339956316827038362663685995077301504947868937108388745009685124260617539999899022531073602146978887684554767768389591441177978294026940291587601347005873589898535830121145026117750163015714375,142137276516788537763883620159530873589192445414736628217076297426701442201511555755390479323911725886580297610210974719803306278452894383982326105503037824023845365236283865864587275906213236525750396654698163032613480852094975,7,-1,0,0,0
753,818949554765228345654928115109392529359825267308153450654743980309206019791475748433554980038740497042470159999596090124294408587915550738219071073558365764711913176107761166350405388023494359594143320484580104471000652062857495,409474777382614172827464057554696264679912633654076725327371990154603009895737874216777490019370248521235079999798045062147204293957775369109535536779182882355956588053880583175202694011747179797071660242290052235500326031428752,284274553033577075527767240319061747178384890829473256434152594853402884403023111510780958647823451773160595220421949439606612556905788767964652211006075648047690730472567731729174551812426473051500793309396326065226961704189951,9,2,0,0,0
754,1637899109530456691309856230218785058719650534616306901309487960618412039582951496867109960077480994084940319999192180248588817175831101476438142147116731529423826352215522332700810776046988719188286640969160208942001304125714998,818949554765228345654928115109392529359825267308153450654743980309206019791475748433554980038740497042470159999596090124294408587915550738219071073558365764711913176107761166350405388023494359594143320484580104471000652062857503,568549106067154151055534480638123494356769781658946512868305189706805768806046223021561917295646903546321190440843898879213225113811577535929304422012151296095381460945135463458349103624852946103001586618792652130453923408379903,8,-1,0,0,0
755,3275798219060913382619712460437570117439301069232613802618975921236824079165902993734219920154961988169880639998384360497177634351662202952876284294233463058847652704431044665401621552093977438376573281938320417884002608251430003,1637899109530456691309856230218785058719650534616306901309487960618412039582951496867109960077480994084940319999192180248588817175831101476438142147116731529423826352215522332700810776046988719188286640969160208942001304125715005,1137098212134308302111068961276246988713539563317893025736610379413611537612092446043123834591293807092642380881687797758426450227623155071858608844024302592190762921890270926916698207249705892206003173237585304260907846816759807,7,-1,0,0,0
756,6551596438121826765239424920875140234878602138465227605237951842473648158331805987468439840309923976339761279996768720994355268703324405905752568588466926117695305408862089330803243104187954876753146563876640835768005216502860015,3275798219060913382619712460437570117439301069232613802618975921236824079165902993734219920154961988169880639998384360497177634351662202952876284294233463058847652704431044665401621552093977438376573281938320417884002608251430012,2274196424268616604222137922552493977427079126635786051473220758827223075224184892086247669182587614185284761763375595516852900455246310143717217688048605184381525843780541853833396414499411784412006346475170608521815693633519615,9,2,0,0,0
757,13103192876243653530478849841750280469757204276930455210475903684947296316663611974936879680619847952679522559993537441988710537406648811811505137176933852235390610817724178661606486208375909753506293127753281671536010433005720037,6551596438121826765239424920875140234878602138465227605237951842473648158331805987468439840309923976339761279996768720994355268703324405905752568588466926117695305408862089330803243104187954876753146563876640835768005216502860022,4548392848537233208444275845104987954854158253271572102946441517654446150448369784172495338365175228370569523526751191033705800910492620287434435376097210368763051687561083707666792828998823568824012692950341217043631387267039231,7,-2,0,0,0
758,26206385752487307060957699683500560939514408553860910420951807369894592633327223949873759361239695905359045119987074883977421074813297623623010274353867704470781221635448357323212972416751819507012586255506563343072020866011440083,13103192876243653530478849841750280469757204276930455210475903684947296316663611974936879680619847952679522559993537441988710537406648811811505137176933852235390610817724178661606486208375909753506293127753281671536010433005720046,9096785697074466416888551690209975909708316506543144205892883035308892300896739568344990676730350456741139047053502382067411601820985240574868870752194420737526103375122167415333585657997647137648025385900682434087262774534078463,9,2,0,0,0
759,52412771504974614121915399367001121879028817107721820841903614739789185266654447899747518722479391810718090239974149767954842149626595247246020548707735408941562443270896714646425944833503639014025172511013126686144041732022880173,26206385752487307060957699683500560939514408553860910420951807369894592633327223949873759361239695905359045119987074883977421074813297623623010274353867704470781221635448357323212972416751819507012586255506563343072020866011440090,18193571394148932833777103380419951819416633013086288411785766070617784601793479136689981353460700913482278094107004764134823203641970481149737741504388841475052206750244334830667171315995294275296050771801364868174525549068156927,7,-2,0,0,0
760,104825543009949228243830798734002243758057634215443641683807229479578370533308895799495037444958783621436180479948299535909684299253190494492041097415470817883124886541793429292851889667007278028050345022026253372288083464045760355,52412771504974614121915399367001121879028817107721820841903614739789185266654447899747518722479391810718090239974149767954842149626595247246020548707735408941562443270896714646425944833503639014025172511013126686144041732022880182,36387142788297865667554206760839903638833266026172576823571532141235569203586958273379962706921401826964556188214009528269646407283940962299475483008777682950104413500488669661334342631990588550592101543602729736349051098136313855,9,2,0,0,0
761,209651086019898456487661597468004487516115268430887283367614458959156741066617791598990074889917567242872360959896599071819368598506380988984082194830941635766249773083586858585703779334014556056100690044052506744576166928091520718,104825543009949228243830798734002243758057634215443641683807229479578370533308895799495037444958783621436180479948299535909684299253190494492041097415470817883124886541793429292851889667007278028050345022026253372288083464045760363,72774285576595731335108413521679807277666532052345153647143064282471138407173916546759925413842803653929112376428019056539292814567881924598950966017555365900208827000977339322668685263981177101184203087205459472698102196272627711,8,-1,0,0,0
762,419302172039796912975323194936008975032230536861774566735228917918313482133235583197980149779835134485744721919793198143638737197012761977968164389661883271532499546167173717171407558668029112112201380088105013489152333856183041443,209651086019898456487661597468004487516115268430887283367614458959156741066617791598990074889917567242872360959896599071819368598506380988984082194830941635766249773083586858585703779334014556056100690044052506744576166928091520725,145548571153191462670216827043359614555333064104690307294286128564942276814347833093519850827685607307858224752856038113078585629135763849197901932035110731800417654001954678645337370527962354202368406174410918945396204392545255423,7,-1,0,0,0
763,838604344079593825950646389872017950064461073723549133470457835836626964266471166395960299559670268971489443839586396287277474394025523955936328779323766543064999092334347434342815117336058224224402760176210026978304667712366082894,419302172039796912975323194936008975032230536861774566735228917918313482133235583197980149779835134485744721919793198143638737197012761977968164389661883271532499546167173717171407558668029112112201380088105013489152333856183041451,291097142306382925340433654086719229110666128209380614588572257129884553628695666187039701655371214615716449505712076226157171258271527698395803864070221463600835308003909357290674741055924708404736812348821837890792408785090510847,8,1,0,0,0
764,1677208688159187651901292779744035900128922147447098266940915671673253928532942332791920599119340537942978887679172792574554948788051047911872657558647533086129998184668694868685630234672116448448805520352420053956609335424732165797,838604344079593825950646389872017950064461073723549133470457835836626964266471166395960299559670268971489443839586396287277474394025523955936328779323766543064999092334347434342815117336058224224402760176210026978304667712366082903,582194284612765850680867308173438458221332256418761229177144514259769107257391332374079403310742429231432899011424152452314342516543055396791607728140442927201670616007818714581349482111849416809473624697643675781584817570181021695,9,1,0,0,0
765,3354417376318375303802585559488071800257844294894196533881831343346507857065884665583841198238681075885957775358345585149109897576102095823745315117295066172259996369337389737371260469344232896897611040704840107913218670849464331602,1677208688159187651901292779744035900128922147447098266940915671673253928532942332791920599119340537942978887679172792574554948788051047911872657558647533086129998184668694868685630234672116448448805520352420053956609335424732165805,1164388569225531701361734616346876916442664512837522458354289028519538214514782664748158806621484858462865798022848304904628685033086110793583215456280885854403341232015637429162698964223698833618947249395287351563169635140362043391,8,-1,0,0,0
766,6708834752636750607605171118976143600515688589788393067763662686693015714131769331167682396477362151771915550716691170298219795152204191647490630234590132344519992738674779474742520938688465793795222081409680215826437341698928663211,3354417376318375303802585559488071800257844294894196533881831343346507857065884665583841198238681075885957775358345585149109897576102095823745315117295066172259996369337389737371260469344232896897611040704840107913218670849464331609,2328777138451063402723469232693753832885329025675044916708578057039076429029565329496317613242969716925731596045696609809257370066172221587166430912561771708806682464031274858325397928447397667237894498790574703126339270280724086783,7,-1,0,0,0
767,13417669505273501215210342237952287201031377179576786135527325373386031428263538662335364792954724303543831101433382340596439590304408383294981260469180264689039985477349558949485041877376931587590444162819360431652874683397857326430,6708834752636750607605171118976143600515688589788393067763662686693015714131769331167682396477362151771915550716691170298219795152204191647490630234590132344519992738674779474742520938688465793795222081409680215826437341698928663219,4657554276902126805446938465387507665770658051350089833417156114078152858059130658992635226485939433851463192091393219618514740132344443174332861825123543417613364928062549716650795856894795334475788997581149406252678540561448173567,8,1,0,0,0
768,26835339010547002430420684475904574402062754359153572271054650746772062856527077324670729585909448607087662202866764681192879180608816766589962520938360529378079970954699117898970083754753863175180888325638720863305749366795714652868,13417669505273501215210342237952287201031377179576786135527325373386031428263538662335364792954724303543831101433382340596439590304408383294981260469180264689039985477349558949485041877376931587590444162819360431652874683397857326438,9315108553804253610893876930775015331541316102700179666834312228156305716118261317985270452971878867702926384182786439237029480264688886348665723650247086835226729856125099433301591713789590668951577995162298812505357081122896347135,8,0,0,0,0
769,53670678021094004860841368951809148804125508718307144542109301493544125713054154649341459171818897214175324405733529362385758361217633533179925041876721058756159941909398235797940167509507726350361776651277441726611498733591429305744,26835339010547002430420684475904574402062754359153572271054650746772062856527077324670729585909448607087662202866764681192879180608816766589962520938360529378079970954699117898970083754753863175180888325638720863305749366795714652876,18630217107608507221787753861550030663082632205400359333668624456312611432236522635970540905943757735405852768365572878474058960529377772697331447300494173670453459712250198866603183427579181337903155990324597625010714162245792694271,8,0,0,0,0
770,107341356042188009721682737903618297608251017436614289084218602987088251426108309298682918343637794428350648811467058724771516722435267066359850083753442117512319883818796471595880335019015452700723553302554883453222997467182858611495,53670678021094004860841368951809148804125508718307144542109301493544125713054154649341459171818897214175324405733529362385758361217633533179925041876721058756159941909398235797940167509507726350361776651277441726611498733591429305751,37260434215217014443575507723100061326165264410800718667337248912625222864473045271941081811887515470811705536731145756948117921058755545394662894600988347340906919424500397733206366855158362675806311980649195250021428324491585388543,7,-1,0,0,0
771,214682712084376019443365475807236595216502034873228578168437205974176502852216618597365836687275588856701297622934117449543033444870534132719700167506884235024639767637592943191760670038030905401447106605109766906445994934365717222999,107341356042188009721682737903618297608251017436614289084218602987088251426108309298682918343637794428350648811467058724771516722435267066359850083753442117512319883818796471595880335019015452700723553302554883453222997467182858611504,74520868430434028887151015446200122652330528821601437334674497825250445728946090543882163623775030941623411073462291513896235842117511090789325789201976694681813838849000795466412733710316725351612623961298390500042856648983170777087,9,2,0,0,0
772,429365424168752038886730951614473190433004069746457156336874411948353005704433237194731673374551177713402595245868234899086066889741068265439400335013768470049279535275185886383521340076061810802894213210219533812891989868731434446005,214682712084376019443365475807236595216502034873228578168437205974176502852216618597365836687275588856701297622934117449543033444870534132719700167506884235024639767637592943191760670038030905401447106605109766906445994934365717223006,149041736860868057774302030892400245304661057643202874669348995650500891457892181087764327247550061883246822146924583027792471684235022181578651578403953389363627677698001590932825467420633450703225247922596781000085713297966341554175,7,-2,0,0,0
773,858730848337504077773461903228946380866008139492914312673748823896706011408866474389463346749102355426805190491736469798172133779482136530878800670027536940098559070550371772767042680152123621605788426420439067625783979737462868892018,429365424168752038886730951614473190433004069746457156336874411948353005704433237194731673374551177713402595245868234899086066889741068265439400335013768470049279535275185886383521340076061810802894213210219533812891989868731434446013,298083473721736115548604061784800490609322115286405749338697991301001782915784362175528654495100123766493644293849166055584943368470044363157303156807906778727255355396003181865650934841266901406450495845193562000171426595932683108351,8,1,0,0,0
774,1717461696675008155546923806457892761732016278985828625347497647793412022817732948778926693498204710853610380983472939596344267558964273061757601340055073880197118141100743545534085360304247243211576852840878135251567959474925737784044,858730848337504077773461903228946380866008139492914312673748823896706011408866474389463346749102355426805190491736469798172133779482136530878800670027536940098559070550371772767042680152123621605788426420439067625783979737462868892026,596166947443472231097208123569600981218644230572811498677395982602003565831568724351057308990200247532987288587698332111169886736940088726314606313615813557454510710792006363731301869682533802812900991690387124000342853191865366216703,8,0,0,0,0
775,3434923393350016311093847612915785523464032557971657250694995295586824045635465897557853386996409421707220761966945879192688535117928546123515202680110147760394236282201487091068170720608494486423153705681756270503135918949851475568097,1717461696675008155546923806457892761732016278985828625347497647793412022817732948778926693498204710853610380983472939596344267558964273061757601340055073880197118141100743545534085360304247243211576852840878135251567959474925737784053,1192333894886944462194416247139201962437288461145622997354791965204007131663137448702114617980400495065974577175396664222339773473880177452629212627231627114909021421584012727462603739365067605625801983380774248000685706383730732433407,9,1,0,0,0
776,6869846786700032622187695225831571046928065115943314501389990591173648091270931795115706773992818843414441523933891758385377070235857092247030405360220295520788472564402974182136341441216988972846307411363512541006271837899702951136202,3434923393350016311093847612915785523464032557971657250694995295586824045635465897557853386996409421707220761966945879192688535117928546123515202680110147760394236282201487091068170720608494486423153705681756270503135918949851475568105,2384667789773888924388832494278403924874576922291245994709583930408014263326274897404229235960800990131949154350793328444679546947760354905258425254463254229818042843168025454925207478730135211251603966761548496001371412767461464866815,8,-1,0,0,0
777,13739693573400065244375390451663142093856130231886629002779981182347296182541863590231413547985637686828883047867783516770754140471714184494060810720440591041576945128805948364272682882433977945692614822727025082012543675799405902272411,6869846786700032622187695225831571046928065115943314501389990591173648091270931795115706773992818843414441523933891758385377070235857092247030405360220295520788472564402974182136341441216988972846307411363512541006271837899702951136209,4769335579547777848777664988556807849749153844582491989419167860816028526652549794808458471921601980263898308701586656889359093895520709810516850508926508459636085686336050909850414957460270422503207933523096992002742825534922929733631,7,-1,0,0,0
778,27479387146800130488750780903326284187712260463773258005559962364694592365083727180462827095971275373657766095735567033541508280943428368988121621440881182083153890257611896728545365764867955891385229645454050164025087351598811804544830,13739693573400065244375390451663142093856130231886629002779981182347296182541863590231413547985637686828883047867783516770754140471714184494060810720440591041576945128805948364272682882433977945692614822727025082012543675799405902272419,9538671159095555697555329977113615699498307689164983978838335721632057053305099589616916943843203960527796617403173313778718187791041419621033701017853016919272171372672101819700829914920540845006415867046193984005485651069845859467263,8,1,0,0,0
779,54958774293600260977501561806652568375424520927546516011119924729389184730167454360925654191942550747315532191471134067083016561886856737976243242881762364166307780515223793457090731529735911782770459290908100328050174703197623609089669,27479387146800130488750780903326284187712260463773258005559962364694592365083727180462827095971275373657766095735567033541508280943428368988121621440881182083153890257611896728545365764867955891385229645454050164025087351598811804544839,19077342318191111395110659954227231398996615378329967957676671443264114106610199179233833887686407921055593234806346627557436375582082839242067402035706033838544342745344203639401659829841081690012831734092387968010971302139691718934527,9,1,0,0,0
780,109917548587200521955003123613305136750849041855093032022239849458778369460334908721851308383885101494631064382942268134166033123773713475952486485763524728332615561030447586914181463059471823565540918581816200656100349406395247218179346,54958774293600260977501561806652568375424520927546516011119924729389184730167454360925654191942550747315532191471134067083016561886856737976243242881762364166307780515223793457090731529735911782770459290908100328050174703197623609089677,38154684636382222790221319908454462797993230756659935915353342886528228213220398358467667775372815842111186469612693255114872751164165678484134804071412067677088685490688407278803319659682163380025663468184775936021942604279383437869055,8,-1,0,0,0
781,219835097174401043910006247226610273501698083710186064044479698917556738920669817443702616767770202989262128765884536268332066247547426951904972971527049456665231122060895173828362926118943647131081837163632401312200698812790494436358699,109917548587200521955003123613305136750849041855093032022239849458778369460334908721851308383885101494631064382942268134166033123773713475952486485763524728332615561030447586914181463059471823565540918581816200656100349406395247218179353,76309369272764445580442639816908925595986461513319871830706685773056456426440796716935335550745631684222372939225386510229745502328331356968269608142824135354177370981376814557606639319364326760051326936369551872043885208558766875738111,7,-1,0,0,0
782,439670194348802087820012494453220547003396167420372128088959397835113477841339634887405233535540405978524257531769072536664132495094853903809945943054098913330462244121790347656725852237887294262163674327264802624401397625580988872717406,219835097174401043910006247226610273501698083710186064044479698917556738920669817443702616767770202989262128765884536268332066247547426951904972971527049456665231122060895173828362926118943647131081837163632401312200698812790494436358707,152618738545528891160885279633817851191972923026639743661413371546112912852881593433870671101491263368444745878450773020459491004656662713936539216285648270708354741962753629115213278638728653520102653872739103744087770417117533751476223,8,1,0,0,0
783,879340388697604175640024988906441094006792334840744256177918795670226955682679269774810467071080811957048515063538145073328264990189707807619891886108197826660924488243580695313451704475774588524327348654529605248802795251161977745434820,439670194348802087820012494453220547003396167420372128088959397835113477841339634887405233535540405978524257531769072536664132495094853903809945943054098913330462244121790347656725852237887294262163674327264802624401397625580988872717414,305237477091057782321770559267635702383945846053279487322826743092225825705763186867741342202982526736889491756901546040918982009313325427873078432571296541416709483925507258230426557277457307040205307745478207488175540834235067502952447,8,0,0,0,0
784,1758680777395208351280049977812882188013584669681488512355837591340453911365358539549620934142161623914097030127076290146656529980379415615239783772216395653321848976487161390626903408951549177048654697309059210497605590502323955490869649,879340388697604175640024988906441094006792334840744256177918795670226955682679269774810467071080811957048515063538145073328264990189707807619891886108197826660924488243580695313451704475774588524327348654529605248802795251161977745434829,610474954182115564643541118535271404767891692106558974645653486184451651411526373735482684405965053473778983513803092081837964018626650855746156865142593082833418967851014516460853114554914614080410615490956414976351081668470135005904895,9,1,0,0,0
785,3517361554790416702560099955625764376027169339362977024711675182680907822730717079099241868284323247828194060254152580293313059960758831230479567544432791306643697952974322781253806817903098354097309394618118420995211181004647910981739305,1758680777395208351280049977812882188013584669681488512355837591340453911365358539549620934142161623914097030127076290146656529980379415615239783772216395653321848976487161390626903408951549177048654697309059210497605590502323955490869656,1220949908364231129287082237070542809535783384213117949291306972368903302823052747470965368811930106947557967027606184163675928037253301711492313730285186165666837935702029032921706229109829228160821230981912829952702163336940270011809791,7,-2,0,0,0
786,7034723109580833405120199911251528752054338678725954049423350365361815645461434158198483736568646495656388120508305160586626119921517662460959135088865582613287395905948645562507613635806196708194618789236236841990422362009295821963478618,3517361554790416702560099955625764376027169339362977024711675182680907822730717079099241868284323247828194060254152580293313059960758831230479567544432791306643697952974322781253806817903098354097309394618118420995211181004647910981739313,2441899816728462258574164474141085619071566768426235898582613944737806605646105494941930737623860213895115934055212368327351856074506603422984627460570372331333675871404058065843412458219658456321642461963825659905404326673880540023619583,8,1,0,0,0
787,14069446219161666810240399822503057504108677357451908098846700730723631290922868316396967473137292991312776241016610321173252239843035324921918270177731165226574791811897291125015227271612393416389237578472473683980844724018591643926957245,7034723109580833405120199911251528752054338678725954049423350365361815645461434158198483736568646495656388120508305160586626119921517662460959135088865582613287395905948645562507613635806196708194618789236236841990422362009295821963478627,4883799633456924517148328948282171238143133536852471797165227889475613211292210989883861475247720427790231868110424736654703712149013206845969254921140744662667351742808116131686824916439316912643284923927651319810808653347761080047239167,9,1,0,0,0
788,28138892438323333620480799645006115008217354714903816197693401461447262581845736632793934946274585982625552482033220642346504479686070649843836540355462330453149583623794582250030454543224786832778475156944947367961689448037183287853914497,14069446219161666810240399822503057504108677357451908098846700730723631290922868316396967473137292991312776241016610321173252239843035324921918270177731165226574791811897291125015227271612393416389237578472473683980844724018591643926957252,9767599266913849034296657896564342476286267073704943594330455778951226422584421979767722950495440855580463736220849473309407424298026413691938509842281489325334703485616232263373649832878633825286569847855302639621617306695522160094478335,7,-2,0,0,0
789,56277784876646667240961599290012230016434709429807632395386802922894525163691473265587869892549171965251104964066441284693008959372141299687673080710924660906299167247589164500060909086449573665556950313889894735923378896074366575707829003,28138892438323333620480799645006115008217354714903816197693401461447262581845736632793934946274585982625552482033220642346504479686070649843836540355462330453149583623794582250030454543224786832778475156944947367961689448037183287853914506,19535198533827698068593315793128684952572534147409887188660911557902452845168843959535445900990881711160927472441698946618814848596052827383877019684562978650669406971232464526747299665757267650573139695710605279243234613391044320188956671,9,2,0,0,0
790,112555569753293334481923198580024460032869418859615264790773605845789050327382946531175739785098343930502209928132882569386017918744282599375346161421849321812598334495178329000121818172899147331113900627779789471846757792148733151415658013,56277784876646667240961599290012230016434709429807632395386802922894525163691473265587869892549171965251104964066441284693008959372141299687673080710924660906299167247589164500060909086449573665556950313889894735923378896074366575707829010,39070397067655396137186631586257369905145068294819774377321823115804905690337687919070891801981763422321854944883397893237629697192105654767754039369125957301338813942464929053494599331514535301146279391421210558486469226782088640377913343,7,-2,0,0,0
791,225111139506586668963846397160048920065738837719230529581547211691578100654765893062351479570196687861004419856265765138772035837488565198750692322843698643625196668990356658000243636345798294662227801255559578943693515584297466302831316034,112555569753293334481923198580024460032869418859615264790773605845789050327382946531175739785098343930502209928132882569386017918744282599375346161421849321812598334495178329000121818172899147331113900627779789471846757792148733151415658021,78140794135310792274373263172514739810290136589639548754643646231609811380675375838141783603963526844643709889766795786475259394384211309535508078738251914602677627884929858106989198663029070602292558782842421116972938453564177280755826687,8,1,0,0,0
792,450222279013173337927692794320097840131477675438461059163094423383156201309531786124702959140393375722008839712531530277544071674977130397501384645687397287250393337980713316000487272691596589324455602511119157887387031168594932605662632077,225111139506586668963846397160048920065738837719230529581547211691578100654765893062351479570196687861004419856265765138772035837488565198750692322843698643625196668990356658000243636345798294662227801255559578943693515584297466302831316043,156281588270621584548746526345029479620580273179279097509287292463219622761350751676283567207927053689287419779533591572950518788768422619071016157476503829205355255769859716213978397326058141204585117565684842233945876907128354561511653375,9,1,0,0,0
793,900444558026346675855385588640195680262955350876922118326188846766312402619063572249405918280786751444017679425063060555088143349954260795002769291374794574500786675961426632000974545383193178648911205022238315774774062337189865211325264161,450222279013173337927692794320097840131477675438461059163094423383156201309531786124702959140393375722008839712531530277544071674977130397501384645687397287250393337980713316000487272691596589324455602511119157887387031168594932605662632084,312563176541243169097493052690058959241160546358558195018574584926439245522701503352567134415854107378574839559067183145901037577536845238142032314953007658410710511539719432427956794652116282409170235131369684467891753814256709123023306751,7,-2,0,0,0
794,1800889116052693351710771177280391360525910701753844236652377693532624805238127144498811836561573502888035358850126121110176286699908521590005538582749589149001573351922853264001949090766386357297822410044476631549548124674379730422650528331,900444558026346675855385588640195680262955350876922118326188846766312402619063572249405918280786751444017679425063060555088143349954260795002769291374794574500786675961426632000974545383193178648911205022238315774774062337189865211325264170,625126353082486338194986105380117918482321092717116390037149169852878491045403006705134268831708214757149679118134366291802075155073690476284064629906015316821421023079438864855913589304232564818340470262739368935783507628513418246046613503,9,2,0,0,0
795,3601778232105386703421542354560782721051821403507688473304755387065249610476254288997623673123147005776070717700252242220352573399817043180011077165499178298003146703845706528003898181532772714595644820088953263099096249348759460845301056669,1800889116052693351710771177280391360525910701753844236652377693532624805238127144498811836561573502888035358850126121110176286699908521590005538582749589149001573351922853264001949090766386357297822410044476631549548124674379730422650528338,1250252706164972676389972210760235836964642185434232780074298339705756982090806013410268537663416429514299358236268732583604150310147380952568129259812030633642842046158877729711827178608465129636680940525478737871567015257026836492093227007,7,-2,0,0,0
796,7203556464210773406843084709121565442103642807015376946609510774130499220952508577995247346246294011552141435400504484440705146799634086360022154330998356596006293407691413056007796363065545429191289640177906526198192498697518921690602113347,3601778232105386703421542354560782721051821403507688473304755387065249610476254288997623673123147005776070717700252242220352573399817043180011077165499178298003146703845706528003898181532772714595644820088953263099096249348759460845301056678,2500505412329945352779944421520471673929284370868465560148596679411513964181612026820537075326832859028598716472537465167208300620294761905136258519624061267285684092317755459423654357216930259273361881050957475743134030514053672984186454015,9,2,0,0,0
797,14407112928421546813686169418243130884207285614030753893219021548260998441905017155990494692492588023104282870801008968881410293599268172720044308661996713192012586815382826112015592726131090858382579280355813052396384997395037843381204226701,7203556464210773406843084709121565442103642807015376946609510774130499220952508577995247346246294011552141435400504484440705146799634086360022154330998356596006293407691413056007796363065545429191289640177906526198192498697518921690602113354,5001010824659890705559888843040943347858568741736931120297193358823027928363224053641074150653665718057197432945074930334416601240589523810272517039248122534571368184635510918847308714433860518546723762101914951486268061028107345968372908031,7,-2,0,0,0
798,28814225856843093627372338836486261768414571228061507786438043096521996883810034311980989384985176046208565741602017937762820587198536345440088617323993426384025173630765652224031185452262181716765158560711626104792769994790075686762408453410,14407112928421546813686169418243130884207285614030753893219021548260998441905017155990494692492588023104282870801008968881410293599268172720044308661996713192012586815382826112015592726131090858382579280355813052396384997395037843381204226709,10002021649319781411119777686081886695717137483473862240594386717646055856726448107282148301307331436114394865890149860668833202481179047620545034078496245069142736369271021837694617428867721037093447524203829902972536122056214691936745816063,8,1,0,0,0
799,57628451713686187254744677672972523536829142456123015572876086193043993767620068623961978769970352092417131483204035875525641174397072690880177234647986852768050347261531304448062370904524363433530317121423252209585539989580151373524816906828,28814225856843093627372338836486261768414571228061507786438043096521996883810034311980989384985176046208565741602017937762820587198536345440088617323993426384025173630765652224031185452262181716765158560711626104792769994790075686762408453418,20004043298639562822239555372163773391434274966947724481188773435292111713452896214564296602614662872228789731780299721337666404962358095241090068156992490138285472738542043675389234857735442074186895048407659805945072244112429383873491632127,8,0,0,0,0
800,115256903427372374509489355345945047073658284912246031145752172386087987535240137247923957539940704184834262966408071751051282348794145381760354469295973705536100694523062608896124741809048726867060634242846504419171079979160302747049633813664,57628451713686187254744677672972523536829142456123015572876086193043993767620068623961978769970352092417131483204035875525641174397072690880177234647986852768050347261531304448062370904524363433530317121423252209585539989580151373524816906836,40008086597279125644479110744327546782868549933895448962377546870584223426905792429128593205229325744457579463560599442675332809924716190482180136313984980276570945477084087350778469715470884148373790096815319611890144488224858767746983264255,8,0,0,0,0
801,230513806854744749018978710691890094147316569824492062291504344772175975070480274495847915079881408369668525932816143502102564697588290763520708938591947411072201389046125217792249483618097453734121268485693008838342159958320605494099267627336,115256903427372374509489355345945047073658284912246031145752172386087987535240137247923957539940704184834262966408071751051282348794145381760354469295973705536100694523062608896124741809048726867060634242846504419171079979160302747049633813672,80016173194558251288958221488655093565737099867790897924755093741168446853811584858257186410458651488915158927121198885350665619849432380964360272627969960553141890954168174701556939430941768296747580193630639223780288976449717535493966528511,8,0,0,0,0
802,461027613709489498037957421383780188294633139648984124583008689544351950140960548991695830159762816739337051865632287004205129395176581527041417877183894822144402778092250435584498967236194907468242536971386017676684319916641210988198535254680,230513806854744749018978710691890094147316569824492062291504344772175975070480274495847915079881408369668525932816143502102564697588290763520708938591947411072201389046125217792249483618097453734121268485693008838342159958320605494099267627344,160032346389116502577916442977310187131474199735581795849510187482336893707623169716514372820917302977830317854242397770701331239698864761928720545255939921106283781908336349403113878861883536593495160387261278447560577952899435070987933057023,8,0,0,0,0
803,922055227418978996075914842767560376589266279297968249166017379088703900281921097983391660319525633478674103731264574008410258790353163054082835754367789644288805556184500871168997934472389814936485073942772035353368639833282421976397070509369,461027613709489498037957421383780188294633139648984124583008689544351950140960548991695830159762816739337051865632287004205129395176581527041417877183894822144402778092250435584498967236194907468242536971386017676684319916641210988198535254689,320064692778233005155832885954620374262948399471163591699020374964673787415246339433028745641834605955660635708484795541402662479397729523857441090511879842212567563816672698806227757723767073186990320774522556895121155905798870141975866114047,9,1,0,0,0
804,1844110454837957992151829685535120753178532558595936498332034758177407800563842195966783320639051266957348207462529148016820517580706326108165671508735579288577611112369001742337995868944779629872970147885544070706737279666564843952794141018745,922055227418978996075914842767560376589266279297968249166017379088703900281921097983391660319525633478674103731264574008410258790353163054082835754367789644288805556184500871168997934472389814936485073942772035353368639833282421976397070509376,640129385556466010311665771909240748525896798942327183398040749929347574830492678866057491283669211911321271416969591082805324958795459047714882181023759684425135127633345397612455515447534146373980641549045113790242311811597740283951732228095,7,-2,0,0,0
805,3688220909675915984303659371070241506357065117191872996664069516354815601127684391933566641278102533914696414925058296033641035161412652216331343017471158577155222224738003484675991737889559259745940295771088141413474559333129687905588282037499,1844110454837957992151829685535120753178532558595936498332034758177407800563842195966783320639051266957348207462529148016820517580706326108165671508735579288577611112369001742337995868944779629872970147885544070706737279666564843952794141018754,1280258771112932020623331543818481497051793597884654366796081499858695149660985357732114982567338423822642542833939182165610649917590918095429764362047519368850270255266690795224911030895068292747961283098090227580484623623195480567903464456191,9,2,0,0,0
806,7376441819351831968607318742140483012714130234383745993328139032709631202255368783867133282556205067829392829850116592067282070322825304432662686034942317154310444449476006969351983475779118519491880591542176282826949118666259375811176564075005,3688220909675915984303659371070241506357065117191872996664069516354815601127684391933566641278102533914696414925058296033641035161412652216331343017471158577155222224738003484675991737889559259745940295771088141413474559333129687905588282037506,2560517542225864041246663087636962994103587195769308733592162999717390299321970715464229965134676847645285085667878364331221299835181836190859528724095038737700540510533381590449822061790136585495922566196180455160969247246390961135806928912383,7,-2,0,0,0
807,14752883638703663937214637484280966025428260468767491986656278065419262404510737567734266565112410135658785659700233184134564140645650608865325372069884634308620888898952013938703966951558237038983761183084352565653898237332518751622353128150019,7376441819351831968607318742140483012714130234383745993328139032709631202255368783867133282556205067829392829850116592067282070322825304432662686034942317154310444449476006969351983475779118519491880591542176282826949118666259375811176564075014,5121035084451728082493326175273925988207174391538617467184325999434780598643941430928459930269353695290570171335756728662442599670363672381719057448190077475401081021066763180899644123580273170991845132392360910321938494492781922271613857824767,9,2,0,0,0
808,29505767277407327874429274968561932050856520937534983973312556130838524809021475135468533130224820271317571319400466368269128281291301217730650744139769268617241777797904027877407933903116474077967522366168705131307796474665037503244706256300045,14752883638703663937214637484280966025428260468767491986656278065419262404510737567734266565112410135658785659700233184134564140645650608865325372069884634308620888898952013938703966951558237038983761183084352565653898237332518751622353128150026,10242070168903456164986652350547851976414348783077234934368651998869561197287882861856919860538707390581140342671513457324885199340727344763438114896380154950802162042133526361799288247160546341983690264784721820643876988985563844543227715649535,7,-2,0,0,0
809,59011534554814655748858549937123864101713041875069967946625112261677049618042950270937066260449640542635142638800932736538256562582602435461301488279538537234483555595808055754815867806232948155935044732337410262615592949330075006489412512600098,29505767277407327874429274968561932050856520937534983973312556130838524809021475135468533130224820271317571319400466368269128281291301217730650744139769268617241777797904027877407933903116474077967522366168705131307796474665037503244706256300053,20484140337806912329973304701095703952828697566154469868737303997739122394575765723713839721077414781162280685343026914649770398681454689526876229792760309901604324084267052723598576494321092683967380529569443641287753977971127689086455431299071,8,1,0,0,0
810,118023069109629311497717099874247728203426083750139935893250224523354099236085900541874132520899281085270285277601865473076513125165204870922602976559077074468967111191616111509631735612465896311870089464674820525231185898660150012978825025200205,59011534554814655748858549937123864101713041875069967946625112261677049618042950270937066260449640542635142638800932736538256562582602435461301488279538537234483555595808055754815867806232948155935044732337410262615592949330075006489412512600107,40968280675613824659946609402191407905657395132308939737474607995478244789151531447427679442154829562324561370686053829299540797362909379053752459585520619803208648168534105447197152988642185367934761059138887282575507955942255378172910862598143,9,1,0,0,0
811,236046138219258622995434199748495456406852167500279871786500449046708198472171801083748265041798562170540570555203730946153026250330409741845205953118154148937934222383232223019263471224931792623740178929349641050462371797320300025957650050400418,118023069109629311497717099874247728203426083750139935893250224523354099236085900541874132520899281085270285277601865473076513125165204870922602976559077074468967111191616111509631735612465896311870089464674820525231185898660150012978825025200213,81936561351227649319893218804382815811314790264617879474949215990956489578303062894855358884309659124649122741372107658599081594725818758107504919171041239606417296337068210894394305977284370735869522118277774565151015911884510756345821725196287,8,-1,0,0,0
812,472092276438517245990868399496990912813704335000559743573000898093416396944343602167496530083597124341081141110407461892306052500660819483690411906236308297875868444766464446038526942449863585247480357858699282100924743594640600051915300100800844,236046138219258622995434199748495456406852167500279871786500449046708198472171801083748265041798562170540570555203730946153026250330409741845205953118154148937934222383232223019263471224931792623740178929349641050462371797320300025957650050400426,163873122702455298639786437608765631622629580529235758949898431981912979156606125789710717768619318249298245482744215317198163189451637516215009838342082479212834592674136421788788611954568741471739044236555549130302031823769021512691643450392575,8,0,0,0,0
813,944184552877034491981736798993981825627408670001119487146001796186832793888687204334993060167194248682162282220814923784612105001321638967380823812472616595751736889532928892077053884899727170494960715717398564201849487189281200103830600201601695,472092276438517245990868399496990912813704335000559743573000898093416396944343602167496530083597124341081141110407461892306052500660819483690411906236308297875868444766464446038526942449863585247480357858699282100924743594640600051915300100800851,327746245404910597279572875217531263245259161058471517899796863963825958313212251579421435537238636498596490965488430634396326378903275032430019676684164958425669185348272843577577223909137482943478088473111098260604063647538043025383286900785151,7,-1,0,0,0
814,1888369105754068983963473597987963651254817340002238974292003592373665587777374408669986120334388497364324564441629847569224210002643277934761647624945233191503473779065857784154107769799454340989921431434797128403698974378562400207661200403203399,944184552877034491981736798993981825627408670001119487146001796186832793888687204334993060167194248682162282220814923784612105001321638967380823812472616595751736889532928892077053884899727170494960715717398564201849487189281200103830600201601704,655492490809821194559145750435062526490518322116943035799593727927651916626424503158842871074477272997192981930976861268792652757806550064860039353368329916851338370696545687155154447818274965886956176946222196521208127295076086050766573801570303,9,2,0,0,0
815,3776738211508137967926947195975927302509634680004477948584007184747331175554748817339972240668776994728649128883259695138448420005286555869523295249890466383006947558131715568308215539598908681979842862869594256807397948757124800415322400806406806,1888369105754068983963473597987963651254817340002238974292003592373665587777374408669986120334388497364324564441629847569224210002643277934761647624945233191503473779065857784154107769799454340989921431434797128403698974378562400207661200403203407,1310984981619642389118291500870125052981036644233886071599187455855303833252849006317685742148954545994385963861953722537585305515613100129720078706736659833702676741393091374310308895636549931773912353892444393042416254590152172101533147603140607,8,-1,0,0,0
816,7553476423016275935853894391951854605019269360008955897168014369494662351109497634679944481337553989457298257766519390276896840010573111739046590499780932766013895116263431136616431079197817363959685725739188513614795897514249600830644801612813619,3776738211508137967926947195975927302509634680004477948584007184747331175554748817339972240668776994728649128883259695138448420005286555869523295249890466383006947558131715568308215539598908681979842862869594256807397948757124800415322400806406813,2621969963239284778236583001740250105962073288467772143198374911710607666505698012635371484297909091988771927723907445075170611031226200259440157413473319667405353482786182748620617791273099863547824707784888786084832509180304344203066295206281215,7,-1,0,0,0
817,15106952846032551871707788783903709210038538720017911794336028738989324702218995269359888962675107978914596515533038780553793680021146223478093180999561865532027790232526862273232862158395634727919371451478377027229591795028499201661289603225627246,7553476423016275935853894391951854605019269360008955897168014369494662351109497634679944481337553989457298257766519390276896840010573111739046590499780932766013895116263431136616431079197817363959685725739188513614795897514249600830644801612813627,5243939926478569556473166003480500211924146576935544286396749823421215333011396025270742968595818183977543855447814890150341222062452400518880314826946639334810706965572365497241235582546199727095649415569777572169665018360608688406132590412562431,8,1,0,0,0
818,30213905692065103743415577567807418420077077440035823588672057477978649404437990538719777925350215957829193031066077561107587360042292446956186361999123731064055580465053724546465724316791269455838742902956754054459183590056998403322579206451254500,15106952846032551871707788783903709210038538720017911794336028738989324702218995269359888962675107978914596515533038780553793680021146223478093180999561865532027790232526862273232862158395634727919371451478377027229591795028499201661289603225627254,10487879852957139112946332006961000423848293153871088572793499646842430666022792050541485937191636367955087710895629780300682444124904801037760629653893278669621413931144730994482471165092399454191298831139555144339330036721217376812265180825124863,8,0,0,0,0
819,60427811384130207486831155135614836840154154880071647177344114955957298808875981077439555850700431915658386062132155122215174720084584893912372723998247462128111160930107449092931448633582538911677485805913508108918367180113996806645158412902509008,30213905692065103743415577567807418420077077440035823588672057477978649404437990538719777925350215957829193031066077561107587360042292446956186361999123731064055580465053724546465724316791269455838742902956754054459183590056998403322579206451254508,20975759705914278225892664013922000847696586307742177145586999293684861332045584101082971874383272735910175421791259560601364888249809602075521259307786557339242827862289461988964942330184798908382597662279110288678660073442434753624530361650249727,8,0,0,0,0
820,120855622768260414973662310271229673680308309760143294354688229911914597617751962154879111701400863831316772124264310244430349440169169787824745447996494924256222321860214898185862897267165077823354971611827016217836734360227993613290316825805018023,60427811384130207486831155135614836840154154880071647177344114955957298808875981077439555850700431915658386062132155122215174720084584893912372723998247462128111160930107449092931448633582538911677485805913508108918367180113996806645158412902509015,41951519411828556451785328027844001695393172615484354291173998587369722664091168202165943748766545471820350843582519121202729776499619204151042518615573114678485655724578923977929884660369597816765195324558220577357320146884869507249060723300499455,7,-1,0,0,0
821,241711245536520829947324620542459347360616619520286588709376459823829195235503924309758223402801727662633544248528620488860698880338339575649490895992989848512444643720429796371725794534330155646709943223654032435673468720455987226580633651610036055,120855622768260414973662310271229673680308309760143294354688229911914597617751962154879111701400863831316772124264310244430349440169169787824745447996494924256222321860214898185862897267165077823354971611827016217836734360227993613290316825805018032,83903038823657112903570656055688003390786345230968708582347997174739445328182336404331887497533090943640701687165038242405459552999238408302085037231146229356971311449157847955859769320739195633530390649116441154714640293769739014498121446600998911,9,2,0,0,0
822,483422491073041659894649241084918694721233239040573177418752919647658390471007848619516446805603455325267088497057240977721397760676679151298981791985979697024889287440859592743451589068660311293419886447308064871346937440911974453161267303220072118,241711245536520829947324620542459347360616619520286588709376459823829195235503924309758223402801727662633544248528620488860698880338339575649490895992989848512444643720429796371725794534330155646709943223654032435673468720455987226580633651610036063,167806077647314225807141312111376006781572690461937417164695994349478890656364672808663774995066181887281403374330076484810919105998476816604170074462292458713942622898315695911719538641478391267060781298232882309429280587539478028996242893201997823,8,-1,0,0,0
823,966844982146083319789298482169837389442466478081146354837505839295316780942015697239032893611206910650534176994114481955442795521353358302597963583971959394049778574881719185486903178137320622586839772894616129742693874881823948906322534606440144243,483422491073041659894649241084918694721233239040573177418752919647658390471007848619516446805603455325267088497057240977721397760676679151298981791985979697024889287440859592743451589068660311293419886447308064871346937440911974453161267303220072125,335612155294628451614282624222752013563145380923874834329391988698957781312729345617327549990132363774562806748660152969621838211996953633208340148924584917427885245796631391823439077282956782534121562596465764618858561175078956057992485786403995647,7,-1,0,0,0
824,1933689964292166639578596964339674778884932956162292709675011678590633561884031394478065787222413821301068353988228963910885591042706716605195927167943918788099557149763438370973806356274641245173679545789232259485387749763647897812645069212880288495,966844982146083319789298482169837389442466478081146354837505839295316780942015697239032893611206910650534176994114481955442795521353358302597963583971959394049778574881719185486903178137320622586839772894616129742693874881823948906322534606440144252,671224310589256903228565248445504027126290761847749668658783977397915562625458691234655099980264727549125613497320305939243676423993907266416680297849169834855770491593262783646878154565913565068243125192931529237717122350157912115984971572807991295,9,2,0,0,0
825,3867379928584333279157193928679349557769865912324585419350023357181267123768062788956131574444827642602136707976457927821771182085413433210391854335887837576199114299526876741947612712549282490347359091578464518970775499527295795625290138425760576997,1933689964292166639578596964339674778884932956162292709675011678590633561884031394478065787222413821301068353988228963910885591042706716605195927167943918788099557149763438370973806356274641245173679545789232259485387749763647897812645069212880288502,1342448621178513806457130496891008054252581523695499337317567954795831125250917382469310199960529455098251226994640611878487352847987814532833360595698339669711540983186525567293756309131827130136486250385863058475434244700315824231969943145615982591,7,-2,0,0,0
826,7734759857168666558314387857358699115539731824649170838700046714362534247536125577912263148889655285204273415952915855643542364170826866420783708671775675152398228599053753483895225425098564980694718183156929037941550999054591591250580276851521154003,3867379928584333279157193928679349557769865912324585419350023357181267123768062788956131574444827642602136707976457927821771182085413433210391854335887837576199114299526876741947612712549282490347359091578464518970775499527295795625290138425760577006,2684897242357027612914260993782016108505163047390998674635135909591662250501834764938620399921058910196502453989281223756974705695975629065666721191396679339423081966373051134587512618263654260272972500771726116950868489400631648463939886291231965183,9,2,1,0,0
827,15469519714337333116628775714717398231079463649298341677400093428725068495072251155824526297779310570408546831905831711287084728341653732841567417343551350304796457198107506967790450850197129961389436366313858075883101998109183182501160553703042308013,7734759857168666558314387857358699115539731824649170838700046714362534247536125577912263148889655285204273415952915855643542364170826866420783708671775675152398228599053753483895225425098564980694718183156929037941550999054591591250580276851521154010,5369794484714055225828521987564032217010326094781997349270271819183324501003669529877240799842117820393004907978562447513949411391951258131333442382793358678846163932746102269175025236527308520545945001543452233901736978801263296927879772582463930367,7,-2,0,0,0
828,30939039428674666233257551429434796462158927298596683354800186857450136990144502311649052595558621140817093663811663422574169456683307465683134834687102700609592914396215013935580901700394259922778872732627716151766203996218366365002321107406084616034,15469519714337333116628775714717398231079463649298341677400093428725068495072251155824526297779310570408546831905831711287084728341653732841567417343551350304796457198107506967790450850197129961389436366313858075883101998109183182501160553703042308021,10739588969428110451657043975128064434020652189563994698540543638366649002007339059754481599684235640786009815957124895027898822783902516262666884765586717357692327865492204538350050473054617041091890003086904467803473957602526593855759545164927860735,8,1,0,0,0
829,61878078857349332466515102858869592924317854597193366709600373714900273980289004623298105191117242281634187327623326845148338913366614931366269669374205401219185828792430027871161803400788519845557745465255432303532407992436732730004642214812169232076,30939039428674666233257551429434796462158927298596683354800186857450136990144502311649052595558621140817093663811663422574169456683307465683134834687102700609592914396215013935580901700394259922778872732627716151766203996218366365002321107406084616042,21479177938856220903314087950256128868041304379127989397081087276733298004014678119508963199368471281572019631914249790055797645567805032525333769531173434715384655730984409076700100946109234082183780006173808935606947915205053187711519090329855721471,8,0,0,0,0
830,123756157714698664933030205717739185848635709194386733419200747429800547960578009246596210382234484563268374655246653690296677826733229862732539338748410802438371657584860055742323606801577039691115490930510864607064815984873465460009284429624338464161,61878078857349332466515102858869592924317854597193366709600373714900273980289004623298105191117242281634187327623326845148338913366614931366269669374205401219185828792430027871161803400788519845557745465255432303532407992436732730004642214812169232085,42958355877712441806628175900512257736082608758255978794162174553466596008029356239017926398736942563144039263828499580111595291135610065050667539062346869430769311461968818153400201892218468164367560012347617871213895830410106375423038180659711442943,9,1,0,0,0
831,247512315429397329866060411435478371697271418388773466838401494859601095921156018493192420764468969126536749310493307380593355653466459725465078677496821604876743315169720111484647213603154079382230981861021729214129631969746930920018568859248676928329,123756157714698664933030205717739185848635709194386733419200747429800547960578009246596210382234484563268374655246653690296677826733229862732539338748410802438371657584860055742323606801577039691115490930510864607064815984873465460009284429624338464168,85916711755424883613256351801024515472165217516511957588324349106933192016058712478035852797473885126288078527656999160223190582271220130101335078124693738861538622923937636306800403784436936328735120024695235742427791660820212750846076361319422885887,7,-2,0,0,0
832,495024630858794659732120822870956743394542836777546933676802989719202191842312036986384841528937938253073498620986614761186711306932919450930157354993643209753486630339440222969294427206308158764461963722043458428259263939493861840037137718497353856666,247512315429397329866060411435478371697271418388773466838401494859601095921156018493192420764468969126536749310493307380593355653466459725465078677496821604876743315169720111484647213603154079382230981861021729214129631969746930920018568859248676928337,171833423510849767226512703602049030944330435033023915176648698213866384032117424956071705594947770252576157055313998320446381164542440260202670156249387477723077245847875272613600807568873872657470240049390471484855583321640425501692152722638845771775,8,1,0,0,0
833,990049261717589319464241645741913486789085673555093867353605979438404383684624073972769683057875876506146997241973229522373422613865838901860314709987286419506973260678880445938588854412616317528923927444086916856518527878987723680074275436994707713341,495024630858794659732120822870956743394542836777546933676802989719202191842312036986384841528937938253073498620986614761186711306932919450930157354993643209753486630339440222969294427206308158764461963722043458428259263939493861840037137718497353856675,343666847021699534453025407204098061888660870066047830353297396427732768064234849912143411189895540505152314110627996640892762329084880520405340312498774955446154491695750545227201615137747745314940480098780942969711166643280851003384305445277691543551,9,1,0,0,0
834,1980098523435178638928483291483826973578171347110187734707211958876808767369248147945539366115751753012293994483946459044746845227731677803720629419974572839013946521357760891877177708825232635057847854888173833713037055757975447360148550873989415426690,990049261717589319464241645741913486789085673555093867353605979438404383684624073972769683057875876506146997241973229522373422613865838901860314709987286419506973260678880445938588854412616317528923927444086916856518527878987723680074275436994707713349,687333694043399068906050814408196123777321740132095660706594792855465536128469699824286822379791081010304628221255993281785524658169761040810680624997549910892308983391501090454403230275495490629880960197561885939422333286561702006768610890555383087103,8,-1,0,0,0
835,3960197046870357277856966582967653947156342694220375469414423917753617534738496295891078732231503506024587988967892918089493690455463355607441258839949145678027893042715521783754355417650465270115695709776347667426074111515950894720297101747978830853387,1980098523435178638928483291483826973578171347110187734707211958876808767369248147945539366115751753012293994483946459044746845227731677803720629419974572839013946521357760891877177708825232635057847854888173833713037055757975447360148550873989415426697,1374667388086798137812101628816392247554643480264191321413189585710931072256939399648573644759582162020609256442511986563571049316339522081621361249995099821784617966783002180908806460550990981259761920395123771878844666573123404013537221781110766174207,7,-1,0,0,0
836,7920394093740714555713933165935307894312685388440750938828847835507235069476992591782157464463007012049175977935785836178987380910926711214882517679898291356055786085431043567508710835300930540231391419552695334852148223031901789440594203495957661706782,3960197046870357277856966582967653947156342694220375469414423917753617534738496295891078732231503506024587988967892918089493690455463355607441258839949145678027893042715521783754355417650465270115695709776347667426074111515950894720297101747978830853395,2749334776173596275624203257632784495109286960528382642826379171421862144513878799297147289519164324041218512885023973127142098632679044163242722499990199643569235933566004361817612921101981962519523840790247543757689333146246808027074443562221532348415,8,1,0,0,0
837,15840788187481429111427866331870615788625370776881501877657695671014470138953985183564314928926014024098351955871571672357974761821853422429765035359796582712111572170862087135017421670601861080462782839105390669704296446063803578881188406991915323413572,7920394093740714555713933165935307894312685388440750938828847835507235069476992591782157464463007012049175977935785836178987380910926711214882517679898291356055786085431043567508710835300930540231391419552695334852148223031901789440594203495957661706790,5498669552347192551248406515265568990218573921056765285652758342843724289027757598594294579038328648082437025770047946254284197265358088326485444999980399287138471867132008723635225842203963925039047681580495087515378666292493616054148887124443064696831,8,0,0,0,0
838,31681576374962858222855732663741231577250741553763003755315391342028940277907970367128629857852028048196703911743143344715949523643706844859530070719593165424223144341724174270034843341203722160925565678210781339408592892127607157762376813983830646827153,15840788187481429111427866331870615788625370776881501877657695671014470138953985183564314928926014024098351955871571672357974761821853422429765035359796582712111572170862087135017421670601861080462782839105390669704296446063803578881188406991915323413581,10997339104694385102496813030531137980437147842113530571305516685687448578055515197188589158076657296164874051540095892508568394530716176652970889999960798574276943734264017447270451684407927850078095363160990175030757332584987232108297774248886129393663,9,1,0,0,0
839,63363152749925716445711465327482463154501483107526007510630782684057880555815940734257259715704056096393407823486286689431899047287413689719060141439186330848446288683448348540069686682407444321851131356421562678817185784255214315524753627967661293654314,31681576374962858222855732663741231577250741553763003755315391342028940277907970367128629857852028048196703911743143344715949523643706844859530070719593165424223144341724174270034843341203722160925565678210781339408592892127607157762376813983830646827161,21994678209388770204993626061062275960874295684227061142611033371374897156111030394377178316153314592329748103080191785017136789061432353305941779999921597148553887468528034894540903368815855700156190726321980350061514665169974464216595548497772258787327,8,-1,0,0,0
840,126726305499851432891422930654964926309002966215052015021261565368115761111631881468514519431408112192786815646972573378863798094574827379438120282878372661696892577366896697080139373364814888643702262712843125357634371568510428631049507255935322587308636,63363152749925716445711465327482463154501483107526007510630782684057880555815940734257259715704056096393407823486286689431899047287413689719060141439186330848446288683448348540069686682407444321851131356421562678817185784255214315524753627967661293654322,43989356418777540409987252122124551921748591368454122285222066742749794312222060788754356632306629184659496206160383570034273578122864706611883559999843194297107774937056069789081806737631711400312381452643960700123029330339948928433191096995544517574655,8,0,0,0,0
841,253452610999702865782845861309929852618005932430104030042523130736231522223263762937029038862816224385573631293945146757727596189149654758876240565756745323393785154733793394160278746729629777287404525425686250715268743137020857262099014511870645174617279,126726305499851432891422930654964926309002966215052015021261565368115761111631881468514519431408112192786815646972573378863798094574827379438120282878372661696892577366896697080139373364814888643702262712843125357634371568510428631049507255935322587308643,87978712837555080819974504244249103843497182736908244570444133485499588624444121577508713264613258369318992412320767140068547156245729413223767119999686388594215549874112139578163613475263422800624762905287921400246058660679897856866382193991089035149311,7,-1,0,0,0
842,506905221999405731565691722619859705236011864860208060085046261472463044446527525874058077725632448771147262587890293515455192378299309517752481131513490646787570309467586788320557493459259554574809050851372501430537486274041714524198029023741290349234567,253452610999702865782845861309929852618005932430104030042523130736231522223263762937029038862816224385573631293945146757727596189149654758876240565756745323393785154733793394160278746729629777287404525425686250715268743137020857262099014511870645174617288,175957425675110161639949008488498207686994365473816489140888266970999177248888243155017426529226516738637984824641534280137094312491458826447534239999372777188431099748224279156327226950526845601249525810575842800492117321359795713732764387982178070298623,9,2,0,0,0
843,1013810443998811463131383445239719410472023729720416120170092522944926088893055051748116155451264897542294525175780587030910384756598619035504962263026981293575140618935173576641114986918519109149618101702745002861074972548083429048396058047482580698469141,506905221999405731565691722619859705236011864860208060085046261472463044446527525874058077725632448771147262587890293515455192378299309517752481131513490646787570309467586788320557493459259554574809050851372501430537486274041714524198029023741290349234574,351914851350220323279898016976996415373988730947632978281776533941998354497776486310034853058453033477275969649283068560274188624982917652895068479998745554376862199496448558312654453901053691202499051621151685600984234642719591427465528775964356140597247,7,-2,0,0,0
844,2027620887997622926262766890479438820944047459440832240340185045889852177786110103496232310902529795084589050351561174061820769513197238071009924526053962587150281237870347153282229973837038218299236203405490005722149945096166858096792116094965161396938291,1013810443998811463131383445239719410472023729720416120170092522944926088893055051748116155451264897542294525175780587030910384756598619035504962263026981293575140618935173576641114986918519109149618101702745002861074972548083429048396058047482580698469150,703829702700440646559796033953992830747977461895265956563553067883996708995552972620069706116906066954551939298566137120548377249965835305790136959997491108753724398992897116625308907802107382404998103242303371201968469285439182854931057551928712281194495,9,2,0,0,0
845,4055241775995245852525533780958877641888094918881664480680370091779704355572220206992464621805059590169178100703122348123641539026394476142019849052107925174300562475740694306564459947674076436598472406810980011444299890192333716193584232189930322793876589,2027620887997622926262766890479438820944047459440832240340185045889852177786110103496232310902529795084589050351561174061820769513197238071009924526053962587150281237870347153282229973837038218299236203405490005722149945096166858096792116094965161396938298,1407659405400881293119592067907985661495954923790531913127106135767993417991105945240139412233812133909103878597132274241096754499931670611580273919994982217507448797985794233250617815604214764809996206484606742403936938570878365709862115103857424562388991,7,-2,0,0,0
846,8110483551990491705051067561917755283776189837763328961360740183559408711144440413984929243610119180338356201406244696247283078052788952284039698104215850348601124951481388613128919895348152873196944813621960022888599780384667432387168464379860645587753186,4055241775995245852525533780958877641888094918881664480680370091779704355572220206992464621805059590169178100703122348123641539026394476142019849052107925174300562475740694306564459947674076436598472406810980011444299890192333716193584232189930322793876597,2815318810801762586239184135815971322991909847581063826254212271535986835982211890480278824467624267818207757194264548482193508999863341223160547839989964435014897595971588466501235631208429529619992412969213484807873877141756731419724230207714849124777983,8,1,0,0,0
847,16220967103980983410102135123835510567552379675526657922721480367118817422288880827969858487220238360676712402812489392494566156105577904568079396208431700697202249902962777226257839790696305746393889627243920045777199560769334864774336928759721291175506381,8110483551990491705051067561917755283776189837763328961360740183559408711144440413984929243610119180338356201406244696247283078052788952284039698104215850348601124951481388613128919895348152873196944813621960022888599780384667432387168464379860645587753195,5630637621603525172478368271631942645983819695162127652508424543071973671964423780960557648935248535636415514388529096964387017999726682446321095679979928870029795191943176933002471262416859059239984825938426969615747754283513462839448460415429698249555967,9,1,0,0,0
848,32441934207961966820204270247671021135104759351053315845442960734237634844577761655939716974440476721353424805624978784989132312211155809136158792416863401394404499805925554452515679581392611492787779254487840091554399121538669729548673857519442582351012769,16220967103980983410102135123835510567552379675526657922721480367118817422288880827969858487220238360676712402812489392494566156105577904568079396208431700697202249902962777226257839790696305746393889627243920045777199560769334864774336928759721291175506388,11261275243207050344956736543263885291967639390324255305016849086143947343928847561921115297870497071272831028777058193928774035999453364892642191359959857740059590383886353866004942524833718118479969651876853939231495508567026925678896920830859396499111935,7,-2,0,0,0
849,64883868415923933640408540495342042270209518702106631690885921468475269689155523311879433948880953442706849611249957569978264624422311618272317584833726802788808999611851108905031359162785222985575558508975680183108798243077339459097347715038885164702025547,32441934207961966820204270247671021135104759351053315845442960734237634844577761655939716974440476721353424805624978784989132312211155809136158792416863401394404499805925554452515679581392611492787779254487840091554399121538669729548673857519442582351012778,22522550486414100689913473086527770583935278780648510610033698172287894687857695123842230595740994142545662057554116387857548071998906729785284382719919715480119180767772707732009885049667436236959939303753707878462991017134053851357793841661718792998223871,9,2,0,0,0
850,129767736831847867280817080990684084540419037404213263381771842936950539378311046623758867897761906885413699222499915139956529248844623236544635169667453605577617999223702217810062718325570445971151117017951360366217596486154678918194695430077770329404051101,64883868415923933640408540495342042270209518702106631690885921468475269689155523311879433948880953442706849611249957569978264624422311618272317584833726802788808999611851108905031359162785222985575558508975680183108798243077339459097347715038885164702025554,45045100972828201379826946173055541167870557561297021220067396344575789375715390247684461191481988285091324115108232775715096143997813459570568765439839430960238361535545415464019770099334872473919878607507415756925982034268107702715587683323437585996447743,7,-2,0,0,0
851,259535473663695734561634161981368169080838074808426526763543685873901078756622093247517735795523813770827398444999830279913058497689246473089270339334907211155235998447404435620125436651140891942302234035902720732435192972309357836389390860155540658808102211,129767736831847867280817080990684084540419037404213263381771842936950539378311046623758867897761906885413699222499915139956529248844623236544635169667453605577617999223702217810062718325570445971151117017951360366217596486154678918194695430077770329404051110,90090201945656402759653892346111082335741115122594042440134792689151578751430780495368922382963976570182648230216465551430192287995626919141137530879678861920476723071090830928039540198669744947839757215014831513851964068536215405431175366646875171992895487,9,2,0,0,0
852,519070947327391469123268323962736338161676149616853053527087371747802157513244186495035471591047627541654796889999660559826116995378492946178540678669814422310471996894808871240250873302281783884604468071805441464870385944618715672778781720311081317616204429,259535473663695734561634161981368169080838074808426526763543685873901078756622093247517735795523813770827398444999830279913058497689246473089270339334907211155235998447404435620125436651140891942302234035902720732435192972309357836389390860155540658808102218,180180403891312805519307784692222164671482230245188084880269585378303157502861560990737844765927953140365296460432931102860384575991253838282275061759357723840953446142181661856079080397339489895679514430029663027703928137072430810862350733293750343985790975,7,-2,0,0,0
853,1038141894654782938246536647925472676323352299233706107054174743495604315026488372990070943182095255083309593779999321119652233990756985892357081357339628844620943993789617742480501746604563567769208936143610882929740771889237431345557563440622162635232408866,519070947327391469123268323962736338161676149616853053527087371747802157513244186495035471591047627541654796889999660559826116995378492946178540678669814422310471996894808871240250873302281783884604468071805441464870385944618715672778781720311081317616204437,360360807782625611038615569384444329342964460490376169760539170756606315005723121981475689531855906280730592920865862205720769151982507676564550123518715447681906892284363323712158160794678979791359028860059326055407856274144861621724701466587500687971581951,8,1,0,0,0
854,2076283789309565876493073295850945352646704598467412214108349486991208630052976745980141886364190510166619187559998642239304467981513971784714162714679257689241887987579235484961003493209127135538417872287221765859481543778474862691115126881244325270464817740,1038141894654782938246536647925472676323352299233706107054174743495604315026488372990070943182095255083309593779999321119652233990756985892357081357339628844620943993789617742480501746604563567769208936143610882929740771889237431345557563440622162635232408874,720721615565251222077231138768888658685928920980752339521078341513212630011446243962951379063711812561461185841731724411441538303965015353129100247037430895363813784568726647424316321589357959582718057720118652110815712548289723243449402933175001375943163903,8,0,0,0,0
855,4152567578619131752986146591701890705293409196934824428216698973982417260105953491960283772728381020333238375119997284478608935963027943569428325429358515378483775975158470969922006986418254271076835744574443531718963087556949725382230253762488650540929635488,2076283789309565876493073295850945352646704598467412214108349486991208630052976745980141886364190510166619187559998642239304467981513971784714162714679257689241887987579235484961003493209127135538417872287221765859481543778474862691115126881244325270464817748,1441443231130502444154462277537777317371857841961504679042156683026425260022892487925902758127423625122922371683463448822883076607930030706258200494074861790727627569137453294848632643178715919165436115440237304221631425096579446486898805866350002751886327807,8,0,0,0,0
856,8305135157238263505972293183403781410586818393869648856433397947964834520211906983920567545456762040666476750239994568957217871926055887138856650858717030756967551950316941939844013972836508542153671489148887063437926175113899450764460507524977301081859270985,4152567578619131752986146591701890705293409196934824428216698973982417260105953491960283772728381020333238375119997284478608935963027943569428325429358515378483775975158470969922006986418254271076835744574443531718963087556949725382230253762488650540929635497,2882886462261004888308924555075554634743715683923009358084313366052850520045784975851805516254847250245844743366926897645766153215860061412516400988149723581455255138274906589697265286357431838330872230880474608443262850193158892973797611732700005503772655615,9,1,0,0,0
857,16610270314476527011944586366807562821173636787739297712866795895929669040423813967841135090913524081332953500479989137914435743852111774277713301717434061513935103900633883879688027945673017084307342978297774126875852350227798901528921015049954602163718541978,8305135157238263505972293183403781410586818393869648856433397947964834520211906983920567545456762040666476750239994568957217871926055887138856650858717030756967551950316941939844013972836508542153671489148887063437926175113899450764460507524977301081859270993,5765772924522009776617849110151109269487431367846018716168626732105701040091569951703611032509694500491689486733853795291532306431720122825032801976299447162910510276549813179394530572714863676661744461760949216886525700386317785947595223465400011007545311231,8,-1,0,0,0
858,33220540628953054023889172733615125642347273575478595425733591791859338080847627935682270181827048162665907000959978275828871487704223548555426603434868123027870207801267767759376055891346034168614685956595548253751704700455597803057842030099909204327437083964,16610270314476527011944586366807562821173636787739297712866795895929669040423813967841135090913524081332953500479989137914435743852111774277713301717434061513935103900633883879688027945673017084307342978297774126875852350227798901528921015049954602163718541986,11531545849044019553235698220302218538974862735692037432337253464211402080183139903407222065019389000983378973467707590583064612863440245650065603952598894325821020553099626358789061145429727353323488923521898433773051400772635571895190446930800022015090622463,8,0,0,0,0
859,66441081257906108047778345467230251284694547150957190851467183583718676161695255871364540363654096325331814001919956551657742975408447097110853206869736246055740415602535535518752111782692068337229371913191096507503409400911195606115684060199818408654874167935,33220540628953054023889172733615125642347273575478595425733591791859338080847627935682270181827048162665907000959978275828871487704223548555426603434868123027870207801267767759376055891346034168614685956595548253751704700455597803057842030099909204327437083971,23063091698088039106471396440604437077949725471384074864674506928422804160366279806814444130038778001966757946935415181166129225726880491300131207905197788651642041106199252717578122290859454706646977847043796867546102801545271143790380893861600044030181244927,7,-1,0,0,0
860,132882162515812216095556690934460502569389094301914381702934367167437352323390511742729080727308192650663628003839913103315485950816894194221706413739472492111480831205071071037504223565384136674458743826382193015006818801822391212231368120399636817309748335879,66441081257906108047778345467230251284694547150957190851467183583718676161695255871364540363654096325331814001919956551657742975408447097110853206869736246055740415602535535518752111782692068337229371913191096507503409400911195606115684060199818408654874167944,46126183396176078212942792881208874155899450942768149729349013856845608320732559613628888260077556003933515893870830362332258451453760982600262415810395577303284082212398505435156244581718909413293955694087593735092205603090542287580761787723200088060362489855,9,2,0,0,0
861,265764325031624432191113381868921005138778188603828763405868734334874704646781023485458161454616385301327256007679826206630971901633788388443412827478944984222961662410142142075008447130768273348917487652764386030013637603644782424462736240799273634619496671765,132882162515812216095556690934460502569389094301914381702934367167437352323390511742729080727308192650663628003839913103315485950816894194221706413739472492111480831205071071037504223565384136674458743826382193015006818801822391212231368120399636817309748335886,92252366792352156425885585762417748311798901885536299458698027713691216641465119227257776520155112007867031787741660724664516902907521965200524831620791154606568164424797010870312489163437818826587911388175187470184411206181084575161523575446400176120724979711,7,-2,0,0,0
862,531528650063248864382226763737842010277556377207657526811737468669749409293562046970916322909232770602654512015359652413261943803267576776886825654957889968445923324820284284150016894261536546697834975305528772060027275207289564848925472481598547269238993343539,265764325031624432191113381868921005138778188603828763405868734334874704646781023485458161454616385301327256007679826206630971901633788388443412827478944984222961662410142142075008447130768273348917487652764386030013637603644782424462736240799273634619496671774,184504733584704312851771171524835496623597803771072598917396055427382433282930238454515553040310224015734063575483321449329033805815043930401049663241582309213136328849594021740624978326875637653175822776350374940368822412362169150323047150892800352241449959423,9,2,0,0,0
863,1063057300126497728764453527475684020555112754415315053623474937339498818587124093941832645818465541205309024030719304826523887606535153553773651309915779936891846649640568568300033788523073093395669950611057544120054550414579129697850944963197094538477986687085,531528650063248864382226763737842010277556377207657526811737468669749409293562046970916322909232770602654512015359652413261943803267576776886825654957889968445923324820284284150016894261536546697834975305528772060027275207289564848925472481598547269238993343546,369009467169408625703542343049670993247195607542145197834792110854764866565860476909031106080620448031468127150966642898658067611630087860802099326483164618426272657699188043481249956653751275306351645552700749880737644824724338300646094301785600704482899918847,7,-2,0,0,0
864,2126114600252995457528907054951368041110225508830630107246949874678997637174248187883665291636931082410618048061438609653047775213070307107547302619831559873783693299281137136600067577046146186791339901222115088240109100829158259395701889926394189076955973374179,1063057300126497728764453527475684020555112754415315053623474937339498818587124093941832645818465541205309024030719304826523887606535153553773651309915779936891846649640568568300033788523073093395669950611057544120054550414579129697850944963197094538477986687094,738018934338817251407084686099341986494391215084290395669584221709529733131720953818062212161240896062936254301933285797316135223260175721604198652966329236852545315398376086962499913307502550612703291105401499761475289649448676601292188603571201408965799837695,9,2,0,0,0
865,4252229200505990915057814109902736082220451017661260214493899749357995274348496375767330583273862164821236096122877219306095550426140614215094605239663119747567386598562274273200135154092292373582679802444230176480218201658316518791403779852788378153911946748365,2126114600252995457528907054951368041110225508830630107246949874678997637174248187883665291636931082410618048061438609653047775213070307107547302619831559873783693299281137136600067577046146186791339901222115088240109100829158259395701889926394189076955973374186,1476037868677634502814169372198683972988782430168580791339168443419059466263441907636124424322481792125872508603866571594632270446520351443208397305932658473705090630796752173924999826615005101225406582210802999522950579298897353202584377207142402817931599675391,7,-2,0,0,0
866,8504458401011981830115628219805472164440902035322520428987799498715990548696992751534661166547724329642472192245754438612191100852281228430189210479326239495134773197124548546400270308184584747165359604888460352960436403316633037582807559705576756307823893496738,4252229200505990915057814109902736082220451017661260214493899749357995274348496375767330583273862164821236096122877219306095550426140614215094605239663119747567386598562274273200135154092292373582679802444230176480218201658316518791403779852788378153911946748373,2952075737355269005628338744397367945977564860337161582678336886838118932526883815272248848644963584251745017207733143189264540893040702886416794611865316947410181261593504347849999653230010202450813164421605999045901158597794706405168754414284805635863199350783,8,1,0,0,0
867,17008916802023963660231256439610944328881804070645040857975598997431981097393985503069322333095448659284944384491508877224382201704562456860378420958652478990269546394249097092800540616369169494330719209776920705920872806633266075165615119411153512615647786993484,8504458401011981830115628219805472164440902035322520428987799498715990548696992751534661166547724329642472192245754438612191100852281228430189210479326239495134773197124548546400270308184584747165359604888460352960436403316633037582807559705576756307823893496746,5904151474710538011256677488794735891955129720674323165356673773676237865053767630544497697289927168503490034415466286378529081786081405772833589223730633894820362523187008695699999306460020404901626328843211998091802317195589412810337508828569611271726398701567,8,0,0,0,0
868,34017833604047927320462512879221888657763608141290081715951197994863962194787971006138644666190897318569888768983017754448764403409124913720756841917304957980539092788498194185601081232738338988661438419553841411841745613266532150331230238822307025231295573986976,17008916802023963660231256439610944328881804070645040857975598997431981097393985503069322333095448659284944384491508877224382201704562456860378420958652478990269546394249097092800540616369169494330719209776920705920872806633266075165615119411153512615647786993492,11808302949421076022513354977589471783910259441348646330713347547352475730107535261088995394579854337006980068830932572757058163572162811545667178447461267789640725046374017391399998612920040809803252657686423996183604634391178825620675017657139222543452797403135,8,0,0,0,0
869,68035667208095854640925025758443777315527216282580163431902395989727924389575942012277289332381794637139777537966035508897528806818249827441513683834609915961078185576996388371202162465476677977322876839107682823683491226533064300662460477644614050462591147973959,34017833604047927320462512879221888657763608141290081715951197994863962194787971006138644666190897318569888768983017754448764403409124913720756841917304957980539092788498194185601081232738338988661438419553841411841745613266532150331230238822307025231295573986983,23616605898842152045026709955178943567820518882697292661426695094704951460215070522177990789159708674013960137661865145514116327144325623091334356894922535579281450092748034782799997225840081619606505315372847992367209268782357651241350035314278445086905594806271,7,-1,0,0,0
870,136071334416191709281850051516887554631054432565160326863804791979455848779151884024554578664763589274279555075932071017795057613636499654883027367669219831922156371153992776742404324930953355954645753678215365647366982453066128601324920955289228100925182295947927,68035667208095854640925025758443777315527216282580163431902395989727924389575942012277289332381794637139777537966035508897528806818249827441513683834609915961078185576996388371202162465476677977322876839107682823683491226533064300662460477644614050462591147973968,47233211797684304090053419910357887135641037765394585322853390189409902920430141044355981578319417348027920275323730291028232654288651246182668713789845071158562900185496069565599994451680163239213010630745695984734418537564715302482700070628556890173811189612543,9,2,0,0,0
871,272142668832383418563700103033775109262108865130320653727609583958911697558303768049109157329527178548559110151864142035590115227272999309766054735338439663844312742307985553484808649861906711909291507356430731294733964906132257202649841910578456201850364591895862,136071334416191709281850051516887554631054432565160326863804791979455848779151884024554578664763589274279555075932071017795057613636499654883027367669219831922156371153992776742404324930953355954645753678215365647366982453066128601324920955289228100925182295947935,94466423595368608180106839820715774271282075530789170645706780378819805840860282088711963156638834696055840550647460582056465308577302492365337427579690142317125800370992139131199988903360326478426021261491391969468837075129430604965400141257113780347622379225087,8,-1,0,0,0
872,544285337664766837127400206067550218524217730260641307455219167917823395116607536098218314659054357097118220303728284071180230454545998619532109470676879327688625484615971106969617299723813423818583014712861462589467929812264514405299683821156912403700729183791731,272142668832383418563700103033775109262108865130320653727609583958911697558303768049109157329527178548559110151864142035590115227272999309766054735338439663844312742307985553484808649861906711909291507356430731294733964906132257202649841910578456201850364591895869,188932847190737216360213679641431548542564151061578341291413560757639611681720564177423926313277669392111681101294921164112930617154604984730674855159380284634251600741984278262399977806720652956852042522982783938937674150258861209930800282514227560695244758450175,7,-1,0,0,0
873,1088570675329533674254800412135100437048435460521282614910438335835646790233215072196436629318108714194236440607456568142360460909091997239064218941353758655377250969231942213939234599447626847637166029425722925178935859624529028810599367642313824807401458367583470,544285337664766837127400206067550218524217730260641307455219167917823395116607536098218314659054357097118220303728284071180230454545998619532109470676879327688625484615971106969617299723813423818583014712861462589467929812264514405299683821156912403700729183791739,377865694381474432720427359282863097085128302123156682582827121515279223363441128354847852626555338784223362202589842328225861234309209969461349710318760569268503201483968556524799955613441305913704085045965567877875348300517722419861600565028455121390489516900351,8,1,0,0,0
874,2177141350659067348509600824270200874096870921042565229820876671671293580466430144392873258636217428388472881214913136284720921818183994478128437882707517310754501938463884427878469198895253695274332058851445850357871719249058057621198735284627649614802916735166948,1088570675329533674254800412135100437048435460521282614910438335835646790233215072196436629318108714194236440607456568142360460909091997239064218941353758655377250969231942213939234599447626847637166029425722925178935859624529028810599367642313824807401458367583478,755731388762948865440854718565726194170256604246313365165654243030558446726882256709695705253110677568446724405179684656451722468618419938922699420637521138537006402967937113049599911226882611827408170091931135755750696601035444839723201130056910242780979033800703,8,0,0,0,0
875,4354282701318134697019201648540401748193741842085130459641753343342587160932860288785746517272434856776945762429826272569441843636367988956256875765415034621509003876927768855756938397790507390548664117702891700715743438498116115242397470569255299229605833470333905,2177141350659067348509600824270200874096870921042565229820876671671293580466430144392873258636217428388472881214913136284720921818183994478128437882707517310754501938463884427878469198895253695274332058851445850357871719249058057621198735284627649614802916735166957,1511462777525897730881709437131452388340513208492626730331308486061116893453764513419391410506221355136893448810359369312903444937236839877845398841275042277074012805935874226099199822453765223654816340183862271511501393202070889679446402260113820485561958067601407,9,1,0,0,0
876,8708565402636269394038403297080803496387483684170260919283506686685174321865720577571493034544869713553891524859652545138883687272735977912513751530830069243018007753855537711513876795581014781097328235405783401431486876996232230484794941138510598459211666940667817,4354282701318134697019201648540401748193741842085130459641753343342587160932860288785746517272434856776945762429826272569441843636367988956256875765415034621509003876927768855756938397790507390548664117702891700715743438498116115242397470569255299229605833470333912,3022925555051795461763418874262904776681026416985253460662616972122233786907529026838782821012442710273786897620718738625806889874473679755690797682550084554148025611871748452198399644907530447309632680367724543023002786404141779358892804520227640971123916135202815,7,-2,0,0,0
877,17417130805272538788076806594161606992774967368340521838567013373370348643731441155142986069089739427107783049719305090277767374545471955825027503061660138486036015507711075423027753591162029562194656470811566802862973753992464460969589882277021196918423333881335643,8708565402636269394038403297080803496387483684170260919283506686685174321865720577571493034544869713553891524859652545138883687272735977912513751530830069243018007753855537711513876795581014781097328235405783401431486876996232230484794941138510598459211666940667826,6045851110103590923526837748525809553362052833970506921325233944244467573815058053677565642024885420547573795241437477251613779748947359511381595365100169108296051223743496904396799289815060894619265360735449086046005572808283558717785609040455281942247832270405631,9,2,0,0,0
878,34834261610545077576153613188323213985549934736681043677134026746740697287462882310285972138179478854215566099438610180555534749090943911650055006123320276972072031015422150846055507182324059124389312941623133605725947507984928921939179764554042393836846667762671294,17417130805272538788076806594161606992774967368340521838567013373370348643731441155142986069089739427107783049719305090277767374545471955825027503061660138486036015507711075423027753591162029562194656470811566802862973753992464460969589882277021196918423333881335651,12091702220207181847053675497051619106724105667941013842650467888488935147630116107355131284049770841095147590482874954503227559497894719022763190730200338216592102447486993808793598579630121789238530721470898172092011145616567117435571218080910563884495664540811263,8,-1,0,1,0
879,69668523221090155152307226376646427971099869473362087354268053493481394574925764620571944276358957708431132198877220361111069498181887823300110012246640553944144062030844301692111014364648118248778625883246267211451895015969857843878359529108084787673693335525342595,34834261610545077576153613188323213985549934736681043677134026746740697287462882310285972138179478854215566099438610180555534749090943911650055006123320276972072031015422150846055507182324059124389312941623133605725947507984928921939179764554042393836846667762671301,24183404440414363694107350994103238213448211335882027685300935776977870295260232214710262568099541682190295180965749909006455118995789438045526381460400676433184204894973987617587197159260243578477061442941796344184022291233134234871142436161821127768991329081622527,7,-1,0,0,0
880,139337046442180310304614452753292855942199738946724174708536106986962789149851529241143888552717915416862264397754440722222138996363775646600220024493281107888288124061688603384222028729296236497557251766492534422903790031939715687756719058216169575347386671050685198,69668523221090155152307226376646427971099869473362087354268053493481394574925764620571944276358957708431132198877220361111069498181887823300110012246640553944144062030844301692111014364648118248778625883246267211451895015969857843878359529108084787673693335525342603,48366808880828727388214701988206476426896422671764055370601871553955740590520464429420525136199083364380590361931499818012910237991578876091052762920801352866368409789947975235174394318520487156954122885883592688368044582466268469742284872323642255537982658163245055,8,1,0,0,0
881,278674092884360620609228905506585711884399477893448349417072213973925578299703058482287777105435830833724528795508881444444277992727551293200440048986562215776576248123377206768444057458592472995114503532985068845807580063879431375513438116432339150694773342101370404,139337046442180310304614452753292855942199738946724174708536106986962789149851529241143888552717915416862264397754440722222138996363775646600220024493281107888288124061688603384222028729296236497557251766492534422903790031939715687756719058216169575347386671050685206,96733617761657454776429403976412952853792845343528110741203743107911481181040928858841050272398166728761180723862999636025820475983157752182105525841602705732736819579895950470348788637040974313908245771767185376736089164932536939484569744647284511075965316326490111,8,0,0,0,0
882,557348185768721241218457811013171423768798955786896698834144427947851156599406116964575554210871661667449057591017762888888555985455102586400880097973124431553152496246754413536888114917184945990229007065970137691615160127758862751026876232864678301389546684202740816,278674092884360620609228905506585711884399477893448349417072213973925578299703058482287777105435830833724528795508881444444277992727551293200440048986562215776576248123377206768444057458592472995114503532985068845807580063879431375513438116432339150694773342101370412,193467235523314909552858807952825905707585690687056221482407486215822962362081857717682100544796333457522361447725999272051640951966315504364211051683205411465473639159791900940697577274081948627816491543534370753472178329865073878969139489294569022151930632652980223,8,0,0,0,0
883,1114696371537442482436915622026342847537597911573793397668288855895702313198812233929151108421743323334898115182035525777777111970910205172801760195946248863106304992493508827073776229834369891980458014131940275383230320255517725502053752465729356602779093368405481639,557348185768721241218457811013171423768798955786896698834144427947851156599406116964575554210871661667449057591017762888888555985455102586400880097973124431553152496246754413536888114917184945990229007065970137691615160127758862751026876232864678301389546684202740823,386934471046629819105717615905651811415171381374112442964814972431645924724163715435364201089592666915044722895451998544103281903932631008728422103366410822930947278319583801881395154548163897255632983087068741506944356659730147757938278978589138044303861265305960447,7,-1,0,0,0
884,2229392743074884964873831244052685695075195823147586795336577711791404626397624467858302216843486646669796230364071051555554223941820410345603520391892497726212609984987017654147552459668739783960916028263880550766460640511035451004107504931458713205558186736810963287,1114696371537442482436915622026342847537597911573793397668288855895702313198812233929151108421743323334898115182035525777777111970910205172801760195946248863106304992493508827073776229834369891980458014131940275383230320255517725502053752465729356602779093368405481648,773868942093259638211435231811303622830342762748224885929629944863291849448327430870728402179185333830089445790903997088206563807865262017456844206732821645861894556639167603762790309096327794511265966174137483013888713319460295515876557957178276088607722530611920895,9,2,0,0,0
885,4458785486149769929747662488105371390150391646295173590673155423582809252795248935716604433686973293339592460728142103111108447883640820691207040783784995452425219969974035308295104919337479567921832056527761101532921281022070902008215009862917426411116373473621926582,2229392743074884964873831244052685695075195823147586795336577711791404626397624467858302216843486646669796230364071051555554223941820410345603520391892497726212609984987017654147552459668739783960916028263880550766460640511035451004107504931458713205558186736810963295,1547737884186519276422870463622607245660685525496449771859259889726583698896654861741456804358370667660178891581807994176413127615730524034913688413465643291723789113278335207525580618192655589022531932348274966027777426638920591031753115914356552177215445061223841791,8,-1,0,0,0
886,8917570972299539859495324976210742780300783292590347181346310847165618505590497871433208867373946586679184921456284206222216895767281641382414081567569990904850439939948070616590209838674959135843664113055522203065842562044141804016430019725834852822232746947243853172,4458785486149769929747662488105371390150391646295173590673155423582809252795248935716604433686973293339592460728142103111108447883640820691207040783784995452425219969974035308295104919337479567921832056527761101532921281022070902008215009862917426411116373473621926590,3095475768373038552845740927245214491321371050992899543718519779453167397793309723482913608716741335320357783163615988352826255231461048069827376826931286583447578226556670415051161236385311178045063864696549932055554853277841182063506231828713104354430890122447683583,8,0,0,0,0
887,17835141944599079718990649952421485560601566585180694362692621694331237011180995742866417734747893173358369842912568412444433791534563282764828163135139981809700879879896141233180419677349918271687328226111044406131685124088283608032860039451669705644465493894487706351,8917570972299539859495324976210742780300783292590347181346310847165618505590497871433208867373946586679184921456284206222216895767281641382414081567569990904850439939948070616590209838674959135843664113055522203065842562044141804016430019725834852822232746947243853179,6190951536746077105691481854490428982642742101985799087437039558906334795586619446965827217433482670640715566327231976705652510462922096139654753653862573166895156453113340830102322472770622356090127729393099864111109706555682364127012463657426208708861780244895367167,7,-1,0,0,0
888,35670283889198159437981299904842971121203133170361388725385243388662474022361991485732835469495786346716739685825136824888867583069126565529656326270279963619401759759792282466360839354699836543374656452222088812263370248176567216065720078903339411288930987788975412710,17835141944599079718990649952421485560601566585180694362692621694331237011180995742866417734747893173358369842912568412444433791534563282764828163135139981809700879879896141233180419677349918271687328226111044406131685124088283608032860039451669705644465493894487706359,12381903073492154211382963708980857965285484203971598174874079117812669591173238893931654434866965341281431132654463953411305020925844192279309507307725146333790312906226681660204644945541244712180255458786199728222219413111364728254024927314852417417723560489790734335,8,1,0,0,0
889,71340567778396318875962599809685942242406266340722777450770486777324948044723982971465670938991572693433479371650273649777735166138253131059312652540559927238803519519584564932721678709399673086749312904444177624526740496353134432131440157806678822577861975577950825429,35670283889198159437981299904842971121203133170361388725385243388662474022361991485732835469495786346716739685825136824888867583069126565529656326270279963619401759759792282466360839354699836543374656452222088812263370248176567216065720078903339411288930987788975412719,24763806146984308422765927417961715930570968407943196349748158235625339182346477787863308869733930682562862265308927906822610041851688384558619014615450292667580625812453363320409289891082489424360510917572399456444438826222729456508049854629704834835447120979581468671,9,1,0,0,0
890,142681135556792637751925199619371884484812532681445554901540973554649896089447965942931341877983145386866958743300547299555470332276506262118625305081119854477607039039169129865443357418799346173498625808888355249053480992706268864262880315613357645155723951155901650866,71340567778396318875962599809685942242406266340722777450770486777324948044723982971465670938991572693433479371650273649777735166138253131059312652540559927238803519519584564932721678709399673086749312904444177624526740496353134432131440157806678822577861975577950825437,49527612293968616845531854835923431861141936815886392699496316471250678364692955575726617739467861365125724530617855813645220083703376769117238029230900585335161251624906726640818579782164978848721021835144798912888877652445458913016099709259409669670894241959162937343,8,-1,0,0,0
891,285362271113585275503850399238743768969625065362891109803081947109299792178895931885862683755966290773733917486601094599110940664553012524237250610162239708955214078078338259730886714837598692346997251617776710498106961985412537728525760631226715290311447902311803301739,142681135556792637751925199619371884484812532681445554901540973554649896089447965942931341877983145386866958743300547299555470332276506262118625305081119854477607039039169129865443357418799346173498625808888355249053480992706268864262880315613357645155723951155901650873,99055224587937233691063709671846863722283873631772785398992632942501356729385911151453235478935722730251449061235711627290440167406753538234476058461801170670322503249813453281637159564329957697442043670289597825777755304890917826032199418518819339341788483918325874687,7,-1,0,0,0
892,570724542227170551007700798477487537939250130725782219606163894218599584357791863771725367511932581547467834973202189198221881329106025048474501220324479417910428156156676519461773429675197384693994503235553420996213923970825075457051521262453430580622895804623606603486,285362271113585275503850399238743768969625065362891109803081947109299792178895931885862683755966290773733917486601094599110940664553012524237250610162239708955214078078338259730886714837598692346997251617776710498106961985412537728525760631226715290311447902311803301747,198110449175874467382127419343693727444567747263545570797985265885002713458771822302906470957871445460502898122471423254580880334813507076468952116923602341340645006499626906563274319128659915394884087340579195651555510609781835652064398837037638678683576967836651749375,8,1,0,0,0
893,1141449084454341102015401596954975075878500261451564439212327788437199168715583727543450735023865163094935669946404378396443762658212050096949002440648958835820856312313353038923546859350394769387989006471106841992427847941650150914103042524906861161245791609247213206980,570724542227170551007700798477487537939250130725782219606163894218599584357791863771725367511932581547467834973202189198221881329106025048474501220324479417910428156156676519461773429675197384693994503235553420996213923970825075457051521262453430580622895804623606603494,396220898351748934764254838687387454889135494527091141595970531770005426917543644605812941915742890921005796244942846509161760669627014152937904233847204682681290012999253813126548638257319830789768174681158391303111021219563671304128797674075277357367153935673303498751,8,0,0,0,0
894,2282898168908682204030803193909950151757000522903128878424655576874398337431167455086901470047730326189871339892808756792887525316424100193898004881297917671641712624626706077847093718700789538775978012942213683984855695883300301828206085049813722322491583218494426413968,1141449084454341102015401596954975075878500261451564439212327788437199168715583727543450735023865163094935669946404378396443762658212050096949002440648958835820856312313353038923546859350394769387989006471106841992427847941650150914103042524906861161245791609247213206988,792441796703497869528509677374774909778270989054182283191941063540010853835087289211625883831485781842011592489885693018323521339254028305875808467694409365362580025998507626253097276514639661579536349362316782606222042439127342608257595348150554714734307871346606997503,8,0,0,0,0
895,4565796337817364408061606387819900303514001045806257756849311153748796674862334910173802940095460652379742679785617513585775050632848200387796009762595835343283425249253412155694187437401579077551956025884427367969711391766600603656412170099627444644983166436988852827943,2282898168908682204030803193909950151757000522903128878424655576874398337431167455086901470047730326189871339892808756792887525316424100193898004881297917671641712624626706077847093718700789538775978012942213683984855695883300301828206085049813722322491583218494426413975,1584883593406995739057019354749549819556541978108364566383882127080021707670174578423251767662971563684023184979771386036647042678508056611751616935388818730725160051997015252506194553029279323159072698724633565212444084878254685216515190696301109429468615742693213995007,7,-1,0,0,0
896,9131592675634728816123212775639800607028002091612515513698622307497593349724669820347605880190921304759485359571235027171550101265696400775592019525191670686566850498506824311388374874803158155103912051768854735939422783533201207312824340199254889289966332873977705655894,4565796337817364408061606387819900303514001045806257756849311153748796674862334910173802940095460652379742679785617513585775050632848200387796009762595835343283425249253412155694187437401579077551956025884427367969711391766600603656412170099627444644983166436988852827951,3169767186813991478114038709499099639113083956216729132767764254160043415340349156846503535325943127368046369959542772073294085357016113223503233870777637461450320103994030505012389106058558646318145397449267130424888169756509370433030381392602218858937231485386427990015,8,1,0,0,0
897,18263185351269457632246425551279601214056004183225031027397244614995186699449339640695211760381842609518970719142470054343100202531392801551184039050383341373133700997013648622776749749606316310207824103537709471878845567066402414625648680398509778579932665747955411311797,9131592675634728816123212775639800607028002091612515513698622307497593349724669820347605880190921304759485359571235027171550101265696400775592019525191670686566850498506824311388374874803158155103912051768854735939422783533201207312824340199254889289966332873977705655903,6339534373627982956228077418998199278226167912433458265535528508320086830680698313693007070651886254736092739919085544146588170714032226447006467741555274922900640207988061010024778212117117292636290794898534260849776339513018740866060762785204437717874462970772855980031,9,1,0,0,0
898,36526370702538915264492851102559202428112008366450062054794489229990373398898679281390423520763685219037941438284940108686200405062785603102368078100766682746267401994027297245553499499212632620415648207075418943757691134132804829251297360797019557159865331495910822623601,18263185351269457632246425551279601214056004183225031027397244614995186699449339640695211760381842609518970719142470054343100202531392801551184039050383341373133700997013648622776749749606316310207824103537709471878845567066402414625648680398509778579932665747955411311804,12679068747255965912456154837996398556452335824866916531071057016640173661361396627386014141303772509472185479838171088293176341428064452894012935483110549845801280415976122020049556424234234585272581589797068521699552679026037481732121525570408875435748925941545711960063,7,-2,0,0,0
899,73052741405077830528985702205118404856224016732900124109588978459980746797797358562780847041527370438075882876569880217372400810125571206204736156201533365492534803988054594491106998998425265240831296414150837887515382268265609658502594721594039114319730662991821645247211,36526370702538915264492851102559202428112008366450062054794489229990373398898679281390423520763685219037941438284940108686200405062785603102368078100766682746267401994027297245553499499212632620415648207075418943757691134132804829251297360797019557159865331495910822623610,25358137494511931824912309675992797112904671649733833062142114033280347322722793254772028282607545018944370959676342176586352682856128905788025870966221099691602560831952244040099112848468469170545163179594137043399105358052074963464243051140817750871497851883091423920127,9,2,0,0,0
900,146105482810155661057971404410236809712448033465800248219177956919961493595594717125561694083054740876151765753139760434744801620251142412409472312403066730985069607976109188982213997996850530481662592828301675775030764536531219317005189443188078228639461325983643290494430,73052741405077830528985702205118404856224016732900124109588978459980746797797358562780847041527370438075882876569880217372400810125571206204736156201533365492534803988054594491106998998425265240831296414150837887515382268265609658502594721594039114319730662991821645247219,50716274989023863649824619351985594225809343299467666124284228066560694645445586509544056565215090037888741919352684353172705365712257811576051741932442199383205121663904488080198225696936938341090326359188274086798210716104149926928486102281635501742995703766182847840255,8,-1,0,0,0
901,292210965620311322115942808820473619424896066931600496438355913839922987191189434251123388166109481752303531506279520869489603240502284824818944624806133461970139215952218377964427995993701060963325185656603351550061529073062438634010378886376156457278922651967286580988867,146105482810155661057971404410236809712448033465800248219177956919961493595594717125561694083054740876151765753139760434744801620251142412409472312403066730985069607976109188982213997996850530481662592828301675775030764536531219317005189443188078228639461325983643290494437,101432549978047727299649238703971188451618686598935332248568456133121389290891173019088113130430180075777483838705368706345410731424515623152103483864884398766410243327808976160396451393873876682180652718376548173596421432208299853856972204563271003485991407532365695680511,7,-1,0,0,0
902,584421931240622644231885617640947238849792133863200992876711827679845974382378868502246776332218963504607063012559041738979206481004569649637889249612266923940278431904436755928855991987402121926650371313206703100123058146124877268020757772752312914557845303934573161977742,292210965620311322115942808820473619424896066931600496438355913839922987191189434251123388166109481752303531506279520869489603240502284824818944624806133461970139215952218377964427995993701060963325185656603351550061529073062438634010378886376156457278922651967286580988875,202865099956095454599298477407942376903237373197870664497136912266242778581782346038176226260860360151554967677410737412690821462849031246304206967729768797532820486655617952320792902787747753364361305436753096347192842864416599707713944409126542006971982815064731391361023,8,1,0,0,0
903,1168843862481245288463771235281894477699584267726401985753423655359691948764757737004493552664437927009214126025118083477958412962009139299275778499224533847880556863808873511857711983974804243853300742626413406200246116292249754536041515545504625829115690607869146323955492,584421931240622644231885617640947238849792133863200992876711827679845974382378868502246776332218963504607063012559041738979206481004569649637889249612266923940278431904436755928855991987402121926650371313206703100123058146124877268020757772752312914557845303934573161977750,405730199912190909198596954815884753806474746395741328994273824532485557163564692076352452521720720303109935354821474825381642925698062492608413935459537595065640973311235904641585805575495506728722610873506192694385685728833199415427888818253084013943965630129462782722047,8,0,0,0,0
904,2337687724962490576927542470563788955399168535452803971506847310719383897529515474008987105328875854018428252050236166955916825924018278598551556998449067695761113727617747023715423967949608487706601485252826812400492232584499509072083031091009251658231381215738292647910993,1168843862481245288463771235281894477699584267726401985753423655359691948764757737004493552664437927009214126025118083477958412962009139299275778499224533847880556863808873511857711983974804243853300742626413406200246116292249754536041515545504625829115690607869146323955501,811460399824381818397193909631769507612949492791482657988547649064971114327129384152704905043441440606219870709642949650763285851396124985216827870919075190131281946622471809283171611150991013457445221747012385388771371457666398830855777636506168027887931260258925565444095,9,1,0,0,0
905,4675375449924981153855084941127577910798337070905607943013694621438767795059030948017974210657751708036856504100472333911833651848036557197103113996898135391522227455235494047430847935899216975413202970505653624800984465168999018144166062182018503316462762431476585295821994,2337687724962490576927542470563788955399168535452803971506847310719383897529515474008987105328875854018428252050236166955916825924018278598551556998449067695761113727617747023715423967949608487706601485252826812400492232584499509072083031091009251658231381215738292647911001,1622920799648763636794387819263539015225898985582965315977095298129942228654258768305409810086882881212439741419285899301526571702792249970433655741838150380262563893244943618566343222301982026914890443494024770777542742915332797661711555273012336055775862520517851130888191,8,-1,0,0,0
906,9350750899849962307710169882255155821596674141811215886027389242877535590118061896035948421315503416073713008200944667823667303696073114394206227993796270783044454910470988094861695871798433950826405941011307249601968930337998036288332124364037006632925524862953170591643996,4675375449924981153855084941127577910798337070905607943013694621438767795059030948017974210657751708036856504100472333911833651848036557197103113996898135391522227455235494047430847935899216975413202970505653624800984465168999018144166062182018503316462762431476585295822002,3245841599297527273588775638527078030451797971165930631954190596259884457308517536610819620173765762424879482838571798603053143405584499940867311483676300760525127786489887237132686444603964053829780886988049541555085485830665595323423110546024672111551725041035702261776383,8,0,0,0,0
907,18701501799699924615420339764510311643193348283622431772054778485755071180236123792071896842631006832147426016401889335647334607392146228788412455987592541566088909820941976189723391743596867901652811882022614499203937860675996072576664248728074013265851049725906341183287999,9350750899849962307710169882255155821596674141811215886027389242877535590118061896035948421315503416073713008200944667823667303696073114394206227993796270783044454910470988094861695871798433950826405941011307249601968930337998036288332124364037006632925524862953170591644003,6491683198595054547177551277054156060903595942331861263908381192519768914617035073221639240347531524849758965677143597206106286811168999881734622967352601521050255572979774474265372889207928107659561773976099083110170971661331190646846221092049344223103450082071404523552767,7,-1,0,0,0
908,37403003599399849230840679529020623286386696567244863544109556971510142360472247584143793685262013664294852032803778671294669214784292457576824911975185083132177819641883952379446783487193735803305623764045228998407875721351992145153328497456148026531702099451812682366576006,18701501799699924615420339764510311643193348283622431772054778485755071180236123792071896842631006832147426016401889335647334607392146228788412455987592541566088909820941976189723391743596867901652811882022614499203937860675996072576664248728074013265851049725906341183288007,12983366397190109094355102554108312121807191884663722527816762385039537829234070146443278480695063049699517931354287194412212573622337999763469245934705203042100511145959548948530745778415856215319123547952198166220341943322662381293692442184098688446206900164142809047105535,8,1,0,0,0
909,74806007198799698461681359058041246572773393134489727088219113943020284720944495168287587370524027328589704065607557342589338429568584915153649823950370166264355639283767904758893566974387471606611247528090457996815751442703984290306656994912296053063404198903625364733152021,37403003599399849230840679529020623286386696567244863544109556971510142360472247584143793685262013664294852032803778671294669214784292457576824911975185083132177819641883952379446783487193735803305623764045228998407875721351992145153328497456148026531702099451812682366576015,25966732794380218188710205108216624243614383769327445055633524770079075658468140292886556961390126099399035862708574388824425147244675999526938491869410406084201022291919097897061491556831712430638247095904396332440683886645324762587384884368197376892413800328285618094211071,9,1,0,0,0
910,149612014397599396923362718116082493145546786268979454176438227886040569441888990336575174741048054657179408131215114685178676859137169830307299647900740332528711278567535809517787133948774943213222495056180915993631502885407968580613313989824592106126808397807250729466304050,74806007198799698461681359058041246572773393134489727088219113943020284720944495168287587370524027328589704065607557342589338429568584915153649823950370166264355639283767904758893566974387471606611247528090457996815751442703984290306656994912296053063404198903625364733152029,51933465588760436377420410216433248487228767538654890111267049540158151316936280585773113922780252198798071725417148777648850294489351999053876983738820812168402044583838195794122983113663424861276494191808792664881367773290649525174769768736394753784827600656571236188422143,8,-1,0,0,0
911,299224028795198793846725436232164986291093572537958908352876455772081138883777980673150349482096109314358816262430229370357353718274339660614599295801480665057422557135071619035574267897549886426444990112361831987263005770815937161226627979649184212253616795614501458932608107,149612014397599396923362718116082493145546786268979454176438227886040569441888990336575174741048054657179408131215114685178676859137169830307299647900740332528711278567535809517787133948774943213222495056180915993631502885407968580613313989824592106126808397807250729466304057,103866931177520872754840820432866496974457535077309780222534099080316302633872561171546227845560504397596143450834297555297700588978703998107753967477641624336804089167676391588245966227326849722552988383617585329762735546581299050349539537472789507569655201313142472376844287,7,-1,0,0,0
912,598448057590397587693450872464329972582187145075917816705752911544162277767555961346300698964192218628717632524860458740714707436548679321229198591602961330114845114270143238071148535795099772852889980224723663974526011541631874322453255959298368424507233591229002917865216222,299224028795198793846725436232164986291093572537958908352876455772081138883777980673150349482096109314358816262430229370357353718274339660614599295801480665057422557135071619035574267897549886426444990112361831987263005770815937161226627979649184212253616795614501458932608115,207733862355041745509681640865732993948915070154619560445068198160632605267745122343092455691121008795192286901668595110595401177957407996215507934955283248673608178335352783176491932454653699445105976767235170659525471093162598100699079074945579015139310402626284944753688575,8,1,0,0,0
913,1196896115180795175386901744928659945164374290151835633411505823088324555535111922692601397928384437257435265049720917481429414873097358642458397183205922660229690228540286476142297071590199545705779960449447327949052023083263748644906511918596736849014467182458005835730432452,598448057590397587693450872464329972582187145075917816705752911544162277767555961346300698964192218628717632524860458740714707436548679321229198591602961330114845114270143238071148535795099772852889980224723663974526011541631874322453255959298368424507233591229002917865216230,415467724710083491019363281731465987897830140309239120890136396321265210535490244686184911382242017590384573803337190221190802355914815992431015869910566497347216356670705566352983864909307398890211953534470341319050942186325196201398158149891158030278620805252569889507377151,8,0,0,0,0
914,2393792230361590350773803489857319890328748580303671266823011646176649111070223845385202795856768874514870530099441834962858829746194717284916794366411845320459380457080572952284594143180399091411559920898894655898104046166527497289813023837193473698028934364916011671460864912,1196896115180795175386901744928659945164374290151835633411505823088324555535111922692601397928384437257435265049720917481429414873097358642458397183205922660229690228540286476142297071590199545705779960449447327949052023083263748644906511918596736849014467182458005835730432460,830935449420166982038726563462931975795660280618478241780272792642530421070980489372369822764484035180769147606674380442381604711829631984862031739821132994694432713341411132705967729818614797780423907068940682638101884372650392402796316299782316060557241610505139779014754303,8,0,0,0,0
915,4787584460723180701547606979714639780657497160607342533646023292353298222140447690770405591713537749029741060198883669925717659492389434569833588732823690640918760914161145904569188286360798182823119841797789311796208092333054994579626047674386947396057868729832023342921729832,2393792230361590350773803489857319890328748580303671266823011646176649111070223845385202795856768874514870530099441834962858829746194717284916794366411845320459380457080572952284594143180399091411559920898894655898104046166527497289813023837193473698028934364916011671460864920,1661870898840333964077453126925863951591320561236956483560545585285060842141960978744739645528968070361538295213348760884763209423659263969724063479642265989388865426682822265411935459637229595560847814137881365276203768745300784805592632599564632121114483221010279558029508607,8,0,0,0,0
916,9575168921446361403095213959429279561314994321214685067292046584706596444280895381540811183427075498059482120397767339851435318984778869139667177465647381281837521828322291809138376572721596365646239683595578623592416184666109989159252095348773894792115737459664046685843459672,4787584460723180701547606979714639780657497160607342533646023292353298222140447690770405591713537749029741060198883669925717659492389434569833588732823690640918760914161145904569188286360798182823119841797789311796208092333054994579626047674386947396057868729832023342921729840,3323741797680667928154906253851727903182641122473912967121091170570121684283921957489479291057936140723076590426697521769526418847318527939448126959284531978777730853365644530823870919274459191121695628275762730552407537490601569611185265199129264242228966442020559116059017215,8,0,0,0,0
917,19150337842892722806190427918858559122629988642429370134584093169413192888561790763081622366854150996118964240795534679702870637969557738279334354931294762563675043656644583618276753145443192731292479367191157247184832369332219978318504190697547789584231474919328093371686919352,9575168921446361403095213959429279561314994321214685067292046584706596444280895381540811183427075498059482120397767339851435318984778869139667177465647381281837521828322291809138376572721596365646239683595578623592416184666109989159252095348773894792115737459664046685843459680,6647483595361335856309812507703455806365282244947825934242182341140243368567843914978958582115872281446153180853395043539052837694637055878896253918569063957555461706731289061647741838548918382243391256551525461104815074981203139222370530398258528484457932884041118232118034431,8,0,0,0,0
918,38300675685785445612380855837717118245259977284858740269168186338826385777123581526163244733708301992237928481591069359405741275939115476558668709862589525127350087313289167236553506290886385462584958734382314494369664738664439956637008381395095579168462949838656186743373838711,19150337842892722806190427918858559122629988642429370134584093169413192888561790763081622366854150996118964240795534679702870637969557738279334354931294762563675043656644583618276753145443192731292479367191157247184832369332219978318504190697547789584231474919328093371686919359,13294967190722671712619625015406911612730564489895651868484364682280486737135687829957917164231744562892306361706790087078105675389274111757792507837138127915110923413462578123295483677097836764486782513103050922209630149962406278444741060796517056968915865768082236464236068863,7,-1,0,0,0
919,76601351371570891224761711675434236490519954569717480538336372677652771554247163052326489467416603984475856963182138718811482551878230953117337419725179050254700174626578334473107012581772770925169917468764628988739329477328879913274016762790191158336925899677312373486747677430,38300675685785445612380855837717118245259977284858740269168186338826385777123581526163244733708301992237928481591069359405741275939115476558668709862589525127350087313289167236553506290886385462584958734382314494369664738664439956637008381395095579168462949838656186743373838719,26589934381445343425239250030813823225461128979791303736968729364560973474271375659915834328463489125784612723413580174156211350778548223515585015674276255830221846826925156246590967354195673528973565026206101844419260299924812556889482121593034113937831731536164472928472137727,8,1,0,0,0
920,153202702743141782449523423350868472981039909139434961076672745355305543108494326104652978934833207968951713926364277437622965103756461906234674839450358100509400349253156668946214025163545541850339834937529257977478658954657759826548033525580382316673851799354624746973495354869,76601351371570891224761711675434236490519954569717480538336372677652771554247163052326489467416603984475856963182138718811482551878230953117337419725179050254700174626578334473107012581772770925169917468764628988739329477328879913274016762790191158336925899677312373486747677439,53179868762890686850478500061627646450922257959582607473937458729121946948542751319831668656926978251569225446827160348312422701557096447031170031348552511660443693653850312493181934708391347057947130052412203688838520599849625113778964243186068227875663463072328945856944275455,9,1,0,0,0
921,306405405486283564899046846701736945962079818278869922153345490710611086216988652209305957869666415937903427852728554875245930207512923812469349678900716201018800698506313337892428050327091083700679669875058515954957317909315519653096067051160764633347703598709249493946990709745,153202702743141782449523423350868472981039909139434961076672745355305543108494326104652978934833207968951713926364277437622965103756461906234674839450358100509400349253156668946214025163545541850339834937529257977478658954657759826548033525580382316673851799354624746973495354876,106359737525781373700957000123255292901844515919165214947874917458243893897085502639663337313853956503138450893654320696624845403114192894062340062697105023320887387307700624986363869416782694115894260104824407377677041199699250227557928486372136455751326926144657891713888550911,7,-2,0,0,0
922,612810810972567129798093693403473891924159636557739844306690981421222172433977304418611915739332831875806855705457109750491860415025847624938699357801432402037601397012626675784856100654182167401359339750117031909914635818631039306192134102321529266695407197418498987893981419499,306405405486283564899046846701736945962079818278869922153345490710611086216988652209305957869666415937903427852728554875245930207512923812469349678900716201018800698506313337892428050327091083700679669875058515954957317909315519653096067051160764633347703598709249493946990709754,212719475051562747401914000246510585803689031838330429895749834916487787794171005279326674627707913006276901787308641393249690806228385788124680125394210046641774774615401249972727738833565388231788520209648814755354082399398500455115856972744272911502653852289315783427777101823,9,2,0,0,0
923,1225621621945134259596187386806947783848319273115479688613381962842444344867954608837223831478665663751613711410914219500983720830051695249877398715602864804075202794025253351569712201308364334802718679500234063819829271637262078612384268204643058533390814394836997975787962839006,612810810972567129798093693403473891924159636557739844306690981421222172433977304418611915739332831875806855705457109750491860415025847624938699357801432402037601397012626675784856100654182167401359339750117031909914635818631039306192134102321529266695407197418498987893981419507,425438950103125494803828000493021171607378063676660859791499669832975575588342010558653349255415826012553803574617282786499381612456771576249360250788420093283549549230802499945455477667130776463577040419297629510708164798797000910231713945488545823005307704578631566855554203647,8,-1,0,0,0
924,2451243243890268519192374773613895567696638546230959377226763925684888689735909217674447662957331327503227422821828439001967441660103390499754797431205729608150405588050506703139424402616728669605437359000468127639658543274524157224768536409286117066781628789673995951575925678019,1225621621945134259596187386806947783848319273115479688613381962842444344867954608837223831478665663751613711410914219500983720830051695249877398715602864804075202794025253351569712201308364334802718679500234063819829271637262078612384268204643058533390814394836997975787962839013,850877900206250989607656000986042343214756127353321719582999339665951151176684021117306698510831652025107607149234565572998763224913543152498720501576840186567099098461604999890910955334261552927154080838595259021416329597594001820463427890977091646010615409157263133711108407295,7,-1,0,0,0
925,4902486487780537038384749547227791135393277092461918754453527851369777379471818435348895325914662655006454845643656878003934883320206780999509594862411459216300811176101013406278848805233457339210874718000936255279317086549048314449537072818572234133563257579347991903151851356047,2451243243890268519192374773613895567696638546230959377226763925684888689735909217674447662957331327503227422821828439001967441660103390499754797431205729608150405588050506703139424402616728669605437359000468127639658543274524157224768536409286117066781628789673995951575925678028,1701755800412501979215312001972084686429512254706643439165998679331902302353368042234613397021663304050215214298469131145997526449827086304997441003153680373134198196923209999781821910668523105854308161677190518042832659195188003640926855781954183292021230818314526267422216814591,9,2,0,0,0
926,9804972975561074076769499094455582270786554184923837508907055702739554758943636870697790651829325310012909691287313756007869766640413561999019189724822918432601622352202026812557697610466914678421749436001872510558634173098096628899074145637144468267126515158695983806303702712101,4902486487780537038384749547227791135393277092461918754453527851369777379471818435348895325914662655006454845643656878003934883320206780999509594862411459216300811176101013406278848805233457339210874718000936255279317086549048314449537072818572234133563257579347991903151851356054,3403511600825003958430624003944169372859024509413286878331997358663804604706736084469226794043326608100430428596938262291995052899654172609994882006307360746268396393846419999563643821337046211708616323354381036085665318390376007281853711563908366584042461636629052534844433629183,7,-2,0,0,0
927,19609945951122148153538998188911164541573108369847675017814111405479109517887273741395581303658650620025819382574627512015739533280827123998038379449645836865203244704404053625115395220933829356843498872003745021117268346196193257798148291274288936534253030317391967612607405424211,9804972975561074076769499094455582270786554184923837508907055702739554758943636870697790651829325310012909691287313756007869766640413561999019189724822918432601622352202026812557697610466914678421749436001872510558634173098096628899074145637144468267126515158695983806303702712110,6807023201650007916861248007888338745718049018826573756663994717327609209413472168938453588086653216200860857193876524583990105799308345219989764012614721492536792787692839999127287642674092423417232646708762072171330636780752014563707423127816733168084923273258105069688867258367,9,2,0,0,0
928,39219891902244296307077996377822329083146216739695350035628222810958219035774547482791162607317301240051638765149255024031479066561654247996076758899291673730406489408808107250230790441867658713686997744007490042234536692392386515596296582548577873068506060634783935225214810848429,19609945951122148153538998188911164541573108369847675017814111405479109517887273741395581303658650620025819382574627512015739533280827123998038379449645836865203244704404053625115395220933829356843498872003745021117268346196193257798148291274288936534253030317391967612607405424218,13614046403300015833722496015776677491436098037653147513327989434655218418826944337876907176173306432401721714387753049167980211598616690439979528025229442985073585575385679998254575285348184846834465293417524144342661273561504029127414846255633466336169846546516210139377734516735,7,-2,0,0,0
929,78439783804488592614155992755644658166292433479390700071256445621916438071549094965582325214634602480103277530298510048062958133123308495992153517798583347460812978817616214500461580883735317427373995488014980084469073384784773031192593165097155746137012121269567870450429621696867,39219891902244296307077996377822329083146216739695350035628222810958219035774547482791162607317301240051638765149255024031479066561654247996076758899291673730406489408808107250230790441867658713686997744007490042234536692392386515596296582548577873068506060634783935225214810848438,27228092806600031667444992031553354982872196075306295026655978869310436837653888675753814352346612864803443428775506098335960423197233380879959056050458885970147171150771359996509150570696369693668930586835048288685322547123008058254829692511266932672339693093032420278755469033471,9,2,0,0,0
930,156879567608977185228311985511289316332584866958781400142512891243832876143098189931164650429269204960206555060597020096125916266246616991984307035597166694921625957635232429000923161767470634854747990976029960168938146769569546062385186330194311492274024242539135740900859243393742,78439783804488592614155992755644658166292433479390700071256445621916438071549094965582325214634602480103277530298510048062958133123308495992153517798583347460812978817616214500461580883735317427373995488014980084469073384784773031192593165097155746137012121269567870450429621696875,54456185613200063334889984063106709965744392150612590053311957738620873675307777351507628704693225729606886857551012196671920846394466761759918112100917771940294342301542719993018301141392739387337861173670096577370645094246016116509659385022533865344679386186064840557510938066943,8,-1,0,0,0
931,313759135217954370456623971022578632665169733917562800285025782487665752286196379862329300858538409920413110121194040192251832532493233983968614071194333389843251915270464858001846323534941269709495981952059920337876293539139092124770372660388622984548048485078271481801718486787491,156879567608977185228311985511289316332584866958781400142512891243832876143098189931164650429269204960206555060597020096125916266246616991984307035597166694921625957635232429000923161767470634854747990976029960168938146769569546062385186330194311492274024242539135740900859243393749,108912371226400126669779968126213419931488784301225180106623915477241747350615554703015257409386451459213773715102024393343841692788933523519836224201835543880588684603085439986036602282785478774675722347340193154741290188492032233019318770045067730689358772372129681115021876133887,7,-1,0,0,0
932,627518270435908740913247942045157265330339467835125600570051564975331504572392759724658601717076819840826220242388080384503665064986467967937228142388666779686503830540929716003692647069882539418991963904119840675752587078278184249540745320777245969096096970156542963603436973574990,313759135217954370456623971022578632665169733917562800285025782487665752286196379862329300858538409920413110121194040192251832532493233983968614071194333389843251915270464858001846323534941269709495981952059920337876293539139092124770372660388622984548048485078271481801718486787499,217824742452800253339559936252426839862977568602450360213247830954483494701231109406030514818772902918427547430204048786687683385577867047039672448403671087761177369206170879972073204565570957549351444694680386309482580376984064466038637540090135461378717544744259362230043752267775,8,1,0,0,0
933,1255036540871817481826495884090314530660678935670251201140103129950663009144785519449317203434153639681652440484776160769007330129972935935874456284777333559373007661081859432007385294139765078837983927808239681351505174156556368499081490641554491938192193940313085927206873947149989,627518270435908740913247942045157265330339467835125600570051564975331504572392759724658601717076819840826220242388080384503665064986467967937228142388666779686503830540929716003692647069882539418991963904119840675752587078278184249540745320777245969096096970156542963603436973574999,435649484905600506679119872504853679725955137204900720426495661908966989402462218812061029637545805836855094860408097573375366771155734094079344896807342175522354738412341759944146409131141915098702889389360772618965160753968128932077275080180270922757435089488518724460087504535551,9,1,0,0,0
934,2510073081743634963652991768180629061321357871340502402280206259901326018289571038898634406868307279363304880969552321538014660259945871871748912569554667118746015322163718864014770588279530157675967855616479362703010348313112736998162981283108983876384387880626171854413747894299985,1255036540871817481826495884090314530660678935670251201140103129950663009144785519449317203434153639681652440484776160769007330129972935935874456284777333559373007661081859432007385294139765078837983927808239681351505174156556368499081490641554491938192193940313085927206873947149996,871298969811201013358239745009707359451910274409801440852991323817933978804924437624122059275091611673710189720816195146750733542311468188158689793614684351044709476824683519888292818262283830197405778778721545237930321507936257864154550160360541845514870178977037448920175009071103,7,-2,0,0,0
935,5020146163487269927305983536361258122642715742681004804560412519802652036579142077797268813736614558726609761939104643076029320519891743743497825139109334237492030644327437728029541176559060315351935711232958725406020696626225473996325962566217967752768775761252343708827495788599978,2510073081743634963652991768180629061321357871340502402280206259901326018289571038898634406868307279363304880969552321538014660259945871871748912569554667118746015322163718864014770588279530157675967855616479362703010348313112736998162981283108983876384387880626171854413747894299993,1742597939622402026716479490019414718903820548819602881705982647635867957609848875248244118550183223347420379441632390293501467084622936376317379587229368702089418953649367039776585636524567660394811557557443090475860643015872515728309100320721083691029740357954074897840350018142207,8,1,0,0,0
936,10040292326974539854611967072722516245285431485362009609120825039605304073158284155594537627473229117453219523878209286152058641039783487486995650278218668474984061288654875456059082353118120630703871422465917450812041393252450947992651925132435935505537551522504687417654991577199965,5020146163487269927305983536361258122642715742681004804560412519802652036579142077797268813736614558726609761939104643076029320519891743743497825139109334237492030644327437728029541176559060315351935711232958725406020696626225473996325962566217967752768775761252343708827495788599987,3485195879244804053432958980038829437807641097639205763411965295271735915219697750496488237100366446694840758883264780587002934169245872752634759174458737404178837907298734079553171273049135320789623115114886180951721286031745031456618200641442167382059480715908149795680700036284415,9,1,0,0,0
937,20080584653949079709223934145445032490570862970724019218241650079210608146316568311189075254946458234906439047756418572304117282079566974973991300556437336949968122577309750912118164706236241261407742844931834901624082786504901895985303850264871871011075103045009374835309983154399938,10040292326974539854611967072722516245285431485362009609120825039605304073158284155594537627473229117453219523878209286152058641039783487486995650278218668474984061288654875456059082353118120630703871422465917450812041393252450947992651925132435935505537551522504687417654991577199973,6970391758489608106865917960077658875615282195278411526823930590543471830439395500992976474200732893389681517766529561174005868338491745505269518348917474808357675814597468159106342546098270641579246230229772361903442572063490062913236401282884334764118961431816299591361400072568831,8,-1,0,0,0
938,40161169307898159418447868290890064981141725941448038436483300158421216292633136622378150509892916469812878095512837144608234564159133949947982601112874673899936245154619501824236329412472482522815485689863669803248165573009803791970607700529743742022150206090018749670619966308799883,20080584653949079709223934145445032490570862970724019218241650079210608146316568311189075254946458234906439047756418572304117282079566974973991300556437336949968122577309750912118164706236241261407742844931834901624082786504901895985303850264871871011075103045009374835309983154399945,13940783516979216213731835920155317751230564390556823053647861181086943660878791001985952948401465786779363035533059122348011736676983491010539036697834949616715351629194936318212685092196541283158492460459544723806885144126980125826472802565768669528237922863632599182722800145137663,7,-1,0,0,0
939,80322338615796318836895736581780129962283451882896076872966600316842432585266273244756301019785832939625756191025674289216469128318267899895965202225749347799872490309239003648472658824944965045630971379727339606496331146019607583941215401059487484044300412180037499341239932617599775,40161169307898159418447868290890064981141725941448038436483300158421216292633136622378150509892916469812878095512837144608234564159133949947982601112874673899936245154619501824236329412472482522815485689863669803248165573009803791970607700529743742022150206090018749670619966308799892,27881567033958432427463671840310635502461128781113646107295722362173887321757582003971905896802931573558726071066118244696023473353966982021078073395669899233430703258389872636425370184393082566316984920919089447613770288253960251652945605131537339056475845727265198365445600290275327,9,2,0,0,0
940,160644677231592637673791473163560259924566903765792153745933200633684865170532546489512602039571665879251512382051348578432938256636535799791930404451498695599744980618478007296945317649889930091261942759454679212992662292039215167882430802118974968088600824360074998682479865235199558,80322338615796318836895736581780129962283451882896076872966600316842432585266273244756301019785832939625756191025674289216469128318267899895965202225749347799872490309239003648472658824944965045630971379727339606496331146019607583941215401059487484044300412180037499341239932617599783,55763134067916864854927343680621271004922257562227292214591444724347774643515164007943811793605863147117452142132236489392046946707933964042156146791339798466861406516779745272850740368786165132633969841838178895227540576507920503305891210263074678112951691454530396730891200580550655,8,-1,0,0,0
941,321289354463185275347582946327120519849133807531584307491866401267369730341065092979025204079143331758503024764102697156865876513273071599583860808902997391199489961236956014593890635299779860182523885518909358425985324584078430335764861604237949936177201648720149997364959730470399124,160644677231592637673791473163560259924566903765792153745933200633684865170532546489512602039571665879251512382051348578432938256636535799791930404451498695599744980618478007296945317649889930091261942759454679212992662292039215167882430802118974968088600824360074998682479865235199566,111526268135833729709854687361242542009844515124454584429182889448695549287030328015887623587211726294234904284264472978784093893415867928084312293582679596933722813033559490545701480737572330265267939683676357790455081153015841006611782420526149356225903382909060793461782401161101311,8,0,0,0,0
942,642578708926370550695165892654241039698267615063168614983732802534739460682130185958050408158286663517006049528205394313731753026546143199167721617805994782398979922473912029187781270599559720365047771037818716851970649168156860671529723208475899872354403297440299994729919460940798255,321289354463185275347582946327120519849133807531584307491866401267369730341065092979025204079143331758503024764102697156865876513273071599583860808902997391199489961236956014593890635299779860182523885518909358425985324584078430335764861604237949936177201648720149997364959730470399131,223052536271667459419709374722485084019689030248909168858365778897391098574060656031775247174423452588469808568528945957568187786831735856168624587165359193867445626067118981091402961475144660530535879367352715580910162306031682013223564841052298712451806765818121586923564802322202623,7,-1,0,0,0
943,1285157417852741101390331785308482079396535230126337229967465605069478921364260371916100816316573327034012099056410788627463506053092286398335443235611989564797959844947824058375562541199119440730095542075637433703941298336313721343059446416951799744708806594880599989459838921881596518,642578708926370550695165892654241039698267615063168614983732802534739460682130185958050408158286663517006049528205394313731753026546143199167721617805994782398979922473912029187781270599559720365047771037818716851970649168156860671529723208475899872354403297440299994729919460940798263,446105072543334918839418749444970168039378060497818337716731557794782197148121312063550494348846905176939617137057891915136375573663471712337249174330718387734891252134237962182805922950289321061071758734705431161820324612063364026447129682104597424903613531636243173847129604644405247,8,1,0,0,0
944,2570314835705482202780663570616964158793070460252674459934931210138957842728520743832201632633146654068024198112821577254927012106184572796670886471223979129595919689895648116751125082398238881460191084151274867407882596672627442686118892833903599489417613189761199978919677843763193045,1285157417852741101390331785308482079396535230126337229967465605069478921364260371916100816316573327034012099056410788627463506053092286398335443235611989564797959844947824058375562541199119440730095542075637433703941298336313721343059446416951799744708806594880599989459838921881596527,892210145086669837678837498889940336078756120995636675433463115589564394296242624127100988697693810353879234274115783830272751147326943424674498348661436775469782504268475924365611845900578642122143517469410862323640649224126728052894259364209194849807227063272486347694259209288810495,9,1,0,0,0
945,5140629671410964405561327141233928317586140920505348919869862420277915685457041487664403265266293308136048396225643154509854024212369145593341772942447958259191839379791296233502250164796477762920382168302549734815765193345254885372237785667807198978835226379522399957839355687526386098,2570314835705482202780663570616964158793070460252674459934931210138957842728520743832201632633146654068024198112821577254927012106184572796670886471223979129595919689895648116751125082398238881460191084151274867407882596672627442686118892833903599489417613189761199978919677843763193053,1784420290173339675357674997779880672157512241991273350866926231179128788592485248254201977395387620707758468548231567660545502294653886849348996697322873550939565008536951848731223691801157284244287034938821724647281298448253456105788518728418389699614454126544972695388518418577620991,8,-1,0,0,0
946,10281259342821928811122654282467856635172281841010697839739724840555831370914082975328806530532586616272096792451286309019708048424738291186683545884895916518383678759582592467004500329592955525840764336605099469631530386690509770744475571335614397957670452759044799915678711375052772204,5140629671410964405561327141233928317586140920505348919869862420277915685457041487664403265266293308136048396225643154509854024212369145593341772942447958259191839379791296233502250164796477762920382168302549734815765193345254885372237785667807198978835226379522399957839355687526386106,3568840580346679350715349995559761344315024483982546701733852462358257577184970496508403954790775241415516937096463135321091004589307773698697993394645747101879130017073903697462447383602314568488574069877643449294562596896506912211577037456836779399228908253089945390777036837155241983,8,0,0,0,0
947,20562518685643857622245308564935713270344563682021395679479449681111662741828165950657613061065173232544193584902572618039416096849476582373367091769791833036767357519165184934009000659185911051681528673210198939263060773381019541488951142671228795915340905518089599831357422750105544416,10281259342821928811122654282467856635172281841010697839739724840555831370914082975328806530532586616272096792451286309019708048424738291186683545884895916518383678759582592467004500329592955525840764336605099469631530386690509770744475571335614397957670452759044799915678711375052772212,7137681160693358701430699991119522688630048967965093403467704924716515154369940993016807909581550482831033874192926270642182009178615547397395986789291494203758260034147807394924894767204629136977148139755286898589125193793013824423154074913673558798457816506179890781554073674310483967,8,0,0,0,0
948,41125037371287715244490617129871426540689127364042791358958899362223325483656331901315226122130346465088387169805145236078832193698953164746734183539583666073534715038330369868018001318371822103363057346420397878526121546762039082977902285342457591830681811036179199662714845500211088839,20562518685643857622245308564935713270344563682021395679479449681111662741828165950657613061065173232544193584902572618039416096849476582373367091769791833036767357519165184934009000659185911051681528673210198939263060773381019541488951142671228795915340905518089599831357422750105544423,14275362321386717402861399982239045377260097935930186806935409849433030308739881986033615819163100965662067748385852541284364018357231094794791973578582988407516520068295614789849789534409258273954296279510573797178250387586027648846308149827347117596915633012359781563108147348620967935,7,-1,0,0,0
949,82250074742575430488981234259742853081378254728085582717917798724446650967312663802630452244260692930176774339610290472157664387397906329493468367079167332147069430076660739736036002636743644206726114692840795757052243093524078165955804570684915183661363622072358399325429691000422177686,41125037371287715244490617129871426540689127364042791358958899362223325483656331901315226122130346465088387169805145236078832193698953164746734183539583666073534715038330369868018001318371822103363057346420397878526121546762039082977902285342457591830681811036179199662714845500211088847,28550724642773434805722799964478090754520195871860373613870819698866060617479763972067231638326201931324135496771705082568728036714462189589583947157165976815033040136591229579699579068818516547908592559021147594356500775172055297692616299654694235193831266024719563126216294697241935871,8,1,0,0,0
950,164500149485150860977962468519485706162756509456171165435835597448893301934625327605260904488521385860353548679220580944315328774795812658986936734158334664294138860153321479472072005273487288413452229385681591514104486187048156331911609141369830367322727244144716798650859382000844355380,82250074742575430488981234259742853081378254728085582717917798724446650967312663802630452244260692930176774339610290472157664387397906329493468367079167332147069430076660739736036002636743644206726114692840795757052243093524078165955804570684915183661363622072358399325429691000422177694,57101449285546869611445599928956181509040391743720747227741639397732121234959527944134463276652403862648270993543410165137456073428924379179167894314331953630066080273182459159399158137637033095817185118042295188713001550344110595385232599309388470387662532049439126252432589394483871743,8,0,0,0,0
951,329000298970301721955924937038971412325513018912342330871671194897786603869250655210521808977042771720707097358441161888630657549591625317973873468316669328588277720306642958944144010546974576826904458771363183028208972374096312663823218282739660734645454488289433597301718764001688710768,164500149485150860977962468519485706162756509456171165435835597448893301934625327605260904488521385860353548679220580944315328774795812658986936734158334664294138860153321479472072005273487288413452229385681591514104486187048156331911609141369830367322727244144716798650859382000844355388,114202898571093739222891199857912363018080783487441494455483278795464242469919055888268926553304807725296541987086820330274912146857848758358335788628663907260132160546364918318798316275274066191634370236084590377426003100688221190770465198618776940775325064098878252504865178788967743487,8,0,0,0,0
952,658000597940603443911849874077942824651026037824684661743342389795573207738501310421043617954085543441414194716882323777261315099183250635947746936633338657176555440613285917888288021093949153653808917542726366056417944748192625327646436565479321469290908976578867194603437528003377421544,329000298970301721955924937038971412325513018912342330871671194897786603869250655210521808977042771720707097358441161888630657549591625317973873468316669328588277720306642958944144010546974576826904458771363183028208972374096312663823218282739660734645454488289433597301718764001688710776,228405797142187478445782399715824726036161566974882988910966557590928484939838111776537853106609615450593083974173640660549824293715697516716671577257327814520264321092729836637596632550548132383268740472169180754852006201376442381540930397237553881550650128197756505009730357577935486975,8,0,0,0,0
953,1316001195881206887823699748155885649302052075649369323486684779591146415477002620842087235908171086882828389433764647554522630198366501271895493873266677314353110881226571835776576042187898307307617835085452732112835889496385250655292873130958642938581817953157734389206875056006754843097,658000597940603443911849874077942824651026037824684661743342389795573207738501310421043617954085543441414194716882323777261315099183250635947746936633338657176555440613285917888288021093949153653808917542726366056417944748192625327646436565479321469290908976578867194603437528003377421553,456811594284374956891564799431649452072323133949765977821933115181856969879676223553075706213219230901186167948347281321099648587431395033433343154514655629040528642185459673275193265101096264766537480944338361509704012402752884763081860794475107763101300256395513010019460715155870973951,9,1,0,0,0
954,2632002391762413775647399496311771298604104151298738646973369559182292830954005241684174471816342173765656778867529295109045260396733002543790987746533354628706221762453143671553152084375796614615235670170905464225671778992770501310585746261917285877163635906315468778413750112013509686201,1316001195881206887823699748155885649302052075649369323486684779591146415477002620842087235908171086882828389433764647554522630198366501271895493873266677314353110881226571835776576042187898307307617835085452732112835889496385250655292873130958642938581817953157734389206875056006754843104,913623188568749913783129598863298904144646267899531955643866230363713939759352447106151412426438461802372335896694562642199297174862790066866686309029311258081057284370919346550386530202192529533074961888676723019408024805505769526163721588950215526202600512791026020038921430311741947903,7,-2,0,0,0
955,5264004783524827551294798992623542597208208302597477293946739118364585661908010483368348943632684347531313557735058590218090520793466005087581975493066709257412443524906287343106304168751593229230471340341810928451343557985541002621171492523834571754327271812630937556827500224027019372410,2632002391762413775647399496311771298604104151298738646973369559182292830954005241684174471816342173765656778867529295109045260396733002543790987746533354628706221762453143671553152084375796614615235670170905464225671778992770501310585746261917285877163635906315468778413750112013509686209,1827246377137499827566259197726597808289292535799063911287732460727427879518704894212302824852876923604744671793389125284398594349725580133733372618058622516162114568741838693100773060404385059066149923777353446038816049611011539052327443177900431052405201025582052040077842860623483895807,8,1,0,0,0
956,10528009567049655102589597985247085194416416605194954587893478236729171323816020966736697887265368695062627115470117180436181041586932010175163950986133418514824887049812574686212608337503186458460942680683621856902687115971082005242342985047669143508654543625261875113655000448054038744828,5264004783524827551294798992623542597208208302597477293946739118364585661908010483368348943632684347531313557735058590218090520793466005087581975493066709257412443524906287343106304168751593229230471340341810928451343557985541002621171492523834571754327271812630937556827500224027019372418,3654492754274999655132518395453195616578585071598127822575464921454855759037409788424605649705753847209489343586778250568797188699451160267466745236117245032324229137483677386201546120808770118132299847554706892077632099222023078104654886355800862104810402051164104080155685721246967791615,8,0,0,0,0
957,21056019134099310205179195970494170388832833210389909175786956473458342647632041933473395774530737390125254230940234360872362083173864020350327901972266837029649774099625149372425216675006372916921885361367243713805374231942164010484685970095338287017309087250523750227310000896108077489665,10528009567049655102589597985247085194416416605194954587893478236729171323816020966736697887265368695062627115470117180436181041586932010175163950986133418514824887049812574686212608337503186458460942680683621856902687115971082005242342985047669143508654543625261875113655000448054038744837,7308985508549999310265036790906391233157170143196255645150929842909711518074819576849211299411507694418978687173556501137594377398902320534933490472234490064648458274967354772403092241617540236264599695109413784155264198444046156209309772711601724209620804102328208160311371442493935583231,9,1,0,0,0
958,42112038268198620410358391940988340777665666420779818351573912946916685295264083866946791549061474780250508461880468721744724166347728040700655803944533674059299548199250298744850433350012745833843770722734487427610748463884328020969371940190676574034618174501047500454620001792216154979338,21056019134099310205179195970494170388832833210389909175786956473458342647632041933473395774530737390125254230940234360872362083173864020350327901972266837029649774099625149372425216675006372916921885361367243713805374231942164010484685970095338287017309087250523750227310000896108077489673,14617971017099998620530073581812782466314340286392511290301859685819423036149639153698422598823015388837957374347113002275188754797804641069866980944468980129296916549934709544806184483235080472529199390218827568310528396888092312418619545423203448419241608204656416320622742884987871166463,8,-1,0,0,0
959,84224076536397240820716783881976681555331332841559636703147825893833370590528167733893583098122949560501016923760937443489448332695456081401311607889067348118599096398500597489700866700025491667687541445468974855221496927768656041938743880381353148069236349002095000909240003584432309958683,42112038268198620410358391940988340777665666420779818351573912946916685295264083866946791549061474780250508461880468721744724166347728040700655803944533674059299548199250298744850433350012745833843770722734487427610748463884328020969371940190676574034618174501047500454620001792216154979345,29235942034199997241060147163625564932628680572785022580603719371638846072299278307396845197646030777675914748694226004550377509595609282139733961888937960258593833099869419089612368966470160945058398780437655136621056793776184624837239090846406896838483216409312832641245485769975742332927,7,-1,0,0,0
960,168448153072794481641433567763953363110662665683119273406295651787666741181056335467787166196245899121002033847521874886978896665390912162802623215778134696237198192797001194979401733400050983335375082890937949710442993855537312083877487760762706296138472698004190001818480007168864619917374,84224076536397240820716783881976681555331332841559636703147825893833370590528167733893583098122949560501016923760937443489448332695456081401311607889067348118599096398500597489700866700025491667687541445468974855221496927768656041938743880381353148069236349002095000909240003584432309958691,58471884068399994482120294327251129865257361145570045161207438743277692144598556614793690395292061555351829497388452009100755019191218564279467923777875920517187666199738838179224737932940321890116797560875310273242113587552369249674478181692813793676966432818625665282490971539951484665855,8,1,0,0,0
961,336896306145588963282867135527906726221325331366238546812591303575333482362112670935574332392491798242004067695043749773957793330781824325605246431556269392474396385594002389958803466800101966670750165781875899420885987711074624167754975521525412592276945396008380003636960014337729239834756,168448153072794481641433567763953363110662665683119273406295651787666741181056335467787166196245899121002033847521874886978896665390912162802623215778134696237198192797001194979401733400050983335375082890937949710442993855537312083877487760762706296138472698004190001818480007168864619917382,116943768136799988964240588654502259730514722291140090322414877486555384289197113229587380790584123110703658994776904018201510038382437128558935847555751841034375332399477676358449475865880643780233595121750620546484227175104738499348956363385627587353932865637251330564981943079902969331711,8,0,0,0,0
962,673792612291177926565734271055813452442650662732477093625182607150666964724225341871148664784983596484008135390087499547915586661563648651210492863112538784948792771188004779917606933600203933341500331563751798841771975422149248335509951043050825184553890792016760007273920028675458479669520,336896306145588963282867135527906726221325331366238546812591303575333482362112670935574332392491798242004067695043749773957793330781824325605246431556269392474396385594002389958803466800101966670750165781875899420885987711074624167754975521525412592276945396008380003636960014337729239834764,233887536273599977928481177309004519461029444582280180644829754973110768578394226459174761581168246221407317989553808036403020076764874257117871695111503682068750664798955352716898951731761287560467190243501241092968454350209476998697912726771255174707865731274502661129963886159805938663423,8,0,0,0,0
963,1347585224582355853131468542111626904885301325464954187250365214301333929448450683742297329569967192968016270780174999095831173323127297302420985726225077569897585542376009559835213867200407866683000663127503597683543950844298496671019902086101650369107781584033520014547840057350916959339048,673792612291177926565734271055813452442650662732477093625182607150666964724225341871148664784983596484008135390087499547915586661563648651210492863112538784948792771188004779917606933600203933341500331563751798841771975422149248335509951043050825184553890792016760007273920028675458479669528,467775072547199955856962354618009038922058889164560361289659509946221537156788452918349523162336492442814635979107616072806040153529748514235743390223007364137501329597910705433797903463522575120934380487002482185936908700418953997395825453542510349415731462549005322259927772319611877326847,8,0,0,0,0
964,2695170449164711706262937084223253809770602650929908374500730428602667858896901367484594659139934385936032541560349998191662346646254594604841971452450155139795171084752019119670427734400815733366001326255007195367087901688596993342039804172203300738215563168067040029095680114701833918678103,1347585224582355853131468542111626904885301325464954187250365214301333929448450683742297329569967192968016270780174999095831173323127297302420985726225077569897585542376009559835213867200407866683000663127503597683543950844298496671019902086101650369107781584033520014547840057350916959339055,935550145094399911713924709236018077844117778329120722579319019892443074313576905836699046324672984885629271958215232145612080307059497028471486780446014728275002659195821410867595806927045150241868760974004964371873817400837907994791650907085020698831462925098010644519855544639223754653695,7,-1,0,0,0
965,5390340898329423412525874168446507619541205301859816749001460857205335717793802734969189318279868771872065083120699996383324693292509189209683942904900310279590342169504038239340855468801631466732002652510014390734175803377193986684079608344406601476431126336134080058191360229403667837356214,2695170449164711706262937084223253809770602650929908374500730428602667858896901367484594659139934385936032541560349998191662346646254594604841971452450155139795171084752019119670427734400815733366001326255007195367087901688596993342039804172203300738215563168067040029095680114701833918678111,1871100290188799823427849418472036155688235556658241445158638039784886148627153811673398092649345969771258543916430464291224160614118994056942973560892029456550005318391642821735191613854090300483737521948009928743747634801675815989583301814170041397662925850196021289039711089278447509307391,8,1,0,0,0
966,10780681796658846825051748336893015239082410603719633498002921714410671435587605469938378636559737543744130166241399992766649386585018378419367885809800620559180684339008076478681710937603262933464005305020028781468351606754387973368159216688813202952862252672268160116382720458807335674712436,5390340898329423412525874168446507619541205301859816749001460857205335717793802734969189318279868771872065083120699996383324693292509189209683942904900310279590342169504038239340855468801631466732002652510014390734175803377193986684079608344406601476431126336134080058191360229403667837356222,3742200580377599646855698836944072311376471113316482890317276079569772297254307623346796185298691939542517087832860928582448321228237988113885947121784058913100010636783285643470383227708180600967475043896019857487495269603351631979166603628340082795325851700392042578079422178556895018614783,8,0,0,0,0
967,21561363593317693650103496673786030478164821207439266996005843428821342871175210939876757273119475087488260332482799985533298773170036756838735771619601241118361368678016152957363421875206525866928010610040057562936703213508775946736318433377626405905724505344536320232765440917614671349424881,10780681796658846825051748336893015239082410603719633498002921714410671435587605469938378636559737543744130166241399992766649386585018378419367885809800620559180684339008076478681710937603262933464005305020028781468351606754387973368159216688813202952862252672268160116382720458807335674712445,7484401160755199293711397673888144622752942226632965780634552159139544594508615246693592370597383879085034175665721857164896642456475976227771894243568117826200021273566571286940766455416361201934950087792039714974990539206703263958333207256680165590651703400784085156158844357113790037229567,9,1,0,0,0
968,43122727186635387300206993347572060956329642414878533992011686857642685742350421879753514546238950174976520664965599971066597546340073513677471543239202482236722737356032305914726843750413051733856021220080115125873406427017551893472636866755252811811449010689072640465530881835229342698849770,21561363593317693650103496673786030478164821207439266996005843428821342871175210939876757273119475087488260332482799985533298773170036756838735771619601241118361368678016152957363421875206525866928010610040057562936703213508775946736318433377626405905724505344536320232765440917614671349424889,14968802321510398587422795347776289245505884453265931561269104318279089189017230493387184741194767758170068351331443714329793284912951952455543788487136235652400042547133142573881532910832722403869900175584079429949981078413406527916666414513360331181303406801568170312317688714227580074459135,8,-1,0,0,0
969,86245454373270774600413986695144121912659284829757067984023373715285371484700843759507029092477900349953041329931199942133195092680147027354943086478404964473445474712064611829453687500826103467712042440160230251746812854035103786945273733510505623622898021378145280931061763670458685397699547,43122727186635387300206993347572060956329642414878533992011686857642685742350421879753514546238950174976520664965599971066597546340073513677471543239202482236722737356032305914726843750413051733856021220080115125873406427017551893472636866755252811811449010689072640465530881835229342698849777,29937604643020797174845590695552578491011768906531863122538208636558178378034460986774369482389535516340136702662887428659586569825903904911087576974272471304800085094266285147763065821665444807739800351168158859899962156826813055833332829026720662362606813603136340624635377428455160148918271,7,-1,0,0,0
970,172490908746541549200827973390288243825318569659514135968046747430570742969401687519014058184955800699906082659862399884266390185360294054709886172956809928946890949424129223658907375001652206935424084880320460503493625708070207573890547467021011247245796042756290561862123527340917370795399103,86245454373270774600413986695144121912659284829757067984023373715285371484700843759507029092477900349953041329931199942133195092680147027354943086478404964473445474712064611829453687500826103467712042440160230251746812854035103786945273733510505623622898021378145280931061763670458685397699556,59875209286041594349691181391105156982023537813063726245076417273116356756068921973548738964779071032680273405325774857319173139651807809822175153948544942609600170188532570295526131643330889615479600702336317719799924313653626111666665658053441324725213627206272681249270754856910320297836543,9,2,0,0,0
971,344981817493083098401655946780576487650637139319028271936093494861141485938803375038028116369911601399812165319724799768532780370720588109419772345913619857893781898848258447317814750003304413870848169760640921006987251416140415147781094934042022494491592085512581123724247054681834741590798213,172490908746541549200827973390288243825318569659514135968046747430570742969401687519014058184955800699906082659862399884266390185360294054709886172956809928946890949424129223658907375001652206935424084880320460503493625708070207573890547467021011247245796042756290561862123527340917370795399110,119750418572083188699382362782210313964047075626127452490152834546232713512137843947097477929558142065360546810651549714638346279303615619644350307897089885219200340377065140591052263286661779230959201404672635439599848627307252223333331316106882649450427254412545362498541509713820640595673087,7,-2,0,0,0
972,689963634986166196803311893561152975301274278638056543872186989722282971877606750076056232739823202799624330639449599537065560741441176218839544691827239715787563797696516894635629500006608827741696339521281842013974502832280830295562189868084044988983184171025162247448494109363669483181596434,344981817493083098401655946780576487650637139319028271936093494861141485938803375038028116369911601399812165319724799768532780370720588109419772345913619857893781898848258447317814750003304413870848169760640921006987251416140415147781094934042022494491592085512581123724247054681834741590798221,239500837144166377398764725564420627928094151252254904980305669092465427024275687894194955859116284130721093621303099429276692558607231239288700615794179770438400680754130281182104526573323558461918402809345270879199697254614504446666662632213765298900854508825090724997083019427641281191346175,8,1,0,0,0
973,1379927269972332393606623787122305950602548557276113087744373979444565943755213500152112465479646405599248661278899199074131121482882352437679089383654479431575127595393033789271259000013217655483392679042563684027949005664561660591124379736168089977966368342050324494896988218727338966363192876,689963634986166196803311893561152975301274278638056543872186989722282971877606750076056232739823202799624330639449599537065560741441176218839544691827239715787563797696516894635629500006608827741696339521281842013974502832280830295562189868084044988983184171025162247448494109363669483181596442,479001674288332754797529451128841255856188302504509809960611338184930854048551375788389911718232568261442187242606198858553385117214462478577401231588359540876801361508260562364209053146647116923836805618690541758399394509229008893333325264427530597801709017650181449994166038855282562382692351,8,0,0,0,0
974,2759854539944664787213247574244611901205097114552226175488747958889131887510427000304224930959292811198497322557798398148262242965764704875358178767308958863150255190786067578542518000026435310966785358085127368055898011329123321182248759472336179955932736684100648989793976437454677932726385761,1379927269972332393606623787122305950602548557276113087744373979444565943755213500152112465479646405599248661278899199074131121482882352437679089383654479431575127595393033789271259000013217655483392679042563684027949005664561660591124379736168089977966368342050324494896988218727338966363192885,958003348576665509595058902257682511712376605009019619921222676369861708097102751576779823436465136522884374485212397717106770234428924957154802463176719081753602723016521124728418106293294233847673611237381083516798789018458017786666650528855061195603418035300362899988332077710565124765384703,9,1,0,0,0
975,5519709079889329574426495148489223802410194229104452350977495917778263775020854000608449861918585622396994645115596796296524485931529409750716357534617917726300510381572135157085036000052870621933570716170254736111796022658246642364497518944672359911865473368201297979587952874909355865452771530,2759854539944664787213247574244611901205097114552226175488747958889131887510427000304224930959292811198497322557798398148262242965764704875358178767308958863150255190786067578542518000026435310966785358085127368055898011329123321182248759472336179955932736684100648989793976437454677932726385769,1916006697153331019190117804515365023424753210018039239842445352739723416194205503153559646872930273045768748970424795434213540468857849914309604926353438163507205446033042249456836212586588467695347222474762167033597578036916035573333301057710122391206836070600725799976664155421130249530769407,8,-1,0,0,0
976,11039418159778659148852990296978447604820388458208904701954991835556527550041708001216899723837171244793989290231193592593048971863058819501432715069235835452601020763144270314170072000105741243867141432340509472223592045316493284728995037889344719823730946736402595959175905749818711730905543067,5519709079889329574426495148489223802410194229104452350977495917778263775020854000608449861918585622396994645115596796296524485931529409750716357534617917726300510381572135157085036000052870621933570716170254736111796022658246642364497518944672359911865473368201297979587952874909355865452771537,3832013394306662038380235609030730046849506420036078479684890705479446832388411006307119293745860546091537497940849590868427080937715699828619209852706876327014410892066084498913672425173176935390694444949524334067195156073832071146666602115420244782413672141201451599953328310842260499061538815,7,-1,0,0,0
977,22078836319557318297705980593956895209640776916417809403909983671113055100083416002433799447674342489587978580462387185186097943726117639002865430138471670905202041526288540628340144000211482487734282864681018944447184090632986569457990075778689439647461893472805191918351811499637423461811086142,11039418159778659148852990296978447604820388458208904701954991835556527550041708001216899723837171244793989290231193592593048971863058819501432715069235835452601020763144270314170072000105741243867141432340509472223592045316493284728995037889344719823730946736402595959175905749818711730905543075,7664026788613324076760471218061460093699012840072156959369781410958893664776822012614238587491721092183074995881699181736854161875431399657238419705413752654028821784132168997827344850346353870781388889899048668134390312147664142293333204230840489564827344282402903199906656621684520998123077631,8,1,0,0,0
978,44157672639114636595411961187913790419281553832835618807819967342226110200166832004867598895348684979175957160924774370372195887452235278005730860276943341810404083052577081256680288000422964975468565729362037888894368181265973138915980151557378879294923786945610383836703622999274846923622172293,22078836319557318297705980593956895209640776916417809403909983671113055100083416002433799447674342489587978580462387185186097943726117639002865430138471670905202041526288540628340144000211482487734282864681018944447184090632986569457990075778689439647461893472805191918351811499637423461811086151,15328053577226648153520942436122920187398025680144313918739562821917787329553644025228477174983442184366149991763398363473708323750862799314476839410827505308057643568264337995654689700692707741562777779798097336268780624295328284586666408461680979129654688564805806399813313243369041996246155263,9,1,0,0,0
979,88315345278229273190823922375827580838563107665671237615639934684452220400333664009735197790697369958351914321849548740744391774904470556011461720553886683620808166105154162513360576000845929950937131458724075777788736362531946277831960303114757758589847573891220767673407245998549693847244344593,44157672639114636595411961187913790419281553832835618807819967342226110200166832004867598895348684979175957160924774370372195887452235278005730860276943341810404083052577081256680288000422964975468565729362037888894368181265973138915980151557378879294923786945610383836703622999274846923622172300,30656107154453296307041884872245840374796051360288627837479125643835574659107288050456954349966884368732299983526796726947416647501725598628953678821655010616115287136528675991309379401385415483125555559596194672537561248590656569173332816923361958259309377129611612799626626486738083992492310527,7,-2,0,0,0
980,176630690556458546381647844751655161677126215331342475231279869368904440800667328019470395581394739916703828643699097481488783549808941112022923441107773367241616332210308325026721152001691859901874262917448151555577472725063892555663920606229515517179695147782441535346814491997099387694488689194,88315345278229273190823922375827580838563107665671237615639934684452220400333664009735197790697369958351914321849548740744391774904470556011461720553886683620808166105154162513360576000845929950937131458724075777788736362531946277831960303114757758589847573891220767673407245998549693847244344601,61312214308906592614083769744491680749592102720577255674958251287671149318214576100913908699933768737464599967053593453894833295003451197257907357643310021232230574273057351982618758802770830966251111119192389345075122497181313138346665633846723916518618754259223225599253252973476167984984621055,8,1,0,0,0
981,353261381112917092763295689503310323354252430662684950462559738737808881601334656038940791162789479833407657287398194962977567099617882224045846882215546734483232664420616650053442304003383719803748525834896303111154945450127785111327841212459031034359390295564883070693628983994198775388977378396,176630690556458546381647844751655161677126215331342475231279869368904440800667328019470395581394739916703828643699097481488783549808941112022923441107773367241616332210308325026721152001691859901874262917448151555577472725063892555663920606229515517179695147782441535346814491997099387694488689202,122624428617813185228167539488983361499184205441154511349916502575342298636429152201827817399867537474929199934107186907789666590006902394515814715286620042464461148546114703965237517605541661932502222238384778690150244994362626276693331267693447833037237508518446451198506505946952335969969242111,8,0,0,0,0
982,706522762225834185526591379006620646708504861325369900925119477475617763202669312077881582325578959666815314574796389925955134199235764448091693764431093468966465328841233300106884608006767439607497051669792606222309890900255570222655682424918062068718780591129766141387257967988397550777954756800,353261381112917092763295689503310323354252430662684950462559738737808881601334656038940791162789479833407657287398194962977567099617882224045846882215546734483232664420616650053442304003383719803748525834896303111154945450127785111327841212459031034359390295564883070693628983994198775388977378404,245248857235626370456335078977966722998368410882309022699833005150684597272858304403655634799735074949858399868214373815579333180013804789031629430573240084928922297092229407930475035211083323865004444476769557380300489988725252553386662535386895666074475017036892902397013011893904671939938484223,8,0,0,0,0
983,1413045524451668371053182758013241293417009722650739801850238954951235526405338624155763164651157919333630629149592779851910268398471528896183387528862186937932930657682466600213769216013534879214994103339585212444619781800511140445311364849836124137437561182259532282774515935976795101555909513608,706522762225834185526591379006620646708504861325369900925119477475617763202669312077881582325578959666815314574796389925955134199235764448091693764431093468966465328841233300106884608006767439607497051669792606222309890900255570222655682424918062068718780591129766141387257967988397550777954756808,490497714471252740912670157955933445996736821764618045399666010301369194545716608807311269599470149899716799736428747631158666360027609578063258861146480169857844594184458815860950070422166647730008888953539114760600979977450505106773325070773791332148950034073785804794026023787809343879876968447,8,0,0,0,0
984,2826091048903336742106365516026482586834019445301479603700477909902471052810677248311526329302315838667261258299185559703820536796943057792366775057724373875865861315364933200427538432027069758429988206679170424889239563601022280890622729699672248274875122364519064565549031871953590203111819027224,1413045524451668371053182758013241293417009722650739801850238954951235526405338624155763164651157919333630629149592779851910268398471528896183387528862186937932930657682466600213769216013534879214994103339585212444619781800511140445311364849836124137437561182259532282774515935976795101555909513616,980995428942505481825340315911866891993473643529236090799332020602738389091433217614622539198940299799433599472857495262317332720055219156126517722292960339715689188368917631721900140844333295460017777907078229521201959954901010213546650141547582664297900068147571609588052047575618687759753936895,8,0,0,0,0
985,5652182097806673484212731032052965173668038890602959207400955819804942105621354496623052658604631677334522516598371119407641073593886115584733550115448747751731722630729866400855076864054139516859976413358340849778479127202044561781245459399344496549750244729038129131098063743907180406223638054455,2826091048903336742106365516026482586834019445301479603700477909902471052810677248311526329302315838667261258299185559703820536796943057792366775057724373875865861315364933200427538432027069758429988206679170424889239563601022280890622729699672248274875122364519064565549031871953590203111819027231,1961990857885010963650680631823733783986947287058472181598664041205476778182866435229245078397880599598867198945714990524634665440110438312253035444585920679431378376737835263443800281688666590920035555814156459042403919909802020427093300283095165328595800136295143219176104095151237375519507873791,7,-1,0,0,0
986,11304364195613346968425462064105930347336077781205918414801911639609884211242708993246105317209263354669045033196742238815282147187772231169467100230897495503463445261459732801710153728108279033719952826716681699556958254404089123562490918798688993099500489458076258262196127487814360812447276108919,5652182097806673484212731032052965173668038890602959207400955819804942105621354496623052658604631677334522516598371119407641073593886115584733550115448747751731722630729866400855076864054139516859976413358340849778479127202044561781245459399344496549750244729038129131098063743907180406223638054464,3923981715770021927301361263647467567973894574116944363197328082410953556365732870458490156795761199197734397891429981049269330880220876624506070889171841358862756753475670526887600563377333181840071111628312918084807839819604040854186600566190330657191600272590286438352208190302474751039015747583,9,2,0,0,0
987,22608728391226693936850924128211860694672155562411836829603823279219768422485417986492210634418526709338090066393484477630564294375544462338934200461794991006926890522919465603420307456216558067439905653433363399113916508808178247124981837597377986199000978916152516524392254975628721624894552217846,11304364195613346968425462064105930347336077781205918414801911639609884211242708993246105317209263354669045033196742238815282147187772231169467100230897495503463445261459732801710153728108279033719952826716681699556958254404089123562490918798688993099500489458076258262196127487814360812447276108927,7847963431540043854602722527294935135947789148233888726394656164821907112731465740916980313591522398395468795782859962098538661760441753249012141778343682717725513506951341053775201126754666363680142223256625836169615679639208081708373201132380661314383200545180572876704416380604949502078031495167,8,-1,0,0,0
988,45217456782453387873701848256423721389344311124823673659207646558439536844970835972984421268837053418676180132786968955261128588751088924677868400923589982013853781045838931206840614912433116134879811306866726798227833017616356494249963675194755972398001957832305033048784509951257443249789104435699,22608728391226693936850924128211860694672155562411836829603823279219768422485417986492210634418526709338090066393484477630564294375544462338934200461794991006926890522919465603420307456216558067439905653433363399113916508808178247124981837597377986199000978916152516524392254975628721624894552217853,15695926863080087709205445054589870271895578296467777452789312329643814225462931481833960627183044796790937591565719924197077323520883506498024283556687365435451027013902682107550402253509332727360284446513251672339231359278416163416746402264761322628766401090361145753408832761209899004156062990335,7,-1,0,0,0
989,90434913564906775747403696512847442778688622249647347318415293116879073689941671945968842537674106837352360265573937910522257177502177849355736801847179964027707562091677862413681229824866232269759622613733453596455666035232712988499927350389511944796003915664610066097569019902514886499578208871407,45217456782453387873701848256423721389344311124823673659207646558439536844970835972984421268837053418676180132786968955261128588751088924677868400923589982013853781045838931206840614912433116134879811306866726798227833017616356494249963675194755972398001957832305033048784509951257443249789104435708,31391853726160175418410890109179740543791156592935554905578624659287628450925862963667921254366089593581875183131439848394154647041767012996048567113374730870902054027805364215100804507018665454720568893026503344678462718556832326833492804529522645257532802180722291506817665522419798008312125980671,9,2,0,0,0
990,180869827129813551494807393025694885557377244499294694636830586233758147379883343891937685075348213674704720531147875821044514355004355698711473603694359928055415124183355724827362459649732464539519245227466907192911332070465425976999854700779023889592007831329220132195138039805029772999156417742821,90434913564906775747403696512847442778688622249647347318415293116879073689941671945968842537674106837352360265573937910522257177502177849355736801847179964027707562091677862413681229824866232269759622613733453596455666035232712988499927350389511944796003915664610066097569019902514886499578208871414,62783707452320350836821780218359481087582313185871109811157249318575256901851725927335842508732179187163750366262879696788309294083534025992097134226749461741804108055610728430201609014037330909441137786053006689356925437113664653666985609059045290515065604361444583013635331044839596016624251961343,7,-2,0,0,0
991,361739654259627102989614786051389771114754488998589389273661172467516294759766687783875370150696427349409441062295751642089028710008711397422947207388719856110830248366711449654724919299464929079038490454933814385822664140930851953999709401558047779184015662658440264390276079610059545998312835485651,180869827129813551494807393025694885557377244499294694636830586233758147379883343891937685075348213674704720531147875821044514355004355698711473603694359928055415124183355724827362459649732464539519245227466907192911332070465425976999854700779023889592007831329220132195138039805029772999156417742830,125567414904640701673643560436718962175164626371742219622314498637150513803703451854671685017464358374327500732525759393576618588167068051984194268453498923483608216111221456860403218028074661818882275572106013378713850874227329307333971218118090581030131208722889166027270662089679192033248503922687,9,2,0,0,0
992,723479308519254205979229572102779542229508977997178778547322344935032589519533375567750740301392854698818882124591503284178057420017422794845894414777439712221660496733422899309449838598929858158076980909867628771645328281861703907999418803116095558368031325316880528780552159220119091996625670971310,361739654259627102989614786051389771114754488998589389273661172467516294759766687783875370150696427349409441062295751642089028710008711397422947207388719856110830248366711449654724919299464929079038490454933814385822664140930851953999709401558047779184015662658440264390276079610059545998312835485659,251134829809281403347287120873437924350329252743484439244628997274301027607406903709343370034928716748655001465051518787153237176334136103968388536906997846967216432222442913720806436056149323637764551144212026757427701748454658614667942436236181162060262417445778332054541324179358384066497007845375,8,-1,0,0,0
993,1446958617038508411958459144205559084459017955994357557094644689870065179039066751135501480602785709397637764249183006568356114840034845589691788829554879424443320993466845798618899677197859716316153961819735257543290656563723407815998837606232191116736062650633761057561104318440238183993251341942627,723479308519254205979229572102779542229508977997178778547322344935032589519533375567750740301392854698818882124591503284178057420017422794845894414777439712221660496733422899309449838598929858158076980909867628771645328281861703907999418803116095558368031325316880528780552159220119091996625670971317,502269659618562806694574241746875848700658505486968878489257994548602055214813807418686740069857433497310002930103037574306474352668272207936777073813995693934432864444885827441612872112298647275529102288424053514855403496909317229335884872472362324120524834891556664109082648358716768132994015690751,7,-1,0,0,0
994,2893917234077016823916918288411118168918035911988715114189289379740130358078133502271002961205571418795275528498366013136712229680069691179383577659109758848886641986933691597237799354395719432632307923639470515086581313127446815631997675212464382233472125301267522115122208636880476367986502683885263,1446958617038508411958459144205559084459017955994357557094644689870065179039066751135501480602785709397637764249183006568356114840034845589691788829554879424443320993466845798618899677197859716316153961819735257543290656563723407815998837606232191116736062650633761057561104318440238183993251341942636,1004539319237125613389148483493751697401317010973937756978515989097204110429627614837373480139714866994620005860206075148612948705336544415873554147627991387868865728889771654883225744224597294551058204576848107029710806993818634458671769744944724648241049669783113328218165296717433536265988031381503,9,2,0,0,0
995,5787834468154033647833836576822236337836071823977430228378578759480260716156267004542005922411142837590551056996732026273424459360139382358767155318219517697773283973867383194475598708791438865264615847278941030173162626254893631263995350424928764466944250602535044230244417273760952735973005367770533,2893917234077016823916918288411118168918035911988715114189289379740130358078133502271002961205571418795275528498366013136712229680069691179383577659109758848886641986933691597237799354395719432632307923639470515086581313127446815631997675212464382233472125301267522115122208636880476367986502683885270,2009078638474251226778296966987503394802634021947875513957031978194408220859255229674746960279429733989240011720412150297225897410673088831747108295255982775737731457779543309766451488449194589102116409153696214059421613987637268917343539489889449296482099339566226656436330593434867072531976062763007,7,-2,0,0,0
996,11575668936308067295667673153644472675672143647954860456757157518960521432312534009084011844822285675181102113993464052546848918720278764717534310636439035395546567947734766388951197417582877730529231694557882060346325252509787262527990700849857528933888501205070088460488834547521905471946010735541074,5787834468154033647833836576822236337836071823977430228378578759480260716156267004542005922411142837590551056996732026273424459360139382358767155318219517697773283973867383194475598708791438865264615847278941030173162626254893631263995350424928764466944250602535044230244417273760952735973005367770541,4018157276948502453556593933975006789605268043895751027914063956388816441718510459349493920558859467978480023440824300594451794821346177663494216590511965551475462915559086619532902976898389178204232818307392428118843227975274537834687078979778898592964198679132453312872661186869734145063952125526015,8,1,0,0,0
997,23151337872616134591335346307288945351344287295909720913514315037921042864625068018168023689644571350362204227986928105093697837440557529435068621272878070791093135895469532777902394835165755461058463389115764120692650505019574525055981401699715057867777002410140176920977669095043810943892021471082157,11575668936308067295667673153644472675672143647954860456757157518960521432312534009084011844822285675181102113993464052546848918720278764717534310636439035395546567947734766388951197417582877730529231694557882060346325252509787262527990700849857528933888501205070088460488834547521905471946010735541083,8036314553897004907113187867950013579210536087791502055828127912777632883437020918698987841117718935956960046881648601188903589642692355326988433181023931102950925831118173239065805953796778356408465636614784856237686455950549075669374157959557797185928397358264906625745322373739468290127904251052031,9,1,0,0,0
998,46302675745232269182670692614577890702688574591819441827028630075842085729250136036336047379289142700724408455973856210187395674881115058870137242545756141582186271790939065555804789670331510922116926778231528241385301010039149050111962803399430115735554004820280353841955338190087621887784042942164322,23151337872616134591335346307288945351344287295909720913514315037921042864625068018168023689644571350362204227986928105093697837440557529435068621272878070791093135895469532777902394835165755461058463389115764120692650505019574525055981401699715057867777002410140176920977669095043810943892021471082165,16072629107794009814226375735900027158421072175583004111656255825555265766874041837397975682235437871913920093763297202377807179285384710653976866362047862205901851662236346478131611907593556712816931273229569712475372911901098151338748315919115594371856794716529813251490644747478936580255808502104063,8,-1,0,0,0
999,92605351490464538365341385229155781405377149183638883654057260151684171458500272072672094758578285401448816911947712420374791349762230117740274485091512283164372543581878131111609579340663021844233853556463056482770602020078298100223925606798860231471108009640560707683910676380175243775568085884328651,46302675745232269182670692614577890702688574591819441827028630075842085729250136036336047379289142700724408455973856210187395674881115058870137242545756141582186271790939065555804789670331510922116926778231528241385301010039149050111962803399430115735554004820280353841955338190087621887784042942164329,32145258215588019628452751471800054316842144351166008223312511651110531533748083674795951364470875743827840187526594404755614358570769421307953732724095724411803703324472692956263223815187113425633862546459139424950745823802196302677496631838231188743713589433059626502981289494957873160511617004208127,7,-1,0,0,0
1000,185210702980929076730682770458311562810754298367277767308114520303368342917000544145344189517156570802897633823895424840749582699524460235480548970183024566328745087163756262223219158681326043688467707112926112965541204040156596200447851213597720462942216019281121415367821352760350487551136171768657311,92605351490464538365341385229155781405377149183638883654057260151684171458500272072672094758578285401448816911947712420374791349762230117740274485091512283164372543581878131111609579340663021844233853556463056482770602020078298100223925606798860231471108009640560707683910676380175243775568085884328660,64290516431176039256905502943600108633684288702332016446625023302221063067496167349591902728941751487655680375053188809511228717141538842615907465448191448823607406648945385912526447630374226851267725092918278849901491647604392605354993263676462377487427178866119253005962578989915746321023234008416255,9,2,0,0,0
