A,carry,defect,r_30dp,B_odd,prime_candidate
0,,,0.18520351934010637972437187607838,1,0
1,9,0,0.90016243438942863151375388102402,0,0
2,7,-2,0.33008026448807313509251789091528,0,0
3,8,1,0.18991592468536214225004591069782,1,1
4,9,1,0.9095872450799401565651019502629,1,1
5,7,-2,0.34892988586909618519521402939305,0,0
6,8,1,0.22761516744740824245543818765335,1,1
7,9,1,0.98498573060403235697588650417395,1,1
8,7,-2,0.49972685691728058601678313721515,0,0
9,8,1,0.52920910954377704409857640329754,1,1
10,8,0,0.58817361479676996026216293546234,0,0
11,8,0,0.70610262530275579258933599979194,0,0
12,8,0,0.94196064631472745724368212845113,0,0
13,7,-1,0.41367668833867078655237438576951,1,1
14,8,1,0.35710877238655744516975890040627,1,1
15,8,0,0.2439729404823307624045279296798,0,0
16,8,0,0.017701276673877396874065988226851,0,0
17,9,1,0.56515794905697066581314210532096,1,1
18,8,-1,0.66007129382315720369129433950917,1,1
19,8,0,0.84989798335553027944759880788559,0,0
20,7,-1,0.22955136242027643096020774463842,1,1
21,9,2,0.9888581205497687339854256181441,0,0
22,7,-2,0.50747163680875334003586136515546,0,0
23,8,1,0.54469866932672255213673285917817,1,1
24,8,0,0.61915273436266097633847584722359,0,0
25,8,0,0.76806086443453782474196182331444,0,0
26,7,-1,0.065877124578291521548933775496138,1,1
27,9,2,0.66150964486579891516287767985953,0,0
28,8,-1,0.85277468544081370239076548858631,1,1
29,7,-1,0.23530476659084327684654110603988,1,1
30,8,1,0.0003649288909024257580923409470187,1,1
31,9,1,0.53048525349102072358119481076129,1,1
32,8,-1,0.59072590269125731922739975038984,1,1
33,8,0,0.71120720109173051051980962964693,0,0
34,8,0,0.95216979789267689310462938816111,0,0
35,7,-1,0.43409499149456965827426890518946,1,1
36,8,1,0.39794537869835518861354793924618,1,1
37,8,0,0.32564615310592624929210600735962,0,0
38,8,0,0.18104770192106837064922214358649,0,0
39,9,1,0.89185079955135261336345441604024,1,1
40,7,-2,0.31345699481192109879191896094772,0,0
41,8,1,0.1566693853330580696488480507627,1,1
42,9,1,0.84309416637533201136270623039266,1,1
43,7,-2,0.21594372845987989479042258965258,0,0
44,9,2,0.9616428526289756616458553081724,0,0
45,7,-2,0.45304110096716719535672074521206,0,0
46,8,1,0.43583759764355026277845161929138,1,1
47,8,0,0.40143059099631639762191336745001,0,0
48,8,0,0.33261657770184866730883686376728,0,0
49,8,0,0.19498855111291320668268385640181,0,0
50,9,1,0.91973249793504228543037784167088,1,1
51,7,-2,0.36922039157930044292576581220902,0,0
52,8,1,0.26819617886781675791654175328529,1,1
53,8,0,0.066147753444849387898093635437828,0,0
54,9,1,0.66205090259891464786119739974291,1,1
55,8,-1,0.85385720090704516778740492835307,1,1
56,7,-1,0.2374697975233062076398199855734,1,1
57,8,1,0.0046949907558282873446501000140495,1,1
58,9,1,0.53914537722087244675431032889535,1,1
59,8,-1,0.60804615015096076557363078665796,1,1
60,8,0,0.74584769601113740321227170218317,0,0
61,7,-1,0.021450787731490678489553533233598,1,1
62,9,2,0.57265697117219722904411719533445,0,0
63,8,-1,0.67506933805361033015324451953616,1,1
64,8,0,0.87989407181643653237149916793956,0,0
65,7,-1,0.28954353934208893680800846474638,1,1
66,8,1,0.10884247439339374568102705836002,1,1
67,9,1,0.74744034449600336342706424558729,1,1
68,7,-2,0.024636084701222598919138620041832,0,0
69,9,2,0.57902756511166106990328736895092,0,0
70,8,-1,0.68781052593253801187158486676909,1,1
71,8,0,0.90537644757429189580817986240543,0,0
72,7,-1,0.34050829085779966368136985367812,1,1
73,8,1,0.21077197742481519942774983622349,1,1
74,9,1,0.95129935055884627092050980131424,1,1
75,7,-2,0.43235409682690841390602973149573,0,0
76,8,1,0.39446358936303269987706959185871,1,1
77,8,0,0.31868257443528127181914931258466,0,0
78,8,0,0.16712054457977841570330875403658,0,0
79,9,1,0.86399648486877270347162763694042,1,1
80,7,-2,0.25774836544676127900826540274809,0,0
81,8,1,0.045252126602738430081540934363441,1,1
82,9,1,0.62025964891469273222809199759414,1,1
83,8,-1,0.77027469353860133652119412405553,1,1
84,7,-1,0.070304782786418545107398376978308,1,1
85,9,2,0.67036496128205296227980688282387,0,0
86,8,-1,0.87048531827332179662462389451499,1,1
87,7,-1,0.27072603225585946531425791789724,1,1
88,8,1,0.071207460220934802693525964661732,1,1
89,9,1,0.67217031615108547745206205819072,1,1
90,8,-1,0.87409602801138682696913424524869,1,1
91,7,-1,0.27794745173198952600327861936463,1,1
92,8,1,0.085650299173194924071567367596518,1,1
93,9,1,0.70105599405560572020814486406029,1,1
94,8,-1,0.93186738382042731248129985698783,1,1
95,7,-1,0.39349016335007049702760984284292,1,1
96,8,1,0.3167357224093568661202298145531,1,1
97,8,0,0.16322684052792960430546975797345,0,0
98,9,1,0.85620907676507508067594964481416,1,1
99,7,-2,0.24217354923936603341690941849558,0,0
100,8,1,0.014102494187947938898828965858409,1,1
101,9,1,0.55796038408511174986266806058407,1,1
102,8,-1,0.6456761638794393717903462500354,1,1
103,8,0,0.82110772346809461564570262893805,0,0
104,7,-1,0.17197084264540510335641538674336,1,1
105,9,2,0.87369708100002607877784090235397,0,0
106,7,-2,0.27714955770926802962069193357519,0,0
107,8,1,0.084054511127751931306393996017631,1,1
108,9,1,0.69786441796471973467779812090252,1,1
109,8,-1,0.92548423163865534142060637067229,1,1
110,7,-1,0.38072385898652655490622287021183,1,1
111,8,1,0.29120311368226898187745586929091,1,1
112,8,0,0.11216162307375383581992186744907,0,0
113,9,1,0.75407864185672354370485386376539,1,1
114,7,-2,0.03791267942266295947471785639804,0,0
115,9,2,0.60558075455454179101444584166333,0,0
116,8,-1,0.74091690481829945409390181219392,1,1
117,7,-1,0.011589205345814780252813753255097,1,1
118,9,2,0.55293380640084543257063763537745,0,0
119,8,-1,0.63562300851090673720628539962215,1,1
120,8,0,0.80100141273102934647758092811155,0,0
121,7,-1,0.13175822117127456502017198509036,1,1
122,9,2,0.79327183805176500210535409904797,0,0
123,7,-2,0.1162990718127458762757183269632,0,0
124,9,2,0.76235353933470762461644678279365,0,0
125,7,-2,0.054462474378631121297903694454551,0,0
126,9,2,0.63868034446647811466081751777636,0,0
127,8,-1,0.80711608464217210138664516441996,1,1
128,7,-1,0.14398756499356007483830045770718,1,1
129,9,2,0.81773052569633602174161104428162,0,0
130,7,-2,0.16521644710188791554823221743049,0,0
131,9,2,0.86018828991299170316147456372824,0,0
132,7,-2,0.25013197553519927838795925632373,0,0
133,8,1,0.030019346779614428840928641514705,1,1
134,9,1,0.58979408926844472974686741189666,1,1
135,8,-1,0.70934357424610533155874495266058,1,1
136,8,0,0.94844254420142653518250003418841,0,0
137,7,-1,0.42664048411206894243001019724408,1,1
138,8,1,0.38303636393335375692503052335542,1,1
139,8,0,0.29582812357592338591507117557809,0,0
140,8,0,0.12141164286106264389515248002343,0,0
141,9,1,0.77257868143134115985531508891411,1,1
142,7,-2,0.074912758571898191775640306695473,0,0
143,9,2,0.6795809128530122556162907422582,0,0
144,8,-1,0.88891722141524038329759161338365,1,1
145,7,-1,0.30758983853969663866019335563456,1,1
146,8,1,0.14493507278860914938539684013637,1,1
147,9,1,0.81962554128643417083580380913999,1,1
148,7,-2,0.16900647828208421373661774714724,0,0
149,9,2,0.86776835227338429953824562316173,0,0
150,7,-2,0.26529210025598447114150137519071,0,0
151,8,1,0.060339596221184814348012879248675,1,1
152,9,1,0.6504345881515855007610358873646,1,1
153,8,-1,0.83062457201238687358708190359646,1,1
154,7,-1,0.19100453973398961923917393606018,1,1
155,9,2,0.91176447517719511054335800098761,0,0
156,7,-2,0.35328434606360609315172613084247,0,0
157,8,1,0.2363240878364280583684623905522,1,1
158,8,0,0.0024035713820719888019349099716452,0,0
159,9,1,0.53456253847335984966887994881054,1,1
160,8,-1,0.59888047265593557140277002648834,1,1
161,8,0,0.72751634102108701487055018184394,0,0
162,8,0,0.98478807775138990180611049255513,0,0
163,7,-1,0.49933155121199567567723111397751,1,1
164,8,1,0.52841849813320722341947235682228,1,1
165,8,0,0.58659239197563031890395484251181,0,0
166,8,0,0.70294017966047650987291981389087,0,0
167,8,0,0.93563575503016889181084975664899,0,0
168,7,-1,0.40102690576955365568670964216523,1,1
169,8,1,0.33180920724832318343842941319771,1,1
170,8,0,0.19337381020586223894186895526268,0,0
171,9,1,0.91650301612094034994874803939262,1,1
172,7,-2,0.36276142795109657196250620765249,0,0
173,8,1,0.25527825161140901599002254417223,1,1
174,8,0,0.040311898932033904045055217211706,0,0
175,9,1,0.61037919357328368015512056329067,1,1
176,8,-1,0.75051378285578323237525125544859,1,1
177,7,-1,0.030782961420782336815512639764425,1,1
178,9,2,0.5913213185507805456960354083961,0,0
179,8,-1,0.71239803281077696345708094565946,1,1
180,8,0,0.95455146133076979897917202018618,0,0
181,7,-1,0.43885831837075547002335416923961,1,1
182,8,1,0.40747203245072681211171846734647,1,1
183,8,0,0.34469946061066949628844706356019,0,0
184,8,0,0.21915431693055486464190425598763,0,0
185,9,1,0.96806402957032560134881864084251,1,1
186,7,-2,0.46588345484986707476264741055227,0,0
187,8,1,0.4615223054089500215903049499718,1,1
188,8,0,0.45280000652711591524562002881085,0,0
189,8,0,0.43535540876344770255625018648895,0,0
190,8,0,0.40046621323611127717751050184516,0,0
191,8,0,0.33068782218143842642003113255757,0,0
192,8,0,0.19113104007209272490507239398239,0,0
193,9,1,0.91201747585340132187515491683203,1,1
194,7,-2,0.3537903474160185158153199625313,0,0
195,8,1,0.23733609054125290369565005392986,1,1
196,8,0,0.0044275767917216794563102367269806,0,0
197,9,1,0.53861054929265923097763060232121,1,1
198,8,-1,0.60697649429453433402027133350968,1,1
199,8,0,0.74370838429828454010555279588662,0,0
200,7,-1,0.017172164305784952276115720640496,1,1
201,9,2,0.56409972432078577661724157014825,0,0
202,8,-1,0.65795484435078742529949326916374,1,1
203,8,0,0.84566508441079072266399666719474,0,0
204,7,-1,0.22108556453079731739300346325674,1,1
205,9,2,0.97192652477081050685101705538074,0,0
206,7,-2,0.47360844525083688576704423962873,0,0
207,8,1,0.47697228621088964359909860812471,1,1
208,8,0,0.48369996813099515926320734511666,0,0
209,8,0,0.49715533197120619059142481910058,0,0
210,8,0,0.52406605965162825324785976706842,0,0
211,8,0,0.5778875150124723785607296630041,0,0
212,8,0,0.68553042573416062918646945487544,0,0
213,8,0,0.90081624717753713043794903861814,0,0
214,7,-1,0.33138789006429013294090820610354,1,1
215,8,1,0.19253117583779613794682654107433,1,1
216,9,1,0.91481774738480814795866321101592,1,1
217,7,-2,0.35939089047883216798233655089909,0,0
218,8,1,0.24853717666688020802968323066544,1,1
219,8,0,0.026829749042976288124376590198135,0,0
220,9,1,0.58341489379516844831376330926352,1,1
221,8,-1,0.6965851832995527686925367473943,1,1
222,8,0,0.92292576230832140945008362365586,0,0
223,7,-1,0.37560692032585869096517737617897,1,1
224,8,1,0.2809692363609332539953648812252,1,1
225,8,0,0.091693868431082380055739891317644,0,0
226,9,1,0.71314313257138063217648991150254,1,1
227,8,-1,0.95604166085197713641798995187234,1,1
228,7,-1,0.44183871741317014490099003261193,1,1
229,8,1,0.41343283053555616186699019409111,1,1
230,8,0,0.35662105678032819579899051704947,0,0
231,8,0,0.24299750926987226366299116296619,0,0
232,8,0,0.015750414248960399390992454799637,0,0
233,9,1,0.56125622420713667084699503846653,1,1
234,8,-1,0.65226784412348921375900020580031,1,1
235,8,0,0.83429108395619429958301054046787,0,0
236,7,-1,0.198337563621604471231031209803,1,1
237,9,2,0.92643052295242481452707254847325,0,0
238,7,-2,0.38261644161406550111915522581376,0,0
239,8,1,0.29498827893734687430332058049477,1,1
240,8,0,0.11973195358390962067165128985679,0,0
241,9,1,0.76921930287703511340831270858083,1,1
242,7,-2,0.068194001463286098881635546028924,0,0
243,9,2,0.6661433986357880698282812209251,0,0
244,8,-1,0.86204219298079201172157257071746,1,1
245,7,-1,0.25383978167079989550815527030216,1,1
246,8,1,0.037434959050815663081320669471583,1,1
247,9,1,0.60462531381084719822765146781042,1,1
248,8,-1,0.73900602333091026852031306448809,1,1
249,7,-1,0.0077674423710364091056362578434424,1,1
250,9,2,0.54529028045128869027628264455414,0,0
251,8,-1,0.62033595661179325261757541797553,1,1
252,8,0,0.77042730893280237730016096481832,0,0
253,7,-1,0.070610013574820626665332058503885,1,1
254,9,2,0.67097542285885712539567424587502,0,0
255,8,-1,0.8717062414269301228563586206173,1,1
256,7,-1,0.27316787856307611777772737010185,1,1
257,8,1,0.076091152835368107620464869070962,1,1
258,9,1,0.68193770137995208730593986700918,1,1
259,8,-1,0.89363079846912004667688986288561,1,1
260,7,-1,0.31701699264745596541878985463847,1,1
261,8,1,0.1637893810041278029025898381442,1,1
262,9,1,0.85733415771747147787018980515566,1,1
263,7,-2,0.24442371114415882780538973917857,0,0
264,8,1,0.018602817997533527675789607224392,1,1
265,9,1,0.56696103170428292741658934331604,1,1
266,8,-1,0.66367745911778172689818881549933,1,1
267,8,0,0.85711031394477932586138775986592,0,0
268,7,-1,0.24397602359877452378778564859909,1,1
269,8,1,0.017707442906764919640581426065426,1,1
270,9,1,0.56517028152274571134617298099811,1,1
271,8,-1,0.66009595875470729475735609086346,1,1
272,8,0,0.84994731321863046157972231059418,0,0
273,7,-1,0.22965002214647679522445475005562,1,1
274,9,2,0.98905544000216946251391962897849,0,0
275,7,-2,0.50786627571355479709284938682423,0,0
276,8,1,0.54548794713632546625070890251572,1,1
277,8,0,0.62073128998186680456642793389869,0,0
278,8,0,0.77121797567294948119786599666463,0,0
279,7,-1,0.072191347055114834460742122196524,1,1
280,9,2,0.6741380898194455409864943732603,0,0
281,8,-1,0.87803157534810695403799887538786,1,1
282,7,-1,0.28581854640542978014100787964297,1,1
283,8,1,0.10139248852007543234702588815319,1,1
284,9,1,0.73254037274936673675906190517362,1,1
285,8,-1,0.9948361412079493455831339392145,1,1
286,7,-1,0.51942767812511456323127800729626,1,1
287,8,1,0.56861075195944499852756614345977,1,1
288,8,0,0.66697689962810586912014241578679,0,0
289,8,0,0.86370919496542761030529496044083,0,0
290,7,-1,0.25717378564007109267560004974891,1,1
291,8,1,0.04410296698935805741621022836508,1,1
292,9,1,0.61796132968793198689743058559741,1,1
293,8,-1,0.76567805508507984585987130006208,1,1
294,7,-1,0.06111150587937556378475272899142,1,1
295,9,2,0.65197840746796699963451558685009,0,0
296,8,-1,0.83371221064514987133404130256744,1,1
297,7,-1,0.19717981699951561473309273400214,1,1
298,9,2,0.92411502970824710153119559687152,0,0
299,7,-2,0.3779854551257100751274013226103,0,0
300,8,1,0.28572630596063602231981277408786,1,1
301,8,0,0.10120800763048791670463567704297,0,0
302,9,1,0.7321714109701917054742814829532,1,1
303,8,-1,0.99409821764959928301357309477366,1,1
304,7,-1,0.51795183100841443809215631841457,1,1
305,8,1,0.56565905772604474824932276569639,1,1
306,8,0,0.66107351116130536856365566026004,0,0
307,8,0,0.85190241803182660919232144938734,0,0
308,7,-1,0.23356023177286909044965302764192,1,1
309,9,2,0.9968758592549540529643161841511,0,0
310,7,-2,0.52350711421912397799364249716946,0,0
311,8,1,0.57676962414746382805229512320617,1,1
312,8,0,0.6832946440041435281696003752796,0,0
313,8,0,0.89634468371750292840421087942646,0,0
314,7,-1,0.32244476314422172887343188772018,1,1
315,8,1,0.17464492199765932981187390430761,1,1
316,9,1,0.87904523970453453168875793748246,1,1
317,7,-2,0.28784587511828493544252600383218,0,0
318,8,1,0.10544714594578574295006213653162,1,1
319,9,1,0.7406496876007873579651344019305,1,1
320,7,-2,0.011054770910790587995278932728244,0,0
321,9,2,0.55186493753079704805556799432374,0,0
322,8,-1,0.63348527077080996817614611751474,1,1
323,8,0,0.79672593725083580841730236389673,0,0
324,7,-1,0.12320727021088748889961485666071,1,1
325,9,2,0.77616993613099084986423984218868,0,0
326,7,-2,0.082095267971197571793489813244608,0,0
327,9,2,0.69394593165161101565198975535647,0,0
328,8,-1,0.91764725901243790336898963958019,1,1
329,7,-1,0.36504991373409167880298940802764,1,1
330,8,1,0.25985522317739922967098894492253,1,1
331,8,0,0.049465842064014331406988018712317,0,0
332,9,1,0.62868707983724453487898616629189,1,1
333,8,-1,0.78712955538370494182298246145103,1,1
334,7,-1,0.10401450647662575571097505176931,1,1
335,9,2,0.73778440866246738348696023240588,0,0
336,7,-2,0.0053242130341506390389305936790104,0,0
337,9,2,0.54040382177751715014287131622527,0,0
338,8,-1,0.6105630392642501723507527613178,1,1
339,8,0,0.75088147423771621676651565150286,0,0
340,7,-1,0.031518344184648305598041431872972,1,1
341,9,2,0.5927920840785124832610929926132,0,0
342,8,-1,0.71533956386624083858719611409365,1,1
343,8,0,0.96043452344169754923940235705455,0,0
344,7,-1,0.45062444259261097054381484297636,1,1
345,8,1,0.43100428089443781315263981481997,1,1
346,8,0,0.39176395749809149837028975850719,0,0
347,8,0,0.31328331070539886880558964588164,0,0
348,8,0,0.15632201712001360967618942063053,0,0
349,9,1,0.84239942994924309141738897012831,1,1
350,7,-2,0.21455425560770205489978806912388,0,0
351,9,2,0.95886390692461998186458626711501,0,0
352,7,-2,0.44748320955845583579418266309727,0,0
353,8,1,0.42472181482612754365337545506179,1,1
354,8,0,0.37919902536147095937176103899084,0,0
355,8,0,0.28815344643215779080853220684893,0,0
356,8,0,0.10606228857353145368207454256511,0,0
357,9,1,0.74187997285627877942915921399747,1,1
358,7,-2,0.013515341421773430923328556862186,0,0
359,9,2,0.55678607855276273391166724259163,0,0
360,8,-1,0.64332755281474133988834461405051,1,1
361,8,0,0.81641050133869855184169935696827,0,0
362,7,-1,0.16257639838661297574840884280378,1,1
363,9,2,0.85490819248244182356182781447482,0,0
364,7,-2,0.2395717806740995191886657578169,0,0
365,8,1,0.0088989570574149104423416445010524,1,1
366,9,1,0.54755330982404569294969341786936,1,1
367,8,-1,0.62486201535730725796439696460597,1,1
368,8,0,0.7794794264238303879938040580792,0,0
369,7,-1,0.088714248556876648052618245025644,1,1
370,9,2,0.70718389282296916817024661891854,0,0
371,8,-1,0.94412318135515420840550336670434,1,1
372,7,-1,0.41800175841952428887601686227593,1,1
373,8,1,0.36575891254826444981704385341911,1,1
374,8,0,0.26127322080574477169909783570547,0,0
375,8,0,0.05230183732070541546320580027819,0,0
376,9,1,0.63435907035062670299142172942363,1,1
377,8,-1,0.79847353641046927804785358771452,1,1
378,7,-1,0.1267024685301544281607173042963,1,1
379,9,2,0.78316033276952472838644473745985,0,0
380,7,-2,0.096076061248265328837899603786952,0,0
381,9,2,0.72190751820574652974080933644116,0,0
382,8,-1,0.97357043212070893154662880174957,1,1
383,7,-1,0.47689625995063373515826773236639,1,1
384,8,1,0.48354791561048334238154559360004,1,1
385,8,0,0.49685122693018255682810131606733,0,0
386,8,0,0.52345784956958098572121276100192,0,0
387,8,0,0.57667109484837784350743565087109,0,0
388,8,0,0.68309758540597155907988143060943,0,0
389,8,0,0.89595056652115899022477299008611,0,0
390,7,-1,0.32165652875153385251455610903946,1,1
391,8,1,0.17306845321228357709412234694618,1,1
392,9,1,0.87589230213378302625325482275962,1,1
393,7,-2,0.28153999997678192457151977438649,0,0
394,8,1,0.092835395662779721208049677640234,1,1
395,9,1,0.71542618703477531448110948414772,1,1
396,8,-1,0.9606077697787665010272290971627,1,1
397,7,-1,0.45097093526674887411946832319264,1,1
398,8,1,0.43169726624271362030394677525254,1,1
399,8,0,0.39314992819464311267290367937234,0,0
400,8,0,0.31605525209850209741081748761193,0,0
401,8,0,0.16186589990622006688664510409112,0,0
402,9,1,0.85348719552165600583830033704949,1,1
403,7,-2,0.23672978675252788374161080296623,0,0
404,8,1,0.0032149692142716395482317347997116,1,1
405,9,1,0.53618533413775915116147359846668,1,1
406,8,-1,0.60212606398473417438795732580061,1,1
407,8,0,0.73400752367868422084092478046847,0,0
408,8,0,0.99777044306658431374685968980419,0,0
409,7,-1,0.52529628184238449955872950847564,1,1
410,8,1,0.58034795939398487118246914581853,1,1
411,8,0,0.69045131449718561442994842050431,0,0
412,8,0,0.91065802470358710092490696987588,0,0
413,7,-1,0.35107144511639007391482406861901,1,1
414,8,1,0.23189828594199601989465826610528,1,1
415,9,1,0.99355196759320791185432666107781,1,1
416,7,-2,0.51685933089563169577366345102287,0,0
417,8,1,0.56347405750047926361233703091299,1,1
418,8,0,0.65670351071017439928968419069324,0,0
419,8,0,0.84316241712956467064437851025374,0,0
420,7,-1,0.21608022996834521335376714937472,1,1
421,9,2,0.9619158556459062987725444276167,0,0
422,7,-2,0.45358710700102846961009898410066,0,0
423,8,1,0.43692960971127281128520809706857,1,1
424,8,0,0.4036146151317614946354263230044,0,0
425,8,0,0.33698462597273886133586277487605,0,0
426,8,0,0.20372464765469359473673567861936,0,0
427,9,1,0.93720469101860306153848148610598,1,1
428,7,-2,0.40416477774642199514197310107921,0,0
429,8,1,0.33808495120205986234895633102568,1,1
430,8,0,0.20592529811333559676292279091861,0,0
431,9,1,0.94160599193588706559085571070447,1,1
432,7,-2,0.41296737958099000324672155027619,0,0
433,8,1,0.35569015487119587855845322941964,1,1
434,8,0,0.24113570545160762918191658770653,0,0
435,8,0,0.012026806612431130428843304280318,0,0
436,9,1,0.55380900893407813292269673742789,1,1
437,8,-1,0.63737341357737213791040360372303,1,1
438,8,0,0.80450222286396014788581733631332,0,0
439,7,-1,0.1387598414371361678366448014939,1,1
440,9,2,0.80727507858348820773829973185505,0,0
441,7,-2,0.14430555287619228754160959257736,0,0
442,9,2,0.81836650146160044714822931402197,0,0
443,7,-2,0.1664883986324167663614687569112,0,0
444,9,2,0.86273219297404940478794764268965,0,0
445,7,-2,0.25521978165731468164090541424655,0,0
446,8,1,0.040194959023845235346820957360345,1,1
447,9,1,0.61014531375690634275865204358794,1,1
448,8,-1,0.75004602322302855758231421604314,1,1
449,7,-1,0.029847442155272987229638560953539,1,1
450,9,2,0.58945028001976184652428725077433,0,0
451,8,-1,0.70865595574873956511358463041592,1,1
452,8,0,0.94706730720669500229217938969909,0,0
453,7,-1,0.42389001012260587664936890826544,1,1
454,8,1,0.37753541595442762536374794539813,1,1
455,8,0,0.28482622761807112279250601966351,0,0
456,8,0,0.099407850945358117650022168194269,0,0
457,9,1,0.72857109759993210736505446525579,1,1
458,8,-1,0.98689759090908008679511905937884,1,1
459,7,-1,0.50355057752737604565524824762493,1,1
460,8,1,0.53685655076396796337550662411711,1,1
461,8,0,0.60346849723715179881602337710147,0,0
462,8,0,0.73669239018351946969705688307019,0,0
463,7,-1,0.0031401760762548114591238950076355,1,1
464,9,2,0.53603574786172549498325791888252,0,0
465,8,-1,0.6018268914326668620315259666323,1,1
466,8,0,0.73340917857454959612806206213186,0,0
467,8,0,0.99657375285831506432113425313097,0,0
468,7,-1,0.5229029014258460007072786351292,1,1
469,8,1,0.57556119856090787347956739912566,1,1
470,8,0,0.68087779283103161902414492711857,0,0
471,8,0,0.8915109813712791101132999831044,0,0
472,7,-1,0.31277735845177409229161009507605,1,1
473,8,1,0.15531011261276405664823031901935,1,1
474,9,1,0.84037562093474398536147076690596,1,1
475,7,-2,0.21050663757870384278795166267917,0,0
476,9,2,0.95076867086662355764091345422559,0,0
477,7,-2,0.43129273744246298734683703731843,0,0
478,8,1,0.39234087059414184675868420350412,1,1
479,8,0,0.31443713689749956558237853587549,0,0
480,8,0,0.15862966950421500322976720061824,0,0
481,9,1,0.84701473471764587852454453010374,1,1
482,7,-2,0.22378486514450762911409918907473,0,0
483,9,2,0.97732512599823113029320850701671,0,0
484,7,-2,0.48440564770567813265142714290067,0,0
485,8,1,0.49856669112057213736786441466859,1,1
486,8,0,0.52688877795036014680073895820443,0,0
487,8,0,0.58353295160993616566648804527612,0,0
488,8,0,0.69682129892908820339798621941949,0,0
489,8,0,0.92339799356739227886098256770624,0,0
490,7,-1,0.37655138284400042978697526427973,1,1
491,8,1,0.28285816139721673163896065742671,1,1
492,8,0,0.095471718503649335342931443720673,0,0
493,9,1,0.7206988327165145427508730163086,1,1
494,8,-1,0.97115306114224495756675616148445,1,1
495,7,-1,0.47206151799370578719852245183616,1,1
496,8,1,0.47387843169662744646205503253957,1,1
497,8,0,0.47751225910247076498912019394639,0,0
498,8,0,0.48477991391415740204325051676003,0,0
499,8,0,0.49931522353753067615151116238731,0,0
500,8,0,0.52838584278427722436803245364188,0,0
501,8,0,0.58652708127777032080107503615102,0,0
502,8,0,0.70280955826475651366716020116929,0,0
503,8,0,0.93537451223872889939933053120584,0,0
504,7,-1,0.40050442018667367086367119127894,1,1
505,8,1,0.33076423608256321379235251142513,1,1
506,8,0,0.1912838678743422996497151517175,0,0
507,9,1,0.91232313145790047136444043230226,1,1
508,7,-2,0.35440165862501681479389099347178,0,0
509,8,1,0.23855871295924950165279211581082,1,1
510,8,0,0.0068728216277148753705943604888856,0,0
511,9,1,0.54350103896464562280619884984502,1,1
512,8,-1,0.6167574736385071176774078285573,1,1
513,8,0,0.76327034298623010741982578598186,0,0
514,7,-1,0.056296081681676086904661700830976,1,1
515,9,2,0.64234755907256804587433353052921,0,0
516,8,-1,0.81445051385435196381367718992566,1,1
517,7,-1,0.15865642341791979969236450871858,1,1
518,9,2,0.84706824254505547144973914630442,0,0
519,7,-2,0.22389188079932681496448842147609,0,0
520,9,2,0.97753915730786950199398697181944,0,0
521,7,-2,0.48483371032495487605298407250613,0,0
522,8,1,0.4994228163591256241709782738795,1,1
523,8,0,0.52860102842746712040696667662626,0,0
524,8,0,0.58695745256415011287894348211978,0,0
525,8,0,0.70367030083751609782289709310682,0,0
526,8,0,0.93709599738424806771080431508089,0,0
527,7,-1,0.40394739047771200748661875902902,1,1
528,8,1,0.3376501766646398870382476469253,1,1
529,8,0,0.20505574903849564614150542271786,0,0
530,9,1,0.93986689378620716434802097430297,1,1
531,7,-2,0.40948918328163020076105207747319,0,0
532,8,1,0.34873376227247627358711428381363,1,1
533,8,0,0.22722292025416841923923869649451,0,0
534,9,1,0.98420123621755271054348752185628,1,1
535,7,-2,0.49815786814432129315198517257981,0,0
536,8,1,0.52607113199785845836898047402687,1,1
537,8,0,0.581897659704932788802971076921,0,0
538,8,0,0.69355071511908144967095228270925,0,0
539,8,0,0.91685682594737877140691469428576,0,0
540,7,-1,0.36346904760397341487883951743877,1,1
541,8,1,0.2566934909171627018226891637448,1,1
542,8,0,0.043142377543541275710388456356851,0,0
543,9,1,0.61604015079629842348578704158096,1,1
544,8,-1,0.76183569730181271903658421202917,1,1
545,7,-1,0.053426790312841310138178552925586,1,1
546,9,2,0.63660897633489849234136723471843,0,0
547,8,-1,0.80297334837901285674774459830411,1,1
548,7,-1,0.13570209246724158556049932547546,1,1
549,9,2,0.80115958064369904318600877981818,0,0
550,7,-2,0.13207455699661395843702768850362,0,0
551,9,2,0.79390450970244378893906550587449,0,0
552,7,-2,0.11756441511410344994314114061623,0,0
553,9,2,0.76488422593742277195129241009972,0,0
554,7,-2,0.059523847584061415967594949066698,0,0
555,9,2,0.64880309087733870400020002700065,0,0
556,8,-1,0.82736157746389328006541018286855,1,1
557,7,-1,0.18447855063700243219583049460436,1,1
558,9,2,0.89871249698322073645667111807598,0,0
559,7,-2,0.32718038967565734497835236501921,0,0
560,8,1,0.18411617506053056202171485890567,1,1
561,9,1,0.89798774583027699610843984667859,1,1
562,7,-2,0.32573088736976986428188982222443,0,0
563,8,1,0.18121717044875560062878977331611,1,1
564,9,1,0.89218973660672707332258967549948,1,1
565,7,-2,0.31413486892267001871018947986621,0,0
566,8,1,0.15802513355455590948538908859968,1,1
567,9,1,0.84580566281832769103578830606661,1,1
568,7,-2,0.22136672134587125413658674100047,0,0
569,9,2,0.9724888384009583803381836108682,0,0
570,7,-2,0.47473307251113263274137735060366,0,0
571,8,1,0.47922154073148113754776483007456,1,1
572,8,0,0.48819847717217814716053978901638,0,0
573,8,0,0.50615235005357216638608970690002,0,0
574,8,0,0.54206009581636020483718954266729,0,0
575,8,0,0.61387558734193628173938921420184,0,0
576,8,0,0.75750657039308843554378855727094,0,0
577,7,-1,0.044768536495392743152587243409134,1,1
578,9,2,0.61929246870000135837018461568552,0,0
579,8,-1,0.7683403331092185888053793602383,1,1
580,7,-1,0.066436061927653049675768849343852,1,1
581,9,2,0.66262751956452197141654782755496,0,0
582,8,-1,0.85501043483825981489810578397717,1,1
583,7,-1,0.23977626538573550186122169682159,1,1
584,8,1,0.0093079264806868757874535225104351,1,1
585,9,1,0.54837124867058962363991717388812,1,1
586,8,-1,0.6264978930503951193448444766435,1,1
587,8,0,0.78275118181000611075469908215426,0,0
588,7,-1,0.095257759329228093574408293175768,1,1
589,9,2,0.72027091436767205921382671521879,0,0
590,8,-1,0.97029722444455999049266355930483,1,1
591,7,-1,0.47034984459833585305033724747692,1,1
592,8,1,0.47045508490588757816568462382109,1,1
593,8,0,0.47066556552099102839637937650944,0,0
594,8,0,0.47108652675119792885776888188613,0,0
595,8,0,0.47192844921161172978054789263951,0,0
596,8,0,0.47361229413243933162610591414628,0,0
597,8,0,0.47697998397409453531722195715982,0,0
598,8,0,0.48371536365740494269945404318688,0,0
599,8,0,0.49718612302402575746391821524102,0,0
600,8,0,0.5241276417572673869928465593493,0,0
601,8,0,0.57801067922375064605070324756586,0,0
602,8,0,0.68577675415671716416641662399896,0,0
603,8,0,0.90130890402265020039784337686518,0,0
604,7,-1,0.33237320375451627286069688259762,1,1
605,8,1,0.1945018032182484177864038940625,1,1
606,9,1,0.91875900214571270763781791699224,1,1
607,7,-2,0.36727340000064128734064596285174,0,0
608,8,1,0.26430219571049844674630205457074,1,1
609,8,0,0.058359787130212765557614238008727,0,0
610,9,1,0.64647496996964140318023860488471,1,1
611,8,-1,0.82270533564849867842548733863667,1,1
612,7,-1,0.1751660670062132289159848061406,1,1
613,9,2,0.88008752972164232989697974114844,0,0
614,7,-2,0.28993045515250053185896961116414,0,0
615,8,1,0.10961630601421693578294935119554,1,1
616,9,1,0.74898800773764974363090883125833,1,1
617,7,-2,0.027731411184515359326827791383923,0,0
618,9,2,0.5852182180782465907186657116351,0,0
619,8,-1,0.70019183186570905350234155213745,1,1
620,8,0,0.93013905944063397906969323314216,0,0
621,7,-1,0.39003351459048383020439659515158,1,1
622,8,1,0.30982242489018353247380331917041,1,1
623,8,0,0.14940024548958293701261676720807,0,0
624,9,1,0.8285558866883817460902436632834,1,1
625,7,-2,0.18686716908597936424549745543406,0,0
626,9,2,0.90348973388117460055600503973537,0,0
627,7,-2,0.336734863471565073177020208338,0,0
628,8,1,0.20322512265234601841905054554326,1,1
629,9,1,0.93620564101390790890311121995377,1,1
630,7,-2,0.4021666777370316898712325687748,0,0
631,8,1,0.33408875118327925180747526641685,1,1
632,8,0,0.19793289807577437567996066170095,0,0
633,9,1,0.92562119186076462342493145226915,1,1
634,7,-2,0.38099777943074511891487303340555,0,0
635,8,1,0.29175095457070610989475619567836,1,1
636,8,0,0.11325730485062809185452252022397,0,0
637,9,1,0.75627000541047205577405516931519,1,1
638,7,-2,0.042295406530159983613120467497637,0,0
639,9,2,0.61434620876953583929125106386253,0,0
640,8,-1,0.75844781324828755064751225659231,1,1
641,7,-1,0.04665102220579097336003464205187,1,1
642,9,2,0.62305744012079781878507941297099,0,0
643,8,-1,0.77587027595081150963516895480924,1,1
644,7,-1,0.081495947610838891335348038485739,1,1
645,9,2,0.69274729093089365473570620583873,0,0
646,8,-1,0.91524997757100318153642254054472,1,1
647,7,-1,0.36025535085122223513785520995669,1,1
648,8,1,0.25026609741166034234072054878064,1,1
649,8,0,0.030287590532536556746451226428529,0,0
650,9,1,0.59033057677428898555791258172431,1,1
651,8,-1,0.71041654925779384318083529231588,1,1
652,8,0,0.95058849422480355842668071349901,0,0
653,7,-1,0.43093238415882298891837155586527,1,1
654,8,1,0.3916201640268618499017532405978,1,1
655,8,0,0.31299572376293957186851661006285,0,0
656,8,0,0.15574684323509501580204334899296,0,0
657,9,1,0.84124908217940590366909682685317,1,1
658,7,-2,0.2122535600680276794032037825736,0,0
659,9,2,0.95426251584527123087141769401445,0,0
660,7,-2,0.43828042739975833380784551689615,0,0
661,8,1,0.40631625050873253968070116265956,1,1
662,8,0,0.34238789672668095142641245418637,0,0
663,8,0,0.21453118916257777491783503724,0,0
664,9,1,0.95881777403437142190068020334724,1,1
665,7,-2,0.44739094377795871586637053556174,0,0
666,8,1,0.42453728326513330379775119999074,1,1
667,8,0,0.37882996223948247966051252884874,0,0
668,8,0,0.28741532018818083138603518656472,0,0
669,8,0,0.1045860360855775348370805019967,0,0
670,9,1,0.73892746788037094173917113286066,1,1
671,7,-2,0.0076103314699577555433523945885754,0,0
672,9,2,0.5449760586491313831517149180444,0,0
673,8,-1,0.61970751300747863836843996495606,1,1
674,8,0,0.76917042172417314880189005877938,0,0
675,7,-1,0.068096239157562169668790246426012,1,1
676,9,2,0.66594787402434021140259062171928,0,0
677,8,-1,0.86165114375789629487019137230581,1,1
678,7,-1,0.25305768322500846180539287347887,1,1
679,8,1,0.035870762159232795675795875824993,1,1
680,9,1,0.60149692002768146341660188051724,1,1
681,8,-1,0.73274923576457879889821388990173,1,1
682,8,0,0.99525386723837346986143790867072,0,0
683,7,-1,0.5202631301859628117878859462087,1,1
684,8,1,0.57028165608114149564078202128465,1,1
685,8,0,0.67031870787149886334657417143656,0,0
686,8,0,0.87039281145221359875815847174037,0,0
687,7,-1,0.270541018613643069581327072348,1,1
688,8,1,0.070837432936502011227664273563248,1,1
689,9,1,0.67143026158221989452033867599375,1,1
690,8,-1,0.87261591887365566110568748085475,1,1
691,7,-1,0.27498723345652719427638509057676,1,1
692,8,1,0.079729862622270260617780310020777,1,1
693,9,1,0.68921512095375639330057074890881,1,1
694,8,-1,0.90818563761672865866615162668487,1,1
695,7,-1,0.34612667094267318939731338223699,1,1
696,8,1,0.22200873759456225085963689334123,1,1
697,9,1,0.97377287089834037378428391554972,1,1
698,7,-2,0.47730113750589661963357795996669,0,0
699,8,1,0.48435767072100911133216604880064,1,1
700,8,0,0.49847073715123409472934222646853,0,0
701,8,0,0.52669687001168406152369458180431,0,0
702,8,0,0.58314913573258399511239929247588,0,0
703,8,0,0.69605366717438386228980871381901,0,0
704,8,0,0.92186273005798359664462755650527,0,0
705,7,-1,0.37348085582518306535426524187778,1,1
706,8,1,0.27671710735958200277354061262282,1,1
707,8,0,0.083189610428379877612091354112897,0,0
708,9,1,0.69613461656597562728919283709305,1,1
709,8,-1,0.92202462884116712664339580305335,1,1
710,7,-1,0.37380465339155012535180173497395,1,1
711,8,1,0.27736470249231612276861359881516,1,1
712,8,0,0.084484800693848117602237326497579,0,0
713,9,1,0.69872499709691210726948478186241,1,1
714,8,-1,0.92720538990304008660397969259208,1,1
715,7,-1,0.38416617551529604527296951405141,1,1
716,8,1,0.29808774673980796261094915697007,1,1
717,8,0,0.12593088918883179728690844280738,0,0
718,9,1,0.78161717408687946663882701448202,1,1
719,7,-2,0.092989743882974805342664157831297,0,0
720,9,2,0.71573488347516548275033844452985,0,0
721,8,-1,0.96122516265954683756568701792695,1,1
722,7,-1,0.45220572102830954719638416472115,1,1
723,8,1,0.43416683776583496645777845830955,1,1
724,8,0,0.39808907124088580498056704548635,0,0
725,8,0,0.32593353819098748202614421983996,0,0
726,8,0,0.18162247209119083611729856854718,0,0
727,9,1,0.89300033989159754429960726596161,1,1
728,7,-2,0.31575607549241096066422466079048,0,0
729,8,1,0.16126754669403779339345945044822,1,1
730,9,1,0.8522904890972914588519290297637,1,1
731,7,-2,0.23433637390379878976886818839465,0,0
732,9,2,0.99842814351681345160274650565655,0,0
733,7,-2,0.52661168274284277527050314018034,0,0
734,8,1,0.58297876119490142260601640922794,1,1
735,8,0,0.69571291809901871727704294732314,0,0
736,8,0,0.92118123190725330661909602351353,0,0
737,7,-1,0.37211785952372248530320217589431,1,1
738,8,1,0.27399111475666084267141448065588,1,1
739,8,0,0.077737625222537557407839090179015,0,0
740,9,1,0.68523064615429098688068830922528,1,1
741,8,-1,0.90021668801779784582638674731782,1,1
742,7,-1,0.33018877174481156371778362350289,1,1
743,8,1,0.19013293919883899950057737587304,1,1
744,9,1,0.91002127410689387106616488061334,1,1
745,7,-2,0.34979794392300361419733989009394,0,0
746,8,1,0.22935128355522310045968990905512,1,1
747,9,1,0.9884579628196620729843899469775,1,1
748,7,-2,0.50667132134854001803379002282226,0,0
749,8,1,0.54309803840629590813259017451177,1,1
750,8,0,0.61595147252180768833019047789079,0,0
751,8,0,0.76165834075283124872539108464884,0,0
752,7,-1,0.053072077214878369515792298164939,1,1
753,9,2,0.63589955013897261109659472519713,0,0
754,8,-1,0.80155449598716109425819957926152,1,1
755,7,-1,0.13286438768353806058140928739029,1,1
756,9,2,0.79548417107629199322782870364783,0,0
757,7,-2,0.12072373786179985852066753616292,0,0
758,9,2,0.77120287143281558910634520119309,0,0
759,7,-2,0.072161138574847050277700531253429,0,0
760,9,2,0.67407767285890997262041119137411,0,0
761,8,-1,0.87791074142703581730583251161548,1,1
762,7,-1,0.28557687856328750667667515209821,1,1
763,8,1,0.10090915283579088541836043306366,1,1
764,9,1,0.73157370138079764290173099499458,1,1
765,8,-1,0.99290279847081115786847211885642,1,1
766,7,-1,0.51556099265083818780195436658009,1,1
767,8,1,0.56087738101089224766891886202743,1,1
768,8,0,0.65151015773100036740284785292211,0,0
769,8,0,0.83277571117121660687070583471147,0,0
770,7,-1,0.1953068180516490858064217982902,1,1
771,9,2,0.92036903181251404367785372544765,0,0
772,7,-2,0.37049345933424395942071757976256,0,0
773,8,1,0.27074231437770379090644528839237,1,1
774,8,0,0.071240024464623453877900705651991,0,0
775,9,1,0.67223544463846277982081154017124,1,1
776,8,-1,0.87422628498614143170663320920972,1,1
777,7,-1,0.2782079656814987354782765472867,1,1
778,8,1,0.086171327072213343021563223440659,1,1
779,9,1,0.70209804985364255810813657574857,1,1
780,8,-1,0.9339514954165009882812832803644,1,1
781,7,-1,0.39765838654221784862757668959605,1,1
782,8,1,0.32507216879365156932016350805936,1,1
783,8,0,0.17989973329651901070533714498597,0,0
784,9,1,0.88955486230225389347568441883919,1,1
785,7,-2,0.30886512031372365901637896654564,0,0
786,8,1,0.14748563633666319009776806195853,1,1
787,9,1,0.82472666838254225226054625278431,1,1
788,7,-2,0.17920873247430037658610263443587,0,0
789,9,2,0.888172860657816625237215397739,0,0
790,7,-2,0.30610111702484912253944092434525,0,0
791,8,1,0.14195762975891411714389197755776,1,1
792,9,1,0.81367065522704410635279408398278,1,1
793,7,-2,0.15709670616330408477059829683281,0,0
794,9,2,0.84394880803582404160620672253288,0,0
795,7,-2,0.21765301178086395527742357393302,0,0
796,9,2,0.96506141927094378261985727673329,0,0
797,7,-2,0.45987823425110343730472468233383,0,0
798,8,1,0.44951186421142274667445949353491,1,1
799,8,0,0.42877912413206136541392911593708,0,0
800,8,0,0.38731364397333860289286836074142,0,0
801,8,0,0.30438268365589307785074685035008,0,0
802,8,0,0.13852076302100202776650382956742,0,0
803,9,1,0.8067969217512199275980177880021,1,1
804,7,-2,0.14334923921165572726104570487145,0,0
805,9,2,0.81645387413252732658710153861015,0,0
806,7,-2,0.16266314397427052523921320608755,0,0
807,9,2,0.85508168365775692254343654104236,0,0
808,7,-2,0.23991876302472971715188321095196,0,0
809,8,1,0.0095929217586753063687765507711816,1,1
810,9,1,0.54894123922656648480256323040962,1,1
811,8,-1,0.62763787416234884167013658968649,1,1
812,8,0,0.78503114403391355540528330824023,0,0
813,7,-1,0.099817683777042982875576745347712,1,1
814,9,2,0.72939076326330183781616361956268,0,0
815,8,-1,0.98853692223581954769733736799261,1,1
816,7,-1,0.50682924018085496745968486485247,1,1
817,8,1,0.5434138760709258069843798585722,1,1
818,8,0,0.61658314785106748603376984601165,0,0
819,8,0,0.76292169141135084413254982089054,0,0
820,7,-1,0.055598778531917560330109770648344,1,1
821,9,2,0.64095295277305099272522967016394,0,0
822,8,-1,0.81166130125531785751546946919514,1,1
823,7,-1,0.15307799821985158709594906725752,1,1
824,9,2,0.8359113921489190462569082633823,0,0
825,7,-2,0.20157818000705396457882665563186,0,0
826,9,2,0.93291175572332380122266344013097,0,0
827,7,-2,0.3955789071558634745103370091292,0,0
828,8,1,0.32091321002094282108568414712566,1,1
829,8,0,0.17158181575110151423637842311857,0,0
830,9,1,0.87291902721141890053776697510439,1,1
831,7,-2,0.27559345013205367314054407907602,0,0
832,8,1,0.080942295973323218346098287019303,1,1
833,9,1,0.69163998765586230875720670290586,1,1
834,8,-1,0.91303537102094048957942353467897,1,1
835,7,-1,0.3558261377510968512238571982252,1,1
836,8,1,0.24140767121140957451272452531765,1,1
837,8,0,0.012570738132035021090459179502547,0,0
838,9,1,0.55489687197328591424592848787235,1,1
839,8,-1,0.63954913965578770055686710461195,1,1
840,8,0,0.80885367502079127317874433809115,0,0
841,7,-1,0.14746274575079841842249880504956,1,1
842,9,2,0.82468088721081270891000773896638,0,0
843,7,-2,0.17911717013084128988502560680001,0,0
844,9,2,0.88798973597089845183506134246727,0,0
845,7,-2,0.3057348676510127757351328138018,0,0
846,8,1,0.14122513101124142353527575647085,1,1
847,9,1,0.81220565773169871913556164180896,1,1
848,7,-2,0.15416671117261331033613341248518,0,0
849,9,2,0.83808881805444249273727695383762,0,0
850,7,-2,0.20593303181810085753956403654248,0,0
851,9,2,0.94162145934541758714413820195222,0,0
852,7,-2,0.4129983144000510463532865327717,0,0
853,8,1,0.35575202450931796477158319441065,1,1
854,8,0,0.24125944472785180160817651768855,0,0
855,8,0,0.012274285164919475281363164244359,0,0
856,9,1,0.55430396603905482262773645735597,1,1
857,8,-1,0.6383633277873255173204830435792,1,1
858,8,0,0.80648205128386690670597621602564,0,0
859,7,-1,0.14271949827694968547696256091854,1,1
860,9,2,0.81519439226311524301893525070434,0,0
861,7,-2,0.16014418023544635810288063027593,0,0
862,9,2,0.85004375618010858827077138941912,0,0
863,7,-2,0.22984290806943304860655290770548,0,0
864,9,2,0.98944121184808196927811594427822,0,0
865,7,-2,0.5086378194053798106212420174237,0,0
866,8,1,0.54703103451997549330749416371465,1,1
867,8,0,0.62381746474916685867999845629656,0,0
868,8,0,0.77739032520754958942500704146038,0,0
869,7,-1,0.084536046124315050915024211788015,1,1
870,9,2,0.69882748795784597389505855244328,0,0
871,8,-1,0.92741037162490781985512723375382,1,1
872,7,-1,0.3845761389590315117752645963749,1,1
873,8,1,0.29890767362727889561553932161705,1,1
874,8,0,0.12757074296377366329608877210134,0,0
875,9,1,0.78489688163676319865718767306994,1,1
876,7,-2,0.099549158982742269379385475007139,0,0
877,9,2,0.72885371367470041082378107888153,0,0
878,8,-1,0.98746282305861669371257228663032,1,1
879,7,-1,0.50468104182644925949015470212789,1,1
880,8,1,0.53911747936211439104531953312303,1,1
881,8,0,0.60799035443344465415564919511332,0,0
882,8,0,0.74573610457610518037630851909389,0,0
883,7,-1,0.021227604861426232817627167055043,1,1
884,9,2,0.57221060543206833770026446297734,0,0
885,8,-1,0.67417660657335254746553905482193,1,1
886,8,0,0.87810860885592096699608823851112,0,0
887,7,-1,0.2859726134210578060571866058895,1,1
888,8,1,0.10170062255133148417938334064625,1,1
889,9,1,0.73315664081187884042377681015975,1,1
890,8,-1,0.99606867733297355291256374918676,1,1
891,7,-1,0.52189275037516297789013762724078,1,1
892,8,1,0.57354089645954182784528538334881,1,1
893,8,0,0.67683718862829952775558089556488,0,0
894,8,0,0.88342977296581492757617191999702,0,0
895,7,-1,0.29661494164084572721735396886129,1,1
896,8,1,0.12298527899090732649971806658984,1,1
897,9,1,0.77572595369103052506444626204693,1,1
898,7,-2,0.081207303091276922193902652961115,0,0
899,9,2,0.69217000189176971645281543478948,0,0
900,8,-1,0.91409539949275530497064099844622,1,1
901,7,-1,0.3579461946947264820062921257597,1,1
902,8,1,0.24564778509866883607759438038665,1,1
903,8,0,0.021050965906553544220198889640557,0,0
904,9,1,0.57185732752232296050540790814837,1,1
905,8,-1,0.67347005075386179307582594516399,1,1
906,8,0,0.87669549721693945821666201919523,0,0
907,7,-1,0.28314639014309478849833416725771,1,1
908,8,1,0.096048175995405449061678463382683,1,1
909,9,1,0.72185174770002677018836705563262,1,1
910,8,-1,0.97345889110926941244174424013249,1,1
911,7,-1,0.47667317792775469694849860913224,1,1
912,8,1,0.48310175156472526596200734713173,1,1
913,8,0,0.49595889883866640398902482313072,0,0
914,8,0,0.52167319338654868004305977512869,0,0
915,8,0,0.57310178248231323215112967912463,0,0
916,8,0,0.67595896067384233636726948711652,0,0
917,8,0,0.8816733170569005447995491031003,0,0
918,7,-1,0.29310202982301696166410833506785,1,1
919,8,1,0.11595945535524979539322679900295,1,1
920,9,1,0.76167430641971546285146372687315,1,1
921,7,-2,0.053104008548646797767937582613558,0,0
922,9,2,0.63596341280650946760088529409437,0,0
923,8,-1,0.80168222132223480726678071705599,1,1
924,7,-1,0.13311983835368548659857156297924,1,1
925,9,2,0.79599507241658684526215325482574,0,0
926,7,-2,0.12174554054238956258931663851873,0,0
927,9,2,0.77324647679399499724364340590471,0,0
928,7,-2,0.076248349297205866552296940676683,0,0
929,9,2,0.68225209430362760516960401022062,0,0
930,8,-1,0.89425958431647108240421814930849,1,1
931,7,-1,0.31827456434215803687344642748424,1,1
932,8,1,0.16630452439353194581190298383573,1,1
933,9,1,0.86236444449627976368881609653871,1,1
934,7,-2,0.25448428470177539944264232194468,0,0
935,8,1,0.03872396511276667095029477275662,1,1
936,9,1,0.60720332593474921396559967438049,1,1
937,8,-1,0.74416204757871429999620947762824,1,1
938,7,-1,0.018079490866644472057429084123735,1,1
939,9,2,0.56591437744250481617986829711472,0,0
940,8,-1,0.6615841505942255044247467230967,1,1
941,8,0,0.85292369689766688091450357506065,0,0
942,7,-1,0.23560278950454963389401727898856,1,1
943,8,1,0.00096097471831513985304468684437972,1,1
944,9,1,0.53167734514584615177109950255601,1,1
945,8,-1,0.59311008600090817560720913397928,1,1
946,8,0,0.71597556771103222327942839682581,0,0
947,8,0,0.96170653113128031862386692251888,0,0
948,7,-1,0.45316845797177650931274397390502,1,1
949,8,1,0.43609231165276889069049807667729,1,1
950,8,0,0.40194001901475365344600628222183,0,0
951,8,0,0.33363543373872317895702269331091,0,0
952,8,0,0.19702626318666222997905551548908,0,0
953,9,1,0.92380792208254033202312115984541,1,1
954,7,-2,0.37737123987429653611125244855808,0,0
955,8,1,0.28449787545780894428751502598341,1,1
956,8,0,0.098751146624833760640040180834074,0,0
957,9,1,0.7272576889588833933450904905354,1,1
958,8,-1,0.98427077362698265875519110993806,1,1
959,7,-1,0.49829694296318118957539234874337,1,1
960,8,1,0.52634928163557825121579482635398,1,1
961,8,0,0.58245395898037237449659978157522,0,0
962,8,0,0.6946633136699606210582096920177,0,0
963,8,0,0.91908202304913711418142951290265,0,0
964,7,-1,0.36791944180749010042786915467255,1,1
965,8,1,0.26559427932419607292074843821236,1,1
966,8,0,0.06094395435760801790650700529198,0,0
967,9,1,0.65164330442443190787802413945121,1,1
968,8,-1,0.83304200455807968782105840776968,1,1
969,7,-1,0.19583940482537524770712694440661,1,1
970,9,2,0.92143420535996636747926401768048,0,0
971,7,-2,0.37262380642914860702353816422821,0,0
972,8,1,0.27500300856751308611208645732368,1,1
973,8,0,0.079761412844242044289183043514619,0,0
974,9,1,0.68927822139769996064337621589649,1,1
975,8,-1,0.90831183850461579335176256066024,1,1
976,7,-1,0.34637907271844745876853525018773,1,1
977,8,1,0.22251354114611078960208062924271,1,1
978,9,1,0.97478247800143745126917138735267,1,1
979,7,-2,0.47932035171209077460335290357259,0,0
980,8,1,0.48839609913339742127171593601242,1,1
981,8,0,0.5065475939760107146084420008921,0,0
982,8,0,0.54285058366123730128189413065146,0,0
983,8,0,0.61545656303169047462879839017017,0,0
984,8,0,0.7606685217725968213226069092076,0,0
985,7,-1,0.051092439254409514710223947282446,1,1
986,9,2,0.63194027421803490148545802343215,0,0
987,8,-1,0.79363594414528567503592617573154,1,1
988,7,-1,0.11702728399978722213686248033034,1,1
989,9,2,0.76380996370879031633873508952794,0,0
990,7,-2,0.057375323126796504742480307923136,0,0
991,9,2,0.64450604196280888154997074471353,0,0
992,8,-1,0.81876747963483363516495161829431,1,1
993,7,-1,0.16729035497888314239491336545587,1,1
994,9,2,0.86433610566698215685483685977898,0,0
995,7,-2,0.25842760704318018577468384842522,0,0
996,8,1,0.046610609795576243614377825717696,1,1
997,9,1,0.62297661530036835929376578030265,1,1
998,8,-1,0.77570862630995259065254168947255,1,1
999,7,-1,0.081172648329121053370093507812347,1,1
1000,9,2,0.69210069236745797880519714449195,0,0
1001,8,-1,0.91395678044413182967540441785115,1,1
1002,7,-1,0.35766895659747953141581896456955,1,1
1003,8,1,0.24509330890417493489664805800636,1,1
1004,8,0,0.019942013517565741858306244879967,0,0
1005,9,1,0.56963942274434735578162261862719,1,1
1006,8,-1,0.66903424119791058362825536612163,1,1
1007,8,0,0.86782387810503703932152086111051,0,0
1008,7,-1,0.26540315191928995070805185108828,1,1
1009,8,1,0.060561699547795773481113831043806,1,1
1010,9,1,0.65087879480480741902723779095487,1,1
1011,8,-1,0.83151298531883071011948571077698,1,1
1012,7,-1,0.19278136634687729230398155042122,1,1
1013,9,2,0.9153181284029704566729732297097,0,0
1014,7,-2,0.36039165251515678541095658828666,0,0
1015,8,1,0.25053870073952944288692330544056,1,1
1016,8,0,0.030832797188274757838856739748383,0,0
1017,9,1,0.59142099008576538774272360836402,1,1
1018,8,-1,0.71259737588074664755045734559529,1,1
1019,8,0,0.95495014747070916716592482005784,0,0
1020,7,-1,0.43965569065063420639685976898293,1,1
1021,8,1,0.40906677701048428485872966683312,1,1
1022,8,0,0.3478889497301844417824694625335,0,0
1023,8,0,0.22553329516958475562994905393425,0,0
1024,9,1,0.98082198604838538332490823673576,1,1
1025,7,-2,0.49139936780598663871482660233878,0,0
1026,8,1,0.51255413132118914949466333354481,1,1
1027,8,0,0.55486365835159417105433679595687,0,0
1028,8,0,0.63948271241240421417368372078099,0,0
1029,8,0,0.80872082053402430041237757042924,0,0
1030,7,-1,0.14719703677726447288976526972574,1,1
1031,9,2,0.82414946926374481784454066831873,0,0
1032,7,-2,0.17805433423670550775409146550471,0,0
1033,9,2,0.88586406418262688757319305987668,0,0
1034,7,-2,0.30148352407446964721139624862061,0,0
1035,8,1,0.13272244385815516648780262610848,1,1
1036,9,1,0.79520028342552620504061538108421,1,1
1037,7,-2,0.12015596256026828214624089103568,0,0
1038,9,2,0.77006732082975243635749191093861,0,0
1039,7,-2,0.069890037368720744779993950744478,0,0
1040,9,2,0.66953547044665736162499803035621,0,0
1041,8,-1,0.86882633660253059531500618957967,1,1
1042,7,-1,0.2674080689142770626950225080266,1,1
1043,8,1,0.064571533537769997455055144920459,1,1
1044,9,1,0.65889846278475586697512041870817,1,1
1045,8,-1,0.8475523212787276060152509662836,1,1
1046,7,-1,0.22486003826667108409551206143445,1,1
1047,9,2,0.97947547224255804025603425173615,0,0
1048,7,-2,0.48870634019433195257707863233955,0,0
1049,8,1,0.50716807609787977721916739354635,1,1
1050,8,0,0.54409154790497542650334491595996,0,0
1051,8,0,0.61793849151916672507169996078717,0,0
1052,8,0,0.76563237874754932220841005044159,0,0
1053,7,-1,0.061020153204314516481830229750426,1,1
1054,9,2,0.65179570211784490502867058836811,0,0
1055,8,-1,0.83334679994490568212235130560347,1,1
1056,7,-1,0.19644899559902723630971274007418,1,1
1057,9,2,0.92265338690727034468443560901562,0,0
1058,7,-2,0.3750621695237565614338813468985,0,0
1059,8,1,0.27987973475672899493277282266425,1,1
1060,8,0,0.089514865222673861930555774195756,0,0
1061,9,1,0.70878512615456359592612167725877,1,1
1062,8,-1,0.94732564801834306391725348338479,1,1
1063,7,-1,0.42440669174590199989951709563683,1,1
1064,8,1,0.37856877920101987186404432014091,1,1
1065,8,0,0.28689295411125561579309876914907,0,0
1066,8,0,0.10354130393172710365120766716538,0,0
1067,9,1,0.73683800357267007936742546319802,1,1
1068,7,-2,0.0034314028545560307998610552633,0,0
1069,9,2,0.53661820141832793366473223939385,0,0
1070,8,-1,0.60299179854587173939447460765496,1,1
1071,8,0,0.73573899280095935085395934417718,0,0
1072,7,-1,0.001233381311134573772928817221606,1,1
1073,9,2,0.53222215833148501961086776331047,0,0
1074,8,-1,0.59419971237218591128674565548819,1,1
1075,8,0,0.71815482045358769463850143984362,0,0
1076,8,0,0.9660650366163912613420130085545,0,0
1077,7,-1,0.46188546894199839474903614597626,1,1
1078,8,1,0.45352633359321266156308242081977,1,1
1079,8,0,0.4368080628956411951911749705068,0,0
1080,8,0,0.40337152150049826244736006988085,0,0
1081,8,0,0.33649843871021239695973026862895,0,0
1082,8,0,0.20275227312964066598447066612516,0,0
1083,9,1,0.93525994196849720403395146111757,1,1
1084,7,-2,0.40027527964621028013291305110239,0,0
1085,8,1,0.33030595500163643233083623107204,1,1
1086,8,0,0.19036730571248873672668259101133,0,0
1087,9,1,0.91049000713419334551837531088991,1,1
1088,7,-2,0.35073540997760256310176075064707,0,0
1089,8,1,0.23122621566442099826853163016139,1,1
1090,9,1,0.99220782703805786860207338919003,1,1
1091,7,-2,0.51417104978533160926915690724731,0,0
1092,8,1,0.55809749527987909060332394336188,1,1
1093,8,0,0.64595038626897405327165801559102,0,0
1094,8,0,0.82165616824716397860832616004929,0,0
1095,7,-1,0.17306773220354382928166244896582,1,1
1096,9,2,0.8758908601163035306283350267989,0,0
1097,7,-2,0.28153711594182293332168018246506,0,0
1098,8,1,0.092829627592861738708370493797375,1,1
1099,9,1,0.715414650894939349481751116462,1,1
1100,8,-1,0.96058469749909457102851236179126,1,1
1101,7,-1,0.45092479070740501412203485244978,1,1
1102,8,1,0.43160497712402590030907983376681,1,1
1103,8,0,0.39296534995726767268316979640087,0,0
1104,8,0,0.315686095623751217431349721669,0,0
1105,8,0,0.16112758695671830692770957220525,0,0
1106,9,1,0.85201056962265248592042927327776,1,1
1107,7,-2,0.23377653495452084390586867542277,0,0
1108,9,2,0.9973084656182575598767474797128,0,0
1109,7,-2,0.52437232694573099181850508829285,0,0
1110,8,1,0.57850004960067785570202030545295,1,1
1111,8,0,0.68675549491057158346905073977316,0,0
1112,8,0,0.90326638553035903900311160841358,0,0
1113,7,-1,0.33628816676993395007123334569441,1,1
1114,8,1,0.20233172924908377220747682025607,1,1
1115,9,1,0.9344188542073834164799637693794,1,1
1116,7,-2,0.39859310412398270502493766762604,0,0
1117,8,1,0.32694160395718128211488546411934,1,1
1118,8,0,0.18363860362357843629478105710594,0,0
1119,9,1,0.89703260295637274465457224307914,1,1
1120,7,-2,0.32382060162196136137415461502552,0,0
1121,8,1,0.1773965989531385948133193589183,1,1
1122,9,1,0.88454859361549306169164884670386,1,1
1123,7,-2,0.29885258294020199544830782227497,0,0
1124,8,1,0.1274605615896198629616257734172,1,1
1125,9,1,0.78467651888845559798826167570166,1,1
1126,7,-2,0.099108433486127068041533480270574,0,0
1127,9,2,0.7279722626814700081480770894084,0,0
1128,8,-1,0.98569992107215588836116430768406,1,1
1129,7,-1,0.50115523785352764878733874423537,1,1
1130,8,1,0.53206587141627116963968761733799,1,1
1131,8,0,0.59388713854175821134438536354324,0,0
1132,8,0,0.71752967279273229475378085595374,0,0
1133,8,0,0.96481474129468046157257184077473,0,0
1134,7,-1,0.45938487829857679521015381041671,1,1
1135,8,1,0.44852515230636946248531774970068,1,1
1136,8,0,0.42680570032195479703564562826861,0,0
1137,8,0,0.38336679635312546613630138540448,0,0
1138,8,0,0.29648898841546680433761289967622,0,0
1139,8,0,0.12273337254014948074023592821969,0,0
1140,9,1,0.77522214078951483354548198530663,1,1
1141,7,-2,0.080199677288245539155974099480513,0,0
1142,9,2,0.69015475028570695037695832782828,0,0
1143,8,-1,0.91006489628062977281892678452381,1,1
1144,7,-1,0.34988518827047541770286369791488,1,1
1145,8,1,0.22952577225016670747073752469702,1,1
1146,9,1,0.98880694020954928700648517826129,1,1
1147,7,-2,0.50736927612831444607798048538983,0,0
1148,8,1,0.54449394796584476422097109964691,1,1
1149,8,0,0.61874329164090540050695232816107,0,0
1150,8,0,0.7672419789910266730789147851894,0,0
1151,7,-1,0.064239353691269218222839699246058,1,1
1152,9,2,0.65823410309175430851068952735937,0,0
1153,8,-1,0.84622360189272448908638918358599,1,1
1154,7,-1,0.22220259949466485023778849603924,1,1
1155,9,2,0.97416059469854557254058712094573,0,0
1156,7,-2,0.47807658510630701714618437075871,0,0
1157,8,1,0.48590856592182990635737887038468,1,1
1158,8,0,0.5015725275528756847797678696366,0,0
1159,8,0,0.53290045081496724162454586814046,0,0
1160,8,0,0.59555629733915035531410186514818,0,0
1161,8,0,0.72086799038751658269321385916361,0,0
1162,8,0,0.97149137648424903745143784719447,0,0
1163,7,-1,0.47273814867771394696788582325619,1,1
1164,8,1,0.47523169306464376600078177537964,1,1
1165,8,0,0.48021878183850340406657367962653,0,0
1166,8,0,0.49019295938622268019815748812032,0,0
1167,8,0,0.51014131448166123246132510510789,0,0
1168,8,0,0.55003802467253833698766033908303,0,0
1169,8,0,0.62983144505429254604033080703332,0,0
1170,8,0,0.78941828581780096414567174293389,0,0
1171,7,-1,0.10859196734481780035635361473503,1,1
1172,9,2,0.74693933039885147277771735833732,0,0
1173,7,-2,0.02363405650691881762044484554189,0,0
1174,9,2,0.57702350872305350730589981995103,0,0
1175,8,-1,0.68380241315532288667680976876932,1,1
1176,8,0,0.8973602220198616454186296664059,0,0
1177,7,-1,0.32447583974893916290226946167905,1,1
1178,8,1,0.17870707520709419786954905222535,1,1
1179,9,1,0.88716954612340426780410823331796,1,1
1180,7,-2,0.30409448795602440767322659550318,0,0
1181,8,1,0.13794437162126468741146331987361,1,1
1182,9,1,0.80564413895174524688793676861447,1,1
1183,7,-2,0.14104367361270636584088366609619,0,0
1184,9,2,0.81184274293462860374677746105964,0,0
1185,7,-2,0.15344088157847307955856505098653,0,0
1186,9,2,0.83663715886616203118214023084032,0,0
1187,7,-2,0.2030297134415399344292905905479,0,0
1188,9,2,0.93581482259229574092359130996306,0,0
1189,7,-2,0.40138504089380735391219274879337,0,0
1190,8,1,0.33252547749683057988939562645398,1,1
1191,8,0,0.19480635070287703184380138177522,0,0
1192,9,1,0.9193680971149699357526128924177,1,1
1193,7,-2,0.36849158993915574357023591370265,0,0
1194,8,1,0.26673857558752735920548195627255,1,1
1195,8,0,0.063232546884270590475974041412356,0,0
1196,9,1,0.65622048947775705301695821169197,1,1
1197,8,-1,0.84219637466472997809892655225119,1,1
1198,7,-1,0.21414814503867582826286323336963,1,1
1199,9,2,0.95805168578656752859073659560651,0,0
1200,7,-2,0.44585876728235092924648332008026,0,0
1201,8,1,0.42147293027391773055797676902778,1,1
1202,8,0,0.37270125625705133318096366692282,0,0
1203,8,0,0.27515790822331853842693746271289,0,0
1204,8,0,0.08007121215585294891888505429303,0,0
1205,9,1,0.68989782002092176990278023745331,1,1
1206,8,-1,0.90955103575105941187057060377388,1,1
1207,7,-1,0.34885746721133469580615133641501,1,1
1208,8,1,0.22747033013188526367731280169728,1,1
1209,9,1,0.98469605597298639941963573226181,1,1
1210,7,-2,0.49914750765518867090428159339088,0,0
1211,8,1,0.52805041101959321387357331564902,1,1
1212,8,0,0.58585621774840229981215676016529,0,0
1213,8,0,0.70146783120602047168932364919784,0,0
1214,8,0,0.93269105812125681544365742726293,0,0
1215,7,-1,0.39513751195172950295232498339311,1,1
1216,8,1,0.32003041961267487796966009565347,1,1
1217,8,0,0.16981623493456562800433032017418,0,0
1218,9,1,0.86938786557834712807367076921562,1,1
1219,7,-2,0.2685311268659101282123516672985,0,0
1220,8,1,0.06681764944103612848971346346425,1,1
1221,9,1,0.66339069459128812904443705579575,1,1
1222,8,-1,0.85653678489179213015388424045876,1,1
1223,7,-1,0.24282896549280013237277860978478,1,1
1224,8,1,0.015413326694816136810567348436812,1,1
1225,9,1,0.56058204909884814568614482574088,1,1
1226,8,-1,0.65091949390691216343729978034901,1,1
1227,8,0,0.83159438352304019893960968956527,0,0
1228,7,-1,0.19294416275529626994422950799779,1,1
1229,9,2,0.91564372121980841195346914486284,0,0
1230,7,-2,0.36104283814883269597194841859294,0,0
1231,8,1,0.25184107200688126400890696605313,1,1
1232,8,0,0.033437539722978400082824060973509,0,0
1233,9,1,0.59663047515517267223065825081427,1,1
1234,8,-1,0.7230163460195612165263266304958,1,1
1235,8,0,0.97578808774833830511766338985885,0,0
1236,7,-1,0.48133157120589248230033690858494,1,1
1237,8,1,0.49241853812100083666568394603714,1,1
1238,8,0,0.51459247195121754539637802094154,0,0
1239,8,0,0.55894033961165096285776617075033,0,0
1240,8,0,0.64763607493251779778054247036792,0,0
1241,8,0,0.8250275455742514676260950696031,0,0
1242,7,-1,0.17981048685771880731720026807345,1,1
1243,9,2,0.88937636942465348669941066501415,0,0
1244,7,-2,0.30850813455852284546383145889555,0,0
1245,8,1,0.14677166482626156299267304665835,1,1
1246,9,1,0.82329872536173899805035622218395,1,1
1247,7,-2,0.17635284643269386816572257323515,0,0
1248,9,2,0.88246108857460360839645527533755,0,0
1249,7,-2,0.29467757285842308885792067954235,0,0
1250,8,1,0.11911054142606204978085148795196,1,1
1251,9,1,0.76797647856133997162671310477117,1,1
1252,7,-2,0.065708352831895815318436338409599,0,0
1253,9,2,0.66117210137300750270188280568645,0,0
1254,8,-1,0.85209959845523087746877574024016,1,1
1255,7,-1,0.23395459261967762700256160934757,1,1
1256,9,2,0.99766458094857112607013334756239,0,0
1257,7,-2,0.52508455760635812420527682399204,0,0
1258,8,1,0.57992451092193212047556377685132,1,1
1259,8,0,0.6896044175530801130161376825699,0,0
1260,8,0,0.90896423081537609809728549400706,0,0
1261,7,-1,0.34768385733996806825958111688137,1,1
1262,8,1,0.22512311038915200858417236262999,1,1
1263,9,1,0.98000161648751988923335485412724,1,1
1264,7,-2,0.48975862868425565053171983712174,0,0
1265,8,1,0.50927265307772717312844980311072,1,1
1266,8,0,0.5483007018646702183219097350887,0,0
1267,8,0,0.62635679943855630870882959904466,0,0
1268,8,0,0.78246899458632848948266932695657,0,0
1269,7,-1,0.094693384881872851030348782780403,1,1
1270,9,2,0.71914216547296157412570769442806,0,0
1271,8,-1,0.96803972665513902031642551772337,1,1
1272,7,-1,0.465834849019493912697861164314,1,1
1273,8,1,0.46142509374820369746073245749526,1,1
1274,8,0,0.45260558320562326698647504385777,0,0
1275,8,0,0.43496656212046240603796021658278,0,0
1276,8,0,0.39968851995014068414093056203282,0,0
1277,8,0,0.3291324356094972403468712529329,0,0
1278,8,0,0.18802026692821035275875263473306,0,0
1279,9,1,0.90579592956563657758251539833336,1,1
1280,7,-2,0.34134725484048902723004092553398,0,0
1281,8,1,0.21244990539019392652509197993522,1,1
1282,9,1,0.95465520648960372511519408873769,1,1
1283,7,-2,0.43906580868842332229539830634264,0,0
1284,8,1,0.40788701308606251665580674155253,1,1
1285,8,0,0.34552942188134090537662361197232,0,0
1286,8,0,0.2208142394718976828182573528119,0,0
1287,9,1,0.97138387465301123770152483449105,1,1
1288,7,-2,0.47252314501523834746805979784936,0,0
1289,8,1,0.47480168573969256700112972456597,1,1
1290,8,0,0.4793587671886010060672695779992,0,0
1291,8,0,0.48847293008641788419954928486565,0,0
1292,8,0,0.50670125588205164046410869859855,0,0
1293,8,0,0.54315790747331915299322752606436,0,0
1294,8,0,0.61607121065585417805146518099597,0,0
1295,8,0,0.76189781702092422816794049085919,0,0
1296,7,-1,0.053551029751064328400891110585629,1,1
1297,9,2,0.63685745521134452886679235003851,0,0
1298,8,-1,0.80347030613190492979859482894428,1,1
1299,7,-1,0.13669600797302573166219978675581,1,1
1300,9,2,0.80314741165526733538940970237887,0,0
1301,7,-2,0.13605021901975054284382953362498,0,0
1302,9,2,0.80185583374871695775266919611722,0,0
1303,7,-2,0.1334670632066497875703485211017,0,0
1304,9,2,0.79668952212251544720570717107065,0,0
1305,7,-2,0.12313443995424676647642447100855,0,0
1306,9,2,0.77602427561770940501785907088436,0,0
1307,7,-2,0.081803946944634682100728270635964,0,0
1308,9,2,0.69336328959848523626646667013918,0,0
1309,8,-1,0.91648197490618634459794346914562,1,1
1310,7,-1,0.36271934552158856126089706715849,1,1
1311,8,1,0.25519408675239299458680426318424,1,1
1312,8,0,0.040143569214001861238618655235726,0,0
1313,9,1,0.61004253413721959454224743933871,1,1
1314,8,-1,0.74984046398365506114950500754466,1,1
1315,7,-1,0.029436323676525994364020143956581,1,1
1316,9,2,0.58862804306226786079305041678042,0,0
1317,8,-1,0.70701148183375159365111096242809,1,1
1318,8,0,0.94377835937671905936723205372343,0,0
1319,7,-1,0.41731211446265399079947423631411,1,1
1320,8,1,0.36437962463452385366395860149547,1,1
1321,8,0,0.25851464497826357939292733185819,0,0
1322,8,0,0.046784685665743030850864792583633,0,0
1323,9,1,0.62332476704070193376673971403452,1,1
1324,8,-1,0.77640492979061973959848955693629,1,1
1325,7,-1,0.082565255290455351261989242739838,1,1
1326,9,2,0.69488590629012657458898861434693,0,0
1327,8,-1,0.91952720828946902124298735756111,1,1
1328,7,-1,0.36880981228815391455098484398948,1,1
1329,8,1,0.26737502028552370116697981684622,1,1
1330,8,0,0.064505436280263274398969762559691,0,0
1331,9,1,0.65876626826974242086294965398664,1,1
1332,8,-1,0.84728793224870071379090943684053,1,1
1333,7,-1,0.22433126020661729964682900254831,1,1
1334,9,2,0.97841791612245047135866813396387,0,0
1335,7,-2,0.48659122795411681478234639679499,0,0
1336,8,1,0.50293785161744950162970292245724,1,1
1337,8,0,0.53563109894411487532441597378173,0,0
1338,8,0,0.60101759359744562271384207643071,0,0
1339,8,0,0.73179058290410711749269428172867,0,0
1340,8,0,0.99333656151743010705039869232459,0,0
1341,7,-1,0.51642851874407608616580751351644,1,1
1342,8,1,0.56261243319736804439662515590012,1,1
1343,8,0,0.6549802621039519608582604406675,0,0
1344,8,0,0.83971591991711979378153101020226,0,0
1345,7,-1,0.20918723554345545962807214927177,1,1
1346,9,2,0.9481298667961267913211544274108,0,0
1347,7,-2,0.42601512930146945470731898368885,0,0
1348,8,1,0.38178565431215478147964809624496,1,1
1349,8,0,0.29332670433352543502430632135717,0,0
1350,8,0,0.1164088043762667421136227715816,0,0
1351,9,1,0.76257300446174935629225567203046,1,1
1352,7,-2,0.054901404632714584649521472928175,0,0
1353,9,2,0.6395582049746450413640530747236,0,0
1354,8,-1,0.80887180565850595479311627831446,1,1
1355,7,-1,0.14749900702622778165124268549618,1,1
1356,9,2,0.82475340976167143536749549985961,0,0
1357,7,-2,0.17926221523255874280000112858646,0,0
1358,9,2,0.88827982617433335766501238604018,0,0
1359,7,-2,0.30631504805788258739503490094762,0,0
1360,8,1,0.14238549182498104685507993076249,1,1
1361,9,1,0.81452637935917796577516999039224,1,1
1362,7,-2,0.15880815442757180361535010965173,0,0
1363,9,2,0.84737170456435947929571034817072,0,0
1364,7,-2,0.22449880483793483065643082520869,0,0
1365,9,2,0.97875300538508553337787177928464,0,0
1366,7,-2,0.48726140647938693882075368743653,0,0
1367,8,1,0.50427820866798974970651750374032,1,1
1368,8,0,0.5383118130451953714780451363479,0,0
1369,8,0,0.60637902179960661502110040156305,0,0
1370,8,0,0.74251343930842910210721093199335,0,0
1371,7,-1,0.014782274326074076279431992853961,1,1
1372,9,2,0.55931994436136402462387411457518,0,0
1373,8,-1,0.6483952844319439213127583580176,1,1
1374,8,0,0.82654596457310371469052684490246,0,0
1375,7,-1,0.18284732485542330144606381867218,1,1
1376,9,2,0.89545004542006247495713776621161,0,0
1377,7,-2,0.32065548654934082197928566129048,0,0
1378,8,1,0.17106636880789751602358145144822,1,1
1379,9,1,0.8718881333250109041121730317637,1,1
1380,7,-2,0.27353166235923768028935619239464,0,0
1381,8,1,0.076818720427691232643722513656541,1,1
1382,9,1,0.68339283656459833735245515618034,1,1
1383,8,-1,0.89654106883841254676992044122793,1,1
1384,7,-1,0.32283753338604096560485101132311,1,1
1385,8,1,0.17543046248129780327471215151347,1,1
1386,9,1,0.88061632067181147861443443189419,1,1
1387,7,-2,0.29098803705283882929387899265562,0,0
1388,8,1,0.1117314698148935306527681141785,1,1
1389,9,1,0.75321833533900293337054635722426,1,1
1390,7,-2,0.036192066387221738806102843315772,0,0
1391,9,2,0.6021395284836593496772158154988,0,0
1392,8,-1,0.73403445267653457141944175986485,1,1
1393,8,0,0.99782430106228501490389364859695,0,0
1394,7,-1,0.52540399783378590187279742606116,1,1
1395,8,1,0.58056339137678767581060498098957,1,1
1396,8,0,0.69088217846279122368622009084638,0,0
1397,8,0,0.91151975263479831943745031056002,0,0
1398,7,-1,0.3527949009788125109399107499873,1,1
1399,8,1,0.23534519766684089394483162884185,1,1
1400,8,0,0.00044579104289765995467338655096197,0,0
1401,9,1,0.53064697779501119197435690196918,1,1
1402,8,-1,0.59104935129923825601372393280561,1,1
1403,8,0,0.71185409830769238409245799447847,0,0
1404,8,0,0.9534635923246006402499261178242,0,0
1405,7,-1,0.43668258035841715256486236451565,1,1
1406,8,1,0.40312055642605017719473485789855,1,1
1407,8,0,0.33599650856131622645447984466436,0,0
1408,8,0,0.20174841283184832497396981819597,0,0
1409,9,1,0.93325222137291252201294976525919,1,1
1410,7,-2,0.39625983845504091609090965938563,0,0
1411,8,1,0.32227507261929770424682944763851,1,1
1412,8,0,0.17430554094781128055866902414428,0,0
1413,9,1,0.87836647760483843318234817715581,1,1
1414,7,-2,0.28648835091889273842970648317888,0,0
1415,8,1,0.10273209754700134892442309522502,1,1
1416,9,1,0.73521959080321856991385631931729,1,1
1417,7,-2,0.00019457731565301189272276750182523,0,0
1418,9,2,0.5301445503405218958504556638709,0,0
1419,8,-1,0.59004449639025966376592145660906,1,1
1420,8,0,0.70984438848973519959685304208538,0,0
1421,8,0,0.94944417268868627125871621303801,0,0
1422,7,-1,0.42864374108658841458244255494327,1,1
1423,8,1,0.3870428778823927012298952387538,1,1
1424,8,0,0.30384115147400127452480060637485,0,0
1425,8,0,0.13743769865721842111461134161696,0,0
1426,9,1,0.80463079302365271429423281210118,1,1
1427,7,-2,0.13901698175652130065347575306961,0,0
1428,9,2,0.80778935922225847337196163500648,0,0
1429,7,-2,0.14533411415373281880893339888021,0,0
1430,9,2,0.82042362401668150968287692662768,0,0
1431,7,-2,0.17060264374257889143076398212261,0,0
1432,9,2,0.87096068319437365492653809311248,0,0
1433,7,-2,0.27167676209796318191808631509221,0,0
1434,8,1,0.073108919905142235901182759051672,1,1
1435,9,1,0.6759732355195003438673756469706,1,1
1436,8,-1,0.88170186674821655979976142280845,1,1
1437,7,-1,0.29315912920564899166453297448415,1,1
1438,8,1,0.11607365412051385539407607783556,1,1
1439,9,1,0.76190270395024358285316228453837,1,1
1440,7,-2,0.053560803609703037771334697943989,0,0
1441,9,2,0.63687700292862194760767952475523,0,0
1442,8,-1,0.80350940156645976728036917837772,1,1
1443,7,-1,0.13677419884213540662574848562269,1,1
1444,9,2,0.80330379339348668531650710011263,0,0
1445,7,-2,0.13636298249618924269802432909251,0,0
1446,9,2,0.80248136070159435746105878705227,0,0
1447,7,-2,0.1347181171124045869871277029718,0,0
1448,9,2,0.79919162993402504603926553481086,0,0
1449,7,-2,0.12813865557726596414354119848897,0,0
1450,9,2,0.78603270686374780035209252584519,0,0
1451,7,-2,0.10182080943671147276919518055763,0,0
1452,9,2,0.73339701458263881760340048998252,0,0
1453,8,-1,0.99654942487449350727181110883229,1,1
1454,7,-1,0.52285424545820288660863234653184,1,1
1455,8,1,0.57546388662562164528227482193094,1,1
1456,8,0,0.68068316896045916262955977272914,0,0
1457,8,0,0.89112173363013419732412967432552,0,0
1458,7,-1,0.3119988629694842667132694775183,1,1
1459,8,1,0.15375312164818440549154908390386,1,1
1460,9,1,0.83726163900558468304810829667497,1,1
1461,7,-2,0.2042786737203852381612267222172,0,0
1462,9,2,0.93831274314998634838746357330164,0,0
1463,7,-2,0.40638088200918856883993727547054,0,0
1464,8,1,0.34251715972759300974488467980834,1,1
1465,8,0,0.21478971516440189155477948848393,0,0
1466,9,1,0.95933482603801965517456910583512,1,1
1467,7,-2,0.44842504778525518241414834053749,0,0
1468,8,1,0.42660549127972623689330680994223,1,1
1469,8,0,0.38296637826866834585162374875172,0,0
1470,8,0,0.29568815224655256376825762637069,0,0
1471,8,0,0.12113170020232099960152538160864,0,0
1472,9,1,0.77201879611385787126806089208454,1,1
1473,7,-2,0.073792987936931614601131913036333,0,0
1474,9,2,0.67734137158307910126727395493992,0,0
1475,8,-1,0.88443813887537407459955803874709,1,1
1476,7,-1,0.29863167345996402126412620636144,1,1
1477,8,1,0.12701874262914391459326254159013,1,1
1478,9,1,0.78379288096750370125153521204752,1,1
1479,7,-2,0.097341157644223274568080552962284,0,0
1480,9,2,0.72443771099766242120117123479182,0,0
1481,8,-1,0.9786308177045407144673525984509,1,1
1482,7,-1,0.48701703111829730099971532576905,1,1
1483,8,1,0.50378945794581047406444078040535,1,1
1484,8,0,0.53733431160083682019389168967795,0,0
1485,8,0,0.60442401891088951245279350822316,0,0
1486,8,0,0.73860343353099489697059714531357,0,0
1487,7,-1,0.0069622627712056660062044194943904,1,1
1488,9,2,0.54367992125162720407741896785603,0,0
1489,8,-1,0.61711523821247028021984806457932,1,1
1490,8,0,0.7639858721341564325047062580259,0,0
1491,7,-1,0.057727139977528737074422644919052,1,1
1492,9,2,0.64520967566427334621385541870536,0,0
1493,8,-1,0.82017474703776256449272096627797,1,1
1494,7,-1,0.17010488978474100105045206142319,1,1
1495,9,2,0.86996517527869787416591425171364,0,0
1496,7,-2,0.26968574626661162039683863229453,0,0
1497,8,1,0.06912688824243911285868739345631,1,1
1498,9,1,0.66800917219409409778238491577987,1,1
1499,8,-1,0.865773740097404067629779960427,1,1
1500,7,-1,0.26130287590402400732457004972126,1,1
1501,8,1,0.052361147517263886714150228309767,1,1
1502,9,1,0.63447769074374364549331058548679,1,1
1503,8,-1,0.79871077719670316305163129984083,1,1
1504,7,-1,0.12717695010262219816827272854891,1,1
1505,9,2,0.78410929591446026840155558596508,0,0
1506,7,-2,0.097973987538136408868121300797405,0,0
1507,9,2,0.72570337078548868980125273046206,0,0
1508,8,-1,0.98116213728019325166751558979138,1,1
1509,7,-1,0.49207967026960237540004130845002,1,1
1510,8,1,0.51391473624842062286509274576729,1,1
1511,8,0,0.55758486820605711779519562040184,0,0
1512,8,0,0.64492513212133010765540136967092,0,0
1513,8,0,0.8196056599518760873758128682091,0,0
1514,7,-1,0.16896671561296804681663586528546,1,1
1515,9,2,0.86768882693515196569828185943817,0,0
1516,7,-2,0.26513304957951980346157384774359,0,0
1517,8,1,0.060021494868255478988157824354436,1,1
1518,9,1,0.64979838544572683004132577757612,1,1
1519,8,-1,0.8293521666006695321476616840195,1,1
1520,7,-1,0.18845972891055493636033349690626,1,1
1521,9,2,0.90667485353032574478567712267977,0,0
1522,7,-2,0.3431051027698673616363643742268,0,0
1523,8,1,0.21596560124895059533773887732086,1,1
1524,9,1,0.96168659820711706274048788350897,1,1
1525,7,-2,0.45312859212344999754598589588519,0,0
1526,8,1,0.43601257995611586715698192063764,1,1
1527,8,0,0.40178055562144760637897397014253,0,0
1528,8,0,0.33331650695211108482295806915231,0,0
1529,8,0,0.19638840961343804171092626717188,0,0
1530,9,1,0.92253221493609195548686266321101,1,1
1531,7,-2,0.37481982558139978303873545528927,0,0
1532,8,1,0.2793950468720154381424810394458,1,1
1533,8,0,0.08854548945324674834997220775885,0,0
1534,9,1,0.70684637461570936876495454438495,1,1
1535,8,-1,0.94344814494063460959491921763716,1,1
1536,7,-1,0.41665168559048509125484856414158,1,1
1537,8,1,0.3630587668901860545747072571504,1,1
1538,8,0,0.25587292948958798121442464316806,0,0
1539,8,0,0.041501254688391834493859415203379,0,0
1540,9,1,0.61275790508599954105272895927401,1,1
1541,8,-1,0.75527120588121495417046804741528,1,1
1542,7,-1,0.040297807471645780405946223697809,1,1
1543,9,2,0.61035101065250743287690257626287,0,0
1544,8,-1,0.750457417014230737818815281393,1,1
1545,7,-1,0.030670229737677347702640691653248,1,1
1546,9,2,0.59109585518457056747029151217375,0,0
1547,8,-1,0.71194710607835700700559315321475,1,1
1548,8,0,0.95364960786592988607619643529676,0,0
1549,7,-1,0.43705461144107564421740299946077,1,1
1550,8,1,0.4038646185913671604998161277888,1,1
1551,8,0,0.33748463289195019306464238444485,0,0
1552,8,0,0.20472466149311625819429489775695,0,0
1553,9,1,0.93920471869544838845359992438115,1,1
1554,7,-2,0.40816483310011264897220997762956,0,0
1555,8,1,0.34608506190944117000943008412637,1,1
1556,8,0,0.22192551952809821208387029711999,0,0
1557,9,1,0.97360643476541229623275072310723,1,1
1558,7,-2,0.47696826524004046453051157508171,0,0
1559,8,1,0.48369192618929680112603327903068,1,1
1560,8,0,0.49713924808780947431707668692861,0,0
1561,8,0,0.52403389188483482069916350272447,0,0
1562,8,0,0.57782317947888551346333713431619,0,0
1563,8,0,0.68540175466698689899168439749963,0,0
1564,8,0,0.90055890504318967004837892386651,0,0
1565,7,-1,0.33087320579559521216176797660027,1,1
1566,8,1,0.1915018073004062963885460820678,1,1
1567,9,1,0.91275901031002846484210229300286,1,1
1568,7,-2,0.35527341632927280174921471487297,0,0
1569,8,1,0.24030222836776147556343955861319,1,1
1570,8,0,0.010359852444738823191889246093636,0,0
1571,9,1,0.55047510059869351844878862105453,1,1
1572,8,-1,0.63070559690660290896258737097631,1,1
1573,8,0,0.79116658952242168999018487081987,0,0
1574,7,-1,0.11208857475405925204537987050699,1,1
1575,9,2,0.75393254521733437615576986988122,0,0
1576,7,-2,0.037620486143884624376549868629701,0,0
1577,9,2,0.60499636799698512081810986612666,0,0
1578,8,-1,0.73974813170318611370122986112057,1,1
1579,7,-1,0.0092516591155880994674698511083868,1,1
1580,9,2,0.54825871394039207099994983108403,0,0
1581,8,-1,0.62627282359000001406490979103531,1,1
1582,8,0,0.78230104288921590019482971093787,0,0
1583,7,-1,0.094357481487647672454669550742995,1,1
1584,9,2,0.71847035868451121697434923035324,0,0
1585,8,-1,0.96669611307823830601370858957374,1,1
1586,7,-1,0.46314762186569248409242730801473,1,1
1587,8,1,0.45605063944060084024986474489672,1,1
1588,8,0,0.44185667459041755256473961866069,0,0
1589,8,0,0.41346874489005097719448936618864,0,0
1590,8,0,0.35669288548931782645398886124453,0,0
1591,8,0,0.2431411666878515249729878513563,0,0
1592,8,0,0.016037729084918922010985831579863,0,0
1593,9,1,0.56183085387905371608698179202698,1,1
1594,8,-1,0.65341710346732330423897371292121,1,1
1595,8,0,0.83658960264386248054295755470968,0,0
1596,7,-1,0.20293460099694083315092523828661,1,1
1597,9,2,0.93562459770309753836686060544048,0,0
1598,7,-2,0.40100459111541094879873133974821,0,0
1599,8,1,0.33176457794003776966247280836367,1,1
1600,8,0,0.1932845515892914113899557455946,0,0
1601,9,1,0.91632449888779869484492162005645,1,1
1602,7,-2,0.36240439348481326175485336898016,0,0
1603,8,1,0.25456418267884239557471686682757,1,1
1604,8,0,0.038883761066900663214443862522395,0,0
1605,9,1,0.60752291784301719849389785391204,1,1
1606,8,-1,0.74480123139525026905280583669134,1,1
1607,7,-1,0.01935785849971641017062180224994,1,1
1608,9,2,0.56847111270864869240625373336713,0,0
1609,8,-1,0.66669762112651325687751759560152,1,1
1610,8,0,0.86315063796224238582004532007029,0,0
1611,7,-1,0.25605667163370064370510076900784,1,1
1612,8,1,0.041868738976617159475211666882938,1,1
1613,9,1,0.61349287366245019101543346263313,1,1
1614,8,-1,0.75674114303411625409587705413351,1,1
1615,7,-1,0.043237681777448380256764237134279,1,1
1616,9,2,0.61623075926411263257853860313581,0,0
1617,8,-1,0.76221691423744113722208733513888,1,1
1618,7,-1,0.054189224184098146509184799145009,1,1
1619,9,2,0.63813384407741216508337972715727,0,0
1620,8,-1,0.8060230838640402022317695831818,1,1
1621,7,-1,0.14180156343729627652854929523085,1,1
1622,9,2,0.81335852258380842512210871932894,0,0
1623,7,-2,0.15647244087683272230922756752514,0,0
1624,9,2,0.84270027746288131668346526391754,0,0
1625,7,-2,0.21515595063497850543194065670233,0,0
1626,9,2,0.96006729697917288292889144227191,0,0
1627,7,-2,0.44988998966756163792279301341108,0,0
1628,8,1,0.42953537504433914791059615568941,1,1
1629,8,0,0.38882614579789416788620244024607,0,0
1630,8,0,0.3074076873050042078374150093594,0,0
1631,8,0,0.14457077031922428773984014758606,0,0
1632,9,1,0.81889693634766444754469042403936,1,1
1633,7,-2,0.16754926840454476715439097694598,0,0
1634,9,2,0.86485393251830540637379208275922,0,0
1635,7,-2,0.25946326074582668481259429438569,0,0
1636,8,1,0.048681917200869241690198717638627,1,1
1637,9,1,0.62711923011095435544540756414451,1,1
1638,8,-1,0.78399385593112458295582525715627,1,1
1639,7,-1,0.097743107571465037976660643179795,1,1
1640,9,2,0.72524161085214594801833141522684,0,0
1641,8,-1,0.98023861741350776810167295932094,1,1
1642,7,-1,0.49023263053623140826835604750914,1,1
1643,8,1,0.51022065678167868860172222388552,1,1
1644,8,0,0.5501967092725732492684545766383,0,0
1645,8,0,0.63014881425436237060191928214386,0,0
1646,8,0,0.79005302421794061326884869315497,0,0
1647,7,-1,0.1098614441450970986027075151772,1,1
1648,9,2,0.74947828399941006927042515922166,0,0
1649,7,-2,0.028711963708036010605860447310571,0,0
1650,9,2,0.5871793231252878932767310234884,0,0
1651,8,-1,0.70411404195979165861847217584405,1,1
1652,8,0,0.93798347962879918930195448055535,0,0
1653,7,-1,0.40572235496681425066891908997795,1,1
1654,8,1,0.34120010564284437340284830882315,1,1
1655,8,0,0.21215560699490461887070674651354,0,0
1656,9,1,0.95406660969902510980642362189434,1,1
1657,7,-2,0.43788861510726609167785737265594,0,0
1658,8,1,0.40553262592374805542072487417913,1,1
1659,8,0,0.34082064755671198290645987722551,0,0
1660,8,0,0.21139669082263983787792988331828,0,0
1661,9,1,0.95254877735449554782086989550381,1,1
1662,7,-2,0.43485295041820696770674991987487,0,0
1663,8,1,0.39946129654562980747850996861698,1,1
1664,8,0,0.32867798880047548702203006610122,0,0
1665,8,0,0.1871113733101668461090702610697,0,0
1666,9,1,0.90397814232954956428315065100665,1,1
1667,7,-2,0.33771168036831500063131143088055,0,0
1668,8,1,0.20517875644584587332763299062835,1,1
1669,9,1,0.94011290860090761872027611012395,1,1
1670,7,-2,0.40998121291103110950556234911515,0,0
1671,8,1,0.34971782153127809107613482709756,1,1
1672,8,0,0.22919103877177205421727978306238,0,0
1673,9,1,0.98813747325275998049956969499201,1,1
1674,7,-2,0.50603034221473583306414951885128,0,0
1675,8,1,0.54181608013868753819330916656982,1,1
1676,8,0,0.61338755598659094845162846200689,0,0
1677,8,0,0.75653050768239776896826705288104,0,0
1678,7,-1,0.042816411074011410001544234629326,1,1
1679,9,2,0.61538821785723869206809859812591,0,0
1680,8,-1,0.76053183142369325620120732511907,1,1
1681,7,-1,0.050819058556602384467424779105384,1,1
1682,9,2,0.63139351282242064099985968707802,0,0
1683,8,-1,0.7925424213540571540647295030233,1,1
1684,7,-1,0.11484023841733018019446913491385,1,1
1685,9,2,0.75943587254387623245394839869495,0,0
1686,7,-2,0.048627140796968336972906926257148,0,0
1687,9,2,0.62700967730315254601082398138155,0,0
1688,8,-1,0.78377475031552096408665809163035,1,1
1689,7,-1,0.097304896340257800238326312127963,1,1
1690,9,2,0.72436518838973147254166275312318,0,0
1691,8,-1,0.97848577248867881714833563511361,1,1
1692,7,-1,0.48672694068657350636168139909448,1,1
1693,8,1,0.50320927708236288478837292705621,1,1
1694,8,0,0.53617394987394164164175598297968,0,0
1695,8,0,0.60210329545709915534852209482662,0,0
1696,8,0,0.73396198662341418276205431852049,0,0
1697,8,0,0.99767936895604423758911876590824,0,0
1698,7,-1,0.52511413362130434724324766068373,1,1
1699,8,1,0.57998366295182456655150545023472,1,1
1700,8,0,0.68972272161286500516802102933669,0,0
1701,8,0,0.90920083893494588240105218754063,0,0
1702,7,-1,0.34815707357910763686711450394851,1,1
1703,8,1,0.22606954286743114579923913676427,1,1
1704,9,1,0.9818944814440781636634884023958,1,1
1705,7,-2,0.49354435859737219939198693365885,0,0
1706,8,1,0.51684411290396027084898399618496,1,1
1707,8,0,0.56344362151713641376297812123717,0,0
1708,8,0,0.6566426387434886995909663713416,0,0
1709,8,0,0.84304067319619327124694287155044,0,0
1710,7,-1,0.21583674210160241455889587196814,1,1
1711,9,2,0.96142887991242070118280187280354,0,0
1712,7,-2,0.45261315553405727443061387447433,0,0
1713,8,1,0.43498170677733042092623787781591,1,1
1714,8,0,0.39971880926387671391748588449908,0,0
1715,8,0,0.32919301423696929989998189786542,0,0
1716,8,0,0.18814142418315447186497392459809,0,0
1717,9,1,0.90603824407552481579495797806344,1,1
1718,7,-2,0.34183188386026550365492608499412,0,0
1719,8,1,0.2134191634297468793748622988555,1,1
1720,9,1,0.95659372256870963081473472657826,1,1
1721,7,-2,0.44294284084663513369447958202377,0,0
1722,8,1,0.41564107740248613945396929291479,1,1
1723,8,0,0.36103755051418815097294871469683,0,0
1724,8,0,0.25183049673759217401090755826091,0,0
1725,8,0,0.033416389184400220086825245389069,0,0
1726,9,1,0.59658817407801631223866061964539,1,1
1727,8,-1,0.72293174386524849654233136815804,1,1
1728,8,0,0.97561888343971286514967286518332,0,0
1729,7,-1,0.4809931625886416023643558592339,1,1
1730,8,1,0.49174172088649907679372184733506,1,1
1731,8,0,0.51323883748221402565245382353737,0,0
1732,8,0,0.556233070673643923369917775942,0,0
1733,8,0,0.64222153705650371880484568075125,0,0
1734,8,0,0.81419846982222330967470149036975,0,0
1735,7,-1,0.15815233535366249141441310960675,1,1
1736,9,2,0.84606006641654085489383634808074,0,0
1737,7,-2,0.22187552854229758185268282502874,0,0
1738,9,2,0.97350645279381103577037577892474,0,0
1739,7,-2,0.47676830129683794360576168671673,0,0
1740,8,1,0.48329199830289175927653350230071,1,1
1741,8,0,0.49633939231499939061807713346868,0,0
1742,8,0,0.52243418033921465330116439580462,0,0
1743,8,0,0.57462375638764517866733892047649,0,0
1744,8,0,0.67900290848450622939968796982023,0,0
1745,8,0,0.88776121267822833086438606850771,0,0
1746,7,-1,0.30527782106567253379378226588266,1,1
1747,8,1,0.14031103784056093965257466063258,1,1
1748,9,1,0.81037747139033775137015945013242,1,1
1749,7,-2,0.1505103384898913748053290291321,0,0
1750,9,2,0.83077607268899862167566818713144,0,0
1751,7,-2,0.19130754108721311541634650313014,0,0
1752,9,2,0.91237047788364210289770313512754,0,0
1753,7,-2,0.35449635147650007786041639912233,0,0
1754,8,1,0.23874809866221602778584292711192,1,1
1755,8,0,0.0072515930336479276366959830910861,0,0
1756,9,1,0.54425858177651172733840209504943,1,1
1757,8,-1,0.61827255926223932674181431896611,1,1
1758,8,0,0.76630051423369452554863876679946,0,0
1759,7,-1,0.062356424176604923162287662466183,1,1
1760,9,2,0.65446824406242571838958545379962,0,0
1761,8,-1,0.83869188383406730884418103646649,1,1
1762,7,-1,0.20713916337735048975337220180024,1,1
1763,9,2,0.94403372246391685157175453246774,0,0
1764,7,-2,0.41782284063704957520851919380273,0,0
1765,8,1,0.36540107698331502248204851647271,1,1
1766,8,0,0.26055754967584591702910716181267,0,0
1767,8,0,0.050870495060907706123224452492603,0,0
1768,9,1,0.63149638583103128431145903385246,1,1
1769,8,-1,0.79274816737127844068792819657217,1,1
1770,7,-1,0.1152517304517727534408665220116,1,1
1771,9,2,0.76025885661276137894674317289046,0,0
1772,7,-2,0.050273108934738629958496474648172,0,0
1773,9,2,0.6303016135786931319820030781636,0,0
1774,8,-1,0.79035862286660213602901628519445,1,1
1775,7,-1,0.11047264144242014412304269925616,1,1
1776,9,2,0.75070067859405616031109552737956,0,0
1777,7,-2,0.031156752897328192687201183626382,0,0
1778,9,2,0.59206890150387225743941249612002,0,0
1779,8,-1,0.71389319871696038694383512110729,1,1
1780,8,0,0.95754179314313664595268037108183,0,0
1781,7,-1,0.44483898199548916397037087103091,1,1
1782,8,1,0.41943335970019420000575187092908,1,1
1783,8,0,0.36862211510960427207651387072542,0,0
1784,8,0,0.2669996259284244162180378703181,0,0
1785,8,0,0.063754647566064704501085869503444,0,0
1786,9,1,0.65726469084134528106718186787414,1,1
1787,8,-1,0.84428477739190643419937386461554,1,1
1788,7,-1,0.21832495049302874046375785809833,1,1
1789,9,2,0.96640529669527335299252584506392,0,0
1790,7,-2,0.46256598909976257805006181899509,0,0
1791,8,1,0.45488737390874102816513376685743,1,1
1792,8,0,0.43953014352669792839527766258212,0,0
1793,8,0,0.40881568276261172885556545403149,0,0
1794,8,0,0.34738676123443932977614103693023,0,0
1795,8,0,0.22452891817809453161729220272771,0,0
1796,9,1,0.97881323206540493529959453432266,1,1
1797,7,-2,0.48738185984002574266419919751258,0,0
1798,8,1,0.50451911538926735739340852389242,1,1
1799,8,0,0.53879362648775058685182717665209,0,0
1800,8,0,0.60734264868471704576866448217144,0,0
1801,8,0,0.74444069307864996360233909321013,0,0
1802,7,-1,0.018636781866515799269688315287505,1,1
1803,9,2,0.56702895944224747060438675944226,0,0
1804,8,-1,0.66381331459371081327378364775178,1,1
1805,8,0,0.85738202489663749861257742437082,0,0
1806,7,-1,0.24451944550249086929016497760889,1,1
1807,8,1,0.018794286714197610645340084085025,1,1
1808,9,1,0.5673439691376110933556902970373,1,1
1809,8,-1,0.66444333398443805877639072294186,1,1
1810,8,0,0.85864206367809198961779157475097,0,0
1811,7,-1,0.2470395230653998513005932783692,1,1
1812,8,1,0.02383444184001557466619668560566,1,1
1813,9,1,0.57742427938924702139740350007857,1,1
1814,8,-1,0.6846039544877099148598171290244,1,1
1815,8,0,0.89896330468463570178464438691606,0,0
1816,7,-1,0.32768200507848727563429890269937,1,1
1817,8,1,0.18511940586619042333360793426599,1,1
1818,9,1,0.89999420744159671873222599739922,1,1
1819,7,-2,0.3297438105924093095294621236657,0,0
1820,8,1,0.18924301689403449112393437619866,1,1
1821,9,1,0.90824142949728485431287888126457,1,1
1822,7,-2,0.3462382547037855806907678913964,0,0
1823,8,1,0.22223190511678703344654591166005,1,1
1824,9,1,0.97421920594278993895810195218735,1,1
1825,7,-2,0.47819380759479574998121403324195,0,0
1826,8,1,0.48614301089880737202743819535116,1,1
1827,8,0,0.50204141750683061611988651956958,0,0
1828,8,0,0.53383823072287710430478316800641,0,0
1829,8,0,0.59743185715497008067457646488007,0,0
1830,8,0,0.72461911001915603341416305862739,0,0
1831,8,0,0.97899361574752793889333624612204,0,0
1832,7,-1,0.48774262720427174985168262111133,1,1
1833,8,1,0.50524065011775937176837537108991,1,1
1834,8,0,0.54023669594473461560176087104707,0,0
1835,8,0,0.61022878759868510326853187096139,0,0
1836,8,0,0.75021297090658607860207387079002,0,0
1837,7,-1,0.030181337522388029269157870447303,1,1
1838,9,2,0.59011807075399193060332586976186,0,0
1839,8,-1,0.70999153721719973327166186839097,1,1
1840,8,0,0.9497384701436153386083338656492,0,0
1841,7,-1,0.42923233599644654928167786016565,1,1
1842,8,1,0.38822006770210897062836584919856,1,1
1843,8,0,0.30619553111343381332174182726437,0,0
1844,8,0,0.14214645793608349870849378339599,0,0
1845,9,1,0.81404831158138286948199769565922,1,1
1846,7,-2,0.1578520188719816110290055201857,0,0
1847,9,2,0.84545943345317909412302116923866,0,0
1848,7,-2,0.22067426261557406031105246734457,0,0
1849,9,2,0.9711039209403639926871150635564,0,0
1850,7,-2,0.47196323758994385743924025598005,0,0
1851,8,1,0.47368187088910358694349064082735,1,1
1852,8,0,0.47711913748742304595199141052195,0,0
1853,8,0,0.48399367068406196396899294991116,0,0
1854,8,0,0.49774273707733980000299602868958,0,0
1855,8,0,0.52524086986389547207100218624641,0,0
1856,8,0,0.58023713543700681620701450136008,0,0
1857,8,0,0.69022966658322950447903913158741,0,0
1858,8,0,0.91021472887567488102308839204207,0,0
1859,7,-1,0.35018485346056563411118691295139,1,1
1860,8,1,0.23012510263034714028738395477003,1,1
1861,9,1,0.99000560096991015263977803840731,1,1
1862,7,-2,0.50976659764903617734456620568188,0,0
1863,8,1,0.54928859100728822675414254023101,1,1
1864,8,0,0.62833257772379232557329520932928,0,0
1865,8,0,0.78642055115680052321160054752581,0,0
1866,7,-1,0.10259649802281691848821122391887,1,1
1867,9,2,0.734948391754849709041432576705,0,0
1868,8,-1,0.99965217921891529014787528227725,1,1
1869,7,-1,0.52905975414704645236076069342175,1,1
1870,8,1,0.58787490400330877678653151571075,1,1
1871,8,0,0.70550520371583342563807316028875,0,0
1872,8,0,0.94076580314088272334115644944475,0,0
1873,7,-1,0.41128700199098131874732302775676,1,1
1874,8,1,0.35232939969117850955965618438077,1,1
1875,8,0,0.23441419509157289118432249762879,0,0
1876,9,1,0.99858378589236165443365512412484,1,1
1877,7,-2,0.52692296749393918093232037711693,0,0
1878,8,1,0.58360133069709423392965088310111,1,1
1879,8,0,0.69695805710340433992431189506947,0,0
1880,8,0,0.92367150991602455191363391900619,0,0
1881,7,-1,0.37709841554126497589227796687963,1,1
1882,8,1,0.28395222679174582384956606262651,1,1
1883,8,0,0.097659849292707519764142254120276,0,0
1884,9,1,0.72507509429463091159329463710781,1,1
1885,8,-1,0.97990558429847769525159940308286,1,1
1886,7,-1,0.48956656430617126256820893503298,1,1
1887,8,1,0.50888852432155839720142799893322,1,1
1888,8,0,0.54753244435233266646786612673369,0,0
1889,8,0,0.62482028441388120500074238233464,0,0
1890,8,0,0.77939596453697828206649489353654,0,0
1891,7,-1,0.088547324783172436197999915940334,1,1
1892,9,2,0.70685004527556074446100996074792,0,0
1893,8,-1,0.9434554862603373609870300503631,1,1
1894,7,-1,0.41666636822989059403907022959345,1,1
1895,8,1,0.36308813216899706014315058805416,1,1
1896,8,0,0.25593166004720999235131130497557,0,0
1897,8,0,0.041618715803635856767632738818388,0,0
1898,9,1,0.61299282731648758560027560650403,1,1
1899,8,-1,0.75574105034219104326556134187531,1,1
1900,7,-1,0.041237496393597958596132812617878,1,1
1901,9,2,0.61223038849641178925727575410301,0,0
1902,8,-1,0.75421617270203945057956163707327,1,1
1903,7,-1,0.038187741113294773224133403013796,1,1
1904,9,2,0.60613087793580541851327693489485,0,0
1905,8,-1,0.74201715158082670909156399865695,1,1
1906,7,-1,0.013789698870869290248138126181148,1,1
1907,9,2,0.55733479345095445256128638122955,0,0
1908,8,-1,0.64442498261112477718758289132635,1,1
1909,8,0,0.81860536093146542644017591151996,0,0
1910,7,-1,0.16696611757214672494536195190717,1,1
1911,9,2,0.8636876308535093219557340326816,0,0
1912,7,-2,0.25713065741623451597647819423046,0,0
1913,8,1,0.044016710541684904017966517328167,1,1
1914,9,1,0.61778881679258568010094316352359,1,1
1915,8,-1,0.76533302929438723226689645591443,1,1
1916,7,-1,0.060421454297990336598803040696114,1,1
1917,9,2,0.65059830430519654526261621025948,0,0
1918,8,-1,0.83095200431960896259024254938622,1,1
1919,7,-1,0.19165940434843379724549522763969,1,1
1920,9,2,0.91307420440608346655600058414663,0,0
1921,7,-2,0.35590380452138280517701129716051,0,0
1922,8,1,0.24156300475198148241903272318827,1,1
1923,8,0,0.01288140521317883690307557524379,0,0
1924,9,1,0.55551820613557354587116127935483,1,1
1925,8,-1,0.64079180798036296380733268757692,1,1
1926,8,0,0.81133901166994179967967550402109,0,0
1927,7,-1,0.15243341904909947142436113690944,1,1
1928,9,2,0.83462223380741481491373240268613,0,0
1929,7,-2,0.19899986332404550189247493423952,0,0
1930,9,2,0.92775512235730687584995999734629,0,0
1931,7,-2,0.38526564042382962376493012355984,0,0
1932,8,1,0.30028667655687511959487037598694,1,1
1933,8,0,0.13032874882296611125475088084113,0,0
1934,9,1,0.79041289335514809457451189054951,1,1
1935,7,-2,0.11058118241951206121403390996627,0,0
1936,9,2,0.75091776054823999449307794879979,0,0
1937,7,-2,0.03159091680569586105116602646684,0,0
1938,9,2,0.59293722932060759416734218180093,0,0
1939,8,-1,0.71562985435043106039969449246912,1,1
1940,8,0,0.9610151044100779928643991138055,0,0
1941,7,-1,0.45178560452937185779380835647825,1,1
1942,8,1,0.43332660476795958765262684182375,1,1
1943,8,0,0.39640860524513504737026381251476,0,0
1944,8,0,0.32257260619948596680553775389678,0,0
1945,8,0,0.1749006081081878056760856366608,0,0
1946,9,1,0.87955661192559148341718140218886,1,1
1947,7,-2,0.28886861956039883889937293324498,0,0
1948,8,1,0.10749263483001354986375599535721,1,1
1949,9,1,0.74474066536924297179252211958168,1,1
1950,7,-2,0.019236726447701815650054368030608,0,0
1951,9,2,0.56822884860461950336511886492847,0,0
1952,8,-1,0.6662130929184548787952478587242,1,1
1953,8,0,0.86218158154612562965550584631564,0,0
1954,7,-1,0.25411855880146713137602182149854,1,1
1955,8,1,0.037992513312150134817053771864338,1,1
1956,9,1,0.60574042233351614169911767259593,1,1
1957,8,-1,0.74123624037624815546324547405911,1,1
1958,7,-1,0.012227876461712182991501076985477,1,1
1959,9,2,0.55421114863264023804801228283821,0,0
1960,8,-1,0.63817769297449634816103469454367,1,1
1961,8,0,0.80611078165820856838707951795459,0,0
1962,7,-1,0.14197695902563300883916916477644,1,1
1963,9,2,0.81370931376048188974334845842014,0,0
1964,7,-2,0.15717402323017965155170704570753,0,0
1965,9,2,0.84410344216957517516842422028232,0,0
1966,7,-2,0.2179622800483662224018585694319,0,0
1967,9,2,0.96567995580594831686872726773105,0,0
1968,7,-2,0.46111530732111250580246466432935,0,0
1969,8,1,0.45198601035144088366993945752595,1,1
1970,8,0,0.43372741641209763940488904391915,0,0
1971,8,0,0.39721022853341115087478821670556,0,0
1972,8,0,0.32417585277603817381458656227838,0,0
1973,8,0,0.17810710126129221969418325342402,0,0
1974,9,1,0.88596959823180031145337663571528,1,1
1975,7,-2,0.30169459217281649497176340029782,0,0
1976,8,1,0.1331445800548488620085369294629,1,1
1977,9,1,0.79604455581891359608208398779305,1,1
1978,7,-2,0.12184450734704306422917810445336,0,0
1979,9,2,0.77344441040330200052336633777397,0,0
1980,7,-2,0.076644216515819873111742804415192,0,0
1981,9,2,0.68304382874085561828849573769764,0,0
1982,8,-1,0.89584305319092710864200160426253,1,1
1983,7,-1,0.32144150209107008934901333739231,1,1
1984,8,1,0.17263839989135605076303680365188,1,1
1985,9,1,0.875032195491927973591083736171,1,1
1986,7,-2,0.27981978669307181924717760120926,0,0
1987,8,1,0.089394969095359510559365331285778,1,1
1988,9,1,0.70854533389993489318374079143881,1,1
1989,8,-1,0.94684606350908565843249171174487,1,1
1990,7,-1,0.423447522727387188929993552357,1,1
1991,8,1,0.37665044116399024992499723358126,1,1
1992,8,0,0.28305627803719637191500459602977,0,0
1993,8,0,0.095867951783608615895019320926792,0,0
1994,9,1,0.72149129927643310385504877072084,1,1
1995,8,-1,0.97273799426208207977510767030893,1,1
1996,7,-1,0.47523138423338003161522546948511,1,1
1997,8,1,0.48021816417597593529546106783748,1,1
1998,8,0,0.49019172406116774265593226454221,0,0
1999,8,0,0.51013884383155135737687465795166,0,0
2000,8,0,0.55003308337231858681875944477058,0,0
2001,8,0,0.62982156245385304570252901840842,0,0
2002,8,0,0.78939852061692196347006816568409,0,0
2003,7,-1,0.10855243694305979900514646023544,1,1
2004,9,2,0.74686026959533547007530304933813,0,0
2005,7,-2,0.023475934899886812215616227543507,0,0
2006,9,2,0.57670726550898949649624258395427,0,0
2007,8,-1,0.68316992672719486505749529677579,1,1
2008,8,0,0.89609524916360560218000072241883,0,0
2009,7,-1,0.32194589403642707642501157370491,1,1
2010,8,1,0.17364718378207002491503327627708,1,1
2011,9,1,0.87704976327335592189507668142141,1,1
2012,7,-2,0.28385492225592771585516349171007,0,0
2013,8,1,0.097465240221071303775337112287401,1,1
2014,9,1,0.72468587615135847961568435344206,1,1
2015,8,-1,0.97912714801193283129637883575137,1,1
2016,7,-1,0.48800969173308153465776780036999,1,1
2017,8,1,0.50577477917537894138054572960723,1,1
2018,8,0,0.54130495405997375482610158808171,0,0
2019,8,0,0.61236530382916338171721330503067,0,0
2020,8,0,0.7544860033675426354994367389286,0,0
2021,7,-1,0.038727402444301143063883606724458,1,1
2022,9,2,0.60721020059781815819277734231617,0,0
2023,8,-1,0.74417579690485218845056481349959,1,1
2024,7,-1,0.01810698951892024896613975586644,1,1
2025,9,2,0.56596937474705636999728964060013,0,0
2026,8,-1,0.66169414520332861205958941006752,1,1
2027,8,0,0.85314368611587309618418894900229,0,0
2028,7,-1,0.23604276794096206443338802687184,1,1
2029,8,1,0.0018409315911400009317861826109346,1,1
2030,9,1,0.53343725889149587392858249408912,1,1
2031,8,-1,0.5966299134922076199221751170455,1,1
2032,8,0,0.72301522269363111190936036295825,0,0
2033,8,0,0.97578584109647809588373085478376,0,0
2034,7,-1,0.48132707790217206383247183843477,1,1
2035,8,1,0.4924095515135599997299538057368,1,1
2036,8,0,0.51457449873633587152491774034085,0,0
2037,8,0,0.55890439318188761511484560954895,0,0
2038,8,0,0.64756418207299110229470134796516,0,0
2039,8,0,0.82488375985519807665441282479757,0,0
2040,7,-1,0.17952291541961202537383577846239,1,1
2041,9,2,0.88880122654843992281268168579203,0,0
2042,7,-2,0.30735784880609571769037350045131,0,0
2043,8,1,0.14447109332140730744575712976988,1,1
2044,9,1,0.81869758235203048695652438840701,1,1
2045,7,-2,0.16715056041327684597805890568128,0,0
2046,9,2,0.86405651653576956402112794022982,0,0
2047,7,-2,0.25786842878075500010726600932689,0,0
2048,8,1,0.045492253270725872279542147521028,1,1
2049,9,1,0.62073990225066761662409442390931,1,1
2050,8,-1,0.77123520021055110531319897668587,1,1
2051,7,-1,0.072225796130318082691408082239002,1,1
2052,9,2,0.67420698796985203744782629334526,0,0
2053,8,-1,0.87816937164891994696066271555777,1,1
2054,7,-1,0.28609413900705576598633555998279,1,1
2055,8,1,0.10194367372332740403768124883283,1,1
2056,9,1,0.73364274315587068014037262653292,1,1
2057,8,-1,0.99704088202095723234575538193309,1,1
2058,7,-1,0.52383715975113033675652089273343,1,1
2059,8,1,0.57742971521147654557805191433411,1,1
2060,8,0,0.68461482613216896322111395753548,0,0
2061,8,0,0.89898504797355379850723804393822,0,0
2062,7,-1,0.32772549165632346907948621674369,1,1
2063,8,1,0.18520637902186281022398256235463,1,1
2064,9,1,0.90016815375294149251297525357652,1,1
2065,7,-2,0.33009170321509885709096063602029,0,0
2066,8,1,0.18993880213941358624693140090782,1,1
2067,9,1,0.9096329999880430445588729306829,1,1
2068,7,-2,0.34902139568530196118275599023306,0,0
2069,8,1,0.22779818707981979443052210933337,1,1
2070,9,1,0.98535176986885546092605434753399,1,1
2071,7,-2,0.50045893544692679391711882393524,0,0
2072,8,1,0.53067326660306945989924777673774,1,1
2073,8,0,0.59110192891535479186350568234273,0,0
2074,8,0,0.7119592535399254557920214935527,0,0
2075,8,0,0.95367390278906678364905311597266,0,0
2076,7,-1,0.43710320128734943936311636081258,1,1
2077,8,1,0.40396179828391475079124285049241,1,1
2078,8,0,0.33767899227704537364749582985208,0,0
2079,8,0,0.20511338026330661936000178857141,0,0
2080,9,1,0.93998215623582911078501370601007,1,1
2081,7,-2,0.40971970818087409363503754088739,0,0
2082,8,1,0.34919481207096405933508521064204,1,1
2083,8,0,0.22814501985114399073518055015133,0,0
2084,9,1,0.98604543541150385353537122916992,1,1
2085,7,-2,0.50184626653222357913575258720709,0,0
2086,8,1,0.53344792877366303033651530328144,1,1
2087,8,0,0.59665125325654193273804073543013,0,0
2088,8,0,0.72305790222229973754109159972752,0,0
2089,8,0,0.9758712001538153471471933283223,0,0
2090,7,-1,0.48149779601684656635939678551185,1,1
2091,8,1,0.49275098774290900478380369989096,1,1
2092,8,0,0.51525737119503388163261752864917,0,0
2093,8,0,0.5602701380992836353302451861656,0,0
2094,8,0,0.65029567190778314272550050119846,0,0
2095,8,0,0.83034673952478215751601113126417,0,0
2096,7,-1,0.1904488747587801870970323913956,1,1
2097,9,2,0.91065314522677624625907491165845,0,0
2098,7,-2,0.35106168616276836458315995218416,0,0
2099,8,1,0.23187876803475260123133003323558,1,1
2100,9,1,0.99351293177872107452767019533842,1,1
2101,7,-2,0.51678125926665802112035051954409,0,0
2102,8,1,0.56331791424253191430571116795542,1,1
2103,8,0,0.6563912241942797006764324647781,0,0
2104,8,0,0.84253784409777527341787505842346,0,0
2105,7,-1,0.21483108390476641890076024571417,1,1
2106,9,2,0.9594175635187487098665306202956,0,0
2107,7,-2,0.44859052274671329179807136945846,0,0
2108,8,1,0.42693644120264245566115286778416,1,1
2109,8,0,0.38362827811450078338731586443558,0,0
2110,8,0,0.29701195193821743883964185773842,0,0
2111,8,0,0.12377929958565074974429384434409,0,0
2112,9,1,0.77731399488051737155359781755544,1,1
2113,7,-2,0.084383385470250615172205763978134,0,0
2114,9,2,0.69852216664971710240942165682352,0,0
2115,8,-1,0.9267997290086500768838534425143,1,1
2116,7,-1,0.38335485372651602583271701389585,1,1
2117,8,1,0.29646510316224792373044415665894,1,1
2118,8,0,0.12268560203371171952589844218514,0,0
2119,9,1,0.77512659977663931111680701323754,1,1
2120,7,-2,0.080008595262494494298624155342331,0,0
2121,9,2,0.68977258623420486066225843955192,0,0
2122,8,-1,0.90930056817762559338952700797108,1,1
2123,7,-1,0.34835653206446705884406414480942,1,1
2124,8,1,0.2264684598381499897531384184861,1,1
2125,9,1,0.98269231538551585157128696583945,1,1
2126,7,-2,0.49514002648024757520758406054616,0,0
2127,8,1,0.52003544866971102248017824995957,1,1
2128,8,0,0.56982629304863791702536662878639,0,0
2129,8,0,0.66940798180649170611574338644003,0,0
2130,8,0,0.86857135932219928429649690174732,0,0
2131,7,-1,0.2668981143536144406580039323619,1,1
2132,8,1,0.063551624416444753381017993591044,1,1
2133,9,1,0.65685864454210537882704611604934,1,1
2134,8,-1,0.84347268479342662971910236096594,1,1
2135,7,-1,0.21670076529606913150321485079913,1,1
2136,9,2,0.96315692630135413507143983046552,0,0
2137,7,-2,0.45606924831192414220788978979829,0,0
2138,8,1,0.44189389233306415648078970846383,1,1
2139,8,0,0.41354318037534418502658954579492,0,0
2140,8,0,0.35684175645990424211818922045709,0,0
2141,8,0,0.24343890862902435630138856978144,0,0
2142,8,0,0.016633212967264584667787268430139,0,0
2143,9,1,0.56302182164374504140058466572753,1,1
2144,8,-1,0.65579903899670595486617946032232,1,1
2145,8,0,0.84135347370262778179736904951189,0,0
2146,7,-1,0.21246234311447143565974822789103,1,1
2147,9,2,0.9546800819381587433845065846493,0,0
2148,7,-2,0.43911555958553335883402329816586,0,0
2149,8,1,0.40798651488028258973305672519898,1,1
2150,8,0,0.34572842546978105153112357926521,0,0
2151,8,0,0.22121224664877797512725728739768,0,0
2152,9,1,0.97217988900677182231952470366261,1,1
2153,7,-2,0.47411517372275951670405953619247,0,0
2154,8,1,0.47798574315473490547312920125219,1,1
2155,8,0,0.48572688201868568301126853137164,0,0
2156,8,0,0.50120915974658723808754719161053,0,0
2157,8,0,0.53217371520239034824010451208831,0,0
2158,8,0,0.59410282611399656854521915304387,0,0
2159,8,0,0.717961047937209009155448434955,0,0
2160,8,0,0.96567749158363389037590699877726,0,0
2161,7,-1,0.46111037887648365281682412642177,1,1
2162,8,1,0.45197615346218317769865838171079,1,1
2163,8,0,0.43370770263358222746232689228883,0,0
2164,8,0,0.39717080097638032698966391344491,0,0
2165,8,0,0.32409699766197652604433795575707,0,0
2166,8,0,0.1779493910331689241536860403814,0,0
2167,9,1,0.88565417777555372037238220963006,1,1
2168,7,-2,0.30106375126032331280977454812737,0,0
2169,8,1,0.13188289822986249768455922512199,1,1
2170,9,1,0.79352119216894086743412857911123,1,1
2171,7,-2,0.11679778004709760693326728708971,0,0
2172,9,2,0.76335095580341108593154470304667,0,0
2173,7,-2,0.056457307316038043928099534960599,0,0
2174,9,2,0.64267001034129195992120919878845,0,0
2175,8,-1,0.81509541639179979190742852644416,1,1
2176,7,-1,0.15994622849281545587986718175557,1,1
2177,9,2,0.8496478526948467838247444923784,0,0
2178,7,-2,0.22905110109890943971449911362405,0,0
2179,9,2,0.98785759790703475149400835611535,0,0
2180,7,-2,0.50547059152328537505302684109795,0,0
2181,8,1,0.54069657875578662217106381106315,1,1
2182,8,0,0.61114855322078911640713775099355,0,0
2183,8,0,0.75205250215079410487928563085435,0,0
2184,7,-1,0.033860400010804081823581390575963,1,1
2185,9,2,0.59747619573082403571217291001918,0,0
2186,8,-1,0.72470778717086394348935594890561,1,1
2187,8,0,0.97917097005094375904372202667848,0,0
2188,7,-1,0.48809733581110339015245418222422,1,1
2189,8,1,0.50595006733142265236991849331569,1,1
2190,8,0,0.54165553037206117680484711549864,0,0
2191,8,0,0.61306645645333822567470435986454,0,0
2192,8,0,0.75588830861589232341441884859634,0,0
2193,7,-1,0.041532012941000518893847826059926,1,1
2194,9,2,0.61281942159121690985270578098711,0,0
2195,8,-1,0.75539423889164969177042169084146,1,1
2196,7,-1,0.040543873492515255605853510550183,1,1
2197,9,2,0.61084314269424638327671714996762,0,0
2198,8,-1,0.75144168109770863861844442880249,1,1
2199,7,-1,0.032638757904633149301898986472239,1,1
2200,9,2,0.59503291151848217066880810181173,0,0
2201,8,-1,0.71982121874618021340262633249072,1,1
2202,8,0,0.96939783320157629887026279384869,0,0
2203,7,-1,0.46855106211236846980553571656463,1,1
2204,8,1,0.46685751993395281167608156199651,1,1
2205,8,0,0.46347043557712149541717325286027,0,0
2206,8,0,0.45669626686345886289935663458778,0,0
2207,8,0,0.44314792943613359786372339804282,0,0
2208,8,0,0.4160512545814830677924569249529,0,0
2209,8,0,0.36185790487218200764992397877305,0,0
2210,8,0,0.25347120545357988736485808641336,0,0
2211,8,0,0.036697806616375646794726301693978,0,0
2212,9,1,0.60315100894196716565446273225521,1,1
2213,8,-1,0.73605741359315020337393559337767,1,1
2214,7,-1,0.0018702228955162788128813156226003,1,1
2215,9,2,0.53349584150024842969077276011245,0,0
2216,8,-1,0.59674707870971273144655564909216,1,1
2217,8,0,0.72324955312864133495812142705158,0,0
2218,8,0,0.97625450196649854198125298297041,0,0
2219,7,-1,0.48226439964221295602751609480808,1,1
2220,8,1,0.49428419499364178412004231848341,1,1
2221,8,0,0.51832378569649944030509476583406,0,0
2222,8,0,0.56640296710221475267519966053538,0,0
2223,8,0,0.66256132991364537741540944993802,0,0
2224,8,0,0.85487805553650662689582902874329,0,0
2225,7,-1,0.23951150678222912585666818635384,1,1
2226,8,1,0.0087784092736741237783465015749334,1,1
2227,9,1,0.54731221425656411962170313201712,1,1
2228,8,-1,0.62437982422234411130841639290149,1,1
2229,8,0,0.77851504415390409468184291467024,0,0
2230,7,-1,0.08678548401702406142869595820774,1,1
2231,9,2,0.70332636374326399492240204528273,0,0
2232,8,-1,0.93640812319574386190981421943272,1,1
2233,7,-1,0.4025716421007035958846385677327,1,1
2234,8,1,0.33489867991062306383428726433265,1,1
2235,8,0,0.19955275553046199973358465753256,0,0
2236,9,1,0.92886090677013987153217944393237,1,1
2237,7,-2,0.38747720924949561512936901673199,0,0
2238,8,1,0.30470981420820710232374816233123,1,1
2239,8,0,0.13917502412563007671250645352972,0,0
2240,9,1,0.80810544396047602549002303592669,1,1
2241,7,-2,0.14596628363016792304505620072063,0,0
2242,9,2,0.82168796296955171815512253030851,0,0
2243,7,-2,0.17313132164831930837525518948428,0,0
2244,9,2,0.87601803900585448881552050783581,0,0
2245,7,-2,0.28179147372092484969605114453887,0,0
2246,8,1,0.093338343151065571457112417944984,1,1
2247,9,1,0.71643208201134701497923496475722,1,1
2248,8,-1,0.9626195597319099020234800583817,1,1
2249,7,-1,0.45499451517303567611197024563065,1,1
2250,8,1,0.43974442605528722428895062012856,1,1
2251,8,0,0.40924424781979032064291136912437,0,0
2252,8,0,0.34824389134879651335083286711599,0,0
2253,8,0,0.22624317840680889876667586309924,0,0
2254,9,1,0.98224175252283366959836185506573,1,1
2255,7,-2,0.49423890075488321126173383899872,0,0
2256,8,1,0.51823319721898229458847780686469,1,1
2257,8,0,0.56622179014718046124196574259663,0,0
2258,8,0,0.66219897600357679454894161406052,0,0
2259,8,0,0.8541533477163694611628933569883,0,0
2260,7,-1,0.23806209114195479439079684284385,1,1
2261,8,1,0.0058795779931254608466038145549498,1,1
2262,9,1,0.54151455169546679375821775797715,1,1
2263,8,-1,0.61278449910014945958144564482156,1,1
2264,8,0,0.75532439390951479122790141851037,0,0
2265,7,-1,0.040404183528245454520812965888003,1,1
2266,9,2,0.61056376276570678110663606064326,0,0
2267,8,-1,0.75088292124062943427828225015377,1,1
2268,7,-1,0.031521238190474740621574629174804,1,1
2269,9,2,0.59279787209016535330815938721686,0,0
2270,8,-1,0.71535113988954657868132890330098,1,1
2271,8,0,0.96045767548830902942766793546921,0,0
2272,7,-1,0.45067074668583393092034599980566,1,1
2273,8,1,0.43109688908088373390570212847858,1,1
2274,8,0,0.39194917387098333987641438582442,0,0
2275,8,0,0.31365374345118255181783890051609,0,0
2276,8,0,0.15706288261158097570068792989944,0,0
2277,9,1,0.84388116093237782346638598866613,1,1
2278,7,-2,0.21751771757397151899778210619951,0,0
2279,9,2,0.96479083085715891006057434126627,0,0
2280,7,-2,0.45933705742353369218615881139979,0,0
2281,8,1,0.44842951055628325643732775166684,1,1
2282,8,0,0.42661441682178238493966563220093,0,0
2283,8,0,0.3829842293527806419443413932691,0,0
2284,8,0,0.29572385441477715595369291540546,0,0
2285,8,0,0.12120310453877018397239595967818,0,0
2286,9,1,0.77216160478675624000980204822361,1,1
2287,7,-2,0.074078605282728352084614225314471,0,0
2288,9,2,0.6779126062746725762342385794962,0,0
2289,8,-1,0.88558060825856102453348728785964,1,1
2290,7,-1,0.30091661222633792113198470458654,1,1
2291,8,1,0.13158862016189171432897953804034,1,1
2292,9,1,0.79293263603299930072296920494793,1,1
2293,7,-2,0.11562066777521447351094853876312,0,0
2294,9,2,0.76099673125964481908690720639349,0,0
2295,7,-2,0.051748858228505510238824541654232,0,0
2296,9,2,0.63325311216622689254265921217572,0,0
2297,8,-1,0.79626162004166965715032855321869,1,1
2298,7,-1,0.12227863579255518636566723530463,1,1
2299,9,2,0.77431266729432624479634459947651,0,0
2300,7,-2,0.078380730297868361657699327820274,0,0
2301,9,2,0.6865168563049525953804087845078,0,0
2302,8,-1,0.90278910831912106282582769788286,1,1
2303,7,-1,0.33533361234745799771666552463297,1,1
2304,8,1,0.20042262040413186749834117813319,1,1
2305,9,1,0.93060063651747960706169248513364,1,1
2306,7,-2,0.39095666874417508618839509913453,0,0
2307,8,1,0.31166873319756604444180032713632,1,1
2308,8,0,0.15309286210434796094861078313988,0,0
2309,9,1,0.83594111991791179396223169514702,1,1
2310,7,-2,0.2016376355450394599894735191613,0,0
2311,9,2,0.93303066679929479204395716718985,0,0
2312,7,-2,0.39581672930780545615292446324696,0,0
2313,8,1,0.32138885432482678437085905536117,1,1
2314,8,0,0.1725331043588694408067282395896,0,0
2315,9,1,0.87482160442695475367846660804646,1,1
2316,7,-2,0.27939860456312537942194334496018,0,0
2317,8,1,0.088552604835466630908896818787605,1,1
2318,9,1,0.70686060538014913388280376644246,1,1
2319,8,-1,0.94347660646951413983061766175218,1,1
2320,7,-1,0.41670860864824415172624545237162,1,1
2321,8,1,0.36317261300570417551750103361049,1,1
2322,8,0,0.25610062172062422310001219608823,0,0
2323,8,0,0.041956639150464318265034521043722,0,0
2324,9,1,0.6136686740101445085950791709547,1,1
2325,8,-1,0.75709274372950488925516847077665,1,1
2326,7,-1,0.043940883168225650575347070420555,1,1
2327,9,2,0.61763716204566717321570426970836,0,0
2328,8,-1,0.76502971980055021849641866828398,1,1
2329,7,-1,0.059814835310316309057847465435219,1,1
2330,9,2,0.64938506632984849018070505973769,0,0
2331,8,-1,0.82852552836891285242642024834264,1,1
2332,7,-1,0.18680645244704157691785062555253,1,1
2333,9,2,0.9033683006032990259007113799723,0,0
2334,7,-2,0.33649199691581392386643288881186,0,0
2335,8,1,0.20273938954084371979787590649098,1,1
2336,9,1,0.93523417479090331166076194184921,1,1
2337,7,-2,0.40022374529102249538653401256567,0,0
2338,8,1,0.3302028862912608628380781539986,1,1
2339,8,0,0.19016116829173759774116643686445,0,0
2340,9,1,0.91007773229269106754734300259616,1,1
2341,7,-2,0.34991086029459800715969613405958,0,0
2342,8,1,0.22957711629841188638440239698641,1,1
2343,9,1,0.98890962830603964483381492284007,1,1
2344,7,-2,0.50757465232129516173263997454739,0,0
2345,8,1,0.54490470035180619553029007796203,1,1
2346,8,0,0.61956479641282826312559028479132,0,0
2347,8,0,0.7688849885348723983161906984499,0,0
2348,7,-1,0.067525372778960668697391525767045,1,1
2349,9,2,0.66480614126713720945979318040134,0,0
2350,8,-1,0.85936767824349029098459648966994,1,1
2351,7,-1,0.24849075219619645403420310820714,1,1
2352,8,1,0.02673690010160878013341634528153,1,1
2353,9,1,0.58322919591243343233184281943031,1,1
2354,8,-1,0.69621378753408273672869576772788,1,1
2355,8,0,0.92218297077738134552240166432302,0,0
2356,7,-1,0.37412133726397856310981345751329,1,1
2357,8,1,0.27799807023717299828463704389384,1,1
2358,8,0,0.085751536183561868634284216654926,0,0
2359,9,1,0.70125846807633960933357856217711,1,1
2360,8,-1,0.93227233186189509073216725322147,1,1
2361,7,-1,0.39430005943300605352934463531019,1,1
2362,8,1,0.31835551457522797912369939948763,1,1
2363,8,0,0.16646642485967183031240892784251,0,0
2364,9,1,0.86268824542855953268982798455227,1,1
2365,7,-2,0.25513188656633493744466609797179,0,0
2366,8,1,0.040019168841885746954342324810843,1,1
2367,9,1,0.60979373339298736597369477848894,1,1
2368,8,-1,0.74934286249519060401239968584513,1,1
2369,7,-1,0.028441120699597080089809500557521,1,1
2370,9,2,0.5866376371084100322446291299823,0,0
2371,8,-1,0.70303066992603593655426838883185,1,1
2372,8,0,0.93581673556128774517354690653094,0,0
2373,7,-1,0.40138886683179136241210394192914,1,1
2374,8,1,0.33253312937279859688921801272554,1,1
2375,8,0,0.19482165445481306584344615431833,0,0
2376,9,1,0.91939870461884200375190243750391,1,1
2377,7,-2,0.36855280494689987956881500387507,0,0
2378,8,1,0.26686100560301563120264013661739,1,1
2379,8,0,0.063477406915247134470290402102026,0,0
2380,9,1,0.65671020953971014100559093307131,1,1
2381,8,-1,0.84317581478863615407619199500987,1,1
2382,7,-1,0.21610702528648818021739411888699,1,1
2383,9,2,0.96196944628219223249979836664123,0,0
2384,7,-2,0.45369428827360033706460686214971,0,0
2385,8,1,0.43714397225641654619422385316668,1,1
2386,8,0,0.40404334022204896445345783520061,0,0
2387,8,0,0.33784207615331380097192579926848,0,0
2388,8,0,0.20543954801584347400886172740421,0,0
2389,9,1,0.94063449174090282008273358367566,1,1
2390,7,-2,0.41102437919102151223047729621858,0,0
2391,8,1,0.35180415409125889652596472130442,1,1
2392,8,0,0.23336370389173366511693957147609,0,0
2393,9,1,0.99648280349268320229888927181944,1,1
2394,7,-2,0.52272100269458227666278867250614,0,0
2395,8,1,0.57519740109838042539058747387952,1,1
2396,8,0,0.6801501979059767228461850766263,0,0
2397,8,0,0.89005579152116931775738028211986,0,0
2398,7,-1,0.30986697875155450757977069310697,1,1
2399,8,1,0.1494893532123248872245515150812,1,1
2400,9,1,0.82873410213386564651411315902966,1,1
2401,7,-2,0.18722359997694716509323644692657,0,0
2402,9,2,0.90420259566311020225148302272039,0,0
2403,7,-2,0.33816058703543627656797617430803,0,0
2404,8,1,0.20607656978008842520096247748331,1,1
2405,9,1,0.94190853526939272246693508383387,1,1
2406,7,-2,0.413572466248001316998880296535,0,0
2407,8,1,0.35690032820521850606277072193725,1,1
2408,8,0,0.24355605211965288419055157274176,0,0
2409,8,0,0.016867499948521640446113274350767,0,0
2410,9,1,0.56349039560625915295723667756879,1,1
2411,8,-1,0.65673618692173417797948348400483,1,1
2412,8,0,0.84322776955268422802397709687691,0,0
2413,7,-1,0.21621093481458432811296432262108,1,1
2414,9,2,0.96217726533838452829093877410941,0,0
2415,7,-2,0.45410992638598492864688767708608,0,0
2416,8,1,0.4379752484811857293587854830394,1,1
2417,8,0,0.40570589267158733078258109494606,0,0
2418,8,0,0.34116718105239053363017231875938,0,0
2419,8,0,0.21208975781399693932535476638601,0,0
2420,9,1,0.95393491133720975071571966163928,1,1
2421,7,-2,0.43762521838363537349644945214581,0,0
2422,8,1,0.40500583247648661905790903315887,1,1
2423,8,0,0.339767060662189110180828195185,0,0
2424,8,0,0.20928951703359409242666651923725,0,0
2425,9,1,0.94833442977640405691834316734175,1,1
2426,7,-2,0.42642425526202398590169646355076,0,0
2427,8,1,0.38260390623326384386840305596878,1,1
2428,8,0,0.29496320817574355980181624080481,0,0
2429,8,0,0.11968181206070299166864261047688,0,0
2430,9,1,0.76911901983062185540229534982102,1,1
2431,7,-2,0.06799343537045958286960082850929,0,0
2432,9,2,0.66574226645013503780421178588583,0,0
2433,8,-1,0.86123992860948594767343370063892,1,1
2434,7,-1,0.2522352529281877674118775301451,1,1
2435,8,1,0.034225901565591406888765189157447,1,1
2436,9,1,0.59820719884039868584254050718215,1,1
2437,8,-1,0.72616979339001324375009114323155,1,1
2438,8,0,0.98209498248924235956519241533035,0,0
2439,7,-1,0.49394536068770059119539495952795,1,1
2440,8,1,0.51764611708461705445580004792316,1,1
2441,8,0,0.56504762987844998097661022471358,0,0
2442,8,0,0.65985065546611583401823057829441,0,0
2443,8,0,0.84945670664144754010147128545607,0,0
2444,7,-1,0.2286688089921109522679526997794,1,1
2445,9,2,0.98709301369343777660091552842605,0,0
2446,7,-2,0.50394142309609142526684118571935,0,0
2447,8,1,0.53763824190139872259869250030594,1,1
2448,8,0,0.60503187951201331726239512947914,0,0
2449,8,0,0.73981915473324250658980038782554,0,0
2450,7,-1,0.0093937051757008852446109045183324,1,1
2451,9,2,0.54854280606061764255423193790392,0,0
2452,8,-1,0.62684100783045115717347400467509,1,1
2453,8,0,0.78343741137011818641195813821744,0,0
2454,7,-1,0.096630218449452244888926405302125,1,1
2455,9,2,0.7230158326081203618428629394715,0,0
2456,8,-1,0.97578706092545659575073600781026,1,1
2457,7,-1,0.48132951756012906356648214448777,1,1
2458,8,1,0.4924144308294739991979744178428,1,1
2459,8,0,0.51458425736816387046095896455285,0,0
2460,8,0,0.55892391044554361298692805797296,0,0
2461,8,0,0.64760321660030309803886624481317,0,0
2462,8,0,0.82496182890982206814274261849359,0,0
2463,7,-1,0.17967905352886000835049536585443,1,1
2464,9,2,0.88911350276693588876600086057612,0,0
2465,7,-2,0.3079824012430876495970118500195,0,0
2466,8,1,0.14572019819539117125903382890625,1,1
2467,9,1,0.82119579209999821458307778667976,1,1
2468,7,-2,0.17214697990921230123116570222677,0,0
2469,9,2,0.87404935552764047452734153332079,0,0
2470,7,-2,0.27785410676449682111969319550883,0,0
2471,8,1,0.085463609238209514304396519884924,1,1
2472,9,1,0.7006826141856349006738031686371,1,1
2473,8,-1,0.93112062408048567341261646614146,1,1
2474,7,-1,0.39199664387018721889024306115016,1,1
2475,8,1,0.31374868344959030984549625116758,1,1
2476,8,0,0.15725276260839649175600263120242,0,0
2477,9,1,0.8442609209260088555770153912721,1,1
2478,7,-2,0.21827723756123358321904091141144,0,0
2479,9,2,0.96630987083168303850309195169014,0,0
2480,7,-2,0.46237513737258194907119403224754,0,0
2481,8,1,0.45450567045437977020739819336233,1,1
2482,8,0,0.43876673661797541247980651559191,0,0
2483,8,0,0.40728886894516669702462316005107,0,0
2484,8,0,0.3443331335995492661142564489694,0,0
2485,8,0,0.21842166290831440429352302680605,0,0
2486,9,1,0.96659872152584468065205618247934,1,1
2487,7,-2,0.46295283876090523336912249382594,0,0
2488,8,1,0.45566107323102633880325511651914,1,1
2489,8,0,0.44107754217126854967152036190553,0,0
2490,8,0,0.41191048005175297140805085267831,0,0
2491,8,0,0.35357635581272181488111183422388,0,0
2492,8,0,0.23690810733465950182723379731501,0,0
2493,8,0,0.0035716103785348757194777234972799,0,0
2494,9,1,0.53689861646628562350396557586181,1,1
2495,8,-1,0.60355262864178711907294128059088,1,1
2496,8,0,0.73686065299279011021089269004902,0,0
2497,7,-1,0.003476701694796092486795508965284,1,1
2498,9,2,0.53670879909880805703860114679782,0,0
2499,8,-1,0.6031729939068319861422124224629,1,1
2500,8,0,0.73610138352287984434943497379305,0,0
2501,7,-1,0.0019581627549755607638800764533501,1,1
2502,9,2,0.53367172121916699359277028177395,0,0
2503,8,-1,0.59709883814754985925055069241516,1,1
2504,8,0,0.72395307200431559056611151369758,0,0
2505,8,0,0.97766153971784705319723315626241,0,0
2506,7,-1,0.48507847514490997845947644139207,1,1
2507,8,1,0.49991234599903582898396301165139,1,1
2508,8,0,0.52958008770728753003293615217003,0,0
2509,8,0,0.58891557112379093213088243320732,0,0
2510,8,0,0.7075865379567977363267749952819,0,0
2511,8,0,0.94492847162281134471856011943105,0,0
2512,7,-1,0.41961233895483856150213036772936,1,1
2513,8,1,0.36898007361889299506927086432597,1,1
2514,8,0,0.26771554294700186220355185751919,0,0
2515,8,0,0.065186481603219596472113843905635,0,0
2516,9,1,0.66012835891565506500923781667852,1,1
2517,8,-1,0.8500121135405260020834857622243,1,1
2518,7,-1,0.22977962279026787623198165331586,1,1
2519,9,2,0.98931464128975162452897343549897,0,0
2520,7,-2,0.50838467828871912112295699986519,0,0
2521,8,1,0.54652475228665411431092412859764,1,1
2522,8,0,0.62280490028252410068685838606254,0,0
2523,8,0,0.77536519627426407343872690099234,0,0
2524,7,-1,0.080485788257744018942463930851924,1,1
2525,9,2,0.6907269722247039099499379905711,0,0
2526,8,-1,0.91120934015862369196488611000946,1,1
2527,7,-1,0.35217407602646325599478234888617,1,1
2528,8,1,0.23410354776214238405457482663959,1,1
2529,9,1,0.99796249123350064017415978214643,1,1
2530,7,-2,0.52568037817621715241332969316011,0,0
2531,8,1,0.58111615206165017689166951518747,1,1
2532,8,0,0.6919876998325162258483491592422,0,0
2533,8,0,0.91373079537424832376170844735165,0,0
2534,7,-1,0.35721698645771251958842702357056,1,1
2535,8,1,0.24418936862464091124186417600838,1,1
2536,8,0,0.018134132958497694548738480884004,0,0
2537,9,1,0.56602366162621126116248709063526,1,1
2538,8,-1,0.66180271896163839438998431013778,1,1
2539,8,0,0.85336083363249266084497874914281,0,0
2540,7,-1,0.23647706297420119375496762715287,1,1
2541,8,1,0.0027095216576182595749453831730014,1,1
2542,9,1,0.53517443902445239121490089521326,1,1
2543,8,-1,0.60010427375812065449481191929377,1,1
2544,8,0,0.72996394322545718105463396745479,0,0
2545,8,0,0.98968328216013023417427806377683,0,0
2546,7,-1,0.50912196002947634041356625642091,1,1
2547,8,1,0.54799931576816855289214264170907,1,1
2548,8,0,0.6257540272455529778492954122854,0,0
2549,8,0,0.78126345020032182776360095343806,0,0
2550,7,-1,0.092282296109859527592212035743367,1,1
2551,9,2,0.71431998792893492724943420035399,0,0
2552,8,-1,0.95839537156708572656387852957523,1,1
2553,7,-1,0.44654613884338732519276718801771,1,1
2554,8,1,0.42284767339599052245054450490267,1,1
2555,8,0,0.3754507425011969169660991386726,0,0
2556,8,0,0.28065688071160970599720840621246,0,0
2557,8,0,0.091069157132435284059426941292165,0,0
2558,9,1,0.71189370997408644018386401145158,1,1
2559,8,-1,0.95354281565738875243273815177042,1,1
2560,7,-1,0.4368410270239933769304864324081,1,1
2561,8,1,0.40343744975720262592598299368345,1,1
2562,8,0,0.33663029522362112391697611623415,0,0
2563,8,0,0.20301598615645811989896236133556,0,0
2564,9,1,0.93578736802213211186293485153837,1,1
2565,7,-2,0.40133013175348009579087983194399,0,0
2566,8,1,0.33241565921617606364676979275522,1,1
2567,8,0,0.1945867141415679993585497143777,0,0
2568,9,1,0.91892882399235187078210955762266,1,1
2569,7,-2,0.36761304369391961362922924411257,0,0
2570,8,1,0.26498148309705509932346861709239,1,1
2571,8,0,0.059718361903326070711947363052031,0,0
2572,9,1,0.64919211951586801348890485497131,1,1
2573,8,-1,0.82813963474095189904281983880988,1,1
2574,7,-1,0.18603466519111967015064980648702,1,1
2575,9,2,0.9018247260914552123663097418413,0,0
2576,7,-2,0.33340484789212629679762961254984,0,0
2577,8,1,0.19656509149346846566026935396694,1,1
2578,9,1,0.92288557869615280338554883680114,1,1
2579,7,-2,0.37552655310152147883610780246953,0,0
2580,8,1,0.28080850191225882973722573380632,1,1
2581,8,0,0.0913723995337335315394615964799,0,0
2582,9,1,0.71250019477668293514393332182705,1,1
2583,8,-1,0.95475578526258174235287677252136,1,1
2584,7,-1,0.43926696623437935677076367390997,1,1
2585,8,1,0.4082893281779745856065374766872,1,1
2586,8,0,0.34633405206516504327808508224166,0,0
2587,8,0,0.22242349983954595862118029335057,0,0
2588,9,1,0.9746023953883077893073707155684,1,1
2589,7,-2,0.47896018648583145067975156000406,0,0
2590,8,1,0.48767576868087877342451324887537,1,1
2591,8,0,0.505106933070973418914036626618,0,0
2592,8,0,0.53996926185116270989308338210326,0,0
2593,8,0,0.60969391941154129185117689307377,0,0
2594,8,0,0.74914323453229845576736391501479,0,0
2595,7,-1,0.028041864773812783599737958896836,1,1
2596,9,2,0.58583912525684143926448604666093,0,0
2597,8,-1,0.70143364622289875059398222218911,1,1
2598,8,0,0.93262268815501337325297457324546,0,0
2599,7,-1,0.39500077201924261857095927535818,1,1
2600,8,1,0.31975693974770110920692867958362,1,1
2601,8,0,0.1692692752046180904788674880345,0,0
2602,9,1,0.86829394611845205302274510493625,1,1
2603,7,-2,0.26634328794611997811050033873974,0,0
2604,8,1,0.062441971601455828286010806346742,1,1
2605,9,1,0.65463933891212752863703174156074,1,1
2606,8,-1,0.83903407353347092933907361198873,1,1
2607,7,-1,0.20782354277615773074315735284471,1,1
2608,9,2,0.94540248126153133355132483455668,0,0
2609,7,-2,0.42056035823227853916765979798062,0,0
2610,8,1,0.37087611217377295040032972482849,1,1
2611,8,0,0.27150762005676177286566957852424,0,0
2612,8,0,0.072770635822739417796349285915738,0,0
2613,9,1,0.67529666735469470765770870069873,1,1
2614,8,-1,0.88034873041860528738042753026471,1,1
2615,7,-1,0.29045285654642644682586518939668,1,1
2616,8,1,0.11066110880206876571674050766061,1,1
2617,9,1,0.75107761331335340349849114418848,1,1
2618,7,-2,0.031910622335922679061992417244207,0,0
2619,9,2,0.59357664038106123018899496335567,0,0
2620,8,-1,0.71690867647133833244300005557859,1,1
2621,8,0,0.96357274865189253695101024002443,0,0
2622,7,-1,0.45690089301300094596703060891611,1,1
2623,8,1,0.44355718173521776399907134669948,1,1
2624,8,0,0.41686975917965140006315282226621,0,0
2625,8,0,0.36349491406851867219131577339968,0,0
2626,8,0,0.25674522384625321644764167566661,0,0
2627,8,0,0.043245843401722304960293480200474,0,0
2628,9,1,0.6162470825126604819855970892682,1,1
2629,8,-1,0.76224956073453683603620430740366,1,1
2630,7,-1,0.054254517178289544137418743674571,1,1
2631,9,2,0.6382644300657949603398476162164,0,0
2632,8,-1,0.80628425584080579274470536130005,1,1
2633,7,-1,0.14232390739082745755442085146734,1,1
2634,9,2,0.81440321049087078717385183180194,0,0
2635,7,-2,0.15856181669095744641271379247114,0,0
2636,9,2,0.84687902909113076489043771380953,0,0
2637,7,-2,0.22351345389147740184588555648632,0,0
2638,9,2,0.97678230349217067575678124183988,0,0
2639,7,-2,0.48332000269355722357857261254702,0,0
2640,8,1,0.4963954010963303192221553539613,1,1
2641,8,0,0.52254619790187651050932083678986,0,0
2642,8,0,0.57484779151296889308365180244697,0,0
2643,8,0,0.67945097873515365823231373376119,0,0
2644,8,0,0.88865735317952318852963759638962,0,0
2645,7,-1,0.3070701020682622491242853216465,1,1
2646,8,1,0.14389559984574037031358077216026,1,1
2647,9,1,0.81754659540069661269217167318777,1,1
2648,7,-2,0.16484858651060909744935347524279,0,0
2649,9,2,0.85945256873043406696371707935283,0,0
2650,7,-2,0.24866053317008400599244428757291,0,0
2651,8,1,0.027076462049383884049898704013075,1,1
2652,9,1,0.5839083198079836401648075368934,1,1
2653,8,-1,0.69757203532518315239462520265406,1,1
2654,8,0,0.92489946635958217685426053417537,0,0
2655,7,-1,0.379554328428380225773531197218,1,1
2656,8,1,0.28886405256597632361207252330325,1,1
2657,8,0,0.10748350084116851928915517547376,0,0
2658,9,1,0.74472239739155291064332047981478,1,1
2659,7,-2,0.019200190492321693351651088496806,0,0
2660,9,2,0.56815577669385925876831230586087,0,0
2661,8,-1,0.66606694909693438960163474058898,1,1
2662,8,0,0.86188929390308465126827961004522,0,0
2663,7,-1,0.2535339835153851746015693489577,1,1
2664,8,1,0.036823362739986221268148826782656,1,1
2665,9,1,0.60340212118918831460130778243256,1,1
2666,8,-1,0.73655963808759250126762569373238,1,1
2667,7,-1,0.0028746718844008746002615163320207,1,1
2668,9,2,0.5355047394780176212655331615313,0,0
2669,8,-1,0.60076487466525111459607645192984,1,1
2670,8,0,0.73128514503971810125716303272694,0,0
2671,8,0,0.99232568578865207457933619432114,0,0
2672,7,-1,0.51440676728652002122368251750953,1,1
2673,8,1,0.55856893028225591451237516388631,1,1
2674,8,0,0.64689325627372770108976045663987,0,0
2675,8,0,0.823541908256671274244531042147,0,0
2676,7,-1,0.17683921222255842055407221316125,1,1
2677,9,2,0.88343382015433271317315455518975,0,0
2678,7,-2,0.29662303601788129841131923924675,0,0
2679,8,1,0.12300146774497846888764860736076,1,1
2680,9,1,0.77575833119917280984030734358877,1,1
2681,7,-2,0.081272058107561491745624816044787,0,0
2682,9,2,0.69229951192433885555625976095683,0,0
2683,8,-1,0.91435441955789358317752965078091,1,1
2684,7,-1,0.35846423482500303842006943042907,1,1
2685,8,1,0.2466838653592219489051489897254,1,1
2686,8,0,0.023123126427659769875308108318054,0,0
2687,9,1,0.57600164856453541181562634550336,1,1
2688,8,-1,0.68175869283828669569626281987398,1,1
2689,8,0,0.8932727813857892634575357686152,0,0
2690,7,-1,0.31630095848079439898008166609766,1,1
2691,8,1,0.16235731267080467002517346106258,1,1
2692,9,1,0.85447002105082521211535705099241,1,1
2693,7,-2,0.23869543781086629629572423085208,0,0
2694,8,1,0.0071462713309484646564585905714073,1,1
2695,9,1,0.54404793837111280137792731001007,1,1
2696,8,-1,0.61785127245144147482086474888739,1,1
2697,8,0,0.76545794061209882170673962664203,0,0
2698,7,-1,0.060671276933413515478489382151323,1,1
2699,9,2,0.6510979495760429030219888931699,0,0
2700,8,-1,0.83195129486130167810898791520705,1,1
2701,7,-1,0.19365798543181922828298595928136,1,1
2702,9,2,0.91707136657285432863098204742998,0,0
2703,7,-2,0.36389812885492452932697422372721,0,0
2704,8,1,0.25755165341906493071895857632166,1,1
2705,8,0,0.044858702547345733502927281510583,0,0
2706,9,1,0.61947280080390733907086469188842,1,1
2707,8,-1,0.76870099731703055020673951264409,1,1
2708,7,-1,0.067157390343276972478489154155437,1,1
2709,9,2,0.66407017639576981702198843717813,0,0
2710,8,-1,0.85789574850075550610898700322351,1,1
2711,7,-1,0.24554689271072688428298413531427,1,1
2712,8,1,0.020849181130669640630978399495802,1,1
2713,9,1,0.57145375797055515332696692785886,1,1
2714,8,-1,0.67266291165032617871894398458497,1,1
2715,8,0,0.87508121900986822950289809803719,0,0
2716,7,-1,0.27991783372895233107080632494164,1,1
2717,8,1,0.089591063167120534206622778750529,1,1
2718,9,1,0.70893752204345694047825568636831,1,1
2719,8,-1,0.94763043979612975302152150160388,1,1
2720,7,-1,0.42501627530147537810805313207501,1,1
2721,8,1,0.37978794631216662828111639301727,1,1
2722,8,0,0.2893312883335491286272429149018,0,0
2723,8,0,0.10841797237631412931949595867085,0,0
2724,9,1,0.74659134046184413070400204620895,1,1
2725,7,-2,0.02293807663290413347301422128515,0,0
2726,9,2,0.57563154897502413901103857143755,0,0
2727,8,-1,0.68101849365926415008708727174236,1,1
2728,8,0,0.89179238302774417223918467235197,0,0
2729,7,-1,0.3133401617647042165433794735712,1,1
2730,8,1,0.15643571923862430515176907600966,1,1
2731,9,1,0.84262683418646448236854828088657,1,1
2732,7,-2,0.2150090640821448368021066906404,0,0
2733,9,2,0.95977352387350554566922351014806,0,0
2734,7,-2,0.44930244345622696340345714916337,0,0
2735,8,1,0.428360282621669798871924427194,1,1
2736,8,0,0.38647596095255546980885898325526,0,0
2737,8,0,0.30270731761432681168272809537777,0,0
2738,8,0,0.13517003093786949543046631962279,0,0
2739,9,1,0.80009545758495486292594276811283,1,1
2740,7,-2,0.12994631087912559791689566509292,0,0
2741,9,2,0.78964801746746706789880145905308,0,0
2742,7,-2,0.10905143064415000786261304697342,0,0
2743,9,2,0.7478582569975158877902362228141,0,0
2744,7,-2,0.025471909704247647645482574495454,0,0
2745,9,2,0.58069921511771116735597527785816,0,0
2746,8,-1,0.69115382594463820677696068458358,1,1
2747,8,0,0.91206304759849228561893149803441,0,0
2748,7,-1,0.35388149090620044330287312493607,1,1
2749,8,1,0.23751837752161675867075637873939,1,1
2750,8,0,0.0047921507524493894065228863460389,0,0
2751,9,1,0.53933969721411465087805590155933,1,1
2752,8,-1,0.60843479013744517382112193198592,1,1
2753,8,0,0.74662497598410621970725399283909,0,0
2754,7,-1,0.023005347677428311479518114545428,1,1
2755,9,2,0.57576609106407249502404635795811,0,0
2756,8,-1,0.68128757783736086211310284478347,1,1
2757,8,0,0.8923305513839375962912158184342,0,0
2758,7,-1,0.31441649847709106464744176573565,1,1
2759,8,1,0.15858839266339800135989366033856,1,1
2760,9,1,0.84693218103601187478479744954437,1,1
2761,7,-2,0.22361975778123962163460502795599,0,0
2762,9,2,0.97699491127169511533422018477923,0,0
2763,7,-2,0.48374521825260610273345049842571,0,0
2764,8,1,0.49724583221442807753191112571868,1,1
2765,8,0,0.52424706013807202712883238030462,0,0
2766,8,0,0.57824951598535992632267488947648,0,0
2767,8,0,0.68625442767993572471035990782022,0,0
2768,8,0,0.9022642510690873214857299445077,0,0
2769,7,-1,0.33428389784739051503647001788265,1,1
2770,8,1,0.19832319140399690213795016463255,1,1
2771,9,1,0.92640177851720967634091045813235,1,1
2772,7,-2,0.38255895274363522474683104513196,0,0
2773,8,1,0.29487330119648632155867221913117,1,1
2774,8,0,0.11950199810218851518235456712959,0,0
2775,9,1,0.76875939191359290242971926312643,1,1
2776,7,-2,0.067274179536401676924448655120115,0,0
2777,9,2,0.66430375478201922591390743910748,0,0
2778,8,-1,0.85836290527325432389282500708222,1,1
2779,7,-1,0.2464812062557245198506601430317,1,1
2780,8,1,0.022717808220664911766330414930651,1,1
2781,9,1,0.57519101215054569559767095872856,1,1
2782,8,-1,0.68013742001030726326035204632436,1,1
2783,8,0,0.89003023572983039858571422151598,0,0
2784,7,-1,0.30981586716887666923643857189922,1,1
2785,8,1,0.14938713004696921053788727266569,1,1
2786,9,1,0.82852965580315429314078467419864,1,1
2787,7,-2,0.18681470731552445834657947726453,0,0
2788,9,2,0.90338481034026478875816908339631,0,0
2789,7,-2,0.33652501638974544958134829565987,0,0
2790,8,1,0.20280542848870677122770672018699,1,1
2791,9,1,0.93536625268662941452042356924123,1,1
2792,7,-2,0.40048790108247470110585726734972,0,0
2793,8,1,0.33073119787416527427672466356668,1,1
2794,8,0,0.19121779145754642061845945600062,0,0
2795,9,1,0.9121909786243087133019290408685,1,1
2796,7,-2,0.35413735295783329866886821060425,0,0
2797,8,1,0.23803010162488246940274655007575,1,1
2798,8,0,0.0058155989589808108705032290187502,0,0
2799,9,1,0.54138659362717749380601658690475,1,1
2800,8,-1,0.61252858296357085967704330267676,1,1
2801,8,0,0.75481256163635759141909673422078,0,0
2802,7,-1,0.039380518981931054903203597308809,1,1
2803,9,2,0.60851643367307798187141732348487,0,0
2804,8,-1,0.746788263055371835807844775837,1,1
2805,7,-1,0.023331921819959543680699680541247,1,1
2806,9,2,0.57641923934913495942640948994975,0,0
2807,8,-1,0.68259387440748579091782910876675,1,1
2808,8,0,0.89494314452418745390066834640075,0,0
2809,7,-1,0.31964168475759077986634682166876,1,1
2810,8,1,0.16903876522439743179770377220478,1,1
2811,9,1,0.86783292615801073566041767327681,1,1
2812,7,-2,0.26542124802523734338584547542088,0,0
2813,8,1,0.060597891759690558836701079709009,1,1
2814,9,1,0.65095117922859698973841228828527,1,1
2815,8,-1,0.8316577541664098515418347054378,1,1
2816,7,-1,0.19307090404203557514867953974285,1,1
2817,9,2,0.91589720379328702236236920835295,0,0
2818,7,-2,0.36154980329578991678974854557315,0,0
2819,8,1,0.25285500230079570564450722001356,1,1
2820,8,0,0.035465400310807283354024568894367,0,0
2821,9,1,0.60068619633083043877305926665599,1,1
2822,8,-1,0.73112778837087674961112866217923,1,1
2823,8,0,0.99201097245096937128726745322571,0,0
2824,7,-1,0.51377734061115461463954503531868,1,1
2825,8,1,0.55731007693152510134410019950461,1,1
2826,8,0,0.64437554957226607475321052787647,0,0
2827,8,0,0.8185064948537480215714311846202,0,0
2828,7,-1,0.16676838541671191520787249810765,1,1
2829,9,2,0.86329216654263970248075512508255,0,0
2830,7,-2,0.25633972879449527702652037903236,0,0
2831,8,1,0.042434853298206426118050886931968,1,1
2832,9,1,0.61462510230562872430111190273119,1,1
2833,8,-1,0.75900560032047332066723393432963,1,1
2834,7,-1,0.047766596350162513399477997526521,1,1
2835,9,2,0.6252885884095408988639661239203,0,0
2836,8,-1,0.78033257252829766979294237670784,1,1
2837,7,-1,0.090420540765811211650894882282943,1,1
2838,9,2,0.71059647724083829536679989343314,0,0
2839,8,-1,0.95094835019089246279860991573353,1,1
2840,7,-1,0.43165209609100079766222996033432,1,1
2841,8,1,0.3930595878912174673894700495359,1,1
2842,8,0,0.31587457149165080684395022793904,0,0
2843,8,0,0.16150453869251748575291058474534,0,0
2844,9,1,0.85276447309425084357083129835794,1,1
2845,7,-2,0.23528434189771755920667272558314,0,0
2846,8,1,0.00032407950465099047835558003352589,1,1
2847,9,1,0.53040355471851785302172128893431,1,1
2848,8,-1,0.59056250514625157810845270673586,1,1
2849,8,0,0.71088040600171902828191554233898,0,0
2850,8,0,0.95151620771265392862884121354522,0,0
2851,7,-1,0.43278781113452372932269255595769,1,1
2852,8,1,0.39533101797826333071039524078264,1,1
2853,8,0,0.32041743166574253348580061043254,0,0
2854,8,0,0.17059025904070093903661134973233,0,0
2855,9,1,0.87093591379061775013823282833192,1,1
2856,7,-2,0.27162722329045137234147578553109,0,0
2857,8,1,0.073009842290118616747961699929433,1,1
2858,9,1,0.67577508028945310556093352872612,1,1
2859,8,-1,0.88130555628812208318687718631949,1,1
2860,7,-1,0.29236650828546003843876450150624,1,1
2861,8,1,0.11448841228013594894253913187973,1,1
2862,9,1,0.75873222026948776995008839262671,1,1
2863,7,-2,0.047219836248191411965186914120679,0,0
2864,9,2,0.62419506820559869599538395710861,0,0
2865,8,-1,0.77814553212041326405577804308448,1,1
2866,7,-1,0.086046459950042400176566215036206,1,1
2867,9,2,0.70184831560930067241814255893967,0,0
2868,8,-1,0.93345202692781721690129524674659,1,1
2869,7,-1,0.39665944956485030586760062236042,1,1
2870,8,1,0.3230742948389164838002113735881,1,1
2871,8,0,0.17590398538704883966543287604346,0,0
2872,9,1,0.88156336648331355139587588095418,1,1
2873,7,-2,0.2928821286758429748567618907756,0,0
2874,8,1,0.11551965306090182177853391041846,1,1
2875,9,1,0.76079470183101951562207794970418,1,1
2876,7,-2,0.051344799371254903309166028275611,0,0
2877,9,2,0.63244499445172567868334218541848,0,0
2878,8,-1,0.7946453846126672294316944997042,1,1
2879,7,-1,0.11904616493455033092839912827566,1,1
2880,9,2,0.76784772557831653392180838541858,0,0
2881,7,-2,0.065450846865848939908626899704412,0,0
2882,9,2,0.66065708944091375188226392827608,0,0
2883,8,-1,0.85106957459104337582953798541941,1,1
2884,7,-1,0.23189454489130262372408609970607,1,1
2885,9,2,0.99354448549182111951318232827939,0,0
2886,7,-2,0.51684436669285811109137478542603,0,0
2887,8,1,0.56344412909493209424775969971932,1,1
2888,8,0,0.6566436538990800605605295283059,0,0
2889,8,0,0.84304270350737599318606918547905,0,0
2890,7,-1,0.21584080272396785843714849982536,1,1
2891,9,2,0.96143700115715158893930712851798,0,0
2892,7,-2,0.45262939802351904994362438590321,0,0
2893,8,1,0.43501419175625397195225890067367,1,1
2894,8,0,0.3997837792217238159695279302146,0,0
2895,8,0,0.32932295415266350400406598929646,0,0
2896,8,0,0.18840130401454288007314210746017,0,0
2897,9,1,0.9065580037383016322112943437876,1,1
2898,7,-2,0.34287140318581913648759881644245,0,0
2899,8,1,0.21549820208085414504020776175215,1,1
2900,9,1,0.96075179987092416214542565237155,1,1
2901,7,-2,0.45125899545106419635586143361035,0,0
2902,8,1,0.43227338661134426477673299608795,1,1
2903,8,0,0.39430216893190440161847612104315,0,0
2904,8,0,0.31835973357302467530196237095355,0,0
2905,8,0,0.16647486285526522266893487077436,0,0
2906,9,1,0.86270512141974631740287987041597,1,1
2907,7,-2,0.25516563854870850687076986969919,0,0
2908,8,1,0.040086672806632885806549868265639,1,1
2909,9,1,0.60992874132248164367810986539853,1,1
2910,8,-1,0.74961287835417915942122985966432,1,1
2911,7,-1,0.028981152417574190907469848195888,1,1
2912,9,2,0.58771770054436425387994982525903,0,0
2913,8,-1,0.70519079679794437982490977938531,1,1
2914,8,0,0.94013698930510463171482968763788,0,0
2915,7,-1,0.41002937431942513549466950414302,1,1
2916,8,1,0.34981414434806614305434913715329,1,1
2917,8,0,0.22938368440534815817370840317384,0,0
2918,9,1,0.98852276451991218841242693521494,1,1
2919,7,-2,0.50680092474904024888986399929713,0,0
2920,8,1,0.54335724520729636984473812746151,1,1
2921,8,0,0.61646988612380861175448638379027,0,0
2922,8,0,0.7626951679568330955739828964478,0,0
2923,7,-1,0.055145731622882063212975921762848,1,1
2924,9,2,0.64004685895497999849096197239295,0,0
2925,8,-1,0.80984911361917586904693407365315,1,1
2926,7,-1,0.14945362294756761015887827617356,1,1
2927,9,2,0.82866264160435109238276668121437,0,0
2928,7,-2,0.187080678917918056830543491296,0,0
2929,9,2,0.90391675354505198572609711145925,0,0
2930,7,-2,0.33758890279931984351720435178575,0,0
2931,8,1,0.20493320130785555909941883243876,1,1
2932,9,1,0.93962179832492699026384779374477,1,1
2933,7,-2,0.4089989923590698525927057163568,0,0
2934,8,1,0.34775338042735557725042156158085,1,1
2935,8,0,0.22526215656392702656585325202896,0,0
2936,9,1,0.98027970883706992519671663292517,1,1
2937,7,-2,0.49031481338335572245844339471759,0,0
2938,8,1,0.51038502247592731698189691830243,1,1
2939,8,0,0.55052544066107050602880396547212,0,0
2940,8,0,0.63080627703135688412261805981149,0,0
2941,8,0,0.79136794977192964031024624849024,0,0
2942,7,-1,0.11249129525307515268550262584774,1,1
2943,9,2,0.75473798621536617743601538056273,0,0
2944,7,-2,0.039231368139948226937040889992719,0,0
2945,9,2,0.60821813198911232593909190885269,0,0
2946,8,-1,0.74619165968744052394319394657264,1,1
2947,7,-1,0.02213871508409691995139802201253,1,1
2948,9,2,0.57403282587740971196780617289231,0,0
2949,8,-1,0.67782104746403529600062247465188,1,1
2950,8,0,0.88539749063728646406625507817102,0,0
2951,7,-1,0.30055037698378880019752028520929,1,1
2952,8,1,0.13085614967679347246005069928583,1,1
2953,9,1,0.79146769506280281698511152743891,1,1
2954,7,-2,0.11269078583482150603523318374507,0,0
2955,9,2,0.75513696737885888413547649635739,0,0
2956,7,-2,0.040029330466933640335963121582025,0,0
2957,9,2,0.6098140566430831527369363720313,0,0
2958,8,-1,0.74938350899538217753888287292986,1,1
2959,7,-1,0.028522413699980227142775874726978,1,1
2960,9,2,0.58680022310917632635056187832121,0,0
2961,8,-1,0.70335584192756852476613388550967,1,1
2962,8,0,0.9364670795643529215972778998866,0,0
2963,7,-1,0.40268955483792171525956592864045,1,1
2964,8,1,0.33513450538505930258414198614816,1,1
2965,8,0,0.20002440647933447723329410116357,0,0
2966,9,1,0.92980420866788482653159833119439,1,1
2967,7,-2,0.38936381304498552512820679125603,0,0
2968,8,1,0.30848302179918692232142371137932,1,1
2969,8,0,0.14672143930758971670785755162588,0,0
2970,9,1,0.82319827432439530548072523211902,1,1
2971,7,-2,0.1761519443580064830264605931053,0,0
2972,9,2,0.88205928442522883811793131507785,0,0
2973,7,-2,0.29387396455967354830087275902295,0,0
2974,8,1,0.11750332482856296866675564691316,1,1
2975,9,1,0.76476204536634180939852142269357,1,1
2976,7,-2,0.059279486441899490862052974254403,0,0
2977,9,2,0.64831436859301485378911607737606,0,0
2978,8,-1,0.82638413289524557964324228361937,1,1
2979,7,-1,0.182523661499707031351494696106,1,1
2980,9,2,0.89480271870862993476799952107925,0,0
2981,7,-2,0.31936083312647574160100917102576,0,0
2982,8,1,0.16847706196216735526702847091877,1,1
2983,9,1,0.86670951963355058259906707070479,1,1
2984,7,-2,0.26317443497631703726314427027684,0,0
2985,8,1,0.056104265661849946591298669420934,1,1
2986,9,1,0.64196392703291576524760746770912,1,1
2987,8,-1,0.8136832497750474025602250642855,1,1
2988,7,-1,0.15712189525931067718546025743825,1,1
2989,9,2,0.84399918622783722643593064374375,0,0
2990,7,-2,0.21775376816489032493687141635475,0,0
2991,9,2,0.96526293203899652193875296157676,0,0
2992,7,-2,0.46028125978720891594251605202077,0,0
2993,8,1,0.4503179152836337039500422329088,1,1
2994,8,0,0.43039122627648327996509459468484,0,0
2995,8,0,0.39053784826218243199519931823694,0,0
2996,8,0,0.31083109223358073605540876534114,0,0
2997,8,0,0.15141758017637734417582765954953,0,0
2998,9,1,0.83259055606197056041666544796631,1,1
2999,7,-2,0.19493650783315699289834102479987,0,0
3000,9,2,0.919628411375529857861692178467,0,0
3001,7,-2,0.36901221846027558778839448580125,0,0
3002,8,1,0.26777983262976704764179910046976,1,1
3003,8,0,0.065315060968749967348608329806764,0,0
3004,9,1,0.66038551764671580676222678848078,1,1
3005,8,-1,0.85052643100264748558946370582882,1,1
3006,7,-1,0.23080825771451084324393754052489,1,1
3007,9,2,0.99137191113823755855288520991703,0,0
3008,7,-2,0.51249921798569098917078054870131,0,0
3009,8,1,0.55475383168059785040657122626987,1,1
3010,8,0,0.639263059070411572878152581407,0,0
3011,8,0,0.80828151385003901782131529168126,0,0
3012,7,-1,0.14631842340929390770764071222976,1,1
3013,9,2,0.82239224252780368748029155332678,0,0
3014,7,-2,0.17453988076482324702559323552082,0,0
3015,9,2,0.8788351572388623661161965999089,0,0
3016,7,-2,0.28742571018694060429740332868505,0,0
3017,8,1,0.10460681608309708065981678623734,1,1
3018,9,1,0.73896902787541003338464370134194,1,1
3019,7,-2,0.0076934514600359388342975315511386,0,0
3020,9,2,0.54514229862928774973360519196953,0,0
3021,8,-1,0.62003999296779137153222051280632,1,1
3022,8,0,0.76983538164479861512945115447988,0,0
3023,7,-1,0.069426158998813102323912437827023,1,1
3024,9,2,0.6686077137068420767128350045213,0,0
3025,8,-1,0.86697082312290002549068013790985,1,1
3026,7,-1,0.26369704195501592304637040468696,1,1
3027,8,1,0.057149479619247718157750938241175,1,1
3028,9,1,0.6440543549477113083805120053496,1,1
3029,8,-1,0.81786410560463848882603413956646,1,1
3030,7,-1,0.16548360691849284971707840800018,1,1
3031,9,2,0.86072260954620157149916694486761,0,0
3032,7,-2,0.25120061480161901506334401860248,0,0
3033,8,1,0.032156625312453902191698166072214,1,1
3034,9,1,0.59406864633412367644840646101168,1,1
3035,8,-1,0.71789268837746322496182305089062,1,1
3036,8,0,0.96554077246414232198865623064848,0,0
3037,7,-1,0.46083694063750051604232259016422,1,1
3038,8,1,0.4514292769842169041496553091957,1,1
3039,8,0,0.43261394967764968036432074725865,0,0
3040,8,0,0.39498329506451523279365162338456,0,0
3041,8,0,0.31972198583824633765231337563637,0,0
3042,8,0,0.16919936738570854736963688014,0,0
3043,9,1,0.86815413048063296680428388914726,1,1
3044,7,-2,0.26606365667048180567357790716177,0,0
3045,8,1,0.061882709050179483412165943190788,1,1
3046,9,1,0.65352081380957483888934201524883,1,1
3047,8,-1,0.83679702332836554984369415936491,1,1
3048,7,-1,0.20334944236594697175239844759708,1,1
3049,9,2,0.93645428044110981556980702406141,0,0
3050,7,-2,0.40266395659143550320462417699007,0,0
3051,8,1,0.33508330889208687847425848284739,1,1
3052,8,0,0.19992201349338962901352709456203,0,0
3053,9,1,0.92959942269599513009206431799132,1,1
3054,7,-2,0.3889542411012061322491387648499,0,0
3055,8,1,0.30766387791162813656328765856705,1,1
3056,8,0,0.14508315153247214519158544600136,0,0
3057,9,1,0.81992169877416016244818102086998,1,1
3058,7,-2,0.16959879325753619696137217060721,0,0
3059,9,2,0.86895298222428826598775447008168,0,0
3060,7,-2,0.26766136015779240404051906903062,0,0
3061,8,1,0.065078116024800680146048266928493,1,1
3062,9,1,0.65991162775881723235710666272424,1,1
3063,8,-1,0.84957865122685033677922345431573,1,1
3064,7,-1,0.22891269816291654562345703749872,1,1
3065,9,2,0.98758079203504896331192420386469,0,0
3066,7,-2,0.50491697977931379868885853659664,0,0
3067,8,1,0.53958935526784346944272720206054,1,1
3068,8,0,0.60893410624490281095046453298832,0,0
3069,8,0,0.7476236081990214939659391948439,0,0
3070,7,-1,0.025002612107258859996888518555058,1,1
3071,9,2,0.57976061992373359205878716597737,0,0
3072,8,-1,0.68927663555668305618258446082199,1,1
3073,8,0,0.90830866682258198443017905051124,0,0
3074,7,-1,0.34637272935437984092536822988974,1,1
3075,8,1,0.22250085441797555391574658864673,1,1
3076,9,1,0.97475710454516697989650330616072,1,1
3077,7,-2,0.4792696047995498318580167411887,0,0
3078,8,1,0.48829460530831553578104361124465,1,1
3079,8,0,0.50634460632584694362709735135654,0,0
3080,8,0,0.54244460836090975931920483158034,0,0
3081,8,0,0.61464461243103539070341979202794,0,0
3082,8,0,0.75904462057128665347184971292313,0,0
3083,7,-1,0.047844636851789179008709554713521,1,1
3084,9,2,0.6254446694127942300824292382943,0,0
3085,8,-1,0.78064473453480433222986860545585,1,1
3086,7,-1,0.091044864778824536524747339778948,1,1
3087,9,2,0.71184512526686494511450480842515,0,0
3088,8,-1,0.95344564624294576229401974571755,1,1
3089,7,-1,0.43664668819510739665304962030236,1,1
3090,8,1,0.40304877209943066537110936947198,1,1
3091,8,0,0.33585293990807720280722886781121,0,0
3092,8,0,0.20146127552537027767946786448967,0,0
3093,9,1,0.93267794675995642742394585784659,1,1
3094,7,-2,0.39511128922912872691290184456043,0,0
3095,8,1,0.31997797416747332589081381798812,1,1
3096,8,0,0.16971134404416252384663776484349,0,0
3097,9,1,0.86917808379754091975828565855422,1,1
3098,7,-2,0.2681115633042977115815814459757,0,0
3099,8,1,0.065978522317811295228173020818659,1,1
3100,9,1,0.66171244034483846252135617050457,1,1
3101,8,-1,0.8531802763988927971077224698764,1,1
3102,7,-1,0.23611594850700146628045506862005,1,1
3103,8,1,0.0019872927232188046259202661073507,1,1
3104,9,1,0.53372998115565348131685066108196,1,1
3105,8,-1,0.59721535802052283469871145103116,1,1
3106,8,0,0.72418611175026154146243303092958,0,0
3107,8,0,0.97812761920973895498987619072642,0,0
3108,7,-1,0.48601063412869378204476251032009,1,1
3109,8,1,0.50177666396660343615453514950743,1,1
3110,8,0,0.53330872364242274437408042788212,0,0
3111,8,0,0.59637284299406136081317098463149,0,0
3112,8,0,0.72250108169733859369135209813024,0,0
3113,8,0,0.97475755910389305944771432512773,0,0
3114,7,-1,0.47927051391700199096043877912272,1,1
3115,8,1,0.48829642354321985398588768711269,1,1
3116,8,0,0.50634824279565558003678550309263,0,0
3117,8,0,0.54245188130052703213858113505251,0,0
3118,8,0,0.61465915831026993634217239897227,0,0
3119,8,0,0.75907371232975574474935492681179,0,0
3120,7,-1,0.047902820368727361563719982490837,1,1
3121,9,2,0.62556103644667059519245009384893,0,0
3122,8,-1,0.78087746860255706244991031656511,1,1
3123,7,-1,0.091510332914329996964830761997469,1,1
3124,9,2,0.71277606153787586599467165286219,0,0
3125,8,-1,0.95530751878496760405435343459164,1,1
3126,7,-1,0.44037043327915108017371699805053,1,1
3127,8,1,0.41049626226751803241244412496832,1,1
3128,8,0,0.35074792024425193688989837880389,0,0
3129,8,0,0.23125123619771974584480688647502,0,0
3130,9,1,0.9922578681046553637546239018173,1,1
3131,7,-2,0.51427113191852659957425793250186,0,0
3132,8,1,0.55829765954626907121352599387097,1,1
3133,8,0,0.64635071480175401449206211660919,0,0
3134,8,0,0.82245682531272390104913436208563,0,0
3135,7,-1,0.17466904633466367416327885303851,1,1
3136,9,2,0.87909348837854322039156783494427,0,0
3137,7,-2,0.2879423724663023128481457987558,0,0
3138,8,1,0.10564014064182049776130172637886,1,1
3139,9,1,0.74103567699285686758761358162497,1,1
3140,7,-2,0.011826749694929607240237292117196,0,0
3141,9,2,0.55340889509907508654548471310165,0,0
3142,8,-1,0.63657318590736604515597955507055,1,1
3143,8,0,0.80290176752394796237696923900835,0,0
3144,7,-1,0.13555893075711179681894860688395,1,1
3145,9,2,0.80087325722343946570290734263515,0,0
3146,7,-2,0.13150191015609480347082481413755,0,0
3147,9,2,0.79275921602140547900665975714236,0,0
3148,7,-2,0.11527382775202683007832964315197,0,0
3149,9,2,0.76030305121326953222166941517119,0,0
3150,7,-2,0.05036149813575493650834895920964,0,0
3151,9,2,0.63047839198072574508170804728653,0,0
3152,8,-1,0.79071217967066736222842622344032,1,1
3153,7,-1,0.1111797550505505965218625757479,1,1
3154,9,2,0.75211490581031706510873528036304,0,0
3155,7,-2,0.033985207329850002282480689593342,0,0
3156,9,2,0.59772581036891587662997150805394,0,0
3157,8,-1,0.72520701644704762532495314497513,1,1
3158,8,0,0.98016942860331112271491641881752,0,0
3159,7,-1,0.49009425291583811749484296650228,1,1
3160,8,1,0.50994390154089210705469606187182,1,1
3161,8,0,0.5496431987910000861744022526109,0,0
3162,8,0,0.62904179329121604441381463408905,0,0
3163,8,0,0.78783898229164796089263939704535,0,0
3164,7,-1,0.10543336029251179385028892295796,1,1
3165,9,2,0.74062211629423945976558797478317,0,0
3166,7,-2,0.010999628297694791596186078433588,0,0
3167,9,2,0.55175465230460545525738228573443,0,0
3168,8,-1,0.63326470031842678257977470033611,1,1
3169,8,0,0.79628479634606943722455952953948,0,0
3170,7,-1,0.12232498840135474651412918794621,1,1
3171,9,2,0.77440537251192536509326850475967,0,0
3172,7,-2,0.078566140733066602251547138386593,0,0
3173,9,2,0.68688767717534907656810440564044,0,0
3174,8,-1,0.90353075005991402520121894014813,1,1
3175,7,-1,0.33681689582904392246744800916352,1,1
3176,8,1,0.2033891873673037169999061471943,1,1
3177,9,1,0.93653377044382330606482242325585,1,1
3178,7,-2,0.40282293659686248419465497537895,0,0
3179,8,1,0.33540126890294084045432007962515,1,1
3180,8,0,0.20055793351509755297365028811755,0,0
3181,9,1,0.93087126273941097801231070510235,1,1
3182,7,-2,0.39149792118803782808963153907194,0,0
3183,8,1,0.31275123808529152824427320701114,1,1
3184,8,0,0.15525787187979892855355654288954,0,0
3185,9,1,0.84027113946881372917212321464633,1,1
3186,7,-2,0.21029767464684333040925655815991,0,0
3187,9,2,0.95035074500290253288352324518707,0,0
3188,7,-2,0.43045688571502093783205661924139,0,0
3189,8,1,0.39066916713925774772912336735003,1,1
3190,8,0,0.31109372998773136752325686356731,0,0
3191,8,0,0.15194285568467860711152385600187,0,0
3192,9,1,0.833641107078573086288057840871,1,1
3193,7,-2,0.19703760986636204464112581060925,0,0
3194,9,2,0.92383061544193996134726175008576,0,0
3195,7,-2,0.37741662659309579475953362903877,0,0
3196,8,1,0.28458864889540746158407738694479,1,1
3197,8,0,0.098932693500030795233164902756834,0,0
3198,9,1,0.72762078270927746253133993438092,1,1
3199,8,-1,0.9849969611277707971276899976291,1,1
3200,7,-1,0.49974931796475746632039012412545,1,1
3201,8,1,0.52925403163873080470579037711815,1,1
3202,8,0,0.58826345898667748147659088310355,0,0
3203,8,0,0.70628231368257083501819189507435,0,0
3204,8,0,0.94232002307435754210139391901594,0,0
3205,7,-1,0.41439544185793095626779796689914,1,1
3206,8,1,0.35854627942507778460060606266554,1,1
3207,8,0,0.24684795455937144126622225419833,0,0
3208,8,0,0.02345130482795875459745463726392,0,0
3209,9,1,0.57665800536513338125991940339509,1,1
3210,8,-1,0.68307140643948263458484893565744,1,1
3211,8,0,0.89589820858818114123470800018214,0,0
3212,7,-1,0.32155181288557815453442612923153,1,1
3213,8,1,0.17285902148037218113386238733031,1,1
3214,9,1,0.87547343866996023433273490352788,1,1
3215,7,-2,0.28070227304913634073047993592301,0,0
3216,8,1,0.091159941807488553525970000713266,1,1
3217,9,1,0.71207527932419297911695013029379,1,1
3218,8,-1,0.95390595435760183029891038945483,1,1
3219,7,-1,0.4375673044244195326628309077769,1,1
3220,8,1,0.40489000455805493739067194442106,1,1
3221,8,0,0.33953540482532574684635401770938,0,0
3222,8,0,0.20882620535986736575771816428602,0,0
3223,9,1,0.94740780642895060358044645743929,1,1
3224,7,-2,0.42457100856711707922590304374582,0,0
3225,8,1,0.3788974128434500305168162163589,1,1
3226,8,0,0.28755022139611593309864256158506,0,0
3227,8,0,0.10485583850144773826229525203737,0,0
3228,9,1,0.73946707271211134858960063294199,1,1
3229,7,-2,0.0086895411334385692442113947512436,0,0
3230,9,2,0.54713447797609301055343291836974,0,0
3231,8,-1,0.62402435166140189317187596560674,1,1
3232,8,0,0.77780409903201965840876206008073,0,0
3233,7,-1,0.085363593773255188882534249028704,1,1
3234,9,2,0.70048258325572624983007862692466,0,0
3235,8,-1,0.93072056222066837172516738271658,1,1
3236,7,-1,0.39119652015055261551534489430041,1,1
3237,8,1,0.31214843601032110309569991746807,1,1
3238,8,0,0.15405226772985807825640996380339,0,0
3239,9,1,0.83785993116893202857783005647404,1,1
3240,7,-2,0.20547525804707992922067024181533,0,0
3241,9,2,0.94070591180337573050635061249792,0,0
3242,7,-2,0.4111672193159673330777113538631,0,0
3243,8,1,0.35208983434115053822043283659345,1,1
3244,8,0,0.23393506439151694850587580205416,0,0
3245,9,1,0.99762552449224976907676173297558,1,1
3246,7,-2,0.52500644469371541021853359481841,0,0
3247,8,1,0.57976828509664669250207731850407,1,1
3248,8,0,0.68929196590250925706916476587539,0,0
3249,8,0,0.90833932751423438620333966061803,0,0
3250,7,-1,0.34643405073768464447168945010332,1,1
3251,8,1,0.22262349718458516100838902907389,1,1
3252,9,1,0.97500239007838619408178818701503,1,1
3253,7,-2,0.47976017586598826022858650289732,0,0
3254,8,1,0.4892757474411923925221831346619,1,1
3255,8,0,0.50830689059160065710937639819105,0,0
3256,8,0,0.54636917689241718628376292524936,0,0
3257,8,0,0.62249374949405024463253597936598,0,0
3258,8,0,0.77474289469731636133008208759921,0,0
3259,7,-1,0.07924118510384859472517430406568,1,1
3260,9,2,0.68823776591691306151535873699861,0,0
3261,8,-1,0.90623092754304199509572760286448,1,1
3262,7,-1,0.34221725079529986225646533459621,1,1
3263,8,1,0.21418989729981559657794079805968,1,1
3264,9,1,0.95813519030884706522089172498662,1,1
3265,7,-2,0.44602577632691000250679357884049,0,0
3266,8,1,0.42180694836303587707859728654823,1,1
3267,8,0,0.37336929243528762622220470196372,0,0
3268,8,0,0.27649398057979112450941953279468,0,0
3269,8,0,0.082743356868798121083849194456622,0,0
3270,9,1,0.6952421094468121142327085177805,1,1
3271,8,-1,0.92023961460284010053042716442825,1,1
3272,7,-1,0.37023462491489607312586445772375,1,1
3273,8,1,0.27022464553900801831673904431476,1,1
3274,8,0,0.070204686787231908698488217496778,0,0
3275,9,1,0.67016476928367968946198656386081,1,1
3276,8,-1,0.87008493427657525098898325658887,1,1
3277,7,-1,0.269925264262366374042976642045,1,1
3278,8,1,0.069605924233948620150963412957256,1,1
3279,9,1,0.66896724417711311236693695478177,1,1
3280,8,-1,0.86768988406344209679888403843078,1,1
3281,7,-1,0.26513516383610006566277820572882,1,1
3282,8,1,0.060025723381416003390566540324898,1,1
3283,9,1,0.64980684247204787884614320951705,1,1
3284,8,-1,0.82936908065331162975729654790135,1,1
3285,7,-1,0.18849355701583913157960322466996,1,1
3286,9,2,0.90674250974089413522421657820718,0,0
3287,7,-2,0.34324041519100414251344328528161,0,0
3288,8,1,0.21623622609122415709189669943046,1,1
3289,9,1,0.96222784789166418624880352772818,1,1
3290,7,-2,0.45421109149254424456261718432362,0,0
3291,8,1,0.43817757869430436119024449751449,1,1
3292,8,0,0.40611055309782459444549912389624,0,0
3293,8,0,0.34197650190486506095600837665973,0,0
3294,8,0,0.21370839951894599397702688218671,0,0
3295,9,1,0.95717219474710786001906389324068,1,1
3296,7,-2,0.44409978520343159210313791534861,0,0
3297,8,1,0.41795496611607905627128595956446,1,1
3298,8,0,0.36566532794137398460758204799618,0,0
3299,8,0,0.26108605159196384128017422485962,0,0
3300,8,0,0.05192749889314355462535857858649,0,0
3301,9,1,0.63361039349550298131572728604023,1,1
3302,8,-1,0.79697618270022183469646470094772,1,1
3303,7,-1,0.1237077611096595414579395307627,1,1
3304,9,2,0.77717091792853495498088919039265,0,0
3305,7,-2,0.084097231566285782026788509652558,0,0
3306,9,2,0.69794985884178743611858714817237,0,0
3307,8,-1,0.925655113392790744302184425212,1,1
3308,7,-1,0.38106562249479736066937897929124,1,1
3309,8,1,0.29188664069881059340376808744974,1,1
3310,8,0,0.11352867710683705887254630376674,0,0
3311,9,1,0.75681274992288998981010273640073,1,1
3312,7,-2,0.043380895554995851685215601668707,0,0
3313,9,2,0.61651718681920757543544133220467,0,0
3314,8,-1,0.76278976934763102293589279327659,1,1
3315,7,-1,0.055334934404477917936795715420432,1,1
3316,9,2,0.64042526451817170793860155970812,0,0
3317,8,-1,0.81060592474555928794221324828349,1,1
3318,7,-1,0.15096724520033444794943662543423,1,1
3319,9,2,0.83168988610988476796388337973572,0,0
3320,7,-2,0.19313516792898540799277688833869,0,0
3321,9,2,0.91602573156718668805056390554464,0,0
3322,7,-2,0.36180685884358924816613793995654,0,0
3323,8,1,0.25336911339639436839728600878033,1,1
3324,8,0,0.036493622502004608859582146427923,0,0
3325,9,1,0.6027426407132250897841744217231,1,1
3326,8,-1,0.73524067713566605163335897231345,1,1
3327,7,-1,0.0002367499805479753317280734941611,1,1
3328,9,2,0.53022889567031182272846627585558,0,0
3329,8,-1,0.59021318704983951752194268057841,1,1
3330,8,0,0.71018176980889490710889549002406,0,0
3331,8,0,0.95011893532700568628280110891538,0,0
3332,7,-1,0.42999326636322724463061234669802,1,1
3333,8,1,0.3897419284356703613262348222633,1,1
3334,8,0,0.30923925258055659471747977339385,0,0
3335,8,0,0.14823390087032906149996967565494,0,0
3336,9,1,0.82622319744987399506494948017714,1,1
3337,7,-2,0.18220179060896386219490908922154,0,0
3338,9,2,0.89415897692714359645482830731033,0,0
3339,7,-2,0.31807334956350306497466674348791,0,0
3340,8,1,0.16590209483622200201434361584308,1,1
3341,9,1,0.86155958538165987609369736055342,1,1
3342,7,-2,0.25287456647253562425240484997409,0,0
3343,8,1,0.035504528654287120569819828815437,1,1
3344,9,1,0.60076445301779011320464978649813,1,1
3345,8,-1,0.73128430174479609847430970186351,1,1
3346,8,0,0.99232399919880806901362953259428,0,0
3347,7,-1,0.5144033941068320100922691940558,1,1
3348,8,1,0.55856218392287989224954851697886,1,1
3349,8,0,0.64687976355497565656410716282498,0,0
3350,8,0,0.82351492281916718519322445451721,0,0
3351,7,-1,0.17678524134755024245145903790168,1,1
3352,9,2,0.88332587840431635696792820467062,0,0
3353,7,-2,0.29640715251784858600086653820848,0,0
3354,8,1,0.12256970074491304406674320528422,1,1
3355,9,1,0.7748947971990419601984965394357,1,1
3356,7,-2,0.079544990107299792462003207738648,0,0
3357,9,2,0.68884537592381545698901654434455,0,0
3358,8,-1,0.90744614755684678604304321755635,1,1
3359,7,-1,0.34464769082290944415109656397996,1,1
3360,8,1,0.21905077735503476036720325682718,1,1
3361,9,1,0.96785695041928539279941664252161,1,1
3362,7,-2,0.46546929654778665766384341391048,0,0
3363,8,1,0.46069398880478918739269695668822,1,1
3364,8,0,0.45114337331879424685040404224369,0,0
3365,8,0,0.43204214234680436576581821335463,0,0
3366,8,0,0.39383968040282460359664655557651,0,0
3367,8,0,0.31743475651486507925830324002027,0,0
3368,8,0,0.1646249087389460305816166089078,0,0
3369,9,1,0.85900521318710793322824334668285,1,1
3370,7,-2,0.24776582208343173852149682223296,0,0
3371,8,1,0.025287039876079349108003773333167,1,1
3372,9,1,0.58032947546137457028101767553359,1,1
3373,8,-1,0.69041434663196501262704547993443,1,1
3374,8,0,0.91058408897314589731910108873611,0,0
3375,7,-1,0.35092357365550766670321230633947,1,1
3376,8,1,0.2316025430202312054714347415462,1,1
3377,9,1,0.99296048174967828300787961195966,1,1
3378,7,-2,0.51567635920857243808076935278658,0,0
3379,8,1,0.5611081141263607482265488344404,1,1
3380,8,0,0.65197162396193736851810779774806,0,0
3381,8,0,0.83369864363309060910122572436338,0,0
3382,7,-1,0.19715268297539709026746157759401,1,1
3383,9,2,0.92406076166001005259993328405528,0,0
3384,7,-2,0.37787691902923597726487669697781,0,0
3385,8,1,0.28550923376768782659476352282288,1,1
3386,8,0,0.10077386324459152525453717451301,0,0
3387,9,1,0.73130312219839892257408447789327,1,1
3388,8,-1,0.99236164010601371721317908465379,1,1
3389,7,-1,0.51447867592124330649136829817484,1,1
3390,8,1,0.55871274755170248504774672521694,1,1
3391,8,0,0.64718089081262084216050357930113,0,0
3392,8,0,0.82411717733445755638601728746951,0,0
3393,7,-1,0.17798975037813098483704470380627,1,1
3394,9,2,0.8857348964654778417390995364798,0,0
3395,7,-2,0.30122518864017155554320920182685,0,0
3396,8,1,0.13220577298955898315142853252095,1,1
3397,9,1,0.79416694168833383836786719390914,1,1
3398,7,-2,0.11808927908588354880074451668554,0,0
3399,9,2,0.76593395388098296966649916223834,0,0
3400,7,-2,0.061623303471181811398008453343929,0,0
3401,9,2,0.65300200265157949486102703555511,0,0
3402,8,-1,0.83575940101237486178706419997748,1,1
3403,7,-1,0.20127419773396559563913852882221,1,1
3404,9,2,0.93230379117714706334328718651167,0,0
3405,7,-2,0.3943629780635099987515845018906,0,0
3406,8,1,0.31848135183623586956817913264846,1,1
3407,8,0,0.16671809938168761120136839416417,0,0
3408,9,1,0.86319159447259109446774691719559,1,1
3409,7,-2,0.25613858465439806100050396325843,0,0
3410,8,1,0.042032565018011994066018055384112,1,1
3411,9,1,0.61382052574523986019704623963548,1,1
3412,8,-1,0.75739644719969559245910260813821,1,1
3413,7,-1,0.044548290108607056983215345143672,1,1
3414,9,2,0.6188519759264299860314408191546,0,0
3415,8,-1,0.76745934756207584412789176717645,1,1
3416,7,-1,0.064674090833367560320793663220152,1,1
3417,9,2,0.65910357737595099270659745530756,0,0
3418,8,-1,0.84796255046111785747820503948237,1,1
3419,7,-1,0.22568049663145158702142020783199,1,1
3420,9,2,0.98111638897211904610785054453124,0,0
3421,7,-2,0.49198817365345396428071121792974,0,0
3422,8,1,0.51373174301612380062643256472673,1,1
3423,8,0,0.55721888174146347331787525832072,0,0
3424,8,0,0.6441931591921428187007606455087,0,0
3425,8,0,0.81814171409350150946653141988465,0,0
3426,7,-1,0.16603882389621889099807296863656,1,1
3427,9,2,0.86183304350165365406115606614037,0,0
3428,7,-2,0.253421482712523180187322261148,0,0
3429,8,1,0.036598361134262232439654651163257,1,1
3430,9,1,0.60295211797774033694431943119377,1,1
3431,8,-1,0.73565963166469654595364899125479,1,1
3432,7,-1,0.0010746590386089639723081113768344,1,1
3433,9,2,0.53190471378643380000962635162092,0,0
3434,8,-1,0.5935648232820834720842628321091,1,1
3435,8,0,0.71688504227338281623353579308545,0,0
3436,8,0,0.96352548025598150453208171503816,0,0
3437,7,-1,0.45680635622117888112917355894357,1,1
3438,8,1,0.44336810815157363432335724675438,1,1
3439,8,0,0.41649161201236314071172462237602,0,0
3440,8,0,0.3627386197339421534884593736193,0,0
3441,8,0,0.25523263517710017904192887610585,0,0
3442,8,0,0.040220666063416230148867881078955,0,0
3443,9,1,0.61019672783604833236274589102516,1,1
3444,8,-1,0.75014885138131253679050191091758,1,1
3445,7,-1,0.030053098471840945646013950702413,1,1
3446,9,2,0.58986159265289776335703803027208,0,0
3447,8,-1,0.70947858101501139877908618941141,1,1
3448,8,0,0.94871255773923866962318250769008,0,0
3449,7,-1,0.42718051118769321131137514424742,1,1
3450,8,1,0.3841164180846022946877604173621,1,1
3451,8,0,0.29798823187842046144053096359145,0,0
3452,8,0,0.12573185946605679494607205605015,0,0
3453,9,1,0.78121911464132946195715424096754,1,1
3454,7,-2,0.092193624991874795979318610802343,0,0
3455,9,2,0.71414264569296546402364735047194,0,0
3456,8,-1,0.95804068709514680011230482981113,1,1
3457,7,-1,0.44583676989950947228961978848952,1,1
3458,8,1,0.42142893550823481664424970584629,1,1
3459,8,0,0.37261326672568550535350954055984,0,0
3460,8,0,0.27498192916058688277202920998693,0,0
3461,8,0,0.079719254030389637609068548841112,0,0
3462,9,1,0.68919390376999514728314722654948,1,1
3463,8,-1,0.90814320324920616663130458196621,1,1
3464,7,-1,0.34604180220762820532761929279967,1,1
3465,8,1,0.22183900012447228272024871446659,1,1
3466,9,1,0.97343339595816043750550755780044,1,1
3467,7,-2,0.47662218762553674707602524446814,0,0
3468,8,1,0.48299977096028936621706061780352,1,1
3469,8,0,0.4957549376297946044991313644743,0,0
3470,8,0,0.52126527096880508106327285781586,0,0
3471,8,0,0.57228593764682603419155584449897,0,0
3472,8,0,0.67432727100286794044812181786519,0,0
3473,8,0,0.87840993771495175296125376459763,0,0
3474,7,-1,0.28657527113911937798751765806252,1,1
3475,8,1,0.10290593798745462804004544499229,1,1
3476,9,1,0.73556727168412512814510101885183,1,1
3477,7,-2,0.00088993907746612835521216657090924,0,0
3478,9,2,0.53153527386414812877543446200907,0,0
3479,8,-1,0.5928259434375121296158790528854,1,1
3480,8,0,0.71540728258424013129676823463805,0,0
3481,8,0,0.96056996087769613465854659814335,0,0
3482,7,-1,0.45089531746460814138210332515396,1,1
3483,8,1,0.43154603063843215482921677917518,1,1
3484,8,0,0.39284745698608018172344368721761,0,0
3485,8,0,0.31545030968137623551189750330247,0,0
3486,8,0,0.16065601507196834308880513547219,0,0
3487,9,1,0.85106742585315255824262039981164,1,1
3488,7,-2,0.23189024741552098855025092849053,0,0
3489,9,2,0.99353589054025784916551198584831,0,0
3490,7,-2,0.51682717678973157039603410056388,0,0
3491,8,1,0.56340974928867901285707832999501,1,1
3492,8,0,0.65657489428657389777916678885727,0,0
3493,8,0,0.84290518428236366762334370658179,0,0
3494,7,-1,0.21556576427394320731169754203084,1,1
3495,9,2,0.96088692425710228668840521292894,0,0
3496,7,-2,0.45152924422342044544182055472513,0,0
3497,8,1,0.43281388415605676294865123831752,1,1
3498,8,0,0.3953831640213293979623126055023,0,0
3499,8,0,0.32052172375187466798963533987185,0,0
3500,8,0,0.17079884321296520804428080861095,0,0
3501,9,1,0.87135308213514628815357174608916,1,1
3502,7,-2,0.27246155997950844837215362104557,0,0
3503,8,1,0.07467851566823276880931737095839,1,1
3504,9,1,0.67911242704568140968364487078403,1,1
3505,8,-1,0.88798024980057869143229987043532,1,1
3506,7,-1,0.3057158953103732549296098697379,1,1
3507,8,1,0.14118718632996238192422986834305,1,1
3508,9,1,0.81212976836914063591346986555336,1,1
3509,7,-2,0.15401493244749714389194985997398,0,0
3510,9,2,0.8377852606042101598489098488152,0,0
3511,7,-2,0.20532591691763619176282982649766,0,0
3512,9,2,0.94040722954448825559066978186258,0,0
3513,7,-2,0.41056985479819238324634969259241,0,0
3514,8,1,0.35089510530560063855770951405207,1,1
3515,8,0,0.2315456063204171491804291569714,0,0
3516,9,1,0.99284660835005017042586844281006,1,1
3517,7,-2,0.51544861240931621291674701448737,0,0
3518,8,1,0.56065262052784829789850415784199,1,1
3519,8,0,0.65106063676491246786201844455124,0,0
3520,8,0,0.83187666923904080778904701796973,0,0
3521,7,-1,0.19350873418729748764310416480672,1,1
3522,9,2,0.91677286408381084735121845848069,0,0
3523,7,-2,0.36330112387683756676744704582864,0,0
3524,8,1,0.25635764346289100559990422052452,1,1
3525,8,0,0.042470682634997883264818569916303,0,0
3526,9,1,0.61469676097921163859464726869986,1,1
3527,8,-1,0.75914891766763914925430466626697,1,1
3528,7,-1,0.048053231044494170573619461401197,1,1
3529,9,2,0.62586185779820421321224905166965,0,0
3530,8,-1,0.78147911130562429848950823220655,1,1
3531,7,-1,0.092713618320464469044026593280352,1,1
3532,9,2,0.71518263235014481015306331542796,0,0
3533,8,-1,0.96012066040950549237113675972317,1,1
3534,7,-1,0.44999671652822685680728364831359,1,1
3535,8,1,0.42974882876566958567957742549443,1,1
3536,8,0,0.38925305324055504342416497985612,0,0
3537,8,0,0.30826150219032595891334008857949,0,0
3538,8,0,0.14627840008986778989169030602624,0,0
3539,9,1,0.82231219588895145184839074091973,1,1
3540,7,-2,0.17437978748711877576179161070671,0,0
3541,9,2,0.87851497068345342358859335028067,0,0
3542,7,-2,0.28678533707612271924219682942859,0,0
3543,8,1,0.10332606986146131054940378772443,1,1
3544,9,1,0.73640753543213849316381770431612,1,1
3545,7,-2,0.0025704665734928583926455374994981,0,0
3546,9,2,0.53489632885620158885030120386625,0,0
3547,8,-1,0.59954805342161904976561253659975,1,1
3548,8,0,0.72885150255245397159623520206676,0,0
3549,8,0,0.98745840081412381525748053300078,0,0
3550,7,-1,0.50467219733746350257997119486881,1,1
3551,8,1,0.53909979038414287722495251860486,1,1
3552,8,0,0.60795497647750162651491516607698,0,0
3553,8,0,0.74566534866421912509484046102122,0,0
3554,7,-1,0.021086093037654122254691050909696,1,1
3555,9,2,0.57192758178452411657439223068665,0,0
3556,8,-1,0.67361055927826410521379459024054,1,1
3557,8,0,0.87697651426574408249259930934834,0,0
3558,7,-1,0.28370842424070403705020874756394,1,1
3559,8,1,0.09717224419062394616542762399513,1,1
3560,9,1,0.72409988409046376439586537685751,1,1
3561,8,-1,0.97795516389014340085674088258228,1,1
3562,7,-1,0.48566572348950267377849189403181,1,1
3563,8,1,0.50108684268822121962199391693088,1,1
3564,8,0,0.53192908108565831130899796272901,0,0
3565,8,0,0.59361355788053249468300605432528,0,0
3566,8,0,0.71698251147028086143102223751781,0,0
3567,8,0,0.96372041864977759492705460390287,0,0
3568,7,-1,0.45719623300877106191911933667299,1,1
3569,8,1,0.44414786172675799590324880221323,1,1
3570,8,0,0.41805111916273186387150773329371,0,0
3571,8,0,0.36585763403467959980802559545468,0,0
3572,8,0,0.26147066377857507168106131977662,0,0
3573,8,0,0.052696723266366015427132768420484,0,0
3574,9,1,0.63514884224194790291927566570822,1,1
3575,8,-1,0.8000530801931116779035614602837,1,1
3576,7,-1,0.12986155609543922787213304943465,1,1
3577,9,2,0.78947850790009432780927622773656,0,0
3578,7,-2,0.10871241150940452768356258434037,0,0
3579,9,2,0.74718021872802492743213529754798,0,0
3580,7,-2,0.024115833165265726929280723963221,0,0
3581,9,2,0.5779870620397473259235715767937,0,0
3582,8,-1,0.68572951978871052391215328245465,1,1
3583,8,0,0.90121443528663691988931669377655,0,0
3584,7,-1,0.33218426628248971184364351642035,1,1
3585,8,1,0.19412392827419529575229716170795,1,1
3586,9,1,0.91800325225760646356960445228315,1,1
3587,7,-2,0.36576190022442879920421903343355,0,0
3588,8,1,0.26127919615807347047344819573436,1,1
3589,8,0,0.05231378802536281301190652033598,0,0
3590,9,1,0.63438297175994149808882316953921,1,1
3591,8,-1,0.79852133922909886824265646794568,1,1
3592,7,-1,0.12679807416741360855032306475861,1,1
3593,9,2,0.78335154404404308916565625838448,0,0
3594,7,-2,0.096458483797302050396322645636218,0,0
3595,9,2,0.72267236330381997285765542013969,0,0
3596,8,-1,0.97510012231685581778032096914663,1,1
3597,7,-1,0.47995564034292750762565206716052,1,1
3598,8,1,0.48966667639507088731631426318829,1,1
3599,8,0,0.50908874849935764669763865524383,0,0
3600,8,0,0.54793289270793116546028743935492,0,0
3601,8,0,0.62562118112507820298558500757709,0,0
3602,8,0,0.78099775795937227803618014402144,0,0
3603,7,-1,0.091750911627960428137370416910127,1,1
3604,9,2,0.71325721896513672833975096268751,0,0
3605,8,-1,0.95626983363948932874451205424227,1,1
3606,7,-1,0.44229506298819452955403423735179,1,1
3607,8,1,0.41434552168560493117307860357084,1,1
3608,8,0,0.35844643908042573441116733600894,0,0
3609,8,0,0.24664827387006734088734480088513,0,0
3610,8,0,0.023051943449350553839699730637507,0,0
3611,9,1,0.57585928260791697974440959014227,1,1
3612,8,-1,0.68147396092504983155382930915179,1,1
3613,8,0,0.89270331755931553517266874717083,0,0
3614,7,-1,0.31516203082784694241034762320892,1,1
3615,8,1,0.16007945736490975688570537528509,1,1
3616,9,1,0.84991431043903538583642087943743,1,1
3617,7,-2,0.22958401658728664373785188774211,0,0
3618,9,2,0.98892342888378915954071390435147,0,0
3619,7,-2,0.5076022534767941911464379375702,0,0
3620,8,1,0.54495990266280425435788600400766,1,1
3621,8,0,0.61967520103482438078078213688256,0,0
3622,8,0,0.76910579777886463362657440263238,0,0
3623,7,-1,0.067966991266945139318158934132018,1,1
3624,9,2,0.66568937824310615070132799713129,0,0
3625,8,-1,0.86113415219542817346766612312983,1,1
3626,7,-1,0.25202370010007221900034237512692,1,1
3627,8,1,0.033802795909360310065694879121092,1,1
3628,9,1,0.59736098752793649219639988710944,1,1
3629,8,-1,0.72447737076508885645780990308613,1,1
3630,8,0,0.97871013723939358498062993503951,0,0
3631,7,-1,0.48717567018800304202626999894628,1,1
3632,8,1,0.50410673608522195611755012675982,1,1
3633,8,0,0.53796886787965978430011038238689,0,0
3634,8,0,0.60569313146853544066523089364103,0,0
3635,8,0,0.74114165864628675339547191614932,0,0
3636,7,-1,0.0120387130017893788559539611659,1,1
3637,9,2,0.55383282171279462977691805119905,0,0
3638,8,-1,0.63742103913480513161884623126536,1,1
3639,8,0,0.80459747397882613530270259139798,0,0
3640,7,-1,0.13895034366686814267041531166321,1,1
3641,9,2,0.80765608304295215740584075219367,0,0
3642,7,-2,0.14506756179512018687669163325459,0,0
3643,9,2,0.81989051929945624581839339537643,0,0
3644,7,-2,0.1695364343081283637017969196201,0,0
3645,9,2,0.86882826432547259946860396810746,0,0
3646,7,-2,0.26741192436016107100221806508218,0,0
3647,8,1,0.064579244429538014069446259031612,1,1
3648,9,1,0.65891388456829190020390264693048,1,1
3649,8,-1,0.84758316484579967247281542272821,1,1
3650,7,-1,0.22492172540081521701064097432367,1,1
3651,9,2,0.97959884651084630608629207751459,0,0
3652,7,-2,0.48895308873090848423759428389644,0,0
3653,8,1,0.50766157317103284054019869666014,1,1
3654,8,0,0.54507854205128155314540752218754,0,0
3655,8,0,0.61991247981177897835582517324232,0,0
3656,8,0,0.7695803553327738287766604753519,0,0
3657,7,-1,0.068916106374763529618331079571056,1,1
3658,9,2,0.66758760845874293130167228800937,0,0
3659,8,-1,0.86493061262670173466835470488599,1,1
3660,7,-1,0.25961662096261934140171953863923,1,1
3661,8,1,0.048988637634454554868449206145707,1,1
3662,9,1,0.62773267097812498180190854115867,1,1
3663,8,-1,0.78522073766546583566882721118459,1,1
3664,7,-1,0.10019687104014754340266455123643,1,1
3665,9,2,0.73014913778951095887033923134011,0,0
3666,8,-1,0.99005367128823778980568859154748,1,1
3667,7,-1,0.50986273828569145167638731196221,1,1
3668,8,1,0.54948087228059877541778475279167,1,1
3669,8,0,0.62871714027041342290057963445059,0,0
3670,8,0,0.78718967625004271786616939776844,0,0
3671,7,-1,0.10413474820930130779734892440414,1,1
3672,9,2,0.73802489212781848765970797767552,0,0
3673,7,-2,0.0058051799648528473844260842183036,0,0
3674,9,2,0.54136575563892156683386229730386,0,0
3675,8,-1,0.61248690698705900573273472347498,1,1
3676,8,0,0.75472920968333388353047957581721,0,0
3677,7,-1,0.039213815075883639125969280501664,1,1
3678,9,2,0.60818302586098315031694868987058,0,0
3679,8,-1,0.74612144743118217269890750860842,1,1
3680,7,-1,0.021998290571580217462825146084087,1,1
3681,9,2,0.57375197685237630699066042103543,0,0
3682,8,-1,0.67725934941396848604633097093811,1,1
3683,8,0,0.88427409453715284415767207074347,0,0
3684,7,-1,0.29830358478352156038035427035419,1,1
3685,8,1,0.12636256527625899282571866957564,1,1
3686,9,1,0.78248052626173385771644746801854,1,1
3687,7,-2,0.094716448232683587497905064904333,0,0
3688,9,2,0.71918829217458304706082025867592,0,0
3689,8,-1,0.96813198005838196618665064621909,1,1
3690,7,-1,0.46601935582597980443831142130544,1,1
3691,8,1,0.46179410736117548094163297147814,1,1
3692,8,0,0.45334361043156683394827607182353,0,0
3693,8,0,0.43644261657234953996156227251431,0,0
3694,8,0,0.40264062885391495198813467389587,0,0
3695,8,0,0.33503665341704577604127947665899,0,0
3696,8,0,0.19982870254330742414756908218523,0,0
3697,9,1,0.92941280079583072036014829323771,1,1
3698,7,-2,0.38858099730087731278530671534267,0,0
3699,8,1,0.3069173903109704976356235595526,1,1
3700,8,0,0.14359017633115686733625724797246,0,0
3701,9,1,0.81693574837152960673752462481217,1,1
3702,7,-2,0.16362689245227508554005937849159,0,0
3703,9,2,0.85700918061376604314512888585044,0,0
3704,7,-2,0.24377375693674795835526790056814,0,0
3705,8,1,0.01730290958271178877554593000353,1,1
3706,9,1,0.56436121487463944961610198887431,1,1
3707,8,-1,0.65847782545849477129721410661588,1,1
3708,8,0,0.84671104662620541465943834209902,0,0
3709,7,-1,0.22317748896162670138388681306529,1,1
3710,9,2,0.97611037363246927483278375499783,0,0
3711,7,-2,0.48197614297415442173057763886291,0,0
3712,8,1,0.49370768165752471552616540659307,1,1
3713,8,0,0.51717075902426530311734094205339,0,0
3714,8,0,0.56409691375774647829969201297403,0,0
3715,8,0,0.65794922322470882866439415481532,0,0
3716,8,0,0.84565384215863352939379843849789,0,0
3717,7,-1,0.22106308002648293085260700586302,1,1
3718,9,2,0.9718815557621817337702241405933,0,0
3719,7,-2,0.47351850723357933960545841005386,0,0
3720,8,1,0.47679241017637455127592694897497,1,1
3721,8,0,0.48334021606196497461686402681719,0,0
3722,8,0,0.49643582783314582129873818250164,0,0
3723,8,0,0.52262705137550751466248649387053,0,0
3724,8,0,0.57500949846023090138998311660832,0,0
3725,8,0,0.67977439262967767484497636208389,0,0
3726,8,0,0.88930418096857122175496285303503,0,0
3727,7,-1,0.30836375764635831557493583493731,1,1
3728,8,1,0.14648291100193250321488179874187,1,1
3729,9,1,0.82272121771308087849477372635099,1,1
3730,7,-2,0.17519783113537762905455758156923,0,0
3731,9,2,0.88015105797997113017412529200572,0,0
3732,7,-2,0.29005751166915813241326071287869,0,0
3733,8,1,0.10987041904753213689153155462464,1,1
3734,9,1,0.74949623380428014584807323811653,1,1
3735,7,-2,0.028747863317776163761156605100315,0,0
3736,9,2,0.58725112234476819958732333906788,0,0
3737,8,-1,0.70425764039875227123965680700302,1,1
3738,8,0,0.93827067650672041454432374287329,0,0
3739,7,-1,0.40629674872265670115365761461384,1,1
3740,8,1,0.34234889315452927437232535809493,1,1
3741,8,0,0.21445318201827442080966084505712,0,0
3742,9,1,0.9586617597457647136843318189815,1,1
3743,7,-2,0.44707891520074529943367376683025,0,0
3744,8,1,0.42391322611070647093235766252775,1,1
3745,8,0,0.37758184793062881392972545392275,0,0
3746,8,0,0.28491909157047349992446103671275,0,0
3747,8,0,0.09959357885016287191393220229275,0,0
3748,9,1,0.72894255340954161589287453345275,1,1
3749,8,-1,0.98764050252829910385075919577276,1,1
3750,7,-1,0.50503640076581407976652852041278,1,1
3751,8,1,0.5398281972408440315980671696928,1,1
3752,8,0,0.60941179019090393526114446825286,0,0
3753,8,0,0.74857897609102374258729906537298,0,0
3754,7,-1,0.026913347891263357239608259613214,1,1
3755,9,2,0.58358209149174258654422664809368,0,0
3756,8,-1,0.69691957869270104515346342505462,1,1
3757,8,0,0.92359455309461796237193697897649,0,0
3758,7,-1,0.37694450189845179680888408682023,1,1
3759,8,1,0.28364439950611946568277830250772,1,1
3760,8,0,0.097044194721454803430566733882693,0,0
3761,9,1,0.72384378515212547892614359663264,1,1
3762,8,-1,0.97744296601346682991729732213253,1,1
3763,7,-1,0.48464132773614953189960477313232,1,1
3764,8,1,0.49903805118151493586421967513189,1,1
3765,8,0,0.52783149807224574379344947913103,0,0
3766,8,0,0.58541839185370735965190908712932,0,0
3767,8,0,0.7005921794166305913688283031259,0,0
3768,8,0,0.93093975454247705480266673511905,0,0
3769,7,-1,0.39163490479416998167034359910535,1,1
3770,8,1,0.31302520529755583540569732707795,1,1
3771,8,0,0.15580580630432754287640478302316,0,0
3772,9,1,0.84136700831787095781781969491357,1,1
3773,7,-2,0.2124894123449577877006495186944,0,0
3774,9,2,0.95473422039913144746630916625606,0,0
3775,7,-2,0.43922383650747876699762846137937,0,0
3776,8,1,0.408203068724173406060267051626,1,1
3777,8,0,0.34616153315756268418554423211925,0,0
3778,8,0,0.22207846202434124043609859310575,0,0
3779,9,1,0.97391231975789835293720731507876,1,1
3780,7,-2,0.47758003522501257793942475902478,0,0
3781,8,1,0.48491546615924102794385964691681,1,1
3782,8,0,0.49958632802769792795272942270088,0,0
3783,8,0,0.52892805176461172797046897426901,0,0
3784,8,0,0.58761149923843932800594807740528,0,0
3785,8,0,0.70497839418609452807690628367781,0,0
3786,8,0,0.93971218408140492821882269622288,0,0
3787,7,-1,0.40917976387202572850265552131302,1,1
3788,8,1,0.34811492345326732907032117149329,1,1
3789,8,0,0.22598524261575053020565247185384,0,0
3790,9,1,0.98172588094071693247631507257493,1,1
3791,7,-2,0.49320715759064973701764027401712,0,0
3792,8,1,0.51616971089051534610029067690149,1,1
3793,8,0,0.56209481749024656426559148267023,0,0
3794,8,0,0.65394503068970900059619309420771,0,0
3795,8,0,0.83764545708863387325739631728268,0,0
3796,7,-1,0.20504630988648361857980276343262,1,1
3797,9,2,0.93984801548218310922461565573249,0,0
3798,7,-2,0.40945142667358209051424144033223,0,0
3799,8,1,0.34865824905638005309349300953172,1,1
3800,8,0,0.2270718938219759782519961479307,0,0
3801,9,1,0.98389918335316782856900242472864,1,1
3802,7,-2,0.49755376241555152920301497832454,0,0
3803,8,1,0.52486292054031893047104008551634,1,1
3804,8,0,0.57948123678985373300709029989993,0,0
3805,8,0,0.68871786928892333807919072866712,0,0
3806,8,0,0.90719113428706254822339158620149,0,0
3807,7,-1,0.34413766428334096851179330127022,1,1
3808,8,1,0.2180307242758978090885967314077,1,1
3809,9,1,0.96581684426101149024220359168266,1,1
3810,7,-2,0.46138908423123885254941731223257,0,0
3811,8,1,0.4525335641716935771638447533324,1,1
3812,8,0,0.43482252405260302639269963553205,0,0
3813,8,0,0.39940044381442192485040939993136,0,0
3814,8,0,0.32855628333805972176582892872997,0,0
3815,8,0,0.18686796238533531559666798632719,0,0
3816,9,1,0.90349132047988650325834610152163,1,1
3817,7,-2,0.33673803666898887858170233191052,0,0
3818,8,1,0.20323146904719362922841479268829,1,1
3819,9,1,0.93621833380360313052183971424384,1,1
3820,7,-2,0.40219206331642213310868955735493,0,0
3821,8,1,0.33413952234206013828238924357711,1,1
3822,8,0,0.19803444039333614862978861602147,0,0
3823,9,1,0.92582427649588816932458736091019,1,1
3824,7,-2,0.38140394870099221071418485068763,0,0
3825,8,1,0.29256329311120029349337983024251,1,1
3826,8,0,0.11488198193161645905176978935227,0,0
3827,9,1,0.75951935957244879016854970757179,1,1
3828,7,-2,0.048794114854113452402109544010826,0,0
3829,9,2,0.62734362541744277686922921688891,0,0
3830,8,-1,0.78444264654410142580346856264507,1,1
3831,7,-1,0.098640688797418723671947254157387,1,1
3832,9,2,0.72703677330405331940890463718203,0,0
3833,8,-1,0.98382894231732251088281940323131,1,1
3834,7,-1,0.49741328034386089383064893532987,1,1
3835,8,1,0.524581956396937659726307999527,1,1
3836,8,0,0.57891930850309119151762612792125,0,0
3837,8,0,0.68759401271539825510026238470976,0,0
3838,8,0,0.90494342114001238226553489828678,0,0
3839,7,-1,0.33964223798924063659607992544081,1,1
3840,8,1,0.20903987168769714525716997974887,1,1
3841,9,1,0.94783513908461016257935008836499,1,1
3842,7,-2,0.42542567387843619722371030559723,0,0
3843,8,1,0.38060674346608826651243074006171,1,1
3844,8,0,0.29096888264139240508987160899068,0,0
3845,8,0,0.11169316099200068224475334684861,0,0
3846,9,1,0.75314171769321723655451682256448,1,1
3847,7,-2,0.036038831095650345174043773996215,0,0
3848,9,2,0.60183305790051656241309767685968,0,0
3849,8,-1,0.73342151151024899689120548258662,1,1
3850,8,0,0.99659841872971386584742109404049,0,0
3851,7,-1,0.52295223316864360375985231694824,1,1
3852,8,1,0.57565986204650307958471476276373,1,1
3853,8,0,0.68107511980222203123443965439472,0,0
3854,8,0,0.89190563531365993453388943765669,0,0
3855,7,-1,0.31356666633653574113278900418063,1,1
3856,8,1,0.15688872838228735433058813722851,1,1
3857,9,1,0.84353285247379058072618640332428,1,1
3858,7,-2,0.21682110065679703351738293551582,0,0
3859,9,2,0.96339759702280993909977599989889,0,0
3860,7,-2,0.45655058975483575026456212866504,0,0
3861,8,1,0.44285657521888737259413438619734,1,1
3862,8,0,0.41546854614699061725327890126192,0,0
3863,8,0,0.3606924880031971065715679313911,0,0
3864,8,0,0.25114037171561008520814599164946,0,0
3865,8,0,0.032036139140436042481302112166174,0,0
3866,9,1,0.5938276739900879570276143531996,1,1
3867,8,-1,0.71741074368939178612023883526646,1,1
3868,8,0,0.96457688308799944430548779940017,0,0
3869,7,-1,0.4589091618852147606759857276676,1,1
3870,8,1,0.44757371947964539341698158420245,1,1
3871,8,0,0.42490283466850665889897329727215,0,0
3872,8,0,0.37956106504622918986295672341156,0,0
3873,8,0,0.28887752580167425179092357569037,0,0
3874,8,0,0.107510447312564375646857280248,0,0
3875,9,1,0.74477629033434462335872468936325,1,1
3876,7,-2,0.019307976377905118782459507593763,0,0
3877,9,2,0.56837134846502610962992914405478,0,0
3878,8,-1,0.66649809263926809132486841697681,1,1
3879,8,0,0.86275158098775205471474696282088,0,0
3880,7,-1,0.25525855768471998149450405450902,1,1
3881,8,1,0.04027251107865583505401823788529,1,1
3882,9,1,0.61030041786652754217304660463783,1,1
3883,8,-1,0.75035623144227095641110333814292,1,1
3884,7,-1,0.030467858593757784887216805153094,1,1
3885,9,2,0.59069111289673144183944373917344,0,0
3886,8,-1,0.71113762150267875574389760721414,1,1
3887,8,0,0.95203063871457338355280534329553,0,0
3888,7,-1,0.43381667313836263917062081545831,1,1
3889,8,1,0.39738874198594115040625175978387,1,1
3890,8,0,0.324532879681098172877513648435,0,0
3891,8,0,0.17882115507141221782003742573725,0,0
3892,9,1,0.88739770585204030770508498034176,1,1
3893,7,-2,0.30455080741329648747518008955077,0,0
3894,8,1,0.1388570105358088470153703079688,1,1
3895,9,1,0.80746941678083356609575074480485,1,1
3896,7,-2,0.14469422927088300425651161847694,0,0
3897,9,2,0.81914385425098188057803336582114,0,0
3898,7,-2,0.16804310421117963322107686050954,0,0
3899,9,2,0.86584160413157513850716384988633,0,0
3900,7,-2,0.26143860397236614907933782863991,0,0
3901,8,1,0.052632603653948170223685786147067,1,1
3902,9,1,0.63502060301711221251238170116139,1,1
3903,8,-1,0.79979660174344029708977353119003,1,1
3904,7,-1,0.12934859919609646624455719124731,1,1
3905,9,2,0.78845259410140880455412451136188,0,0
3906,7,-2,0.10666058391203348117325915159102,0,0
3907,9,2,0.74307656353328283441152843204929,0,0
3908,7,-2,0.015908522775781540888066992965824,0,0
3909,9,2,0.5615724412607789538411441147989,0,0
3910,8,-1,0.65290027823077377974729835846506,1,1
3911,8,0,0.83555595217076343155960684579737,0,0
3912,7,-1,0.20086730005074273518422382046199,1,1
3913,9,2,0.93148999581070134243345776979124,0,0
3914,7,-2,0.39273538733061855693192566844974,0,0
3915,8,1,0.31522617037045298592886146576673,1,1
3916,8,0,0.16020773645012184392273306040071,0,0
3917,9,1,0.85017086860945955991047624966868,1,1
3918,7,-2,0.23009713292813499188596262820461,0,0
3919,9,2,0.98994966156548585583693538527647,0,0
3920,7,-2,0.50965471884018758373888089942019,0,0
3921,8,1,0.54906483338959103954277192770763,1,1
3922,8,0,0.62788506248839795115055398428251,0,0
3923,8,0,0.78552552068601177436611809743228,0,0
3924,7,-1,0.10080643708123942079724632373181,1,1
3925,9,2,0.73136826987169471365950277633088,0,0
3926,8,-1,0.99249193545260529938401568152901,1,1
3927,7,-1,0.51473926661442647083304149192528,1,1
3928,8,1,0.55923392893806881373109311271781,1,1
3929,8,0,0.64822325358535349952719635430287,0,0
3930,8,0,0.826201902879922871119402837473,0,0
3931,7,-1,0.18215920146906161430381580381325,1,1
3932,9,2,0.89407379864733910067264173649376,0,0
3933,7,-2,0.31790299300389407341029360185477,0,0
3934,8,1,0.1655613817170040188855973325768,1,1
3935,9,1,0.86087815914322390983620479402085,1,1
3936,7,-2,0.25151171399566369173741971690896,0,0
3937,8,1,0.032778823700543255539849562685178,1,1
3938,9,1,0.59531304311030238314470925423761,1,1
3939,8,-1,0.72038148192982063835442863734247,1,1
3940,8,0,0.9705183595688571487738674035522,0,0
3941,7,-1,0.47079211484693016961274493597166,1,1
3942,8,1,0.47133962540307621129050000081057,1,1
3943,8,0,0.4724346465153682946460101304884,0,0
3944,8,0,0.47462468873995246135703038984406,0,0
3945,8,0,0.47900477318912079477907090855537,0,0
3946,8,0,0.48776494208745746162315194597798,0,0
3947,8,0,0.50528527988413079531131402082322,0,0
3948,8,0,0.5403259554774774626876381705137,0,0
3949,8,0,0.61040730666417079744028646989465,0,0
3950,8,0,0.75057000903755746694558306865655,0,0
3951,7,-1,0.030895413784330805956176266180346,1,1
3952,9,2,0.59154622327787748397736266122795,0,0
3953,8,-1,0.71284784226497084001973545132315,1,1
3954,8,0,0.95545108023915755210448103151355,0,0
3955,7,-1,0.44065755618753097627397219189435,1,1
3956,8,1,0.41107050808427782461295451265594,1,1
3957,8,0,0.35189641187777152129091915417914,0,0
3958,8,0,0.23354821946475891464684843722554,0,0
3959,9,1,0.99685183463873370135870700331834,1,1
3960,7,-2,0.52345906498668327478242413550392,0,0
3961,8,1,0.5766735256825824216298583998751,1,1
3962,8,0,0.68310244707438071532472692861746,0,0
3963,8,0,0.89596028985797730271446398610218,0,0
3964,7,-1,0.3216759754251704774939381010716,1,1
3965,8,1,0.17310734655955682705288633101046,1,1
3966,9,1,0.87597008882832952617078279088818,1,1
3967,7,-2,0.28169557336587492440657571064361,0,0
3968,8,1,0.093146542440965720878161550154474,1,1
3969,9,1,0.7160484805911473138213332291762,1,1
3970,8,-1,0.96185235689151049970767658721966,1,1
3971,7,-1,0.45346010949223687148036330330657,1,1
3972,8,1,0.43667561469368961502573673548039,1,1
3973,8,0,0.40310662509659510211648359982803,0,0
3974,8,0,0.33596864590240607629797732852332,0,0
3975,8,0,0.20169268751402802466096478591389,0,0
3976,9,1,0.93314077073727192138693970069503,1,1
3977,7,-2,0.39603693718375971483888953025731,0,0
3978,8,1,0.32182927007673530174278918938187,1,1
3979,8,0,0.17341393586268647555058850763099,0,0
3980,9,1,0.87658326743458882316618714412924,1,1
3981,7,-2,0.28292193057839351839738441712573,0,0
3982,8,1,0.095599256866002908859778963118714,1,1
3983,9,1,0.72095390944122168978456805510468,1,1
3984,8,-1,0.97166321459165925163414623907662,1,1
3985,7,-1,0.47308182489253437533330260702049,1,1
3986,8,1,0.47591904549428462273161534290823,1,1
3987,8,0,0.48159348669778511752824081468372,0,0
3988,8,0,0.49294236910478610712149175823469,0,0
3989,8,0,0.51564013391878808630799364533663,0,0
3990,8,0,0.56103566354679204468099741954051,0,0
3991,8,0,0.65182672280279996142700496794827,0,0
3992,8,0,0.8334088413148157949190200647638,0,0
3993,7,-1,0.19657307833884746190305025839486,1,1
3994,9,2,0.92290155238691079587111064565697,0,0
3995,7,-2,0.37555850048303746380723142018119,0,0
3996,8,1,0.28087239667529079967947296922963,1,1
3997,8,0,0.091500189059797471423956067326513,0,0
3998,9,1,0.71275577382881081491292226352028,1,1
3999,8,-1,0.95526694336683750189085465590781,1,1
4000,7,-1,0.44028928244289087584671944068288,1,1
4001,8,1,0.41033396059499762375844901023302,1,1
4002,8,0,0.35042331689921111958190814933329,0,0
4003,8,0,0.23060202950763811122882642753384,0,0
4004,9,1,0.99095945472449209452266298393494,1,1
4005,7,-2,0.51167430515820006111033609673713,0,0
4006,8,1,0.55310400602561599428568232234151,1,1
4007,8,0,0.63596340776044786063637477355027,0,0
4008,8,0,0.80168221123011159333775967596779,0,0
4009,7,-1,0.13311981816943905874052948080284,1,1
4010,9,2,0.79599503204809398954606909047294,0,0
4011,7,-2,0.12174545980540385115714830981313,0,0
4012,9,2,0.77324631532002357437930674849352,0,0
4013,7,-2,0.076248026349263020823623625854288,0,0
4014,9,2,0.68225144840774191371225738057583,0,0
4015,8,-1,0.89425829252469969948952489001891,1,1
4016,7,-1,0.31827198075861527104405990890508,1,1
4017,8,1,0.16629935722644641415312994667741,1,1
4018,9,1,0.86235411016210870037127002222208,1,1
4019,7,-2,0.2544636160334332728075501733114,0,0
4020,8,1,0.038682627776082417680110475490063,1,1
4021,9,1,0.60712065126138070742523107984738,1,1
4022,8,-1,0.74399669823197728691547228856201,1,1
4023,7,-1,0.017748792173170445895954705991281,1,1
4024,9,2,0.56525298005555676385691954084982,0,0
4025,8,-1,0.66026135582032939977884921056689,1,1
4026,8,0,0.85027810734987467162270855000103,0,0
4027,7,-1,0.23031161040896521531042722886931,1,1
4028,9,2,0.99037861652714630268586458660587,0,0
4029,7,-2,0.510512628763508477436739302079,0,0
4030,8,1,0.55078065323623282693848873302525,1,1
4031,8,0,0.63131670218168152594198759491775,0,0
4032,8,0,0.79238880007257892394898531870275,0,0
4033,7,-1,0.11453299585437371996298076627275,1,1
4034,9,2,0.75882138741796331199097166141275,0,0
4035,7,-2,0.047398170545142496046953451692752,0,0
4036,9,2,0.62455173679950086415891703225276,0,0
4037,8,-1,0.77885886930821760038284419337277,1,1
4038,7,-1,0.087473134325651072830698515612794,1,1
4039,9,2,0.70470166436051801772640716009284,0,0
4040,8,-1,0.93915872443025190751782444905294,1,1
4041,7,-1,0.40807284456971968710065902697313,1,1
4042,8,1,0.34590108484865524626632818281351,1,1
4043,8,0,0.22155756540652636459766649449426,0,0
4044,9,1,0.97287052652226860126034311785578,1,1
4045,7,-2,0.47549644875375307458569636457882,0,0
4046,8,1,0.48074829321672202123640285802489,1,1
4047,8,0,0.49125198214265991453781584491703,0,0
4048,8,0,0.51225935999453570114064181870131,0,0
4049,8,0,0.55427411569828727434629376626987,0,0
4050,8,0,0.638303627105790420757597661407,0,0
4051,8,0,0.80636264992079671358020545168126,0,0
4052,7,-1,0.14248069555080929922542103222977,1,1
4053,9,2,0.81471678681083447051585219332679,0,0
4054,7,-2,0.15918896933088481309671451552084,0,0
4055,9,2,0.84813333437098549825843915990893,0,0
4056,7,-2,0.2260220644511868685818884486851,0,0
4057,9,2,0.98179952461158960922878702623746,0,0
4058,7,-2,0.49335444493239509052258418134218,0,0
4059,8,1,0.51646428557400605311017849155162,1,1
4060,8,0,0.56268396685722797828536711197049,0,0
4061,8,0,0.65512332942367182863574435280823,0,0
4062,8,0,0.84000205455655952933649883448371,0,0
4063,7,-1,0.20975950482233493073800779783466,1,1
4064,9,2,0.94927440535388573354102572453658,0,0
4065,7,-2,0.42830420641698733914706157794042,0,0
4066,8,1,0.38636380854319055035913328474809,1,1
4067,8,0,0.30248301279559697278327669836343,0,0
4068,8,0,0.13472142130040981763156352559411,0,0
4069,9,1,0.79919823831003550732813718005547,1,1
4070,7,-2,0.1281518723292868867212844889782,0,0
4071,9,2,0.78605914036778964550757910682365,0,0
4072,7,-2,0.10187367644479516308016834251454,0,0
4073,9,2,0.73350274859880619822534681389634,0,0
4074,8,-1,0.99676089290682826851570375665994,1,1
4075,7,-1,0.52327718152287240909641764218713,1,1
4076,8,1,0.57630975875496069025784541324151,1,1
4077,8,0,0.68237491321913725258070095535028,0,0
4078,8,0,0.89450522214749037722641203956782,0,0
4079,7,-1,0.31876584000419662651783420800288,1,1
4080,8,1,0.16728707571760912510067854487302,1,1
4081,9,1,0.8643295471444341222663672186133,1,1
4082,7,-2,0.25841448999808411659774456609385,0,0
4083,8,1,0.046584375705384105260499261054954,1,1
4084,9,1,0.62292414711998408258600865097716,1,1
4085,8,-1,0.77560368994918403723702743082158,1,1
4086,7,-1,0.080962775607583946539064990510408,1,1
4087,9,2,0.69168094692438376514314010988807,0,0
4088,8,-1,0.91311728955798340235129034864339,1,1
4089,7,-1,0.35598997482518267676759082615404,1,1
4090,8,1,0.24173534535958122560019178117533,1,1
4091,8,0,0.013226086428378323265393691217906,0,0
4092,9,1,0.55620756856597251859579751130307,1,1
4093,8,-1,0.64217053284116090925660515147339,1,1
4094,8,0,0.81409646139153769057822043181403,0,0
4095,7,-1,0.15794831849229125322145099249531,1,1
4096,9,2,0.84565203269379837850791211385787,0,0
4097,7,-2,0.22105946109681262908083435658299,0,0
4098,9,2,0.97187431790284113022667884203324,0,0
4099,7,-2,0.47350403151489813251836781293374,0,0
4100,8,1,0.47676345873901213710174575473473,1,1
4101,8,0,0.48328231318724014626850163833672,0,0
4102,8,0,0.4963200220836961646020134055407,0,0
4103,8,0,0.52239543987660820126903693994865,0,0
4104,8,0,0.57454627546243227460308400876456,0,0
4105,8,0,0.67884794663408042127117814639638,0,0
4106,8,0,0.88745128897737671460736642166001,0,0
4107,7,-1,0.30465797366396930127974297218727,1,1
4108,8,1,0.1390713430371544746244960732418,1,1
4109,9,1,0.80789808178352482131400227535086,1,1
4110,7,-2,0.14555155927626551469301467956897,0,0
4111,9,2,0.82085851426174690145103948800519,0,0
4112,7,-2,0.17147242423270967496708910487763,0,0
4113,9,2,0.87270024417463522199918833862252,0,0
4114,7,-2,0.27515588405848631606338680611229,0,0
4115,8,1,0.080067163826188504191783741091842,1,1
4116,9,1,0.68988972336159288044857761105094,1,1
4117,8,-1,0.90953484243240163296216535096913,1,1
4118,7,-1,0.34882508057401913798934083080551,1,1
4119,8,1,0.22740555685725414804369179047827,1,1
4120,9,1,0.9845665094237241681523937098238,1,1
4121,7,-2,0.49888841455666420836979754851485,0,0
4122,8,1,0.52753222482254428880460522589696,1,1
4123,8,0,0.58481984535430444967422058066118,0,0
4124,8,0,0.69939508641782477141345129018961,0,0
4125,8,0,0.92854556854486541489191270924647,0,0
4126,7,-1,0.38684653279894670184883554736019,1,1
4127,8,1,0.30344846130710927576268122358764,1,1
4128,8,0,0.13665231832343442359037257604254,0,0
4129,9,1,0.80306003235608471924575528095234,1,1
4130,7,-2,0.13587546042138531055652069077192,0,0
4131,9,2,0.8015063165519864931780515104111,0,0
4132,7,-2,0.13276802881318885842111314968946,0,0
4133,9,2,0.79529145333559358890723642824617,0,0
4134,7,-2,0.12033830238040304987948298535959,0,0
4135,9,2,0.77043200047002197182397609958644,0,0
4136,7,-2,0.070619396649259815712962328040135,0,0
4137,9,2,0.67099418900773550349093478494752,0,0
4138,8,-1,0.8717437737246868790468796987623,1,1
4139,7,-1,0.27324294315858963015876952639185,1,1
4140,8,1,0.076241282026395132382549181650961,1,1
4141,9,1,0.68223795976200613683010849216917,1,1
4142,8,-1,0.8942313152332281457252271132056,1,1
4143,7,-1,0.31821802617567216351546435527846,1,1
4144,8,1,0.16619144806056019909593883942418,1,1
4145,9,1,0.8621382918303362702568878077156,1,1
4146,7,-2,0.25403197936988841257878574429846,0,0
4147,8,1,0.03781935444899269722258161746418,1,1
4148,9,1,0.60539410460720126651017336379561,1,1
4149,8,-1,0.74054360492361840508535685645848,1,1
4150,7,-1,0.010842605556452682235723841784218,1,1
4151,9,2,0.55144060682212123653645781243569,0,0
4152,8,-1,0.63263660935345834513792575373863,1,1
4153,8,0,0.79502861441613256234086163634452,0,0
4154,7,-1,0.11981262454148099674673340155629,1,1
4155,9,2,0.76938064479217786555847693197984,0,0
4156,7,-2,0.068516685293571603181963992826927,0,0
4157,9,2,0.66678876629635907842893811452111,0,0
4158,8,-1,0.86333292830193402892288635790947,1,1
4159,7,-1,0.25642125231308392991078284468619,1,1
4160,8,1,0.042597900335383731886575818239641,1,1
4161,9,1,0.61495119637998333583816176534653,1,1
4162,8,-1,0.75965778846918254374133365956032,1,1
4163,7,-1,0.049070972647580959547677447987901,1,1
4164,9,2,0.62789734100437779116036502484306,0,0
4165,8,-1,0.78555007771797145438574017855337,1,1
4166,7,-1,0.10085555114515878083649048597399,1,1
4167,9,2,0.73146649799953343373799110081522,0,0
4168,8,-1,0.9926883917082827395409923304977,1,1
4169,7,-1,0.51513217912578135114699478986266,1,1
4170,8,1,0.56001975396077857435899970859257,1,1
4171,8,0,0.64979490363077302078300954605239,0,0
4172,8,0,0.82934520297076191363102922097203,0,0
4173,7,-1,0.18844580165073969932706857081131,1,1
4174,9,2,0.90664699901069527071914727048987,0,0
4175,7,-2,0.34304939373060641350330466984699,0,0
4176,8,1,0.21585418317042869907161946856124,1,1
4177,9,1,0.96146376205007327020824906598972,1,1
4178,7,-2,0.4526829198093624124815082608467,0,0
4179,8,1,0.43512123532794069702802665056066,1,1
4180,8,0,0.39999786636509726612106342998857,0,0
4181,8,0,0.3297511284394104043071369888444,0,0
4182,8,0,0.18925765258803668067928410655606,0,0
4183,9,1,0.90827070088528923342357834197937,1,1
4184,7,-2,0.346296797479794338912166812826,0,0
4185,8,1,0.22234899066880454988934375451925,1,1
4186,9,1,0.97445337704682497184369763790576,1,1
4187,7,-2,0.47866214980286581575240540467877,0,0
4188,8,1,0.4870796953149475035698209382248,1,1
4189,8,0,0.50391478633911087920465200531686,0,0
4190,8,0,0.53758496838743763047431413950097,0,0
4191,8,0,0.6049253324840911330136384078692,0,0
4192,8,0,0.73960606067739813809228694460565,0,0
4193,7,-1,0.0089675170640121482495840180785511,1,1
4194,9,2,0.54769042983724016856417816502436,0,0
4195,8,-1,0.62513625538369620919336645891597,1,1
4196,8,0,0.78002790647660829045174304669919,0,0
4197,7,-1,0.089811208662432452968496222265624,1,1
4198,9,2,0.7093778130340807780020025733985,0,0
4199,8,-1,0.94851102177737742806901527566426,1,1
4200,7,-1,0.42677743926397072820304068019577,1,1
4201,8,1,0.38331027423715732847109148925879,1,1
4202,8,0,0.29637594418353052900719310738484,0,0
4203,8,0,0.12250728407627693007939634363692,0,0
4204,9,1,0.7747699638617697322238028161411,1,1
4205,7,-2,0.079295323432755336512615761149457,0,0
4206,9,2,0.68834604257472654509024165116617,0,0
4207,8,-1,0.90644748085866896224549343119959,1,1
4208,7,-1,0.34265035742655379655599699126643,1,1
4209,8,1,0.21505611056232346517700411140012,1,1
4210,9,1,0.95986761683386280241901835166749,1,1
4211,7,-2,0.44949062937694147690304683220224,0,0
4212,8,1,0.42873665446309882587110379327174,1,1
4213,8,0,0.38722870463541352380721771541073,0,0
4214,8,0,0.30421280498004291967944555968872,0,0
4215,8,0,0.1381810056693017114239012482447,0,0
4216,9,1,0.80611740704781929491281262535665,1,1
4217,7,-2,0.14199020980485446189063537958056,0,0
4218,9,2,0.81373581531892479584628088802837,0,0
4219,7,-2,0.15722702634706546375757190492399,0,0
4220,9,2,0.84420944840334679958015393871524,0,0
4221,7,-2,0.21817429251590947122531800629772,0,0
4222,9,2,0.9661039807410348145156461414627,0,0
4223,7,-2,0.46196335719128550109630241179266,0,0
4224,8,1,0.45368211009178687425761495245257,1,1
4225,8,0,0.43711961589278962058024003377239,0,0
4226,8,0,0.40399462749479511322549019641204,0,0
4227,8,0,0.33774465069880609851599052169134,0,0
4228,8,0,0.20524469710682806909699117224993,0,0
4229,9,1,0.94024478992287201025899247336712,1,1
4230,7,-2,0.41024497555495989258299507560149,0,0
4231,8,1,0.35024534681913565723100028007023,1,1
4232,8,0,0.23024608934748718652701068900771,0,0
4233,9,1,0.99024757440419024511903150688268,1,1
4234,7,-2,0.51025054451759636230307314263261,0,0
4235,8,1,0.55025648474440859667115641413247,1,1
4236,8,0,0.63026836519803306540732295713219,0,0
4237,8,0,0.79029212610528200287965604313163,0,0
4238,7,-1,0.1103396479197798778243222151305,1,1
4239,9,2,0.75043469154877562771365455912826,0,0
4240,7,-2,0.030624778806767127492319247123781,0,0
4241,9,2,0.59100495332275012704964862311481,0,0
4242,8,-1,0.71176530235471612616430737509688,1,1
4243,8,0,0.95328600041864812439362487906102,0,0
4244,7,-1,0.43632739654651212085225988698929,1,1
4245,8,1,0.40241018880224011376952990284584,1,1
4246,8,0,0.33457577331369609960406993455894,0,0
4247,8,0,0.19890694233660807127314999798513,0,0
4248,9,1,0.92756928038243201461131012483752,1,1
4249,7,-2,0.38489395647407990128763037854229,0,0
4250,8,1,0.29954330865737567464027088595184,1,1
4251,8,0,0.12884201302396722134555190077094,0,0
4252,9,1,0.78743942175715031475611393040913,1,1
4253,7,-2,0.1046342392235165015772379896855,0,0
4254,9,2,0.73902387415624887521948610823826,0,0
4255,7,-2,0.0078031440217136225039823453437796,0,0
4256,9,2,0.54536168375264311707297481955481,0,0
4257,8,-1,0.62047876321450210621095976797688,1,1
4258,8,0,0.77071292213822008448692966482101,0,0
4259,7,-1,0.07118123998565604103886945850928,1,1
4260,9,2,0.67211787568052795414274904588581,0,0
4261,8,-1,0.87399114707027178035050822063888,1,1
4262,7,-1,0.27773768984975943276602657014502,1,1
4263,8,1,0.085230775408734737597063269157287,1,1
4264,9,1,0.70021694652668534725913666718183,1,1
4265,8,-1,0.93018928876258656658328346323091,1,1
4266,7,-1,0.39013397323438900523157705532908,1,1
4267,8,1,0.31002334217799388252816423952541,1,1
4268,8,0,0.14980208006520363712133860791806,0,0
4269,9,1,0.82935955583962314630768734470338,1,1
4270,7,-2,0.18847450738846216468038481827402,0,0
4271,9,2,0.90670441048614020142577976541529,0,0
4272,7,-2,0.34316421668149627491656965969783,0,0
4273,8,1,0.21608382907220842189814944826292,1,1
4274,9,1,0.96192305385363271586130902539308,1,1
4275,7,-2,0.45360150341648130378762817965342,0,0
4276,8,1,0.4369584025421784796402664881741,1,1
4277,8,0,0.40367220079357283134554310521545,0,0
4278,8,0,0.33709979729636153475609633929816,0,0
4279,8,0,0.20395499030193894157720280746358,0,0
4280,9,1,0.9376653763130937552194157437944,1,1
4281,7,-2,0.40508614833540338250384161645606,0,0
4282,8,1,0.33992769238002263707269336177938,1,1
4283,8,0,0.20961078046926114621039685242601,0,0
4284,9,1,0.94897695664773816448580383371928,1,1
4285,7,-2,0.42770930900469220103661779630581,0,0
4286,8,1,0.38517401371860027413824572147888,1,1
4287,8,0,0.30010342314641642034150157182501,0,0
4288,8,0,0.12996224200204871274801327251728,0,0
4289,9,1,0.78967987971331329756103667390181,1,1
4290,7,-2,0.10911515513584246718708347667088,0,0
4291,9,2,0.74798570598090080643917708220901,0,0
4292,7,-2,0.025726807671017484943364293285274,0,0
4293,9,2,0.5812090110512508419517387154378,0,0
4294,8,-1,0.69217341781171755596848755974286,1,1
4295,8,0,0.91410223133265098400198524835297,0,0
4296,7,-1,0.35795985837451784006898062557319,1,1
4297,8,1,0.24567511245825155220297138001364,1,1
4298,8,0,0.02110562062571897647095288889453,0,0
4299,9,1,0.57196663696065382500691590665631,1,1
4300,8,-1,0.67368866963052352207884194217988,1,1
4301,8,0,0.87713273497026291622269401322702,0,0
4302,7,-1,0.28402086564974170451039815532129,1,1
4303,8,1,0.097797127008699281085806439509826,1,1
4304,9,1,0.72534964972661443423662300788691,1,1
4305,8,-1,0.98045469516244474053825614464106,1,1
4306,7,-1,0.49066478603410535314152241814938,1,1
4307,8,1,0.51108496777742657834805496516602,1,1
4308,8,0,0.55192533126406902876112005919929,0,0
4309,8,0,0.63360605823735392958725024726584,0,0
4310,8,0,0.79696751218392373123951062339894,0,0
4311,7,-1,0.12369042007706333454403137566513,1,1
4312,9,2,0.77713623586334254115307288019752,0,0
4313,7,-2,0.084027867435900954371155889262288,0,0
4314,9,2,0.69781113058101778080732190739183,0,0
4315,8,-1,0.92537765687125143367965394365091,1,1
4316,7,-1,0.38051070945171873942431801616908,1,1
4317,8,1,0.29077681461265335091364616120541,1,1
4318,8,0,0.11130902493452257389230245127807,0,0
4319,9,1,0.7523734455782610198496150314234,1,1
4320,7,-2,0.03450228686573791176424019171405,0,0
4321,9,2,0.59875996944069169559349051229535,0,0
4322,8,-1,0.72727533459059926325199115345796,1,1
4323,8,0,0.98430606489041439856899243578317,0,0
4324,7,-1,0.4983675254900446692029950004336,1,1
4325,8,1,0.52649044668930521047100012973446,1,1
4326,8,0,0.58273628908782629300701038833617,0,0
4327,8,0,0.69522797388486845807903090553959,0,0
4328,8,0,0.92021134347895278822307193994643,0,0
4329,7,-1,0.37017808266712144851115400876011,1,1
4330,8,1,0.27011156104345876908731814638747,1,1
4331,8,0,0.069978517796133410239646421642189,0,0
4332,9,1,0.66971243130148269254430297215163,1,1
4333,8,-1,0.86918025831218125715361607317052,1,1
4334,7,-1,0.26811591233357838637224227520828,1,1
4335,8,1,0.065987220376372644809494679283823,1,1
4336,9,1,0.6617298364619611616839994874349,1,1
4337,8,-1,0.85321506863313819543300910373705,1,1
4338,7,-1,0.23618553297549226293102833634136,1,1
4339,8,1,0.0021264616602003979270668015499742,1,1
4340,9,1,0.5340083190296166679191437319672,1,1
4341,8,-1,0.59777203376844920790329759280166,1,1
4342,8,0,0.72529946324611428787160531447057,0,0
4343,8,0,0.98035432220144444780822075780839,0,0
4344,7,-1,0.49046404011210476768145164448404,1,1
4345,8,1,0.51068347593342540742791341783534,1,1
4346,8,0,0.55112234757606668692083696453793,0,0
4347,8,0,0.63200009086134924590668405794311,0,0
4348,8,0,0.79375557743191436387837824475348,0,0
4349,7,-1,0.11726655057304459982176661837421,1,1
4350,9,2,0.76428849685530507170854336561567,0,0
4351,7,-2,0.058332389419826015482096860098589,0,0
4352,9,2,0.64642017454886790302920384906443,0,0
4353,8,-1,0.82259574480695167812341782699612,1,1
4354,7,-1,0.17494688532311922831184578285949,1,1
4355,9,2,0.87964916635545432868870169458623,0,0
4356,7,-2,0.28905372842012452944241351803971,0,0
4357,8,1,0.10786285254946493094983716494668,1,1
4358,9,1,0.74548110080814573396468445876062,1,1
4359,7,-2,0.020717597325507339994379046388484,0,0
4360,9,2,0.57119059036023055205376822164422,0,0
4361,8,-1,0.6721365764296769761725465721557,1,1
4362,8,0,0.87402854856856982441010327317865,0,0
4363,7,-1,0.27781249284635552088521667522456,1,1
4364,8,1,0.085380381401926913835443479316368,1,1
4365,9,1,0.70051615851306969973589708749999,1,1
4366,8,-1,0.93078771273535527153680430386723,1,1
4367,7,-1,0.39133082117992641513861873660172,1,1
4368,8,1,0.3124170380690687023422476020707,1,1
4369,8,0,0.15458947184735327674950533300865,0,0
4370,9,1,0.83893433940392242556402079488456,1,1
4371,7,-2,0.20762407451706072319305171863638,0,0
4372,9,2,0.94500354474333731845111356614001,0,0
4373,7,-2,0.41976248519589050896723726114727,0,0
4374,8,1,0.36928036610099688999948465116179,1,1
4375,8,0,0.26831612791120965206397943119084,0,0
4376,8,0,0.066387651531635176192968991248941,0,0
4377,9,1,0.66253069877248622445094811136514,1,1
4378,8,-1,0.85481679325418832096690635159753,1,1
4379,7,-1,0.2393889822175925139988228320623,1,1
4380,8,1,0.0085333601444009000626557929918619,1,1
4381,9,1,0.54682211599801767219032171485098,1,1
4382,8,-1,0.62339962770525121644565355856921,1,1
4383,8,0,0.77655465111971830495631724600567,0,0
4384,7,-1,0.082864697948652481977644620878597,1,1
4385,9,2,0.69548479160652083602029937062445,0,0
4386,8,-1,0.92072497892225754410560887011615,1,1
4387,7,-1,0.37120535355373096027622786909955,1,1
4388,8,1,0.27216610281667779261746586706635,1,1
4389,8,0,0.074087601342571457299941862999962,0,0
4390,9,1,0.67793059839435878666489385486718,1,1
4391,8,-1,0.88561659249793344539479783860161,1,1
4392,7,-1,0.30098858070508276285460580607047,1,1
4393,8,1,0.13173255711938139777422174100819,1,1
4394,9,1,0.79322050994797866761345361088364,1,1
4395,7,-2,0.11619641560517320729191735063454,0,0
4396,9,2,0.76214822691956228664884483013633,0,0
4397,7,-2,0.054051849548340445362699789139923,0,0
4398,9,2,0.6378590948058967627904097071471,0,0
4399,8,-1,0.80547358532100939764582954316145,1,1
4400,7,-1,0.14070256635123466735666921519016,1,1
4401,9,2,0.81116052841168520677834855924757,0,0
4402,7,-2,0.15207645253258628562170724736239,0,0
4403,9,2,0.83390830077438844330842462359204,0,0
4404,7,-2,0.19757199725799275868185937605134,0,0
4405,9,2,0.92489939022520138942872888096993,0,0
4406,7,-2,0.37955417615961865092246789080712,0,0
4407,8,1,0.2888637480284531739099459104815,1,1
4408,8,0,0.10748289176612221988490194983025,0,0
4409,9,1,0.74472117924146031183481402852775,1,1
4410,7,-2,0.019197754192136495734638185922761,0,0
4411,9,2,0.56815090409348886353428650071278,0,0
4412,8,-1,0.66605720389619359913358313029281,1,1
4413,8,0,0.86186980350160307033217638945287,0,0
4414,7,-1,0.25349500271242201272936290777299,1,1
4415,8,1,0.036745401134059897523735944413226,1,1
4416,9,1,0.60324619797733566711248201769371,1,1
4417,8,-1,0.73624779166388720628997416425467,1,1
4418,7,-1,0.0022509790369902846449584573765854,1,1
4419,9,2,0.53425735378319644135492704362042,0,0
4420,8,-1,0.5982701032756087547748642161081,1,1
4421,8,0,0.72629560226043338161473856108346,0,0
4422,8,0,0.98234660023008263529448725103417,0,0
4423,7,-1,0.4944485961693811426539846309356,1,1
4424,8,1,0.51865258804797815737297939073845,1,1
4425,8,0,0.56706057180517218681096891034415,0,0
4426,8,0,0.66387653931956024568694794955556,0,0
4427,8,0,0.85750847434833636343890602797838,0,0
4428,7,-1,0.24477234440588859894282218482401,1,1
4429,8,1,0.019300084520993069950654498515264,1,1
4430,9,1,0.56835556475120201196631912589778,1,1
4431,8,-1,0.66646652521161989599764838066282,1,1
4432,8,0,0.86268844613245566406030689019289,0,0
4433,7,-1,0.25513228797412720018562390925304,1,1
4434,8,1,0.040019971657470272436257947373327,1,1
4435,9,1,0.60979533902415641693752602361391,1,1
4436,8,-1,0.74934607375752870594006217609507,1,1
4437,7,-1,0.028447543224273283945134481057393,1,1
4438,9,2,0.58665048215776243995527909098204,0,0
4439,8,-1,0.70305636002474075197556831083133,1,1
4440,8,0,0.93586811575869737601614675052992,0,0
4441,7,-1,0.40149162722661062409730362992709,1,1
4442,8,1,0.33273865016243712025961738872143,1,1
4443,8,0,0.19523269603409011258424490631011,0,0
4444,9,1,0.92022078777739609723349994148748,1,1
4445,7,-2,0.37019697126400806653201001184222,0,0
4446,8,1,0.27014933823723200512903015255169,1,1
4447,8,0,0.070054072183679882323070433970632,0,0
4448,9,1,0.66986354007657563671115099680852,1,1
4449,8,-1,0.86948247586236714548731212248429,1,1
4450,7,-1,0.26872034743395016303963437383584,1,1
4451,8,1,0.067196090577116198144278876538926,1,1
4452,9,1,0.66414757686344826835356788194511,1,1
4453,8,-1,0.85805054943611240877214589275746,1,1
4454,7,-1,0.24585649458144068960930191438218,1,1
4455,8,1,0.021468384872097251283613957631618,1,1
4456,9,1,0.57269216545341037463223804413049,1,1
4457,8,-1,0.67513972661603662132948621712823,1,1
4458,8,0,0.88003484894128911472398256312372,0,0
4459,7,-1,0.28982509359179410151297525511469,1,1
4460,8,1,0.10940558289280407509096063909664,1,1
4461,9,1,0.74856656149482402224693140706053,1,1
4462,7,-2,0.02688851869886391655887294298832,0,0
4463,9,2,0.58353243310694370518275601484389,0,0
4464,8,-1,0.69682026192310328243052215855504,1,1
4465,8,0,0.92339591955542243692605444597734,0,0
4466,7,-1,0.37654723482006074591711902082193,1,1
4467,8,1,0.2828498653493373638992481705111,1,1
4468,8,0,0.095455126407890599863506469889464,0,0
4469,9,1,0.72066564852499707179202306864618,1,1
4470,8,-1,0.97108669275921001564905626615962,1,1
4471,7,-1,0.47192878122763590336312266118649,1,1
4472,8,1,0.47361295816448767879125545124023,1,1
4473,8,0,0.4769813120381912296475210313477,0,0
4474,8,0,0.48371801978559833136005219156266,0,0
4475,8,0,0.49719143528041253478511451199258,0,0
4476,8,0,0.52413826627004094163523915285242,0,0
4477,8,0,0.57803192824929775533548843457208,0,0
4478,8,0,0.68581925220781138273598699801142,0,0
4479,8,0,0.9013939001248386375369841248901,0,0
4480,7,-1,0.33254319595889314713897837864746,1,1
4481,8,1,0.19484178762700216634296688616217,1,1
4482,9,1,0.91943897096322020475094390119158,1,1
4483,7,-2,0.36863333763565628156689793125042,0,0
4484,8,1,0.2670220709805284351988059913681,1,1
4485,8,0,0.063799537670272742462622111603447,0,0
4486,9,1,0.65735447104976135699025435207415,1,1
4487,8,-1,0.84446433780873858604551883301555,1,1
4488,7,-1,0.21868407132669304415604779489836,1,1
4489,9,2,0.96712353836260196037710571866397,0,0
4490,7,-2,0.46400247243441979281922156619518,0,0
4491,8,1,0.45776034057805545770345326125762,1,1
4492,8,0,0.4452760768653267874719166513825,0,0
4493,8,0,0.42030754943986944700884343163225,0,0
4494,8,0,0.37037049458895476608269699213175,0,0
4495,8,0,0.27049638488712540423040411313075,0,0
4496,8,0,0.070748165483466680525818355128755,0,0
4497,9,1,0.67125172667614923311664683912476,1,1
4498,8,-1,0.87225884906151433829830380711678,1,1
4499,7,-1,0.27427309383224454866161774310081,1,1
4500,8,1,0.078301583373704969388245615068883,1,1
4501,9,1,0.68635856245662581084150135900502,1,1
4502,8,-1,0.90247252062246749374801284687729,1,1
4503,7,-1,0.33470043695415085956103582262184,1,1
4504,8,1,0.19915626961751759118708177411094,1,1
4505,9,1,0.92806793494425105443917367708913,1,1
4506,7,-2,0.38589126559771798094335748304551,0,0
4507,8,1,0.30153792690465183395172509495828,1,1
4508,8,0,0.13283124951851953996846031878382,0,0
4509,9,1,0.79541789474625495200193076643489,1,1
4510,7,-2,0.12059118520172577606887166173704,0,0
4511,9,2,0.77093776611266742420275345234133,0,0
4512,7,-2,0.071630927934550720470517033549911,0,0
4513,9,2,0.67301725157831731300604419596708,0,0
4514,8,-1,0.8757898988658504980770985208014,1,1
4515,7,-1,0.28133519344091686821920717047006,1,1
4516,8,1,0.092425782591049608503424469807379,1,1
4517,9,1,0.71460696089131508907185906848201,1,1
4518,8,-1,0.95896931749184605020872826583128,1,1
4519,7,-1,0.44769403069290797248246666052981,1,1
4520,8,1,0.42514345709503181702994344992686,1,1
4521,8,0,0.38004230989927950612489702872098,0,0
4522,8,0,0.28984001550777488431480418630922,0,0
4523,8,0,0.10943542672476564069461850148569,0,0
4524,9,1,0.74862624915874715345424713183864,1,1
4525,7,-2,0.027007894026710178973504392544541,0,0
4526,9,2,0.58377118376263623001201891395634,0,0
4527,8,-1,0.69729776323448833208904795677993,1,1
4528,8,0,0.9243509221781925362431060424271,0,0
4529,7,-1,0.37845724006560094455122221372146,1,1
4530,8,1,0.28666987584041776116745455631018,1,1
4531,8,0,0.10309514739005139439991924148761,0,0
4532,9,1,0.73594569048931866086484861184248,1,1
4533,7,-2,0.0016467766878531937947073525522088,0,0
4534,9,2,0.53304894908492225965442483397167,0,0
4535,8,-1,0.5958532938790603913738597968106,1,1
4536,8,0,0.72146198346733665481272972248845,0,0
4537,8,0,0.97267936264388918169046957384415,0,0
4538,7,-1,0.47511412099699423544594927655555,1,1
4539,8,1,0.47998363770320434295690868197835,1,1
4540,8,0,0.48972267111562455797882749282395,0,0
4541,8,0,0.50920073794046498802266511451516,0,0
4542,8,0,0.54815687159014584811034035789758,0,0
4543,8,0,0.62606913888950756828569084466241,0,0
4544,8,0,0.78189367348823100863639181819208,0,0
4545,7,-1,0.093542742685677889337793765251409,1,1
4546,9,2,0.71684088108057165074059765937007,0,0
4547,8,-1,0.9634371578703591735462054476074,1,1
4548,7,-1,0.45662971144993421915742102408205,1,1
4549,8,1,0.44301481860908431037985217703135,1,1
4550,8,0,0.41578503292738449282471448292995,0,0
4551,8,0,0.36132546156398485771443909472716,0,0
4552,8,0,0.25240631883718558749388831832157,0,0
4553,8,0,0.034568033383587047052786765510395,0,0
4554,9,1,0.59889146247638996617058365988804,1,1
4555,8,-1,0.72753832066199580440617744864334,1,1
4556,8,0,0.98483203703320748087736502615393,0,0
4557,7,-1,0.49941946977563083381974018117512,1,1
4558,8,1,0.5285943352604775397044904912175,1,1
4559,8,0,0.58694406623017095147399111130226,0,0
4560,8,0,0.70364352816955777501299235147177,0,0
4561,8,0,0.93704245204833142209099483181079,0,0
4562,7,-1,0.40384029980587871624699979248882,1,1
4563,8,1,0.3374359953209733045590097138449,1,1
4564,8,0,0.20462738635116248118302955655706,0,0
4565,9,1,0.93901016841154083443106924198137,1,1
4566,7,-2,0.40777573253229754092714861283,0,0
4567,8,1,0.34530686077381095391930735452726,1,1
4568,8,0,0.22036911725683777990362483792177,0,0
4569,9,1,0.9704936302228914318722598047108,1,1
4570,7,-2,0.47074265615499873580952973828885,0,0
4571,8,1,0.47124070801921334368406960544496,1,1
4572,8,0,0.47223681174764255943314933975717,0,0
4573,8,0,0.4742290192045009909313088083816,0,0
4574,8,0,0.47821343411821785392762774563046,0,0
4575,8,0,0.48618226394565157992026562012817,0,0
4576,8,0,0.5021199236005190319055413691236,0,0
4577,8,0,0.53399524291025393587609286711445,0,0
4578,8,0,0.59774588152972374381719586309616,0,0
4579,8,0,0.72524715876866335969940185505957,0,0
4580,8,0,0.9802497132465425914638138389864,0,0
4581,7,-1,0.49025482220230105499263780684006,1,1
4582,8,1,0.51026504011381798205028574254737,1,1
4583,8,0,0.550285475936851836165581613962,0,0
4584,8,0,0.63032634758291954439617335679125,0,0
4585,8,0,0.79040809087505496085735684244975,0,0
4586,7,-1,0.11057157745932579377972381376674,1,1
4587,9,2,0.75089855062786745962445775640074,0,0
4588,7,-2,0.031552496964950791313925641668738,0,0
4589,9,2,0.59286038963911745469286141220473,0,0
4590,8,-1,0.71547617498745078145073295327671,1,1
4591,8,0,0.96070774568411743496647603542068,0,0
4592,7,-1,0.45117088707745074199796219970861,1,1
4593,8,1,0.43209716986411735606093452828447,1,1
4594,8,0,0.3939497354374505841868791854362,0,0
4595,8,0,0.31765486658411704043876849973965,0,0
4596,8,0,0.16506512887744995294254712834655,0,0
4597,9,1,0.85988565346411577795010438556035,1,1
4598,7,-2,0.24952670263744742796521889998795,0,0
4599,8,1,0.028808800984110727995447928843146,1,1
4600,9,1,0.58737299767743732805590598655355,1,1
4601,8,-1,0.70450139106409052817682210197434,1,1
4602,8,0,0.93875817783739692841865433281594,0,0
4603,7,-1,0.40727175138400972890231879449914,1,1
4604,8,1,0.34429889847723532986964771786553,1,1
4605,8,0,0.21835319266368653180430556459831,0,0
4606,9,1,0.96646178103658893567362125806387,1,1
4607,7,-2,0.46267895778239374341225264499499,0,0
4608,8,1,0.45511331127400335888951541885724,1,1
4609,8,0,0.43998201825722258984404096658173,0,0
4610,8,0,0.40971943222366105175309206203072,0,0
4611,8,0,0.34919426015653797557119425292869,0,0
4612,8,0,0.22814391602229182320739863472463,0,0
4613,9,1,0.9860432277537995184798073983165,1,1
4614,7,-2,0.50184185121681490902462492550026,0,0
4615,8,1,0.53343909814284569011425997986778,1,1
4616,8,0,0.59663359199490725229353008860281,0,0
4617,8,0,0.72302257969903037665207030607288,0,0
4618,8,0,0.975800555107276625369150741013,0,0
4619,7,-1,0.48135650592376912280331161089326,1,1
4620,8,1,0.49246840755675411767163335065378,1,1
4621,8,0,0.51469221082272410740827683017482,0,0
4622,8,0,0.55913981735466408688156378921689,0,0
4623,8,0,0.64803503041854404582813770730103,0,0
4624,8,0,0.8258254565463039637212855434693,0,0
4625,7,-1,0.18140630880182379950758121580586,1,1
4626,9,2,0.89256801331286347108017256047898,0,0
4627,7,-2,0.31489142233494281422535524982521,0,0
4628,8,1,0.15953824037910150051572062851768,1,1
4629,9,1,0.84883187646741887309645138590261,1,1
4630,7,-2,0.22741914864405361825791290067248,0,0
4631,9,2,0.98459369299732310858083593021222,0,0
4632,7,-2,0.49894278170386208922668198929169,0,0
4633,8,1,0.52764095911694005051837410745063,1,1
4634,8,0,0.58503731394309597310175834376852,0,0
4635,8,0,0.69983002359540781826852681640429,0,0
4636,8,0,0.92941544290003150860206376167583,0,0
4637,7,-1,0.38858628150927888926913765221891,1,1
4638,8,1,0.30692795872777365060328543330508,1,1
4639,8,0,0.14361131316476317327158099547741,0,0
4640,9,1,0.81697802203874221860817211982208,1,1
4641,7,-2,0.16371143978670030928135436851142,0,0
4642,9,2,0.85717827528261649062771886589009,0,0
4643,7,-2,0.24411194627444885332044786064744,0,0
4644,8,1,0.017979288258113578705905850162139,1,1
4645,9,1,0.56571397222544302947682182919153,1,1
4646,8,-1,0.66118334016010193101865378725032,1,1
4647,8,0,0.85212207602941973410231770336789,0,0
4648,7,-1,0.23399954776805534026964553560303,1,1
4649,9,2,0.99775449124532655260430120007331,0,0
4650,7,-2,0.52526437819986897727361252901388,0,0
4651,8,1,0.58028415210895382661223518689501,1,1
4652,8,0,0.69032369992712352528948050265727,0,0
4653,8,0,0.91040279556346292264397113418179,0,0
4654,7,-1,0.35056098683614171735295239723083,1,1
4655,8,1,0.23087736938149930677091492332891,1,1
4656,9,1,0.99151013447221448560683997552508,1,1
4657,7,-2,0.51277566465364484327869007991742,0,0
4658,8,1,0.55530672501650555862239028870209,1,1
4659,8,0,0.64036884574222698930979070627143,0,0
4660,8,0,0.81049308719366985068459154141012,0,0
4661,7,-1,0.1507415700965555734341932116875,1,1
4662,9,2,0.83123853590232701893339655224225,0,0
4663,7,-2,0.19223246751386990993180323335175,0,0
4664,9,2,0.91422033073695569192861659557075,0,0
4665,7,-2,0.35819605718312725592224332000875,0,0
4666,8,1,0.24614751007547038390949676888475,1,1
4667,8,0,0.022050415860156639884003666636756,0,0
4668,9,1,0.57385622742952915183301746214077,1,1
4669,8,-1,0.67746785056827417573104505314878,1,1
4670,8,0,0.88469109684576422352710023516482,0,0
4671,7,-1,0.2991375894007443191192105991969,1,1
4672,8,1,0.12803057451070451030343132726105,1,1
4673,9,1,0.78581654473062489267187278338935,1,1
4674,7,-2,0.10138848517046565740875569564596,0,0
4675,9,2,0.73253236605014718688252152015917,0,0
4676,8,-1,0.9948201278095102458300531691856,1,1
4677,7,-1,0.51939565132823636372511646723845,1,1
4678,8,1,0.56854669836568859951524306334416,1,1
4679,8,0,0.66684879244059307109549625555557,0,0
4680,8,0,0.86345298059040201425600263997839,0,0
4681,7,-1,0.25666135689001990057701540882404,1,1
4682,8,1,0.043078109489255673219040946515328,1,1
4683,9,1,0.61591161468772721850309202189791,1,1
4684,8,-1,0.76157862508467030907119417266308,1,1
4685,7,-1,0.052912645878556490207398474193404,1,1
4686,9,2,0.63558068746632885247980707725406,0,0
4687,8,-1,0.80091677064187357702462428337538,1,1
4688,7,-1,0.13158893699296302611425869561801,1,1
4689,9,2,0.79293326969514192429352752010327,0,0
4690,7,-2,0.1156219350994997206520651690738,0,0
4691,9,2,0.76099926590821531336914046701485,0,0
4692,7,-2,0.051753927525646498803291062896949,0,0
4693,9,2,0.63326325076050886967159225466115,0,0
4694,8,-1,0.79628189723023361140819463818956,1,1
4695,7,-1,0.12231919016968309488139940524637,1,1
4696,9,2,0.77439377604858206182780893935999,0,0
4697,7,-2,0.078542947806379995720628007587228,0,0
4698,9,2,0.68684129132197586350626614404171,0,0
4699,8,-1,0.90343797835316759907754241695067,1,1
4700,7,-1,0.3366313524155510702200949627686,1,1
4701,8,1,0.20301810054031801250520005440445,1,1
4702,9,1,0.93579159678985189707541023767616,1,1
4703,7,-2,0.40133858928891966621583060421957,0,0
4704,8,1,0.3324325742870552044966713373064,1,1
4705,8,0,0.19462054428332628105835280348005,0,0
4706,9,1,0.91899648427586843418171573582735,1,1
4707,7,-2,0.36774836426095274042844160052196,0,0
4708,8,1,0.26525212423112135292189332991117,1,1
4709,8,0,0.060259644171458577908796788689594,0,0
4710,9,1,0.65027468405213302788260370624644,1,1
4711,8,-1,0.83030476381348192783021754136014,1,1
4712,7,-1,0.19036492333617972772544521158752,1,1
4713,9,2,0.9104852423815753275159005520423,0,0
4714,7,-2,0.35072588047236652709681123295186,0,0
4715,8,1,0.23120715665394892625863259477097,1,1
4716,9,1,0.99216970901711372458227531840919,1,1
4717,7,-2,0.51409481374344332122956076568564,0,0
4718,8,1,0.55794502319610251452413166023854,1,1
4719,8,0,0.64564544210142090111327344934433,0,0
4720,8,0,0.82104627991205767429155702755591,0,0
4721,7,-1,0.17184795553333122064812418397906,1,1
4722,9,2,0.87345130677587831336125849682538,0,0
4723,7,-2,0.27665800926097249878752712251802,0,0
4724,8,1,0.083071414231160869640064373903293,1,1
4725,9,1,0.69589822417153761134513887667384,1,1
4726,8,-1,0.92155184405229109475528788221493,1,1
4727,7,-1,0.37285908381379806157558589329712,1,1
4728,8,1,0.2754735633368119952161819154615,1,1
4729,8,0,0.080702522382839862497373959790248,0,0
4730,9,1,0.69116044047489559705975804844775,1,1
4731,8,-1,0.91207627665900706618452622576275,1,1
4732,7,-1,0.35390794902723000443406258039276,1,1
4733,8,1,0.23757129376367588093313528965277,1,1
4734,8,0,0.004897983236567633931280708172802,0,0
4735,9,1,0.53955136218235113992757154521286,1,1
4736,8,-1,0.60885812007391815192015321929297,1,1
4737,8,0,0.74747163585705217590531656745319,0,0
4738,7,-1,0.024698667423320223875643263773638,1,1
4739,9,2,0.57915273055585631981629665641453,0,0
4740,8,-1,0.68806085682092851169760344169631,1,1
4741,8,0,0.90587710935107289546021701225988,0,0
4742,7,-1,0.34150961441136166298544415338702,1,1
4743,8,1,0.21277462453193919803589843564128,1,1
4744,9,1,0.95530464477309426813680700014982,1,1
4745,7,-2,0.4403646852554044083386241291669,0,0
4746,8,1,0.41048476622002468874225838720105,1,1
4747,8,0,0.35072492814926524954952690326936,0,0
4748,8,0,0.23120525200774637116406393540598,0,0
4749,9,1,0.9921658997247086143931379996792,1,1
4750,7,-2,0.51408719515863310085128612822566,0,0
4751,8,1,0.55792978602648207376758238531858,1,1
4752,8,0,0.64561496776218001960017489950441,0,0
4753,8,0,0.82098533123357591126535992787608,0,0
4754,7,-1,0.17172605817636769459572998461942,1,1
4755,9,2,0.87320751206195126125647009810608,0,0
4756,7,-2,0.27617041983311839457795032507942,0,0
4757,8,1,0.082096235375452661220910779026101,1,1
4758,9,1,0.69394786646012119450683168691946,1,1
4759,8,-1,0.91765112862945826107867350270617,1,1
4760,7,-1,0.36505765296813239422235713427958,1,1
4761,8,1,0.25987070164548066050972439742642,1,1
4762,8,0,0.049496799000177193084458923720098,0,0
4763,9,1,0.62874899370957025823392797630745,1,1
4764,8,-1,0.78725338312835638853286608148215,1,1
4765,7,-1,0.10426216196592864913074229183156,1,1
4766,9,2,0.73827971964107317032649471253038,0,0
4767,7,-2,0.0063148349913622127179995539280064,0,0
4768,9,2,0.54238506569194029750100923672327,0,0
4769,8,-1,0.61452552709309646706702860231379,1,1
4770,8,0,0.75880644989540880619906733349483,0,0
4771,7,-1,0.047368295500033484463144795856908,1,1
4772,9,2,0.62449198670928284099129972058107,0,0
4773,8,-1,0.77873936912778155404760957002939,1,1
4774,7,-1,0.08723413396477898016022926892604,1,1
4775,9,2,0.70422366363877383238546866671933,0,0
4776,8,-1,0.93820272298676353683594746230592,1,1
4777,7,-1,0.4061608416827429457369050534791,1,1
4778,8,1,0.34207707907470176353882023582545,1,1
4779,8,0,0.21390955385861939914265060051815,0,0
4780,9,1,0.95757450342645467035031132990356,1,1
4781,7,-2,0.44490440256212521276563278867438,0,0
4782,8,1,0.41956420083346629759627570621601,1,1
4783,8,0,0.36888379737614846725756154129928,0,0
4784,8,0,0.26752299046151280658013321146582,0,0
4785,8,0,0.064801376632241485225276551798895,0,0
4786,9,1,0.65935814897369884251556323246504,1,1
4787,8,-1,0.84847169365661355709613659379734,1,1
4788,7,-1,0.22669878302244298625728331646194,1,1
4789,9,2,0.98315296175410184457957676179113,0,0
4790,7,-2,0.49606131921741956122416365244952,0,0
4791,8,1,0.52187803414405499451333743376629,1,1
4792,8,0,0.57351146399732586109168499639983,0,0
4793,8,0,0.67677832370386759424838012166691,0,0
4794,8,0,0.88331204311695106056177037220108,0,0
4795,7,-1,0.29637948194311799318855087326941,1,1
4796,8,1,0.12251435959545185844211187540607,1,1
4797,9,1,0.7747841149001195889492338796794,1,1
4798,7,-2,0.07932362550945504996347788822606,0,0
4799,9,2,0.68840264672812597199196590531937,0,0
4800,8,-1,0.906560689165467816048941939506,1,1
4801,7,-1,0.34287677404015150416289400787926,1,1
4802,8,1,0.21550894378951888039079814462577,1,1
4803,9,1,0.96077328328825363284660641811879,1,1
4804,7,-2,0.45130196228572313775822296510483,0,0
4805,8,1,0.43235932028066214758145605907692,1,1
4806,8,0,0.39447403627054016722792224702109,0,0
4807,8,0,0.31870346825029620652085462290944,0,0
4808,8,0,0.16716233220980828510671937468613,0,0
4809,9,1,0.86408006012883244227844887823951,1,1
4810,7,-2,0.25791551596688075662190788534627,0,0
4811,8,1,0.045586427642977385308825899559795,1,1
4812,9,1,0.62092825099517064268266192798684,1,1
4813,8,-1,0.77161189769955715743033398484094,1,1
4814,7,-1,0.072979191108330186925678098549138,1,1
4815,9,2,0.67571377792587624591636632596553,0,0
4816,8,-1,0.88118295156096836389774278079832,1,1
4817,7,-1,0.29212129883115259986049569046388,1,1
4818,8,1,0.11399799337152107178600150979502,1,1
4819,9,1,0.7577513824522580156370131484573,1,1
4820,7,-2,0.045258160613731903339036425781849,0,0
4821,9,2,0.62027171693667967874308298043095,0,0
4822,8,-1,0.77029882958257522955117608972916,1,1
4823,7,-1,0.070353054874366331167362308325571,1,1
4824,9,2,0.6704615054579485343997347455184,0,0
4825,8,-1,0.87067840662511294086447961990405,1,1
4826,7,-1,0.27111220895944175379396936867535,1,1
4827,8,1,0.071979813628099379652948866217949,1,1
4828,9,1,0.67371502296541463137090786130315,1,1
4829,8,-1,0.87718544164004513480682585147356,1,1
4830,7,-1,0.28412627898930614167866183181436,1,1
4831,8,1,0.098007953687828155422333792495983,1,1
4832,9,1,0.72577130308487218290967771385922,1,1
4833,8,-1,0.98129800187896023788436555658569,1,1
4834,7,-1,0.49235139946713634783374124203864,1,1
4835,8,1,0.51445819464348856773249261294454,1,1
4836,8,0,0.55867178499619300752999535475633,0,0
4837,8,0,0.64709896570160188712500083837992,0,0
4838,8,0,0.82395332711241964631501180562709,0,0
4839,7,-1,0.17766204993405516469503374012143,1,1
4840,9,2,0.88507949557732620145507760911011,0,0
4841,7,-2,0.29991438686386827497516534708748,0,0
4842,8,1,0.12958416943695242201534082304222,1,1
4843,9,1,0.78892373458312071609569177495169,1,1
4844,7,-2,0.10760286487545730425639367877064,0,0
4845,9,2,0.74496112546013048057779748640853,0,0
4846,7,-2,0.019677646629476833220605101684314,0,0
4847,9,2,0.56911068896816953850622033223588,0,0
4848,8,-1,0.66797677364555494907745079333902,1,1
4849,8,0,0.86570894300032577021991171554529,0,0
4850,7,-1,0.26117328170986741250483355995783,1,1
4851,8,1,0.052101959128950697074677248782915,1,1
4852,9,1,0.63395931396711726621436462643308,1,1
4853,8,-1,0.79767402364345040449373938173342,1,1
4854,7,-1,0.1251034429961166810524888923341,1,1
4855,9,2,0.77996228170144923416998791353545,0,0
4856,7,-2,0.089679959112114340404985955938151,0,0
4857,9,2,0.70911531393344455287498204074356,0,0
4858,8,-1,0.94798602357610497781497421035437,1,1
4859,7,-1,0.42572744286142582769495854957599,1,1
4860,8,1,0.38121028143206752745492722801923,1,1
4861,8,0,0.29217595857335092697486458490571,0,0
4862,8,0,0.11410731285591772601473929867868,0,0
4863,9,1,0.7579700214210513240944887262246,1,1
4864,7,-2,0.045695438551318520253987581316463,0,0
4865,9,2,0.62114627281185291257298529150018,0,0
4866,8,-1,0.77204794133292169721098071186762,1,1
4867,7,-1,0.073851278375059266486971552602484,1,1
4868,9,2,0.67745795245933440503895323407222,0,0
4869,8,-1,0.8846713006278846821429165970117,1,1
4870,7,-1,0.29909799696498523635084332289065,1,1
4871,8,1,0.12795138963918634476669677464855,1,1
4872,9,1,0.78565817498758856159840367816435,1,1
4873,7,-2,0.10107174568439299526181748519596,0,0
4874,9,2,0.73189888707800186258864509925918,0,0
4875,8,-1,0.99355316986521959724230032738562,1,1
4876,7,-1,0.51686173543965506654961078363849,1,1
4877,8,1,0.56347886658852600516423169614423,1,1
4878,8,0,0.6567131288862678823934735211557,0,0
4879,8,0,0.84318165348175163685195717117866,0,0
4880,7,-1,0.21611870267271914576892447122458,1,1
4881,9,2,0.96199280105465416360285907131641,0,0
4882,7,-2,0.45374099781852419927072827150007,0,0
4883,8,1,0.4372373913462642706064666718674,1,1
4884,8,0,0.40423017840174441327794347260206,0,0
4885,8,0,0.33821575251270469862089707407137,0,0
4886,8,0,0.20618690073462526930680427700999,0,0
4887,9,1,0.94212919717846641067861868288723,1,1
4888,7,-2,0.41401379006614869342224749464172,0,0
4889,8,1,0.35778297584151325890950511815069,1,1
4890,8,0,0.24532134739224238988402036516863,0,0
4891,8,0,0.020398090493700651833050859204516,0,0
4892,9,1,0.57055157669661717573111184727628,1,1
4893,8,-1,0.67085854910245022352723382341982,1,1
4894,8,0,0.8714724939141163191194777757069,0,0
4895,7,-1,0.27270038353744851030396568028106,1,1
4896,8,1,0.075156162784112892672941489429366,1,1
4897,9,1,0.68006772127744165741089310772599,1,1
4898,8,-1,0.88989083826409918688679634431922,1,1
4899,7,-1,0.3095370722374142458386028175057,1,1
4900,8,1,0.14882954018404436374221576387866,1,1
4901,9,1,0.82741447607730459954944165662457,1,1
4902,7,-2,0.1845843478638250711638934421164,0,0
4903,9,2,0.89892409143686601439279701310005,0,0
4904,7,-2,0.32760357858294790085060415506736,0,0
4905,8,1,0.18496255287511167376621843900197,1,1
4906,9,1,0.8996805014594392195974470068712,1,1
4907,7,-2,0.32911639862809431125990414260965,0,0
4908,8,1,0.18798819296540449458481841408655,1,1
4909,9,1,0.90573178164002486123464695704036,1,1
4910,7,-2,0.34121895898926559453430404294797,0,0
4911,8,1,0.21219331368774706113361821476319,1,1
4912,9,1,0.95414202308470999433224655839364,1,1
4913,7,-2,0.43803944187863586072950324565454,0,0
4914,8,1,0.40583427946648759352401662017633,1,1
4915,8,0,0.34142395464219105911304336921991,0,0
4916,8,0,0.21260330499359799029109686730708,0,0
4917,9,1,0.95496200569641185264720386348142,1,1
4918,7,-2,0.43967940710203957735941785583009,0,0
4919,8,1,0.40911420991329502678384584052744,1,1
4920,8,0,0.34798381553580592563270180992214,0,0
4921,8,0,0.22572302678082772333041374871152,0,0
4922,9,1,0.9812014492708713187258376262903,1,1
4923,7,-2,0.49215829425095850951668538144786,0,0
4924,8,1,0.51407198421113289109838089176298,1,1
4925,8,0,0.5578993641314816542617719123932,0,0
4926,8,0,0.64555412397217918058855395365366,0,0
4927,8,0,0.82086364365357423324211803617458,0,0
4928,7,-1,0.17148268301636433854924620121641,1,1
4929,9,2,0.87272076174194454916350253130007,0,0
4930,7,-2,0.27519691919310497039201519146739,0,0
4931,8,1,0.080149234095425812849040511802027,1,1
4932,9,1,0.69005386390006749776309115247131,1,1
4933,8,-1,0.90986312350935086759119243380987,1,1
4934,7,-1,0.34948164272791760724739499648699,1,1
4935,8,1,0.22871868116505108655980012184124,1,1
4936,9,1,0.98719275803931804518461037254974,1,1
4937,7,-2,0.50414091178785196243423087396673,0,0
4938,8,1,0.53803721928491979693347187680071,1,1
4939,8,0,0.60582983427905546593195388246866,0,0
4940,8,0,0.74141506426732680392891789380458,0,0
4941,7,-1,0.012585524243869479922845916476421,1,1
4942,9,2,0.55492644419695483191070196182009,0,0
4943,8,-1,0.63960828410312553588641405250744,1,1
4944,8,0,0.80897196391546694383783823388214,0,0
4945,7,-1,0.14769932354014975974068659663154,1,1
4946,9,2,0.82515404278951539154638332213032,0,0
4947,7,-2,0.1800634812882466551577767731279,0,0
4948,9,2,0.88988235828570918238056367512306,0,0
4949,7,-2,0.30952011228063423682613747911337,0,0
4950,8,1,0.14879562027048434571728508709399,1,1
4951,9,1,0.82734663625018456349958030305523,1,1
4952,7,-2,0.18444866820958499906417073497771,0,0
4953,9,2,0.89865273212838587019335159882268,0,0
4954,7,-2,0.32706085996598761245171332651262,0,0
4955,8,1,0.18387711564119109696843678189249,1,1
4956,9,1,0.89750962699159806600188369265223,1,1
4957,7,-2,0.32477464969241200406877751417172,0,0
4958,8,1,0.1793046950940398802025651572107,1,1
4959,9,1,0.88836478589729563247014044328865,1,1
4960,7,-2,0.30648496750380713700529101544455,0,0
4961,8,1,0.14272533071683014607559215975635,1,1
4962,9,1,0.81520605714287616421619444837995,1,1
4963,7,-2,0.16016750999496820049739902562714,0,0
4964,9,2,0.85009041569915227305980818012154,0,0
4965,7,-2,0.22993622710752041818462648911034,0,0
4966,9,2,0.98962784992425670843426310708793,0,0
4967,7,-2,0.50901109555772928893353634304312,0,0
4968,8,1,0.54777758682467444993208281495349,1,1
4969,8,0,0.62531056935856477192917575877424,0,0
4970,8,0,0.78037653442634541592336164641573,0,0
4971,7,-1,0.090508464561906703911733421698723,1,1
4972,9,2,0.7107723248330292798884769722647,0,0
4973,8,-1,0.95130004537527443184196407339665,1,1
4974,7,-1,0.43235548645976473574893827566056,1,1
4975,8,1,0.39446636862874534356288668018838,1,1
4976,8,0,0.318688132966706559190783489244,0,0
4977,8,0,0.16713166164262899044657710735526,0,0
4978,9,1,0.86401871899447385295816434357778,1,1
4979,7,-2,0.25779283369816357798133881602281,0,0
4980,8,1,0.045341063105543028027687760912881,1,1
4981,9,1,0.62043752192030192812038565069302,1,1
4982,8,-1,0.77063043954981972830578143025328,1,1
4983,7,-1,0.071016274808855328676572989373821,1,1
4984,9,2,0.6717879453269265294181561076149,0,0
4985,8,-1,0.87333128636306893090132234409705,1,1
4986,7,-1,0.27641796843535373386765481706135,1,1
4987,8,1,0.082591332579923339800319762989948,1,1
4988,9,1,0.69493806086906255166564965484715,1,1
4989,8,-1,0.91963151744734097539630943856155,1,1
4990,7,-1,0.36901843060389782285762900599036,1,1
4991,8,1,0.26779225691701151778026814084798,1,1
4992,8,0,0.065339909543238907625546410563209,0,0
4993,9,1,0.66043521479569368731610294999367,1,1
4994,8,-1,0.8506258253006032466972160288546,1,1
4995,7,-1,0.23100704631042236545944218657645,1,1
4996,9,2,0.99176948833006060298389450202014,0,0
4997,7,-2,0.51329437236933707803279913290754,0,0
4998,8,1,0.55634414044789002813060839468234,1,1
4999,8,0,0.64244367660499592832622691823193,0,0
5000,8,0,0.81464274891920772871746396533111,0,0
5001,7,-1,0.15904089354763132949993805952948,1,1
5002,9,2,0.84783718280447853106488624792622,0,0
5003,7,-2,0.22542976131817293419478262471969,0,0
5004,9,2,0.98061491834556174045457537830663,0,0
5005,7,-2,0.49098523240033935297416088548051,0,0
5006,8,1,0.51172586050989457801333189982827,1,1
5007,8,0,0.55320711672900502809167392852379,0,0
5008,8,0,0.63616962916722592824835798591483,0,0
5009,8,0,0.80209465404366772856172610069691,0,0
5010,7,-1,0.13394470379655132918846233026108,1,1
5011,9,2,0.79764480330231853044193478938942,0,0
5012,7,-2,0.1250450023138529329488797076461,0,0
5013,9,2,0.77984540033692173796276954415944,0,0
5014,7,-2,0.089446196383059347990549217186142,0,0
5015,9,2,0.70864778847533456804610856323954,0,0
5016,8,-1,0.94705097265988500815722725534633,1,1
5017,7,-1,0.42385734102898588837946463955991,1,1
5018,8,1,0.37747007776718764882393940798708,1,1
5019,8,0,0.28469555124359116971288894484142,0,0
5020,8,0,0.099146498196398211490788018550092,0,0
5021,9,1,0.72804839210201229504658616596744,1,1
5022,8,-1,0.98585217991324046215818246080213,1,1
5023,7,-1,0.50145975553569679638137505047152,1,1
5024,8,1,0.53267490678060946482776022981029,1,1
5025,8,0,0.59510520927043480172053058848782,0,0
5026,8,0,0.7199658142500854755060713058429,0,0
5027,8,0,0.96968702420938682307715274055306,0,0
5028,7,-1,0.46912944412798951821931560997337,1,1
5029,8,1,0.468014283965194908503641348814,1,1
5030,8,0,0.46578396363960568907229282649526,0,0
5031,8,0,0.46132332298842725020959578185777,0,0
5032,8,0,0.45240204168607037248420169258279,0,0
5033,8,0,0.43455947908135661703341351403284,0,0
5034,8,0,0.39887435387192910613183715693293,0,0
5035,8,0,0.32750410345307408432868444273311,0,0
5036,8,0,0.18476360261536404072237901433348,0,0
5037,9,1,0.89928260093994395350976815753421,1,1
5038,7,-2,0.32832059758910377908454644393568,0,0
5039,8,1,0.18639659088742343023410301673861,1,1
5040,9,1,0.90254857748406273253321616234448,1,1
5041,7,-2,0.3348525506773413371314424535562,0,0
5042,8,1,0.19946049706389854632789503597966,1,1
5043,9,1,0.92867638983701296472080020082658,1,1
5044,7,-2,0.38710817538324180150661053052042,0,0
5045,8,1,0.30397174647569947507823118990808,1,1
5046,8,0,0.13769888866061482222147250868342,0,0
5047,9,1,0.8051531730304455165079551462341,1,1
5048,7,-2,0.14006174177010690508092042133545,0,0
5049,9,2,0.80987887924942968222685097153816,0,0
5050,7,-2,0.14951315420807523651871207194356,0,0
5051,9,2,0.82878170412536634510243427275438,0,0
5052,7,-2,0.18731880395994856226987867437602,0,0
5053,9,2,0.90439300362911299660476747761929,0,0
5054,7,-2,0.33854140296744186527454508410584,0,0
5055,8,1,0.20683820164409960261410029707893,1,1
5056,9,1,0.94343179899741507729321072302512,1,1
5057,7,-2,0.41661899370404602665143157491749,0,0
5058,8,1,0.36299338311730792536787327870224,1,1
5059,8,0,0.25574216194383172280075668627173,0,0
5060,8,0,0.041239719596879317666523501410704,0,0
5061,9,1,0.61223483490297450739805713168866,1,1
5062,8,-1,0.75422506551516488686112439224458,1,1
5063,7,-1,0.038205526739545645787258913356407,1,1
5064,9,2,0.60616644918830716363952795558007,0,0
5065,8,-1,0.74208829408583019934406604002739,1,1
5066,7,-1,0.013931983880876270753142208922036,1,1
5067,9,2,0.55761936347096841357129454671133,0,0
5068,8,-1,0.64499412265115269920759922228991,1,1
5069,8,0,0.81974364101152127048020857344706,0,0
5070,7,-1,0.16924267773225841302542727576138,1,1
5071,9,2,0.86824075117373269811586468039002,0,0
5072,7,-2,0.26623689805668126829673948964729,0,0
5073,8,1,0.062229191822578408658489108161832,1,1
5074,9,1,0.65421377935437268938198834519092,1,1
5075,8,-1,0.83818295441796125082898681924909,1,1
5076,7,-1,0.20612130454513837372298376736543,1,1
5077,9,2,0.94199800479949261951097766359812,0,0
5078,7,-2,0.41375140530820111108696545606349,0,0
5079,8,1,0.35725820632561809423894104099422,1,1
5080,8,0,0.2442718083604520605428922108557,0,0
5081,8,0,0.018299012430119993150794550578658,0,0
5082,9,1,0.56635342056945585836659923002457,1,1
5083,8,-1,0.66246223684812758879820858891639,1,1
5084,8,0,0.85467986940547104966142730670004,0,0
5085,7,-1,0.23911513452015797138786474226734,1,1
5086,8,1,0.0079856647495318148407396134019269,1,1
5087,9,1,0.54572672520827950174648935567111,1,1
5088,8,-1,0.62120884612577487555798884020947,1,1
5089,8,0,0.77217308796076562318098780928619,0,0
5090,7,-1,0.074101571630747118426985747439636,1,1
5091,9,2,0.67795853897071010891898162374653,0,0
5092,8,-1,0.88567247365063608990297337636031,1,1
5093,7,-1,0.30110034301048805187095688158787,1,1
5094,8,1,0.13195608173019197580692389204299,1,1
5095,9,1,0.79366755916959982367885791295323,1,1
5096,7,-2,0.11709051404841551942272595477372,0,0
5097,9,2,0.76393642380604691091046203841469,0,0
5098,7,-2,0.057628243321309693885934205696629,0,0
5099,9,2,0.64501188235183525983687854026051,0,0
5100,8,-1,0.81977916041288639173876720938828,1,1
5101,7,-1,0.16931371653498865554254454764381,1,1
5102,9,2,0.86838282877919318315009922415486,0,0
5103,7,-2,0.26652105326760223836520857717698,0,0
5104,8,1,0.062797502244420348795427283221219,1,1
5105,9,1,0.65535040019805656965586469530969,1,1
5106,8,-1,0.84045619610532901137673951948664,1,1
5107,7,-1,0.21066778791987389481848916784053,1,1
5108,9,2,0.95109097154896366170198846454831,0,0
5109,7,-2,0.43193733880714319546898705796387,0,0
5110,8,1,0.39363007332350226300298424479498,1,1
5111,8,0,0.31701554235622039807097861845722,0,0
5112,8,0,0.1637864804216566682069673657817,0,0
5113,9,1,0.85732835655252920847894486043066,1,1
5114,7,-2,0.24441210881427428902289984972857,0,0
5115,8,1,0.018579613337764450110809828324384,1,1
5116,9,1,0.56691462238474477228662978551602,1,1
5117,8,-1,0.6635846404787054166382696998993,1,1
5118,8,0,0.85692467666662670534154952866585,0,0
5119,7,-1,0.24360474904246928274810918619896,1,1
5120,8,1,0.016964893794154437561228501265167,1,1
5121,9,1,0.56368518329752474718746713139759,1,1
5122,8,-1,0.65712576230426536643994439166243,1,1
5123,8,0,0.84400692031774660494489891219211,0,0
5124,7,-1,0.21776923634470908195480795325148,1,1
5125,9,2,0.96529386839863403597462603537021,0,0
5126,7,-2,0.46034313250648394401426219960767,0,0
5127,8,1,0.4504416607221837600935345280826,1,1
5128,8,0,0.43063871715358339225207918503245,0,0
5129,8,0,0.39103283001638265656916849893215,0,0
5130,8,0,0.31182105574198118520334712673154,0,0
5131,8,0,0.15339750719317824247170438233034,0,0
5132,9,1,0.83655041009557235700841889352794,1,1
5133,7,-2,0.20285621590036058608184791592313,0,0
5134,9,2,0.93546782750993704422870596071351,0,0
5135,7,-2,0.40069105072908996052242205029427,0,0
5136,8,1,0.33113749716739579310985422945579,1,1
5137,8,0,0.19203039004400745828471858777884,0,0
5138,9,1,0.91381617579723078863444730442492,1,1
5139,7,-2,0.3573877473036774493339047377171,0,0
5140,8,1,0.24453089031657077073281960430146,1,1
5141,8,0,0.018817176342357413530649337470173,0,0
5142,9,1,0.5673897483939306991263088038076,1,1
5143,8,-1,0.66453489249707727031762773648245,1,1
5144,8,0,0.85882518070337041270026560183216,0,0
5145,7,-1,0.24740575711595669746554133253157,1,1
5146,8,1,0.024566909941129266996092793930392,1,1
5147,9,1,0.57888921559147440605719571672804,1,1
5148,8,-1,0.68753382689216468417940156232333,1,1
5149,8,0,0.90482304949354524042381325351392,0,0
5150,7,-1,0.33940149469630635291263663589509,1,1
5151,8,1,0.20855838510182857789028340065742,1,1
5152,9,1,0.9468721659128730278455769301821,1,1
5153,7,-2,0.42349972753496192775616398923146,0,0
5154,8,1,0.37675485077913972757733810733018,1,1
5155,8,0,0.28326509726749532721968634352761,0,0
5156,8,0,0.096285590244206526504382815922464,0,0
5157,9,1,0.72232657619762892507377576071218,1,1
5158,8,-1,0.97440854810447372221256165029162,1,1
5159,7,-1,0.47857249191816331649013342945049,1,1
5160,8,1,0.48690037954554250504527698776823,1,1
5161,8,0,0.50355615480030088215556410440372,0,0
5162,8,0,0.5368677053098176363761383376747,0,0
5163,8,0,0.60349080632885114481728680421665,0,0
5164,8,0,0.73673700836691816169958373730055,0,0
5165,7,-1,0.0032294124430521954641776034683593,1,1
5166,9,2,0.53621422059532026299336533580397,0,0
5167,8,-1,0.6021838368998563980517408004752,1,1
5168,8,0,0.73412306950892866816849172981765,0,0
5169,8,0,0.99800153472707320840199358850256,0,0
5170,7,-1,0.52575846516336228886899730587236,1,1
5171,8,1,0.58127232603594044980300474061198,1,1
5172,8,0,0.69230004778109677167101961009122,0,0
5173,8,0,0.91435549127140941540704934904969,0,0
5174,7,-1,0.35846637825203470287910882696664,1,1
5175,8,1,0.24668815221328527782322778280053,1,1
5176,8,0,0.023131700135786427711465694468311,0,0
5177,9,1,0.57601879598078872748794151780387,1,1
5178,8,-1,0.681792987670793327040893164475,1,1
5179,8,0,0.89334137105080252614679645781726,0,0
5180,7,-1,0.31643813781082092435860304450178,1,1
5181,8,1,0.1626316713308577207822162178708,1,1
5182,9,1,0.85501873837093131362944256460886,1,1
5183,7,-2,0.23979287245107849932389525808498,0,0
5184,8,1,0.0093411406113728707128006450372086,1,1
5185,9,1,0.54843767693196161349061141894167,1,1
5186,8,-1,0.6266307495731390990462329667506,1,1
5187,8,0,0.78301689485549407015747606236844,0,0
5188,7,-1,0.095789185420204012379962253604143,1,1
5189,9,2,0.72133376654962389682493463607554,0,0
5190,8,-1,0.97242292880846366571487940101833,1,1
5191,7,-1,0.47460125332614320349476893090392,1,1
5192,8,1,0.4789579023615022790545479906751,1,1
5193,8,0,0.48767120043222043017410611021746,0,0
5194,8,0,0.50509779657365673241322234930217,0,0
5195,8,0,0.53995098885652933689145482747158,0,0
5196,8,0,0.60965737342227454584791978381042,0,0
5197,8,0,0.7490701425537649637608496964881,0,0
5198,7,-1,0.027895680816745799586709521843446,1,1
5199,9,2,0.58554675734270747123842917255415,0,0
5200,8,-1,0.70084891039463081454186847397555,1,1
5201,8,0,0.93145321649847750114874707681835,0,0
5202,7,-1,0.39266182870617087436250428250395,1,1
5203,8,1,0.31507905312155762079001869387515,1,1
5204,8,0,0.15991350195233111364504751661756,0,0
5205,9,1,0.84958239961387809935510516210237,1,1
5206,7,-2,0.22892019493697207077522045307199,0,0
5207,9,2,0.98759578558316001361545103501124,0,0
5208,7,-2,0.50494696687553589929591219888974,0,0
5209,8,1,0.53964932946028767065683452664673,1,1
5210,8,0,0.6090540546297912133786791821607,0,0
5211,8,0,0.74786350496879829882236849318866,0,0
5212,7,-1,0.025482405646812469709747115244579,1,1
5213,9,2,0.58072020700284081148450435935641,0,0
5214,8,-1,0.69119580971489749503401884758008,1,1
5215,8,0,0.91214701513901086213304782402741,0,0
5216,7,-1,0.35404942598723759633110577692207,1,1
5217,8,1,0.23785424768369106472722168271138,1,1
5218,8,0,0.0054638910765980015194534942900234,0,0
5219,9,1,0.5406831778624118751039171174473,1,1
5220,8,-1,0.61112175143403962227284436376185,1,1
5221,8,0,0.75199889857729511661069885639096,0,0
5222,7,-1,0.03375319286380610528640784164918,1,1
5223,9,2,0.59726178143682808263782581216561,0,0
5224,8,-1,0.72427895858287203734066175319848,1,1
5225,8,0,0.97831331287495994674633363526422,0,0
5226,7,-1,0.48638202145913576555767739939569,1,1
5227,8,1,0.50251943862748740318036492765863,1,1
5228,8,0,0.53479427296419067842573998418451,0,0
5229,8,0,0.59934394163759722891649009723626,0,0
5230,8,0,0.72844327898441032989799032333978,0,0
5231,8,0,0.98664195367803653186099077554682,0,0
5232,7,-1,0.50303930306528893578699167996089,1,1
5233,8,1,0.53583400183979374363899348878904,1,1
5234,8,0,0.60142339938880335934299710644534,0,0
5235,8,0,0.73260219448682259075100434175793,0,0
5236,8,0,0.99495978468286105356701881238311,0,0
5237,7,-1,0.51967496507493797919904775363347,1,1
5238,8,1,0.56910532585909183046310563613419,1,1
5239,8,0,0.66796604742739953299122140113562,0,0
5240,8,0,0.8656874905640149380474529311385,0,0
5241,7,-1,0.26113037683724574815991599114426,1,1
5242,8,1,0.052016149383707368384842111155766,1,1
5243,9,1,0.63378769447663060883469435117879,1,1
5244,8,-1,0.79733078466247708973439883122483,1,1
5245,7,-1,0.12441696503417005153380779131691,1,1
5246,9,2,0.77858932577755597513262571150107,0,0
5247,7,-2,0.086934047264327822330261551869386,0,0
5248,9,2,0.70362349023787151672553323260603,0,0
5249,8,-1,0.93700237618495890551607659407931,1,1
5250,7,-1,0.40376014807913368309716331702586,1,1
5251,8,1,0.33727569186748323825933676291898,1,1
5252,8,0,0.20430677944418234858368365470522,0,0
5253,9,1,0.93836895459758056923237743827769,1,1
5254,7,-2,0.40649330490437701052976500542264,0,0
5255,8,1,0.34274200551796989312454013971252,1,1
5256,8,0,0.2152394067451556583140904082923,0,0
5257,9,1,0.96023420919952718869319094545186,1,1
5258,7,-2,0.45022381410827024945139201977097,0,0
5259,8,1,0.43020302392575637096779416840919,1,1
5260,8,0,0.39016144356072861400059846568564,0,0
5261,8,0,0.31007828283067310006620706023854,0,0
5262,8,0,0.14991196137056207219742424934433,0,0
5263,9,1,0.82957931845034001645985862755592,1,1
5264,7,-2,0.1889140326098959049847273839791,0,0
5265,9,2,0.90758346092900768203446489682545,0,0
5266,7,-2,0.34492231756723123613393992251814,0,0
5267,8,1,0.21960003084367834433288997390354,1,1
5268,9,1,0.96895545739657256073079007667434,1,1
5269,7,-2,0.46766631050236099352659028221593,0,0
5270,8,1,0.46508801671393785911819069329911,1,1
5271,8,0,0.45993142913709159030139151546548,0,0
5272,8,0,0.44961825398339905266779315979822,0,0
5273,8,0,0.42899190367601397740059644846368,0,0
5274,8,0,0.38773920306124382686620302579462,0,0
5275,8,0,0.3052338018317035257974161804565,0,0
5276,8,0,0.14022299937262292365984248978025,0,0
5277,9,1,0.81020139445446171938469510842776,1,1
5278,7,-2,0.15015818461813931083440034572276,0,0
5279,9,2,0.83007176494549449373381082031278,0,0
5280,7,-2,0.18989892560020485953263176949282,0,0
5281,9,2,0.90955324690962559113027366785289,0,0
5282,7,-2,0.34886188952846705432555746457303,0,0
5283,8,1,0.22747917476614998071612505801332,1,1
5284,9,1,0.98471374524151583349726024489389,1,1
5285,7,-2,0.49918288619224753905953061865503,0,0
5286,8,1,0.52812116809371095018407136617732,1,1
5287,8,0,0.58599773189663777243315286122189,0,0
5288,8,0,0.70175085950249141693131585131102,0,0
5289,8,0,0.9332571147141987059276418314893,0,0
5290,7,-1,0.39626962513761328392029379184586,1,1
5291,8,1,0.32229464598444243990559771255897,1,1
5292,8,0,0.1743446876781007518762055539852,0,0
5293,9,1,0.87844477106541737581742123683765,1,1
5294,7,-2,0.28664493784005062369985260254255,0,0
5295,8,1,0.10304527138931711946471533395235,1,1
5296,9,1,0.73584593848785011099444079677195,1,1
5297,7,-2,0.0014472726849160940538917224111524,0,0
5298,9,2,0.53264994107904806017279357368956,0,0
5299,8,-1,0.59505527786731199241059727624637,1,1
5300,8,0,0.71986595144383985688620468136,0,0
5301,8,0,0.96948729859689558583741949158724,0,0
5302,7,-1,0.46872999290300704373984911204174,1,1
5303,8,1,0.46721538151522995954470835295074,1,1
5304,8,0,0.46418615873967579115442683476873,0,0
5305,8,0,0.45812771318856745437386379840471,0,0
5306,8,0,0.44601082208635078081273772567667,0,0
5307,8,0,0.4217770398819174336904855802206,0,0
5308,8,0,0.37330947547305073944598128930846,0,0
5309,8,0,0.27637434665531735095697270748416,0,0
5310,8,0,0.082504089019850573978955543835582,0,0
5311,9,1,0.69476357374891702002292121653842,1,1
5312,8,-1,0.91928254320704991211085256194409,1,1
5313,7,-1,0.36832048212331569628671525275543,1,1
5314,8,1,0.26639635995584726463844063437812,1,1
5315,8,0,0.062548115620910401341891397623489,0,0
5316,9,1,0.65485162695103667474879292411423,1,1
5317,8,-1,0.83945864961128922156259597709572,1,1
5318,7,-1,0.20867269493179431519020208305869,1,1
5319,9,2,0.94710078557280450244541429498463,0,0
5320,7,-2,0.42395696685482487695583871883651,0,0
5321,8,1,0.37766932941886562597668756654028,1,1
5322,8,0,0.28509405454694712401838526194781,0,0
5323,8,0,0.099943504803110120101780652762865,0,0
5324,9,1,0.72964240531543611226857143439298,1,1
5325,8,-1,0.98904020634008809660215299765322,1,1
5326,7,-1,0.50783580838939206526931612417369,1,1
5327,8,1,0.54542701248800000260364237721464,1,1
5328,8,0,0.62060942068521587727229488329654,0,0
5329,8,0,0.77097423707964762660959989546034,0,0
5330,7,-1,0.071703869868511125284209919787925,1,1
5331,9,2,0.6731631354462381226334299684431,0,0
5332,8,-1,0.87608166660169211733187006575346,1,1
5333,7,-1,0.28191872891260010672875026037417,1,1
5334,8,1,0.0935928535344160855225106496156,1,1
5335,9,1,0.71694110277804804311003142809845,1,1
5336,8,-1,0.96363760126531195828507298506416,1,1
5337,7,-1,0.45703059823983978863515609899558,1,1
5338,8,1,0.4438165921888954493353223268584,1,1
5339,8,0,0.41738858008700677073565478258406,0,0
5340,8,0,0.36453255588322941353631969403538,0,0
5341,8,0,0.25882050747567469913764951693801,0,0
5342,8,0,0.047396410660565270340309162743278,0,0
5343,9,1,0.62454821703034641274562845435381,1,1
5344,8,-1,0.77885182976990869755626703757487,1,1
5345,7,-1,0.087459055249033267177544204016997,1,1
5346,9,2,0.70467350620728240642009853690125,0,0
5347,8,-1,0.93910240812378068490520720266975,1,1
5348,7,-1,0.40796021195677724187542453420675,1,1
5349,8,1,0.34567581962277035581585919728076,1,1
5350,8,0,0.22110703495475658369672852342878,0,0
5351,9,1,0.97196946561872903945846717572481,1,1
5352,7,-2,0.47369432694667395098194448031686,0,0
5353,8,1,0.47714404960256377402889908950098,1,1
5354,8,0,0.48404349491434342012280830786922,0,0
5355,8,0,0.49784238553790271231062674460569,0,0
5356,8,0,0.52544016678502129668626361807864,0,0
5357,8,0,0.58063572927925846543753736502453,0,0
5358,8,0,0.69102685426773280294008485891631,0,0
5359,8,0,0.91180910424468147794517984669987,0,0
5360,7,-1,0.35337360419857882795536982226698,1,1
5361,8,1,0.23650260410637352797574977340122,1,1
5362,8,0,0.0027606039219629280165096756696968,0,0
5363,9,1,0.53527660355314172809802948020665,1,1
5364,8,-1,0.60030860281549932826106908928055,1,1
5365,8,0,0.73037260134021452858714830742835,0,0
5366,8,0,0.99050059838964492923930674372396,0,0
5367,7,-1,0.51075659248850573054362361631516,1,1
5368,8,1,0.55126858068622733315225736149758,1,1
5369,8,0,0.63229255708167053836952485186242,0,0
5370,8,0,0.79434050987255694880405983259209,0,0
5371,7,-1,0.11843641545432976967312979405144,1,1
5372,9,2,0.76662822661787541141126971697013,0,0
5373,7,-2,0.063011848944966694887549562807518,0,0
5374,9,2,0.65577909359914926184010925448229,0,0
5375,8,-1,0.84131358290751439574522863783183,1,1
5376,7,-1,0.21238256152424466355546740453092,1,1
5377,9,2,0.95452051875770519917594493792909,0,0
5378,7,-2,0.43879643322462627041690000472544,0,0
5379,8,1,0.40734826215846841289881013831814,1,1
5380,8,0,0.34445192002615269786263040550353,0,0
5381,8,0,0.21865923576152126779027093987432,0,0
5382,9,1,0.9670738672322584076455520086159,1,1
5383,7,-2,0.46390313017373268735611414609904,0,0
5384,8,1,0.45756165605668124677723842106534,1,1
5385,8,0,0.44487870782257836561948697099794,0,0
5386,8,0,0.41951281135437260330398407086313,0,0
5387,8,0,0.36878101841796107867297827059352,0,0
5388,8,0,0.26731743254513802941096667005428,0,0
5389,8,0,0.064390260799491930886943468975821,0,0
5390,9,1,0.6585359173081997338388970668189,1,1
5391,8,-1,0.84682723032561533974280426250505,1,1
5392,7,-1,0.22340985636044655155061865387735,1,1
5393,9,2,0.97657510843010897516624743662195,0,0
5394,7,-2,0.48290561256943382239750500211115,0,0
5395,8,1,0.49556662084808351686002013308955,1,1
5396,8,0,0.52088863740538290578505039504635,0,0
5397,8,0,0.57153267051998168363511091895995,0,0
5398,8,0,0.67282073674917923933523196678716,0,0
5399,8,0,0.87539686920757435073547406244157,0,0
5400,7,-1,0.28054913412436457353595825375039,1,1
5401,8,1,0.090853663957945019136926636368029,1,1
5402,9,1,0.71146272362510591033886340160331,1,1
5403,8,-1,0.95268084295942769274273693207388,1,1
5404,7,-1,0.43511708162807125755048399301501,1,1
5405,8,1,0.39998955896535838716597811489727,1,1
5406,8,0,0.32973451363993264639696635866179,0,0
5407,8,0,0.18922442298908116485894284619084,0,0
5408,9,1,0.90820424168737820178289582124893,1,1
5409,7,-2,0.34616387908397227563080177136511,0,0
5410,8,1,0.22208315387716042332661367159747,1,1
5411,9,1,0.9739217034635367187182374720622,1,1
5412,7,-2,0.47759880263628930950148507299165,0,0
5413,8,1,0.48495300098179449106798027485055,1,1
5414,8,0,0.49966139767280485420097067856835,0,0
5415,8,0,0.52907819105482558046695148600396,0,0
5416,8,0,0.58791177781886703299891310087518,0,0
5417,8,0,0.7055789513469499380628363306176,0,0
5418,8,0,0.94091329840311574819068279010246,0,0
5419,7,-1,0.41158199251544736844637570907218,1,1
5420,8,1,0.35291938074011060895776154701161,1,1
5421,8,0,0.23559415718943708998053322289047,0,0
5422,8,0,0.00094371008809005202607657464818593,0,0
5423,9,1,0.53164281588539597611716327816363,1,1
5424,8,-1,0.5930410274800078242993366851945,1,1
5425,8,0,0.71583745066923152066368349925626,0,0
5426,8,0,0.96143029704767891339237712737978,0,0
5427,7,-1,0.45261598980457369884976438362682,1,1
5428,8,1,0.43498737531836326976453889612089,1,1
5429,8,0,0.39973014634594241159408792110902,0,0
5430,8,0,0.3292156884011006952531859710853,0,0
5431,8,0,0.18818677251141726257138207103786,0,0
5432,9,1,0.90612894073205039720777427094297,1,1
5433,7,-2,0.34201327717331666648055867075319,0,0
5434,8,1,0.21378195005584920502612747037363,1,1
5435,9,1,0.95731929582091428211726506961451,1,1
5436,7,-2,0.44439398735104443629954026809628,0,0
5437,8,1,0.41854337041130474466409066505982,1,1
5438,8,0,0.36684213653182536139319145898689,0,0
5439,8,0,0.26343966877286659485139304684104,0,0
5440,8,0,0.056634733254949061767796222549331,0,0
5441,9,1,0.64302486221911399560060257396592,1,1
5442,8,-1,0.81580512014744386326621527679909,1,1
5443,7,-1,0.16136563600410359859744068246542,1,1
5444,9,2,0.8524866677174230692598914937981,0,0
5445,7,-2,0.23472873114406201058479311646346,0,0
5446,9,2,0.99921285799733989323459636179417,0,0
5447,7,-2,0.5281811117038956585342028524556,0,0
5448,8,1,0.58611761911700718913341583377845,1,1
5449,8,0,0.70199063394323025033184179642416,0,0
5450,8,0,0.93373666359567637272869372171556,0,0
5451,7,-1,0.39722872290056861752239757229838,1,1
5452,8,1,0.32421284151035310710980527346402,1,1
5453,8,0,0.17818107872992208628462067579529,0,0
5454,9,1,0.88611755316906004463425148045784,1,1
5455,7,-2,0.30199050204733596133351308978293,0,0
5456,8,1,0.13373639980388779473203630843312,1,1
5457,9,1,0.7972281953169914615290827457335,1,1
5458,7,-2,0.12421178634319879512317562033425,0,0
5459,9,2,0.77817896839561346231136136953575,0,0
5460,7,-2,0.08611333250044279668773286793876,0,0
5461,9,2,0.70198206071010146544047586474477,0,0
5462,8,-1,0.9337195171294188029459618583568,1,1
5463,7,-1,0.39719442996805347795693384558085,1,1
5464,8,1,0.32414425564532282797887782002896,1,1
5465,8,0,0.17804390699986152802276576892518,0,0
5466,9,1,0.88584320970893892811054166671761,1,1
5467,7,-2,0.30144181512709372828609346230248,0,0
5468,8,1,0.13263902596340332863719705347221,1,1
5469,9,1,0.79503344763602252933940423581167,1,1
5470,7,-2,0.1198222909812609307438186004906,0,0
5471,9,2,0.76939997767173773355264732984845,0,0
5472,7,-2,0.068555351052691339170304788564155,0,0
5473,9,2,0.66686609781459855040561970599556,0,0
5474,8,-1,0.86348759133841297287624954085838,1,1
5475,7,-1,0.25673057838604181781750921058402,1,1
5476,8,1,0.043216552481299507700028550035289,1,1
5477,9,1,0.61618850067181488746506722893783,1,1
5478,8,-1,0.76213239705284564699514458674292,1,1
5479,7,-1,0.054020189814907166055299302353087,1,1
5480,9,2,0.63779577533903020417560873357343,0,0
5481,8,-1,0.80534694638727628041622759601411,1,1
5482,7,-1,0.14044928848376843289746532089547,1,1
5483,9,2,0.8106539726767527378599407706582,0,0
5484,7,-2,0.15106334106272134778489167018365,0,0
5485,9,2,0.83188207783465856763479346923454,0,0
5486,7,-2,0.19351955137853300733459706733634,0,0
5487,9,2,0.91679449846628188673420426353994,0,0
5488,7,-2,0.36334439264177964553341865594713,0,0
5489,8,1,0.25644418099277516313184744076152,1,1
5490,8,0,0.042643757694766198328705010390291,0,0
5491,9,1,0.61504291109874826872242014964784,1,1
5492,8,-1,0.75984121790671240950985042816292,1,1
5493,7,-1,0.049437831522640691084710985193102,1,1
5494,9,2,0.62863105875449725423443209925346,0,0
5495,8,-1,0.78701751321821038053387432737417,1,1
5496,7,-1,0.10379042214563663313275878361559,1,1
5497,9,2,0.73733624000048913833052769609844,0,0
5498,7,-2,0.004427875710194148726065521064134,0,0
5499,9,2,0.53861114712960416951714117099552,0,0
5500,8,-1,0.6069776899684242110992924708583,1,1
5501,8,0,0.74371077564606429426359507058385,0,0
5502,7,-1,0.017176947001344460592200270034949,1,1
5503,9,2,0.56410928971190479324941066893715,0,0
5504,8,-1,0.65797397513302545856383146674156,1,1
5505,8,0,0.84570334597526678919267306235037,0,0
5506,7,-1,0.221162087659749450450356253568,1,1
5507,9,2,0.97207957102871477296572263600325,0,0
5508,7,-2,0.47391453776664541799645540087375,0,0
5509,8,1,0.47758447124250670805792093061475,1,1
5510,8,0,0.48492433819422928818085199009675,0,0
5511,8,0,0.49960407209767444842671410906075,0,0
5512,8,0,0.52896353990456476891843834698874,0,0
5513,8,0,0.58768247551834540990188682284474,0,0
5514,8,0,0.70512034674590669186878377455674,0,0
5515,8,0,0.93999608920102925580257767798073,0,0
5516,7,-1,0.40974757411127438367016548482871,1,1
5517,8,1,0.34925054393176463940534109852468,1,1
5518,8,0,0.22825648357274515087569232591662,0,0
5519,9,1,0.98626836285470617381639478070049,1,1
5520,7,-2,0.50229212141862821969779969026823,0,0
5521,8,1,0.5343396385464723114606095094037,1,1
5522,8,0,0.59843467280216049498622914767466,0,0
5523,8,0,0.72662474131353686203746842421658,0,0
5524,8,0,0.98300487833628959613994697730041,0,0
5525,7,-1,0.49576515238179506434490408346807,1,1
5526,8,1,0.5212857004728060007548182958034,1,1
5527,8,0,0.57232679665482787357464672047405,0,0
5528,8,0,0.67440898901887161921430356981536,0,0
5529,8,0,0.87857337374695911049361726849797,0,0
5530,7,-1,0.28690214320313409305224466586319,1,1
5531,8,1,0.10355968211548405816949946059364,1,1
5532,9,1,0.73687475994018398840400905005454,1,1
5533,7,-2,0.0035049155895838488730282289763335,0,0
5534,9,2,0.53676522688838356981106658681992,0,0
5535,8,-1,0.6032858494859830116871433025071,1,1
5536,8,0,0.73632709468118189543929673388144,0,0
5537,7,-1,0.0024095850715796629436035966301415,1,1
5538,9,2,0.53457456585237519795221732212754,0,0
5539,8,-1,0.59890452741396626796944477312233,1,1
5540,8,0,0.72756445053714840800389967511191,0,0
5541,8,0,0.98488429678351268807280947909107,0,0
5542,7,-1,0.49952398927624124821062908704939,1,1
5543,8,1,0.52880337426169836848626830296604,1,1
5544,8,0,0.58736214423261260903754673479934,0,0
5545,8,0,0.70447968417444109014010359846594,0,0
5546,8,0,0.93871476405809805234521732579912,0,0
5547,7,-1,0.4071849238254119767554447804655,1,1
5548,8,1,0.34412524336003982557589968979826,1,1
5549,8,0,0.21800588242929552321680950846377,0,0
5550,9,1,0.96576716056780691849862914579479,1,1
5551,7,-2,0.46128971684482970906226842045683,0,0
5552,8,1,0.45233482939887529018954696978092,1,1
5553,8,0,0.43442505450696645244410406842909,0,0
5554,8,0,0.39860550472314877695321826572543,0,0
5555,8,0,0.32696640515551342597144666031812,0,0
5556,8,0,0.1836882060202427240079034495035,0,0
5557,9,1,0.89713180774970132008081702787425,1,1
5558,7,-2,0.32401901120861851222664418461576,0,0
5559,8,1,0.17779341812645289651829849809877,1,1
5560,9,1,0.8853422319621216651016071250648,1,1
5561,7,-2,0.30043985963345920226822437899685,0,0
5562,8,1,0.13063511497613427660145888686096,1,1
5563,9,1,0.79102562566148442526792790258917,1,1
5564,7,-2,0.1118066470321847226008659340456,0,0
5565,9,2,0.75336868977358531726674199695846,0,0
5566,7,-2,0.036492775256386506598494122784172,0,0
5567,9,2,0.6027409462219888852619983744356,0,0
5568,8,-1,0.73523728815319364258900687773845,1,1
5569,7,-1,0.00022997201560315724302388434415225,1,1
5570,9,2,0.53021533974042218655105789755556,0,0
5571,8,-1,0.59018607519006024516712592397837,1,1
5572,8,0,0.71012754608933636239926197682399,0,0
5573,8,0,0.95001048788788859686353408251524,0,0
5574,7,-1,0.42977637148499306579207829389774,1,1
5575,8,1,0.38930813867920200364916671666273,1,1
5576,8,0,0.30837167306761987936334356219271,0,0
5577,8,0,0.14649874184445563079169725325268,0,0
5578,9,1,0.82275287939812713364840463537261,1,1
5579,7,-2,0.17526115450547013936181939961247,0,0
5580,9,2,0.8802777047201561507886489280922,0,0
5581,7,-2,0.29031080514952817364230798505166,0,0
5582,8,1,0.11037700600827221934962609897057,1,1
5583,9,1,0.75050940772576031076426232680839,1,1
5584,7,-2,0.030774211160736493593534782484041,0,0
5585,9,2,0.59130381803068885925207969383534,0,0
5586,8,-1,0.71236303177059359056916951653793,1,1
5587,8,0,0.95448145925040305320334916194311,0,0
5588,7,-1,0.43871831421002197847170845275346,1,1
5589,8,1,0.40719202412925982900842703437418,1,1
5590,8,0,0.34413944396773553008186419761562,0,0
5591,8,0,0.21803428364468693222873852409849,0,0
5592,9,1,0.96582396299858973652248717706424,1,1
5593,7,-2,0.46140332170639534510998448299573,0,0
5594,8,1,0.45256203912200656228497909485871,1,1
5595,8,0,0.43487947395322899663496831858468,0,0
5596,8,0,0.39951434361567386533494676603661,0,0
5597,8,0,0.32878408294056360273490366094047,0,0
5598,8,0,0.18732356159034307753481745074819,0,0
5599,9,1,0.90440251888990202713464503036363,1,1
5600,7,-2,0.33856043348901992633430018959451,0,0
5601,8,1,0.20687626268725572473361050805627,1,1
5602,9,1,0.94350792108372732153223114497979,1,1
5603,7,-2,0.41677123787667051512947241882684,0,0
5604,8,1,0.36329787146255690232395496652092,1,1
5605,8,0,0.2563511386343296767129200619091,0,0
5606,8,0,0.04245767297787522549085025268546,0,0
5607,9,1,0.61467074166496632304671063423817,1,1
5608,8,-1,0.7590968790391485181584313973436,1,1
5609,7,-1,0.047949153787512908381872923554456,1,1
5610,9,2,0.62565370328424168882875597597617,0,0
5611,8,-1,0.78106280227769924972252208081958,1,1
5612,7,-1,0.091881000264614371510054290506422,1,1
5613,9,2,0.7135173962384446150851187098801,0,0
5614,8,-1,0.95679018818610510223524754862745,1,1
5615,7,-1,0.44333577208142607653550522612215,1,1
5616,8,1,0.41642693987206802513602058111156,1,1
5617,8,0,0.36260927545335192233705129109037,0,0
5618,8,0,0.254973946615919716739112711048,0,0
5619,8,0,0.039703288941055305543235550963247,0,0
5620,9,1,0.60916197359132648315148123079375,1,1
5621,8,-1,0.74807934289186883836797259045475,1,1
5622,7,-1,0.025914081492953548800955309776751,1,1
5623,9,2,0.58158355869512296966692074842076,0,0
5624,8,-1,0.69292251309946181139885162570876,1,1
5625,8,0,0.91560042190813949486271338028478,0,0
5626,7,-1,0.36095623952549486179043688943682,1,1
5627,8,1,0.25166787476020559564588390774089,1,1
5628,8,0,0.033091145229627063356777944349034,0,0
5629,9,1,0.59593768616846999877856601756532,1,1
5630,8,-1,0.7216307680461558696221421639979,1,1
5631,8,0,0.97301693180152761130929445686305,0,0
5632,7,-1,0.47578925931227109468359904259335,1,1
5633,8,1,0.48133391433375806143220821405396,1,1
5634,8,0,0.49242322437673199492942655697518,0,0
5635,8,0,0.51460184446267986192386324281761,0,0
5636,8,0,0.55895908463457559591273661450247,0,0
5637,8,0,0.64767356497836706389048335787219,0,0
5638,8,0,0.82510252566594999984597684461163,0,0
5639,7,-1,0.17996044704111587175696381809051,1,1
5640,9,2,0.88967628979144761557893776504828,0,0
5641,7,-2,0.30910797529211110322288565896381,0,0
5642,8,1,0.14797134629343807851078144679488,1,1
5643,9,1,0.825698088296092029086573022457,1,1
5644,7,-2,0.18115157230139993023815617378126,0,0
5645,9,2,0.89205854031201573254132247642978,0,0
5646,7,-2,0.31387247633324733714765508172681,0,0
5647,8,1,0.15750034837571054636032029232087,1,1
5648,9,1,0.84475609246063696478565071350899,1,1
5649,7,-2,0.21926758063048980163631155588524,0,0
5650,9,2,0.96829055697019547533763324063773,0,0
5651,7,-2,0.46633650964960682274027661014271,0,0
5652,8,1,0.46242841500842951754556334915267,1,1
5653,8,0,0.45461222572607490715613682717259,0,0
5654,8,0,0.43897984716136568637728378321244,0,0
5655,8,0,0.40771509003194724481957769529213,0,0
5656,8,0,0.34518557577311036170416551945151,0,0
5657,8,0,0.22012654725543659547334116777026,0,0
5658,9,1,0.97000849022008906301169246440778,1,1
5659,7,-2,0.46977237614939399808839505768282,0,0
5660,8,1,0.46930014800800386824180024423289,1,1
5661,8,0,0.46835569172522360854861061733303,0,0
5662,8,0,0.46646677915966308916223136353331,0,0
5663,8,0,0.46268895402854205038947285593388,0,0
5664,8,0,0.45513330376629997284395584073502,0,0
5665,8,0,0.44002200324181581775292181033729,0,0
5666,8,0,0.40979940219284750757085374954183,0,0
5667,8,0,0.34935420009491088720671762795092,0,0
5668,8,0,0.22846379589903764647844538476909,0,0
5669,9,1,0.98668298750729116502190089840544,1,1
5670,7,-2,0.50312137072379820210881192567813,0,0
5671,8,1,0.53599813715681227628263398022351,1,1
5672,8,0,0.60175167002284042463027808931428,0,0
5673,8,0,0.73325873575489672132556630749581,0,0
5674,8,0,0.99627286721900931471614274385888,0,0
5675,7,-1,0.52230113014723450149729561658502,1,1
5676,8,1,0.57435765600368487505960136203729,1,1
5677,8,0,0.67847070771658562218421285294183,0,0
5678,8,0,0.8866968111423871164334358347509,0,0
5679,7,-1,0.30314901799399010493188179836906,1,1
5680,8,1,0.13605343169719608192877372560538,1,1
5681,9,1,0.80186225910360803592255758007801,1,1
5682,7,-2,0.13347991391643194391012528902327,0,0
5683,9,2,0.79671522354207975988526070691379,0,0
5684,7,-2,0.12318584279337539183553154269483,0,0
5685,9,2,0.77612708129596665573607321425692,0,0
5686,7,-2,0.082009558301149183537156557381085,0,0
5687,9,2,0.69377451231151423913932324362942,0,0
5688,8,-1,0.9173044203322443503436566161261,1,1
5689,7,-1,0.36436423637370457275232336111945,1,1
5690,8,1,0.25848386845662501756965685110616,1,1
5691,8,0,0.046723132622465907204323831079578,0,0
5692,9,1,0.62320166095414768647365779102641,1,1
5693,8,-1,0.77615871761751124501232571092007,1,1
5694,7,-1,0.082072830944238362089661550707403,1,1
5695,9,2,0.69390105759769259624433323028206,0,0
5696,8,-1,0.91755751090460106455367658943137,1,1
5697,7,-1,0.36487041751841800117236330773,1,1
5698,8,1,0.25949623074605187440973674432725,1,1
5699,8,0,0.048747857201319620884483617521747,0,0
5700,9,1,0.62725111011185511383397736391075,1,1
5701,8,-1,0.78425761593292609973296485668875,1,1
5702,7,-1,0.098270627575068071530939842244752,1,1
5703,9,2,0.72629665085935201512688981335676,0,0
5704,8,-1,0.98234869742791990231878975558077,1,1
5705,7,-1,0.49445279056505567670258964002879,1,1
5706,8,1,0.51866097683932722547018940892483,1,1
5707,8,0,0.56707734938787032300538894671692,0,0
5708,8,0,0.66391009448495651807578802230109,0,0
5709,8,0,0.85757558467912890821658617346943,0,0
5710,7,-1,0.24490656506747368849818247580611,1,1
5711,8,1,0.01956852584416324906137508047948,1,1
5712,9,1,0.56889244739754237018776028982621,1,1
5713,8,-1,0.66754029050430061244053070851968,1,1
5714,8,0,0.86483597671781709694607154590662,0,0
5715,7,-1,0.25942734914485006595715322068049,1,1
5716,8,1,0.048610093998916003979316570228238,1,1
5717,9,1,0.62697558370704788002364326932373,1,1
5718,8,-1,0.78370656312331163211229666751471,1,1
5719,7,-1,0.097168521955839136289603463896681,1,1
5720,9,2,0.72409243962089414464421705666062,0,0
5721,8,-1,0.97794027495100416135344424218848,1,1
5722,7,-1,0.48563594561122419477189861324422,1,1
5723,8,1,0.5010272869316642616088073553557,1,1
5724,8,0,0.53180996957254439528262483957865,0,0
5725,8,0,0.59337533485430466263025980802455,0,0
5726,8,0,0.71650606541782519732552974491635,0,0
5727,8,0,0.96276752654486626671606961869995,0,0
5728,7,-1,0.45529044879894840549714936626716,1,1
5729,8,1,0.44033629330711268305930886140157,1,1
5730,8,0,0.4104279823234412381836278516704,0,0
5731,8,0,0.35061136035609834843226583220806,0,0
5732,8,0,0.23097811642141256892954179328338,0,0
5733,9,1,0.99171162855204100992409371543401,1,1
5734,7,-2,0.51317865281329789191319755973527,0,0
5735,8,1,0.55611270133581165589140524833778,1,1
5736,8,0,0.64198079838083918384782062554282,0,0
5737,8,0,0.8137169924708942397606513799529,0,0
5738,7,-1,0.15718938065100435158631288877305,1,1
5739,9,2,0.84413415701122457523763590641335,0,0
5740,7,-2,0.21802370973166502254028194169396,0,0
5741,9,2,0.96580281517254591714557401225518,0,0
5742,7,-2,0.46136102605430770635615815337761,0,0
5743,8,1,0.45247744781783128477732643562248,1,1
5744,8,0,0.43471029134487844161966300011222,0,0
5745,8,0,0.39917597839897275530433612909169,0,0
5746,8,0,0.32810735250716138267368238705063,0,0
5747,8,0,0.18597010072353863741237490296852,0,0
5748,9,1,0.9016955971562931468897599348043,1,1
5749,7,-2,0.33314659002180216584452999847585,0,0
5750,8,1,0.19604857575282020375407012581895,1,1
5751,9,1,0.92185254721485627957315038050515,1,1
5752,7,-2,0.37346049013892843121131088987756,0,0
5753,8,1,0.27667637598707273448763190862237,1,1
5754,8,0,0.083108147683361341040273946111992,0,0
5755,9,1,0.69597169107593855414555802109124,1,1
5756,8,-1,0.92169877786109298035612617104973,1,1
5757,7,-1,0.37315295143140183277726247096671,1,1
5758,8,1,0.27606129857201953761953507080068,1,1
5759,8,0,0.081877992853254947304080270468616,0,0
5760,9,1,0.69351138141572576667317066980449,1,1
5761,8,-1,0.91677815854066740541135146847622,1,1
5762,7,-1,0.3633117127905506828877130658197,1,1
5763,8,1,0.25637882129031723784043626050666,1,1
5764,8,0,0.042513038289850347745882649880575,0,0
5765,9,1,0.6147814722889165675567754286284,1,1
5766,8,-1,0.75931834028704900717856098612406,1,1
5767,7,-1,0.048392076283313886422132101115376,1,1
5768,9,2,0.62653954827584364490927433109801,0,0
5769,8,-1,0.78283449226090316188355879106327,1,1
5770,7,-1,0.095424380231022195832127710993784,1,1
5771,9,2,0.72060415617126026372926555085482,0,0
5772,8,-1,0.9709637080517363995235412305769,1,1
5773,7,-1,0.47168281181268867111209259002105,1,1
5774,8,1,0.47312101933459321428919530890935,1,1
5775,8,0,0.47599743437840230064340074668596,0,0
5776,8,0,0.48175026446602047335181162223917,0,0
5777,8,0,0.49325592464125681876863337334559,0,0
5778,8,0,0.51626724499172950960227687555843,0,0
5779,8,0,0.56228988569267489126956387998412,0,0
5780,8,0,0.6543351670945656546041378888355,0,0
5781,8,0,0.83842572989834718127328590653824,0,0
5782,7,-1,0.20660685550591023461158194194374,1,1
5783,9,2,0.94296910672103634128817401275474,0,0
5784,7,-2,0.41569360915128855464135815437673,0,0
5785,8,1,0.36114261401179298134772643762072,1,1
5786,8,0,0.25204062373280183476046300410869,0,0
5787,8,0,0.033836643174819541585936137084632,0,0
5788,9,1,0.59742868205885495523688240303652,1,1
5789,8,-1,0.72461275982692578253877493494029,1,1
5790,8,0,0.97898091536306743714255999874784,0,0
5791,7,-1,0.48771722643535074635013012636292,1,1
5792,8,1,0.5051898485799173647652703815931,1,1
5793,8,0,0.54013509286905060159555089205346,0,0
5794,8,0,0.61002558144731707525611191297417,0,0
5795,8,0,0.7498065586038500225772339548156,0,0
5796,7,-1,0.029368512916915917219478038498458,1,1
5797,9,2,0.58849242154304770650396620586417,0,0
5798,8,-1,0.7067402387953112850729425405956,1,1
5799,8,0,0.94323587329983844221089521005844,0,0
5800,7,-1,0.41622714230889275648680054898414,1,1
5801,8,1,0.36220968032700138503861122683554,1,1
5802,8,0,0.25417475636321864214223258253833,0,0
5803,8,0,0.038104908435653156349475293943907,0,0
5804,9,1,0.60596521258052218476396071675507,1,1
5805,8,-1,0.74168582087026024159293156237739,1,1
5806,7,-1,0.013127037449736355250873253622035,1,1
5807,9,2,0.55600947060868858256675663611132,0,0
5808,8,-1,0.6417743369265930371985234010899,1,1
5809,8,0,0.81330406956240194646205693104706,0,0
5810,7,-1,0.15636353483401976498912399096137,1,1
5811,9,2,0.84248246537725540204325811078999,0,0
5812,7,-2,0.21472032646372667615152635044723,0,0
5813,9,2,0.95919604863666922436806282976172,0,0
5814,7,-2,0.44814749298255432080113578839069,0,0
5815,8,1,0.42605038167432451366728170564864,1,1
5816,8,0,0.38185615905786489939957354016454,0,0
5817,8,0,0.29346771382494567086415720919633,0,0
5818,8,0,0.11669082335910721379332454725992,0,0
5819,9,1,0.76313704242743029965165922338709,1,1
5820,7,-2,0.056029480564076471368328575641444,0,0
5821,9,2,0.64181435683736881480166728015014,0,0
5822,8,-1,0.81338410938395350166834468916754,1,1
5823,7,-1,0.15652361447712287540169950720233,1,1
5824,9,2,0.8428026246634616228684091432719,0,0
5825,7,-2,0.21536064503613911780182841541106,0,0
5826,9,2,0.96047668578149410766866695968938,0,0
5827,7,-2,0.45070876727220408740234404824601,0,0
5828,8,1,0.43117293025362404686969822535927,1,1
5829,8,0,0.3921012562164639658044065795858,0,0
5830,8,0,0.31395790814214380367382328803885,0,0
5831,8,0,0.15767121199350347941265670494496,0,0
5832,9,1,0.84509781969622283089032353875718,1,1
5833,7,-2,0.21995103510166153384565720638161,0,0
5834,9,2,0.96965746591253893975632454163047,0,0
5835,7,-2,0.46907032753429375157765921212819,0,0
5836,8,1,0.46789605077780337522032855312363,1,1
5837,8,0,0.46554749726482262250566723511451,0,0
5838,8,0,0.46085039023886111707634459909627,0,0
5839,8,0,0.45145617618693810621769932705979,0,0
5840,8,0,0.43266774808309208450040878298684,0,0
5841,8,0,0.39509089187540004106582769484094,0,0
5842,8,0,0.31993717946001595419666551854913,0,0
5843,8,0,0.16962975462924778045834116596552,0,0
5844,9,1,0.86901490496771143298169246079829,1,1
5845,7,-2,0.26778520564463873802839505046383,0,0
5846,8,1,0.065325806998493348121800229794923,1,1
5847,9,1,0.6604070097062025683086105884571,1,1
5848,8,-1,0.85056941512162100868223130578145,1,1
5849,7,-1,0.23089422595245788942947274043016,1,1
5850,9,2,0.99154384761413165092395560972757,0,0
5851,7,-2,0.5128430909374791739129213483224,0,0
5852,8,1,0.55544157758417421989085282551205,1,1
5853,8,0,0.64063855087756431184671577989136,0,0
5854,8,0,0.81103249746434449575844168864997,0,0
5855,7,-1,0.15182039063790486358189350616719,1,1
5856,9,2,0.83339617698502559922879714120164,0,0
5857,7,-2,0.19654774967926707052260441127054,0,0
5858,9,2,0.92285089506775001311021895140833,0,0
5859,7,-2,0.37545718584471589828544803168391,0,0
5860,8,1,0.28066976739864766863590619223507,1,1
5861,8,0,0.091094930506511209336822513337391,0,0
5862,9,1,0.71194525672223829073865515554204,1,1
5863,8,-1,0.95364590915369245354232043995133,1,1
5864,7,-1,0.43704721401660077914965100876991,1,1
5865,8,1,0.40384982374241743036431214640707,1,1
5866,8,0,0.33745504319405073279363442168138,0,0
5867,8,0,0.20466548209731733765227897223002,0,0
5868,9,1,0.9390863599038505473695680733273,1,1
5869,7,-2,0.40792811551691696680414627552185,0,0
5870,8,1,0.34561162674304980567330267991095,1,1
5871,8,0,0.22097864919531548341161548868915,0,0
5872,9,1,0.97171269409984683888824110624556,1,1
5873,7,-2,0.47318078390890954984149234135838,0,0
5874,8,1,0.47611696352703497174799481158401,1,1
5875,8,0,0.48198932276328581556099975203527,0,0
5876,8,0,0.49373404123578750318700963293779,0,0
5877,8,0,0.51722347818079087843902939474283,0,0
5878,8,0,0.56420235207079762894306891835291,0,0
5879,8,0,0.65816009985081112995114796557308,0,0
5880,8,0,0.84607559541083813196730606001341,0,0
5881,7,-1,0.22190658653089213599962224889407,1,1
5882,9,2,0.97356856877100014406425462665539,0,0
5883,7,-2,0.47689253325121616019351938217804,0,0
5884,8,1,0.48354046221164819245204889322333,1,1
5885,8,0,0.4968363201325122569691079153139,0,0
5886,8,0,0.52342803597424038600322595949506,0,0
5887,8,0,0.57661146765769664407146204785738,0,0
5888,8,0,0.68297833102460916020793422458201,0,0
5889,8,0,0.89571205775843419248087857803128,0,0
5890,7,-1,0.32117951122608425702676728492981,1,1
5891,8,1,0.17211441816138438611854469872688,1,1
5892,9,1,0.87398423203198464430209952632102,1,1
5893,7,-2,0.27772385977318516066920918150929,0,0
5894,8,1,0.085203115255586193403428491885843,1,1
5895,9,1,0.70016162622038825887186711263894,1,1
5896,8,-1,0.93007864814999238980874435414513,1,1
5897,7,-1,0.38991269200920065168249883715752,1,1
5898,8,1,0.3095807797276171754300078031823,1,1
5899,8,0,0.14891695516445022292502573523185,0,0
5900,9,1,0.82758930603811631791506159933096,1,1
5901,7,-2,0.18493400778544850789513332752917,0,0
5902,9,2,0.89962341128011288785527678392558,0,0
5903,7,-2,0.32900221826944164777556369671842,0,0
5904,8,1,0.1877598322480991676161375223041,1,1
5905,9,1,0.90527506020541420729728517347545,1,1
5906,7,-2,0.34030551612004428665958047581816,0,0
5907,8,1,0.21036642794930444538417108050358,1,1
5908,9,1,0.95048825160782476283335228987442,1,1
5909,7,-2,0.43073189892486539773171470861609,0,0
5910,8,1,0.39121919355894666752843954609942,1,1
5911,8,0,0.3121937828271092071218892210661,0,0
5912,8,0,0.15414296136343428630878857099946,0,0
5913,9,1,0.83804131843608444468258727086617,1,1
5914,7,-2,0.2058380325813847614301846705996,0,0
5915,9,2,0.94143146087198539492537947006646,0,0
5916,7,-2,0.41261831745318666191576906900017,0,0
5917,8,1,0.35499203061558919589654826686759,1,1
5918,8,0,0.23973945694039426385810666260243,0,0
5919,8,0,0.0092343095900043997812234540721038,0,0
5920,9,1,0.54822401488922467162745703701146,1,1
5921,8,-1,0.62620342548766521531992420289018,1,1
5922,8,0,0.78216224668454630270485853464761,0,0
5923,7,-1,0.094079889078308477474727198162467,1,1
5924,9,2,0.71791517386583282701446452519219,0,0
5925,8,-1,0.96558574344088152609393917925163,1,1
5926,7,-1,0.46092688259097892425288848737051,1,1
5927,8,1,0.45160916089117372057078710360828,1,1
5928,8,0,0.43297371749156331320658433608381,0,0
5929,8,0,0.39570283069234249847817880103487,0,0
5930,8,0,0.321161057093900869021367730937,0,0
5931,8,0,0.17207750989701761010774559074125,0,0
5932,9,1,0.87391041550325109228050131034976,1,1
5933,7,-2,0.27757622671571805662601274956677,0,0
5934,8,1,0.084907849140651985317035628000801,1,1
5935,9,1,0.69957109399051984269908138486886,1,1
5936,8,-1,0.92889758369025555746317289860497,1,1
5937,7,-1,0.38755056308972698699135592607718,1,1
5938,8,1,0.30485652188866984604772198102162,1,1
5939,8,0,0.1394684394865555641604540909105,0,0
5940,9,1,0.80869227468232700038591831068826,1,1
5941,7,-2,0.14713994507386987283684675024377,0,0
5942,9,2,0.82403528585695561773870362935479,0,0
5943,7,-2,0.17782596742312710754241738757682,0,0
5944,9,2,0.8854073305554700871498449040209,0,0
5945,7,-2,0.30057005682015604636469993690906,0,0
5946,8,1,0.13089550934952796479441000268537,1,1
5947,9,1,0.79154641440827180165383013423799,1,1
5948,7,-2,0.11284822452575947537267039734323,0,0
5949,9,2,0.75545184476073482281035092355372,0,0
5950,7,-2,0.040659085230685517685711975974693,0,0
5951,9,2,0.61107356617058690743643408081664,0,0
5952,8,-1,0.75190252805038968693787829050053,1,1
5953,7,-1,0.033560451809995245940766709868319,1,1
5954,9,2,0.59687629932920636394654354860389,0,0
5955,8,-1,0.72350799436762859995809722607504,1,1
5956,8,0,0.97677138444447307198120458101733,0,0
5957,7,-1,0.4832981645981620160274192909019,1,1
5958,8,1,0.49635172490553990411984871067106,1,1
5959,8,0,0.52245884552029568030470755020938,0,0
5960,8,0,0.57467308674980723267442522928601,0,0
5961,8,0,0.67910156920883033741386058743927,0,0
5962,8,0,0.8879585341268765468927313037458,0,0
5963,7,-1,0.30567246396296896585047273635885,1,1
5964,8,1,0.14110032363515380376595560158495,1,1
5965,9,1,0.81195604297952347959692133203715,1,1
5966,7,-2,0.15366748166826283125885279294155,0,0
5967,9,2,0.83709035904574153458271571475035,0,0
5968,7,-2,0.20393611380069894123044155836795,0,0
5969,9,2,0.93762762331061375452589324560316,0,0
5970,7,-2,0.40501064233044338111679662007357,0,0
5971,8,1,0.33977668037010263429860336901439,1,1
5972,8,0,0.20930875644942114066221686689603,0,0
5973,9,1,0.94837290860805815338944386265931,1,1
5974,7,-2,0.42650121292533217884389785418588,0,0
5975,8,1,0.38275782155988022975280583723902,1,1
5976,8,0,0.29527103882897633157062180334529,0,0
5977,8,0,0.12029747336716853520625373555783,0,0
5978,9,1,0.77035034244355294247751759998292,1,1
5979,7,-2,0.070456080596321757020045328833085,0,0
5980,9,2,0.67066755690185938610510078653342,0,0
5981,8,-1,0.8710905095129346442752117019341,1,1
5982,7,-1,0.27193641473508516061543353273546,1,1
5983,8,1,0.073628225179386193295877194338169,1,1
5984,9,1,0.67701184606798825865676451754359,1,1
5985,8,-1,0.88377908784519238937853916395444,1,1
5986,7,-1,0.29731357139960065082208845677613,1,1
5987,8,1,0.12438253850841717370918704241951,1,1
5988,9,1,0.77852047272605021948338421370628,1,1
5989,7,-2,0.086796341161316311031778556279812,0,0
5990,9,2,0.70334807803184849412856724142688,0,0
5991,8,-1,0.93645155177291286032214461172101,1,1
5992,7,-1,0.40265849925504159270929935230927,1,1
5993,8,1,0.3350723942192990574836088334858,1,1
5994,8,0,0.19990018414781398703222779583886,0,0
5995,9,1,0.92955576400484384612946572054498,1,1
5996,7,-2,0.38886692371890356432394156995721,0,0
5997,8,1,0.30748924314702300071289326878166,1,1
5998,8,0,0.14473388200326187349079666643058,0,0
5999,9,1,0.81922315971573961904660346172842,1,1
6000,7,-2,0.16820171514069511015821705232409,0,0
6001,9,2,0.86615882599060609238144423351544,0,0
6002,7,-2,0.26207304769042805682789859589814,0,0
6003,8,1,0.053901491090071985720807320663535,1,1
6004,9,1,0.63755837788935984350662477019432,1,1
6005,8,-1,0.8048721514879355590782596692559,1,1
6006,7,-1,0.13949969868508699022152946737906,1,1
6007,9,2,0.80875479307938985250806906362537,0,0
6008,7,-2,0.14726498186799557708114825611799,0,0
6009,9,2,0.82428535944520702622730664110324,0,0
6010,7,-2,0.17832611459962992451962341107373,0,0
6011,9,2,0.88640762490847572110425695101472,0,0
6012,7,-2,0.30257064552616731427352403089669,0,0
6013,8,1,0.13489668676155050061205819066063,1,1
6014,9,1,0.7995487692323168732891265101885,1,1
6015,7,-2,0.12885293417384961864326314924426,0,0
6016,9,2,0.78746126405691510935153642735578,0,0
6017,7,-2,0.10467792382304609076808298357881,0,0
6018,9,2,0.73911124335530805360117609602488,0,0
6019,7,-2,0.007977882419831979267362320917004,0,0
6020,9,2,0.54571116054887983059973477070126,0,0
6021,8,-1,0.62117771680697553326447967026978,1,1
6022,8,0,0.77211082932316693859396946940681,0,0
6023,7,-1,0.07397705435554974925294906768087,1,1
6024,9,2,0.67770950442031537057090826422899,0,0
6025,8,-1,0.88517440454984661320682665732524,1,1
6026,7,-1,0.30010420480890909847866344351773,1,1
6027,8,1,0.12996380532703406902233701590272,1,1
6028,9,1,0.78968300636328401010968416067269,1,1
6029,7,-2,0.10912140843578389228437845021263,0,0
6030,9,2,0.74799821258078365663376702929252,0,0
6031,7,-2,0.025751820870783185332544187452297,0,0
6032,9,2,0.58125903745078224273009850377185,0,0
6033,8,-1,0.69227347061078035752520713641095,1,1
6034,8,0,0.91430233693077658711542440168915,0,0
6035,7,-1,0.35836006957076904629585893224556,1,1
6036,8,1,0.24647553485075396465672799335838,1,1
6037,8,0,0.022706465410723801378466115584008,0,0
6038,9,1,0.57516832653066347482194236003527,1,1
6039,8,-1,0.68009204877054282170889484893779,1,1
6040,8,0,0.88993949325030151548279982674284,0,0
6041,7,-1,0.30963438220981890303060978235293,1,1
6042,8,1,0.14902416012885367812622969357311,1,1
6043,9,1,0.82780371596692322831746951601347,1,1
6044,7,-2,0.18536282764306232869994916089419,0,0
6045,9,2,0.90048105099534052946490845065563,0,0
6046,7,-2,0.33071749769989693099482703017852,0,0
6047,8,1,0.19119039110900973405466418922429,1,1
6048,9,1,0.91213617792723534017433850731583,1,1
6049,7,-2,0.35402775156368655241368714349891,0,0
6050,8,1,0.23781089883658897689238441586507,1,1
6051,8,0,0.0053771933823938258497789605974019,0,0
6052,9,1,0.54050978247400352376456805006206,1,1
6053,8,-1,0.61077496065722291959414622899137,1,1
6054,8,0,0.75130531702366171125330258684999,0,0
6055,7,-1,0.032366029756539294571615302567237,1,1
6056,9,2,0.59448745522229446120824073400173,0,0
6057,8,-1,0.71873030615380479448149159687071,1,1
6058,8,0,0.96721600801682546102799332260867,0,0
6059,7,-1,0.4641874117428667941209967740846,1,1
6060,8,1,0.45813021919494946030700367703645,1,1
6061,8,0,0.44601583409911479267901748294015,0,0
6062,8,0,0.42178706390744545742304509474755,0,0
6063,8,0,0.37332952352410678691110031836235,0,0
6064,8,0,0.27641444275742944588721076559196,0,0
6065,8,0,0.082584281224074763839431660051165,0,0
6066,9,1,0.69492395815736539974387344896958,1,1
6067,8,-1,0.91960331202394667155275702680642,1,1
6068,7,-1,0.36896201975710921517052418248009,1,1
6069,8,1,0.26767943522343430240605849382744,1,1
6070,8,0,0.065114266156084476877127116522135,0,0
6071,9,1,0.65998392802138482581926436191152,1,1
6072,8,-1,0.8497232517519855237035388526903,1,1
6073,7,-1,0.22920189921318691947208783424785,1,1
6074,9,2,0.98815919413558971100918579736296,0,0
6075,7,-2,0.50607378398039529408338172359318,0,0
6076,8,1,0.54190296367000646023177357605361,1,1
6077,8,0,0.61356132304922879252855728097448,0,0
6078,8,0,0.75687804180767345712212469081622,0,0
6079,7,-1,0.043511479324562786309259510499696,1,1
6080,9,2,0.61677835435834144468352914986665,0,0
6081,8,-1,0.76331210442589876143206842860054,1,1
6082,7,-1,0.056379604561013394929146986068342,1,1
6083,9,2,0.64251460483124266192330410100394,0,0
6084,8,-1,0.81478460537170119591161833087513,1,1
6085,7,-1,0.15932460645261826388824679061751,1,1
6086,9,2,0.84840460861445239984150371010228,0,0
6087,7,-2,0.2265646129381206717480175490718,0,0
6088,9,2,0.98288462158545721556104522701086,0,0
6089,7,-2,0.49552463888013030318710058288898,0,0
6090,8,1,0.52080467346947647843921129464521,1,1
6091,8,0,0.57136474264816882894343271815767,0,0
6092,8,0,0.6724848810055535299518755651826,0,0
6093,8,0,0.87472515772032293196876125923245,0,0
6094,7,-1,0.27920571114986173600253264733215,1,1
6095,8,1,0.088166818008939344070075423531561,1,1
6096,9,1,0.70608903172709456020516097593037,1,1
6097,8,-1,0.941933459163404992475332080728,1,1
6098,7,-1,0.41362231403602585701567429032326,1,1
6099,8,1,0.35700002378126758609635870951377,1,1
6100,8,0,0.2437554432717510442577275478948,0,0
6101,8,0,0.017266282252717960580465224656861,0,0
6102,9,1,0.56428796021465179322594057818098,1,1
6103,8,-1,0.6583313161385194585168912852292,1,1
6104,8,0,0.84641802798625478909879269932566,0,0
6105,7,-1,0.22259145168172545026259552751858,1,1
6106,9,2,0.97493829907266677259020118390441,0,0
6107,7,-2,0.47963199385454941724541249667607,0,0
6108,8,1,0.48901938341831470655583512221939,1,1
6109,8,0,0.50779416254584528517668037330603,0,0
6110,8,0,0.54534372080090644241837087547932,0,0
6111,8,0,0.6204428373110287569017518798259,0,0
6112,8,0,0.77064107033127338586851388851905,0,0
6113,7,-1,0.071037536371762643802037905905354,1,1
6114,9,2,0.67183046845274115966908594067796,0,0
6115,8,-1,0.87341633261469819140318201022318,1,1
6116,7,-1,0.27658806093861225487137414931361,1,1
6117,8,1,0.082931517586440381807758427494471,1,1
6118,9,1,0.6956184308820966356805269838562,1,1
6119,8,-1,0.92099225747340914342606409657965,1,1
6120,7,-1,0.37173991065603415891713832202655,1,1
6121,8,1,0.27323521702128418989928677292035,1,1
6122,8,0,0.076225829751784251863583674707944,0,0
6123,9,1,0.68220705521278437579217747828314,1,1
6124,8,-1,0.89416950613478462364936508543354,1,1
6125,7,-1,0.31809440797878511936374029973433,1,1
6126,8,1,0.16594421166678611079249072833592,1,1
6127,9,1,0.86164381904278809364999158553909,1,1
6128,7,-2,0.25304303379479205936499329994542,0,0
6129,8,1,0.035841463298799990794996728758104,1,1
6130,9,1,0.60143832230681585365500358638346,1,1
6131,8,-1,0.73263204032284757937501730163418,1,1
6132,8,0,0.99501947635491103081504473213561,0,0
6133,7,-1,0.51979434841903793369509959313846,1,1
6134,8,1,0.56934409254729173945520931514418,1,1
6135,8,0,0.66844358080379935097542875915562,0,0
6136,8,0,0.86664255731681457401586764717849,0,0
6137,7,-1,0.26304051034284502009674542322424,1,1
6138,8,1,0.05583641639490591225850097531573,1,1
6139,9,1,0.64142822849902769658201207949871,1,1
6140,8,-1,0.81261185270727126522903428786468,1,1
6141,7,-1,0.15497910112375840252307870459662,1,1
6142,9,2,0.83971359795673267711116753806049,0,0
6143,7,-2,0.20918259162268122628734520498823,0,0
6144,9,2,0.9481205789545783246397005388437,0,0
6145,7,-2,0.42599655361837252134441120655466,0,0
6146,8,1,0.38174850294596091475383254197658,1,1
6147,8,0,0.29325240160113770157267521282041,0,0
6148,8,0,0.11626019891149127521036055450808,0,0
6149,9,1,0.76227579353219842248573123788342,1,1
6150,7,-2,0.054306982773612717036472604634087,0,0
6151,9,2,0.63836936125644130613795533813543,0,0
6152,8,-1,0.80649411822209848434092080513811,1,1
6153,7,-1,0.14274363215341284074685173914347,1,1
6154,9,2,0.8152426600160415535587136071542,0,0
6155,7,-2,0.16024071574129897918243734317566,0,0
6156,9,2,0.85023682719181383042988481521857,0,0
6157,7,-2,0.23022905009284353292477975930439,0,0
6158,9,2,0.99021349589490293791456964747604,0,0
6159,7,-2,0.51018238749902174789414942381933,0,0
6160,8,1,0.55012017070725936785330897650591,1,1
6161,8,0,0.62999573712373460777162808187908,0,0
6162,8,0,0.78974686995668508760826629262541,0,0
6163,7,-1,0.10924913562258604728154271411808,1,1
6164,9,2,0.74825366695438796662809555710342,0,0
6165,7,-2,0.026262729617991805321201243074096,0,0
6166,9,2,0.58228085494519948270741261501544,0,0
6167,8,-1,0.69431710559961483747983535889814,1,1
6168,8,0,0.91838960690844554702468084666354,0,0
6169,7,-1,0.36653460952610696611437182219433,1,1
6170,8,1,0.26282461476142980429375377325592,1,1
6171,8,0,0.0554046252320754806525176753791,0,0
6172,9,1,0.64056464617336683337004547962545,1,1
6173,8,-1,0.81088468805594953880510108811816,1,1
6174,7,-1,0.15152477182111494967521230510358,1,1
6175,9,2,0.83280493935144577141543473907441,0,0
6176,7,-2,0.19536527441210741489587960701607,0,0
6177,9,2,0.92048594453343070185676934289939,0,0
6178,7,-2,0.37072728477607727577854881466604,0,0
6179,8,1,0.27120996526137042362210775819934,1,1
6180,8,0,0.072175326231956719309225645265935,0,0
6181,9,1,0.67410604817312931068346141939912,1,1
6182,8,-1,0.8779674920554744934319329676655,1,1
6183,7,-1,0.28569037982016485892887606419825,1,1
6184,8,1,0.10113615534954558992276225726376,1,1
6185,9,1,0.73202770640830705191053464339478,1,1
6186,8,-1,0.99381080852582997588607941565682,1,1
6187,7,-1,0.51737701276087582383716896018088,1,1
6188,8,1,0.56450942123096751973934804922902,1,1
6189,8,0,0.6587742381711509115437062273253,0,0
6190,8,0,0.84730387205151769515242258351785,0,0
6191,7,-1,0.22436313981225126236985529590295,1,1
6192,9,2,0.97848167533371839680472072067315,0,0
6193,7,-2,0.48671874637665266567445157021355,0,0
6194,8,1,0.50319288846252120341391326929435,1,1
6195,8,0,0.53614117263425827889283666745595,0,0
6196,8,0,0.60203774097773242985068346377915,0,0
6197,8,0,0.73383087766468073176637705642555,0,0
6198,8,0,0.99741715103857733559776424171836,0,0
6199,7,-1,0.52458969778637054326053861230398,1,1
6200,8,1,0.57893479128195695858608735347521,1,1
6201,8,0,0.68762497827312978923718483581767,0,0
6202,8,0,0.90500535225547545053937980050259,0,0
6203,7,-1,0.33976610022016677314376972987244,1,1
6204,8,1,0.20928759614954941835254958861213,1,1
6205,9,1,0.94833058800831470877010930609151,1,1
6206,7,-2,0.42641657172584528960522874105028,0,0
6207,8,1,0.38258853916090645127546761096782,1,1
6208,8,0,0.29493247403102877461594535080289,0,0
6209,8,0,0.11962034377127342129690083047303,0,0
6210,9,1,0.76899608325176271465881178981332,1,1
6211,7,-2,0.067747562212741301382633708493898,0,0
6212,9,2,0.66525052013469847483027754585505,0,0
6213,8,-1,0.86025643597861282172556522057736,1,1
6214,7,-1,0.25026826766644151551614057002196,1,1
6215,8,1,0.030291931042098903097291268911182,1,1
6216,9,1,0.59033925779341367825959266668962,1,1
6217,8,-1,0.71043391129604322858419546224649,1,1
6218,8,0,0.95062321830130232923340105336023,0,0
6219,7,-1,0.43100183231182053053181223558772,1,1
6220,8,1,0.39175906033285693312863460004269,1,1
6221,8,0,0.31327351637492973832227932895263,0,0
6222,8,0,0.1563024284590753487095687867725,0,0
6223,9,1,0.84236025262736656948414770241226,1,1
6224,7,-2,0.21447590096394901103330553369178,0,0
6225,9,2,0.95870719763711389413162119625081,0,0
6226,7,-2,0.44716979098344366032825252136888,0,0
6227,8,1,0.42409497767610319272151517160501,1,1
6228,8,0,0.37794535106142225750804047207728,0,0
6229,8,0,0.28564609783206038708109107302181,0,0
6230,8,0,0.10104759137333664622719227491087,0,0
6231,9,1,0.731850578455889164519394678689,1,1
6232,8,-1,0.99345655262099420110379948624525,1,1
6233,7,-1,0.51666850095120427427260910135776,1,1
6234,8,1,0.56309239761162442061022833158277,1,1
6235,8,0,0.6559401909324647132854667920328,0,0
6236,8,0,0.84163577757414529863594371293285,0,0
6237,7,-1,0.21302695085750646933689755473295,1,1
6238,9,2,0.95580929742422881073880523833314,0,0
6239,7,-2,0.44137399055767349354262060553354,0,0
6240,8,1,0.41250337682456285915025133993434,1,1
6241,8,0,0.35476214935834159036551280873594,0,0
6242,8,0,0.23927969442589905279603574633913,0,0
6243,8,0,0.0083147845610139776570816215455055,0,0
6244,9,1,0.54638496483124382737917337195826,1,1
6245,8,-1,0.62252532537170352682335687278378,1,1
6246,8,0,0.77480604645262292571172387443482,0,0
6247,7,-1,0.079367488614461723488457877736894,1,1
6248,9,2,0.68849037293813931904192588434104,0,0
6249,8,-1,0.90673614158549451014886189754934,1,1
6250,7,-1,0.34322767888020489236273392396593,1,1
6251,8,1,0.21621075346962565679047797679911,1,1
6252,9,1,0.96217690264846718564596608246548,1,1
6253,7,-2,0.45410920100615024335694229379821,0,0
6254,8,1,0.43797379772151635877889471646368,1,1
6255,8,0,0.40570299115224858962279956179461,0,0
6256,8,0,0.34116137801371305131060925245646,0,0
6257,8,0,0.21207815173664197468622863378018,0,0
6258,9,1,0.95391169918249982143746739642762,1,1
6259,7,-2,0.4375787940742155149399449217225,0,0
6260,8,1,0.40491298385764690194489997231224,1,1
6261,8,0,0.33958136342450967595481007349174,0,0
6262,8,0,0.20891812255823522397463027585074,0,0
6263,9,1,0.94759164082568632001427068056873,1,1
6264,7,-2,0.42493867736058851209355149000472,0,0
6265,8,1,0.37963275043039289625211310887669,1,1
6266,8,0,0.28902089657000166456923634662063,0,0
6267,8,0,0.10779718884921920120348282210852,0,0
6268,9,1,0.74534977340765427447197577308429,1,1
6269,7,-2,0.020454942524524421008961675035824,0,0
6270,9,2,0.5706652807582647140829334789389,0,0
6271,8,-1,0.67108595722574530023087708674506,1,1
6272,8,0,0.87192731016070647252676430235737,0,0
6273,7,-1,0.273610016030628817118538733582,1,1
6274,8,1,0.076975427770473506302087596031246,1,1
6275,9,1,0.68370625125016288466918532092975,1,1
6276,8,-1,0.89716789820954164140338077072675,1,1
6277,7,-1,0.32409119212829915487177167032075,1,1
6278,8,1,0.17793777996581418180855346950875,1,1
6279,9,1,0.88563095564084423568211706788475,1,1
6280,7,-2,0.30101730699090434342924426463676,0,0
6281,8,1,0.13179000969102455892349865814077,1,1
6282,9,1,0.79333541509126498991200744514879,1,1
6283,7,-2,0.11642622589174585188902501916483,0,0
6284,9,2,0.76260784749270757584306016719691,0,0
6285,7,-2,0.054971090694631023751130463261068,0,0
6286,9,2,0.63969757709847791956727105538939,0,0
6287,8,-1,0.80915054990617171119955223964603,1,1
6288,7,-1,0.14805649552155929446411460815932,1,1
6289,9,2,0.8258683867523344609932393451859,0,0
6290,7,-2,0.18149216921388479405148881923905,0,0
6291,9,2,0.89273973413698546016798776734536,0,0
6292,7,-2,0.31523486398318679240098566355798,0,0
6293,8,1,0.16022512367558945686698145598321,1,1
6294,9,1,0.85020564306039478579897304083368,1,1
6295,7,-2,0.23016668183000544366295621053461,0,0
6296,9,2,0.99008875936922675939092254993648,0,0
6297,7,-2,0.50993291444766939084685522874022,0,0
6298,8,1,0.54962122460455465375872058634768,1,1
6299,8,0,0.62899784491832517958245130156262,0,0
6300,8,0,0.7877510855458662312299127319925,0,0
6301,7,-1,0.10525756680094833452483559285225,1,1
6302,9,2,0.74027052931111254111468131457176,0,0
6303,7,-2,0.010296454331440954294372758010766,0,0
6304,9,2,0.55034830437209778065375564488878,0,0
6305,8,-1,0.63045200445341143337252141864482,1,1
6306,8,0,0.7906594046160387388100529661569,0,0
6307,7,-1,0.11107420494129334968511606118105,1,1
6308,9,2,0.75190380559180257143524225122936,0,0
6309,7,-2,0.033563006892821014935494631325979,0,0
6310,9,2,0.59688140949485790193599939151921,0,0
6311,8,-1,0.72351821469893167593700891190568,1,1
6312,8,0,0.97679182510707922393902795267861,0,0
6313,7,-1,0.48333904592337431994306603422448,1,1
6314,8,1,0.4964334875559645119511421973162,1,1
6315,8,0,0.52262237082114489596729452349966,0,0
6316,8,0,0.57500013735150566399959917586658,0,0
6317,8,0,0.67975567041222720006420848060042,0,0
6318,8,0,0.88926673653367027219342709006809,0,0
6319,7,-1,0.30828886877655641645186430900343,1,1
6320,8,1,0.1463331332623287049687387468741,1,1
6321,9,1,0.82242166223387328200248762261546,1,1
6322,7,-2,0.17459872017696243606998537409818,0,0
6323,9,2,0.87895283606314074420498087706361,0,0
6324,7,-2,0.28766106783549736047497188299447,0,0
6325,8,1,0.10507753138021059301495389485619,1,1
6326,9,1,0.73991045846963705809491791857964,1,1
6327,7,-2,0.0095763126484899882548459660265285,0,0
6328,9,2,0.54890802100619584857470206092031,0,0
6329,8,-1,0.62757143772160756921441425070788,1,1
6330,8,0,0.784898271152431010493838630283,0,0
6331,7,-1,0.099551938014077893052687389433262,1,1
6332,9,2,0.72885927173737165817038490773378,0,0
6333,8,-1,0.98747393918395918840577994433481,1,1
6334,7,-1,0.50470327407713424887657001753688,1,1
6335,8,1,0.539161943863484369818150163941,1,1
6336,8,0,0.60807928343618461170131045674926,0,0
6337,8,0,0.74591396258158509546763104236578,0,0
6338,7,-1,0.02158332087238606300027221359881,1,1
6339,9,2,0.57292203745398799806555455606487,0,0
6340,8,-1,0.675599470617191868196119240997,1,1
6341,8,0,0.88095433694359960845724861086126,0,0
6342,7,-1,0.29166406959641508897950735058977,1,1
6343,8,1,0.1130835349020460500240248300468,1,1
6344,9,1,0.75592246551330797211305978896085,1,1
6345,7,-2,0.041600326735831816291129706788957,0,0
6346,9,2,0.61295604918087950464726954244517,0,0
6347,8,-1,0.75566749407097488135954921375759,1,1
6348,7,-1,0.041090383851165634784108556382434,1,1
6349,9,2,0.61193616341154714163322724163212,0,0
6350,8,-1,0.7536277225323101553314646121315,1,1
6351,7,-1,0.037010840773836182727939353130248,1,1
6352,9,2,0.60377707725688823752088883512775,0,0
6353,8,-1,0.73730955022299234710678779912275,1,1
6354,7,-1,0.00437449615520056627858572711276,1,1
6355,9,2,0.53850438801961700462218158309277,0,0
6356,8,-1,0.6067641717484498813093732950528,1,1
6357,8,0,0.74328373920611563468375671897286,0,0
6358,7,-1,0.016322874121447141432523566812967,1,1
6359,9,2,0.56240114395211015493005726249319,0,0
6360,8,-1,0.65455768361343618192512465385363,1,1
6361,8,0,0.83887076293608823591525943657451,0,0
6362,7,-1,0.20749692158139234389552900201628,1,1
6363,9,2,0.94474923887200055985606813289981,0,0
6364,7,-2,0.41925387345321699177714639466687,0,0
6365,8,1,0.36826314261564985561930291820099,1,1
6366,8,0,0.26628168094051558330361596526923,0,0
6367,8,0,0.062318757590247038672242059405704,0,0
6368,9,1,0.65439291088970994940949424767866,1,1
6369,8,-1,0.83854121748863577088399862422458,1,1
6370,7,-1,0.20683783068648741383300737731641,1,1
6371,9,2,0.94343105708219069973102488350008,0,0
6372,7,-2,0.41661750987359727152705989586741,0,0
6373,8,1,0.36299041545641041511912992060207,1,1
6374,8,0,0.2557362266220367023032699700714,0,0
6375,8,0,0.041227848953289276671550069010048,0,0
6376,9,1,0.61221109361579442540811026688735,1,1
6377,8,-1,0.75417758294080472288123066264195,1,1
6378,7,-1,0.03811056159082531782747145415116,1,1
6379,9,2,0.60597651889086650771995303716957,0,0
6380,8,-1,0.7417084334909488875049162032064,1,1
6381,7,-1,0.013172262691113647074842535280054,1,1
6382,9,2,0.55609992109144316621469519942736,0,0
6383,8,-1,0.64195523789210220449440052772198,1,1
6384,8,0,0.81366587149342028105381118431121,0,0
6385,7,-1,0.15708713869605643417263249748967,1,1
6386,9,2,0.84392967310132874041027512384659,0,0
6387,7,-2,0.21761474191187335288556037656044,0,0
6388,9,2,0.96498487953296257783613088198814,0,0
6389,7,-2,0.45972515477514102773727189284353,0,0
6390,8,1,0.44920570525949792753955391455432,1,1
6391,8,0,0.42816680622821172714411795797589,0,0
6392,8,0,0.38608900816563932635324604481903,0,0
6393,8,0,0.30193341204049452477150221850531,0,0
6394,8,0,0.13362221979020492160801456587788,0,0
6395,9,1,0.79699983528962571528103926062302,1,1
6396,7,-2,0.12375506628846730262708865011329,0,0
6397,9,2,0.77726552828615047731918742909384,0,0
6398,7,-2,0.084286452281516826703384987054934,0,0
6399,9,2,0.69832830027224952547178010297712,0,0
6400,8,-1,0.9264119962537149230085703348215,1,1
6401,7,-1,0.38257938821664571808215079851025,1,1
6402,8,1,0.29491417214250730822931172588775,1,1
6403,8,0,0.11958373999423048852363358064275,0,0
6404,9,1,0.76892287569767684911227729015275,1,1
6405,7,-2,0.067601147104569570289564709172763,0,0
6406,9,2,0.66495768991835501264413954721278,0,0
6407,8,-1,0.85967077554592589735328922329281,1,1
6408,7,-1,0.24909694680106766677158857545288,1,1
6409,8,1,0.027949289311351205608187279773018,1,1
6410,9,1,0.58565397433191828328138468841329,1,1
6411,8,-1,0.70106334437305243862777950569383,1,1
6412,8,0,0.93188208445532074932056914025492,0,0
6413,7,-1,0.3935195646198573707061484093771,1,1
6414,8,1,0.31679452494893061347730694762145,1,1
6415,8,0,0.16334444560707709901962402411016,0,0
6416,9,1,0.85644428692337007010425817708758,1,1
6417,7,-2,0.24264396955595601227352648304241,0,0
6418,8,1,0.015043334821127896612063094952075,1,1
6419,9,1,0.5598420653514716652891363187714,1,1
6420,8,-1,0.64943952641215920264328276641006,1,1
6421,8,0,0.82863444853353427735157566168738,0,0
6422,7,-1,0.18702429277628442676816145224201,1,1
6423,9,2,0.90380398126178472560133303335127,0,0
6424,7,-2,0.33736335823278532326767619556978,0,0
6425,8,1,0.20448211217478651860036252000682,1,1
6426,9,1,0.9387196200587889092657351688809,1,1
6427,7,-2,0.40719463582679369059648046662905,0,0
6428,8,1,0.34414466736280325325797106212535,1,1
6429,8,0,0.21804473043482237858095225311796,0,0
6430,9,1,0.96584485657886062922691463510317,1,1
6431,7,-2,0.4614451088669371305188393990736,0,0
6432,8,1,0.45264561344309013310268892701446,1,1
6433,8,0,0.43504662259539613827038798289617,0,0
6434,8,0,0.3998486409000081486057860946596,0,0
6435,8,0,0.32945267750923216927658231818646,0,0
6436,8,0,0.18866075072768021061817476524017,0,0
6437,9,1,0.90707689716457629330135965934759,1,1
6438,7,-2,0.34390919003836845866772944756242,0,0
6439,8,1,0.2175737757859527894004690239921,1,1
6440,9,1,0.96490294728112145086594817685146,1,1
6441,7,-2,0.45956129027145877379690648257017,0,0
6442,8,1,0.4488779762521334196588230940076,1,1
6443,8,0,0.42751134821348271138265631688244,0,0
6444,8,0,0.38477809213618129483032276263214,0,0
6445,8,0,0.29931157998157846172565565413154,0,0
6446,8,0,0.12837855567237279551632143713033,0,0
6447,9,1,0.78651250705396146309765300312792,1,1
6448,7,-2,0.10278040981713879826031613512309,0,0
6449,9,2,0.73531621534349346858564239911343,0,0
6450,7,-2,0.00038782639620280923629492709410941,0,0
6451,9,2,0.53053104850162149053759998305547,0,0
6452,8,-1,0.5908174927124588531402100949782,1,1
6453,8,0,0.71139038113413357834543031882365,0,0
6454,8,0,0.95253615797748302875587076651456,0,0
6455,7,-1,0.43482771166418192957675166189637,1,1
6456,8,1,0.39941081903757973121851345265999,1,1
6457,8,0,0.32857703378437533450203703418723,0,0
6458,8,0,0.18690946327796654106908419724171,0,0
6459,9,1,0.90357432226514895420317852335068,1,1
6460,7,-2,0.33690404023951378047136717556861,0,0
6461,8,1,0.20356347618824343300774448000448,1,1
6462,9,1,0.93688234808570273808049908887621,1,1
6463,7,-2,0.40352009188062134822600830661967,0,0
6464,8,1,0.3367955794704585685170267421066,1,1
6465,8,0,0.20334655465013300909906361308045,0,0
6466,9,1,0.93644850500948189026313735502816,1,1
6467,7,-2,0.40265240572817965259128483892356,0,0
6468,8,1,0.33506020716557517724757980671438,1,1
6469,8,0,0.19987581004036622656016974229602,0,0
6470,9,1,0.92950701578994832518534961345929,1,1
6471,7,-2,0.38876942728911252243570935578583,0,0
6472,8,1,0.30729425028744091693642884043891,1,1
6473,8,0,0.14434389628409770593786780974508,0,0
6474,9,1,0.81844318827741128394074574835741,1,1
6475,7,-2,0.16664177226403843994650162558207,0,0
6476,9,2,0.86303894023729275195801338003139,0,0
6477,7,-2,0.25583327618380137598103688893002,0,0
6478,8,1,0.041421948076818624027083906727302,1,1
6479,9,1,0.61259929186285312011917794232186,1,1
6480,8,-1,0.75495397943492211230336601351097,1,1
6481,7,-1,0.039663354579060096671742155889191,1,1
6482,9,2,0.60908210486733606540849444064564,0,0
6483,8,-1,0.74791960544388800288199901015852,1,1
6484,7,-1,0.025594606596991877829008149184302,1,1
6485,9,2,0.58094460890319962772302642723586,0,0
6486,8,-1,0.69164461351561512751106298333897,1,1
6487,8,0,0.91304462274044612708713609554519,0,0
6488,7,-1,0.35584464119010812623928231995764,1,1
6489,8,1,0.24144467808943212454357476878254,1,1
6490,8,0,0.012644751888080121152159666432327,0,0
6491,9,1,0.55504489948537611436932946173191,1,1
6492,8,-1,0.63984519467996810080366905233107,1,1
6493,8,0,0.80944578506915207367234823352939,0,0
6494,7,-1,0.14864696584752001940970659592604,1,1
6495,9,2,0.82704932740425591088442332071933,0,0
6496,7,-2,0.18385405051772769383385677030591,0,0
6497,9,2,0.89746349674467125973272366947908,0,0
6498,7,-2,0.32468238919855839153045746782542,0,0
6499,8,1,0.1791201741063326551259250645181,1,1
6500,9,1,0.88799574392188118231686025790345,1,1
6501,7,-2,0.30574688355297823669873064467414,0,0
6502,8,1,0.14124916281517234546247141821554,1,1
6503,9,1,0.81225372133956056298995296529834,1,1
6504,7,-2,0.15426283838833699804491605946393,0,0
6505,9,2,0.83828107248588986815484224779512,0,0
6506,7,-2,0.2063175406809956083746946244575,0,0
6507,9,2,0.94239047707120708881439937778226,0,0
6508,7,-2,0.41453634985163004969380888443176,0,0
6509,8,1,0.35882809541247597145262789773078,1,1
6510,8,0,0.24741158653416781497026592432882,0,0
6511,8,0,0.024578568777551502005541977524892,0,0
6512,9,1,0.57891253326431887607609408391704,1,1
6513,8,-1,0.68758046223785362421719829670133,1,1
6514,8,0,0.90491632018492312049940672226992,0,0
6515,7,-1,0.33958803607906211306382357340709,1,1
6516,8,1,0.20893146786734009819265727568142,1,1
6517,9,1,0.9476183314438960684503246802301,1,1
6518,7,-2,0.42499205859700800896565948932746,0,0
6519,8,1,0.37973951290323188999632910752217,1,1
6520,8,0,0.2892344215156796520576683439116,0,0
6521,8,0,0.10822423874057517618034681669045,0,0
6522,9,1,0.74620387319036622442570376224815,1,1
6523,7,-2,0.022163142089948320916417653363559,0,0
6524,9,2,0.57408167988911251389784543559437,0,0
6525,8,-1,0.677918755487440899860701000056,1,1
6526,8,0,0.88559290668409767178641212897925,0,0
6527,7,-1,0.30094120907741121563783438682575,1,1
6528,8,1,0.13163781386403830334067890251875,1,1
6529,9,1,0.79303102343729247874636793390475,1,1
6530,7,-2,0.11581744258380082955774599667675,0,0
6531,9,2,0.76139028087681753118050212222076,0,0
6532,7,-2,0.05253595746285093442601437330878,0,0
6533,9,2,0.63482731063491774091703887548481,0,0
6534,8,-1,0.79941001697905135389908787983688,1,1
6535,7,-1,0.12857542966731857986318588854102,1,1
6536,9,2,0.78690625504385303179138190594929,0,0
6537,7,-2,0.10356790579692193564777394076584,0,0
6538,9,2,0.73689120730305974336055801039894,0,0
6539,7,-2,0.0035378103153353587861261496651242,0,0
6540,9,2,0.5368310163398865896372624281975,0,0
6541,8,-1,0.60341742838898905133953498526226,1,1
6542,8,0,0.73659025248719397474408009939177,0,0
6543,7,-1,0.0029359006836038215531703276507932,1,1
6544,9,2,0.53562719707642351517135078416884,0,0
6545,8,-1,0.60100978986206290240771169720493,1,1
6546,8,0,0.73177497543334167688043352327712,0,0
6547,8,0,0.9933053465758992258258771754215,0,0
6548,7,-1,0.51636608886101432371676447971025,1,1
6549,8,1,0.56248757343124451949853908828775,1,1
6550,8,0,0.65473054257170491106208830544275,0,0
6551,8,0,0.83921648085262569418918673975276,0,0
6552,7,-1,0.20818835741446726044338360837277,1,1
6553,9,2,0.94613211053815039295177734561279,0,0
6554,7,-2,0.42201961678551665796856482009284,0,0
6555,8,1,0.37379462928024918800213976905293,1,1
6556,8,0,0.27734465426971424806928966697311,0,0
6557,8,0,0.084444704248644368203589462813469,0,0
6558,9,1,0.69864480420650460847218905449419,1,1
6559,8,-1,0.92704500412222508900938823785564,1,1
6560,7,-1,0.38384540395366605008378660457853,1,1
6561,8,1,0.29744620361654797223258333802431,1,1
6562,8,0,0.12464780294231181653017680491587,0,0
6563,9,1,0.77905100159383950512536373869898,1,1
6564,7,-2,0.087857398896894882315737606265223,0,0
6565,9,2,0.7054701935030056366964853413977,0,0
6566,8,-1,0.94069578271522714545798081166265,1,1
6567,7,-1,0.41114696113967016298097175219256,1,1
6568,8,1,0.35204931798855619802695363325237,1,1
6569,8,0,0.23385403168632826811891739537199,0,0
6570,9,1,0.99746345908187240830284491961124,1,1
6571,7,-2,0.52468231387296068867069996808974,0,0
6572,8,1,0.57912002345513724940641006504673,1,1
6573,8,0,0.68799544261949037087783025896072,0,0
6574,8,0,0.90574628094819661382067064678869,0,0
6575,7,-1,0.34124795760560909970635142244464,1,1
6576,8,1,0.21225131092043407147771297375653,1,1
6577,9,1,0.95425801755008401502043607638031,1,1
6578,7,-2,0.43827143080938390210588228162788,0,0
6579,8,1,0.40629825732798367627677469212301,1,1
6580,8,0,0.34235191036518322461855951311327,0,0
6581,8,0,0.21445921643958232130212915509379,0,0
6582,9,1,0.95867382858838051466926843905484,1,1
6583,7,-2,0.44710305288597690140354700697694,0,0
6584,8,1,0.42396150148116967487210414282113,1,1
6585,8,0,0.37767839867155522180921841450952,0,0
6586,8,0,0.28511219305232631568344695788629,0,0
6587,8,0,0.099979781813868503431904044639826,0,0
6588,9,1,0.72971495933695287892881821814691,1,1
6589,8,-1,0.98918531438312162992264656516107,1,1
6590,7,-1,0.50812602447545913191030325918939,1,1
6591,8,1,0.54600744466013413588561664724603,1,1
6592,8,0,0.6217702850294841438362434233593,0,0
6593,8,0,0.77329596576818415973749697558586,0,0
6594,7,-1,0.07634732724558419154000408003898,1,1
6595,9,2,0.68245005020038425514501828894521,0,0
6596,8,-1,0.89465549610998438235504670675768,1,1
6597,7,-1,0.31906638792918463677510354238261,1,1
6598,8,1,0.16788817156758514561521721363248,1,1
6599,9,1,0.86553173884438616329544455613222,1,1
6600,7,-2,0.2608188733979881986558992411317,0,0
6601,8,1,0.051393142505192269376808611130644,1,1
6602,9,1,0.63254168071960041081862735112854,1,1
6603,8,-1,0.79483875714841669370226483112434,1,1
6604,7,-1,0.11943291000604925946953979111593,1,1
6605,9,2,0.76862121572131439100408971109911,0,0
6606,7,-2,0.066997827151844654073189551065475,0,0
6607,9,2,0.6637510500129051802113892309982,0,0
6608,8,-1,0.85725749573502623248778859086366,1,1
6609,7,-1,0.24427038717926833704058731059457,1,1
6610,8,1,0.0182961700677525461461847500564,1,1
6611,9,1,0.56634773584472096435737962898005,1,1
6612,8,-1,0.66245086739865780077976938682736,1,1
6613,8,0,0.85465713050653147362454890252198,0,0
6614,7,-1,0.23906965672227881931410793391121,1,1
6615,8,1,0.0078947091537735106932259966896727,1,1
6616,9,1,0.5455448140167628934514621222466,1,1
6617,8,-1,0.62084502374274165896793437336045,1,1
6618,8,0,0.77144544319469919000087887558816,0,0
6619,7,-1,0.07264628209861425206676788004357,1,1
6620,9,2,0.67504795990644437619854588895439,0,0
6621,8,-1,0.87985131552210462446210190677604,1,1
6622,7,-1,0.28945802675342512098921394241933,1,1
6623,8,1,0.10867144921606611404343801370592,1,1
6624,9,1,0.7470982941413481001518861562791,1,1
6625,7,-2,0.023951983991912072368782441425447,0,0
6626,9,2,0.57765936369304001680257501171815,0,0
6627,8,-1,0.68507412309529590567016015230355,1,1
6628,8,0,0.89990364189980768340533043347435,0,0
6629,7,-1,0.32956267950883123887567099581596,1,1
6630,8,1,0.18888075472687834981635212049917,1,1
6631,9,1,0.9075169051629725716977143698656,1,1
6632,7,-2,0.34478920603516101546043886859846,0,0
6633,8,1,0.21933380777953790298588786606417,1,1
6634,9,1,0.96842301126829167803678586099559,1,1
6635,7,-2,0.46660141824579922813858185085844,0,0
6636,8,1,0.46295823220081432834217383058413,1,1
6637,8,0,0.45567186011084452874935779003552,0,0
6638,8,0,0.4410991159309049295637257089383,0,0
6639,8,0,0.41195362757102573119246154674385,0,0
6640,8,0,0.35366265085126733444993322235496,0,0
6641,8,0,0.23708069741175054096487657357718,0,0
6642,8,0,0.003916790532716953994763276021612,0,0
6643,9,1,0.53758897677464978005453668091048,1,1
6644,8,-1,0.60493334925851543217408349068821,1,1
6645,8,0,0.73962209422624673641317711024367,0,0
6646,7,-1,0.0089995841617093448913643493545978,1,1
6647,9,2,0.54775456403263456184773882757645,0,0
6648,8,-1,0.62526452377448499576048778402015,1,1
6649,8,0,0.78028444325818586358598569690756,0,0
6650,7,-1,0.090324282225587599236981522682371,1,1
6651,9,2,0.710403960160391070538973174232,0,0
6652,8,-1,0.95056331602999801314295647733124,1,1
6653,7,-1,0.43088202776921189835092308352974,1,1
6654,8,1,0.39151945124763966876685629592674,1,1
6655,8,0,0.31279429820449520959872272072073,0,0
6656,8,0,0.15534399211820629126245557030872,0,0
6657,9,1,0.84044337994562845458992126948468,1,1
6658,7,-2,0.21064215560047278124485266783662,0,0
6659,9,2,0.9510397069101614345547154645405,0,0
6660,7,-2,0.43183480952953874117444105794826,0,0
6661,8,1,0.39342501476829335441389224476376,1,1
6662,8,0,0.31660542524580258089279461839478,0,0
6663,8,0,0.16296624620082103385059936565682,0,0
6664,9,1,0.85568788811085793976620886018089,1,1
6665,7,-2,0.24113117193093175159742784922903,0,0
6666,8,1,0.012017739571079375259865827325307,1,1
6667,9,1,0.55379087485137462258474178351787,1,1
6668,8,-1,0.63733714541196511723449369590299,1,1
6669,8,0,0.80442968653314610653399752067323,0,0
6670,7,-1,0.13861476877550808513300517021372,1,1
6671,9,2,0.8069849332602320423310204692947,0,0
6672,7,-2,0.14372526222967995672705106745664,0,0
6673,9,2,0.81720592016857578551911226378054,0,0
6674,7,-2,0.16416723604636744310323465642834,0,0
6675,9,2,0.85808986780195075827147944172393,0,0
6676,7,-2,0.24593513131311738860796901231511,0,0
6677,8,1,0.021625658335450649280948153497467,1,1
6678,9,1,0.57300671238011717062690643586219,1,1
6679,8,-1,0.67576882046945021331882300059163,1,1
6680,8,0,0.88129303664811629870265613005051,0,0
6681,7,-1,0.29234146900544846947032238896827,1,1
6682,8,1,0.1144383337201128110056549068038,1,1
6683,9,1,0.75863206314944149407631994247485,1,1
6684,7,-2,0.047019522008098860217650013816945,0,0
6685,9,2,0.62379443972541359250031015650114,0,0
6686,8,-1,0.77734427516004305706563044186954,1,1
6687,7,-1,0.084443946029301986196271012606337,1,1
6688,9,2,0.69864328776781984445755215407993,0,0
6689,8,-1,0.92704197124485556098011443702711,1,1
6690,7,-1,0.38383933819892699402523900292147,1,1
6691,8,1,0.2974340721070698601154881347102,1,1
6692,8,0,0.12462353992335559229598639828765,0,0
6693,9,1,0.77900247555592705665698292544256,1,1
6694,7,-2,0.087760346821069985378975979752368,0,0
6695,9,2,0.70527608935135584282296208837199,0,0
6696,8,-1,0.94030757441192755771093430561123,1,1
6697,7,-1,0.41037054453307098748687874008972,1,1
6698,8,1,0.3504964847753578470387676090467,1,1
6699,8,0,0.23074836525993156614254534696065,0,0
6700,9,1,0.99125212622907900435010082278855,1,1
6701,7,-2,0.51225964816737388076521177444435,0,0
6702,8,1,0.55427469204396363359543367775595,1,1
6703,8,0,0.63830477979714313925587748437915,0,0
6704,8,0,0.80636495530350215057676509762555,0,0
6705,7,-1,0.14248530631622017321854032411835,1,1
6706,9,2,0.81472600834165621850209077710395,0,0
6707,7,-2,0.15920741239252830906919168307516,0,0
6708,9,2,0.84817022049427249020339349501757,0,0
6709,7,-2,0.22609583669776085247179711890239,0,0
6710,9,2,0.98194706910473757700860436667203,0,0
6711,7,-2,0.4936495339186910260822188622113,0,0
6712,8,1,0.51705446354659792422944785328986,1,1
6713,8,0,0.56386432280241172052390583544698,0,0
6714,8,0,0.65748404131403931311282179976121,0,0
6715,8,0,0.84472347833729449829065372838968,0,0
6716,7,-1,0.2192023523838048686463175856466,1,1
6717,9,2,0.96816010047682560935764530016046,0,0
6718,7,-2,0.46607559666286709078030072918818,0,0
6719,8,1,0.46190658903495005362561158724361,1,1
6720,8,0,0.45356857377911597931623330335447,0,0
6721,8,0,0.4368925432674478306974767355762,0,0
6722,8,0,0.40354048224411153345996360001966,0,0
6723,8,0,0.33683636019743893898493732890658,0,0
6724,8,0,0.20342811610409375003488478668041,0,0
6725,9,1,0.93661162791740337213477970222807,1,1
6726,7,-2,0.40297865154402261633456953332338,0,0
6727,8,1,0.33571269879726110473414919551402,1,1
6728,8,0,0.2011807933037380815333085198953,0,0
6729,9,1,0.93211698231669203513162716865785,1,1
6730,7,-2,0.39398936034259994232826446618296,0,0
6731,8,1,0.31773411639441575672153906123317,1,1
6732,8,0,0.16522362849804738550808825133359,0,0
6733,9,1,0.86020265270531064308118663153444,1,1
6734,7,-2,0.25016070111983715822738339193614,0,0
6735,8,1,0.030076797948890188519776912739533,1,1
6736,9,1,0.58990899160699624910456395434632,1,1
6737,8,-1,0.70957337892320837027413803755989,1,1
6738,8,0,0.94890215355563261261328620398704,0,0
6739,7,-1,0.42755970282048109729158253684134,1,1
6740,8,1,0.38487480135017806664817520254993,1,1
6741,8,0,0.29950499840957200536136053396712,0,0
6742,8,0,0.1287653925283598827877311968015,0,0
6743,9,1,0.78728618076593563764047252247024,1,1
6744,7,-2,0.10432775724108714734595517380774,0,0
6745,9,2,0.73841091019139016675692047648274,0,0
6746,7,-2,0.0065772160919962055788510818327293,0,0
6747,9,2,0.54290982789320828322271229253271,0,0
6748,8,-1,0.61557505149563243851043471393268,1,1
6749,8,0,0.76090549870048074908587955673261,0,0
6750,7,-1,0.051566393110177370236769242332474,1,1
6751,9,2,0.6328881819295706125385486135322,0,0
6752,8,-1,0.79553175956835709714210735593166,1,1
6753,7,-1,0.12081891484593006634922484073057,1,1
6754,9,2,0.7713932254010760047634598103284,0,0
6755,7,-2,0.072541846511367881591929749524045,0,0
6756,9,2,0.67483908873195163524886962791534,0,0
6757,8,-1,0.87943357317311914256274938469794,1,1
6758,7,-1,0.28862254205545415719050889826313,1,1
6759,8,1,0.10700047982012418644602792539352,1,1
6760,9,1,0.7437563553494642449570659796543,1,1
6761,7,-2,0.017268106408144361979142088175853,0,0
6762,9,2,0.56429160852550459602329430521896,0,0
6763,8,-1,0.65833861276022506411159873930517,1,1
6764,8,0,0.8464326212296660002882076074776,0,0
6765,7,-1,0.22262063816854787264142534382246,1,1
6766,9,2,0.97499667204631161734786081651218,0,0
6767,7,-2,0.4797487398018391067607317618916,0,0
6768,8,1,0.48925287531289408558647365265046,1,1
6769,8,0,0.50826114633500404323795743416818,0,0
6770,8,0,0.54627768837922395854092499720361,0,0
6771,8,0,0.62231077246766378914686012327448,0,0
6772,8,0,0.77437694064454345035873037541622,0,0
6773,7,-1,0.078509276998302772782470879699687,1,1
6774,9,2,0.68677394970582141762995188826663,0,0
6775,8,-1,0.90330329512085870732491390540051,1,1
6776,7,-1,0.33636198595093328671483793966827,1,1
6777,8,1,0.20247936761108244549468600820379,1,1
6778,9,1,0.93471413093138076305438214527484,1,1
6779,7,-2,0.39918365757197739817377441941693,0,0
6780,8,1,0.32812271085317066841255896770112,1,1
6781,8,0,0.18600081741555720889012806426949,0,0
6782,9,1,0.90175703054033028984526625740624,1,1
6783,7,-2,0.33326945678987645175554264367974,0,0
6784,8,1,0.19629430928896877557609541622673,1,1
6785,9,1,0.92234401428715342321720096132071,1,1
6786,7,-2,0.37444342428352271849941205150866,0,0
6787,8,1,0.27864224427626130906383423188458,1,1
6788,8,0,0.087039884261738490192678592636421,0,0
6789,9,1,0.7038351642326928524503673141401,1,1
6790,8,-1,0.93742572417460157696574475714745,1,1
6791,7,-1,0.40460684405841902599649964316214,1,1
6792,8,1,0.33896908382605392405800941519154,1,1
6793,8,0,0.20769356336132372018102895925034,0,0
6794,9,1,0.94514252243186331242706804736793,1,1
6795,7,-2,0.42004044057294249691914622360311,0,0
6796,8,1,0.36983627685510086590330257607348,1,1
6797,8,0,0.26942794941941760387161528101422,0,0
6798,8,0,0.068611294548051079808240690895684,0,0
6799,9,1,0.66697798480531803168149151065862,1,1
6800,8,-1,0.8637113653198519354279931501845,1,1
6801,7,-1,0.25717812634891974292099642923625,1,1
6802,8,1,0.044111648407055357907002987339749,1,1
6803,9,1,0.61797869252332658787901610354675,1,1
6804,8,-1,0.76571278075586904782304233596076,1,1
6805,7,-1,0.061180957220953967711094800788767,1,1
6806,9,2,0.65211731015112380748719973044479,0,0
6807,8,-1,0.83399001601146348703940958975683,1,1
6808,7,-1,0.19773542773214284614382930838091,1,1
6809,9,2,0.92522625117350156435266874562907,0,0
6810,7,-2,0.3802078980562190007703476201254,0,0
6811,8,1,0.29017119182165387360570536911805,1,1
6812,8,0,0.11009777935252361927642086710335,0,0
6813,9,1,0.74995095441426311061785186307396,1,1
6814,7,-2,0.029657304537742093300713855015169,0,0
6815,9,2,0.58907000478470005866643783889759,0,0
6816,8,-1,0.70789540527861598939788580666244,1,1
6817,8,0,0.94554620626644785086078174219213,0,0
6818,7,-1,0.4208478082421115737865736132515,1,1
6819,8,1,0.37145101219343901963815735537026,1,1
6820,8,0,0.27265742009609391134132483960778,0,0
6821,8,0,0.075070235901403694747659808082812,0,0
6822,9,1,0.67989586751202326156032974503288,1,1
6823,8,-1,0.88954713073326239518566961893301,1,1
6824,7,-1,0.30884965717574066243634936673327,1,1
6825,8,1,0.1474547100606971969377088623338,1,1
6826,9,1,0.82466481583061026594042785353485,1,1
6827,7,-2,0.17908502737043640394586583593695,0,0
6828,9,2,0.88792545045008867995674180074115,0,0
6829,7,-2,0.30560629660939323197849373034954,0,0
6830,8,1,0.14096798892800233602199758956634,1,1
6831,9,1,0.81169137356522054410900530799994,1,1
6832,7,-2,0.15313814283965696028302074486713,0,0
6833,9,2,0.83603168138852979263105161860151,0,0
6834,7,-2,0.20181875848627545732711336607027,0,0
6835,9,2,0.93339291268176678671923686100779,0,0
6836,7,-2,0.39654122107274944550348385088284,0,0
6837,8,1,0.32283783785471476307197783063294,1,1
6838,8,0,0.17543107141864539820896579013313,0,0
6839,9,1,0.88061753854650666848294170913351,1,1
6840,7,-2,0.29099047280222920903089354713427,0,0
6841,8,1,0.11173634131367429012679722313579,1,1
6842,9,1,0.75322807833656445231860457513883,1,1
6843,7,-2,0.036211552382344776702219279144916,0,0
6844,9,2,0.60217850047390542546944868715709,0,0
6845,8,-1,0.73411239665702672300390750318142,1,1
6846,8,0,0.9979801890232693180728251352301,0,0
6847,7,-1,0.52571577375575450821066039932746,1,1
6848,8,1,0.58118694322072488848633092752217,1,1
6849,8,0,0.69212928215066564903767198391159,0,0
6850,8,0,0.91401396001054717014035409669043,0,0
6851,7,-1,0.35778331573031021234571832224812,1,1
6852,8,1,0.24532202716983629675644677336349,1,1
6853,8,0,0.020399450048888465577903675594227,0,0
6854,9,1,0.57055429580699280322081748005571,1,1
6855,8,-1,0.67086398732320147850664508897867,1,1
6856,8,0,0.8714833703556188290783003068246,0,0
6857,7,-1,0.27272213642045353022161074251644,1,1
6858,8,1,0.075199668550122932508231613900143,1,1
6859,9,1,0.68015473280946173708147335666754,1,1
6860,8,-1,0.89006486132813934622795684220233,1,1
6861,7,-1,0.30988511836549456452092381327192,1,1
6862,8,1,0.14952563244020500110685775541109,1,1
6863,9,1,0.82880666058962587427872563968944,1,1
6864,7,-2,0.18736871688846762062246140824613,0,0
6865,9,2,0.90449282948615111330993294535952,0,0
6866,7,-2,0.3387410546815180986848760195863,0,0
6867,8,1,0.20723750507225206943476216803984,1,1
6868,9,1,0.94423040585372001093453446494694,1,1
6869,7,-2,0.41821620741665589393407905876114,0,0
6870,8,1,0.36618781054252765993316824638953,1,1
6871,8,0,0.26213101679427119193134662164631,0,0
6872,8,0,0.054017429297758255927703372159873,0,0
6873,9,1,0.637790254304732383920416873187,1,1
6874,8,-1,0.80533590431868063990584387524125,1,1
6875,7,-1,0.14042720434657715187669787934976,1,1
6876,9,2,0.81060980440237017581840588756677,0,0
6877,7,-2,0.1509750045139562237018219040008,0,0
6878,9,2,0.83170540473712831946865393686885,0,0
6879,7,-2,0.19316620518347251100231800260496,0,0
6880,9,2,0.91608780607616089406964613407717,0,0
6881,7,-2,0.36193100786153766020430239702159,0,0
6882,8,1,0.25361741143229119247361492291043,1,1
6883,8,0,0.036990218573798257012239974688118,0,0
6884,9,1,0.60373583285681238608949007824349,1,1
6885,8,-1,0.73722706142284064424399028535423,1,1
6886,7,-1,0.0042095185548971605529906995757224,1,1
6887,9,2,0.5381744328190101931709915280187,0,0
6888,8,-1,0.60610426134723625840699318490465,1,1
6889,8,0,0.74196391840368838887899649867656,0,0
6890,7,-1,0.013683232516592649823003126220364,1,1
6891,9,2,0.55712186074240117171101638130798,0,0
6892,8,-1,0.64399911719401821548704289148322,1,1
6893,8,0,0.81775363009725230303909591183369,0,0
6894,7,-1,0.16526265590372047814320195253464,1,1
6895,9,2,0.86028070751665682835141403393653,0,0
6896,7,-2,0.25031681074252952876783819674031,0,0
6897,8,1,0.030389017194274929600686522347869,1,1
6898,9,1,0.59053343009776573126638317356299,1,1
6899,8,-1,0.71082225590474733459777647599324,1,1
6900,8,0,0.95139990751871054126056308085373,0,0
6901,7,-1,0.43255521074663695458613629057471,1,1
6902,8,1,0.39486581720248978123728271001667,1,1
6903,8,0,0.3194870301141954345395755489006,0,0
6904,8,0,0.16872945593760674114416122666845,0,0
6905,9,1,0.86721430758442935435333258220416,1,1
6906,7,-2,0.26418401087807458077167529327557,0,0
6907,8,1,0.058123417465365033608360715418397,1,1
6908,9,1,0.64600223063994593928173155970405,1,1
6909,8,-1,0.82175985698910775062847324827535,1,1
6910,7,-1,0.17327510968743137332195662541795,1,1
6911,9,2,0.87630561508407861870892337970316,0,0
6912,7,-2,0.28236662587737310948285688827357,0,0
6913,8,1,0.0944886474639620910307239054144,1,1
6914,9,1,0.71873269063714005412645793969605,1,1
6915,8,-1,0.96722077698349598031792600825936,1,1
6916,7,-1,0.46419694967620783270086214538598,1,1
6917,8,1,0.45814929506163153746673441963921,1,1
6918,8,0,0.44605398583247894699847896814567,0,0
6919,8,0,0.42186336737417376606196806515858,0,0
6920,8,0,0.37348213045756340418894625918442,0,0
6921,8,0,0.2767196566243426804429026472361,0,0
6922,8,0,0.08319470895790123295081542333945,0,0
6923,9,1,0.69614481362501833796664097554615,1,1
6924,8,-1,0.92204502295925254799829207995956,1,1
6925,7,-1,0.37384544162772096806159428878638,1,1
6926,8,1,0.27744627896465780818819870644001,1,1
6927,8,0,0.084647953638531488441407541747273,0,0
6928,9,1,0.6990513029862788489478252123618,1,1
6929,8,-1,0.92785800168177356996066055359085,1,1
6930,7,-1,0.38547139907276301198633123604896,1,1
6931,8,1,0.30069819385474189603767260096517,1,1
6932,8,0,0.13115178341869966414035533079759,0,0
6933,9,1,0.79205896254661520034572079046244,1,1
6934,7,-2,0.11387332080244627275645170979213,0,0
6935,9,2,0.75750203731410841757791354845152,0,0
6936,7,-2,0.044759470337432707220837225770287,0,0
6937,9,2,0.61927433638408128650668458040783,0,0
6938,8,-1,0.76830406847737844507837928968291,1,1
6939,7,-1,0.066363532663972762221768708233073,1,1
6940,9,2,0.6624824610371613965085475453334,0,0
6941,8,-1,0.85472031778353866508210521953405,1,1
6942,7,-1,0.23919603127629320222922056793536,1,1
6943,8,1,0.0081474582618022765234512647379779,1,1
6944,9,1,0.54605031223282042511191265834321,1,1
6945,8,-1,0.62185602017485672228883544555367,1,1
6946,8,0,0.7734674360589293166426810199746,0,0
6947,7,-1,0.076690267827074505350372168816452,1,1
6948,9,2,0.68313593136336488276575446650016,0,0
6949,8,-1,0.89602725843594563759651906186757,1,1
6950,7,-1,0.32180991258110714725804825260239,1,1
6951,8,1,0.17337522087143016658110663407203,1,1
6952,9,1,0.87650583745207620522722339701132,1,1
6953,7,-2,0.2827670706133682825194569228899,0,0
6954,8,1,0.095289536935952437103923974647047,1,1
6955,9,1,0.72033446958112074627285807816135,1,1
6956,8,-1,0.97042433487145736461072628518995,1,1
6957,7,-1,0.47060406545213060128646269924715,1,1
6958,8,1,0.47096352661347707463793552736156,1,1
6959,8,0,0.47168244893617002134088118359037,0,0
6960,8,0,0.473120293581555914746772496048,0,0
6961,8,0,0.47599598287232770155855512096325,0,0
6962,8,0,0.48174736145387127518212037079376,0,0
6963,8,0,0.49325011861695842242925087045478,0,0
6964,8,0,0.51625563294313271692351186977681,0,0
6965,8,0,0.56226666159548130591203386842087,0,0
6966,8,0,0.654288718900178483889077865709,0,0
6967,8,0,0.83833283350957283984316586028525,0,0
6968,7,-1,0.20642106272836155175134184943775,1,1
6969,9,2,0.94259752116593897556769382774276,0,0
6970,7,-2,0.41495043804109382320039778435277,0,0
6971,8,1,0.35965627179140351846580569757279,1,1
6972,8,0,0.24906793929202290899662152401284,0,0
6973,8,0,0.027891274293261690058253176892934,0,0
6974,9,1,0.58553794429573925218151648265312,1,1
6975,8,-1,0.7008312843006943764280430941735,1,1
6976,8,0,0.93141796431060462492109631721425,0,0
6977,7,-1,0.39259132433042512190720276329576,1,1
6978,8,1,0.31493804437006611587941565545877,1,1
6979,8,0,0.15963148444934810382384143978479,0,0
6980,9,1,0.84901836460791207971269300843683,1,1
6981,7,-2,0.22779212492504003149039614574091,0,0
6982,9,2,0.98533964555929593504580242034906,0,0
6983,7,-2,0.50043468682780774215661496956538,0,0
6984,8,1,0.53062476936483135637824006799802,1,1
6985,8,0,0.59100493443887858482149026486329,0,0
6986,8,0,0.71176526458697304170799065859383,0,0
6987,8,0,0.95328592488316195548099144605491,0,0
6988,7,-1,0.43632724547553978302699302097707,1,1
6989,8,1,0.4024098866602954381189961708214,1,1
6990,8,0,0.33457516902980674830300247051006,0,0
6991,8,0,0.19890573376882936867101506988736,0,0
6992,9,1,0.92756686324687460940704026864198,1,1
6993,7,-2,0.38488912220296509087909066615122,0,0
6994,8,1,0.29953364011514605382319146116969,1,1
6995,8,0,0.12882267593950797971139305120663,0,0
6996,9,1,0.78740074758823183148779623128051,1,1
6997,7,-2,0.10455689088567953504060259142828,0,0
6998,9,2,0.73886917748057494214621531172382,0,0
6999,7,-2,0.0074937506703657563574407523148859,0,0
7000,9,2,0.54474289704994738477989163349703,0,0
7001,8,-1,0.6192411898091106416247933958613,1,1
7002,8,0,0.76823777532743715531459692058986,0,0
7003,7,-1,0.066230946364090182694203970046981,1,1
7004,9,2,0.66221728843739623745341806896122,0,0
7005,8,-1,0.85418997258400834697184626678969,1,1
7006,7,-1,0.23813534087723256600870266244663,1,1
7007,8,1,0.0060260774636810040824154537605044,1,1
7008,9,1,0.54180755063657788022984103638826,1,1
7009,8,-1,0.61337049698237163252469220164378,1,1
7010,8,0,0.75649638967395913711439453215481,0,0
7011,7,-1,0.042748175057134146293799193176877,1,1
7012,9,2,0.61525174582348416465260851522101,0,0
7013,8,-1,0.76025888735618420137022715930927,1,1
7014,7,-1,0.050273170421584274805464447485792,1,1
7015,9,2,0.63030173655238442167593902383884,0,0
7016,8,-1,0.79035886881398471541688817654493,1,1
7017,7,-1,0.11047313333718530289878648195711,1,1
7018,9,2,0.75070166238358647786258309278148,0,0
7019,7,-2,0.031158720476388827790176314430205,0,0
7020,9,2,0.59207283666199352764536275772766,0,0
7021,8,-1,0.71390106903320292735573564432258,1,1
7022,8,0,0.95755753377562172677648141751242,0,0
7023,7,-1,0.44487046326045932561797296389209,1,1
7024,8,1,0.41949632223013452330095605665144,1,1
7025,8,0,0.36874804016948491866692224217013,0,0
7026,8,0,0.26725147604818570939885461320751,0,0
7027,8,0,0.064258347805587290862719355282282,0,0
7028,9,1,0.65827209132039045379044883943182,1,1
7029,8,-1,0.84629957834999677964590780773089,1,1
7030,7,-1,0.22235455240920943135682574432903,1,1
7031,9,2,0.97446450052763473477866161752532,0,0
7032,7,-2,0.47868439676448534162233336391789,0,0
7033,8,1,0.48712418923818655530967685670304,1,1
7034,8,0,0.50400377418558898268436384227333,0,0
7035,8,0,0.53776294408039383743373781341391,0,0
7036,8,0,0.60528128387000354693248575569507,0,0
7037,8,0,0.74031796344922296592998164025739,0,0
7038,7,-1,0.010391322607661803924973409382031,1,1
7039,9,2,0.55053804092453947991495694763132,0,0
7040,8,-1,0.63083147755829483189492402412988,1,1
7041,8,0,0.79141835082580553585485817712702,0,0
7042,7,-1,0.1125920973608269437747264831213,1,1
7043,9,2,0.75493959043086975961446309510985,0,0
7044,7,-2,0.039634576570955391293936319086963,0,0
7045,9,2,0.60902454885112665465288276704118,0,0
7046,8,-1,0.74780449341146918137077566294961,1,1
7047,7,-1,0.025364382532154234806561454766478,1,1
7048,9,2,0.58048416077352434167813303840021,0,0
7049,8,-1,0.69072371725626455542127620566767,1,1
7050,8,0,0.9112028302217449829075625402026,0,0
7051,7,-1,0.35216105615270583788013520927245,1,1
7052,8,1,0.23407750801462754782528054741216,1,1
7053,9,1,0.99791041173847096771557122369157,1,1
7054,7,-2,0.52557621918615780749615257625039,0,0
7055,8,1,0.58090783408153148705731528136804,1,1
7056,8,0,0.69157106387227884617964069160333,0,0
7057,8,0,0.91289752345377356442429151207391,0,0
7058,7,-1,0.35555044261676300091359315301507,1,1
7059,8,1,0.24085628094274187389219643489739,1,1
7060,8,0,0.011467957594699619849402998662039,0,0
7061,9,1,0.55269131089861511176381612619133,1,1
7062,8,-1,0.63513801750644609559264238124992,1,1
7063,8,0,0.80003143072210806325029489136709,0,0
7064,7,-1,0.12981825715343199856559991160143,1,1
7065,9,2,0.78939191001607986919620995207011,0,0
7066,7,-2,0.10853921574137561045743003300748,0,0
7067,9,2,0.74683382719196709297987019488221,0,0
7068,7,-2,0.023423050093150058024750518631669,0,0
7069,9,2,0.57660149589551598811451116613059,0,0
7070,8,-1,0.68295838750024784829403246112844,1,1
7071,8,0,0.89567217070971156865307505112413,0,0
7072,7,-1,0.32109973712863900937116023111551,1,1
7073,8,1,0.17195486996649389080733059109828,1,1
7074,9,1,0.87366513564220365367967131106381,1,1
7075,7,-2,0.27708566699362317942435275099488,0,0
7076,8,1,0.083926729696462230913715630857007,1,1
7077,9,1,0.69760885510214033389244139058127,1,1
7078,8,-1,0.92497310591349653984989291002979,1,1
7079,7,-1,0.37970160753620895176479594892683,1,1
7080,8,1,0.28915861078163377559460202672091,1,1
7081,8,0,0.10807261727248342325421418230908,0,0
7082,9,1,0.74590063025418271857343849348542,1,1
7083,7,-2,0.021556656217581309211887115838095,0,0
7084,9,2,0.57286870814437849048878436054344,0,0
7085,8,-1,0.67549281199797285304257884995414,1,1
7086,8,0,0.88074101970516157815016782877553,0,0
7087,7,-1,0.29123743511953902836534578641832,1,1
7088,8,1,0.1122302659482939287957017017039,1,1
7089,9,1,0.75421592760580372965641353227505,1,1
7090,7,-2,0.038187250920823331377837193417346,0,0
7091,9,2,0.60612989755086253482068451570194,0,0
7092,8,-1,0.74201519081094094170637916027114,1,1
7093,7,-1,0.013785777331097755477768449409541,1,1
7094,9,2,0.55732695037141138302054702768634,0,0
7095,8,-1,0.64440929645203863810610418423993,1,1
7096,8,0,0.8185739886132931482772184973471,0,0
7097,7,-1,0.16690337293580216861944712356146,1,1
7098,9,2,0.86356214158082020930390437599018,0,0
7099,7,-2,0.25687967887085629067281888084761,0,0
7100,8,1,0.043514753450928453410647890562475,1,1
7101,9,1,0.6167849026110727788863059099922,1,1
7102,8,-1,0.76332520093136142983762194885166,1,1
7103,7,-1,0.056405797571938731740254026570576,1,1
7104,9,2,0.64256699085309333554551818200841,0,0
7105,8,-1,0.81488937741540254315604649288406,1,1
7106,7,-1,0.15953415054002095837710311463538,1,1
7107,9,2,0.84882369678925778881921635813802,0,0
7108,7,-2,0.22740278928773144970344284514329,0,0
7109,9,2,0.98456097428467877147189581915384,0,0
7110,7,-2,0.49887734427857341500880176717494,0,0
7111,8,1,0.52751008426636270208261366321714,1,1
7112,8,0,0.58477556424194127623023745530152,0,0
7113,8,0,0.6993065241930984245254850394703,0,0
7114,8,0,0.92836844409541272111598020780786,0,0
7115,7,-1,0.38649228390004131429697054448298,1,1
7116,8,1,0.3027399635092985006589512178332,1,1
7117,8,0,0.13523532272781287338291256453366,0,0
7118,9,1,0.80022604116484161883083525793458,1,1
7119,7,-2,0.13020747803889910972668064473641,0,0
7120,9,2,0.79017035178701409151837141834007,0,0
7121,7,-2,0.1100960992832440551017529655474,0,0
7122,9,2,0.74994759427570398226851605996206,0,0
7123,7,-2,0.029650584260623836602042248791369,0,0
7124,9,2,0.58905656423046354526909462644999,0,0
7125,8,-1,0.70786852417014296260319938176724,1,1
7126,8,0,0.94549244404950179727140889240173,0,0
7127,7,-1,0.42074028380821946660782791367071,1,1
7128,8,1,0.37123596332565480528066595620868,1,1
7129,8,0,0.27222732236052548262634204128461,0,0
7130,8,0,0.074210040430266837317694211436481,0,0
7131,9,1,0.67817547656974954670039855174022,1,1
7132,8,-1,0.88610634884871496546580723234768,1,1
7133,7,-1,0.30196809340664580299662459356262,1,1
7134,8,1,0.1336915825225074780582593159925,1,1
7135,9,1,0.79713856075423082818152876085225,1,1
7136,7,-2,0.12403251721767752842806765057176,0,0
7137,9,2,0.77782043014457092892114543001078,0,0
7138,7,-2,0.085396255998357729907300988888807,0,0
7139,9,2,0.70054790770593133187961210664487,0,0
7140,8,-1,0.93085121112107853582423434215699,1,1
7141,7,-1,0.39145781795137294371347881318123,1,1
7142,8,1,0.31267103161196175949196775522972,1,1
7143,8,0,0.15509745893313939104894563932669,0,0
7144,9,1,0.83995031357549465416290140752063,1,1
7145,7,-2,0.20965602286020518039081294390851,0,0
7146,9,2,0.94906744142962623284663601668427,0,0
7147,7,-2,0.42789027856846833775828216223579,0,0
7148,8,1,0.38553595284615254758157445333884,1,1
7149,8,0,0.30082730140152096722815903554493,0,0
7150,8,0,0.13140999851225780652132819995711,0,0
7151,9,1,0.79257539273373148510766652878147,1,1
7152,7,-2,0.1149061811766788422803431864302,0,0
7153,9,2,0.75956775806257355662569650172765,0,0
7154,7,-2,0.048890911834362985316403132322545,0,0
7155,9,2,0.62753721937794184269781639351234,0,0
7156,8,-1,0.78482983446509955746064291589194,1,1
7157,7,-1,0.099415064639414986986295960651137,1,1
7158,9,2,0.72858552498804584603760205016953,0,0
7159,8,-1,0.98692644568530756414021422920631,1,1
7160,7,-1,0.50360828707983100034543858727987,1,1
7161,8,1,0.53697196986887787275588730342699,1,1
7162,8,0,0.60369933544697161757678473572123,0,0
7163,8,0,0.73715406660315910721857960030972,0,0
7164,7,-1,0.0040635289155340865021693294867003,1,1
7165,9,2,0.53788245354028404506934878784065,0,0
7166,8,-1,0.60552030278978396220370770454856,1,1
7167,8,0,0.74079600128878379647242553796438,0,0
7168,7,-1,0.011347398286783465009861204796011,1,1
7169,9,2,0.55245019228278280208473253845928,0,0
7170,8,-1,0.63465578027478147623447520578581,1,1
7171,8,0,0.79906695625877882453396054043886,0,0
7172,7,-1,0.12788930822677352113293120974498,1,1
7173,9,2,0.78553401216276291433087254835722,0,0
7174,7,-2,0.10082342003474170072675522558169,0,0
7175,9,2,0.73140223577869927351852058003064,0,0
7176,8,-1,0.99255986726661441910205128892854,1,1
7177,7,-1,0.51487513024244471026911270672433,1,1
7178,8,1,0.55950565619410529260323554231592,1,1
7179,8,0,0.64876670809742645727148121349909,0,0
7180,8,0,0.82728881190406878660797255586544,0,0
7181,7,-1,0.18433301951735344528095524059813,1,1
7182,9,2,0.89842143474392276262692061006351,0,0
7183,7,-2,0.32659826519706139731885134899427,0,0
7184,8,1,0.18295192610333866670271282685579,1,1
7185,9,1,0.89565924791589320547043578257884,1,1
7186,7,-2,0.32107389154100228300588169402494,0,0
7187,8,1,0.17190317879122043807677351691713,1,1
7188,9,1,0.8735617532916567482185571627015,1,1
7189,7,-2,0.27687890229252936850212445427026,0,0
7190,8,1,0.083513200294274609069259037407779,1,1
7191,9,1,0.69678179629776509020352820368281,1,1
7192,8,-1,0.92331898830474605247206653623288,1,1
7193,7,-1,0.37639337231870797700914320133301,1,1
7194,8,1,0.28254214034663182608329653153327,1,1
7195,8,0,0.09483967640247952423160319193379,0,0
7196,9,1,0.71943474851417492052821651273483,1,1
7197,8,-1,0.96862489273756571312144315433692,1,1
7198,7,-1,0.4670051811843472983078964375411,1,1
7199,8,1,0.46376575807791046868080300394945,1,1
7200,8,0,0.45728691186503680942661613676615,0,0
7201,8,0,0.44432921943928949091824240239956,0,0
7202,8,0,0.41841383458779485390149493366637,0,0
7203,8,0,0.3665830648848055798679999962,0,0
7204,8,0,0.26292152547882703180101012126726,0,0
7205,8,0,0.055598446666869935667030371401771,0,0
7206,9,1,0.6409522890429557433990708716708,1,1
7207,8,-1,0.81165997379512735886315187220885,1,1
7208,7,-1,0.15307534329947058979131387328495,1,1
7209,9,2,0.83590608230815705164763787543715,0,0
7210,7,-2,0.20156756032552997536028587974155,0,0
7211,9,2,0.93289051636027582278558188835035,0,0
7212,7,-2,0.39553642842976751763617390556796,0,0
7213,8,1,0.32082825256875090733735794000317,1,1
7214,8,0,0.17141190084671768673972600887359,0,0
7215,9,1,0.87257919740265124554446214661443,1,1
7216,7,-2,0.2749137905145183631539344220961,0,0
7217,8,1,0.079582976738252598372878973059461,1,1
7218,9,1,0.68892134918572106881076807498618,1,1
7219,8,-1,0.90759809408065800968654627883961,1,1
7220,7,-1,0.34495158387053189143810268654647,1,1
7221,8,1,0.21965856345027965494121550196019,1,1
7222,9,1,0.96907252260977518194744113278763,1,1
7223,7,-2,0.46790044092876623595989239444252,0,0
7224,8,1,0.46555627756674834398479491775229,1,1
7225,8,0,0.46086795084271256003459996437184,0,0
7226,8,0,0.45149129739464099213421005761093,0,0
7227,8,0,0.43273799049849785633343024408911,0,0
7228,8,0,0.39523137670621158473187061704547,0,0
7229,8,0,0.3202181491216390415287513629582,0,0
7230,8,0,0.17019169395249395512251285478365,0,0
7231,9,1,0.87013878361420378231003583843455,1,1
7232,7,-2,0.27003296293762343668508180573636,0,0
7233,8,1,0.06982132158446274543517374033997,1,1
7234,9,1,0.66939803887814136293535760954719,1,1
7235,8,-1,0.86855147346549859793572534796164,1,1
7236,7,-1,0.26685834264021306793646082479053,1,1
7237,8,1,0.063472080989642007937931778448323,1,1
7238,9,1,0.6566995576884998879408736857639,1,1
7239,8,-1,0.84315451108621564794675750039505,1,1
7240,7,-1,0.21606441788164716795852512965736,1,1
7241,9,2,0.96188423147251020798206038818198,0,0
7242,7,-2,0.45352385865423628802913090523121,0,0
7243,8,1,0.43680311301768844812327193932968,1,1
7244,8,0,0.40336162174459276831155400752661,0,0
7245,8,0,0.33647863919840140868811814392048,0,0
7246,8,0,0.20271267410601868944124641670821,0,0
7247,9,1,0.93518074392125325094750296228368,1,1
7248,7,-2,0.40011688355172237396001605343462,0,0
7249,8,1,0.32998916281266061998504223573649,1,1
7250,8,0,0.18973372133453711203509460034024,0,0
7251,9,1,0.90922283837829009613519932954774,1,1
7252,7,-2,0.34820107246579606433540878796273,0,0
7253,8,1,0.22615754064080800073582770479272,1,1
7254,9,1,0.9820704769908318735366655384527,1,1
7255,7,-2,0.49389634969087961913834120577266,0,0
7256,8,1,0.51754809509097511034169254041256,1,1
7257,8,0,0.56485158589116609274839520969238,0,0
7258,8,0,0.65945856749154805756180054825202,0,0
7259,8,0,0.84867253069231198718861122537129,0,0
7260,7,-1,0.22710045709383984644223257960984,1,1
7261,9,2,0.98395630989689556494947528808693,0,0
7262,7,-2,0.49766801550300700196396070504111,0,0
7263,8,1,0.52509142671522987599293153894947,1,1
7264,8,0,0.5799382491396756240508732067662,0,0
7265,8,0,0.68963189398856712016675654239965,0,0
7266,8,0,0.90901918368635011239852321366656,0,0
7267,7,-1,0.34779376308191609686205655620038,1,1
7268,8,1,0.22534292187304806578912324126801,1,1
7269,9,1,0.98044123945531200364325661140328,1,1
7270,7,-2,0.49063787461983987935152335167382,0,0
7271,8,1,0.51103114494889563076805683221489,1,1
7272,8,0,0.55181768560700713360112379329704,0,0
7273,8,0,0.63339076692323013926725771546133,0,0
7274,8,0,0.79653692955567615059952555978992,0,0
7275,7,-1,0.1228292548205681732640612484471,1,1
7276,9,2,0.77541390535035221859313262576145,0,0
7277,7,-2,0.080583206409920309251275380390152,0,0
7278,9,2,0.69092180852905649056756088964756,0,0
7279,8,-1,0.91159901276732885320013190816237,1,1
7280,7,-1,0.35295342124387357846527394519199,1,1
7281,8,1,0.23566223819696302899555801925124,1,1
7282,8,0,0.0010798721031419300561261673697333,0,0
7283,9,1,0.53191513991549973217726246360672,1,1
7284,8,-1,0.59358567554021533641953505608069,1,1
7285,8,0,0.71692674678964654490408024102864,0,0
7286,8,0,0.96360888928850896187317061092454,0,0
7287,7,-1,0.45697317428623379581135135071633,1,1
7288,8,1,0.44370174428168346368771283029992,1,1
7289,8,0,0.41715888427258279944043578946708,0,0
7290,8,0,0.36407316425438147094588170780142,0,0
7291,8,0,0.2579017242179788139567735444701,0,0
7292,8,0,0.045558844145173499978557217807448,0,0
7293,9,1,0.62087308399956287202212456448215,1,1
7294,8,-1,0.77150156370834161610925925783155,1,1
7295,7,-1,0.072758523125899104283528644530361,1,1
7296,9,2,0.67527244196101408063206741792798,0,0
7297,8,-1,0.88030027963124403332914496472321,1,1
7298,7,-1,0.29035595497170393872330005831367,1,1
7299,8,1,0.11046730565262374951161024549459,1,1
7300,9,1,0.75069000701446337108823061985643,1,1
7301,7,-2,0.031135409738142614241471368580104,0,0
7302,9,2,0.59202621518550110054795286602746,0,0
7303,8,-1,0.71380782608021807316091586092218,1,1
7304,8,0,0.95737104786965201838684185071161,0,0
7305,7,-1,0.44449749144851990883869383029047,1,1
7306,8,1,0.41875037860625568974239778944819,1,1
7307,8,0,0.36725615292172725154980570776363,0,0
7308,8,0,0.26426770155267037516462154439452,0,0
7309,8,0,0.058290798814556622394253217656295,0,0
7310,9,1,0.64633699333832911685351656417984,1,1
7311,8,-1,0.82242938238587410577204325722694,1,1
7312,7,-1,0.17461416048096408360909664332113,1,1
7313,9,2,0.87898371667114403928320341550952,0,0
7314,7,-2,0.2877228290515039506314169598863,0,0
7315,8,1,0.10520105381222377332784404863986,1,1
7316,9,1,0.74015750333366341872069822614696,1,1
7317,7,-2,0.010070402376542709506406581161183,0,0
7318,9,2,0.54989620046230129107782329118962,0,0
7319,8,-1,0.62954779663381845422065671124649,1,1
7320,8,0,0.78885098897685278050632355136024,0,0
7321,7,-1,0.10745737366292143307765723158773,1,1
7322,9,2,0.74467014303505873822032459204271,0,0
7323,7,-2,0.019095681779333348505659312952677,0,0
7324,9,2,0.56794675926788256907632875477261,0,0
7325,8,-1,0.66564891424498101021766763841247,1,1
7326,8,0,0.8610532241991778925003454056922,0,0
7327,7,-1,0.25186184410757165706570094025165,1,1
7328,8,1,0.033479083924359186196412009370545,1,1
7329,9,1,0.59671356355793424445783414760834,1,1
7330,8,-1,0.72318252282508436098067842408394,1,1
7331,8,0,0.97612044135938459402636697703514,0,0
7332,7,-1,0.48199627842798506011774408293753,1,1
7333,8,1,0.49374795256518599230049829474232,1,1
7334,8,0,0.5172513008395878566660067183519,0,0
7335,8,0,0.56425799738839158539702356557105,0,0
7336,8,0,0.65827139048599904285905726000935,0,0
7337,8,0,0.84629817668121395778312464888596,0,0
7338,7,-1,0.22235174907164378763125942663917,1,1
7339,9,2,0.97445889385250344732752898214559,0,0
7340,7,-2,0.47867318341422276672006809315843,0,0
7341,8,1,0.48710176253766140550514631518411,1,1
7342,8,0,0.50395892078453868307530275923547,0,0
7343,8,0,0.5376732372782932382156156473382,0,0
7344,8,0,0.60510187026580234849624142354366,0,0
7345,8,0,0.73995913624082056905749297595457,0,0
7346,7,-1,0.0096736681908570101799960807763947,1,1
7347,9,2,0.54910273209092989242500229042004,0,0
7348,8,-1,0.62796085989107565691501470970734,1,1
7349,8,0,0.78567711549136718589503954828193,0,0
7350,7,-1,0.10110962669195024385508922543112,1,1
7351,9,2,0.7319746490931163597751885797295,0,0
7352,8,-1,0.99370469389544859161538728832625,1,1
7353,7,-1,0.51716478350011305529578470551975,1,1
7354,8,1,0.56408496270944198265657953990676,1,1
7355,8,0,0.65792532112809983737816920868077,0,0
7356,8,0,0.84560603796541554682134854622879,0,0
7357,7,-1,0.22096747164004696570770722132483,1,1
7358,9,2,0.97169033898930980348042457151691,0,0
7359,7,-2,0.47313607368783547902585927190107,0,0
7360,8,1,0.47602754308488683011672867266939,1,1
7361,8,0,0.48181048187898953229846747420603,0,0
7362,8,0,0.49337635946719493666194507727931,0,0
7363,8,0,0.51650811464360574538890028342588,0,0
7364,8,0,0.56277162499642736284281069571901,0,0
7365,8,0,0.65529864570207059775063152030528,0,0
7366,8,0,0.84035268711335706756627316947782,0,0
7367,7,-1,0.21046076993593000719755646782289,1,1
7368,9,2,0.95067693558107588646012306451304,0,0
7369,7,-2,0.43110926687136764498525625789333,0,0
7370,8,1,0.39197392945195116203552264465391,1,1
7371,8,0,0.31370325461311819613605541817508,0,0
7372,8,0,0.15716190493545226433712096521741,0,0
7373,9,1,0.84407920558012040073925205930208,1,1
7374,7,-2,0.21791380686945667354351424747141,0,0
7375,9,2,0.96558300944812921915203862381007,0,0
7376,7,-2,0.46092141460547431036908737648739,0,0
7377,8,1,0.45159822492016449280318488184203,1,1
7378,8,0,0.4329518455495448576713798925513,0,0
7379,8,0,0.39565908680830558740776991396986,0,0
7380,8,0,0.32107356932582704688054995680698,0,0
7381,8,0,0.17190253436086996582611004248121,0,0
7382,9,1,0.87356046443095580371723021382967,1,1
7383,7,-2,0.2768763245711274794994705565266,0,0
7384,8,1,0.083508044851470831063951241920458,1,1
7385,9,1,0.69677148541215753419291261270817,1,1
7386,8,-1,0.9232983665335309404508353542836,1,1
7387,7,-1,0.37635212877627775296668083743444,1,1
7388,8,1,0.28245965326177137799837180373614,1,1
7389,8,0,0.094674702232758628061753736339537,0,0
7390,9,1,0.71910480017473312818851760154633,1,1
7391,8,-1,0.96796499605868212844204533195991,1,1
7392,7,-1,0.46568538782658012894910079278707,1,1
7393,8,1,0.46112617136237612996321171444139,1,1
7394,8,0,0.45200773843396813199143355775004,0,0
7395,8,0,0.43377087257715213604787724436733,0,0
7396,8,0,0.39729714086352014416076461760191,0,0
7397,8,0,0.32434967743625616038653936407107,0,0
7398,8,0,0.1784547505817281928380888570094,0,0
7399,9,1,0.88666489687267225774118784288606,1,1
7400,7,-2,0.30308518945456038754738581463937,0,0
7401,8,1,0.13592577461833664715978175814598,1,1
7402,9,1,0.80160694494588916638457364515922,1,1
7403,7,-2,0.1329692856009942048341574191857,0,0
7404,9,2,0.79569396691120428173332496723865,0,0
7405,7,-2,0.12114332953162443553166006334455,0,0
7406,9,2,0.77204205477246474312833025555636,0,0
7407,7,-2,0.073839505254145358321670639979966,0,0
7408,9,2,0.67743440621750658870835140882719,0,0
7409,8,-1,0.88462420814422904948171294652162,1,1
7410,7,-1,0.2990038119976739710284360219105,1,1
7411,8,1,0.12776301970456381412188217268826,1,1
7412,9,1,0.78528143511834350030877447424377,1,1
7413,7,-2,0.10031826594590287268255907735479,0,0
7414,9,2,0.73039192760102161743012828357683,0,0
7415,8,-1,0.99053925091125910692526669602091,1,1
7416,7,-1,0.51083389753173408591554352090907,1,1
7417,8,1,0.5514231907726840438960971706854,1,1
7418,8,0,0.63260177725458395985720447023806,0,0
7419,8,0,0.79495895021838379177941906934337,0,0
7420,7,-1,0.119673296145983455623848267554,1,1
7421,9,2,0.76910198800118278331270666397525,0,0
7422,7,-2,0.067959371711581438690423456817761,0,0
7423,9,2,0.66567413913237874944585704250277,0,0
7424,8,-1,0.8611036739739733709567242138728,1,1
7425,7,-1,0.25196274365716261397845855661286,1,1
7426,8,1,0.033680883023541100021927242092975,1,1
7427,9,1,0.5971171617562980721088646130532,1,1
7428,8,-1,0.72398971922181201628273935497366,1,1
7429,8,0,0.97773483415283990463048883881458,0,0
7430,7,-1,0.48522506401489568132598780649641,1,1
7431,8,1,0.50020552373900723471698574186007,1,1
7432,8,0,0.53016644318723034149898161258738,0,0
7433,8,0,0.59008828208367655506297335404202,0,0
7434,8,0,0.7099319598765689821909568369513,0,0
7435,8,0,0.94961931546235383644692380276986,0,0
7436,7,-1,0.42899402663392354495885773440697,1,1
7437,8,1,0.38774344897706296198272559768118,1,1
7438,8,0,0.30524229366334179603046132422962,0,0
7439,8,0,0.1402399830358994641259327773265,0,0
7440,9,1,0.81023536178101480031687568352025,1,1
7441,7,-2,0.15022611927124547269876149590776,0,0
7442,9,2,0.83020763425170681746253312068277,0,0
7443,7,-2,0.19017066421262950699007637023279,0,0
7444,9,2,0.91009672413447488604516286933284,0,0
7445,7,-2,0.34994884397816564415533586753293,0,0
7446,8,1,0.22965308366554716037568186393312,1,1
7447,9,1,0.98906156304031019281637385673349,1,1
7448,7,-2,0.50787852178983625769775784233423,0,0
7449,8,1,0.54551243928888838746052581353571,1,1
7450,8,0,0.62078027428699264698606175593868,0,0
7451,8,0,0.7713159442832011660371336407446,0,0
7452,7,-1,0.072387284275618204139277410356463,1,1
7453,9,2,0.67452996426045228034356494958018,0,0
7454,8,-1,0.87881532423012043275214002802761,1,1
7455,7,-1,0.28738604416945673756929018492248,1,1
7456,8,1,0.10452748404812934720359049871221,1,1
7457,9,1,0.73881036380547456647219112629168,1,1
7458,7,-2,0.0073761233201650050093923814506164,0,0
7459,9,2,0.54450764234954588208379489176849,0,0
7460,8,-1,0.61877068040830763623259991240423,1,1
7461,8,0,0.76729675652583114453020995367571,0,0
7462,7,-1,0.064348908760878161125430036218668,1,1
7463,9,2,0.65845321323097219431587020130459,0,0
7464,8,-1,0.84666182217116026069675053147643,1,1
7465,7,-1,0.22307904005153639345851119182012,1,1
7466,9,2,0.97591347581228865898203251250749,0,0
7467,7,-2,0.48158234733379319002907515388223,0,0
7468,8,1,0.49292009037680225212316043663172,1,1
7469,8,0,0.5155955764628203763113310021307,0,0
7470,8,0,0.56094654863485662468767213312865,0,0
7471,8,0,0.65164849297892912144035439512455,0,0
7472,8,0,0.83305238166707411494571891911635,0,0
7473,7,-1,0.19586015904336410195644796709995,1,1
7474,9,2,0.92147571379594407597790606306716,0,0
7475,7,-2,0.37270682330110402402082225500156,0,0
7476,8,1,0.27516904231142392010665463887038,1,1
7477,8,0,0.080093480332063712278319406608019,0,0
7478,9,1,0.68994235637334329662164894208329,1,1
7479,8,-1,0.90964010845590246530830801303384,1,1
7480,7,-1,0.34903561262102080268162615493493,1,1
7481,8,1,0.22782662095125747742826243873712,1,1
7482,9,1,0.98540863761173082692153500634148,1,1
7483,7,-2,0.50057267093267752590808014155022,0,0
7484,8,1,0.5309007375745709238811704119677,1,1
7485,8,0,0.59155687085835771982735095280265,0,0
7486,8,0,0.71286913742593131171971203447255,0,0
7487,8,0,0.95549367056107849550443419781236,0,0
7488,7,-1,0.44074273683137286307387852449198,1,1
7489,8,1,0.41124086937196159821276717785121,1,1
7490,8,0,0.35223713445313906849054448456967,0,0
7491,8,0,0.23422966461549400904609909800659,0,0
7492,9,1,0.99821472494020389015720832488043,1,1
7493,7,-2,0.52618484558962365237942677862811,0,0
7494,8,1,0.58212508688846317682386368612347,1,1
7495,8,0,0.69400556948614222571273750111419,0,0
7496,8,0,0.91776653468150032349048513109564,0,0
7497,7,-1,0.36528846507221651904598039105854,1,1
7498,8,1,0.26033232585364891015697091098433,1,1
7499,8,0,0.05042004741651369237895195083591,0,0
7500,9,1,0.63059549054224325682291403053907,1,1
7501,8,-1,0.7909463767937023857108381899454,1,1
7502,7,-1,0.11164814929662064348668650875806,1,1
7503,9,2,0.75305169430245715903838314638336,0,0
7504,7,-2,0.035858784314130190141776421633983,0,0
7505,9,2,0.60147296433747625234856297213522,0,0
7506,8,-1,0.7327013243841683767621360731377,1,1
7507,8,0,0.99515804447755262558928227514264,0,0
7508,7,-1,0.52007148466432112324357467915254,1,1
7509,8,1,0.56989836503785811855215948717234,1,1
7510,8,0,0.66955212578493210916932910321193,0,0
7511,8,0,0.86885964727908009040366833529111,0,0
7512,7,-1,0.26747469026737605287234679944947,1,1
7513,8,1,0.064704776243967977809703727766193,1,1
7514,9,1,0.65916494819715182768441758439964,1,1
7515,8,-1,0.84808529210351952743384529766653,1,1
7516,7,-1,0.22592597991625492693270072420032,1,1
7517,9,2,0.98160735554172572593041157726789,0,0
7518,7,-2,0.49297010679266732392583328340303,0,0
7519,8,1,0.51569560929455051991667669567331,1,1
7520,8,0,0.56114661429831691189836352021387,0,0
7521,8,0,0.652048624305849695861737169295,0,0
7522,8,0,0.83385264432091526378848446745726,0,0
7523,7,-1,0.19746068435104639964197906378177,1,1
7524,9,2,0.9246767644113086713489682564308,0,0
7525,7,-2,0.37910892453183321476294664172885,0,0
7526,8,1,0.28797324477288230159090341232495,1,1
7527,8,0,0.10570188525498047524681695351716,0,0
7528,9,1,0.74115916621917682255864403590158,1,1
7529,7,-2,0.012073728147569517182298200670407,0,0
7530,9,2,0.55390285200435490642960653020807,0,0
7531,8,-1,0.63756109971792568492422318928339,1,1
7532,8,0,0.80487759514506724191345650743403,0,0
7533,7,-1,0.13951058599935035589192314373532,1,1
7534,9,2,0.80877656770791658384885641633789,0,0
7535,7,-2,0.14730853112504903976272296154303,0,0
7536,9,2,0.82437245795931395159045605195331,0,0
7537,7,-2,0.17850031162784377524592223277387,0,0
7538,9,2,0.88675601896490342255685459441499,0,0
7539,7,-2,0.30326743363902271717871931769723,0,0
7540,8,1,0.13629026298726130642244876426172,1,1
7541,9,1,0.80233592168373848490990765739069,1,1
7542,7,-2,0.13442723907669284188482544364862,0,0
7543,9,2,0.7986098738626015558346610161645,0,0
7544,7,-2,0.12697514343441898373433216119626,0,0
7545,9,2,0.78370568257805383953367445125978,0,0
7546,7,-2,0.097166760865323551132359031386806,0,0
7547,9,2,0.72408891743986297432972819164086,0,0
7548,8,-1,0.97793323058894182072446651214898,1,1
7549,7,-1,0.48562185688709951351394315316522,1,1
7550,8,1,0.50099910948341489909289643519769,1,1
7551,8,0,0.53175361467604567025080299926264,0,0
7552,8,0,0.59326262506130721256661612739254,0,0
7553,8,0,0.71628064583183029719824238365233,0,0
7554,8,0,0.96231668737287646646149489617191,0,0
7555,7,-1,0.45438877045496880498799992121108,1,1
7556,8,1,0.43853293661915348204100997128942,1,1
7557,8,0,0.40682126894752283614703007144609,0,0
7558,8,0,0.34339793360426154435907027175944,0,0
7559,8,0,0.21655126291773896078315067238613,0,0
7560,9,1,0.96285792154469379363131147363952,1,1
7561,7,-2,0.45547123879860345932763307614629,0,0
7562,8,1,0.44069787330642279072027628115983,1,1
7563,8,0,0.4111511423220614535055626911869,0,0
7564,8,0,0.35205768035333877907613551124106,0,0
7565,8,0,0.23387075641589343021728115134938,0,0
7566,9,1,0.99749690854100273249957243156601,1,1
7567,7,-2,0.52474921279122133706415499199927,0,0
7568,8,1,0.5792538212916585461933201128658,1,1
7569,8,0,0.68826303829253296445165035459886,0,0
7570,8,0,0.90628147229428180096831083806497,0,0
7571,7,-1,0.3423183402977794740016318049972,1,1
7572,8,1,0.21439207630477482006827373886165,1,1
7573,9,1,0.95853954831876551220155760659055,1,1
7574,7,-2,0.44683449234674689646812534204836,0,0
7575,8,1,0.42342438040270966500126081296398,1,1
7576,8,0,0.37660415651463520206753175479521,0,0
7577,8,0,0.28296370873848627620007363845768,0,0
7578,8,0,0.09568281318618842446515740578261,0,0
7579,9,1,0.72112102208159272099532494043247,1,1
7580,8,-1,0.9719974398724013140556600097322,1,1
7581,7,-1,0.47375027545401850017633014833166,1,1
7582,8,1,0.47725594661725287241767042553057,1,1
7583,8,0,0.4842672889437216169003509799284,0,0
7584,8,0,0.49828997359665910586571208872405,0,0
7585,8,0,0.52633534290253408379643430631535,0,0
7586,8,0,0.58242608151428403965787874149796,0,0
7587,8,0,0.69460755873778395138076761186317,0,0
7588,8,0,0.9189705131847837748265453525936,0,0
7589,7,-1,0.36769642207878342171810083405445,1,1
7590,8,1,0.26514823986678271550121179697615,1,1
7591,8,0,0.060051875442781303067433722819551,0,0
7592,9,1,0.64985914659477847819987757450636,1,1
7593,8,-1,0.82947368889877282846476527787997,1,1
7594,7,-1,0.18870277350676152899454068462719,1,1
7595,9,2,0.90716094272273893005409149812163,0,0
7596,7,-2,0.34407728115469373217319312511051,0,0
7597,8,1,0.21790995801860333641139637908827,1,1
7598,9,1,0.9655753117464225448878028870438,1,1
7599,7,-2,0.46090601920206096184061590295485,0,0
7600,8,1,0.45156743411333779574624193477695,1,1
7601,8,0,0.43289026393589146355749399842115,0,0
7602,8,0,0.39553592358099879917999812570955,0,0
7603,8,0,0.32082724287121347042500638028635,0,0
7604,8,0,0.17140988145164281291502288943996,0,0
7605,9,1,0.87257515861250149789505590774717,1,1
7606,7,-2,0.27490571293421886785512194436159,0,0
7607,8,1,0.079566821577653607775254017590428,1,1
7608,9,1,0.68888903886452308761551816404811,1,1
7609,8,-1,0.90753347343826204729604645696347,1,1
7610,7,-1,0.3448223425857399666571030427942,1,1
7611,8,1,0.21940008088069580537921621445565,1,1
7612,9,1,0.96855555747060748282344255777856,1,1
7613,7,-2,0.46686651065043083771189524442437,0,0
7614,8,1,0.463488417010077547488800617716,1,1
7615,8,0,0.45673222972937096704261136429926,0,0
7616,8,0,0.44321985516795780615023285746577,0,0
7617,8,0,0.4161951060451314843654758437988,0,0
7618,8,0,0.36214560779947884079596181646485,0,0
7619,8,0,0.25404661130817355365693376179696,0,0
7620,8,0,0.037848618325562979378877652461178,0,0
7621,9,1,0.60545263236034183082276543378961,1,1
7622,8,-1,0.74066066042989953371054099644647,1,1
7623,7,-1,0.011076716569014939486092121760202,1,1
7624,9,2,0.55190882884724575103719437238766,0,0
7625,8,-1,0.63357305340370737413939887364257,1,1
7626,8,0,0.79690150251663062034380787615239,0,0
7627,7,-1,0.12355840074247711275262588117204,1,1
7628,9,2,0.77687219719417009757026189121134,0,0
7629,7,-2,0.083499790097556067205533911289927,0,0
7630,9,2,0.69675497590432800647607795144711,0,0
7631,8,-1,0.92326534751787188501716603176147,1,1
7632,7,-1,0.37628609074495964209934219239019,1,1
7633,8,1,0.28232757719913515626369451364763,1,1
7634,8,0,0.094410550107486184592399156162523,0,0
7635,9,1,0.7185764959241882412498084411923,1,1
7636,8,-1,0.96690838755759235456462701125185,1,1
7637,7,-1,0.46357217082440058119426415137096,1,1
7638,8,1,0.45689973735801703445353843160917,1,1
7639,8,0,0.4435548704252499409720869920856,0,0
7640,8,0,0.41686513655971575400918411303845,0,0
7641,8,0,0.36348566882864738008337835494416,0,0
7642,8,0,0.25672673336651063223176683875557,0,0
7643,8,0,0.0432088624422371365285438063784,0,0
7644,9,1,0.61617312059369014512209774162405,1,1
7645,8,-1,0.76210163689659616230920561211536,1,1
7646,7,-1,0.05395866950240819668342135309798,1,1
7647,9,2,0.63767273471403226543185283506321,0,0
7648,8,-1,0.80510086513728040292871579899368,1,1
7649,7,-1,0.13995712598377667792244172685461,1,1
7650,9,2,0.80966964767676922790989358257648,0,0
7651,7,-2,0.14909469106275432788479729402022,0,0
7652,9,2,0.82794477783472452783460471690769,0,0
7653,7,-2,0.18564495137866492773421956268263,0,0
7654,9,2,0.90104529846654572753344925423251,0,0
7655,7,-2,0.33184599264230732713190863733227,0,0
7656,8,1,0.19344738099383052632882740353179,1,1
7657,9,1,0.91665015769687692472266493593082,1,1
7658,7,-2,0.3630557111029697215103400007289,0,0
7659,8,1,0.25586681791515531508569013032506,1,1
7660,8,0,0.041489031539526502236390389517368,0,0
7661,9,1,0.61273345878826887653779090790199,1,1
7662,8,-1,0.75522231328575362514059194467123,1,1
7663,7,-1,0.040200022280723122346194018209721,1,1
7664,9,2,0.6101554402706621167573981652867,0,0
7665,8,-1,0.75006627625054010557980645944065,1,1
7666,7,-1,0.029887948210296083224623047748546,1,1
7667,9,2,0.58953129212980803851425622436435,0,0
7668,8,-1,0.70881797996883194909352257759595,1,1
7669,8,0,0.94739135564687977025205528405915,0,0
7670,7,-1,0.42453810700297541256912069698555,1,1
7671,8,1,0.37883160971516669720325152283835,1,1
7672,8,0,0.28741861513954926647151317454395,0,0
7673,8,0,0.10459262598831440500803647795515,0,0
7674,9,1,0.73894064768584468208108308477754,1,1
7675,7,-2,0.0076366910809052362271762984223422,0,0
7676,9,2,0.54502877787102634451936272571194,0,0
7677,8,-1,0.61981295145126856110373558029113,1,1
7678,8,0,0.76938129861175299427248128944951,0,0
7679,7,-1,0.068517992932721860609972707766281,1,1
7680,9,2,0.66679138157465959328495554439982,0,0
7681,8,-1,0.86333815885853505863492121766688,1,1
7682,7,-1,0.25643171342628598933485256420102,1,1
7683,8,1,0.0426188225617878507347152572693,1,1
7684,9,1,0.61499304083279157353444064340585,1,1
7685,8,-1,0.75974147737479901913389141567896,1,1
7686,7,-1,0.04923835045881391033279296022518,1,1
7687,9,2,0.62823209662684369273059604931761,0,0
7688,8,-1,0.78621958896290325752620222750248,1,1
7689,7,-1,0.10219457363502238711741458387221,1,1
7690,9,2,0.73414454297926064629983929661168,0,0
7691,8,-1,0.99804448166773716466468872209062,1,1
7692,7,-1,0.5258443590446902013943875730485,1,1
7693,8,1,0.58144411379859627485378527496424,1,1
7694,8,0,0.69264362330640842177258067879574,0,0
7695,8,0,0.91504264232203271561017148645874,0,0
7696,7,-1,0.35984068035328130328535310178473,1,1
7697,8,1,0.24943675641577847863571633243672,1,1
7698,8,0,0.02862890854077282933644279374069,0,0
7699,9,1,0.58701321279076153073789571634863,1,1
7700,8,-1,0.70378182129073893354080156156452,1,1
7701,8,0,0.93731903829069373914661325199629,0,0
7702,7,-1,0.40439347229060335035823663285984,1,1
7703,8,1,0.33854234029042257278148339458693,1,1
7704,8,0,0.20684007629006101762797691804112,0,0
7705,9,1,0.94343554828933790732096396494949,1,1
7706,7,-2,0.41662649228789168670693805876623,0,0
7707,8,1,0.36300838028499924547888624639971,1,1
7708,8,0,0.25577215627921436302278262166667,0,0
7709,8,0,0.0412997082676445981105753722006,0,0
7710,9,1,0.61235481224450506828616087326845,1,1
7711,8,-1,0.75446502019822600863733187540416,1,1
7712,7,-1,0.038685436105667889339673879675579,1,1
7713,9,2,0.60712626792055165074435788821841,0,0
7714,8,-1,0.74400793155031917355372590530408,1,1
7715,7,-1,0.017771258809854219172461939475406,1,1
7716,9,2,0.56529791332892431040993400781806,0,0
7717,8,-1,0.66035122236706449288487814450338,1,1
7718,8,0,0.85045784044334485783476641787402,0,0
7719,7,-1,0.23067107659590558773454296461529,1,1
7720,9,2,0.99109754890102704753409605809784,0,0
7721,7,-2,0.51195049351126996713320224506294,0,0
7722,8,1,0.55365638273175580633141461899314,1,1
7723,8,0,0.63706816117272748472783936685352,0,0
7724,8,0,0.8038917180546708415206888625743,0,0
7725,7,-1,0.13753883181855755510638785401586,1,1
7726,9,2,0.80483305934633098227778583689898,0,0
7727,7,-2,0.1394215144018778366205818026652,0,0
7728,9,2,0.80859842451297154530617373419766,0,0
7729,7,-2,0.14695224473515896267735759726258,0,0
7730,9,2,0.82365988517953379741972532339241,0,0
7731,7,-2,0.17707516606828346690446077565208,0,0
7732,9,2,0.88390572784578280587393168017142,0,0
7733,7,-2,0.29756685140078148381287348921009,0,0
7734,8,1,0.12488909851077883969075710728743,1,1
7735,9,1,0.7795335927307735514465243434421,1,1
7736,7,-2,0.088822581170762974958058815751463,0,0
7737,9,2,0.70740055805074182198112776037018,0,0
7738,8,-1,0.94455651181069951602726564960761,1,1
7739,7,-1,0.41886841933061490411954142808248,1,1
7740,8,1,0.36749223437044568030409298503222,1,1
7741,8,0,0.26473986445010723267319609893169,0,0
7742,8,0,0.059235124609430337411402326730632,0,0
7743,9,1,0.64822564492807654688781478232852,1,1
7744,8,-1,0.82620668556536896584063969352429,1,1
7745,7,-1,0.18216876683995380374628951591583,1,1
7746,9,2,0.89409292938912347955758916069892,0,0
7747,7,-2,0.31794125448746283118018845026509,0,0
7748,8,1,0.16563790468414153442538702939743,1,1
7749,9,1,0.86103120507749894091578418766212,1,1
7750,7,-2,0.25181780586421375389657850419148,0,0
7751,8,1,0.033391007437643379858167137250223,1,1
7752,9,1,0.5965374105845026317813444033677,1,1
7753,8,-1,0.72283021687822113562769893560265,1,1
7754,8,0,0.97541582946565814332040800007256,0,0
7755,7,-1,0.48058705464053215870582612901237,1,1
7756,8,1,0.49092950499028018947666238689199,1,1
7757,8,0,0.51161440568977625101833490265123,0,0
7758,8,0,0.55298420708876837410167993416971,0,0
7759,8,0,0.63572380988675262026836999720667,0,0
7760,8,0,0.80120301548272111260175012328059,0,0
7761,7,-1,0.13216142667465809726851037542844,1,1
7762,9,2,0.79407824905853206660203087972413,0,0
7763,7,-2,0.1179118938262800052690718883155,0,0
7764,9,2,0.76557918336177588260315390549826,0,0
7765,7,-2,0.060913762432767637271317939863779,0,0
7766,9,2,0.65158292057475114660764600859481,0,0
7767,8,-1,0.83292123685871816528030214605688,1,1
7768,7,-1,0.19559786942665220262561442098101,1,1
7769,9,2,0.92095113456252027731623897082927,0,0
7770,7,-2,0.3716576648342564266974880705258,0,0
7771,8,1,0.27307072537772872545998626991886,1,1
7772,8,0,0.075896846464673322984982668704973,0,0
7773,9,1,0.6815490886385625180349754662772,1,1
7774,8,-1,0.89285357298634090813496106142165,1,1
7775,7,-1,0.31546254168189768833493225171056,1,1
7776,8,1,0.16068047907301124873487463228838,1,1
7777,9,1,0.85111635385523836953475939344402,1,1
7778,7,-2,0.23198810341969261113452891575528,0,0
7779,9,2,0.99373160254860109433406796037782,0,0
7780,7,-2,0.5172186008064180607331460496229,0,0
7781,8,1,0.56419259732205199353130222811305,1,1
7782,8,0,0.65814059035331985912761458509335,0,0
7783,8,0,0.84603657641585559032023929905395,0,0
7784,7,-1,0.22182854854092705270548872697515,1,1
7785,9,2,0.97341249279106997747598758281756,0,0
7786,7,-2,0.47658038129135582701698529450237,0,0
7787,8,1,0.48291615829192752609898071787199,1,1
7788,8,0,0.49558771229307092426297156461123,0,0
7789,8,0,0.52093082029535772059095325808971,0,0
7790,8,0,0.57161703629993131324691664504667,0,0
7791,8,0,0.67298946830907849855884341896059,0,0
7792,8,0,0.87573433232737286918269696678843,0,0
7793,7,-1,0.28122406036396161043040406244412,1,1
7794,8,1,0.092203516437139092925818253755484,1,1
7795,9,1,0.71416242858349405791664663637822,1,1
7796,8,-1,0.9580802528762039878983034016237,1,1
7797,7,-1,0.44591590146162384786161693211465,1,1
7798,8,1,0.42158719863246356778824399309655,1,1
7799,8,0,0.37292979297414300764149811506036,0,0
7800,8,0,0.27561498165750188734800635898797,0,0
7801,8,0,0.080985359024219646761022846843192,0,0
7802,9,1,0.69172611375765516558705582255364,1,1
7803,8,-1,0.91320762322452620323912177397453,1,1
7804,7,-1,0.35617064215826827854325367681632,1,1
7805,8,1,0.24209668002575242915151748249988,1,1
7806,8,0,0.013948755760720730368045093867023,0,0
7807,9,1,0.5576529072306573328011003166013,1,1
7808,8,-1,0.64506121017053053766721076206985,1,1
7809,8,0,0.81987781605027694739943165300696,0,0
7810,7,-1,0.16951102780976976686387343488117,1,1
7811,9,2,0.8687774513287554057927569986296,0,0
7812,7,-2,0.26731029836672668365052412612646,0,0
7813,8,1,0.064375992442669239366058381120167,1,1
7814,9,1,0.65850738059455435079712689110759,1,1
7815,8,-1,0.84677015689832457365926391108243,1,1
7816,7,-1,0.22329570950586501938353795103211,1,1
7817,9,2,0.97634681472094591083208603093148,0,0
7818,7,-2,0.4824490251511076937291821907302,0,0
7819,8,1,0.49465344601143125952337451032766,1,1
7820,8,0,0.51906228773207839111175914952258,0,0
7821,8,0,0.56787997117337265428852842791242,0,0
7822,8,0,0.66551533805596118064206698469209,0,0
7823,8,0,0.86078607182113823334914409825142,0,0
7824,7,-1,0.2513275393514923387632983253701,1,1
7825,8,1,0.032410474412200549591606779607458,1,1
7826,9,1,0.59457634453361697124822368808217,1,1
7827,8,-1,0.71890808477644981456145750503159,1,1
7828,8,0,0.96757156526211550118792513893044,0,0
7829,7,-1,0.46489852623344687444086040672813,1,1
7830,8,1,0.45955244817610962094673094232352,1,1
7831,8,0,0.44886029206143511395847201351429,0,0
7832,8,0,0.42747597983208609998195415589583,0,0
7833,8,0,0.38470735537338807202891844065891,0,0
7834,8,0,0.29917010645599201612284701018508,0,0
7835,8,0,0.1280956086211999043107041492374,0,0
7836,9,1,0.78594661295161568068641842734206,1,1
7837,7,-2,0.10164862161244723343784698355138,0,0
7838,9,2,0.73305263893411033894070409597001,0,0
7839,8,-1,0.99586067357743654994641832080727,1,1
7840,7,-1,0.5214767428640889719578467704818,1,1
7841,8,1,0.57270888143739381598070366983085,1,1
7842,8,0,0.67517315858400350402641746852896,0,0
7843,8,0,0.88010171287722288011784506592517,0,0
7844,7,-1,0.28995882146366163230070026071759,1,1
7845,8,1,0.10967303863653913666641065030244,1,1
7846,9,1,0.74910147298229414539783142947213,1,1
7847,7,-2,0.027958341673804162860672987811513,0,0
7848,9,2,0.58567207905682419778635610449028,0,0
7849,8,-1,0.70109955382286426763772233784781,1,1
7850,8,0,0.93195450335494440734045480456288,0,0
7851,7,-1,0.39366440241910468674591973799301,1,1
7852,8,1,0.31708420054742524555684960485328,1,1
7853,8,0,0.16392379680406636317870933857381,0,0
7854,9,1,0.85760298931734859842242880601488,1,1
7855,7,-2,0.24496137434391306890986774089701,0,0
7856,8,1,0.019678144397042009884745610661272,1,1
7857,9,1,0.5691116845032998918345013501898,1,1
7858,8,-1,0.66797876471581565573401282924685,1,1
7859,8,0,0.86571292514084718353303578736095,0,0
7860,7,-1,0.26118124599091023913108170358916,1,1
7861,8,1,0.052117887691036350327173536045572,1,1
7862,9,1,0.6339911710912885727193572009584,1,1
7863,8,-1,0.79773773789179301750372453078405,1,1
7864,7,-1,0.12523087149280190707245919043535,1,1
7865,9,2,0.78021713869481968620992850973795,0,0
7866,7,-2,0.090189673098855244484867148343156,0,0
7867,9,2,0.71013474190692636103474442555357,0,0
7868,8,-1,0.95002487952306859413449897997438,1,1
7869,7,-1,0.42980515475535306033400808881602,1,1
7870,8,1,0.3893657052199219927330263064993,1,1
7871,8,0,0.30848680614905985753106274186585,0,0
7872,8,0,0.14672900800733558712713561259895,0,0
7873,9,1,0.82321341172388704631928135406516,1,1
7874,7,-2,0.17618221915698996470357283699757,0,0
7875,9,2,0.8821198340231958014721558028624,0,0
7876,7,-2,0.29399506375560747500932173459206,0,0
7877,8,1,0.11774552322043082208365359805137,1,1
7878,9,1,0.76524644215007751623231732497,1,1
7879,7,-2,0.060248280009370904529644778807247,0,0
7880,9,2,0.65025195572795768112429968648175,0,0
7881,8,-1,0.83025930716513123431360950183075,1,1
7882,7,-1,0.19027401003947834069222913252875,1,1
7883,9,2,0.91030341578817255344946839392476,0,0
7884,7,-2,0.35036222728556097896394691671677,0,0
7885,8,1,0.23047985028033782999290396230079,1,1
7886,9,1,0.99071509626989153205081805346882,1,1
7887,7,-2,0.5111855882489989361666462358049,0,0
7888,8,1,0.55212657220721374439830260047706,1,1
7889,8,0,0.63400854012364336086161532982138,0,0
7890,8,0,0.79777247595650259378824078851,0,0
7891,7,-1,0.12530034762222105964149170588726,1,1
7892,9,2,0.78035609095365799134799354064178,0,0
7893,7,-2,0.090467577616531854760997210150814,0,0
7894,9,2,0.71069055094227958158700454916888,0,0
7895,8,-1,0.95113649759377503523901922720502,1,1
7896,7,-1,0.43202839089676594254304858327728,1,1
7897,8,1,0.39381217750274775715110729542182,1,1
7898,8,0,0.3173797507147113863672247197109,0,0
7899,8,0,0.16451489713863864479945956828905,0,0
7900,9,1,0.85878518998649316166392926544536,1,1
7901,7,-2,0.24732577568220219539286865975797,0,0
7902,8,1,0.0244069470736202628507474483832,1,1
7903,9,1,0.57856928985645639776650502563365,1,1
7904,8,-1,0.68689397542212866759802018013456,1,1
7905,8,0,0.90354334655347320726105048913638,0,0
7906,7,-1,0.33684208881616228658711110714001,1,1
7907,8,1,0.20343957334154044523923234314728,1,1
7908,9,1,0.93663454239229676254347481516181,1,1
7909,7,-2,0.40302448049380939715195975919088,0,0
7910,8,1,0.335804356696834666368929647249,1,1
7911,8,0,0.20136410910288520480286942336526,0,0
7912,9,1,0.93248361391498628167074897559778,1,1
7913,7,-2,0.39472262353918843540650808006282,0,0
7914,8,1,0.31920064278759274287802628899288,1,1
7915,8,0,0.16815668128440135782106270685302,0,0
7916,9,1,0.8660687582780185877071355425733,1,1
7917,7,-2,0.26189291226525304747928121401385,0,0
7918,8,1,0.053541220239721967023572556894952,1,1
7919,9,1,0.63683783618865980611215524265716,1,1
7920,8,-1,0.80343106808653548428932061418157,1,1
7921,7,-1,0.13661753188228684064365135723039,1,1
7922,9,2,0.80299045947378955335231284332803,0,0
7923,7,-2,0.13573631465679497876963581552332,0,0
7924,9,2,0.80122802502280582960428175991389,0,0
7925,7,-2,0.13221144575482753127357364869504,0,0
7926,9,2,0.79417828721887093461215742625734,0,0
7927,7,-2,0.11811197014695774128932498138192,0,0
7928,9,2,0.7659793360031313546436600916311,0,0
7929,7,-2,0.061714067715478581352330312129459,0,0
7930,9,2,0.65318353114017303476967075312617,0,0
7931,8,-1,0.8361224579895619416043516351196,1,1
7932,7,-1,0.20200031168833975527371339910645,1,1
7933,9,2,0.93375601908589538261243692708016,0,0
7934,7,-2,0.39726743388100663728988398302757,0,0
7935,8,1,0.32429026347122914664477809492239,1,1
7936,8,0,0.17833592265167416535456631871203,0,0
7937,9,1,0.88642724101256420277414276629132,1,1
7938,7,-2,0.30260987773434427761329566144989,0,0
7939,8,1,0.13497515117790442729160145176703,1,1
7940,9,1,0.79970569806502472664821303240132,1,1
7941,7,-2,0.12916679183926532536143619366989,0,0
7942,9,2,0.78808897938774652278788251620703,0,0
7943,7,-2,0.1059333544847089176407751612813,0,0
7944,9,2,0.74162210467863370734656045142986,0,0
7945,7,-2,0.012999605066483286758131031726979,0,0
7946,9,2,0.55575460584218244558127219232121,0,0
7947,8,-1,0.64126460739358076322755451350968,1,1
7948,8,0,0.81228461049637739852011915588661,0,0
7949,7,-1,0.15432461670197066910524844064047,1,1
7950,9,2,0.83840462911315721027550701014819,0,0
7951,7,-2,0.20656465393553029261602414916363,0,0
7952,9,2,0.94288470358027645729705842719452,0,0
7953,7,-2,0.41552480286976878665912698325629,0,0
7954,8,1,0.36080500144875344538326409537984,1,1
7955,8,0,0.25136539860672276283153831962693,0,0
7956,8,0,0.032486192922661397728086768121111,0,0
7957,9,1,0.59472778155453866752118366510948,1,1
7958,8,-1,0.71921095881829320710737745908621,1,1
7959,8,0,0.96817731334580228627976504703966,0,0
7960,7,-1,0.46611002240082044462454022294658,1,1
7961,8,1,0.46197544051085676131409057476042,1,1
7962,8,0,0.4537062767309293946931912783881,0,0
7963,8,0,0.43716794917107466145139268564345,0,0
7964,8,0,0.40409129405136519496779550015415,0,0
7965,8,0,0.33793798381194626200060112917554,0,0
7966,8,0,0.20563136333310839606621238721834,0,0
7967,9,1,0.94101812237543266419743490330394,1,1
7968,7,-2,0.41179164046008120045987993547513,0,0
7969,8,1,0.35333867662937827298476999981752,1,1
7970,8,0,0.23643274896797241803455012850229,0,0
7971,8,0,0.002620893645160708134110385871842,0,0
7972,9,1,0.53499718299953728833323090061094,1,1
7973,8,-1,0.59974976170829044873147193008913,1,1
7974,8,0,0.72925491912579676952795398904551,0,0
7975,8,0,0.98826523396080941112091810695828,0,0
7976,7,-1,0.50628586363083469430684634278381,1,1
7977,8,1,0.54232712297088526067870281443487,1,1
7978,8,0,0.614409641650986393422415757737,0,0
7979,8,0,0.75857467901118865890984164434125,0,0
7980,7,-1,0.046904753731593189884693417549762,1,1
7981,9,2,0.62356490317240225183439696396678,0,0
7982,8,-1,0.77688520205402037573380405680081,1,1
7983,7,-1,0.083525799817256623532618242468872,1,1
7984,9,2,0.696806995343729119130246613805,0,0
7985,8,-1,0.92336938639667411032550335647725,1,1
7986,7,-1,0.37649416850256409271601684182175,1,1
7987,8,1,0.28274373271434405749704381251076,1,1
7988,8,0,0.09524286113790398705909775388878,0,0
7989,9,1,0.72024111798502384618320563664481,1,1
7990,8,-1,0.97023763167926356443142140215688,1,1
7991,7,-1,0.47023065906774300092785293318101,1,1
7992,8,1,0.47021671384470187392071599522928,1,1
7993,8,0,0.47018882339861961990644211932582,0,0
7994,8,0,0.47013304250645511187789436751889,0,0
7995,8,0,0.47002148072212609582079886390503,0,0
7996,8,0,0.46979835715346806370660785667732,0,0
7997,8,0,0.4693521100161519994782258422219,0,0
7998,8,0,0.46845961574151987102146181331105,0,0
7999,8,0,0.46667462719225561410793375548934,0,0
8000,8,0,0.46310465009372710028087763984594,0,0
8001,8,0,0.45596469589667007262676540855914,0,0
8002,8,0,0.44168478750255601731854094598553,0,0
8003,8,0,0.41312497071432790670209202083831,0,0
8004,8,0,0.35600533713787168546919417054388,0,0
8005,8,0,0.24176606998495924300339846995502,0,0
8006,8,0,0.013287535679134358071807068777291,0,0
8007,9,1,0.55633046706748458820862426642184,1,1
8008,8,-1,0.64241632984418504848225866171092,1,1
8009,8,0,0.8145880553975859690295274522891,0,0
8010,7,-1,0.15893150650438781012406503344546,1,1
8011,9,2,0.84761840871799149231314019575817,0,0
8012,7,-2,0.2249922131451988566912905203836,0,0
8013,9,2,0.97973982199961358544759116963445,0,0
8014,7,-2,0.48923503970844304296019246813615,0,0
8015,8,1,0.50822547512610195798539506513955,1,1
8016,8,0,0.54620634596141978803580025914636,0,0
8017,8,0,0.62216808763205544813661064715998,0,0
8018,8,0,0.77409157097332676833823142318721,0,0
8019,7,-1,0.077938537655869408741472975241669,1,1
8020,9,2,0.68563247102095468954795607935059,0,0
8021,8,-1,0.90102033775112525116092228756844,1,1
8022,7,-1,0.33179607121146637438685470400413,1,1
8023,8,1,0.19334753813214862083871953687551,1,1
8024,9,1,0.91645047197351311374244920261826,1,1
8025,7,-2,0.36265633965624209954990853410378,0,0
8026,8,1,0.25506807502170007116482719707482,1,1
8027,8,0,0.039891545752616014394664523016888,0,0
8028,9,1,0.60953848721444790085433917490103,1,1
8029,8,-1,0.74883237013811167377368847866931,1,1
8030,7,-1,0.02742013598543921961238708620588,1,1
8031,9,2,0.58459566768009431128978430127901,0,0
8032,8,-1,0.69894673106940449464457873142528,1,1
8033,8,0,0.92764885784802486135416759171782,0,0
8034,7,-1,0.38505311140526559477334531230288,1,1
8035,8,1,0.29986161851974706161170075347302,1,1
8036,8,0,0.1294786327487099952884116358133,0,0
8037,9,1,0.78871266120663586264183340049385,1,1
8038,7,-2,0.10718071812248759734867692985496,0,0
8039,9,2,0.74411683195419106676236398857717,0,0
8040,7,-2,0.017989059617598005589738106021592,0,0
8041,9,2,0.56573351494441188324448634091044,0,0
8042,8,-1,0.66122242559803963855398281068813,1,1
8043,8,0,0.85220024690529514917297575024351,0,0
8044,7,-1,0.23415588951980617041096162935428,1,1
8045,9,2,0.99806717474882821288693338757581,0,0
8046,7,-2,0.52588974520687229783887690401888,0,0
8047,8,1,0.581534886122960467742763936905,1,1
8048,8,0,0.69282516795513680755053800267726,0,0
8049,8,0,0.91540573161948948716608613422178,0,0
8050,7,-1,0.36056685894819484639718239731082,1,1
8051,8,1,0.25088911360560556485937492348889,1,1
8052,8,0,0.031533622920427001783759975845025,0,0
8053,9,1,0.5928226415500698756325300805573,1,1
8054,8,-1,0.71540067880935562333007028998186,1,1
8055,8,0,0.96055675332792711872515070883097,0,0
8056,7,-1,0.4508689023650701095153115465292,1,1
8057,8,1,0.43149320043935609109563322192565,1,1
8058,8,0,0.39274179658792805425627657271856,0,0
8059,8,0,0.31523898888507198057756327430438,0,0
8060,8,0,0.16023337347935983322013667747601,0,0
8061,9,1,0.85022214266793553850528348381927,1,1
8062,7,-2,0.23019968104508694907557709650579,0,0
8063,9,2,0.99015475779938977021616432187884,0,0
8064,7,-2,0.51006491130799541249733877262493,0,0
8065,8,1,0.54988521832520669705968767411712,1,1
8066,8,0,0.62952583235962926618438547710149,0,0
8067,8,0,0.78880706042847440443378108307024,0,0
8068,7,-1,0.10736951656616468093257229500773,1,1
8069,9,2,0.74449442884154523393015471888272,0,0
8070,7,-2,0.018744253392306339925319566632695,0,0
8071,9,2,0.56724390249382855191564926213264,0,0
8072,8,-1,0.66424320069687297589630865313254,1,1
8073,8,0,0.85824179710296182385762743513233,0,0
8074,7,-1,0.24623898991513951978026499913192,1,1
8075,8,1,0.022233375539494911625540127131093,1,1
8076,9,1,0.57422214678820569531609038312944,1,1
8077,8,-1,0.67819968928562726269719089512613,1,1
8078,8,0,0.88615477428047039745939191911952,0,0
8079,7,-1,0.3020649442701566669837939671063,1,1
8080,8,1,0.13388528424952920603259806307985,1,1
8081,9,1,0.79752596420827428413020625502695,1,1
8082,7,-2,0.12480732412576444032542263892115,0,0
8083,9,2,0.77937004396074475271585540670956,0,0
8084,7,-2,0.088495483630705377496720942286373,0,0
8085,9,2,0.70674636297062662705845201344,0,0
8086,8,-1,0.94324812165046912618191415574725,1,1
8087,7,-1,0.41625163901015412442883844036176,1,1
8088,8,1,0.36225867372952412092268700959077,1,1
8089,8,0,0.25427274316826411391038414804879,0,0
8090,8,0,0.038300882045744099885778424964827,0,0
8091,9,1,0.60635715980070407183656697879691,1,1
8092,8,-1,0.74246971531062401573814408646107,1,1
8093,7,-1,0.014694826330463903541298301789392,1,1
8094,9,2,0.55914504837014367914760673244604,0,0
8095,8,-1,0.64804549244950323036022359375933,1,1
8096,8,0,0.82584638060822233278545731638591,0,0
8097,7,-1,0.18144815692566053763592476163907,1,1
8098,9,2,0.8926517095605369473368596521454,0,0
8099,7,-2,0.31505881483028976673872943315805,0,0
8100,8,1,0.15987302536979540554246899518336,1,1
8101,9,1,0.84950144644880668314994811923398,1,1
8102,7,-2,0.22875828860682923836490636733521,0,0
8103,9,2,0.98727197292287434879482286353768,0,0
8104,7,-2,0.50429934155496456965465585594262,0,0
8105,8,1,0.53835407881914501137432184075249,1,1
8106,8,0,0.60646355334750589481365381037224,0,0
8107,8,0,0.74268250240422766169231774961174,0,0
8108,7,-1,0.015120400517671195449645628090735,1,1
8109,9,2,0.55999619674455826296430138504872,0,0
8110,8,-1,0.6497477891983323979936128989647,1,1
8111,8,0,0.82925097410588066805223592679666,0,0
8112,7,-1,0.18825734392097720816948198246057,1,1
8113,9,2,0.9062700835511702884039740937884,0,0
8114,7,-2,0.34229556281155644887295831644405,0,0
8115,8,1,0.21434652133232876981092676175536,1,1
8116,9,1,0.95844843837387341168686365237797,1,1
8117,7,-2,0.4466522724569626954387374336232,0,0
8118,8,1,0.42305994062314126294248499611366,1,1
8119,8,0,0.37587527695549839794998012109457,0,0
8120,8,0,0.2815059496202126679649703710564,0,0
8121,8,0,0.092767294949641207994950870980049,0,0
8122,9,1,0.71528998560849828805491187082735,1,1
8123,8,-1,0.96033536692621244817483387052196,1,1
8124,7,-1,0.45042612956164076841467786991117,1,1
8125,8,1,0.43060765483249740889436586868959,1,1
8126,8,0,0.39097070537421068985374186624644,0,0
8127,8,0,0.31169680645763725177249386136013,0,0
8128,8,0,0.15314900862449037560999785158752,0,0
8129,9,1,0.83605341295819662328500583204229,1,1
8130,7,-2,0.20186222162560911863502179295183,0,0
8131,9,2,0.93347983896043410933505371477091,0,0
8132,7,-2,0.39671507363008409073511755840907,0,0
8133,8,1,0.32318554296938405353524524568539,1,1
8134,8,0,0.17612648164798397913550062023803,0,0
8135,9,1,0.88200835900518383033601136934331,1,1
8136,7,-2,0.29377211371958353273703286755387,0,0
8137,8,1,0.117299623148382937539075863975,1,1
8138,9,1,0.76435464200598174714316185681725,1,1
8139,7,-2,0.058464679721179366351333842501749,0,0
8140,9,2,0.64668475515157460476767781387075,0,0
8141,8,-1,0.82312490601236508160036575660876,1,1
8142,7,-1,0.17600520773394603526574164208477,1,1
8143,9,2,0.8817658111771079425964934130368,0,0
8144,7,-2,0.29328701806343175725799695494085,0,0
8145,8,1,0.11632943183607938658100403874895,1,1
8146,9,1,0.76241425938137464522701820636515,1,1
8147,7,-2,0.05458391447196516251904654159756,0,0
8148,9,2,0.63892322465314619710310321206237,0,0
8149,8,-1,0.807601845015508266271216552992,1,1
8150,7,-1,0.14495908574023240460744323485126,1,1
8151,9,2,0.81967356718968068127989659856977,0,0
8152,7,-2,0.16910253008857723462480332600679,0,0
8153,9,2,0.86796045588637034131461678088084,0,0
8154,7,-2,0.26567630748195655469424369062894,0,0
8155,8,1,0.061108010673128981453497510125135,1,1
8156,9,1,0.65197141705547383497200514911752,1,1
8157,8,-1,0.8336982298201635420090204271023,1,1
8158,7,-1,0.19715185534954295608305098307186,1,1
8159,9,2,0.92405910640830178423111209501097,0,0
8160,7,-2,0.37787360852581944052723431888919,0,0
8161,8,1,0.28550261276085475311947876664564,1,1
8162,8,0,0.10076062123092537830396766215853,0,0
8163,9,1,0.73127663817106662867294545318431,1,1
8164,8,-1,0.99230867205134912941090103523588,1,1
8165,7,-1,0.51437273981191413088681219933901,1,1
8166,8,1,0.55850087533304413383863452754528,1,1
8167,8,0,0.64675714637530413974227918395781,0,0
8168,8,0,0.82326968845982415154956849678288,0,0
8169,7,-1,0.17629477262886417516414712243301,1,1
8170,9,2,0.88234494096694422239330437373327,0,0
8171,7,-2,0.29444527764310431685161887633379,0,0
8172,8,1,0.11864595099542450576824788153483,1,1
8173,9,1,0.76704729770006488360150589193691,1,1
8174,7,-2,0.063849991109345639268021912741068,0,0
8175,9,2,0.65745537792790715060105395434939,0,0
8176,8,-1,0.84466615156503017326711803756604,1,1
8177,7,-1,0.21908769883927621859924620399932,1,1
8178,9,2,0.9679307933877683092635025368659,0,0
8179,7,-2,0.46561698248475249059201520259906,0,0
8180,8,1,0.46098936067872085324904053406537,1,1
8181,8,0,0.45173411706665757856309119699799,0,0
8182,8,0,0.43322362984253102919119252286323,0,0
8183,8,0,0.39620265539427793044739517459372,0,0
8184,8,0,0.32216070649777173295980047805469,0,0
8185,8,0,0.17407680870475933798461108497663,0,0
8186,9,1,0.87790901311873454803423229882052,1,1
8187,7,-2,0.28557342194668496813347472650829,0,0
8188,8,1,0.10090223960258580833195958188384,1,1
8189,9,1,0.73155987491438748872892929263493,1,1
8190,8,-1,0.99287514553799084952286871413711,1,1
8191,7,-1,0.51550568678519757111074755714148,1,1
8192,8,1,0.56076676927961101428650524315021,1,1
8193,8,0,0.65128893426843790063802061516767,0,0
8194,8,0,0.83233326424609167334105135920259,0,0
8195,7,-1,0.19442192420139921874711284727244,1,1
8196,9,2,0.91859924411201430955923582341213,0,0
8197,7,-2,0.36695388393324449118348177569152,0,0
8198,8,1,0.26366316357570485443197368025029,1,1
8199,8,0,0.057081722860625580928957489367824,0,0
8200,9,1,0.6439188414304670339229251076029,1,1
8201,8,-1,0.81759307857014993991086034407306,1,1
8202,7,-1,0.16494155284951575188673081701337,1,1
8203,9,2,0.85963850140824737583847176289399,0,0
8204,7,-2,0.24903239852571062374195365465524,0,0
8205,8,1,0.027820192760637119548917438177726,1,1
8206,9,1,0.58539578123049011116284500522271,1,1
8207,8,-1,0.70054695817019609439070013931266,1,1
8208,8,0,0.93084931204960806084641040749258,0,0
8209,7,-1,0.39145401980843199375783094385242,1,1
8210,8,1,0.31266343532607985958067201657209,1,1
8211,8,0,0.15508226636137559122635416201143,0,0
8212,9,1,0.83991992843196705451771845289011,1,1
8213,7,-2,0.20959525257314998110044703464747,0,0
8214,9,2,0.94894590085551583426590419816219,0,0
8215,7,-2,0.42764719742024754059681852519164,0,0
8216,8,1,0.38504979054971095325864717925054,1,1
8217,8,0,0.29985497680863777858230448736833,0,0
8218,8,0,0.12946534932649142922961910360391,0,0
8219,9,1,0.78868609436219873052424833607508,1,1
8220,7,-2,0.10712758443361333311350680101741,0,0
8221,9,2,0.74401056457644253829202373090207,0,0
8222,7,-2,0.017776524862100948649057590671384,0,0
8223,9,2,0.56530844543341776936312531021002,0,0
8224,8,-1,0.6603722865760514107912607492873,1,1
8225,8,0,0.85049996886131869364753162744185,0,0
8226,7,-1,0.23075533343185325936007338375095,1,1
8227,9,2,0.99126606257292239078515689636916,0,0
8228,7,-2,0.51228752085506065363532392160558,0,0
8229,8,1,0.55433043741933717933565797207841,1,1
8230,8,0,0.63841627054789023073632607302408,0,0
8231,8,0,0.80658793680499633353766227491542,0,0
8232,7,-1,0.14293126931920853914033467869809,1,1
8233,9,2,0.81561793434763295034567948626344,0,0
8234,7,-2,0.16099126440448177275636910139413,0,0
8235,9,2,0.85173792451817941757774833165551,0,0
8236,7,-2,0.23323124474557470722050679217828,0,0
8237,9,2,0.99621788520036528650602371322382,0,0
8238,7,-2,0.52219116610994644507705755531489,0,0
8239,8,1,0.57413772792910876221912523949703,1,1
8240,8,0,0.67803085156743339650326060786132,0,0
8241,8,0,0.8858170988440826650715313445899,0,0
8242,7,-1,0.30138959339738120220807281804705,1,1
8243,8,1,0.13253458250397827648115576496135,1,1
8244,9,1,0.79482456071717242502732165878995,1,1
8245,7,-2,0.11940451714356072211965344644716,0,0
8246,9,2,0.76856442999633731630431702176158,0,0
8247,7,-2,0.066884255701890504673644172390404,0,0
8248,9,2,0.66352390711299688141229847364806,0,0
8249,8,-1,0.85680320993520963488960707616338,1,1
8250,7,-1,0.24336181557963514184422428119401,1,1
8251,8,1,0.016479026868486155753458691255277,1,1
8252,9,1,0.56271344944618818357192751137781,1,1
8253,8,-1,0.65518229460159223920886515162287,1,1
8254,8,0,0.84011998491240035048274043211299,0,0
8255,7,-1,0.20999536553401657303049099309323,1,1
8256,9,2,0.94974612677724901812599211505372,0,0
8257,7,-2,0.42924764926371390831699435897469,0,0
8258,8,1,0.38825069423664368869899884681663,1,1
8259,8,0,0.30625678418250324946300782250051,0,0
8260,8,0,0.14226896407422237099102577386827,0,0
8261,9,1,0.8142933238576606140470616766038,1,1
8262,7,-2,0.15834204342453710015913348207485,0,0
8263,9,2,0.84643948255829007238327709301695,0,0
8264,7,-2,0.22263436082579601683156431490115,0,0
8265,9,2,0.97502411736080790572813875866955,0,0
8266,7,-2,0.47980363043083168352128764620636,0,0
8267,8,1,0.48936265657087923910758542127998,1,1
8268,8,0,0.50848070885097435028018097142721,0,0
8269,8,0,0.54671681341116457262537207172167,0,0
8270,8,0,0.62318902253154501731575427231059,0,0
8271,8,0,0.77613344077230590669651867348844,0,0
8272,7,-1,0.082022277253827685458047475844126,1,1
8273,9,2,0.6937999502168712429811050805555,0,0
8274,8,-1,0.91735529614295835802722028997826,1,1
8275,7,-1,0.36446598799513258811945070882378,1,1
8276,8,1,0.25868737169948104830391154651481,1,1
8277,8,0,0.047130139108177968672833221896882,0,0
8278,9,1,0.62401567392557180941067657266102,1,1
8279,8,-1,0.77778674356035949088636327418929,1,1
8280,7,-1,0.085328882829934853837736677245833,1,1
8281,9,2,0.70041316136908557974048348335892,0,0
8282,8,-1,0.93058171844738703154597709558509,1,1
8283,7,-1,0.39091883260398993515696432003744,1,1
8284,8,1,0.31159306091719574237893876894213,1,1
8285,8,0,0.15294151754360735682288766675151,0,0
8286,9,1,0.83563843079643058571078546237027,1,1
8287,7,-2,0.2010322573020770434865810536078,0,0
8288,9,2,0.93181991031336995903817223608285,0,0
8289,7,-2,0.39339521633595579014135460103296,0,0
8290,8,1,0.31654582838112745234771933093318,1,1
8291,8,0,0.16284705247147077676044879073362,0,0
8292,9,1,0.85544950065215742558590771033449,1,1
8293,7,-2,0.24065439701353072323682554953623,0,0
8294,8,1,0.011064189736277318538661227939705,1,1
8295,9,1,0.55188377518177050914233258474666,1,1
8296,8,-1,0.63352294607275689034967529836058,1,1
8297,8,0,0.79680128785472965276436072558841,0,0
8298,7,-1,0.12335797141867517759373158004408,1,1
8299,9,2,0.77647133854656622725247328895541,0,0
8300,7,-2,0.082698072802348326569956706778077,0,0
8301,9,2,0.69515154131391252520492354242341,0,0
8302,8,-1,0.92005847833704092247485721371407,1,1
8303,7,-1,0.36987235238329771701472455629539,1,1
8304,8,1,0.26950010047581130609445924145804,1,1
8305,8,0,0.068755596660838484253928611783334,0,0
8306,9,1,0.66726658903089284057286735243392,1,1
8307,8,-1,0.8642885737710015532107448337351,1,1
8308,7,-1,0.25833254325121897848649979633745,1,1
8309,8,1,0.046420482211653829038009721542156,1,1
8310,9,1,0.62259636013252353014102957195157,1,1
8311,8,-1,0.77494811597426293234706927277038,1,1
8312,7,-1,0.079651627657741736759148674408022,1,1
8313,9,2,0.6890586510246993455833074776833,0,0
8314,8,-1,0.90787269775861456323162508423385,1,1
8315,7,-1,0.34550079122644499852826029733495,1,1
8316,8,1,0.22075697816210586912153072353716,1,1
8317,9,1,0.97126935203342761030807157594157,1,1
8318,7,-2,0.47229409977607109268115328075039,0,0
8319,8,1,0.47434359526135805742731669036803,1,1
8320,8,0,0.47844258623193198691964350960332,0,0
8321,8,0,0.48664056817307984590429714807389,0,0
8322,8,0,0.50303653205537556387360442501503,0,0
8323,8,0,0.53582845981996699981221897889731,0,0
8324,8,0,0.60141231534914987168944808666187,0,0
8325,8,0,0.73258002640751561544390630219099,0,0
8326,8,0,0.99491544852424710295282273324924,0,0
8327,7,-1,0.51958629275771007797065559536573,1,1
8328,8,1,0.56892798122463602800632131959872,1,1
8329,8,0,0.66761135815848792807765276806469,0,0
8330,8,0,0.86497811202619172822031566499663,0,0
8331,7,-1,0.25971161976159932850564145886051,1,1
8332,8,1,0.049178635232414529076293046588269,1,1
8333,9,1,0.62811266617404493021759622204379,1,1
8334,8,-1,0.78598072805730573250020257295484,1,1
8335,7,-1,0.10171685182382733706541527477693,1,1
8336,9,2,0.73318909935687054619584067842111,0,0
8337,8,-1,0.99613359442295696445669148570947,1,1
8338,7,-1,0.52202258455512980097839310028619,1,1
8339,8,1,0.57380056481947547402179632943964,1,1
8340,8,0,0.67735652534816682010860278774654,0,0
8341,8,0,0.88446844640554951228221570436033,0,0
8342,7,-1,0.29869228852031489662944153758791,1,1
8343,8,1,0.12713997274984566532389320404307,1,1
8344,9,1,0.78403534120890720271279653695339,1,1
8345,7,-2,0.097826078127030277490603202774038,0,0
8346,9,2,0.72540755196327642704621653441533,0,0
8347,8,-1,0.98057049963576872615744319769791,1,1
8348,7,-1,0.49089639498075332437989652426308,1,1
8349,8,1,0.51154818567072252082480317739342,1,1
8350,8,0,0.55285176705066091371461648365408,0,0
8351,8,0,0.63545892981053769949424309617542,0,0
8352,8,0,0.8006732553302912710534963212181,0,0
8353,7,-1,0.13110190636979841417200277130345,1,1
8354,9,2,0.79195920844881270040901567147416,0,0
8355,7,-2,0.11367381260684127288304147181557,0,0
8356,9,2,0.7571030209228984178310930724984,0,0
8357,7,-2,0.043961437555012707727196273864055,0,0
8358,9,2,0.61767827081924128751940267659536,0,0
8359,8,-1,0.76511193734769844710381548205798,1,1
8360,7,-1,0.059979270404612766272641092983213,1,1
8361,9,2,0.64971393651844140461029231483368,0,0
8362,8,-1,0.82918326874609868128559475853461,1,1
8363,7,-1,0.18812193320141323463619964593648,1,1
8364,9,2,0.90599926211204234133740942074022,0,0
8365,7,-2,0.34175391993330055473982897034769,0,0
8366,8,1,0.21326323557581698154466806956263,1,1
8367,9,1,0.9562818668608498351543462679925,1,1
8368,7,-2,0.44231912943091554237370266485226,0,0
8369,8,1,0.41439365457104695681241545857178,1,1
8370,8,0,0.35854270485130978568984104601081,0,0
8371,8,0,0.24684080541183544344469222088888,0,0
8372,8,0,0.023437006532886758954394570645007,0,0
8373,9,1,0.57662940877498938997379927015727,1,1
8374,8,-1,0.68301421325919465201260866918179,1,1
8375,8,0,0.89578382222760517609022746723084,0,0
8376,7,-1,0.32132304016442622424546506332893,1,1
8377,8,1,0.1724014760380683205559402555251,1,1
8378,9,1,0.87455834778535251317689063991746,1,1
8379,7,-2,0.27887209127992089841879140870218,0,0
8380,8,1,0.08749957826905766890259294627161,1,1
8381,9,1,0.70475455224733120987019602141047,1,1
8382,8,-1,0.9392645002038782918054021716882,1,1
8383,7,-1,0.40828439611697245567581447224365,1,1
8384,8,1,0.34632418794316078341663907335456,1,1
8385,8,0,0.22240377159553743889828827557637,0,0
8386,9,1,0.97456293890029074986158668002,1,1
8387,7,-2,0.47888127350979737178818348890725,0,0
8388,8,1,0.48751794272881061564137710668176,1,1
8389,8,0,0.50479128116683710334776434223078,0,0
8390,8,0,0.53933795804289007876053881332881,0,0
8391,8,0,0.60843131179499602958608775552487,0,0
8392,8,0,0.746618019299207931237185639917,0,0
8393,7,-1,0.022991434307631734539381408701259,1,1
8394,9,2,0.57573826432447934114377294626977,0,0
8395,8,-1,0.6812319243581745543525560214068,1,1
8396,8,0,0.89221924442556498077012217168085,0,0
8397,7,-1,0.31419388456034583360525447222894,1,1
8398,8,1,0.15814316482990753927551907332514,1,1
8399,9,1,0.84604172536903095061604827551754,1,1
8400,7,-2,0.22183884644727777329710667990233,0,0
8401,9,2,0.97343308860377141865922348867191,0,0
8402,7,-2,0.47662157291675870938345710621108,0,0
8403,8,1,0.48299854154273329083192434128942,1,1
8404,8,0,0.4957524787946824537288588114461,0,0
8405,8,0,0.52126035329858077952272775175944,0,0
8406,8,0,0.57227610230637743111046563238614,0,0
8407,8,0,0.67430760032197073428594139363954,0,0
8408,8,0,0.87837059635315734063689291614633,0,0
8409,7,-1,0.28649658841553055333879596115992,1,1
8410,8,1,0.10274857254027697874260205118709,1,1
8411,9,1,0.73525254078976982955021423124142,1,1
8412,7,-2,0.00026047728875553116543859135010245,0,0
8413,9,2,0.53027635028672693439588731156746,0,0
8414,8,-1,0.59030809628266974085678475200217,1,1
8415,8,0,0.7103715882745553537785796328716,0,0
8416,8,0,0.95049857225832657962216939461045,0,0
8417,7,-1,0.43075254022586903130934891808814,1,1
8418,8,1,0.39126047616095393468370796504354,1,1
8419,8,0,0.31227634803112374143242605895434,0,0
8420,8,0,0.15430809177146335492986224677593,0,0
8421,9,1,0.83837157925214258192473462241912,1,1
8422,7,-2,0.20649855421350103591447937370549,0,0
8423,9,2,0.94275250413621794389396887627822,0,0
8424,7,-2,0.4152604039816517598529478814237,0,0
8425,8,1,0.36027620367251939177090589171466,1,1
8426,8,0,0.25030780305425465560682191229657,0,0
8427,8,0,0.030371001817725183278653953460393,0,0
8428,9,1,0.59049739934466623862231803578804,1,1
8429,8,-1,0.71075019439854834930964620044333,1,1
8430,8,0,0.95125578450631257068430252975392,0,0
8431,7,-1,0.4322669647218410134336151883751,1,1
8432,8,1,0.39428932515289789893224050561745,1,1
8433,8,0,0.31833404601501166992949114010215,0,0
8434,8,0,0.16642348773923921192399240907156,0,0
8435,9,1,0.86260237118769429591299494701037,1,1
8436,7,-2,0.254960138084604463891000022888,0,0
8437,8,1,0.039675671878424799847010174643254,1,1
8438,9,1,0.60910673946606547175903047815376,1,1
8439,8,-1,0.74796887464134681558307108517478,1,1
8440,7,-1,0.025693144991909503231152299216812,1,1
8441,9,2,0.58114168569303487852731472730088,0,0
8442,8,-1,0.69203876709528562911963958346901,1,1
8443,8,0,0.91383292989978713030428929580527,0,0
8444,7,-1,0.35742125550879013267358872047779,1,1
8445,8,1,0.24459790672679613741218756982284,1,1
8446,8,0,0.018951209162808146889385268512935,0,0
8447,9,1,0.56765781403483216584378066589312,1,1
8448,8,-1,0.6650710237788802037525714606535,1,1
8449,8,0,0.85989744326697627957015305017425,0,0
8450,7,-1,0.24955028224316843120531622921576,1,1
8451,8,1,0.028855960195552734475642587298775,1,1
8452,9,1,0.5874673161003213410162953034648,1,1
8453,8,-1,0.70469002790985855409760073579686,1,1
8454,8,0,0.93913545152893298026021160046098,0,0
8455,7,-1,0.40802629876708183258543332978921,1,1
8456,8,1,0.34580799324337953723587678844567,1,1
8457,8,0,0.22137138219597494653676370575859,0,0
8458,9,1,0.97249816010116576513853754038442,1,1
8459,7,-2,0.4747517159115474023420852096361,0,0
8460,8,1,0.47925882753231067674918054813946,1,1
8461,8,0,0.48827305077383722556337122514617,0,0
8462,8,0,0.50630149725689032319175257915959,0,0
8463,8,0,0.54235839022299651844851528718644,0,0
8464,8,0,0.61447217615520890896204070324014,0,0
8465,8,0,0.75869974801963368998909153534753,0,0
8466,7,-1,0.047154891748483252043193199562311,1,1
8467,9,2,0.62406517920618237615139652799187,0,0
8468,8,-1,0.777885754121580624367803184851,1,1
8469,7,-1,0.08552690395237712080061649856926,1,1
8470,9,2,0.70080920361397011366624312600577,0,0
8471,8,-1,0.9313738029371560993974963808788,1,1
8472,7,-1,0.39250300158352807086000289062486,1,1
8473,8,1,0.31476139887627201378501591011697,1,1
8474,8,0,0.15927819346175989963504194910119,0,0
8475,9,1,0.84831178263273567133509402706964,1,1
8476,7,-2,0.22637896097468721473519818300653,0,0
8477,9,2,0.98251331765859030153540649488032,0,0
8478,7,-2,0.49478203102639647513582311862789,0,0
8479,8,1,0.51931945776200882233665636612304,1,1
8480,8,0,0.56839431123323351673832286111333,0,0
8481,8,0,0.66654401817568290554165585109392,0,0
8482,8,0,0.86284343206058168314832183105509,0,0
8483,7,-1,0.25544225983037923836165379097744,1,1
8484,8,1,0.040639915369974348788317710822135,1,1
8485,9,1,0.61103522644916456964164555051152,1,1
8486,8,-1,0.7518258486075450113483012298903,1,1
8487,7,-1,0.033407092924305894761612588647859,1,1
8488,9,2,0.59656958155782766158823530616297,0,0
8489,8,-1,0.7228945588248711952414807411932,1,1
8490,8,0,0.97554451335895826254797161125365,0,0
8491,7,-1,0.48084442242713239716095335137455,1,1
8492,8,1,0.49144424056348066638691683161636,1,1
8493,8,0,0.51264387683617720483884379209998,0,0
8494,8,0,0.55504314938157028174269771306721,0,0
8495,8,0,0.63984169447235643555040555500168,0,0
8496,8,0,0.80943878465392874316582123887061,0,0
8497,7,-1,0.14863296501707335839665260660848,1,1
8498,9,2,0.82702132574336258885831534208422,0,0
8499,7,-2,0.18379804719594104978164081303569,0,0
8500,9,2,0.89735149010109797162829175493862,0,0
8501,7,-2,0.3244583759114118153215936387445,0,0
8502,8,1,0.17867214753203950270819740635626,1,1
8503,9,1,0.88709969077329487748140494157978,1,1
8504,7,-2,0.3039547772558056270278200120268,0,0
8505,8,1,0.13766495022082712612065015292086,1,1
8506,9,1,0.80508529615087012430631043470898,1,1
8507,7,-2,0.13992598801095612067763099828522,0,0
8508,9,2,0.80960737173112811342027212543769,0,0
8509,7,-2,0.14897013917147209890555437974262,0,0
8510,9,2,0.8276956740521600698761188883525,0,0
8511,7,-2,0.18514674381353601181724790557226,0,0
8512,9,2,0.90004888333628789569950594001177,0,0
8513,7,-2,0.32985316238179166346402200889079,0,0
8514,8,1,0.18946172047279919899305414664884,1,1
8515,9,1,0.90867883665481427005111842216494,1,1
8516,7,-2,0.34711306901884441216724697319713,0,0
8517,8,1,0.22398153374690469639950407526151,1,1
8518,9,1,0.97771846320302526486401827939027,1,1
8519,7,-2,0.4851923221152664017930466876478,0,0
8520,8,1,0.50014003993974867565110350416285,1,1
8521,8,0,0.53003547558871322336721713719296,0,0
8522,8,0,0.58982634688664231879944440325316,0,0
8523,8,0,0.70940808948250050966389893537358,0,0
8524,8,0,0.94857157467421689139280799961442,0,0
8525,7,-1,0.42689854505764965485062612809609,1,1
8526,8,1,0.38355248582451518176626238505944,1,1
8527,8,0,0.29686036735824623559753489898614,0,0
8528,8,0,0.12347613042570834326007992683954,0,0
8529,9,1,0.77670765656063255858516998254632,1,1
8530,7,-2,0.083170708830480989235350093959904,0,0
8531,9,2,0.69609681337017785053571031678706,0,0
8532,8,-1,0.92194902244957157313643076244138,1,1
8533,7,-1,0.37365344060835901833787165375001,1,1
8534,8,1,0.27706227692593390874075343636727,1,1
8535,8,0,0.083879949561083689546517001601785,0,0
8536,9,1,0.69751529483138325115804413207082,1,1
8537,8,-1,0.9247859853719823743810983930089,1,1
8538,7,-1,0.37932736645318062082720691488506,1,1
8539,8,1,0.28841012861557711371942395863737,1,1
8540,8,0,0.10657565294037009950385804614198,0,0
8541,9,1,0.74290670158995607107272622115122,1,1
8542,7,-2,0.015568798889128014210462571169701,0,0
8543,9,2,0.56089299348747190048593527120666,0,0
8544,8,-1,0.65154138268415967303688067128056,1,1
8545,8,0,0.83283816107753521813877147142838,0,0
8546,7,-1,0.19543171786428630834255307172402,1,1
8547,9,2,0.92061883143778848875011627231529,0,0
8548,7,-2,0.37099305858479284956524267349783,0,0
8549,8,1,0.27174151287880157119549547586292,1,1
8550,8,0,0.07323842146681901445600108059309,0,0
8551,9,1,0.67623223864285390097701229005343,1,1
8552,8,-1,0.88221987299492367401903470897412,1,1
8553,7,-1,0.29419514169906322010307954681549,1,1
8554,8,1,0.11814567910734231227116922249824,1,1
8555,9,1,0.76604675392390049660734857386373,1,1
8556,7,-2,0.061848903557016865279707276594721,0,0
8557,9,2,0.6534532028232496026244246820567,0,0
8558,8,-1,0.83666180135571507731385949298065,1,1
8559,7,-1,0.20307899842064602669272911482855,1,1
8560,9,2,0.93591339255050792545046835852434,0,0
8561,7,-2,0.40158218081023172296594684591594,0,0
8562,8,1,0.33291975732967931799690382069914,1,1
8563,8,0,0.19559491036857450805881777026553,0,0
8564,9,1,0.92094521644636488818264566939831,1,1
8565,7,-2,0.37164582860194564843030146766387,0,0
8566,8,1,0.27304705291310716892561306419499,1,1
8567,8,0,0.075849501535430209916236257257225,0,0
8568,9,1,0.6814543987800762918974826433817,1,1
8569,8,-1,0.89266419326936845585997541563066,1,1
8570,7,-1,0.31508378224795278378496096012858,1,1
8571,8,1,0.15992296020512143963493204912441,1,1
8572,9,1,0.84960131611945875133487422711607,1,1
8573,7,-2,0.2289580279481333747347585830994,0,0
8574,9,2,0.98767145160548262153452729506605,0,0
8575,7,-2,0.50509829892018111513406471899935,0,0
8576,8,1,0.53995199354957810233313956686596,1,1
8577,8,0,0.60965938280837207673128926259917,0,0
8578,8,0,0.74907416132596002552758865406559,0,0
8579,7,-1,0.027903718361135923120187436998426,1,1
8580,9,2,0.58556283243148771830538500286411,0,0
8581,8,-1,0.70088106057219130867578013459547,1,1
8582,8,0,0.93151751685359848941657039805819,0,0
8583,7,-1,0.39279042941641285089815092498363,1,1
8584,8,1,0.31533625454204157386131197883451,1,1
8585,8,0,0.16042790479329901978763408653628,0,0
8586,9,1,0.85061120529581391164027830193981,1,1
8587,7,-2,0.23097780630084369534556673274687,0,0
8588,9,2,0.991711008310903262756143594361,0,0
8589,7,-2,0.51317741233102239757729731758926,0,0
8590,8,1,0.55611022037126066721960476404577,1,1
8591,8,0,0.64197583645173720650421965695879,0,0
8592,8,0,0.81370706861269028507344944278483,0,0
8593,7,-1,0.15716953293459644221190901443691,1,1
8594,9,2,0.84409446157840875648882815774107,0,0
8595,7,-2,0.2179443188660333850426664443494,0,0
8596,9,2,0.96564403344128264215034301756604,0,0
8597,7,-2,0.46104346259178115636569616399934,0,0
8598,8,1,0.45184232089277818479640245686594,1,1
8599,8,0,0.43344003749477224165781504259913,0,0
8600,8,0,0.39663547069876035538064021406551,0,0
8601,8,0,0.32302633710673658282629055699828,0,0
8602,8,0,0.17580806992268903771759124286381,0,0
8603,9,1,0.88137153555459394750019261459487,1,1
8604,7,-2,0.292498466818403767065395358057,0,0
8605,8,1,0.11475232934602340619580084498125,1,1
8606,9,1,0.75926005440126268445661181882975,1,1
8607,7,-2,0.048275504511741240978233766526748,0,0
8608,9,2,0.62630640473269835402147766192075,0,0
8609,8,-1,0.78236820517461258010796545270875,1,1
8610,7,-1,0.094491806058441032280941034284761,1,1
8611,9,2,0.71873900782609793662689219743678,0,0
8612,8,-1,0.96723341136141174531879452374081,1,1
8613,7,-1,0.46422221843203936270259917634887,1,1
8614,8,1,0.45819983257329459747020848156499,1,1
8615,8,0,0.44615506085580506700542709199723,0,0
8616,8,0,0.42206551742082600607586431286171,0,0
8617,8,0,0.37388643055086788421673875459067,0,0
8618,8,0,0.27752825681095164049848763804859,0,0
8619,8,0,0.084811909331119153061985404964443,0,0
8620,9,1,0.69937921437145417818898093879614,1,1
8621,8,-1,0.92851382445212422844297200645953,1,1
8622,7,-1,0.38678304461346432895095414178632,1,1
8623,8,1,0.3033214849361445299669184124399,1,1
8624,8,0,0.13639836558150493199884695374705,0,0
8625,9,1,0.80255212687222573606270403636136,1,1
8626,7,-2,0.13485964945366734419041820158997,0,0
8627,9,2,0.7994746946165505604458465320472,0,0
8628,7,-2,0.12870478494231699295670319296166,0,0
8629,9,2,0.78716496559384985797841651479057,0,0
8630,7,-2,0.10408532689691558802184315844839,0,0
8631,9,2,0.73792604950304704810869644576403,0,0
8632,7,-2,0.005607494715309968282403020395323,0,0
8633,9,2,0.5409703851398358086298161696579,0,0
8634,8,-1,0.61169616598888748932464246818305,1,1
8635,8,0,0.75314772768699085071429506523336,0,0
8636,7,-1,0.036050851083197573493600259333974,1,1
8637,9,2,0.6018570978756110190522106475352,0,0
8638,8,-1,0.73346959146043791016943142393766,1,1
8639,8,0,0.99669457863009169240387297674256,0,0
8640,7,-1,0.52314455296939925687275608235238,1,1
8641,8,1,0.57604450164801438581052229357202,1,1
8642,8,0,0.68184439900524464368605471601129,0,0
8643,8,0,0.89344419371970515943711956088984,0,0
8644,7,-1,0.31664378314862619093924925064694,1,1
8645,8,1,0.16304296200646825394350863016113,1,1
8646,9,1,0.8558413197221523799520273891895,1,1
8647,7,-2,0.24143803515352063196906490724626,0,0
8648,8,1,0.012631466016257136003139943359777,1,1
8649,9,1,0.55501832774173014407129001558681,1,1
8650,8,-1,0.63979205119267616020759016004087,1,1
8651,8,0,0.80933949809456819248019044894899,0,0
8652,7,-1,0.14843439189835225702539102676524,1,1
8653,9,2,0.82662417950592038611579218239773,0,0
8654,7,-2,0.1830037547210566442965944936627,0,0
8655,9,2,0.89576290515132916065819911619266,0,0
8656,7,-2,0.32128120601187419338140836125258,0,0
8657,8,1,0.17231780773296425882782685137241,1,1
8658,9,1,0.87439101117514438972066383161207,1,1
8659,7,-2,0.27853741805950465150633779209139,0,0
8660,8,1,0.086830231828225175077685713050025,1,1
8661,9,1,0.7034158593656662222203815549673,1,1
8662,8,-1,0.93658711444054831650577323880186,1,1
8663,7,-1,0.40292962459031250507655660647098,1,1
8664,8,1,0.33561464488984088221812334180921,1,1
8665,8,0,0.20098468548889763650125681248566,0,0
8666,9,1,0.93172476668701114506752375383858,1,1
8667,7,-2,0.39320492908323816220005763654442,0,0
8668,8,1,0.31616525387569219646512540195609,1,1
8669,8,0,0.16208590346060026499526093277943,0,0
8670,9,1,0.85392720263041640205553199442611,1,1
8671,7,-2,0.23760980097004867617607411771948,0,0
8672,8,1,0.0049749976493132244171583643062123,1,1
8673,9,1,0.53970539100784232089932685747968,1,1
8674,8,-1,0.60916617772490051386366384382661,1,1
8675,8,0,0.74808775115901689979233781652047,0,0
8676,7,-1,0.025930898027249671649685761908202,1,1
8677,9,2,0.58161719176371521536438165268366,0,0
8678,8,-1,0.69298977923664630279377343423457,1,1
8679,8,0,0.91573495418250847765255699733639,0,0
8680,7,-1,0.36122530407423282737012412354004,1,1
8681,8,1,0.25220600385768152680525837594733,1,1
8682,8,0,0.034167403424578925675526880761924,0,0
8683,9,1,0.5980902025583737234160638903911,1,1
8684,8,-1,0.72593580082596331889713790964946,1,1
8685,8,0,0.98162699736114250985928594816616,0,0
8686,7,-1,0.49300939043150089178358202519958,1,1
8687,8,1,0.51577417657221765563217417926642,1,1
8688,8,0,0.56130374885365118332935848740009,0,0
8689,8,0,0.65236289341651823872372710366744,0,0
8690,8,0,0.83448118254225234951246433620214,0,0
8691,7,-1,0.19871776079372057108993880127153,1,1
8692,9,2,0.92719091729665701424488773141031,0,0
8693,7,-2,0.38413723030252990055478559168787,0,0
8694,8,1,0.298029856314275673174581312243,1,1
8695,8,0,0.12581510833776721841417275335326,0,0
8696,9,1,0.78138561238475030889335563557377,1,1
8697,7,-2,0.092526620478716489851721400014792,0,0
8698,9,2,0.71480863666664885176845292889684,0,0
8699,8,-1,0.95937266904251357560191598666093,1,1
8700,7,-1,0.44850073379424302326884210218911,1,1
8701,8,1,0.42675686329770191860269433324547,1,1
8702,8,0,0.3832691223046197092703987953582,0,0
8703,8,0,0.29629364031845529060580771958366,0,0
8704,8,0,0.12234267634612645327662556803457,0,0
8705,9,1,0.7744407484014687786182612649364,1,1
8706,7,-2,0.078636892512153429301532658740052,0,0
8707,9,2,0.68702918073352273066807544634736,0,0
8708,8,-1,0.90381375717626133340116102156197,1,1
8709,7,-1,0.33738291006173853886733217199119,1,1
8710,8,1,0.20452121583269294979967447284963,1,1
8711,9,1,0.93879782737460177166435907456652,1,1
8712,7,-2,0.4073510504584194153937282780003,0,0
8713,8,1,0.34445749662605470285246668486785,1,1
8714,8,0,0.21867038896132527776994349860296,0,0
8715,9,1,0.96709617363186642760489712607317,1,1
8716,7,-2,0.46394774297294872727480438101359,0,0
8717,8,1,0.45765088165511332661461889089443,1,1
8718,8,0,0.4450571590194425252942479106561,0,0
8719,8,0,0.41986971374810092265350595017946,0,0
8720,8,0,0.36949482320541771737202202922618,0,0
8721,8,0,0.26874504212005130680905418731961,0,0
8722,8,0,0.067245479949318485683118503506479,0,0
8723,9,1,0.66424635560785284343124713588021,1,1
8724,8,-1,0.85824810692492155892750440062768,1,1
8725,7,-1,0.24625160955905898992001893012261,1,1
8726,8,1,0.022258614827333851905047989112466,1,1
8727,9,1,0.57427262536388357587510610709219,1,1
8728,8,-1,0.67830064643698302381522234305162,1,1
8729,8,0,0.8863566885831819196954548149705,0,0
8730,7,-1,0.30246877287557971145591975880826,1,1
8731,8,1,0.13469294146037529497684964648377,1,1
8732,9,1,0.7991412786299664620187094218348,1,1
8733,7,-2,0.12803795296914879610242897253686,0,0
8734,9,2,0.78583130164751346426986807394097,0,0
8735,7,-2,0.1014179990042428006047462767492,0,0
8736,9,2,0.73259139371770147327450268236566,0,0
8737,8,-1,0.99493818314461881861401549359857,1,1
8738,7,-1,0.5196317619984535092930411160644,1,1
8739,8,1,0.56901891970612289065109236099605,1,1
8740,8,0,0.66779323512146165336719485085935,0,0
8741,8,0,0.86534186595213917879939983058595,0,0
8742,7,-1,0.26043912761349422966380979003916,1,1
8743,8,1,0.050633650936204331392629708945576,1,1
8744,9,1,0.63102269758162453485026954675841,1,1
8745,8,-1,0.79180079087246494176554922238407,1,1
8746,7,-1,0.11335697745414575559610857363538,1,1
8747,9,2,0.75646935061750738325722727613802,0,0
8748,7,-2,0.042694096944230638579464681143299,0,0
8749,9,2,0.61514358959767714922393949115385,0,0
8750,8,-1,0.76004257490457017051288911117496,1,1
8751,7,-1,0.049840545518356213090788351217166,1,1
8752,9,2,0.62943648674592829824658683130159,0,0
8753,8,-1,0.78862836920107246855818379147043,1,1
8754,7,-1,0.1070121341113608091813777118081,1,1
8755,9,2,0.74377966393193749042776555248346,0,0
8756,7,-2,0.017314723573090852920541233834176,0,0
8757,9,2,0.56438484285539757790609259653561,0,0
8758,8,-1,0.65852508142001102787719532193847,1,1
8759,8,0,0.84680555854923792781940077274419,0,0
8760,7,-1,0.22336651280769172770381167435562,1,1
8761,9,2,0.9764884213245993274726334775785,0,0
8762,7,-2,0.48273223835841452701027708402426,0,0
8763,8,1,0.49521987242604492608556429691578,1,1
8764,8,0,0.5201951405613057242361387226988,0,0
8765,8,0,0.57014567683182732053728757426486,0,0
8766,8,0,0.67004674937287051313958527739698,0,0
8767,8,0,0.86984889445495689834418068366121,0,0
8768,7,-1,0.26945318461912966875337149618968,1,1
8769,8,1,0.068661764947475209571753121246615,1,1
8770,9,1,0.66707892560416629120851637136048,1,1
8771,8,-1,0.86391324691754845448204287158822,1,1
8772,7,-1,0.2575818895443127810290958720437,1,1
8773,8,1,0.044919174797841434123201872954645,1,1
8774,9,1,0.61959374530489874031141387477654,1,1
8775,8,-1,0.76894288631901335268783787842034,1,1
8776,7,-1,0.067641168347242577440685885707936,1,1
8777,9,2,0.66503773240370102694638190028313,0,0
8778,8,-1,0.85983086051661792595777392943351,1,1
8779,7,-1,0.24941711674245172398055798773427,1,1
8780,8,1,0.028589629194119320026126104335784,1,1
8781,9,1,0.58693465409745451211726233753882,1,1
8782,8,-1,0.7036247039041248962995348039449,1,1
8783,8,0,0.93700480351746566466407973675705,0,0
8784,7,-1,0.40376500274414720139316960238136,1,1
8785,8,1,0.33728540119751027485134933362997,1,1
8786,8,0,0.20432619810423642176770879612719,0,0
8787,9,1,0.93840779191768871560042772112163,1,1
8788,7,-2,0.4065709795445933032658655711105,0,0
8789,8,1,0.34289735479840247859674127108826,1,1
8790,8,0,0.21555010530602082925849267104378,0,0
8791,9,1,0.96085560632125753058199547095481,1,1
8792,7,-2,0.45146660835173093322900107077688,0,0
8793,8,1,0.43268861241267773852301227042101,1,1
8794,8,0,0.39513262053457134911103466970926,0,0
8795,8,0,0.32002063677835857028707946828578,0,0
8796,8,0,0.16979666926593301263916906543882,0,0
8797,9,1,0.86934873424108189734334825974489,1,1
8798,7,-2,0.26845286419137966675170664835704,0,0
8799,8,1,0.066661124091975205568423425581336,1,1
8800,9,1,0.66307764389316628320185698002993,1,1
8801,8,-1,0.8559106834955484384687240889271,1,1
8802,7,-1,0.24157676270031274900245830672146,1,1
8803,8,1,0.012908921109841370069926742310179,1,1
8804,9,1,0.55557323792889861220486361348761,1,1
8805,8,-1,0.64090187156701309647473735584248,1,1
8806,8,0,0.81155913884324206501448484055221,0,0
8807,7,-1,0.15287367339570000209397980997167,1,1
8808,9,2,0.8355027425006158762529697488106,0,0
8809,7,-2,0.20076088071044762457094962648846,0,0
8810,9,2,0.93127715713011112120690938184417,0,0
8811,7,-2,0.39230970996943811447882889255559,0,0
8812,8,1,0.31437481564809210102266791397844,1,1
8813,8,0,0.15850502700540007411034595682413,0,0
8814,9,1,0.84676544972001602028570204251552,1,1
8815,7,-2,0.2232862951492479126364142138983,0,0
8816,9,2,0.97632798600771169733783855666385,0,0
8817,7,-2,0.48241136772463926674068724219496,0,0
8818,8,1,0.49457813115849440554638461325718,1,1
8819,8,0,0.51891165802620468315777935538161,0,0
8820,8,0,0.56757871176162523838056883963047,0,0
8821,8,0,0.6649128192324663488261478081282,0,0
8822,8,0,0.85958103417414856971730574512365,0,0
8823,7,-1,0.24891746405751301149962161911455,1,1
8824,8,1,0.027590323824241895064253367096352,1,1
8825,9,1,0.58493604335769966219351686305996,1,1
8826,8,-1,0.69962748242461519645204385498717,1,1
8827,8,0,0.92901036055844626496909783884159,0,0
8828,7,-1,0.38777611682610840200320580655043,1,1
8829,8,1,0.30530762936143267607142174196812,1,1
8830,8,0,0.14037065443208122420785361280349,0,0
8831,9,1,0.81049670457337832048071735447424,1,1
8832,7,-2,0.15074880485597251302644483781572,0,0
8833,9,2,0.8312530054211608981178998044987,0,0
8834,7,-2,0.19226140655153766830080973786466,0,0
8835,9,2,0.91427820881229120866662960459657,0,0
8836,7,-2,0.35831181333379828939826933806039,0,0
8837,8,1,0.24637902237681245086154880498804,1,1
8838,8,0,0.022513440462840773788107738843334,0,0
8839,9,1,0.57478227663489741964122560655392,1,1
8840,8,-1,0.6793199489790107113474613419751,1,1
8841,8,0,0.88839529366723729475993281281745,0,0
8842,7,-1,0.30654598304369046158487575450215,1,1
8843,8,1,0.14284736179659679523476163787155,1,1
8844,9,1,0.81545011930240946253453340461035,1,1
8845,7,-2,0.16065563431403479713407693808795,0,0
8846,9,2,0.85106666433728546633316400504316,0,0
8847,7,-2,0.23188872438378680473133813895358,0,0
8848,9,2,0.99353284447678948152768640677441,0,0
8849,7,-2,0.51682108466279483512038294241608,0,0
8850,8,1,0.56339756503480554230577601369941,1,1
8851,8,0,0.65655052577882695667656215626607,0,0
8852,8,0,0.84285644726686978541813444139939,0,0
8853,7,-1,0.21546829024295544290127901166603,1,1
8854,9,2,0.96069197619512675786756815219932,0,0
8855,7,-2,0.4511393480994693878001464332659,0,0
8856,8,1,0.43203409190815464766530299539904,1,1
8857,8,0,0.39382357952552516739561611966534,0,0
8858,8,0,0.31740255476026620685624236819794,0,0
8859,8,0,0.16456050522974828577749486526313,0,0
8860,9,1,0.85887640616871244361999985939351,1,1
8861,7,-2,0.24750820804664075930500984765427,0,0
8862,8,1,0.024771811802497390675029824175798,1,1
8863,9,1,0.57929901931421065341506977721885,1,1
8864,8,-1,0.68835343433763717889514968330495,1,1
8865,8,0,0.90646226438449022985530949547716,0,0
8866,7,-1,0.34267992447819633177562911982157,1,1
8867,8,1,0.21511524466560853561626836851039,1,1
8868,9,1,0.95998588504043294329754686588803,1,1
8869,7,-2,0.44972716579008175866010386064332,0,0
8870,8,1,0.42920972728937938938521785015388,1,1
8871,8,0,0.38817485028797465083544582917502,0,0
8872,8,0,0.3061050962851651737359017872173,0,0
8873,8,0,0.14196558827954621953681370330185,0,0
8874,9,1,0.81368657226830831113863753547096,1,1
8875,7,-2,0.15712854024583249434228519980917,0,0
8876,9,2,0.84401247620088086074958052848559,0,0
8877,7,-2,0.21778034811097759356417118583843,0,0
8878,9,2,0.96531609193117105919335250054411,0,0
8879,7,-2,0.46038757957155799045171512995548,0,0
8880,8,1,0.45053055485233185296844038877821,1,1
8881,8,0,0.43081650541387957800189090642368,0,0
8882,8,0,0.39138840653697502806879194171461,0,0
8883,8,0,0.31253220878316592820259401229647,0,0
8884,8,0,0.1548198132755477284701981534602,0,0
8885,9,1,0.83939502226031132900540643578765,1,1
8886,7,-2,0.20854544022983853007582300044255,0,0
8887,9,2,0.94684627616889293221665612975236,0,0
8888,7,-2,0.42344794804700173649832238837197,0,0
8889,8,1,0.3766512918032193450616549056112,1,1
8890,8,0,0.28305797931565456218831994008966,0,0
8891,8,0,0.095871354340524996441650009046573,0,0
8892,9,1,0.7214981043902658649483101469604,1,1
8893,8,-1,0.97275160448974760196163042278805,1,1
8894,7,-1,0.47525860468871107598827097444336,1,1
8895,8,1,0.48027260508663802404155207775397,1,1
8896,8,0,0.4903006058824919201481142843752,0,0
8897,8,0,0.51035660747419971236123869761766,0,0
8898,8,0,0.55046861065761529678748752410257,0,0
8899,8,0,0.6306926170244464656399851770724,0,0
8900,8,0,0.79114062975810880334498048301205,0,0
8901,7,-1,0.11203665522543347875497109489135,1,1
8902,9,2,0.75382870616008282957495231864995,0,0
8903,7,-2,0.037412808029381531214914766167144,0,0
8904,9,2,0.60458101176797893449483966120154,0,0
8905,8,-1,0.73891741924517374105468945127034,1,1
8906,7,-1,0.0075902341995633541743890314079285,1,1
8907,9,2,0.54493586410834258041378819168311,0,0
8908,8,-1,0.61962712392590103289258651223348,1,1
8909,8,0,0.7690096435610179378501831533342,0,0
8910,7,-1,0.067774682831251747765376435535662,1,1
8911,9,2,0.66530476137171936759576299993858,0,0
8912,8,-1,0.86036491845265460725653612874441,1,1
8913,7,-1,0.25048523261452508657808238635607,1,1
8914,8,1,0.0307258609382660452211749015794,1,1
8915,9,1,0.59120711758574796250735993202605,1,1
8916,8,-1,0.71216963088071179707972999291936,1,1
8917,8,0,0.95409465747063946622447011470597,0,0
8918,7,-1,0.4379447106504948045139503582792,1,1
8919,8,1,0.40564481701020548109291084542565,1,1
8920,8,0,0.34104502972962683425083181971856,0,0
8921,8,0,0.21184545516846954056667376830437,0,0
8922,9,1,0.95344630604615495319835766547599,1,1
8923,7,-2,0.43664800780152577846172545981923,0,0
8924,8,1,0.40305141131226742898846104850571,1,1
8925,8,0,0.33585821833375073004193222587867,0,0
8926,8,0,0.20147183237671733214887458062459,0,0
8927,9,1,0.93269906046265053636275929011644,1,1
8928,7,-2,0.39515351663451694479052870910014,0,0
8929,8,1,0.32006242897824976164606754706754,1,1
8930,8,0,0.16988025366571539535714522300232,0,0
8931,9,1,0.8695159030406466627793005748719,1,1
8932,7,-2,0.26878720179050919762361127861106,0,0
8933,8,1,0.067329799290234267312232686089375,1,1
8934,9,1,0.664414994289684406689475501046,1,1
8935,8,-1,0.85858538428858468544396113095926,1,1
8936,7,-1,0.24692616428638524295293239078578,1,1
8937,8,1,0.023607724281986357970874910438808,1,1
8938,9,1,0.57697084427318858800675994974487,1,1
8939,8,-1,0.68369708425559304807853002835699,1,1
8940,8,0,0.89714956422040196822207018558124,0,0
8941,7,-1,0.32405452415001980850915050002974,1,1
8942,8,1,0.17786444400925548908331112892674,1,1
8943,9,1,0.88548428372772685023163238672073,1,1
8944,7,-2,0.3007239631646695725282749023087,0,0
8945,8,1,0.13120332203855501712155993348466,1,1
8946,9,1,0.79216203978632590630812999583658,1,1
8947,7,-2,0.11407947528186768468127012054041,0,0
8948,9,2,0.75791434627295124142755036994807,0,0
8949,7,-2,0.045584088255118354920110868763394,0,0
8950,9,2,0.62092357221945258190523186639404,0,0
8951,8,-1,0.77160254014812103587547386165534,1,1
8952,7,-1,0.07296047600545794381595785217793,1,1
8953,9,2,0.67567634772013175969692583322311,0,0
8954,8,-1,0.88110809114947939145886179531348,1,1
8955,7,-1,0.29197157800817465498273371949421,1,1
8956,8,1,0.11369855172556518203047756785568,1,1
8957,9,1,0.75715249916034623612596526457861,1,1
8958,7,-2,0.044060394029908344316940658024477,0,0
8959,9,2,0.61787618376903256069889144491621,0,0
8960,8,-1,0.76550776324728099346279301869967,1,1
8961,7,-1,0.060770922203777858990596166266594,1,1
8962,9,2,0.65129724011677159004620246140044,0,0
8963,8,-1,0.83234987594275905215741505166814,1,1
8964,7,-1,0.19445514759473397637984023220353,1,1
8965,9,2,0.91866569089868382482469059327431,0,0
8966,7,-2,0.36708677750658352171439131541587,0,0
8967,8,1,0.26392895072238291549379275969899,1,1
8968,8,0,0.057613297153981703052595648265243,0,0
8969,9,1,0.64498199001717927817020142539774,1,1
8970,8,-1,0.81971937574357442840541297966273,1,1
8971,7,-1,0.16919414719636472887583608819272,1,1
8972,9,2,0.86814369010194532981668230525269,0,0
8973,7,-2,0.26604277591310653169837473937263,0,0
8974,8,1,0.061840947535428935461759607612521,1,1
8975,9,1,0.65343729078007374298852934409229,1,1
8976,8,-1,0.83662997726936335804206881705184,1,1
8977,7,-1,0.20301535024794258814914776297094,1,1
8978,9,2,0.93578609620510104836330565480913,0,0
8979,7,-2,0.40132758811941796879162143848552,0,0
8980,8,1,0.3324105719480518096482530058383,1,1
8981,8,0,0.19457653960531949136151614054386,0,0
8982,9,1,0.91890847491985485478804240995497,1,1
8983,7,-2,0.36757234554892558164109494877719,0,0
8984,8,1,0.26490008680706703534720002642162,1,1
8985,8,0,0.059555569323349942759410181710501,0,0
8986,9,1,0.64886653435591575758383049228826,1,1
8987,8,-1,0.82748846442104738723267111344377,1,1
8988,7,-1,0.18473232455131064653035235575479,1,1
8989,9,2,0.89922004481183716512571484037683,0,0
8990,7,-2,0.32819548533289020231643980962091,0,0
8991,8,1,0.18614636637499627669788974810908,1,1
8992,9,1,0.90204812845920842546078962508541,1,1
8993,7,-2,0.33385165262763272298658937903807,0,0
8994,8,1,0.1974587009644813180381888869434,1,1
8995,9,1,0.92467279763817850814138790275405,1,1
8996,7,-2,0.37910099098557288834778593437535,0,0
8997,8,1,0.28795737768036164876058199761795,1,1
8998,8,0,0.10567015106993916958617412410316,0,0
8999,9,1,0.74109569784909421123735837707357,1,1
9000,7,-2,0.011946791407404294539726883014386,0,0
9001,9,2,0.55364897852402446114446389489603,0,0
9002,8,-1,0.6370533527572647943539379186593,1,1
9003,8,0,0.80386210122374546077288596618586,0,0
9004,7,-1,0.13747959815670679361078206123898,1,1
9005,9,2,0.80471459202262945928657425134521,0,0
9006,7,-2,0.13918457975447479063815863155768,0,0
9007,9,2,0.80812455521816545334132739198262,0,0
9008,7,-2,0.14600450614554677874766491283249,0,0
9009,9,2,0.82176440800030942956033995453223,0,0
9010,7,-2,0.17328421170983473118569003793171,0,0
9011,9,2,0.87632381912888533443639020473067,0,0
9012,7,-2,0.2824030339669865409377905383286,0,0
9013,8,1,0.094561463643188953940591205524447,1,1
9014,9,1,0.71887832299559377994619253991615,1,1
9015,8,-1,0.96751204170040343195739520869955,1,1
9016,7,-1,0.46477947911002273597980054626636,1,1
9017,8,1,0.45931435392926134402461122139997,1,1
9018,8,0,0.44838410356773856011423257166719,0,0
9019,8,0,0.42652360284469299229347527220163,0,0
9020,8,0,0.3828026013986018566519606732705,0,0
9021,8,0,0.29536059850641958536893147540826,0,0
9022,8,0,0.12047659272205504280287307968378,0,0
9023,9,1,0.77070858115332595767075628823481,1,1
9024,7,-2,0.071172558015867787406522705336876,0,0
9025,9,2,0.67210051174095144687805553954101,0,0
9026,8,-1,0.87395641919111876582112120794927,1,1
9027,7,-1,0.27766823409145340370725254476579,1,1
9028,8,1,0.085091863892122679479515218398825,1,1
9029,9,1,0.6999391234934612310240405656649,1,1
9030,8,-1,0.92963364269613833411309126019706,1,1
9031,7,-1,0.38902268110149254029119264926138,1,1
9032,8,1,0.30780075791220095264739542739001,1,1
9033,8,0,0.14535691153361777735980098364727,0,0
9034,9,1,0.82046921877645142678461209616178,1,1
9035,7,-2,0.17069383326211872563423432119082,0,0
9036,9,2,0.8711430622334533233334787712489,0,0
9037,7,-2,0.27204152017612251873196767136505,0,0
9038,8,1,0.07383843606146090952894547159736,1,1
9039,9,1,0.67743226783213769112290107206197,1,1
9040,8,-1,0.8846199313734912543108122729912,1,1
9041,7,-1,0.29899525845619838068663467484965,1,1
9042,8,1,0.12774591262161263343827947856656,1,1
9043,9,1,0.78524722095244113894156908600038,1,1
9044,7,-2,0.10024983761409814994814830086801,0,0
9045,9,2,0.73025507093741217196130673060327,0,0
9046,8,-1,0.9902655375840402159876235900738,1,1
9047,7,-1,0.51028647087729630404025730901485,1,1
9048,8,1,0.55032833746380848014552474689695,1,1
9049,8,0,0.63041207063683283235605962266115,0,0
9050,8,0,0.79057953698288153677712937418955,0,0
9051,7,-1,0.11091446967497894561926887724636,1,1
9052,9,2,0.75158433505917376330354788335996,0,0
9053,7,-2,0.032924065827563398672105895587183,0,0
9054,9,2,0.59560352736434266940922192004162,0,0
9055,8,-1,0.72096245043790121088345396895049,1,1
9056,8,0,0.97168029658501829383191806676824,0,0
9057,7,-1,0.47311598887925245972884626240374,1,1
9058,8,1,0.47598737346772079152270265367473,1,1
9059,8,0,0.48173014264465745511041543621671,0,0
9060,8,0,0.49321568099853078228584100130068,0,0
9061,8,0,0.51618675770627743663669213146861,0,0
9062,8,0,0.56212891112177074533839439180447,0,0
9063,8,0,0.65401321795275736274179891247619,0,0
9064,8,0,0.83778183161473059754860795381963,0,0
9065,7,-1,0.20531905893867706716222603650651,1,1
9066,9,2,0.94039351358657000638946220188026,0,0
9067,7,-2,0.41054242288235588484393453262778,0,0
9068,8,1,0.35084024147392764175287919412282,1,1
9069,8,0,0.23143587865707115557076851711289,0,0
9070,9,1,0.99262715302335818320654716309304,1,1
9071,7,-2,0.51500970175593223847810445505333,0,0
9072,8,1,0.55977479922108034902121903897392,1,1
9073,8,0,0.64930499415137657010744820681508,0,0
9074,8,0,0.82836538401196901227990654249742,0,0
9075,7,-1,0.1864861637331538966248232138621,1,1
9076,9,2,0.90272772317552366531465655659145,0,0
9077,7,-2,0.33521084206026320269432324205015,0,0
9078,8,1,0.20017707982974227745365661296755,1,1
9079,9,1,0.93010955536870042697232335480236,1,1
9080,7,-2,0.38997450644661672600965683847197,0,0
9081,8,1,0.3097044086024493240843238058112,1,1
9082,8,0,0.14916421291411452023365774048965,0,0
9083,9,1,0.82808382153744491253232560984656,1,1
9084,7,-2,0.18592303878410569712966134856037,0,0
9085,9,2,0.901601473277427266324332825988,0,0
9086,7,-2,0.33295834226407040471367578084326,0,0
9087,8,1,0.19567208023735668149236169055376,1,1
9088,9,1,0.92109955618392923504973350997478,1,1
9089,7,-2,0.37195450807707434216447714881682,0,0
9090,8,1,0.27366441186336455639396442650089,1,1
9091,8,0,0.077084219435944984852938981869035,0,0
9092,9,1,0.68392383458110584177088809260532,1,1
9093,8,-1,0.8976030648714275556067863140779,1,1
9094,7,-1,0.32496152545207098327858275702306,1,1
9095,8,1,0.17967844661335783862217564291337,1,1
9096,9,1,0.889112288935931549309361414694,1,1
9097,7,-2,0.30797997358107897068373295825524,0,0
9098,8,1,0.14571534287137381343247604537774,1,1
9099,9,1,0.82118608145196349892996221962274,1,1
9100,7,-2,0.17212755861314286992493456811274,0,0
9101,9,2,0.87401051293550161191487926509272,0,0
9102,7,-2,0.2777764215802190958947686590527,0,0
9103,8,1,0.085308238869654063854547446972659,1,1
9104,9,1,0.70037187344852399977410502281257,1,1
9105,8,-1,0.9304991426062638716132201744924,1,1
9106,7,-1,0.39075368092174361529145047785205,1,1
9107,8,1,0.31126275755270310264791108457135,1,1
9108,8,0,0.15228091081462207736083229800994,0,0
9109,9,1,0.83431721733846002678667472488714,1,1
9110,7,-2,0.19838983038613592563835957864154,0,0
9111,9,2,0.92653505648148772334172928615033,0,0
9112,7,-2,0.38282550867219131874846870116791,0,0
9113,8,1,0.29540641305359850956194753120307,1,1
9114,8,0,0.12056822181641289118890519127339,0,0
9115,9,1,0.77089183934204165444282051141404,1,1
9116,7,-2,0.071539074393299180950651151695331,0,0
9117,9,2,0.67283354449581423396631243225792,0,0
9118,8,-1,0.87542248470084433999763499338309,1,1
9119,7,-1,0.28060036511090455206028011563342,1,1
9120,8,1,0.090956125931024976185570360134102,1,1
9121,9,1,0.71166764757126582443615084913546,1,1
9122,8,-1,0.95309069085174752093731182713817,1,1
9123,7,-1,0.43593677741271091393963378314359,1,1
9124,8,1,0.40162895053463769994427769515443,1,1
9125,8,0,0.33301329677849127195356551917612,0,0
9126,8,0,0.19578198926619841597214116721949,0,0
9127,9,1,0.92131937424161270400929246330624,1,1
9128,7,-2,0.37239414419244128008359505547974,0,0
9129,8,1,0.27454368409409843223220023982674,1,1
9130,8,0,0.078842763897412736529410608520724,0,0
9131,9,1,0.6874409235040413451238313459087,1,1
9132,8,-1,0.90463724271729856231267282068466,1,1
9133,7,-1,0.33902988114381299669035577023657,1,1
9134,8,1,0.20781515799684186544572166934039,1,1
9135,9,1,0.94538571170289960295645346754803,1,1
9136,7,-2,0.42052681911501507797791706396331,0,0
9137,8,1,0.37080903393924602802084425679386,1,1
9138,8,0,0.27137346358770792810669864245498,0,0
9139,8,0,0.072502322884631728278407413777217,0,0
9140,9,1,0.67476004147847932862182495642169,1,1
9141,8,-1,0.87927547866617452930866004171063,1,1
9142,7,-1,0.28830635304156493068233021228851,1,1
9143,8,1,0.10636810179234573342967055344428,1,1
9144,9,1,0.74249159929390733892435123575581,1,1
9145,7,-2,0.014738594297030549913712600378881,0,0
9146,9,2,0.55923258430327697189243532962502,0,0
9147,8,-1,0.64822056431576981584988078811729,1,1
9148,8,0,0.82619652434075550376477170510183,0,0
9149,7,-1,0.18214844439072687959455353907091,1,1
9150,9,2,0.89405228449066963125411720700907,0,0
9151,7,-2,0.31785996469055513457324454288539,0,0
9152,8,1,0.16547532509032614121149921463803,1,1
9153,9,1,0.86070604588986815448800855814332,1,1
9154,7,-2,0.25116748748895218104102724515389,0,0
9155,8,1,0.032090370687120234147064619175033,1,1
9156,9,1,0.59393613708345634035913936721732,1,1
9157,8,-1,0.71762766987612855278328886330189,1,1
9158,8,0,0.96501073546147297763158785547104,0,0
9159,7,-1,0.45977686663216182732818583980934,1,1
9160,8,1,0.44930912897353952672138180848593,1,1
9161,8,0,0.42837365365629492550777374583912,0,0
9162,8,0,0.3865027030218057230805576205455,0,0
9163,8,0,0.30276080175282731822612536995825,0,0
9164,8,0,0.13527699921487050851726086878375,0,0
9165,9,1,0.80030939413895688909953186643475,1,1
9166,7,-2,0.13037418398712965026407386173675,0,0
9167,9,2,0.79050376368347517259315785234076,0,0
9168,7,-2,0.11076292307616621725132583354877,0,0
9169,9,2,0.75128124186154830656766179596479,0,0
9170,7,-2,0.032317879432312485200333720796834,0,0
9171,9,2,0.59439115457384084246567757046092,0,0
9172,8,-1,0.7185377048568975569963652697891,1,1
9173,8,0,0.96683080542301098605774066844545,0,0
9174,7,-1,0.46341700655523784418049146575814,1,1
9175,8,1,0.45658940881969156042599306038354,1,1
9176,8,0,0.44293421334859899291699624963434,0,0
9177,8,0,0.41562382240641385789900262813593,0,0
9178,8,0,0.36100304052204358786301538513911,0,0
9179,8,0,0.25176147675330304779104089914548,0,0
9180,8,0,0.033278349215821967647091927158205,0,0
9181,9,1,0.59631209414085980735919398318366,1,1
9182,8,-1,0.72237958399093548678339809523458,1,1
9183,8,0,0.97451456369108684563180631933642,0,0
9184,7,-1,0.47878452309138956332862276754009,1,1
9185,8,1,0.48732444189199499872225566394743,1,1
9186,8,0,0.50440427949320586950952145676212,0,0
9187,8,0,0.5385639546956276110840530423915,0,0
9188,8,0,0.60688330510047109423311621365026,0,0
9189,8,0,0.74352200591015806053124255616777,0,0
9190,7,-1,0.016799407529531993127495241202784,1,1
9191,9,2,0.56335421076827985832000061127282,0,0
9192,8,-1,0.6564638172457755887050113514129,1,1
9193,8,0,0.84268303020076704947503283169305,0,0
9194,7,-1,0.21512145611074997101507579225335,1,1
9195,9,2,0.95999830793071581409516171337396,0,0
9196,7,-2,0.44975201157064750025533355561517,0,0
9197,8,1,0.42925941885051087257567724009759,1,1
9198,8,0,0.38827423341023761721636460906244,0,0
9199,8,0,0.30630386252969110649773934699212,0,0
9200,8,0,0.1423631207685980850604888228515,0,0
9201,9,1,0.81448163724641204218598777457026,1,1
9202,7,-2,0.15871867020203995643698567800777,0,0
9203,9,2,0.8471927361132957849389814848828,0,0
9204,7,-2,0.22414086793580744194297309863284,0,0
9205,9,2,0.97803713158083075595095632613294,0,0
9206,7,-2,0.48582965887087738396692278113314,0,0
9207,8,1,0.50141471345097063999885569113353,1,1
9208,8,0,0.53258482261115715206272151113432,0,0
9209,8,0,0.5949250409315301761904531511359,0,0
9210,8,0,0.71960547757227622444591643113905,0,0
9211,8,0,0.96896635085376832095684299114536,0,0
9212,7,-1,0.46768809741675251397869611115798,1,1
9213,8,1,0.46513159054272090002240235118321,1,1
9214,8,0,0.46001857679465767210981483123368,0,0
9215,8,0,0.44979254929853121628463979133461,0,0
9216,8,0,0.42934049430627830463428971153648,0,0
9217,8,0,0.38843638432177248133358955194022,0,0
9218,8,0,0.30662816435276083473218923274769,0,0
9219,8,0,0.14301172441473754152938859436264,0,0
9220,9,1,0.81577884453869095512378731759253,1,1
9221,7,-2,0.16131308478659778231258476405232,0,0
9222,9,2,0.85238156528241143669017965697189,0,0
9223,7,-2,0.23451852627403874544536944281103,0,0
9224,9,2,0.99879244825729336295574901448932,0,0
9225,7,-2,0.5273402922238025979765081578459,0,0
9226,8,1,0.58443598015682106801802644455905,1,1
9227,8,0,0.69862735602285800810106301798536,0,0
9228,8,0,0.92701010775493188826713616483798,0,0
9229,7,-1,0.38377561121907964859928245854321,1,1
9230,8,1,0.29730661814737516926357504595367,1,1
9231,8,0,0.1243686320039662105921602207746,0,0
9232,9,1,0.77849265971714829324933057041646,1,1
9233,7,-2,0.086740715143512458563671269700171,0,0
9234,9,2,0.7032368259962407891923526682676,0,0
9235,8,-1,0.93622904770169745044971546540245,1,1
9236,7,-1,0.40221349111261077296444105967215,1,1
9237,8,1,0.33418237793443741799389224821154,1,1
9238,8,0,0.19812015157809070805279462529034,0,0
9239,9,1,0.92599569886539728817059937944794,1,1
9240,7,-2,0.38174679344001044840620888776313,0,0
9241,8,1,0.29324898258923676887742790439351,1,1
9242,8,0,0.11625336088768940981986593765428,0,0
9243,9,1,0.76226211748459469170474200417581,1,1
9244,7,-2,0.054279630678405255474494137218874,0,0
9245,9,2,0.638314657066026383013998403305,0,0
9246,8,-1,0.80638470984126863809300693547726,1,1
9247,7,-1,0.14252481539175314825102399982177,1,1
9248,9,2,0.81480502649272216856705812851079,0,0
9249,7,-2,0.15936544869466020919912638588884,0,0
9250,9,2,0.84848629309853629046326290064493,0,0
9251,7,-2,0.22672798190628845299153593015711,0,0
9252,9,2,0.98321135952179277804808198918148,0,0
9253,7,-2,0.49617811475280142816117410723021,0,0
9254,8,1,0.52211162521481872838735834332768,1,1
9255,8,0,0.57397864613885332883972681552261,0,0
9256,8,0,0.67771268798692252974446375991247,0,0
9257,8,0,0.88518077168306093155393764869219,0,0
9258,7,-1,0.30011693907533773517288542625163,1,1
9259,8,1,0.12998927385989134241078098137051,1,1
9260,9,1,0.78973394342899855688657209160827,1,1
9261,7,-2,0.10922328256721298583815431208378,0,0
9262,9,2,0.74820196084364184374131875303482,0,0
9263,7,-2,0.026159317396499559547647634936899,0,0
9264,9,2,0.58207403050221499116030539874105,0,0
9265,8,-1,0.69390345671364585438562092634936,1,1
9266,8,0,0.91756230913650758083625198156597,0,0
9267,7,-1,0.36488001398223103373751409199918,1,1
9268,8,1,0.25951542367367793954003831286562,1,1
9269,8,0,0.048786243056571751145086754598497,0,0
9270,9,1,0.62732788182235937435518363806425,1,1
9271,8,-1,0.78441115935393462077537740499575,1,1
9272,7,-1,0.098577714417085113615764938858749,1,1
9273,9,2,0.72691082454338609929654000658475,0,0
9274,8,-1,0.98357704479598807065809014203676,1,1
9275,7,-1,0.49690948530119201338119041294077,1,1
9276,8,1,0.52357436631159989882739095474879,1,1
9277,8,0,0.57690412833241566971979203836483,0,0
9278,8,0,0.68356365237404721150459420559691,0,0
9279,8,0,0.89688270045731029507419854006108,0,0
9280,7,-1,0.32352079662383646221340720898941,1,1
9281,8,1,0.17679698895688879649182454684608,1,1
9282,9,1,0.88334937362299346504865922255941,1,1
9283,7,-2,0.29645414295520280216232857398607,0,0
9284,8,1,0.12266368161962147638966727683939,1,1
9285,9,1,0.77508275894845882484434468254604,1,1
9286,7,-2,0.079920913606133521753699493959331,0,0
9287,9,2,0.68959722292148291557240911678592,0,0
9288,8,-1,0.90894984155218170320982836243909,1,1
9289,7,-1,0.34765507881357927848466685374542,1,1
9290,8,1,0.2250655533363744290343438363581,1,1
9291,9,1,0.97988650238196473013369780158346,1,1
9292,7,-2,0.48952840047314533233240573203417,0,0
9293,8,1,0.50881219665550653672982159293559,1,1
9294,8,0,0.54737978902022894552465331473843,0,0
9295,8,0,0.62451497374967376311431675834411,0,0
9296,8,0,0.77878534320856339829364364555547,0,0
9297,7,-1,0.087326082126342668652297419978193,1,1
9298,9,2,0.70440755996190120936960496882364,0,0
9299,8,-1,0.93857051563301829080422006651453,1,1
9300,7,-1,0.40689642697525245367345026189632,1,1
9301,8,1,0.34354824965972077941191065265989,1,1
9302,8,0,0.21685189502865743088883143418703,0,0
9303,9,1,0.96345918576653073384267299724132,1,1
9304,7,-2,0.4566737672422773397503561233499,0,0
9305,8,1,0.44310293019377055156572237556705,1,1
9306,8,0,0.41596125609675697519645488000135,0,0
9307,8,0,0.36167790790272982245791988886995,0,0
9308,8,0,0.25311121151467551698084990660716,0,0
9309,8,0,0.035977818738566906026709942081568,0,0
9310,9,1,0.60171103318634968411843001303039,1,1
9311,8,-1,0.73317746208191524030187015492803,1,1
9312,8,0,0.99611031987304635266875043872332,0,0
9313,7,-1,0.5219760354553085774025110063139,1,1
9314,8,1,0.57370746661983302687003214149505,1,1
9315,8,0,0.67717032894888192580507441185736,0,0
9316,8,0,0.88409605360697972367515895258197,0,0
9317,7,-1,0.29794750292317531941532803403119,1,1
9318,8,1,0.12565040155556651089566619692963,1,1
9319,9,1,0.78105619882034889385634252272652,1,1
9320,7,-2,0.091867793349913659777695174320291,0,0
9321,9,2,0.71349098240904319162040047750784,0,0
9322,8,-1,0.95673736052730225530581108388293,1,1
9323,7,-1,0.4432301167638203826766322966331,1,1
9324,8,1,0.41621562923685663741827472213346,1,1
9325,8,0,0.36218665418292914690155957313418,0,0
9326,8,0,0.25412870407507416586812927513561,0,0
9327,8,0,0.038012803859364203801268679138475,0,0
9328,9,1,0.6057810034279442796675474871442,1,1
9329,8,-1,0.74131740256510443140010510315566,1,1
9330,7,-1,0.012390200839424734865220335178573,1,1
9331,9,2,0.5545357973880653417954507992244,0,0
9332,8,-1,0.63882699048534655565591172731605,1,1
9333,8,0,0.80740937667990898337683358349936,0,0
9334,7,-1,0.14457414906903383881867729586597,1,1
9335,9,2,0.81890369384728354970236472059919,0,0
9336,7,-2,0.16756278340378297146973957006564,0,0
9337,9,2,0.86488096251678181500448926899853,0,0
9338,7,-2,0.25951732074277950207398866686431,0,0
9339,8,1,0.048790037194774876212987462595884,1,1
9340,9,1,0.62733547009876562449098505405902,1,1
9341,8,-1,0.7844263359067471210469802369853,1,1
9342,7,-1,0.098608067522710114158970602837846,1,1
9343,9,2,0.72697153075463610038295133454295,0,0
9344,8,-1,0.98369845721848807283091279795314,1,1
9345,7,-1,0.49715231014619201772683572477354,1,1
9346,8,1,0.52406001600159990751868157841434,1,1
9347,8,0,0.57787542771241568710237328569593,0,0
9348,8,0,0.68550625113404724626975670025912,0,0
9349,8,0,0.90076789797731036460452352938549,0,0
9350,7,-1,0.33129119166383660127405718763824,1,1
9351,8,1,0.19233777903688907461312450414372,1,1
9352,9,1,0.9144309537829940212912591371547,1,1
9353,7,-2,0.35861730327520391464752840317666,0,0
9354,8,1,0.24699000225962370136006693522057,1,1
9355,8,0,0.023735400228463274785143999308398,0,0
9356,9,1,0.57722619616614242163529812748405,1,1
9357,8,-1,0.68420778804150071533560638383535,1,1
9358,8,0,0.89817097179221730273622289653796,0,0
9359,7,-1,0.32609733929365047753745592194317,1,1
9360,8,1,0.18195007429651682713992197275359,1,1
9361,9,1,0.89365554430224952634485407437444,1,1
9362,7,-2,0.31706648431371492475471827761613,0,0
9363,8,1,0.16388836433664572157444668409951,1,1
9364,9,1,0.85753212438250731521390349706628,1,1
9365,7,-2,0.24481964447423050249281712299981,0,0
9366,8,1,0.019394684657676877050644374866874,1,1
9367,9,1,0.568544765024569626166298878601,1,1
9368,8,-1,0.66684492575835512439760788606926,1,1
9369,8,0,0.86344524722592612086022590100577,0,0
9370,7,-1,0.25664589016106811378546193087879,1,1
9371,8,1,0.043047176031352099635933990624829,1,1
9372,9,1,0.61584974777192007133687811011691,1,1
9373,8,-1,0.76145489125305601473876634910108,1,1
9374,7,-1,0.052665178215327901542542827069405,1,1
9375,9,2,0.63508575213987167515009578300606,0,0
9376,8,-1,0.79992689998895922236520169487938,1,1
9377,7,-1,0.12960919568713431679541351862602,1,1
9378,9,2,0.78897378708348450565583716611929,0,0
9379,7,-2,0.10770296987618488337668446110584,0,0
9380,9,2,0.74516133546158563881837905107892,0,0
9381,7,-2,0.020078066632387149701768231025102,0,0
9382,9,2,0.56991152897399017146854659091746,0,0
9383,8,-1,0.66957845365719621500210331070217,1,1
9384,8,0,0.86891230302360830206921675027159,0,0
9385,7,-1,0.26758000175643247620344362941044,1,1
9386,8,1,0.064915399222080824471897387688132,1,1
9387,9,1,0.65958619415337752100880490424352,1,1
9388,8,-1,0.84892778401597091408261993735429,1,1
9389,7,-1,0.22761096374115770023025000357583,1,1
9390,9,2,0.98497732319153127252551013601892,0,0
9391,7,-2,0.4997100420922784171160304009051,0,0
9392,8,1,0.52917547989377270629707093067745,1,1
9393,8,0,0.58810635549676128465915199022216,0,0
9394,8,0,0.70596810670273844138331410931157,0,0
9395,8,0,0.94169160911469275483163834749039,0,0
9396,7,-1,0.41313861393860138172828682384804,1,1
9397,8,1,0.35603262358641863552158377656334,1,1
9398,8,0,0.24182064288205314310817768199393,0,0
9399,8,0,0.013396681473322158281365492855112,0,0
9400,9,1,0.55654875865586018862774111457748,1,1
9401,8,-1,0.64285291302093624932049235802221,1,1
9402,8,0,0.81546122175108837070599484491167,0,0
9403,7,-1,0.16067783921139261347699981869059,1,1
9404,9,2,0.85111107413200109901900976624844,0,0
9405,7,-2,0.23197754397321807010302966136414,0,0
9406,9,2,0.99371048365565201227106945159553,0,0
9407,7,-2,0.51717636302051989660714903205831,0,0
9408,8,1,0.56410812175025566527930819298388,1,1
9409,8,0,0.65797163920972720262362651483501,0,0
9410,8,0,0.84569867412867027731226315853727,0,0
9411,7,-1,0.22115274396655642668953644594179,1,1
9412,9,2,0.97206088364232872544408302075083,0,0
9413,7,-2,0.47387716299387332295317617036891,0,0
9414,8,1,0.47750972169696251797136246960506,1,1
9415,8,0,0.48477483910314090800773506807738,0,0
9416,8,0,0.49930507391549768808048026502202,0,0
9417,8,0,0.52836554354021124822597065891129,0,0
9418,8,0,0.58648648278963836851695144668983,0,0
9419,8,0,0.70272836128849260909891302224691,0,0
9420,8,0,0.93521211828620109026283617336107,0,0
9421,7,-1,0.40017963228161805259068247558939,1,1
9422,8,1,0.33011466027245197724637508004603,1,1
9423,8,0,0.18998471625411982655776028895931,0,0
9424,9,1,0.90972482821745552518053070678587,1,1
9425,7,-2,0.34920505214412692242607154243899,0,0
9426,8,1,0.22816549999746971691715321374524,1,1
9427,9,1,0.98608639570415530589931655635773,1,1
9428,7,-2,0.50192818711752648386364324158272,0,0
9429,8,1,0.53361176994426883979229661203269,1,1
9430,8,0,0.59697893559775355164960335293264,0,0
9431,8,0,0.72371326690472297536421683473253,0,0
9432,8,0,0.97718192951866182279344379833232,0,0
9433,7,-1,0.48411925474653951765189772553189,1,1
9434,8,1,0.49799390520229490736880557993104,1,1
9435,8,0,0.52574320611380568680262128872933,0,0
9436,8,0,0.5812418079368272456702527063259,0,0
9437,8,0,0.69223901158287036340551554151906,0,0
9438,8,0,0.91423341887495659887604121190538,0,0
9439,7,-1,0.35822223345912906981709255267802,1,1
9440,8,1,0.24619986262747401169919523422328,1,1
9441,8,0,0.022155120964163895463400597313824,0,0
9442,9,1,0.5740656376375436629918113234949,1,1
9443,8,-1,0.67788667098430319804863277585706,1,1
9444,8,0,0.88552873767782226816227568058137,0,0
9445,7,-1,0.30081287106486040838956149002999,1,1
9446,8,1,0.13138113783893668884413310892722,1,1
9447,9,1,0.7925176713870892497532763467217,1,1
9448,7,-2,0.11479073848339437157156282231066,0,0
9449,9,2,0.75933687267600461520813577348857,0,0
9450,7,-2,0.048429141061225102481281675844398,0,0
9451,9,2,0.62661367783166607702757348055605,0,0
9452,8,-1,0.78298275137254802612015708997935,1,1
9453,7,-1,0.095720898454311924305324308825962,1,1
9454,9,2,0.72119719261783972067565874651918,0,0
9455,8,-1,0.97214978094489531341632762190561,1,1
9456,7,-1,0.47405495759900649889766537267847,1,1
9457,8,1,0.4778653109072288698603408742242,1,1
9458,8,0,0.48548601752367361178569187731565,0,0
9459,8,0,0.50072743075656309563639388349855,0,0
9460,8,0,0.53121025722234206333779789586436,0,0
9461,8,0,0.59217591015389999874060592059596,0,0
9462,8,0,0.71410721601701586954622197005918,0,0
9463,8,0,0.95796982774324761115745406898562,0,0
9464,7,-1,0.44569505119571109437991826683849,1,1
9465,8,1,0.42114549810063806082484666254423,1,1
9466,8,0,0.37204639191049199371470345395572,0,0
9467,8,0,0.27384817953019985949441703677868,0,0
9468,8,0,0.077451754769615591053844202424622,0,0
9469,9,1,0.6846589052484470541726985337165,1,1
9470,8,-1,0.89907320620610998041040719630025,1,1
9471,7,-1,0.32790180812143583288582452146775,1,1
9472,8,1,0.18555901195208753783665917180276,1,1
9473,9,1,0.90087341961339094773832847247277,1,1
9474,7,-2,0.33150223493599776754166707381279,0,0
9475,8,1,0.19275986558121140714834427649283,1,1
9476,9,1,0.91527512687163868636169868185292,1,1
9477,7,-2,0.36030564945249324478840749257309,0,0
9478,8,1,0.25036669461420236164182511401344,1,1
9479,8,0,0.030488784937620595348660356894136,0,0
9480,9,1,0.59073296558445706276233084265553,1,1
9481,8,-1,0.71122132687812999758967181417831,1,1
9482,8,0,0.95219804946547586724435375722387,0,0
9483,7,-1,0.43415149464016760655371764331498,1,1
9484,8,1,0.39805838498955108517244541549722,1,1
9485,8,0,0.3258721656883180424099009598617,0,0
9486,8,0,0.18149972708585195688481204859065,0,0
9487,9,1,0.89275484988091978583463422604856,1,1
9488,7,-2,0.31526509547105544373427858096437,0,0
9489,8,1,0.160285586651326759533567290796,1,1
9490,9,1,0.85032656901186939113214471045926,1,1
9491,7,-2,0.23040853373295465432929954978577,0,0
9492,9,2,0.9905724631751251807236092284388,0,0
9493,7,-2,0.51090032205946623351222858574486,0,0
9494,8,1,0.55155603982814833908946730035697,1,1
9495,8,0,0.6328674753655125502439447295812,0,0
9496,8,0,0.79549034644024097255289958802966,0,0
9497,7,-1,0.12073608858969781717080930492657,1,1
9498,9,2,0.7712275728886115064066287387204,0,0
9499,7,-2,0.072210541486438884878267606308044,0,0
9500,9,2,0.67417647868209364182154534148334,0,0
9501,8,-1,0.87810835307340315570810081183394,1,1
9502,7,-1,0.28597210185602218348121175253513,1,1
9503,8,1,0.10169959942126023902743363393751,1,1
9504,9,1,0.73315459455173635011987739674228,1,1
9505,8,-1,0.99606458481268857230476492235181,1,1
9506,7,-1,0.52188456533459301667453997357087,1,1
9507,8,1,0.573524526378401905414090076009,1,1
9508,8,0,0.67680444846601968289319028088526,0,0
9509,8,0,0.88336429264125523785139069063777,0,0
9510,7,-1,0.2964839809917263477677915101428,1,1
9511,8,1,0.12272335769266856760059314915284,1,1
9512,9,1,0.77520211109455300726619642717294,1,1
9513,7,-2,0.08015961789832188659740298321314,0,0
9514,9,2,0.69007463150585964525981609529353,0,0
9515,8,-1,0.90990465872093516258464231945432,1,1
9516,7,-1,0.3495647131510861972342947677759,1,1
9517,8,1,0.22888482201138826653359966441905,1,1
9518,9,1,0.98752503973199240513220945770536,1,1
9519,7,-2,0.50480547517320068232942904427797,0,0
9520,8,1,0.5393663460556172367238682174232,1,1
9521,8,0,0.60848808782045034551274656371366,0,0
9522,8,0,0.74673157135011656309050325629457,0,0
9523,7,-1,0.023218538409448998246016641456395,1,1
9524,9,2,0.57619247252811386855704341178004,0,0
9525,8,-1,0.68214034076544360917909695242734,1,1
9526,8,0,0.89403607724010309042320403372194,0,0
9527,7,-1,0.31782755018942205291141819631113,1,1
9528,8,1,0.16541049608805997788784652148952,1,1
9529,9,1,0.86057638788533582784070317184629,1,1
9530,7,-2,0.25090817147988752774641647255983,0,0
9531,8,1,0.031571738668990927557843073986921,1,1
9532,9,1,0.5928988730471977271806962768411,1,1
9533,8,-1,0.71555314180361132642640268254945,1,1
9534,8,0,0.96086167931643852491781549396615,0,0
9535,7,-1,0.45147875434209292190064111679955,1,1
9536,8,1,0.43271290439340171586629236246635,1,1
9537,8,0,0.39518120449601930379759485379995,0,0
9538,8,0,0.32011780470125447966019983646716,0,0
9539,8,0,0.16999100511172483138540980180158,0,0
9540,9,1,0.86973740593266553483582973247041,1,1
9541,7,-2,0.26923020757454694173666959380808,0,0
9542,8,1,0.068215810858309755538349316483416,1,1
9543,9,1,0.66618701742583538314170876183409,1,1
9544,8,-1,0.86212943056088663834842765253543,1,1
9545,7,-1,0.25401425683098914876186543393811,1,1
9546,8,1,0.037783909371194169588740996743468,1,1
9547,9,1,0.60532321445160421124249212235419,1,1
9548,8,-1,0.74040182461242429454999437357563,1,1
9549,7,-1,0.010559044934064461164998876018523,1,1
9550,9,2,0.5508734855773447943950078809043,0,0
9551,8,-1,0.63150236686390546085502589067585,1,1
9552,8,0,0.79276012943702679377506191021896,0,0
9553,7,-1,0.11527565458326945961513394930517,1,1
9554,9,2,0.76030670487575479129527802747759,0,0
9555,7,-2,0.050368805460725454655566183822434,0,0
9556,9,2,0.63049300663066678137614249651212,0,0
9557,8,-1,0.7907414089705494348172951218915,1,1
9558,7,-1,0.11123821365031474169960037265025,1,1
9559,9,2,0.75223182300984535546421087416776,0,0
9560,7,-2,0.034219041728906582993431877202765,0,0
9561,9,2,0.59819347916702903805187388327278,0,0
9562,8,-1,0.72614235404327394816875789541282,1,1
9563,8,0,0.98204010379576376840252591969289,0,0
9564,7,-1,0.49383560330074340887006196825304,1,1
9565,8,1,0.51742660231070268980513406537334,1,1
9566,8,0,0.56460860033062125167527825961392,0,0
9567,8,0,0.6589725963704583754155666480951,0,0
9568,8,0,0.84770058845013262289614342505746,0,0
9569,7,-1,0.22515657260948111785729697898217,1,1
9570,9,2,0.98006854092817810777960408683159,0,0
9571,7,-2,0.48989247756557208762421830253043,0,0
9572,8,1,0.50954035084036004731344673392812,1,1
9573,8,0,0.54883609738993596669190359672349,0,0
9574,8,0,0.62742759048908780544881732231424,0,0
9575,8,0,0.78461057668739148296264477349573,0,0
9576,7,-1,0.098976549083998837990299675858711,1,1
9577,9,2,0.72770849387721354804560948058468,0,0
9578,8,-1,0.98517238346364296815622909003661,1,1
9579,7,-1,0.50010016263650180837746830894047,1,1
9580,8,1,0.52995572098221948881994674674819,1,1
9581,8,0,0.58966683767365484970490362236363,0,0
9582,8,0,0.70908907105652557147481737359451,0,0
9583,8,0,0.94793353782226701501464487605628,0,0
9584,7,-1,0.42562247135374990209429988097982,1,1
9585,8,1,0.38100033841671567625360989082688,1,1
9586,8,0,0.29175607254264722457222991052102,0,0
9587,8,0,0.1132675407945103212094699499093,0,0
9588,9,1,0.75629047729823651448395002868585,1,1
9589,7,-2,0.042336350305688901032910186238946,0,0
9590,9,2,0.61442809632059367413083050134515,0,0
9591,8,-1,0.75861158835040322032667113155755,1,1
9592,7,-1,0.046978572410022312718352391982344,1,1
9593,9,2,0.62371254052926049750171491283194,0,0
9594,8,-1,0.77718047676773686706843995453114,1,1
9595,7,-1,0.084116349244689606201890037929528,1,1
9596,9,2,0.69798809419859508446879020472631,0,0
9597,8,-1,0.92573158410640604100259053831987,1,1
9598,7,-1,0.381218563922027954070191205507,1,1
9599,8,1,0.29219252355327178020539253988126,1,1
9600,8,0,0.11414044281575943247579520862976,0,0
9601,9,1,0.75803628134073473701660054612678,1,1
9602,7,-2,0.045827958390685346098211221120817,0,0
9603,9,2,0.62141131249058656426143257110889,0,0
9604,8,-1,0.77257802069038900058787527108503,1,1
9605,7,-1,0.07491143708999387324076067103731,1,1
9606,9,2,0.67957826988920361854653147094187,0,0
9607,8,-1,0.888911935487623109158073070751,1,1
9608,7,-1,0.30757926668446209038115627036926,1,1
9609,8,1,0.14491392907814005282732266960577,1,1
9610,9,1,0.8195832538654959777196554680788,1,1
9611,7,-2,0.16892190344020782750432106502486,0,0
9612,9,2,0.86759920258963152707365225891697,0,0
9613,7,-2,0.26495380088847892621231464670119,0,0
9614,8,1,0.059662997486173724489639422269629,1,1
9615,9,1,0.64908139068156332104428897340651,1,1
9616,8,-1,0.82791817707234251415358807568028,1,1
9617,7,-1,0.18559174985390090037218628022781,1,1
9618,9,2,0.90093889541701767280938268932288,0,0
9619,7,-2,0.33163318654325121768377550751301,0,0
9620,8,1,0.19302176879571830743256114389327,1,1
9621,9,1,0.91579893330065248693013241665379,1,1
9622,7,-2,0.36135326231052084592527496217483,0,0
9623,8,1,0.25246192033025756391556005321692,1,1
9624,8,0,0.0346792363697309998961302353011,0,0
9625,9,1,0.59911386844867787185727059946945,1,1
9626,8,-1,0.72798313260657161577955132780616,1,1
9627,8,0,0.98572166092235910362411278447958,0,0
9628,7,-1,0.50119871755393407931323569782641,1,1
9629,8,1,0.53215283081708403069148152452008,1,1
9630,8,0,0.5940610573433839334479731779074,0,0
9631,8,0,0.71787751039598373896095648468206,0,0
9632,8,0,0.96551041650118334998692309823138,0,0
9633,7,-1,0.46077622871158257203885632533002,1,1
9634,8,1,0.45130785313238101614272277952729,1,1
9635,8,0,0.43237110197397790435045568792183,0,0
9636,8,0,0.3944975996571716807659215047109,0,0
9637,8,0,0.31875059502355923359685313828906,0,0
9638,8,0,0.16725658575633433925871640544538,0,0
9639,9,1,0.86426856722188455058244293975802,1,1
9640,7,-2,0.25829253015298497322989600838328,0,0
9641,8,1,0.046340456015185818524802145633822,1,1
9642,9,1,0.6224363077395875091146144201349,1,1
9643,8,-1,0.77462801118839089029423896913705,1,1
9644,7,-1,0.079011418085997652653488067141356,1,1
9645,9,2,0.68777823188121117737198626314996,0,0
9646,8,-1,0.90531185947163822680898265516718,1,1
9647,7,-1,0.34037911465249232568297543920162,1,1
9648,8,1,0.21051362501420052343096100727049,1,1
9649,9,1,0.95078264573761691892693214340824,1,1
9650,7,-2,0.43132068718444970991887441568374,0,0
9651,8,1,0.39239677007811529190275896023473,1,1
9652,8,0,0.31454893586544645587052804933671,0,0
9653,8,0,0.15885326744010878380606622754068,0,0
9654,9,1,0.84746193058943343967714258394862,1,1
9655,7,-2,0.22467925688808275141929529676449,0,0
9656,9,2,0.97911390948538137490360072239623,0,0
9657,7,-2,0.48798321467997862187221157365971,0,0
9658,8,1,0.50572182506917311580943327618668,1,1
9659,8,0,0.54119904584756210368387668124061,0,0
9660,8,0,0.61215348740434007943276349134847,0,0
9661,8,0,0.7540623705178960309305371115642,0,0
9662,7,-1,0.037880136745007933926084351995652,1,1
9663,9,2,0.60551566919923173991717883285856,0,0
9664,8,-1,0.74078673410767935189936779458437,1,1
9665,7,-1,0.011328863924574575863745718035989,1,1
9666,9,2,0.55241312355836502379250156493923,0,0
9667,8,-1,0.63458164282594591965001325874572,1,1
9668,8,0,0.79891868136110771136503664635869,0,0
9669,7,-1,0.12759275843143129479508342158463,1,1
9670,9,2,0.78494091257207846165517697203651,0,0
9671,7,-2,0.099637220853372795375364072940273,0,0
9672,9,2,0.7290298374159614628157382747478,0,0
9673,8,-1,0.98781507054113879769648667836285,1,1
9674,7,-1,0.50538553679149346745798348559296,1,1
9675,8,1,0.54052646929220280698097710005317,1,1
9676,8,0,0.6108083342936214860269643289736,0,0
9677,8,0,0.75137206429645884411893878681445,0,0
9678,7,-1,0.032499524302133560302887702496151,1,1
9679,9,2,0.59475444431348299267078553385956,0,0
9680,8,-1,0.71926428433618185740658119658637,1,1
9681,8,0,0.96828396438157958687817252203999,0,0
9682,7,-1,0.46632332447237504582135517294722,1,1
9683,8,1,0.4624020446539659637077204747617,1,1
9684,8,0,0.45455948501714779948045107839066,0,0
9685,8,0,0.43887436574351147102591228564857,0,0
9686,8,0,0.4075041271962388141168347001644,0,0
9687,8,0,0.34476365010169350029867952919605,0,0
9688,8,0,0.21928269591260287266236918725935,0,0
9689,9,1,0.96832078753442161738974850338594,1,1
9690,7,-2,0.46639697077805910684450713563914,0,0
9691,8,1,0.46254933726533408575402440014554,1,1
9692,8,0,0.45485407023988404357305892915833,0,0
9693,8,0,0.43946353618898395921112798718392,0,0
9694,8,0,0.4086824680871837904872661032351,0,0
9695,8,0,0.34712033188358345303954233533744,0,0
9696,8,0,0.22399605947638277814409479954214,0,0
9697,9,1,0.97774751466198142835319972795154,1,1
9698,7,-2,0.48525042503317872877140958477033,0,0
9699,8,1,0.50025624577557332960782929840792,1,1
9700,8,0,0.53026788726036253128066872568309,0,0
9701,8,0,0.59029117022994093462634758023344,0,0
9702,8,0,0.71033773616909774131770528933413,0,0
9703,8,0,0.95043086804741135470042070753551,0,0
9704,7,-1,0.43061713180403858146585154393827,1,1
9705,8,1,0.39098965931729303499671321674379,1,1
9706,8,0,0.31173471434380194205843656235483,0,0
9707,8,0,0.15322482439681975618188325357691,0,0
9708,9,1,0.83620504450285538442877663602107,1,1
9709,7,-2,0.2021654847149266409225634009094,0,0
9710,9,2,0.93408636513906915391013693068605,0,0
9711,7,-2,0.39792812598735417988528399023935,0,0
9712,8,1,0.32561164768392423183557810934596,1,1
9713,8,0,0.18097869107706433573616634755917,0,0
9714,9,1,0.89171277786334454353734282398559,1,1
9715,7,-2,0.31318095143590495913969577683843,0,0
9716,8,1,0.15611729858102579034440168254412,1,1
9717,9,1,0.84198999287126745275381349395549,1,1
9718,7,-2,0.21373538145175077757263711677824,0,0
9719,9,2,0.95722615861271742721028436242374,0,0
9720,7,-2,0.44420771293465072648557885371473,0,0
9721,8,1,0.41817082157851732503616783629671,1,1
9722,8,0,0.36609703886625052213734580146067,0,0
9723,8,0,0.26194947344171691633970173178859,0,0
9724,8,0,0.053654342592649704744413592444427,0,0
9725,9,1,0.63706408089451528155383731375611,1,1
9726,8,-1,0.80388355749824643517268475637947,1,1
9727,7,-1,0.13752251070570874241037964162619,1,1
9728,9,2,0.80480041712063335688576941211964,0,0
9729,7,-2,0.13935622995048258583654895310653,0,0
9730,9,2,0.80846785561018104373810803508032,0,0
9731,7,-2,0.14669110692957795954122619902789,0,0
9732,9,2,0.82313760956837179114746252692303,0,0
9733,7,-2,0.17603061484595945435993518271331,0,0
9734,9,2,0.88181662540113478078488049429388,0,0
9735,7,-2,0.29338864651148543363477111745501,0,0
9736,8,1,0.11653268873218673933455236377727,1,1
9737,9,1,0.7628207731735893507341148564218,1,1
9738,7,-2,0.055396942056394573533239841710851,0,0
9739,9,2,0.64054927982200501913148981228896,0,0
9740,8,-1,0.81085395535322591032798975344517,1,1
9741,7,-1,0.15146330641566769272098963575759,1,1
9742,9,2,0.83268200854055125750698940038243,0,0
9743,7,-2,0.19511941279031838707898892963211,0,0
9744,9,2,0.91999422128985264622298798813147,0,0
9745,7,-2,0.3697438382889211645109861051302,0,0
9746,8,1,0.26924307228705820108698233912765,1,1
9747,8,0,0.068241540283332274238974807122561,0,0
9748,9,1,0.66623847627588042054295974311238,1,1
9749,8,-1,0.862232348260976713150929615092,1,1
9750,7,-1,0.25422009223116929836686935905126,1,1
9751,8,1,0.03819558017155446879874884696978,1,1
9752,9,1,0.60614655605232480966250782280681,1,1
9753,8,-1,0.74204850781386549139002577448088,1,1
9754,7,-1,0.013852411336946854845061677829018,1,1
9755,9,2,0.55746021838310958175513348452529,0,0
9756,8,-1,0.64467583247543503557527709791783,1,1
9757,8,0,0.81910706066008594321556432470292,0,0
9758,7,-1,0.16796951702938775849613877827309,1,1
9759,9,2,0.86569442976799138905728768541343,0,0
9760,7,-2,0.26114425524519865017958549969411,0,0
9761,8,1,0.052043906199613172424181128255477,1,1
9762,9,1,0.63384320810844221691337238537821,1,1
9763,8,-1,0.79744181192610030589175489962367,1,1
9764,7,-1,0.12463901956141648384851992811459,1,1
9765,9,2,0.77903343483204883976204998509643,0,0
9766,7,-2,0.087822265373313551589110099060122,0,0
9767,9,2,0.7053999264558429752432303269875,0,0
9768,8,-1,0.94055524862090182255147078284225,1,1
9769,7,-1,0.41086589295101951716795169455175,1,1
9770,8,1,0.35148718161125490640091351797075,1,1
9771,8,0,0.23272975893172568486683716480876,0,0
9772,9,1,0.99521491357266724179868445848478,1,1
9773,7,-2,0.52018522285455035566237904583681,0,0
9774,8,1,0.57012584141831658338976822054088,1,1
9775,8,0,0.67000707854584903884454656994902,0,0
9776,8,0,0.86976955280091394975410326876529,0,0
9777,7,-1,0.26929450131104377157321666639784,1,1
9778,8,1,0.06834439833130341521144346166293,1,1
9779,9,1,0.66644419237182270248789705219311,1,1
9780,8,-1,0.86264378045286127704080423325348,1,1
9781,7,-1,0.25504295661493842614661859537422,1,1
9782,8,1,0.039841308939092724358247319615693,1,1
9783,9,1,0.60943801358740132078150476809864,1,1
9784,8,-1,0.74863142288401851362801966506453,1,1
9785,7,-1,0.027018241477252899321049458996317,1,1
9786,9,2,0.58379187866372167070710904685989,0,0
9787,8,-1,0.69733915303665921347922822258703,1,1
9788,8,0,0.92443370178253429902346657404131,0,0
9789,7,-1,0.37862279927428447011194327694987,1,1
9790,8,1,0.287000994257784812288896682767,1,1
9791,8,0,0.10375738422478549664280349440126,0,0
9792,9,1,0.73727016415878686535061711766977,1,1
9793,7,-2,0.0042957240267896027662443642068015,0,0
9794,9,2,0.53834684376279507759749885728086,0,0
9795,8,-1,0.60644908323480602726000784342897,1,1
9796,8,0,0.74265356217882792658502581572519,0,0
9797,7,-1,0.01506252006687172523506176031763,1,1
9798,9,2,0.55988043584295932253513364950251,0,0
9799,8,-1,0.64951626739513451713527742787228,1,1
9800,8,0,0.82878793049948490633556498461182,0,0
9801,7,-1,0.18733125670818568473614009809089,1,1
9802,9,2,0.90441790912558724153729032504903,0,0
9803,7,-2,0.33859121396039035513959077896532,0,0
9804,8,1,0.2069378236299965823441916867979,1,1
9805,9,1,0.94363104296920903675339350246305,1,1
9806,7,-2,0.41701748164763394557179713379336,0,0
9807,8,1,0.36379035900448376320860439645398,1,1
9808,8,0,0.25733611371818339848221892177521,0,0
9809,8,0,0.044427623145582669029447972417667,0,0
9810,9,1,0.61861064200038121012390607370259,1,1
9811,8,-1,0.76697667970997829231282227627243,1,1
9812,7,-1,0.06370875512917245669065468141211,1,1
9813,9,2,0.65717290596756078544631949169147,0,0
9814,8,-1,0.8441012076443374429576491122502,1,1
9815,7,-1,0.21795781099789075798030835336765,1,1
9816,9,2,0.96567101770499738802562683560256,0,0
9817,7,-2,0.46109743111921064811626380007238,0,0
9818,8,1,0.45195025794763716829753772901201,1,1
9819,8,0,0.43365591160449020866008558689127,0,0
9820,8,0,0.39706721891819628938518130264979,0,0
9821,8,0,0.32388983354560845083537273416684,0,0
9822,8,0,0.17753506280043277373575559720093,0,0
9823,9,1,0.88482552131008141953652132326911,1,1
9824,7,-2,0.29940643832937871113805277540548,0,0
9825,8,1,0.12856827236797329434111567967821,1,1
9826,9,1,0.78689194044516246074724148822368,1,1
9827,7,-2,0.10353927659954079355949310531462,0,0
9828,9,2,0.73683394890829745918399633949649,0,0
9829,7,-2,0.0034232935258107904330028078602254,0,0
9830,9,2,0.5366019827608374529310157445877,0,0
9831,8,-1,0.60295936123089077792704161804266,1,1
9832,8,0,0.73567411817099742791909336495258,0,0
9833,7,-1,0.0011036320512107279031968587724131,1,1
9834,9,2,0.53196265981163732787140384641208,0,0
9835,8,-1,0.59368071533249052780781782169141,1,1
9836,8,0,0.71711682637419692768064577225008,0,0
9837,8,0,0.96398904845760972742630167336742,0,0
9838,7,-1,0.45773349262443532691761347560209,1,1
9839,8,1,0.44522238095808652590023708007142,1,1
9840,8,0,0.4202001576253889238654842890101,0,0
9841,8,0,0.37015571095999371979597870688746,0,0
9842,8,0,0.27006681762920331165696754264217,0,0
9843,8,0,0.069889030967622495378945214151598,0,0
9844,9,1,0.66953345764446086282290055717045,1,1
9845,8,-1,0.86882231099813759771081124320815,1,1
9846,7,-1,0.26740001770549106748663261528356,1,1
9847,8,1,0.064555431120198007038275359434371,1,1
9848,9,1,0.658866257949611886141560847736,1,1
9849,8,-1,0.84748791160843964434813182433925,1,1
9850,7,-1,0.22473121892609516076127377754574,1,1
9851,9,2,0.97921783356140619358755768395874,0,0
9852,7,-2,0.48819106283202825924012549678474,0,0
9853,8,1,0.50613752137327239054526112243673,1,1
9854,8,0,0.54203043845576065315553237374071,0,0
9855,8,0,0.61381627262073717837607487634868,0,0
9856,8,0,0.75738794095069022881715988156461,0,0
9857,7,-1,0.044531277610596329699329891996481,1,1
9858,9,2,0.61881795093040853146366991286022,0,0
9859,8,-1,0.76739129757003293499234995458769,1,1
9860,7,-1,0.064537990849281742049710038042624,1,1
9861,9,2,0.6588313774077793561644302049525,0,0
9862,8,-1,0.84741815052477458439387053877226,1,1
9863,7,-1,0.22459169675876504085275120641177,1,1
9864,9,2,0.9789387892267459537705125416908,0,0
9865,7,-2,0.48763297416270777960603521224885,0,0
9866,8,1,0.50502134403463143127708055336494,1,1
9867,8,0,0.53979808377847873461917123559714,0,0
9868,8,0,0.60935156326617334130335260006154,0,0
9869,8,0,0.74845852224156255467171532899033,0,0
9870,7,-1,0.026672440192340981408440786847915,1,1
9871,9,2,0.58310027609389783488189170256308,0,0
9872,8,-1,0.69595594789701154182879353399342,1,1
9873,8,0,0.92166729150323895572259719685409,0,0
9874,7,-1,0.37308997871569378351020452257544,1,1
9875,8,1,0.27593535314060343908541917401814,1,1
9876,8,0,0.081626101990422750235848476903534,0,0
9877,9,1,0.69300759969006137253670708267432,1,1
9878,8,-1,0.9157705950893386171384242942159,1,1
9879,7,-1,0.36129658588789310634185871729905,1,1
9880,8,1,0.25234856748500208474872756346535,1,1
9881,8,0,0.034452530679220041562465255797956,0,0
9882,9,1,0.59866045706765595518994064046317,1,1
9883,8,-1,0.72707630984452778244489140979358,1,1
9884,8,0,0.98390801539827143695479294845442,0,0
9885,7,-1,0.4975714265057587459745960257761,1,1
9886,8,1,0.52489824872073336401420218041945,1,1
9887,8,0,0.57955189315068260009341448970615,0,0
9888,8,0,0.68885918201058107225183910827956,0,0
9889,8,0,0.90747375973037801656868834542637,0,0
9890,7,-1,0.34470291516997190520238681971999,1,1
9891,8,1,0.21916122604915968246978376830724,1,1
9892,9,1,0.96807784780753523700457766548173,1,1
9893,7,-2,0.46591109132428634607416545983071,0,0
9894,8,1,0.46157757835778856421334104852867,1,1
9895,8,0,0.45291055242479300049169222592459,0,0
9896,8,0,0.43557650055880187304839458071644,0,0
9897,8,0,0.40090839682681961816179929030013,0,0
9898,8,0,0.33157218936285510838860870946751,0,0
9899,8,0,0.19289977443492608884222754780228,0,0
9900,9,1,0.91555494457906804974946522447181,1,1
9901,7,-2,0.36086528486735197156394057781087,0,0
9902,8,1,0.251485965443919815192891284489,1,1
9903,8,0,0.032727326597055502450792697845248,0,0
9904,9,1,0.59521004890332687696659552455775,1,1
9905,8,-1,0.72017549351586962599820117798275,1,1
9906,8,0,0.97010638274095512406141248483276,0,0
9907,7,-1,0.46996816119112612018783509853277,1,1
9908,8,1,0.4696917180914681124406803259328,1,1
9909,8,0,0.46913883189215209694637078073285,0,0
9910,8,0,0.46803305949352006595775169033296,0,0
9911,8,0,0.46582151469625600398051350953317,0,0
9912,8,0,0.46139842510172788002603714793359,0,0
9913,8,0,0.45255224591267163211708442473444,0,0
9914,8,0,0.43485988753455913629917897833613,0,0
9915,8,0,0.39947517077833414466336808553952,0,0
9916,8,0,0.32870573726588416139174629994629,0,0
9917,8,0,0.18716687024098419484850272875982,0,0
9918,9,1,0.9040891361911842617620155863869,1,1
9919,7,-2,0.33793366809158439558904130164106,0,0
9920,8,1,0.20562273189238466324309273214937,1,1
9921,9,1,0.94100085949398519855119559316599,1,1
9922,7,-2,0.41175711469718626916740131519924,0,0
9923,8,1,0.35326962510358841039981275926574,1,1
9924,8,0,0.23629464591639269286463564739873,0,0
9925,8,0,0.0023446875420012577942814236647161,0,0
9926,9,1,0.53444477079321838765357297619669,1,1
9927,8,-1,0.59864493729565264737215608126063,1,1
9928,8,0,0.72704527030052116680932229138851,0,0
9929,8,0,0.98384593631025820568365471164426,0,0
9930,7,-1,0.49744726832973228343231955215578,1,1
9931,8,1,0.52464993236868043892964923317882,1,1
9932,8,0,0.57905526044657674992430859522489,0,0
9933,8,0,0.68786591660236937191362731931703,0,0
9934,8,0,0.90548722891395461589226476750131,0,0
9935,7,-1,0.34072985353712510384953966386988,1,1
9936,8,1,0.211215102783466079764089456607,1,1
9937,9,1,0.95218560127614803159318904208126,1,1
9938,7,-2,0.43412659826151193525138821302978,0,0
9939,8,1,0.39800859223223974256778655492681,1,1
9940,8,0,0.32577258017369535720058323872087,0,0
9941,8,0,0.181300556056606586466176606309,0,0
9942,9,1,0.89235650782242904499736334148526,1,1
9943,7,-2,0.31446841135407396205973681183777,0,0
9944,8,1,0.15869221841736379618448375254279,1,1
9945,9,1,0.84713983254394346443397763395284,1,1
9946,7,-2,0.22403506079710280093296539677292,0,0
9947,9,2,0.9778255173034214739309409224131,0,0
9948,7,-2,0.48540643031605881992689197369346,0,0
9949,8,1,0.50056825634133351191879407625417,1,1
9950,8,0,0.5308919083918828959025982813756,0,0
9951,8,0,0.59153921249298166387020669161845,0,0
9952,8,0,0.71283382069517919980542351210415,0,0
9953,8,0,0.95542303709957427167585715307556,0,0
9954,7,-1,0.44060146990836441541672443501838,1,1
9955,8,1,0.41095833552594470289845899890401,1,1
9956,8,0,0.35167206676110527786192812667527,0,0
9957,8,0,0.2330995292314264277888663822178,0,0
9958,9,1,0.99595445417206872764274289330285,1,1
9959,7,-2,0.52166430405335332735049591547295,0,0
9960,8,1,0.57308400381592252676600195981315,1,1
9961,8,0,0.67592340334106092559701404849356,0,0
9962,8,0,0.88160220239133772325903822585437,0,0
9963,7,-1,0.29295980049189131858308658057599,1,1
9964,8,1,0.11567499669299850923118329001923,1,1
9965,9,1,0.76110538909521289052737670890572,1,1
9966,7,-2,0.051966173899641653119763546678697,0,0
9967,9,2,0.63368774350849917830453722222465,0,0
9968,8,-1,0.79713088272621422867408457331655,1,1
9969,7,-1,0.12401716116164432941317927550035,1,1
9970,9,2,0.77778971803250453089136867986796,0,0
9971,7,-2,0.085334831774224933847747488603174,0,0
9972,9,2,0.7004250592576657397605051060736,0,0
9973,8,-1,0.93060551422454735158602034101446,1,1
9974,7,-1,0.39096642415831057523705081089616,1,1
9975,8,1,0.31168824402583702253911175065958,1,1
9976,8,0,0.15313188376088991714323363018642,0,0
9977,9,1,0.83601916323099570635147738924009,1,1
9978,7,-2,0.20179372217120728476796490734744,0,0
9979,9,2,0.93334284005163044160093994356214,0,0
9980,7,-2,0.39644107581247675526689001599153,0,0
9981,8,1,0.32263754733416938259879016085032,1,1
9982,8,0,0.17503049037755463726259045056789,0,0
9983,9,1,0.87981637646432514659019103000302,1,1
9984,7,-2,0.2893881486378661652453921888733,0,0
9985,8,1,0.10853169298494820255579450661386,1,1
9986,9,1,0.74681878167911227717659914209497,1,1
9987,7,-2,0.023392959067440426418208413057196,0,0
9988,9,2,0.57654131384409672490142695498164,0,0
9989,8,-1,0.68283802339740932186786403883054,1,1
9990,8,0,0.89543144250403451580073820652834,0,0
9991,7,-1,0.32061828071728490366648654192393,1,1
9992,8,1,0.17099195714378567939798321271512,1,1
9993,9,1,0.8717393099967872308609765542975,1,1
9994,7,-2,0.27323401570279033378696323746225,0,0
9995,8,1,0.076223427114796539638936603791756,1,1
9996,9,1,0.68220224993880895134288333645077,1,1
9997,8,-1,0.89415989558683377475077680176879,1,1
9998,7,-1,0.31807518688288342156656373240483,1,1
9999,8,1,0.1659057694749827151981375936769,1,1
10000,9,1,0.86156693465918130246128531622106,1,1
