r,real,imag
0,1.0,0.0
1,0.8660254037844387,0.49999999999999994
2,-0.4999999999999998,0.8660254037844387
3,-1.8369701987210297e-16,-1.0
4,-0.4999999999999992,0.8660254037844392
5,0.8660254037844392,0.49999999999999906
