r,real,imag
0,1.0,0.0
1,0.9659258262890683,0.25881904510252074
2,0.5000000000000001,0.8660254037844386
3,-0.7071067811865475,0.7071067811865476
4,-0.5000000000000004,-0.8660254037844384
5,0.9659258262890684,0.25881904510252024
6,-1.0,3.6739403974420594e-16
7,0.965925826289069,0.2588190451025183
8,-0.5000000000000016,-0.8660254037844377
9,-0.7071067811865464,0.7071067811865487
10,0.5000000000000019,0.8660254037844376
11,0.9659258262890701,0.25881904510251413
