r,s,real,imag
0,0,0.7071067811865475,0.0
0,1,0.7071067811865475,0.0
1,0,0.7071067811865475,0.0
1,1,-0.7071067811865475,-8.659560562354932e-17
