a,real,imag
0,1,0
1,0.95105651629515353,0.3090169943749474
2,0.30901699437494745,0.95105651629515353
3,-0.95105651629515353,0.30901699437494751
4,0.30901699437494723,-0.95105651629515364
5,-5.8201671991328697e-16,1
6,0.30901699437494701,-0.95105651629515375
7,-0.95105651629515342,0.30901699437494801
8,0.30901699437494817,0.95105651629515331
9,0.95105651629515331,0.30901699437494817
