a,real,imag
0,1,0
1,0.86602540378443871,0.49999999999999994
2,-0.49999999999999978,0.86602540378443871
3,-1.8369701987210297e-16,-1
4,-0.49999999999999922,0.86602540378443915
5,0.86602540378443915,0.49999999999999906
