gate,q_ticks,anchor,expected,reweighted,abs_error,pass
L1_i_over_4895,5,1/4895,0+0.000204290091931i,0+0.000204290091931i,1.5515278845121578e-17,True
L2_minus_i_over_corrected_product,11,1/62423800998,0-1.60195307561e-11i,0+1.60195307561e-11i,3.2039061512195936e-11,False
corrected_product,NA,196418*317811,62423800998,62423800998,0,True
