orientation_index_r,budget_b_r,budget_mod4,prefix_f_r,prefix_f_r_mod4,phase_entry
0,1,1,0,0,1+0i
1,4,0,1,1,0+1i
2,16,0,5,1,0+1i
3,64,0,21,1,0+1i
4,256,0,85,1,0+1i
5,1024,0,341,1,0+1i
6,4096,0,1365,1,0+1i
7,16384,0,5461,1,0+1i
8,65536,0,21845,1,0+1i
9,262144,0,87381,1,4.49611545806e-12+1i
10,1048576,0,349525,1,7.87554668973e-11+1i
11,4194304,0,1398101,1,-8.98684146534e-11+1i
