N,r,weil_G_entry,real,imag
8,0,1+0i,1.0,0.0
8,1,0.923879532511+0.382683432365i,0.9238795325112867,0.3826834323650898
8,2,0+1i,6.123233995736766e-17,1.0
8,3,-0.923879532511-0.382683432365i,-0.9238795325112868,-0.38268343236508967
8,4,1+0i,1.0,-2.4492935982947064e-16
8,5,-0.923879532511-0.382683432365i,-0.9238795325112867,-0.38268343236508984
8,6,0+1i,5.51091059616309e-16,1.0
8,7,0.923879532511+0.382683432365i,0.9238795325112875,0.38268343236508784
