r,real,imag
0,1.0,0.0
1,0.9510565162951535,0.3090169943749474
2,0.30901699437494745,0.9510565162951535
3,-0.9510565162951535,0.3090169943749475
4,0.30901699437494723,-0.9510565162951536
5,-5.82016719913287e-16,1.0
6,0.309016994374947,-0.9510565162951538
7,-0.9510565162951534,0.309016994374948
8,0.3090169943749482,0.9510565162951533
9,0.9510565162951533,0.3090169943749482
