r,real,imag
0,1.0,0.0
1,0.9238795325112867,0.3826834323650898
2,6.123233995736766e-17,1.0
3,-0.9238795325112868,-0.38268343236508967
4,1.0,-2.4492935982947064e-16
5,-0.9238795325112867,-0.38268343236508984
6,5.51091059616309e-16,1.0
7,0.9238795325112875,0.38268343236508784
