r,real,imag
0,1.0,0.0
1,0.7071067811865476,0.7071067811865475
2,-1.0,1.2246467991473532e-16
3,0.7071067811865477,0.7071067811865474
