case_id,rank_blocks,symbol,permutation_symbol,pass,status
0,6,"{""N"": 2, ""cyclic_key"": 3, ""prime"": [{""brown_mod8"": 3, ""canonical_t"": 3, ""e"": 1, ""kind"": ""2-cyclic-odd"", ""p"": 2}]}|{""N"": 27, ""cyclic_key"": 5, ""prime"": [{""canonical_t"": 2, ""e"": 3, ""kind"": ""odd-cyclic"", ""legendre"": -1, ""p"": 3}]}|{""N"": 3, ""cyclic_key"": 1, ""prime"": [{""canonical_t"": 1, ""e"": 1, ""kind"": ""odd-cyclic"", ""legendre"": 1, ""p"": 3}]}|{""N"": 32, ""cyclic_key"": 7, ""prime"": [{""brown_mod8"": 7, ""canonical_t"": 7, ""e"": 5, ""kind"": ""2-cyclic-odd"", ""p"": 2}]}|{""N"": 5, ""cyclic_key"": 2, ""prime"": [{""canonical_t"": 2, ""e"": 1, ""kind"": ""odd-cyclic"", ""legendre"": -1, ""p"": 5}]}|{""N"": 5, ""cyclic_key"": 4, ""prime"": [{""canonical_t"": 1, ""e"": 1, ""kind"": ""odd-cyclic"", ""legendre"": 1, ""p"": 5}]}","{""N"": 2, ""cyclic_key"": 3, ""prime"": [{""brown_mod8"": 3, ""canonical_t"": 3, ""e"": 1, ""kind"": ""2-cyclic-odd"", ""p"": 2}]}|{""N"": 27, ""cyclic_key"": 5, ""prime"": [{""canonical_t"": 2, ""e"": 3, ""kind"": ""odd-cyclic"", ""legendre"": -1, ""p"": 3}]}|{""N"": 3, ""cyclic_key"": 1, ""prime"": [{""canonical_t"": 1, ""e"": 1, ""kind"": ""odd-cyclic"", ""legendre"": 1, ""p"": 3}]}|{""N"": 32, ""cyclic_key"": 7, ""prime"": [{""brown_mod8"": 7, ""canonical_t"": 7, ""e"": 5, ""kind"": ""2-cyclic-odd"", ""p"": 2}]}|{""N"": 5, ""cyclic_key"": 2, ""prime"": [{""canonical_t"": 2, ""e"": 1, ""kind"": ""odd-cyclic"", ""legendre"": -1, ""p"": 5}]}|{""N"": 5, ""cyclic_key"": 4, ""prime"": [{""canonical_t"": 1, ""e"": 1, ""kind"": ""odd-cyclic"", ""legendre"": 1, ""p"": 5}]}",True,DIRECT_SUM_SYMBOL_EXACT_FOR_ORTHOGONAL_BLOCK_PRESENTATION
1,2,"{""N"": 32, ""cyclic_key"": 5, ""prime"": [{""brown_mod8"": 5, ""canonical_t"": 5, ""e"": 5, ""kind"": ""2-cyclic-odd"", ""p"": 2}]}|{""N"": 5, ""cyclic_key"": 4, ""prime"": [{""canonical_t"": 1, ""e"": 1, ""kind"": ""odd-cyclic"", ""legendre"": 1, ""p"": 5}]}","{""N"": 32, ""cyclic_key"": 5, ""prime"": [{""brown_mod8"": 5, ""canonical_t"": 5, ""e"": 5, ""kind"": ""2-cyclic-odd"", ""p"": 2}]}|{""N"": 5, ""cyclic_key"": 4, ""prime"": [{""canonical_t"": 1, ""e"": 1, ""kind"": ""odd-cyclic"", ""legendre"": 1, ""p"": 5}]}",True,DIRECT_SUM_SYMBOL_EXACT_FOR_ORTHOGONAL_BLOCK_PRESENTATION
2,7,"{""N"": 25, ""cyclic_key"": 4, ""prime"": [{""canonical_t"": 1, ""e"": 2, ""kind"": ""odd-cyclic"", ""legendre"": 1, ""p"": 5}]}|{""N"": 25, ""cyclic_key"": 4, ""prime"": [{""canonical_t"": 1, ""e"": 2, ""kind"": ""odd-cyclic"", ""legendre"": 1, ""p"": 5}]}|{""N"": 27, ""cyclic_key"": 2, ""prime"": [{""canonical_t"": 2, ""e"": 3, ""kind"": ""odd-cyclic"", ""legendre"": -1, ""p"": 3}]}|{""N"": 32, ""cyclic_key"": 1, ""prime"": [{""brown_mod8"": 1, ""canonical_t"": 1, ""e"": 5, ""kind"": ""2-cyclic-odd"", ""p"": 2}]}|{""N"": 5, ""cyclic_key"": 1, ""prime"": [{""canonical_t"": 1, ""e"": 1, ""kind"": ""odd-cyclic"", ""legendre"": 1, ""p"": 5}]}|{""N"": 8, ""cyclic_key"": 3, ""prime"": [{""brown_mod8"": 3, ""canonical_t"": 3, ""e"": 3, ""kind"": ""2-cyclic-odd"", ""p"": 2}]}|{""N"": 9, ""cyclic_key"": 4, ""prime"": [{""canonical_t"": 1, ""e"": 2, ""kind"": ""odd-cyclic"", ""legendre"": 1, ""p"": 3}]}","{""N"": 25, ""cyclic_key"": 4, ""prime"": [{""canonical_t"": 1, ""e"": 2, ""kind"": ""odd-cyclic"", ""legendre"": 1, ""p"": 5}]}|{""N"": 25, ""cyclic_key"": 4, ""prime"": [{""canonical_t"": 1, ""e"": 2, ""kind"": ""odd-cyclic"", ""legendre"": 1, ""p"": 5}]}|{""N"": 27, ""cyclic_key"": 2, ""prime"": [{""canonical_t"": 2, ""e"": 3, ""kind"": ""odd-cyclic"", ""legendre"": -1, ""p"": 3}]}|{""N"": 32, ""cyclic_key"": 1, ""prime"": [{""brown_mod8"": 1, ""canonical_t"": 1, ""e"": 5, ""kind"": ""2-cyclic-odd"", ""p"": 2}]}|{""N"": 5, ""cyclic_key"": 1, ""prime"": [{""canonical_t"": 1, ""e"": 1, ""kind"": ""odd-cyclic"", ""legendre"": 1, ""p"": 5}]}|{""N"": 8, ""cyclic_key"": 3, ""prime"": [{""brown_mod8"": 3, ""canonical_t"": 3, ""e"": 3, ""kind"": ""2-cyclic-odd"", ""p"": 2}]}|{""N"": 9, ""cyclic_key"": 4, ""prime"": [{""canonical_t"": 1, ""e"": 2, ""kind"": ""odd-cyclic"", ""legendre"": 1, ""p"": 3}]}",True,DIRECT_SUM_SYMBOL_EXACT_FOR_ORTHOGONAL_BLOCK_PRESENTATION
3,3,"{""N"": 32, ""cyclic_key"": 3, ""prime"": [{""brown_mod8"": 3, ""canonical_t"": 3, ""e"": 5, ""kind"": ""2-cyclic-odd"", ""p"": 2}]}|{""N"": 4, ""cyclic_key"": 7, ""prime"": [{""brown_mod8"": 7, ""canonical_t"": 7, ""e"": 2, ""kind"": ""2-cyclic-odd"", ""p"": 2}]}|{""N"": 8, ""cyclic_key"": 5, ""prime"": [{""brown_mod8"": 5, ""canonical_t"": 5, ""e"": 3, ""kind"": ""2-cyclic-odd"", ""p"": 2}]}","{""N"": 32, ""cyclic_key"": 3, ""prime"": [{""brown_mod8"": 3, ""canonical_t"": 3, ""e"": 5, ""kind"": ""2-cyclic-odd"", ""p"": 2}]}|{""N"": 4, ""cyclic_key"": 7, ""prime"": [{""brown_mod8"": 7, ""canonical_t"": 7, ""e"": 2, ""kind"": ""2-cyclic-odd"", ""p"": 2}]}|{""N"": 8, ""cyclic_key"": 5, ""prime"": [{""brown_mod8"": 5, ""canonical_t"": 5, ""e"": 3, ""kind"": ""2-cyclic-odd"", ""p"": 2}]}",True,DIRECT_SUM_SYMBOL_EXACT_FOR_ORTHOGONAL_BLOCK_PRESENTATION
4,2,"{""N"": 25, ""cyclic_key"": 4, ""prime"": [{""canonical_t"": 1, ""e"": 2, ""kind"": ""odd-cyclic"", ""legendre"": 1, ""p"": 5}]}|{""N"": 7, ""cyclic_key"": 1, ""prime"": [{""canonical_t"": 1, ""e"": 1, ""kind"": ""odd-cyclic"", ""legendre"": 1, ""p"": 7}]}","{""N"": 25, ""cyclic_key"": 4, ""prime"": [{""canonical_t"": 1, ""e"": 2, ""kind"": ""odd-cyclic"", ""legendre"": 1, ""p"": 5}]}|{""N"": 7, ""cyclic_key"": 1, ""prime"": [{""canonical_t"": 1, ""e"": 1, ""kind"": ""odd-cyclic"", ""legendre"": 1, ""p"": 7}]}",True,DIRECT_SUM_SYMBOL_EXACT_FOR_ORTHOGONAL_BLOCK_PRESENTATION
5,5,"{""N"": 12, ""cyclic_key"": 1, ""prime"": [{""brown_mod8"": 1, ""canonical_t"": 1, ""e"": 2, ""kind"": ""2-cyclic-odd"", ""p"": 2}, {""canonical_t"": 1, ""e"": 1, ""kind"": ""odd-cyclic"", ""legendre"": 1, ""p"": 3}]}|{""N"": 27, ""cyclic_key"": 2, ""prime"": [{""canonical_t"": 2, ""e"": 3, ""kind"": ""odd-cyclic"", ""legendre"": -1, ""p"": 3}]}|{""N"": 27, ""cyclic_key"": 5, ""prime"": [{""canonical_t"": 2, ""e"": 3, ""kind"": ""odd-cyclic"", ""legendre"": -1, ""p"": 3}]}|{""N"": 9, ""cyclic_key"": 1, ""prime"": [{""canonical_t"": 1, ""e"": 2, ""kind"": ""odd-cyclic"", ""legendre"": 1, ""p"": 3}]}|{""N"": 9, ""cyclic_key"": 4, ""prime"": [{""canonical_t"": 1, ""e"": 2, ""kind"": ""odd-cyclic"", ""legendre"": 1, ""p"": 3}]}","{""N"": 12, ""cyclic_key"": 1, ""prime"": [{""brown_mod8"": 1, ""canonical_t"": 1, ""e"": 2, ""kind"": ""2-cyclic-odd"", ""p"": 2}, {""canonical_t"": 1, ""e"": 1, ""kind"": ""odd-cyclic"", ""legendre"": 1, ""p"": 3}]}|{""N"": 27, ""cyclic_key"": 2, ""prime"": [{""canonical_t"": 2, ""e"": 3, ""kind"": ""odd-cyclic"", ""legendre"": -1, ""p"": 3}]}|{""N"": 27, ""cyclic_key"": 5, ""prime"": [{""canonical_t"": 2, ""e"": 3, ""kind"": ""odd-cyclic"", ""legendre"": -1, ""p"": 3}]}|{""N"": 9, ""cyclic_key"": 1, ""prime"": [{""canonical_t"": 1, ""e"": 2, ""kind"": ""odd-cyclic"", ""legendre"": 1, ""p"": 3}]}|{""N"": 9, ""cyclic_key"": 4, ""prime"": [{""canonical_t"": 1, ""e"": 2, ""kind"": ""odd-cyclic"", ""legendre"": 1, ""p"": 3}]}",True,DIRECT_SUM_SYMBOL_EXACT_FOR_ORTHOGONAL_BLOCK_PRESENTATION
6,7,"{""N"": 16, ""cyclic_key"": 3, ""prime"": [{""brown_mod8"": 3, ""canonical_t"": 3, ""e"": 4, ""kind"": ""2-cyclic-odd"", ""p"": 2}]}|{""N"": 25, ""cyclic_key"": 1, ""prime"": [{""canonical_t"": 1, ""e"": 2, ""kind"": ""odd-cyclic"", ""legendre"": 1, ""p"": 5}]}|{""N"": 5, ""cyclic_key"": 1, ""prime"": [{""canonical_t"": 1, ""e"": 1, ""kind"": ""odd-cyclic"", ""legendre"": 1, ""p"": 5}]}|{""N"": 5, ""cyclic_key"": 1, ""prime"": [{""canonical_t"": 1, ""e"": 1, ""kind"": ""odd-cyclic"", ""legendre"": 1, ""p"": 5}]}|{""N"": 7, ""cyclic_key"": 1, ""prime"": [{""canonical_t"": 1, ""e"": 1, ""kind"": ""odd-cyclic"", ""legendre"": 1, ""p"": 7}]}|{""N"": 9, ""cyclic_key"": 4, ""prime"": [{""canonical_t"": 1, ""e"": 2, ""kind"": ""odd-cyclic"", ""legendre"": 1, ""p"": 3}]}|{""N"": 9, ""cyclic_key"": 4, ""prime"": [{""canonical_t"": 1, ""e"": 2, ""kind"": ""odd-cyclic"", ""legendre"": 1, ""p"": 3}]}","{""N"": 16, ""cyclic_key"": 3, ""prime"": [{""brown_mod8"": 3, ""canonical_t"": 3, ""e"": 4, ""kind"": ""2-cyclic-odd"", ""p"": 2}]}|{""N"": 25, ""cyclic_key"": 1, ""prime"": [{""canonical_t"": 1, ""e"": 2, ""kind"": ""odd-cyclic"", ""legendre"": 1, ""p"": 5}]}|{""N"": 5, ""cyclic_key"": 1, ""prime"": [{""canonical_t"": 1, ""e"": 1, ""kind"": ""odd-cyclic"", ""legendre"": 1, ""p"": 5}]}|{""N"": 5, ""cyclic_key"": 1, ""prime"": [{""canonical_t"": 1, ""e"": 1, ""kind"": ""odd-cyclic"", ""legendre"": 1, ""p"": 5}]}|{""N"": 7, ""cyclic_key"": 1, ""prime"": [{""canonical_t"": 1, ""e"": 1, ""kind"": ""odd-cyclic"", ""legendre"": 1, ""p"": 7}]}|{""N"": 9, ""cyclic_key"": 4, ""prime"": [{""canonical_t"": 1, ""e"": 2, ""kind"": ""odd-cyclic"", ""legendre"": 1, ""p"": 3}]}|{""N"": 9, ""cyclic_key"": 4, ""prime"": [{""canonical_t"": 1, ""e"": 2, ""kind"": ""odd-cyclic"", ""legendre"": 1, ""p"": 3}]}",True,DIRECT_SUM_SYMBOL_EXACT_FOR_ORTHOGONAL_BLOCK_PRESENTATION
7,5,"{""N"": 16, ""cyclic_key"": 1, ""prime"": [{""brown_mod8"": 1, ""canonical_t"": 1, ""e"": 4, ""kind"": ""2-cyclic-odd"", ""p"": 2}]}|{""N"": 25, ""cyclic_key"": 2, ""prime"": [{""canonical_t"": 2, ""e"": 2, ""kind"": ""odd-cyclic"", ""legendre"": -1, ""p"": 5}]}|{""N"": 25, ""cyclic_key"": 2, ""prime"": [{""canonical_t"": 2, ""e"": 2, ""kind"": ""odd-cyclic"", ""legendre"": -1, ""p"": 5}]}|{""N"": 9, ""cyclic_key"": 1, ""prime"": [{""canonical_t"": 1, ""e"": 2, ""kind"": ""odd-cyclic"", ""legendre"": 1, ""p"": 3}]}|{""N"": 9, ""cyclic_key"": 2, ""prime"": [{""canonical_t"": 2, ""e"": 2, ""kind"": ""odd-cyclic"", ""legendre"": -1, ""p"": 3}]}","{""N"": 16, ""cyclic_key"": 1, ""prime"": [{""brown_mod8"": 1, ""canonical_t"": 1, ""e"": 4, ""kind"": ""2-cyclic-odd"", ""p"": 2}]}|{""N"": 25, ""cyclic_key"": 2, ""prime"": [{""canonical_t"": 2, ""e"": 2, ""kind"": ""odd-cyclic"", ""legendre"": -1, ""p"": 5}]}|{""N"": 25, ""cyclic_key"": 2, ""prime"": [{""canonical_t"": 2, ""e"": 2, ""kind"": ""odd-cyclic"", ""legendre"": -1, ""p"": 5}]}|{""N"": 9, ""cyclic_key"": 1, ""prime"": [{""canonical_t"": 1, ""e"": 2, ""kind"": ""odd-cyclic"", ""legendre"": 1, ""p"": 3}]}|{""N"": 9, ""cyclic_key"": 2, ""prime"": [{""canonical_t"": 2, ""e"": 2, ""kind"": ""odd-cyclic"", ""legendre"": -1, ""p"": 3}]}",True,DIRECT_SUM_SYMBOL_EXACT_FOR_ORTHOGONAL_BLOCK_PRESENTATION
8,5,"{""N"": 27, ""cyclic_key"": 2, ""prime"": [{""canonical_t"": 2, ""e"": 3, ""kind"": ""odd-cyclic"", ""legendre"": -1, ""p"": 3}]}|{""N"": 3, ""cyclic_key"": 1, ""prime"": [{""canonical_t"": 1, ""e"": 1, ""kind"": ""odd-cyclic"", ""legendre"": 1, ""p"": 3}]}|{""N"": 4, ""cyclic_key"": 3, ""prime"": [{""brown_mod8"": 3, ""canonical_t"": 3, ""e"": 2, ""kind"": ""2-cyclic-odd"", ""p"": 2}]}|{""N"": 5, ""cyclic_key"": 2, ""prime"": [{""canonical_t"": 2, ""e"": 1, ""kind"": ""odd-cyclic"", ""legendre"": -1, ""p"": 5}]}|{""N"": 7, ""cyclic_key"": 2, ""prime"": [{""canonical_t"": 1, ""e"": 1, ""kind"": ""odd-cyclic"", ""legendre"": 1, ""p"": 7}]}","{""N"": 27, ""cyclic_key"": 2, ""prime"": [{""canonical_t"": 2, ""e"": 3, ""kind"": ""odd-cyclic"", ""legendre"": -1, ""p"": 3}]}|{""N"": 3, ""cyclic_key"": 1, ""prime"": [{""canonical_t"": 1, ""e"": 1, ""kind"": ""odd-cyclic"", ""legendre"": 1, ""p"": 3}]}|{""N"": 4, ""cyclic_key"": 3, ""prime"": [{""brown_mod8"": 3, ""canonical_t"": 3, ""e"": 2, ""kind"": ""2-cyclic-odd"", ""p"": 2}]}|{""N"": 5, ""cyclic_key"": 2, ""prime"": [{""canonical_t"": 2, ""e"": 1, ""kind"": ""odd-cyclic"", ""legendre"": -1, ""p"": 5}]}|{""N"": 7, ""cyclic_key"": 2, ""prime"": [{""canonical_t"": 1, ""e"": 1, ""kind"": ""odd-cyclic"", ""legendre"": 1, ""p"": 7}]}",True,DIRECT_SUM_SYMBOL_EXACT_FOR_ORTHOGONAL_BLOCK_PRESENTATION
9,3,"{""N"": 3, ""cyclic_key"": 5, ""prime"": [{""canonical_t"": 2, ""e"": 1, ""kind"": ""odd-cyclic"", ""legendre"": -1, ""p"": 3}]}|{""N"": 5, ""cyclic_key"": 3, ""prime"": [{""canonical_t"": 2, ""e"": 1, ""kind"": ""odd-cyclic"", ""legendre"": -1, ""p"": 5}]}|{""N"": 8, ""cyclic_key"": 1, ""prime"": [{""brown_mod8"": 1, ""canonical_t"": 1, ""e"": 3, ""kind"": ""2-cyclic-odd"", ""p"": 2}]}","{""N"": 3, ""cyclic_key"": 5, ""prime"": [{""canonical_t"": 2, ""e"": 1, ""kind"": ""odd-cyclic"", ""legendre"": -1, ""p"": 3}]}|{""N"": 5, ""cyclic_key"": 3, ""prime"": [{""canonical_t"": 2, ""e"": 1, ""kind"": ""odd-cyclic"", ""legendre"": -1, ""p"": 5}]}|{""N"": 8, ""cyclic_key"": 1, ""prime"": [{""brown_mod8"": 1, ""canonical_t"": 1, ""e"": 3, ""kind"": ""2-cyclic-odd"", ""p"": 2}]}",True,DIRECT_SUM_SYMBOL_EXACT_FOR_ORTHOGONAL_BLOCK_PRESENTATION
10,4,"{""N"": 25, ""cyclic_key"": 2, ""prime"": [{""canonical_t"": 2, ""e"": 2, ""kind"": ""odd-cyclic"", ""legendre"": -1, ""p"": 5}]}|{""N"": 27, ""cyclic_key"": 4, ""prime"": [{""canonical_t"": 1, ""e"": 3, ""kind"": ""odd-cyclic"", ""legendre"": 1, ""p"": 3}]}|{""N"": 7, ""cyclic_key"": 2, ""prime"": [{""canonical_t"": 1, ""e"": 1, ""kind"": ""odd-cyclic"", ""legendre"": 1, ""p"": 7}]}|{""N"": 7, ""cyclic_key"": 3, ""prime"": [{""canonical_t"": 3, ""e"": 1, ""kind"": ""odd-cyclic"", ""legendre"": -1, ""p"": 7}]}","{""N"": 25, ""cyclic_key"": 2, ""prime"": [{""canonical_t"": 2, ""e"": 2, ""kind"": ""odd-cyclic"", ""legendre"": -1, ""p"": 5}]}|{""N"": 27, ""cyclic_key"": 4, ""prime"": [{""canonical_t"": 1, ""e"": 3, ""kind"": ""odd-cyclic"", ""legendre"": 1, ""p"": 3}]}|{""N"": 7, ""cyclic_key"": 2, ""prime"": [{""canonical_t"": 1, ""e"": 1, ""kind"": ""odd-cyclic"", ""legendre"": 1, ""p"": 7}]}|{""N"": 7, ""cyclic_key"": 3, ""prime"": [{""canonical_t"": 3, ""e"": 1, ""kind"": ""odd-cyclic"", ""legendre"": -1, ""p"": 7}]}",True,DIRECT_SUM_SYMBOL_EXACT_FOR_ORTHOGONAL_BLOCK_PRESENTATION
11,5,"{""N"": 32, ""cyclic_key"": 3, ""prime"": [{""brown_mod8"": 3, ""canonical_t"": 3, ""e"": 5, ""kind"": ""2-cyclic-odd"", ""p"": 2}]}|{""N"": 7, ""cyclic_key"": 1, ""prime"": [{""canonical_t"": 1, ""e"": 1, ""kind"": ""odd-cyclic"", ""legendre"": 1, ""p"": 7}]}|{""N"": 7, ""cyclic_key"": 2, ""prime"": [{""canonical_t"": 1, ""e"": 1, ""kind"": ""odd-cyclic"", ""legendre"": 1, ""p"": 7}]}|{""N"": 8, ""cyclic_key"": 3, ""prime"": [{""brown_mod8"": 3, ""canonical_t"": 3, ""e"": 3, ""kind"": ""2-cyclic-odd"", ""p"": 2}]}|{""N"": 9, ""cyclic_key"": 2, ""prime"": [{""canonical_t"": 2, ""e"": 2, ""kind"": ""odd-cyclic"", ""legendre"": -1, ""p"": 3}]}","{""N"": 32, ""cyclic_key"": 3, ""prime"": [{""brown_mod8"": 3, ""canonical_t"": 3, ""e"": 5, ""kind"": ""2-cyclic-odd"", ""p"": 2}]}|{""N"": 7, ""cyclic_key"": 1, ""prime"": [{""canonical_t"": 1, ""e"": 1, ""kind"": ""odd-cyclic"", ""legendre"": 1, ""p"": 7}]}|{""N"": 7, ""cyclic_key"": 2, ""prime"": [{""canonical_t"": 1, ""e"": 1, ""kind"": ""odd-cyclic"", ""legendre"": 1, ""p"": 7}]}|{""N"": 8, ""cyclic_key"": 3, ""prime"": [{""brown_mod8"": 3, ""canonical_t"": 3, ""e"": 3, ""kind"": ""2-cyclic-odd"", ""p"": 2}]}|{""N"": 9, ""cyclic_key"": 2, ""prime"": [{""canonical_t"": 2, ""e"": 2, ""kind"": ""odd-cyclic"", ""legendre"": -1, ""p"": 3}]}",True,DIRECT_SUM_SYMBOL_EXACT_FOR_ORTHOGONAL_BLOCK_PRESENTATION
12,2,"{""N"": 7, ""cyclic_key"": 3, ""prime"": [{""canonical_t"": 3, ""e"": 1, ""kind"": ""odd-cyclic"", ""legendre"": -1, ""p"": 7}]}|{""N"": 9, ""cyclic_key"": 5, ""prime"": [{""canonical_t"": 2, ""e"": 2, ""kind"": ""odd-cyclic"", ""legendre"": -1, ""p"": 3}]}","{""N"": 7, ""cyclic_key"": 3, ""prime"": [{""canonical_t"": 3, ""e"": 1, ""kind"": ""odd-cyclic"", ""legendre"": -1, ""p"": 7}]}|{""N"": 9, ""cyclic_key"": 5, ""prime"": [{""canonical_t"": 2, ""e"": 2, ""kind"": ""odd-cyclic"", ""legendre"": -1, ""p"": 3}]}",True,DIRECT_SUM_SYMBOL_EXACT_FOR_ORTHOGONAL_BLOCK_PRESENTATION
13,7,"{""N"": 16, ""cyclic_key"": 1, ""prime"": [{""brown_mod8"": 1, ""canonical_t"": 1, ""e"": 4, ""kind"": ""2-cyclic-odd"", ""p"": 2}]}|{""N"": 25, ""cyclic_key"": 1, ""prime"": [{""canonical_t"": 1, ""e"": 2, ""kind"": ""odd-cyclic"", ""legendre"": 1, ""p"": 5}]}|{""N"": 32, ""cyclic_key"": 3, ""prime"": [{""brown_mod8"": 3, ""canonical_t"": 3, ""e"": 5, ""kind"": ""2-cyclic-odd"", ""p"": 2}]}|{""N"": 7, ""cyclic_key"": 2, ""prime"": [{""canonical_t"": 1, ""e"": 1, ""kind"": ""odd-cyclic"", ""legendre"": 1, ""p"": 7}]}|{""N"": 9, ""cyclic_key"": 2, ""prime"": [{""canonical_t"": 2, ""e"": 2, ""kind"": ""odd-cyclic"", ""legendre"": -1, ""p"": 3}]}|{""N"": 9, ""cyclic_key"": 5, ""prime"": [{""canonical_t"": 2, ""e"": 2, ""kind"": ""odd-cyclic"", ""legendre"": -1, ""p"": 3}]}|{""N"": 9, ""cyclic_key"": 5, ""prime"": [{""canonical_t"": 2, ""e"": 2, ""kind"": ""odd-cyclic"", ""legendre"": -1, ""p"": 3}]}","{""N"": 16, ""cyclic_key"": 1, ""prime"": [{""brown_mod8"": 1, ""canonical_t"": 1, ""e"": 4, ""kind"": ""2-cyclic-odd"", ""p"": 2}]}|{""N"": 25, ""cyclic_key"": 1, ""prime"": [{""canonical_t"": 1, ""e"": 2, ""kind"": ""odd-cyclic"", ""legendre"": 1, ""p"": 5}]}|{""N"": 32, ""cyclic_key"": 3, ""prime"": [{""brown_mod8"": 3, ""canonical_t"": 3, ""e"": 5, ""kind"": ""2-cyclic-odd"", ""p"": 2}]}|{""N"": 7, ""cyclic_key"": 2, ""prime"": [{""canonical_t"": 1, ""e"": 1, ""kind"": ""odd-cyclic"", ""legendre"": 1, ""p"": 7}]}|{""N"": 9, ""cyclic_key"": 2, ""prime"": [{""canonical_t"": 2, ""e"": 2, ""kind"": ""odd-cyclic"", ""legendre"": -1, ""p"": 3}]}|{""N"": 9, ""cyclic_key"": 5, ""prime"": [{""canonical_t"": 2, ""e"": 2, ""kind"": ""odd-cyclic"", ""legendre"": -1, ""p"": 3}]}|{""N"": 9, ""cyclic_key"": 5, ""prime"": [{""canonical_t"": 2, ""e"": 2, ""kind"": ""odd-cyclic"", ""legendre"": -1, ""p"": 3}]}",True,DIRECT_SUM_SYMBOL_EXACT_FOR_ORTHOGONAL_BLOCK_PRESENTATION
14,7,"{""N"": 16, ""cyclic_key"": 3, ""prime"": [{""brown_mod8"": 3, ""canonical_t"": 3, ""e"": 4, ""kind"": ""2-cyclic-odd"", ""p"": 2}]}|{""N"": 3, ""cyclic_key"": 1, ""prime"": [{""canonical_t"": 1, ""e"": 1, ""kind"": ""odd-cyclic"", ""legendre"": 1, ""p"": 3}]}|{""N"": 3, ""cyclic_key"": 4, ""prime"": [{""canonical_t"": 1, ""e"": 1, ""kind"": ""odd-cyclic"", ""legendre"": 1, ""p"": 3}]}|{""N"": 4, ""cyclic_key"": 3, ""prime"": [{""brown_mod8"": 3, ""canonical_t"": 3, ""e"": 2, ""kind"": ""2-cyclic-odd"", ""p"": 2}]}|{""N"": 7, ""cyclic_key"": 1, ""prime"": [{""canonical_t"": 1, ""e"": 1, ""kind"": ""odd-cyclic"", ""legendre"": 1, ""p"": 7}]}|{""N"": 8, ""cyclic_key"": 5, ""prime"": [{""brown_mod8"": 5, ""canonical_t"": 5, ""e"": 3, ""kind"": ""2-cyclic-odd"", ""p"": 2}]}|{""N"": 9, ""cyclic_key"": 1, ""prime"": [{""canonical_t"": 1, ""e"": 2, ""kind"": ""odd-cyclic"", ""legendre"": 1, ""p"": 3}]}","{""N"": 16, ""cyclic_key"": 3, ""prime"": [{""brown_mod8"": 3, ""canonical_t"": 3, ""e"": 4, ""kind"": ""2-cyclic-odd"", ""p"": 2}]}|{""N"": 3, ""cyclic_key"": 1, ""prime"": [{""canonical_t"": 1, ""e"": 1, ""kind"": ""odd-cyclic"", ""legendre"": 1, ""p"": 3}]}|{""N"": 3, ""cyclic_key"": 4, ""prime"": [{""canonical_t"": 1, ""e"": 1, ""kind"": ""odd-cyclic"", ""legendre"": 1, ""p"": 3}]}|{""N"": 4, ""cyclic_key"": 3, ""prime"": [{""brown_mod8"": 3, ""canonical_t"": 3, ""e"": 2, ""kind"": ""2-cyclic-odd"", ""p"": 2}]}|{""N"": 7, ""cyclic_key"": 1, ""prime"": [{""canonical_t"": 1, ""e"": 1, ""kind"": ""odd-cyclic"", ""legendre"": 1, ""p"": 7}]}|{""N"": 8, ""cyclic_key"": 5, ""prime"": [{""brown_mod8"": 5, ""canonical_t"": 5, ""e"": 3, ""kind"": ""2-cyclic-odd"", ""p"": 2}]}|{""N"": 9, ""cyclic_key"": 1, ""prime"": [{""canonical_t"": 1, ""e"": 2, ""kind"": ""odd-cyclic"", ""legendre"": 1, ""p"": 3}]}",True,DIRECT_SUM_SYMBOL_EXACT_FOR_ORTHOGONAL_BLOCK_PRESENTATION
15,2,"{""N"": 5, ""cyclic_key"": 1, ""prime"": [{""canonical_t"": 1, ""e"": 1, ""kind"": ""odd-cyclic"", ""legendre"": 1, ""p"": 5}]}|{""N"": 9, ""cyclic_key"": 4, ""prime"": [{""canonical_t"": 1, ""e"": 2, ""kind"": ""odd-cyclic"", ""legendre"": 1, ""p"": 3}]}","{""N"": 5, ""cyclic_key"": 1, ""prime"": [{""canonical_t"": 1, ""e"": 1, ""kind"": ""odd-cyclic"", ""legendre"": 1, ""p"": 5}]}|{""N"": 9, ""cyclic_key"": 4, ""prime"": [{""canonical_t"": 1, ""e"": 2, ""kind"": ""odd-cyclic"", ""legendre"": 1, ""p"": 3}]}",True,DIRECT_SUM_SYMBOL_EXACT_FOR_ORTHOGONAL_BLOCK_PRESENTATION
16,2,"{""N"": 12, ""cyclic_key"": 11, ""prime"": [{""brown_mod8"": 3, ""canonical_t"": 3, ""e"": 2, ""kind"": ""2-cyclic-odd"", ""p"": 2}, {""canonical_t"": 2, ""e"": 1, ""kind"": ""odd-cyclic"", ""legendre"": -1, ""p"": 3}]}|{""N"": 5, ""cyclic_key"": 4, ""prime"": [{""canonical_t"": 1, ""e"": 1, ""kind"": ""odd-cyclic"", ""legendre"": 1, ""p"": 5}]}","{""N"": 12, ""cyclic_key"": 11, ""prime"": [{""brown_mod8"": 3, ""canonical_t"": 3, ""e"": 2, ""kind"": ""2-cyclic-odd"", ""p"": 2}, {""canonical_t"": 2, ""e"": 1, ""kind"": ""odd-cyclic"", ""legendre"": -1, ""p"": 3}]}|{""N"": 5, ""cyclic_key"": 4, ""prime"": [{""canonical_t"": 1, ""e"": 1, ""kind"": ""odd-cyclic"", ""legendre"": 1, ""p"": 5}]}",True,DIRECT_SUM_SYMBOL_EXACT_FOR_ORTHOGONAL_BLOCK_PRESENTATION
17,4,"{""N"": 16, ""cyclic_key"": 5, ""prime"": [{""brown_mod8"": 5, ""canonical_t"": 5, ""e"": 4, ""kind"": ""2-cyclic-odd"", ""p"": 2}]}|{""N"": 32, ""cyclic_key"": 1, ""prime"": [{""brown_mod8"": 1, ""canonical_t"": 1, ""e"": 5, ""kind"": ""2-cyclic-odd"", ""p"": 2}]}|{""N"": 5, ""cyclic_key"": 4, ""prime"": [{""canonical_t"": 1, ""e"": 1, ""kind"": ""odd-cyclic"", ""legendre"": 1, ""p"": 5}]}|{""N"": 9, ""cyclic_key"": 4, ""prime"": [{""canonical_t"": 1, ""e"": 2, ""kind"": ""odd-cyclic"", ""legendre"": 1, ""p"": 3}]}","{""N"": 16, ""cyclic_key"": 5, ""prime"": [{""brown_mod8"": 5, ""canonical_t"": 5, ""e"": 4, ""kind"": ""2-cyclic-odd"", ""p"": 2}]}|{""N"": 32, ""cyclic_key"": 1, ""prime"": [{""brown_mod8"": 1, ""canonical_t"": 1, ""e"": 5, ""kind"": ""2-cyclic-odd"", ""p"": 2}]}|{""N"": 5, ""cyclic_key"": 4, ""prime"": [{""canonical_t"": 1, ""e"": 1, ""kind"": ""odd-cyclic"", ""legendre"": 1, ""p"": 5}]}|{""N"": 9, ""cyclic_key"": 4, ""prime"": [{""canonical_t"": 1, ""e"": 2, ""kind"": ""odd-cyclic"", ""legendre"": 1, ""p"": 3}]}",True,DIRECT_SUM_SYMBOL_EXACT_FOR_ORTHOGONAL_BLOCK_PRESENTATION
18,3,"{""N"": 2, ""cyclic_key"": 3, ""prime"": [{""brown_mod8"": 3, ""canonical_t"": 3, ""e"": 1, ""kind"": ""2-cyclic-odd"", ""p"": 2}]}|{""N"": 4, ""cyclic_key"": 3, ""prime"": [{""brown_mod8"": 3, ""canonical_t"": 3, ""e"": 2, ""kind"": ""2-cyclic-odd"", ""p"": 2}]}|{""N"": 8, ""cyclic_key"": 5, ""prime"": [{""brown_mod8"": 5, ""canonical_t"": 5, ""e"": 3, ""kind"": ""2-cyclic-odd"", ""p"": 2}]}","{""N"": 2, ""cyclic_key"": 3, ""prime"": [{""brown_mod8"": 3, ""canonical_t"": 3, ""e"": 1, ""kind"": ""2-cyclic-odd"", ""p"": 2}]}|{""N"": 4, ""cyclic_key"": 3, ""prime"": [{""brown_mod8"": 3, ""canonical_t"": 3, ""e"": 2, ""kind"": ""2-cyclic-odd"", ""p"": 2}]}|{""N"": 8, ""cyclic_key"": 5, ""prime"": [{""brown_mod8"": 5, ""canonical_t"": 5, ""e"": 3, ""kind"": ""2-cyclic-odd"", ""p"": 2}]}",True,DIRECT_SUM_SYMBOL_EXACT_FOR_ORTHOGONAL_BLOCK_PRESENTATION
19,7,"{""N"": 27, ""cyclic_key"": 1, ""prime"": [{""canonical_t"": 1, ""e"": 3, ""kind"": ""odd-cyclic"", ""legendre"": 1, ""p"": 3}]}|{""N"": 27, ""cyclic_key"": 2, ""prime"": [{""canonical_t"": 2, ""e"": 3, ""kind"": ""odd-cyclic"", ""legendre"": -1, ""p"": 3}]}|{""N"": 27, ""cyclic_key"": 2, ""prime"": [{""canonical_t"": 2, ""e"": 3, ""kind"": ""odd-cyclic"", ""legendre"": -1, ""p"": 3}]}|{""N"": 4, ""cyclic_key"": 3, ""prime"": [{""brown_mod8"": 3, ""canonical_t"": 3, ""e"": 2, ""kind"": ""2-cyclic-odd"", ""p"": 2}]}|{""N"": 7, ""cyclic_key"": 3, ""prime"": [{""canonical_t"": 3, ""e"": 1, ""kind"": ""odd-cyclic"", ""legendre"": -1, ""p"": 7}]}|{""N"": 8, ""cyclic_key"": 3, ""prime"": [{""brown_mod8"": 3, ""canonical_t"": 3, ""e"": 3, ""kind"": ""2-cyclic-odd"", ""p"": 2}]}|{""N"": 9, ""cyclic_key"": 4, ""prime"": [{""canonical_t"": 1, ""e"": 2, ""kind"": ""odd-cyclic"", ""legendre"": 1, ""p"": 3}]}","{""N"": 27, ""cyclic_key"": 1, ""prime"": [{""canonical_t"": 1, ""e"": 3, ""kind"": ""odd-cyclic"", ""legendre"": 1, ""p"": 3}]}|{""N"": 27, ""cyclic_key"": 2, ""prime"": [{""canonical_t"": 2, ""e"": 3, ""kind"": ""odd-cyclic"", ""legendre"": -1, ""p"": 3}]}|{""N"": 27, ""cyclic_key"": 2, ""prime"": [{""canonical_t"": 2, ""e"": 3, ""kind"": ""odd-cyclic"", ""legendre"": -1, ""p"": 3}]}|{""N"": 4, ""cyclic_key"": 3, ""prime"": [{""brown_mod8"": 3, ""canonical_t"": 3, ""e"": 2, ""kind"": ""2-cyclic-odd"", ""p"": 2}]}|{""N"": 7, ""cyclic_key"": 3, ""prime"": [{""canonical_t"": 3, ""e"": 1, ""kind"": ""odd-cyclic"", ""legendre"": -1, ""p"": 7}]}|{""N"": 8, ""cyclic_key"": 3, ""prime"": [{""brown_mod8"": 3, ""canonical_t"": 3, ""e"": 3, ""kind"": ""2-cyclic-odd"", ""p"": 2}]}|{""N"": 9, ""cyclic_key"": 4, ""prime"": [{""canonical_t"": 1, ""e"": 2, ""kind"": ""odd-cyclic"", ""legendre"": 1, ""p"": 3}]}",True,DIRECT_SUM_SYMBOL_EXACT_FOR_ORTHOGONAL_BLOCK_PRESENTATION
20,6,"{""N"": 25, ""cyclic_key"": 3, ""prime"": [{""canonical_t"": 2, ""e"": 2, ""kind"": ""odd-cyclic"", ""legendre"": -1, ""p"": 5}]}|{""N"": 27, ""cyclic_key"": 5, ""prime"": [{""canonical_t"": 2, ""e"": 3, ""kind"": ""odd-cyclic"", ""legendre"": -1, ""p"": 3}]}|{""N"": 4, ""cyclic_key"": 1, ""prime"": [{""brown_mod8"": 1, ""canonical_t"": 1, ""e"": 2, ""kind"": ""2-cyclic-odd"", ""p"": 2}]}|{""N"": 5, ""cyclic_key"": 1, ""prime"": [{""canonical_t"": 1, ""e"": 1, ""kind"": ""odd-cyclic"", ""legendre"": 1, ""p"": 5}]}|{""N"": 5, ""cyclic_key"": 1, ""prime"": [{""canonical_t"": 1, ""e"": 1, ""kind"": ""odd-cyclic"", ""legendre"": 1, ""p"": 5}]}|{""N"": 9, ""cyclic_key"": 5, ""prime"": [{""canonical_t"": 2, ""e"": 2, ""kind"": ""odd-cyclic"", ""legendre"": -1, ""p"": 3}]}","{""N"": 25, ""cyclic_key"": 3, ""prime"": [{""canonical_t"": 2, ""e"": 2, ""kind"": ""odd-cyclic"", ""legendre"": -1, ""p"": 5}]}|{""N"": 27, ""cyclic_key"": 5, ""prime"": [{""canonical_t"": 2, ""e"": 3, ""kind"": ""odd-cyclic"", ""legendre"": -1, ""p"": 3}]}|{""N"": 4, ""cyclic_key"": 1, ""prime"": [{""brown_mod8"": 1, ""canonical_t"": 1, ""e"": 2, ""kind"": ""2-cyclic-odd"", ""p"": 2}]}|{""N"": 5, ""cyclic_key"": 1, ""prime"": [{""canonical_t"": 1, ""e"": 1, ""kind"": ""odd-cyclic"", ""legendre"": 1, ""p"": 5}]}|{""N"": 5, ""cyclic_key"": 1, ""prime"": [{""canonical_t"": 1, ""e"": 1, ""kind"": ""odd-cyclic"", ""legendre"": 1, ""p"": 5}]}|{""N"": 9, ""cyclic_key"": 5, ""prime"": [{""canonical_t"": 2, ""e"": 2, ""kind"": ""odd-cyclic"", ""legendre"": -1, ""p"": 3}]}",True,DIRECT_SUM_SYMBOL_EXACT_FOR_ORTHOGONAL_BLOCK_PRESENTATION
21,6,"{""N"": 12, ""cyclic_key"": 1, ""prime"": [{""brown_mod8"": 1, ""canonical_t"": 1, ""e"": 2, ""kind"": ""2-cyclic-odd"", ""p"": 2}, {""canonical_t"": 1, ""e"": 1, ""kind"": ""odd-cyclic"", ""legendre"": 1, ""p"": 3}]}|{""N"": 27, ""cyclic_key"": 4, ""prime"": [{""canonical_t"": 1, ""e"": 3, ""kind"": ""odd-cyclic"", ""legendre"": 1, ""p"": 3}]}|{""N"": 32, ""cyclic_key"": 1, ""prime"": [{""brown_mod8"": 1, ""canonical_t"": 1, ""e"": 5, ""kind"": ""2-cyclic-odd"", ""p"": 2}]}|{""N"": 32, ""cyclic_key"": 7, ""prime"": [{""brown_mod8"": 7, ""canonical_t"": 7, ""e"": 5, ""kind"": ""2-cyclic-odd"", ""p"": 2}]}|{""N"": 7, ""cyclic_key"": 6, ""prime"": [{""canonical_t"": 3, ""e"": 1, ""kind"": ""odd-cyclic"", ""legendre"": -1, ""p"": 7}]}|{""N"": 9, ""cyclic_key"": 2, ""prime"": [{""canonical_t"": 2, ""e"": 2, ""kind"": ""odd-cyclic"", ""legendre"": -1, ""p"": 3}]}","{""N"": 12, ""cyclic_key"": 1, ""prime"": [{""brown_mod8"": 1, ""canonical_t"": 1, ""e"": 2, ""kind"": ""2-cyclic-odd"", ""p"": 2}, {""canonical_t"": 1, ""e"": 1, ""kind"": ""odd-cyclic"", ""legendre"": 1, ""p"": 3}]}|{""N"": 27, ""cyclic_key"": 4, ""prime"": [{""canonical_t"": 1, ""e"": 3, ""kind"": ""odd-cyclic"", ""legendre"": 1, ""p"": 3}]}|{""N"": 32, ""cyclic_key"": 1, ""prime"": [{""brown_mod8"": 1, ""canonical_t"": 1, ""e"": 5, ""kind"": ""2-cyclic-odd"", ""p"": 2}]}|{""N"": 32, ""cyclic_key"": 7, ""prime"": [{""brown_mod8"": 7, ""canonical_t"": 7, ""e"": 5, ""kind"": ""2-cyclic-odd"", ""p"": 2}]}|{""N"": 7, ""cyclic_key"": 6, ""prime"": [{""canonical_t"": 3, ""e"": 1, ""kind"": ""odd-cyclic"", ""legendre"": -1, ""p"": 7}]}|{""N"": 9, ""cyclic_key"": 2, ""prime"": [{""canonical_t"": 2, ""e"": 2, ""kind"": ""odd-cyclic"", ""legendre"": -1, ""p"": 3}]}",True,DIRECT_SUM_SYMBOL_EXACT_FOR_ORTHOGONAL_BLOCK_PRESENTATION
22,5,"{""N"": 12, ""cyclic_key"": 17, ""prime"": [{""brown_mod8"": 1, ""canonical_t"": 1, ""e"": 2, ""kind"": ""2-cyclic-odd"", ""p"": 2}, {""canonical_t"": 2, ""e"": 1, ""kind"": ""odd-cyclic"", ""legendre"": -1, ""p"": 3}]}|{""N"": 25, ""cyclic_key"": 4, ""prime"": [{""canonical_t"": 1, ""e"": 2, ""kind"": ""odd-cyclic"", ""legendre"": 1, ""p"": 5}]}|{""N"": 27, ""cyclic_key"": 4, ""prime"": [{""canonical_t"": 1, ""e"": 3, ""kind"": ""odd-cyclic"", ""legendre"": 1, ""p"": 3}]}|{""N"": 27, ""cyclic_key"": 4, ""prime"": [{""canonical_t"": 1, ""e"": 3, ""kind"": ""odd-cyclic"", ""legendre"": 1, ""p"": 3}]}|{""N"": 5, ""cyclic_key"": 1, ""prime"": [{""canonical_t"": 1, ""e"": 1, ""kind"": ""odd-cyclic"", ""legendre"": 1, ""p"": 5}]}","{""N"": 12, ""cyclic_key"": 17, ""prime"": [{""brown_mod8"": 1, ""canonical_t"": 1, ""e"": 2, ""kind"": ""2-cyclic-odd"", ""p"": 2}, {""canonical_t"": 2, ""e"": 1, ""kind"": ""odd-cyclic"", ""legendre"": -1, ""p"": 3}]}|{""N"": 25, ""cyclic_key"": 4, ""prime"": [{""canonical_t"": 1, ""e"": 2, ""kind"": ""odd-cyclic"", ""legendre"": 1, ""p"": 5}]}|{""N"": 27, ""cyclic_key"": 4, ""prime"": [{""canonical_t"": 1, ""e"": 3, ""kind"": ""odd-cyclic"", ""legendre"": 1, ""p"": 3}]}|{""N"": 27, ""cyclic_key"": 4, ""prime"": [{""canonical_t"": 1, ""e"": 3, ""kind"": ""odd-cyclic"", ""legendre"": 1, ""p"": 3}]}|{""N"": 5, ""cyclic_key"": 1, ""prime"": [{""canonical_t"": 1, ""e"": 1, ""kind"": ""odd-cyclic"", ""legendre"": 1, ""p"": 5}]}",True,DIRECT_SUM_SYMBOL_EXACT_FOR_ORTHOGONAL_BLOCK_PRESENTATION
23,6,"{""N"": 25, ""cyclic_key"": 2, ""prime"": [{""canonical_t"": 2, ""e"": 2, ""kind"": ""odd-cyclic"", ""legendre"": -1, ""p"": 5}]}|{""N"": 25, ""cyclic_key"": 4, ""prime"": [{""canonical_t"": 1, ""e"": 2, ""kind"": ""odd-cyclic"", ""legendre"": 1, ""p"": 5}]}|{""N"": 27, ""cyclic_key"": 4, ""prime"": [{""canonical_t"": 1, ""e"": 3, ""kind"": ""odd-cyclic"", ""legendre"": 1, ""p"": 3}]}|{""N"": 32, ""cyclic_key"": 5, ""prime"": [{""brown_mod8"": 5, ""canonical_t"": 5, ""e"": 5, ""kind"": ""2-cyclic-odd"", ""p"": 2}]}|{""N"": 8, ""cyclic_key"": 1, ""prime"": [{""brown_mod8"": 1, ""canonical_t"": 1, ""e"": 3, ""kind"": ""2-cyclic-odd"", ""p"": 2}]}|{""N"": 8, ""cyclic_key"": 7, ""prime"": [{""brown_mod8"": 7, ""canonical_t"": 7, ""e"": 3, ""kind"": ""2-cyclic-odd"", ""p"": 2}]}","{""N"": 25, ""cyclic_key"": 2, ""prime"": [{""canonical_t"": 2, ""e"": 2, ""kind"": ""odd-cyclic"", ""legendre"": -1, ""p"": 5}]}|{""N"": 25, ""cyclic_key"": 4, ""prime"": [{""canonical_t"": 1, ""e"": 2, ""kind"": ""odd-cyclic"", ""legendre"": 1, ""p"": 5}]}|{""N"": 27, ""cyclic_key"": 4, ""prime"": [{""canonical_t"": 1, ""e"": 3, ""kind"": ""odd-cyclic"", ""legendre"": 1, ""p"": 3}]}|{""N"": 32, ""cyclic_key"": 5, ""prime"": [{""brown_mod8"": 5, ""canonical_t"": 5, ""e"": 5, ""kind"": ""2-cyclic-odd"", ""p"": 2}]}|{""N"": 8, ""cyclic_key"": 1, ""prime"": [{""brown_mod8"": 1, ""canonical_t"": 1, ""e"": 3, ""kind"": ""2-cyclic-odd"", ""p"": 2}]}|{""N"": 8, ""cyclic_key"": 7, ""prime"": [{""brown_mod8"": 7, ""canonical_t"": 7, ""e"": 3, ""kind"": ""2-cyclic-odd"", ""p"": 2}]}",True,DIRECT_SUM_SYMBOL_EXACT_FOR_ORTHOGONAL_BLOCK_PRESENTATION
24,6,"{""N"": 12, ""cyclic_key"": 5, ""prime"": [{""brown_mod8"": 5, ""canonical_t"": 5, ""e"": 2, ""kind"": ""2-cyclic-odd"", ""p"": 2}, {""canonical_t"": 2, ""e"": 1, ""kind"": ""odd-cyclic"", ""legendre"": -1, ""p"": 3}]}|{""N"": 27, ""cyclic_key"": 4, ""prime"": [{""canonical_t"": 1, ""e"": 3, ""kind"": ""odd-cyclic"", ""legendre"": 1, ""p"": 3}]}|{""N"": 3, ""cyclic_key"": 5, ""prime"": [{""canonical_t"": 2, ""e"": 1, ""kind"": ""odd-cyclic"", ""legendre"": -1, ""p"": 3}]}|{""N"": 32, ""cyclic_key"": 3, ""prime"": [{""brown_mod8"": 3, ""canonical_t"": 3, ""e"": 5, ""kind"": ""2-cyclic-odd"", ""p"": 2}]}|{""N"": 8, ""cyclic_key"": 5, ""prime"": [{""brown_mod8"": 5, ""canonical_t"": 5, ""e"": 3, ""kind"": ""2-cyclic-odd"", ""p"": 2}]}|{""N"": 9, ""cyclic_key"": 4, ""prime"": [{""canonical_t"": 1, ""e"": 2, ""kind"": ""odd-cyclic"", ""legendre"": 1, ""p"": 3}]}","{""N"": 12, ""cyclic_key"": 5, ""prime"": [{""brown_mod8"": 5, ""canonical_t"": 5, ""e"": 2, ""kind"": ""2-cyclic-odd"", ""p"": 2}, {""canonical_t"": 2, ""e"": 1, ""kind"": ""odd-cyclic"", ""legendre"": -1, ""p"": 3}]}|{""N"": 27, ""cyclic_key"": 4, ""prime"": [{""canonical_t"": 1, ""e"": 3, ""kind"": ""odd-cyclic"", ""legendre"": 1, ""p"": 3}]}|{""N"": 3, ""cyclic_key"": 5, ""prime"": [{""canonical_t"": 2, ""e"": 1, ""kind"": ""odd-cyclic"", ""legendre"": -1, ""p"": 3}]}|{""N"": 32, ""cyclic_key"": 3, ""prime"": [{""brown_mod8"": 3, ""canonical_t"": 3, ""e"": 5, ""kind"": ""2-cyclic-odd"", ""p"": 2}]}|{""N"": 8, ""cyclic_key"": 5, ""prime"": [{""brown_mod8"": 5, ""canonical_t"": 5, ""e"": 3, ""kind"": ""2-cyclic-odd"", ""p"": 2}]}|{""N"": 9, ""cyclic_key"": 4, ""prime"": [{""canonical_t"": 1, ""e"": 2, ""kind"": ""odd-cyclic"", ""legendre"": 1, ""p"": 3}]}",True,DIRECT_SUM_SYMBOL_EXACT_FOR_ORTHOGONAL_BLOCK_PRESENTATION
25,6,"{""N"": 27, ""cyclic_key"": 4, ""prime"": [{""canonical_t"": 1, ""e"": 3, ""kind"": ""odd-cyclic"", ""legendre"": 1, ""p"": 3}]}|{""N"": 32, ""cyclic_key"": 1, ""prime"": [{""brown_mod8"": 1, ""canonical_t"": 1, ""e"": 5, ""kind"": ""2-cyclic-odd"", ""p"": 2}]}|{""N"": 4, ""cyclic_key"": 5, ""prime"": [{""brown_mod8"": 5, ""canonical_t"": 5, ""e"": 2, ""kind"": ""2-cyclic-odd"", ""p"": 2}]}|{""N"": 5, ""cyclic_key"": 3, ""prime"": [{""canonical_t"": 2, ""e"": 1, ""kind"": ""odd-cyclic"", ""legendre"": -1, ""p"": 5}]}|{""N"": 7, ""cyclic_key"": 1, ""prime"": [{""canonical_t"": 1, ""e"": 1, ""kind"": ""odd-cyclic"", ""legendre"": 1, ""p"": 7}]}|{""N"": 9, ""cyclic_key"": 1, ""prime"": [{""canonical_t"": 1, ""e"": 2, ""kind"": ""odd-cyclic"", ""legendre"": 1, ""p"": 3}]}","{""N"": 27, ""cyclic_key"": 4, ""prime"": [{""canonical_t"": 1, ""e"": 3, ""kind"": ""odd-cyclic"", ""legendre"": 1, ""p"": 3}]}|{""N"": 32, ""cyclic_key"": 1, ""prime"": [{""brown_mod8"": 1, ""canonical_t"": 1, ""e"": 5, ""kind"": ""2-cyclic-odd"", ""p"": 2}]}|{""N"": 4, ""cyclic_key"": 5, ""prime"": [{""brown_mod8"": 5, ""canonical_t"": 5, ""e"": 2, ""kind"": ""2-cyclic-odd"", ""p"": 2}]}|{""N"": 5, ""cyclic_key"": 3, ""prime"": [{""canonical_t"": 2, ""e"": 1, ""kind"": ""odd-cyclic"", ""legendre"": -1, ""p"": 5}]}|{""N"": 7, ""cyclic_key"": 1, ""prime"": [{""canonical_t"": 1, ""e"": 1, ""kind"": ""odd-cyclic"", ""legendre"": 1, ""p"": 7}]}|{""N"": 9, ""cyclic_key"": 1, ""prime"": [{""canonical_t"": 1, ""e"": 2, ""kind"": ""odd-cyclic"", ""legendre"": 1, ""p"": 3}]}",True,DIRECT_SUM_SYMBOL_EXACT_FOR_ORTHOGONAL_BLOCK_PRESENTATION
26,7,"{""N"": 12, ""cyclic_key"": 5, ""prime"": [{""brown_mod8"": 5, ""canonical_t"": 5, ""e"": 2, ""kind"": ""2-cyclic-odd"", ""p"": 2}, {""canonical_t"": 2, ""e"": 1, ""kind"": ""odd-cyclic"", ""legendre"": -1, ""p"": 3}]}|{""N"": 25, ""cyclic_key"": 3, ""prime"": [{""canonical_t"": 2, ""e"": 2, ""kind"": ""odd-cyclic"", ""legendre"": -1, ""p"": 5}]}|{""N"": 25, ""cyclic_key"": 3, ""prime"": [{""canonical_t"": 2, ""e"": 2, ""kind"": ""odd-cyclic"", ""legendre"": -1, ""p"": 5}]}|{""N"": 3, ""cyclic_key"": 4, ""prime"": [{""canonical_t"": 1, ""e"": 1, ""kind"": ""odd-cyclic"", ""legendre"": 1, ""p"": 3}]}|{""N"": 32, ""cyclic_key"": 1, ""prime"": [{""brown_mod8"": 1, ""canonical_t"": 1, ""e"": 5, ""kind"": ""2-cyclic-odd"", ""p"": 2}]}|{""N"": 32, ""cyclic_key"": 5, ""prime"": [{""brown_mod8"": 5, ""canonical_t"": 5, ""e"": 5, ""kind"": ""2-cyclic-odd"", ""p"": 2}]}|{""N"": 5, ""cyclic_key"": 3, ""prime"": [{""canonical_t"": 2, ""e"": 1, ""kind"": ""odd-cyclic"", ""legendre"": -1, ""p"": 5}]}","{""N"": 12, ""cyclic_key"": 5, ""prime"": [{""brown_mod8"": 5, ""canonical_t"": 5, ""e"": 2, ""kind"": ""2-cyclic-odd"", ""p"": 2}, {""canonical_t"": 2, ""e"": 1, ""kind"": ""odd-cyclic"", ""legendre"": -1, ""p"": 3}]}|{""N"": 25, ""cyclic_key"": 3, ""prime"": [{""canonical_t"": 2, ""e"": 2, ""kind"": ""odd-cyclic"", ""legendre"": -1, ""p"": 5}]}|{""N"": 25, ""cyclic_key"": 3, ""prime"": [{""canonical_t"": 2, ""e"": 2, ""kind"": ""odd-cyclic"", ""legendre"": -1, ""p"": 5}]}|{""N"": 3, ""cyclic_key"": 4, ""prime"": [{""canonical_t"": 1, ""e"": 1, ""kind"": ""odd-cyclic"", ""legendre"": 1, ""p"": 3}]}|{""N"": 32, ""cyclic_key"": 1, ""prime"": [{""brown_mod8"": 1, ""canonical_t"": 1, ""e"": 5, ""kind"": ""2-cyclic-odd"", ""p"": 2}]}|{""N"": 32, ""cyclic_key"": 5, ""prime"": [{""brown_mod8"": 5, ""canonical_t"": 5, ""e"": 5, ""kind"": ""2-cyclic-odd"", ""p"": 2}]}|{""N"": 5, ""cyclic_key"": 3, ""prime"": [{""canonical_t"": 2, ""e"": 1, ""kind"": ""odd-cyclic"", ""legendre"": -1, ""p"": 5}]}",True,DIRECT_SUM_SYMBOL_EXACT_FOR_ORTHOGONAL_BLOCK_PRESENTATION
27,3,"{""N"": 27, ""cyclic_key"": 5, ""prime"": [{""canonical_t"": 2, ""e"": 3, ""kind"": ""odd-cyclic"", ""legendre"": -1, ""p"": 3}]}|{""N"": 4, ""cyclic_key"": 3, ""prime"": [{""brown_mod8"": 3, ""canonical_t"": 3, ""e"": 2, ""kind"": ""2-cyclic-odd"", ""p"": 2}]}|{""N"": 9, ""cyclic_key"": 5, ""prime"": [{""canonical_t"": 2, ""e"": 2, ""kind"": ""odd-cyclic"", ""legendre"": -1, ""p"": 3}]}","{""N"": 27, ""cyclic_key"": 5, ""prime"": [{""canonical_t"": 2, ""e"": 3, ""kind"": ""odd-cyclic"", ""legendre"": -1, ""p"": 3}]}|{""N"": 4, ""cyclic_key"": 3, ""prime"": [{""brown_mod8"": 3, ""canonical_t"": 3, ""e"": 2, ""kind"": ""2-cyclic-odd"", ""p"": 2}]}|{""N"": 9, ""cyclic_key"": 5, ""prime"": [{""canonical_t"": 2, ""e"": 2, ""kind"": ""odd-cyclic"", ""legendre"": -1, ""p"": 3}]}",True,DIRECT_SUM_SYMBOL_EXACT_FOR_ORTHOGONAL_BLOCK_PRESENTATION
28,2,"{""N"": 3, ""cyclic_key"": 1, ""prime"": [{""canonical_t"": 1, ""e"": 1, ""kind"": ""odd-cyclic"", ""legendre"": 1, ""p"": 3}]}|{""N"": 8, ""cyclic_key"": 1, ""prime"": [{""brown_mod8"": 1, ""canonical_t"": 1, ""e"": 3, ""kind"": ""2-cyclic-odd"", ""p"": 2}]}","{""N"": 3, ""cyclic_key"": 1, ""prime"": [{""canonical_t"": 1, ""e"": 1, ""kind"": ""odd-cyclic"", ""legendre"": 1, ""p"": 3}]}|{""N"": 8, ""cyclic_key"": 1, ""prime"": [{""brown_mod8"": 1, ""canonical_t"": 1, ""e"": 3, ""kind"": ""2-cyclic-odd"", ""p"": 2}]}",True,DIRECT_SUM_SYMBOL_EXACT_FOR_ORTHOGONAL_BLOCK_PRESENTATION
29,7,"{""N"": 12, ""cyclic_key"": 17, ""prime"": [{""brown_mod8"": 1, ""canonical_t"": 1, ""e"": 2, ""kind"": ""2-cyclic-odd"", ""p"": 2}, {""canonical_t"": 2, ""e"": 1, ""kind"": ""odd-cyclic"", ""legendre"": -1, ""p"": 3}]}|{""N"": 25, ""cyclic_key"": 4, ""prime"": [{""canonical_t"": 1, ""e"": 2, ""kind"": ""odd-cyclic"", ""legendre"": 1, ""p"": 5}]}|{""N"": 32, ""cyclic_key"": 7, ""prime"": [{""brown_mod8"": 7, ""canonical_t"": 7, ""e"": 5, ""kind"": ""2-cyclic-odd"", ""p"": 2}]}|{""N"": 4, ""cyclic_key"": 3, ""prime"": [{""brown_mod8"": 3, ""canonical_t"": 3, ""e"": 2, ""kind"": ""2-cyclic-odd"", ""p"": 2}]}|{""N"": 7, ""cyclic_key"": 3, ""prime"": [{""canonical_t"": 3, ""e"": 1, ""kind"": ""odd-cyclic"", ""legendre"": -1, ""p"": 7}]}|{""N"": 9, ""cyclic_key"": 1, ""prime"": [{""canonical_t"": 1, ""e"": 2, ""kind"": ""odd-cyclic"", ""legendre"": 1, ""p"": 3}]}|{""N"": 9, ""cyclic_key"": 4, ""prime"": [{""canonical_t"": 1, ""e"": 2, ""kind"": ""odd-cyclic"", ""legendre"": 1, ""p"": 3}]}","{""N"": 12, ""cyclic_key"": 17, ""prime"": [{""brown_mod8"": 1, ""canonical_t"": 1, ""e"": 2, ""kind"": ""2-cyclic-odd"", ""p"": 2}, {""canonical_t"": 2, ""e"": 1, ""kind"": ""odd-cyclic"", ""legendre"": -1, ""p"": 3}]}|{""N"": 25, ""cyclic_key"": 4, ""prime"": [{""canonical_t"": 1, ""e"": 2, ""kind"": ""odd-cyclic"", ""legendre"": 1, ""p"": 5}]}|{""N"": 32, ""cyclic_key"": 7, ""prime"": [{""brown_mod8"": 7, ""canonical_t"": 7, ""e"": 5, ""kind"": ""2-cyclic-odd"", ""p"": 2}]}|{""N"": 4, ""cyclic_key"": 3, ""prime"": [{""brown_mod8"": 3, ""canonical_t"": 3, ""e"": 2, ""kind"": ""2-cyclic-odd"", ""p"": 2}]}|{""N"": 7, ""cyclic_key"": 3, ""prime"": [{""canonical_t"": 3, ""e"": 1, ""kind"": ""odd-cyclic"", ""legendre"": -1, ""p"": 7}]}|{""N"": 9, ""cyclic_key"": 1, ""prime"": [{""canonical_t"": 1, ""e"": 2, ""kind"": ""odd-cyclic"", ""legendre"": 1, ""p"": 3}]}|{""N"": 9, ""cyclic_key"": 4, ""prime"": [{""canonical_t"": 1, ""e"": 2, ""kind"": ""odd-cyclic"", ""legendre"": 1, ""p"": 3}]}",True,DIRECT_SUM_SYMBOL_EXACT_FOR_ORTHOGONAL_BLOCK_PRESENTATION
30,2,"{""N"": 27, ""cyclic_key"": 4, ""prime"": [{""canonical_t"": 1, ""e"": 3, ""kind"": ""odd-cyclic"", ""legendre"": 1, ""p"": 3}]}|{""N"": 7, ""cyclic_key"": 6, ""prime"": [{""canonical_t"": 3, ""e"": 1, ""kind"": ""odd-cyclic"", ""legendre"": -1, ""p"": 7}]}","{""N"": 27, ""cyclic_key"": 4, ""prime"": [{""canonical_t"": 1, ""e"": 3, ""kind"": ""odd-cyclic"", ""legendre"": 1, ""p"": 3}]}|{""N"": 7, ""cyclic_key"": 6, ""prime"": [{""canonical_t"": 3, ""e"": 1, ""kind"": ""odd-cyclic"", ""legendre"": -1, ""p"": 7}]}",True,DIRECT_SUM_SYMBOL_EXACT_FOR_ORTHOGONAL_BLOCK_PRESENTATION
31,7,"{""N"": 16, ""cyclic_key"": 7, ""prime"": [{""brown_mod8"": 7, ""canonical_t"": 7, ""e"": 4, ""kind"": ""2-cyclic-odd"", ""p"": 2}]}|{""N"": 27, ""cyclic_key"": 1, ""prime"": [{""canonical_t"": 1, ""e"": 3, ""kind"": ""odd-cyclic"", ""legendre"": 1, ""p"": 3}]}|{""N"": 27, ""cyclic_key"": 2, ""prime"": [{""canonical_t"": 2, ""e"": 3, ""kind"": ""odd-cyclic"", ""legendre"": -1, ""p"": 3}]}|{""N"": 7, ""cyclic_key"": 1, ""prime"": [{""canonical_t"": 1, ""e"": 1, ""kind"": ""odd-cyclic"", ""legendre"": 1, ""p"": 7}]}|{""N"": 7, ""cyclic_key"": 3, ""prime"": [{""canonical_t"": 3, ""e"": 1, ""kind"": ""odd-cyclic"", ""legendre"": -1, ""p"": 7}]}|{""N"": 8, ""cyclic_key"": 3, ""prime"": [{""brown_mod8"": 3, ""canonical_t"": 3, ""e"": 3, ""kind"": ""2-cyclic-odd"", ""p"": 2}]}|{""N"": 9, ""cyclic_key"": 4, ""prime"": [{""canonical_t"": 1, ""e"": 2, ""kind"": ""odd-cyclic"", ""legendre"": 1, ""p"": 3}]}","{""N"": 16, ""cyclic_key"": 7, ""prime"": [{""brown_mod8"": 7, ""canonical_t"": 7, ""e"": 4, ""kind"": ""2-cyclic-odd"", ""p"": 2}]}|{""N"": 27, ""cyclic_key"": 1, ""prime"": [{""canonical_t"": 1, ""e"": 3, ""kind"": ""odd-cyclic"", ""legendre"": 1, ""p"": 3}]}|{""N"": 27, ""cyclic_key"": 2, ""prime"": [{""canonical_t"": 2, ""e"": 3, ""kind"": ""odd-cyclic"", ""legendre"": -1, ""p"": 3}]}|{""N"": 7, ""cyclic_key"": 1, ""prime"": [{""canonical_t"": 1, ""e"": 1, ""kind"": ""odd-cyclic"", ""legendre"": 1, ""p"": 7}]}|{""N"": 7, ""cyclic_key"": 3, ""prime"": [{""canonical_t"": 3, ""e"": 1, ""kind"": ""odd-cyclic"", ""legendre"": -1, ""p"": 7}]}|{""N"": 8, ""cyclic_key"": 3, ""prime"": [{""brown_mod8"": 3, ""canonical_t"": 3, ""e"": 3, ""kind"": ""2-cyclic-odd"", ""p"": 2}]}|{""N"": 9, ""cyclic_key"": 4, ""prime"": [{""canonical_t"": 1, ""e"": 2, ""kind"": ""odd-cyclic"", ""legendre"": 1, ""p"": 3}]}",True,DIRECT_SUM_SYMBOL_EXACT_FOR_ORTHOGONAL_BLOCK_PRESENTATION
32,7,"{""N"": 12, ""cyclic_key"": 17, ""prime"": [{""brown_mod8"": 1, ""canonical_t"": 1, ""e"": 2, ""kind"": ""2-cyclic-odd"", ""p"": 2}, {""canonical_t"": 2, ""e"": 1, ""kind"": ""odd-cyclic"", ""legendre"": -1, ""p"": 3}]}|{""N"": 25, ""cyclic_key"": 3, ""prime"": [{""canonical_t"": 2, ""e"": 2, ""kind"": ""odd-cyclic"", ""legendre"": -1, ""p"": 5}]}|{""N"": 25, ""cyclic_key"": 3, ""prime"": [{""canonical_t"": 2, ""e"": 2, ""kind"": ""odd-cyclic"", ""legendre"": -1, ""p"": 5}]}|{""N"": 27, ""cyclic_key"": 1, ""prime"": [{""canonical_t"": 1, ""e"": 3, ""kind"": ""odd-cyclic"", ""legendre"": 1, ""p"": 3}]}|{""N"": 3, ""cyclic_key"": 2, ""prime"": [{""canonical_t"": 2, ""e"": 1, ""kind"": ""odd-cyclic"", ""legendre"": -1, ""p"": 3}]}|{""N"": 7, ""cyclic_key"": 1, ""prime"": [{""canonical_t"": 1, ""e"": 1, ""kind"": ""odd-cyclic"", ""legendre"": 1, ""p"": 7}]}|{""N"": 9, ""cyclic_key"": 5, ""prime"": [{""canonical_t"": 2, ""e"": 2, ""kind"": ""odd-cyclic"", ""legendre"": -1, ""p"": 3}]}","{""N"": 12, ""cyclic_key"": 17, ""prime"": [{""brown_mod8"": 1, ""canonical_t"": 1, ""e"": 2, ""kind"": ""2-cyclic-odd"", ""p"": 2}, {""canonical_t"": 2, ""e"": 1, ""kind"": ""odd-cyclic"", ""legendre"": -1, ""p"": 3}]}|{""N"": 25, ""cyclic_key"": 3, ""prime"": [{""canonical_t"": 2, ""e"": 2, ""kind"": ""odd-cyclic"", ""legendre"": -1, ""p"": 5}]}|{""N"": 25, ""cyclic_key"": 3, ""prime"": [{""canonical_t"": 2, ""e"": 2, ""kind"": ""odd-cyclic"", ""legendre"": -1, ""p"": 5}]}|{""N"": 27, ""cyclic_key"": 1, ""prime"": [{""canonical_t"": 1, ""e"": 3, ""kind"": ""odd-cyclic"", ""legendre"": 1, ""p"": 3}]}|{""N"": 3, ""cyclic_key"": 2, ""prime"": [{""canonical_t"": 2, ""e"": 1, ""kind"": ""odd-cyclic"", ""legendre"": -1, ""p"": 3}]}|{""N"": 7, ""cyclic_key"": 1, ""prime"": [{""canonical_t"": 1, ""e"": 1, ""kind"": ""odd-cyclic"", ""legendre"": 1, ""p"": 7}]}|{""N"": 9, ""cyclic_key"": 5, ""prime"": [{""canonical_t"": 2, ""e"": 2, ""kind"": ""odd-cyclic"", ""legendre"": -1, ""p"": 3}]}",True,DIRECT_SUM_SYMBOL_EXACT_FOR_ORTHOGONAL_BLOCK_PRESENTATION
33,6,"{""N"": 25, ""cyclic_key"": 1, ""prime"": [{""canonical_t"": 1, ""e"": 2, ""kind"": ""odd-cyclic"", ""legendre"": 1, ""p"": 5}]}|{""N"": 25, ""cyclic_key"": 1, ""prime"": [{""canonical_t"": 1, ""e"": 2, ""kind"": ""odd-cyclic"", ""legendre"": 1, ""p"": 5}]}|{""N"": 25, ""cyclic_key"": 2, ""prime"": [{""canonical_t"": 2, ""e"": 2, ""kind"": ""odd-cyclic"", ""legendre"": -1, ""p"": 5}]}|{""N"": 27, ""cyclic_key"": 5, ""prime"": [{""canonical_t"": 2, ""e"": 3, ""kind"": ""odd-cyclic"", ""legendre"": -1, ""p"": 3}]}|{""N"": 3, ""cyclic_key"": 5, ""prime"": [{""canonical_t"": 2, ""e"": 1, ""kind"": ""odd-cyclic"", ""legendre"": -1, ""p"": 3}]}|{""N"": 32, ""cyclic_key"": 1, ""prime"": [{""brown_mod8"": 1, ""canonical_t"": 1, ""e"": 5, ""kind"": ""2-cyclic-odd"", ""p"": 2}]}","{""N"": 25, ""cyclic_key"": 1, ""prime"": [{""canonical_t"": 1, ""e"": 2, ""kind"": ""odd-cyclic"", ""legendre"": 1, ""p"": 5}]}|{""N"": 25, ""cyclic_key"": 1, ""prime"": [{""canonical_t"": 1, ""e"": 2, ""kind"": ""odd-cyclic"", ""legendre"": 1, ""p"": 5}]}|{""N"": 25, ""cyclic_key"": 2, ""prime"": [{""canonical_t"": 2, ""e"": 2, ""kind"": ""odd-cyclic"", ""legendre"": -1, ""p"": 5}]}|{""N"": 27, ""cyclic_key"": 5, ""prime"": [{""canonical_t"": 2, ""e"": 3, ""kind"": ""odd-cyclic"", ""legendre"": -1, ""p"": 3}]}|{""N"": 3, ""cyclic_key"": 5, ""prime"": [{""canonical_t"": 2, ""e"": 1, ""kind"": ""odd-cyclic"", ""legendre"": -1, ""p"": 3}]}|{""N"": 32, ""cyclic_key"": 1, ""prime"": [{""brown_mod8"": 1, ""canonical_t"": 1, ""e"": 5, ""kind"": ""2-cyclic-odd"", ""p"": 2}]}",True,DIRECT_SUM_SYMBOL_EXACT_FOR_ORTHOGONAL_BLOCK_PRESENTATION
34,7,"{""N"": 16, ""cyclic_key"": 7, ""prime"": [{""brown_mod8"": 7, ""canonical_t"": 7, ""e"": 4, ""kind"": ""2-cyclic-odd"", ""p"": 2}]}|{""N"": 25, ""cyclic_key"": 3, ""prime"": [{""canonical_t"": 2, ""e"": 2, ""kind"": ""odd-cyclic"", ""legendre"": -1, ""p"": 5}]}|{""N"": 27, ""cyclic_key"": 1, ""prime"": [{""canonical_t"": 1, ""e"": 3, ""kind"": ""odd-cyclic"", ""legendre"": 1, ""p"": 3}]}|{""N"": 4, ""cyclic_key"": 5, ""prime"": [{""brown_mod8"": 5, ""canonical_t"": 5, ""e"": 2, ""kind"": ""2-cyclic-odd"", ""p"": 2}]}|{""N"": 5, ""cyclic_key"": 1, ""prime"": [{""canonical_t"": 1, ""e"": 1, ""kind"": ""odd-cyclic"", ""legendre"": 1, ""p"": 5}]}|{""N"": 8, ""cyclic_key"": 1, ""prime"": [{""brown_mod8"": 1, ""canonical_t"": 1, ""e"": 3, ""kind"": ""2-cyclic-odd"", ""p"": 2}]}|{""N"": 9, ""cyclic_key"": 2, ""prime"": [{""canonical_t"": 2, ""e"": 2, ""kind"": ""odd-cyclic"", ""legendre"": -1, ""p"": 3}]}","{""N"": 16, ""cyclic_key"": 7, ""prime"": [{""brown_mod8"": 7, ""canonical_t"": 7, ""e"": 4, ""kind"": ""2-cyclic-odd"", ""p"": 2}]}|{""N"": 25, ""cyclic_key"": 3, ""prime"": [{""canonical_t"": 2, ""e"": 2, ""kind"": ""odd-cyclic"", ""legendre"": -1, ""p"": 5}]}|{""N"": 27, ""cyclic_key"": 1, ""prime"": [{""canonical_t"": 1, ""e"": 3, ""kind"": ""odd-cyclic"", ""legendre"": 1, ""p"": 3}]}|{""N"": 4, ""cyclic_key"": 5, ""prime"": [{""brown_mod8"": 5, ""canonical_t"": 5, ""e"": 2, ""kind"": ""2-cyclic-odd"", ""p"": 2}]}|{""N"": 5, ""cyclic_key"": 1, ""prime"": [{""canonical_t"": 1, ""e"": 1, ""kind"": ""odd-cyclic"", ""legendre"": 1, ""p"": 5}]}|{""N"": 8, ""cyclic_key"": 1, ""prime"": [{""brown_mod8"": 1, ""canonical_t"": 1, ""e"": 3, ""kind"": ""2-cyclic-odd"", ""p"": 2}]}|{""N"": 9, ""cyclic_key"": 2, ""prime"": [{""canonical_t"": 2, ""e"": 2, ""kind"": ""odd-cyclic"", ""legendre"": -1, ""p"": 3}]}",True,DIRECT_SUM_SYMBOL_EXACT_FOR_ORTHOGONAL_BLOCK_PRESENTATION
35,4,"{""N"": 12, ""cyclic_key"": 11, ""prime"": [{""brown_mod8"": 3, ""canonical_t"": 3, ""e"": 2, ""kind"": ""2-cyclic-odd"", ""p"": 2}, {""canonical_t"": 2, ""e"": 1, ""kind"": ""odd-cyclic"", ""legendre"": -1, ""p"": 3}]}|{""N"": 12, ""cyclic_key"": 11, ""prime"": [{""brown_mod8"": 3, ""canonical_t"": 3, ""e"": 2, ""kind"": ""2-cyclic-odd"", ""p"": 2}, {""canonical_t"": 2, ""e"": 1, ""kind"": ""odd-cyclic"", ""legendre"": -1, ""p"": 3}]}|{""N"": 25, ""cyclic_key"": 4, ""prime"": [{""canonical_t"": 1, ""e"": 2, ""kind"": ""odd-cyclic"", ""legendre"": 1, ""p"": 5}]}|{""N"": 3, ""cyclic_key"": 5, ""prime"": [{""canonical_t"": 2, ""e"": 1, ""kind"": ""odd-cyclic"", ""legendre"": -1, ""p"": 3}]}","{""N"": 12, ""cyclic_key"": 11, ""prime"": [{""brown_mod8"": 3, ""canonical_t"": 3, ""e"": 2, ""kind"": ""2-cyclic-odd"", ""p"": 2}, {""canonical_t"": 2, ""e"": 1, ""kind"": ""odd-cyclic"", ""legendre"": -1, ""p"": 3}]}|{""N"": 12, ""cyclic_key"": 11, ""prime"": [{""brown_mod8"": 3, ""canonical_t"": 3, ""e"": 2, ""kind"": ""2-cyclic-odd"", ""p"": 2}, {""canonical_t"": 2, ""e"": 1, ""kind"": ""odd-cyclic"", ""legendre"": -1, ""p"": 3}]}|{""N"": 25, ""cyclic_key"": 4, ""prime"": [{""canonical_t"": 1, ""e"": 2, ""kind"": ""odd-cyclic"", ""legendre"": 1, ""p"": 5}]}|{""N"": 3, ""cyclic_key"": 5, ""prime"": [{""canonical_t"": 2, ""e"": 1, ""kind"": ""odd-cyclic"", ""legendre"": -1, ""p"": 3}]}",True,DIRECT_SUM_SYMBOL_EXACT_FOR_ORTHOGONAL_BLOCK_PRESENTATION
36,7,"{""N"": 12, ""cyclic_key"": 11, ""prime"": [{""brown_mod8"": 3, ""canonical_t"": 3, ""e"": 2, ""kind"": ""2-cyclic-odd"", ""p"": 2}, {""canonical_t"": 2, ""e"": 1, ""kind"": ""odd-cyclic"", ""legendre"": -1, ""p"": 3}]}|{""N"": 12, ""cyclic_key"": 5, ""prime"": [{""brown_mod8"": 5, ""canonical_t"": 5, ""e"": 2, ""kind"": ""2-cyclic-odd"", ""p"": 2}, {""canonical_t"": 2, ""e"": 1, ""kind"": ""odd-cyclic"", ""legendre"": -1, ""p"": 3}]}|{""N"": 12, ""cyclic_key"": 7, ""prime"": [{""brown_mod8"": 7, ""canonical_t"": 7, ""e"": 2, ""kind"": ""2-cyclic-odd"", ""p"": 2}, {""canonical_t"": 1, ""e"": 1, ""kind"": ""odd-cyclic"", ""legendre"": 1, ""p"": 3}]}|{""N"": 25, ""cyclic_key"": 4, ""prime"": [{""canonical_t"": 1, ""e"": 2, ""kind"": ""odd-cyclic"", ""legendre"": 1, ""p"": 5}]}|{""N"": 27, ""cyclic_key"": 5, ""prime"": [{""canonical_t"": 2, ""e"": 3, ""kind"": ""odd-cyclic"", ""legendre"": -1, ""p"": 3}]}|{""N"": 32, ""cyclic_key"": 5, ""prime"": [{""brown_mod8"": 5, ""canonical_t"": 5, ""e"": 5, ""kind"": ""2-cyclic-odd"", ""p"": 2}]}|{""N"": 7, ""cyclic_key"": 1, ""prime"": [{""canonical_t"": 1, ""e"": 1, ""kind"": ""odd-cyclic"", ""legendre"": 1, ""p"": 7}]}","{""N"": 12, ""cyclic_key"": 11, ""prime"": [{""brown_mod8"": 3, ""canonical_t"": 3, ""e"": 2, ""kind"": ""2-cyclic-odd"", ""p"": 2}, {""canonical_t"": 2, ""e"": 1, ""kind"": ""odd-cyclic"", ""legendre"": -1, ""p"": 3}]}|{""N"": 12, ""cyclic_key"": 5, ""prime"": [{""brown_mod8"": 5, ""canonical_t"": 5, ""e"": 2, ""kind"": ""2-cyclic-odd"", ""p"": 2}, {""canonical_t"": 2, ""e"": 1, ""kind"": ""odd-cyclic"", ""legendre"": -1, ""p"": 3}]}|{""N"": 12, ""cyclic_key"": 7, ""prime"": [{""brown_mod8"": 7, ""canonical_t"": 7, ""e"": 2, ""kind"": ""2-cyclic-odd"", ""p"": 2}, {""canonical_t"": 1, ""e"": 1, ""kind"": ""odd-cyclic"", ""legendre"": 1, ""p"": 3}]}|{""N"": 25, ""cyclic_key"": 4, ""prime"": [{""canonical_t"": 1, ""e"": 2, ""kind"": ""odd-cyclic"", ""legendre"": 1, ""p"": 5}]}|{""N"": 27, ""cyclic_key"": 5, ""prime"": [{""canonical_t"": 2, ""e"": 3, ""kind"": ""odd-cyclic"", ""legendre"": -1, ""p"": 3}]}|{""N"": 32, ""cyclic_key"": 5, ""prime"": [{""brown_mod8"": 5, ""canonical_t"": 5, ""e"": 5, ""kind"": ""2-cyclic-odd"", ""p"": 2}]}|{""N"": 7, ""cyclic_key"": 1, ""prime"": [{""canonical_t"": 1, ""e"": 1, ""kind"": ""odd-cyclic"", ""legendre"": 1, ""p"": 7}]}",True,DIRECT_SUM_SYMBOL_EXACT_FOR_ORTHOGONAL_BLOCK_PRESENTATION
37,2,"{""N"": 16, ""cyclic_key"": 5, ""prime"": [{""brown_mod8"": 5, ""canonical_t"": 5, ""e"": 4, ""kind"": ""2-cyclic-odd"", ""p"": 2}]}|{""N"": 32, ""cyclic_key"": 7, ""prime"": [{""brown_mod8"": 7, ""canonical_t"": 7, ""e"": 5, ""kind"": ""2-cyclic-odd"", ""p"": 2}]}","{""N"": 16, ""cyclic_key"": 5, ""prime"": [{""brown_mod8"": 5, ""canonical_t"": 5, ""e"": 4, ""kind"": ""2-cyclic-odd"", ""p"": 2}]}|{""N"": 32, ""cyclic_key"": 7, ""prime"": [{""brown_mod8"": 7, ""canonical_t"": 7, ""e"": 5, ""kind"": ""2-cyclic-odd"", ""p"": 2}]}",True,DIRECT_SUM_SYMBOL_EXACT_FOR_ORTHOGONAL_BLOCK_PRESENTATION
38,3,"{""N"": 32, ""cyclic_key"": 1, ""prime"": [{""brown_mod8"": 1, ""canonical_t"": 1, ""e"": 5, ""kind"": ""2-cyclic-odd"", ""p"": 2}]}|{""N"": 32, ""cyclic_key"": 5, ""prime"": [{""brown_mod8"": 5, ""canonical_t"": 5, ""e"": 5, ""kind"": ""2-cyclic-odd"", ""p"": 2}]}|{""N"": 32, ""cyclic_key"": 7, ""prime"": [{""brown_mod8"": 7, ""canonical_t"": 7, ""e"": 5, ""kind"": ""2-cyclic-odd"", ""p"": 2}]}","{""N"": 32, ""cyclic_key"": 1, ""prime"": [{""brown_mod8"": 1, ""canonical_t"": 1, ""e"": 5, ""kind"": ""2-cyclic-odd"", ""p"": 2}]}|{""N"": 32, ""cyclic_key"": 5, ""prime"": [{""brown_mod8"": 5, ""canonical_t"": 5, ""e"": 5, ""kind"": ""2-cyclic-odd"", ""p"": 2}]}|{""N"": 32, ""cyclic_key"": 7, ""prime"": [{""brown_mod8"": 7, ""canonical_t"": 7, ""e"": 5, ""kind"": ""2-cyclic-odd"", ""p"": 2}]}",True,DIRECT_SUM_SYMBOL_EXACT_FOR_ORTHOGONAL_BLOCK_PRESENTATION
39,7,"{""N"": 25, ""cyclic_key"": 2, ""prime"": [{""canonical_t"": 2, ""e"": 2, ""kind"": ""odd-cyclic"", ""legendre"": -1, ""p"": 5}]}|{""N"": 27, ""cyclic_key"": 4, ""prime"": [{""canonical_t"": 1, ""e"": 3, ""kind"": ""odd-cyclic"", ""legendre"": 1, ""p"": 3}]}|{""N"": 32, ""cyclic_key"": 3, ""prime"": [{""brown_mod8"": 3, ""canonical_t"": 3, ""e"": 5, ""kind"": ""2-cyclic-odd"", ""p"": 2}]}|{""N"": 5, ""cyclic_key"": 1, ""prime"": [{""canonical_t"": 1, ""e"": 1, ""kind"": ""odd-cyclic"", ""legendre"": 1, ""p"": 5}]}|{""N"": 5, ""cyclic_key"": 4, ""prime"": [{""canonical_t"": 1, ""e"": 1, ""kind"": ""odd-cyclic"", ""legendre"": 1, ""p"": 5}]}|{""N"": 7, ""cyclic_key"": 2, ""prime"": [{""canonical_t"": 1, ""e"": 1, ""kind"": ""odd-cyclic"", ""legendre"": 1, ""p"": 7}]}|{""N"": 8, ""cyclic_key"": 3, ""prime"": [{""brown_mod8"": 3, ""canonical_t"": 3, ""e"": 3, ""kind"": ""2-cyclic-odd"", ""p"": 2}]}","{""N"": 25, ""cyclic_key"": 2, ""prime"": [{""canonical_t"": 2, ""e"": 2, ""kind"": ""odd-cyclic"", ""legendre"": -1, ""p"": 5}]}|{""N"": 27, ""cyclic_key"": 4, ""prime"": [{""canonical_t"": 1, ""e"": 3, ""kind"": ""odd-cyclic"", ""legendre"": 1, ""p"": 3}]}|{""N"": 32, ""cyclic_key"": 3, ""prime"": [{""brown_mod8"": 3, ""canonical_t"": 3, ""e"": 5, ""kind"": ""2-cyclic-odd"", ""p"": 2}]}|{""N"": 5, ""cyclic_key"": 1, ""prime"": [{""canonical_t"": 1, ""e"": 1, ""kind"": ""odd-cyclic"", ""legendre"": 1, ""p"": 5}]}|{""N"": 5, ""cyclic_key"": 4, ""prime"": [{""canonical_t"": 1, ""e"": 1, ""kind"": ""odd-cyclic"", ""legendre"": 1, ""p"": 5}]}|{""N"": 7, ""cyclic_key"": 2, ""prime"": [{""canonical_t"": 1, ""e"": 1, ""kind"": ""odd-cyclic"", ""legendre"": 1, ""p"": 7}]}|{""N"": 8, ""cyclic_key"": 3, ""prime"": [{""brown_mod8"": 3, ""canonical_t"": 3, ""e"": 3, ""kind"": ""2-cyclic-odd"", ""p"": 2}]}",True,DIRECT_SUM_SYMBOL_EXACT_FOR_ORTHOGONAL_BLOCK_PRESENTATION
40,7,"{""N"": 25, ""cyclic_key"": 3, ""prime"": [{""canonical_t"": 2, ""e"": 2, ""kind"": ""odd-cyclic"", ""legendre"": -1, ""p"": 5}]}|{""N"": 3, ""cyclic_key"": 1, ""prime"": [{""canonical_t"": 1, ""e"": 1, ""kind"": ""odd-cyclic"", ""legendre"": 1, ""p"": 3}]}|{""N"": 3, ""cyclic_key"": 5, ""prime"": [{""canonical_t"": 2, ""e"": 1, ""kind"": ""odd-cyclic"", ""legendre"": -1, ""p"": 3}]}|{""N"": 32, ""cyclic_key"": 7, ""prime"": [{""brown_mod8"": 7, ""canonical_t"": 7, ""e"": 5, ""kind"": ""2-cyclic-odd"", ""p"": 2}]}|{""N"": 5, ""cyclic_key"": 3, ""prime"": [{""canonical_t"": 2, ""e"": 1, ""kind"": ""odd-cyclic"", ""legendre"": -1, ""p"": 5}]}|{""N"": 5, ""cyclic_key"": 4, ""prime"": [{""canonical_t"": 1, ""e"": 1, ""kind"": ""odd-cyclic"", ""legendre"": 1, ""p"": 5}]}|{""N"": 7, ""cyclic_key"": 3, ""prime"": [{""canonical_t"": 3, ""e"": 1, ""kind"": ""odd-cyclic"", ""legendre"": -1, ""p"": 7}]}","{""N"": 25, ""cyclic_key"": 3, ""prime"": [{""canonical_t"": 2, ""e"": 2, ""kind"": ""odd-cyclic"", ""legendre"": -1, ""p"": 5}]}|{""N"": 3, ""cyclic_key"": 1, ""prime"": [{""canonical_t"": 1, ""e"": 1, ""kind"": ""odd-cyclic"", ""legendre"": 1, ""p"": 3}]}|{""N"": 3, ""cyclic_key"": 5, ""prime"": [{""canonical_t"": 2, ""e"": 1, ""kind"": ""odd-cyclic"", ""legendre"": -1, ""p"": 3}]}|{""N"": 32, ""cyclic_key"": 7, ""prime"": [{""brown_mod8"": 7, ""canonical_t"": 7, ""e"": 5, ""kind"": ""2-cyclic-odd"", ""p"": 2}]}|{""N"": 5, ""cyclic_key"": 3, ""prime"": [{""canonical_t"": 2, ""e"": 1, ""kind"": ""odd-cyclic"", ""legendre"": -1, ""p"": 5}]}|{""N"": 5, ""cyclic_key"": 4, ""prime"": [{""canonical_t"": 1, ""e"": 1, ""kind"": ""odd-cyclic"", ""legendre"": 1, ""p"": 5}]}|{""N"": 7, ""cyclic_key"": 3, ""prime"": [{""canonical_t"": 3, ""e"": 1, ""kind"": ""odd-cyclic"", ""legendre"": -1, ""p"": 7}]}",True,DIRECT_SUM_SYMBOL_EXACT_FOR_ORTHOGONAL_BLOCK_PRESENTATION
41,6,"{""N"": 5, ""cyclic_key"": 4, ""prime"": [{""canonical_t"": 1, ""e"": 1, ""kind"": ""odd-cyclic"", ""legendre"": 1, ""p"": 5}]}|{""N"": 5, ""cyclic_key"": 4, ""prime"": [{""canonical_t"": 1, ""e"": 1, ""kind"": ""odd-cyclic"", ""legendre"": 1, ""p"": 5}]}|{""N"": 7, ""cyclic_key"": 1, ""prime"": [{""canonical_t"": 1, ""e"": 1, ""kind"": ""odd-cyclic"", ""legendre"": 1, ""p"": 7}]}|{""N"": 7, ""cyclic_key"": 2, ""prime"": [{""canonical_t"": 1, ""e"": 1, ""kind"": ""odd-cyclic"", ""legendre"": 1, ""p"": 7}]}|{""N"": 7, ""cyclic_key"": 3, ""prime"": [{""canonical_t"": 3, ""e"": 1, ""kind"": ""odd-cyclic"", ""legendre"": -1, ""p"": 7}]}|{""N"": 9, ""cyclic_key"": 4, ""prime"": [{""canonical_t"": 1, ""e"": 2, ""kind"": ""odd-cyclic"", ""legendre"": 1, ""p"": 3}]}","{""N"": 5, ""cyclic_key"": 4, ""prime"": [{""canonical_t"": 1, ""e"": 1, ""kind"": ""odd-cyclic"", ""legendre"": 1, ""p"": 5}]}|{""N"": 5, ""cyclic_key"": 4, ""prime"": [{""canonical_t"": 1, ""e"": 1, ""kind"": ""odd-cyclic"", ""legendre"": 1, ""p"": 5}]}|{""N"": 7, ""cyclic_key"": 1, ""prime"": [{""canonical_t"": 1, ""e"": 1, ""kind"": ""odd-cyclic"", ""legendre"": 1, ""p"": 7}]}|{""N"": 7, ""cyclic_key"": 2, ""prime"": [{""canonical_t"": 1, ""e"": 1, ""kind"": ""odd-cyclic"", ""legendre"": 1, ""p"": 7}]}|{""N"": 7, ""cyclic_key"": 3, ""prime"": [{""canonical_t"": 3, ""e"": 1, ""kind"": ""odd-cyclic"", ""legendre"": -1, ""p"": 7}]}|{""N"": 9, ""cyclic_key"": 4, ""prime"": [{""canonical_t"": 1, ""e"": 2, ""kind"": ""odd-cyclic"", ""legendre"": 1, ""p"": 3}]}",True,DIRECT_SUM_SYMBOL_EXACT_FOR_ORTHOGONAL_BLOCK_PRESENTATION
42,7,"{""N"": 25, ""cyclic_key"": 4, ""prime"": [{""canonical_t"": 1, ""e"": 2, ""kind"": ""odd-cyclic"", ""legendre"": 1, ""p"": 5}]}|{""N"": 27, ""cyclic_key"": 5, ""prime"": [{""canonical_t"": 2, ""e"": 3, ""kind"": ""odd-cyclic"", ""legendre"": -1, ""p"": 3}]}|{""N"": 5, ""cyclic_key"": 4, ""prime"": [{""canonical_t"": 1, ""e"": 1, ""kind"": ""odd-cyclic"", ""legendre"": 1, ""p"": 5}]}|{""N"": 7, ""cyclic_key"": 3, ""prime"": [{""canonical_t"": 3, ""e"": 1, ""kind"": ""odd-cyclic"", ""legendre"": -1, ""p"": 7}]}|{""N"": 8, ""cyclic_key"": 5, ""prime"": [{""brown_mod8"": 5, ""canonical_t"": 5, ""e"": 3, ""kind"": ""2-cyclic-odd"", ""p"": 2}]}|{""N"": 8, ""cyclic_key"": 7, ""prime"": [{""brown_mod8"": 7, ""canonical_t"": 7, ""e"": 3, ""kind"": ""2-cyclic-odd"", ""p"": 2}]}|{""N"": 8, ""cyclic_key"": 7, ""prime"": [{""brown_mod8"": 7, ""canonical_t"": 7, ""e"": 3, ""kind"": ""2-cyclic-odd"", ""p"": 2}]}","{""N"": 25, ""cyclic_key"": 4, ""prime"": [{""canonical_t"": 1, ""e"": 2, ""kind"": ""odd-cyclic"", ""legendre"": 1, ""p"": 5}]}|{""N"": 27, ""cyclic_key"": 5, ""prime"": [{""canonical_t"": 2, ""e"": 3, ""kind"": ""odd-cyclic"", ""legendre"": -1, ""p"": 3}]}|{""N"": 5, ""cyclic_key"": 4, ""prime"": [{""canonical_t"": 1, ""e"": 1, ""kind"": ""odd-cyclic"", ""legendre"": 1, ""p"": 5}]}|{""N"": 7, ""cyclic_key"": 3, ""prime"": [{""canonical_t"": 3, ""e"": 1, ""kind"": ""odd-cyclic"", ""legendre"": -1, ""p"": 7}]}|{""N"": 8, ""cyclic_key"": 5, ""prime"": [{""brown_mod8"": 5, ""canonical_t"": 5, ""e"": 3, ""kind"": ""2-cyclic-odd"", ""p"": 2}]}|{""N"": 8, ""cyclic_key"": 7, ""prime"": [{""brown_mod8"": 7, ""canonical_t"": 7, ""e"": 3, ""kind"": ""2-cyclic-odd"", ""p"": 2}]}|{""N"": 8, ""cyclic_key"": 7, ""prime"": [{""brown_mod8"": 7, ""canonical_t"": 7, ""e"": 3, ""kind"": ""2-cyclic-odd"", ""p"": 2}]}",True,DIRECT_SUM_SYMBOL_EXACT_FOR_ORTHOGONAL_BLOCK_PRESENTATION
43,5,"{""N"": 16, ""cyclic_key"": 5, ""prime"": [{""brown_mod8"": 5, ""canonical_t"": 5, ""e"": 4, ""kind"": ""2-cyclic-odd"", ""p"": 2}]}|{""N"": 25, ""cyclic_key"": 4, ""prime"": [{""canonical_t"": 1, ""e"": 2, ""kind"": ""odd-cyclic"", ""legendre"": 1, ""p"": 5}]}|{""N"": 7, ""cyclic_key"": 2, ""prime"": [{""canonical_t"": 1, ""e"": 1, ""kind"": ""odd-cyclic"", ""legendre"": 1, ""p"": 7}]}|{""N"": 7, ""cyclic_key"": 2, ""prime"": [{""canonical_t"": 1, ""e"": 1, ""kind"": ""odd-cyclic"", ""legendre"": 1, ""p"": 7}]}|{""N"": 9, ""cyclic_key"": 2, ""prime"": [{""canonical_t"": 2, ""e"": 2, ""kind"": ""odd-cyclic"", ""legendre"": -1, ""p"": 3}]}","{""N"": 16, ""cyclic_key"": 5, ""prime"": [{""brown_mod8"": 5, ""canonical_t"": 5, ""e"": 4, ""kind"": ""2-cyclic-odd"", ""p"": 2}]}|{""N"": 25, ""cyclic_key"": 4, ""prime"": [{""canonical_t"": 1, ""e"": 2, ""kind"": ""odd-cyclic"", ""legendre"": 1, ""p"": 5}]}|{""N"": 7, ""cyclic_key"": 2, ""prime"": [{""canonical_t"": 1, ""e"": 1, ""kind"": ""odd-cyclic"", ""legendre"": 1, ""p"": 7}]}|{""N"": 7, ""cyclic_key"": 2, ""prime"": [{""canonical_t"": 1, ""e"": 1, ""kind"": ""odd-cyclic"", ""legendre"": 1, ""p"": 7}]}|{""N"": 9, ""cyclic_key"": 2, ""prime"": [{""canonical_t"": 2, ""e"": 2, ""kind"": ""odd-cyclic"", ""legendre"": -1, ""p"": 3}]}",True,DIRECT_SUM_SYMBOL_EXACT_FOR_ORTHOGONAL_BLOCK_PRESENTATION
44,3,"{""N"": 12, ""cyclic_key"": 17, ""prime"": [{""brown_mod8"": 1, ""canonical_t"": 1, ""e"": 2, ""kind"": ""2-cyclic-odd"", ""p"": 2}, {""canonical_t"": 2, ""e"": 1, ""kind"": ""odd-cyclic"", ""legendre"": -1, ""p"": 3}]}|{""N"": 2, ""cyclic_key"": 3, ""prime"": [{""brown_mod8"": 3, ""canonical_t"": 3, ""e"": 1, ""kind"": ""2-cyclic-odd"", ""p"": 2}]}|{""N"": 25, ""cyclic_key"": 1, ""prime"": [{""canonical_t"": 1, ""e"": 2, ""kind"": ""odd-cyclic"", ""legendre"": 1, ""p"": 5}]}","{""N"": 12, ""cyclic_key"": 17, ""prime"": [{""brown_mod8"": 1, ""canonical_t"": 1, ""e"": 2, ""kind"": ""2-cyclic-odd"", ""p"": 2}, {""canonical_t"": 2, ""e"": 1, ""kind"": ""odd-cyclic"", ""legendre"": -1, ""p"": 3}]}|{""N"": 2, ""cyclic_key"": 3, ""prime"": [{""brown_mod8"": 3, ""canonical_t"": 3, ""e"": 1, ""kind"": ""2-cyclic-odd"", ""p"": 2}]}|{""N"": 25, ""cyclic_key"": 1, ""prime"": [{""canonical_t"": 1, ""e"": 2, ""kind"": ""odd-cyclic"", ""legendre"": 1, ""p"": 5}]}",True,DIRECT_SUM_SYMBOL_EXACT_FOR_ORTHOGONAL_BLOCK_PRESENTATION
45,7,"{""N"": 12, ""cyclic_key"": 1, ""prime"": [{""brown_mod8"": 1, ""canonical_t"": 1, ""e"": 2, ""kind"": ""2-cyclic-odd"", ""p"": 2}, {""canonical_t"": 1, ""e"": 1, ""kind"": ""odd-cyclic"", ""legendre"": 1, ""p"": 3}]}|{""N"": 2, ""cyclic_key"": 3, ""prime"": [{""brown_mod8"": 3, ""canonical_t"": 3, ""e"": 1, ""kind"": ""2-cyclic-odd"", ""p"": 2}]}|{""N"": 27, ""cyclic_key"": 1, ""prime"": [{""canonical_t"": 1, ""e"": 3, ""kind"": ""odd-cyclic"", ""legendre"": 1, ""p"": 3}]}|{""N"": 27, ""cyclic_key"": 2, ""prime"": [{""canonical_t"": 2, ""e"": 3, ""kind"": ""odd-cyclic"", ""legendre"": -1, ""p"": 3}]}|{""N"": 32, ""cyclic_key"": 7, ""prime"": [{""brown_mod8"": 7, ""canonical_t"": 7, ""e"": 5, ""kind"": ""2-cyclic-odd"", ""p"": 2}]}|{""N"": 5, ""cyclic_key"": 4, ""prime"": [{""canonical_t"": 1, ""e"": 1, ""kind"": ""odd-cyclic"", ""legendre"": 1, ""p"": 5}]}|{""N"": 9, ""cyclic_key"": 4, ""prime"": [{""canonical_t"": 1, ""e"": 2, ""kind"": ""odd-cyclic"", ""legendre"": 1, ""p"": 3}]}","{""N"": 12, ""cyclic_key"": 1, ""prime"": [{""brown_mod8"": 1, ""canonical_t"": 1, ""e"": 2, ""kind"": ""2-cyclic-odd"", ""p"": 2}, {""canonical_t"": 1, ""e"": 1, ""kind"": ""odd-cyclic"", ""legendre"": 1, ""p"": 3}]}|{""N"": 2, ""cyclic_key"": 3, ""prime"": [{""brown_mod8"": 3, ""canonical_t"": 3, ""e"": 1, ""kind"": ""2-cyclic-odd"", ""p"": 2}]}|{""N"": 27, ""cyclic_key"": 1, ""prime"": [{""canonical_t"": 1, ""e"": 3, ""kind"": ""odd-cyclic"", ""legendre"": 1, ""p"": 3}]}|{""N"": 27, ""cyclic_key"": 2, ""prime"": [{""canonical_t"": 2, ""e"": 3, ""kind"": ""odd-cyclic"", ""legendre"": -1, ""p"": 3}]}|{""N"": 32, ""cyclic_key"": 7, ""prime"": [{""brown_mod8"": 7, ""canonical_t"": 7, ""e"": 5, ""kind"": ""2-cyclic-odd"", ""p"": 2}]}|{""N"": 5, ""cyclic_key"": 4, ""prime"": [{""canonical_t"": 1, ""e"": 1, ""kind"": ""odd-cyclic"", ""legendre"": 1, ""p"": 5}]}|{""N"": 9, ""cyclic_key"": 4, ""prime"": [{""canonical_t"": 1, ""e"": 2, ""kind"": ""odd-cyclic"", ""legendre"": 1, ""p"": 3}]}",True,DIRECT_SUM_SYMBOL_EXACT_FOR_ORTHOGONAL_BLOCK_PRESENTATION
46,7,"{""N"": 12, ""cyclic_key"": 13, ""prime"": [{""brown_mod8"": 5, ""canonical_t"": 5, ""e"": 2, ""kind"": ""2-cyclic-odd"", ""p"": 2}, {""canonical_t"": 1, ""e"": 1, ""kind"": ""odd-cyclic"", ""legendre"": 1, ""p"": 3}]}|{""N"": 16, ""cyclic_key"": 3, ""prime"": [{""brown_mod8"": 3, ""canonical_t"": 3, ""e"": 4, ""kind"": ""2-cyclic-odd"", ""p"": 2}]}|{""N"": 2, ""cyclic_key"": 1, ""prime"": [{""brown_mod8"": 1, ""canonical_t"": 1, ""e"": 1, ""kind"": ""2-cyclic-odd"", ""p"": 2}]}|{""N"": 25, ""cyclic_key"": 3, ""prime"": [{""canonical_t"": 2, ""e"": 2, ""kind"": ""odd-cyclic"", ""legendre"": -1, ""p"": 5}]}|{""N"": 27, ""cyclic_key"": 2, ""prime"": [{""canonical_t"": 2, ""e"": 3, ""kind"": ""odd-cyclic"", ""legendre"": -1, ""p"": 3}]}|{""N"": 7, ""cyclic_key"": 3, ""prime"": [{""canonical_t"": 3, ""e"": 1, ""kind"": ""odd-cyclic"", ""legendre"": -1, ""p"": 7}]}|{""N"": 7, ""cyclic_key"": 6, ""prime"": [{""canonical_t"": 3, ""e"": 1, ""kind"": ""odd-cyclic"", ""legendre"": -1, ""p"": 7}]}","{""N"": 12, ""cyclic_key"": 13, ""prime"": [{""brown_mod8"": 5, ""canonical_t"": 5, ""e"": 2, ""kind"": ""2-cyclic-odd"", ""p"": 2}, {""canonical_t"": 1, ""e"": 1, ""kind"": ""odd-cyclic"", ""legendre"": 1, ""p"": 3}]}|{""N"": 16, ""cyclic_key"": 3, ""prime"": [{""brown_mod8"": 3, ""canonical_t"": 3, ""e"": 4, ""kind"": ""2-cyclic-odd"", ""p"": 2}]}|{""N"": 2, ""cyclic_key"": 1, ""prime"": [{""brown_mod8"": 1, ""canonical_t"": 1, ""e"": 1, ""kind"": ""2-cyclic-odd"", ""p"": 2}]}|{""N"": 25, ""cyclic_key"": 3, ""prime"": [{""canonical_t"": 2, ""e"": 2, ""kind"": ""odd-cyclic"", ""legendre"": -1, ""p"": 5}]}|{""N"": 27, ""cyclic_key"": 2, ""prime"": [{""canonical_t"": 2, ""e"": 3, ""kind"": ""odd-cyclic"", ""legendre"": -1, ""p"": 3}]}|{""N"": 7, ""cyclic_key"": 3, ""prime"": [{""canonical_t"": 3, ""e"": 1, ""kind"": ""odd-cyclic"", ""legendre"": -1, ""p"": 7}]}|{""N"": 7, ""cyclic_key"": 6, ""prime"": [{""canonical_t"": 3, ""e"": 1, ""kind"": ""odd-cyclic"", ""legendre"": -1, ""p"": 7}]}",True,DIRECT_SUM_SYMBOL_EXACT_FOR_ORTHOGONAL_BLOCK_PRESENTATION
47,4,"{""N"": 12, ""cyclic_key"": 1, ""prime"": [{""brown_mod8"": 1, ""canonical_t"": 1, ""e"": 2, ""kind"": ""2-cyclic-odd"", ""p"": 2}, {""canonical_t"": 1, ""e"": 1, ""kind"": ""odd-cyclic"", ""legendre"": 1, ""p"": 3}]}|{""N"": 25, ""cyclic_key"": 3, ""prime"": [{""canonical_t"": 2, ""e"": 2, ""kind"": ""odd-cyclic"", ""legendre"": -1, ""p"": 5}]}|{""N"": 5, ""cyclic_key"": 1, ""prime"": [{""canonical_t"": 1, ""e"": 1, ""kind"": ""odd-cyclic"", ""legendre"": 1, ""p"": 5}]}|{""N"": 5, ""cyclic_key"": 1, ""prime"": [{""canonical_t"": 1, ""e"": 1, ""kind"": ""odd-cyclic"", ""legendre"": 1, ""p"": 5}]}","{""N"": 12, ""cyclic_key"": 1, ""prime"": [{""brown_mod8"": 1, ""canonical_t"": 1, ""e"": 2, ""kind"": ""2-cyclic-odd"", ""p"": 2}, {""canonical_t"": 1, ""e"": 1, ""kind"": ""odd-cyclic"", ""legendre"": 1, ""p"": 3}]}|{""N"": 25, ""cyclic_key"": 3, ""prime"": [{""canonical_t"": 2, ""e"": 2, ""kind"": ""odd-cyclic"", ""legendre"": -1, ""p"": 5}]}|{""N"": 5, ""cyclic_key"": 1, ""prime"": [{""canonical_t"": 1, ""e"": 1, ""kind"": ""odd-cyclic"", ""legendre"": 1, ""p"": 5}]}|{""N"": 5, ""cyclic_key"": 1, ""prime"": [{""canonical_t"": 1, ""e"": 1, ""kind"": ""odd-cyclic"", ""legendre"": 1, ""p"": 5}]}",True,DIRECT_SUM_SYMBOL_EXACT_FOR_ORTHOGONAL_BLOCK_PRESENTATION
48,2,"{""N"": 5, ""cyclic_key"": 1, ""prime"": [{""canonical_t"": 1, ""e"": 1, ""kind"": ""odd-cyclic"", ""legendre"": 1, ""p"": 5}]}|{""N"": 5, ""cyclic_key"": 4, ""prime"": [{""canonical_t"": 1, ""e"": 1, ""kind"": ""odd-cyclic"", ""legendre"": 1, ""p"": 5}]}","{""N"": 5, ""cyclic_key"": 1, ""prime"": [{""canonical_t"": 1, ""e"": 1, ""kind"": ""odd-cyclic"", ""legendre"": 1, ""p"": 5}]}|{""N"": 5, ""cyclic_key"": 4, ""prime"": [{""canonical_t"": 1, ""e"": 1, ""kind"": ""odd-cyclic"", ""legendre"": 1, ""p"": 5}]}",True,DIRECT_SUM_SYMBOL_EXACT_FOR_ORTHOGONAL_BLOCK_PRESENTATION
49,6,"{""N"": 12, ""cyclic_key"": 7, ""prime"": [{""brown_mod8"": 7, ""canonical_t"": 7, ""e"": 2, ""kind"": ""2-cyclic-odd"", ""p"": 2}, {""canonical_t"": 1, ""e"": 1, ""kind"": ""odd-cyclic"", ""legendre"": 1, ""p"": 3}]}|{""N"": 27, ""cyclic_key"": 2, ""prime"": [{""canonical_t"": 2, ""e"": 3, ""kind"": ""odd-cyclic"", ""legendre"": -1, ""p"": 3}]}|{""N"": 27, ""cyclic_key"": 2, ""prime"": [{""canonical_t"": 2, ""e"": 3, ""kind"": ""odd-cyclic"", ""legendre"": -1, ""p"": 3}]}|{""N"": 32, ""cyclic_key"": 1, ""prime"": [{""brown_mod8"": 1, ""canonical_t"": 1, ""e"": 5, ""kind"": ""2-cyclic-odd"", ""p"": 2}]}|{""N"": 4, ""cyclic_key"": 7, ""prime"": [{""brown_mod8"": 7, ""canonical_t"": 7, ""e"": 2, ""kind"": ""2-cyclic-odd"", ""p"": 2}]}|{""N"": 5, ""cyclic_key"": 3, ""prime"": [{""canonical_t"": 2, ""e"": 1, ""kind"": ""odd-cyclic"", ""legendre"": -1, ""p"": 5}]}","{""N"": 12, ""cyclic_key"": 7, ""prime"": [{""brown_mod8"": 7, ""canonical_t"": 7, ""e"": 2, ""kind"": ""2-cyclic-odd"", ""p"": 2}, {""canonical_t"": 1, ""e"": 1, ""kind"": ""odd-cyclic"", ""legendre"": 1, ""p"": 3}]}|{""N"": 27, ""cyclic_key"": 2, ""prime"": [{""canonical_t"": 2, ""e"": 3, ""kind"": ""odd-cyclic"", ""legendre"": -1, ""p"": 3}]}|{""N"": 27, ""cyclic_key"": 2, ""prime"": [{""canonical_t"": 2, ""e"": 3, ""kind"": ""odd-cyclic"", ""legendre"": -1, ""p"": 3}]}|{""N"": 32, ""cyclic_key"": 1, ""prime"": [{""brown_mod8"": 1, ""canonical_t"": 1, ""e"": 5, ""kind"": ""2-cyclic-odd"", ""p"": 2}]}|{""N"": 4, ""cyclic_key"": 7, ""prime"": [{""brown_mod8"": 7, ""canonical_t"": 7, ""e"": 2, ""kind"": ""2-cyclic-odd"", ""p"": 2}]}|{""N"": 5, ""cyclic_key"": 3, ""prime"": [{""canonical_t"": 2, ""e"": 1, ""kind"": ""odd-cyclic"", ""legendre"": -1, ""p"": 5}]}",True,DIRECT_SUM_SYMBOL_EXACT_FOR_ORTHOGONAL_BLOCK_PRESENTATION
50,7,"{""N"": 16, ""cyclic_key"": 3, ""prime"": [{""brown_mod8"": 3, ""canonical_t"": 3, ""e"": 4, ""kind"": ""2-cyclic-odd"", ""p"": 2}]}|{""N"": 25, ""cyclic_key"": 2, ""prime"": [{""canonical_t"": 2, ""e"": 2, ""kind"": ""odd-cyclic"", ""legendre"": -1, ""p"": 5}]}|{""N"": 32, ""cyclic_key"": 3, ""prime"": [{""brown_mod8"": 3, ""canonical_t"": 3, ""e"": 5, ""kind"": ""2-cyclic-odd"", ""p"": 2}]}|{""N"": 32, ""cyclic_key"": 5, ""prime"": [{""brown_mod8"": 5, ""canonical_t"": 5, ""e"": 5, ""kind"": ""2-cyclic-odd"", ""p"": 2}]}|{""N"": 4, ""cyclic_key"": 3, ""prime"": [{""brown_mod8"": 3, ""canonical_t"": 3, ""e"": 2, ""kind"": ""2-cyclic-odd"", ""p"": 2}]}|{""N"": 5, ""cyclic_key"": 2, ""prime"": [{""canonical_t"": 2, ""e"": 1, ""kind"": ""odd-cyclic"", ""legendre"": -1, ""p"": 5}]}|{""N"": 9, ""cyclic_key"": 1, ""prime"": [{""canonical_t"": 1, ""e"": 2, ""kind"": ""odd-cyclic"", ""legendre"": 1, ""p"": 3}]}","{""N"": 16, ""cyclic_key"": 3, ""prime"": [{""brown_mod8"": 3, ""canonical_t"": 3, ""e"": 4, ""kind"": ""2-cyclic-odd"", ""p"": 2}]}|{""N"": 25, ""cyclic_key"": 2, ""prime"": [{""canonical_t"": 2, ""e"": 2, ""kind"": ""odd-cyclic"", ""legendre"": -1, ""p"": 5}]}|{""N"": 32, ""cyclic_key"": 3, ""prime"": [{""brown_mod8"": 3, ""canonical_t"": 3, ""e"": 5, ""kind"": ""2-cyclic-odd"", ""p"": 2}]}|{""N"": 32, ""cyclic_key"": 5, ""prime"": [{""brown_mod8"": 5, ""canonical_t"": 5, ""e"": 5, ""kind"": ""2-cyclic-odd"", ""p"": 2}]}|{""N"": 4, ""cyclic_key"": 3, ""prime"": [{""brown_mod8"": 3, ""canonical_t"": 3, ""e"": 2, ""kind"": ""2-cyclic-odd"", ""p"": 2}]}|{""N"": 5, ""cyclic_key"": 2, ""prime"": [{""canonical_t"": 2, ""e"": 1, ""kind"": ""odd-cyclic"", ""legendre"": -1, ""p"": 5}]}|{""N"": 9, ""cyclic_key"": 1, ""prime"": [{""canonical_t"": 1, ""e"": 2, ""kind"": ""odd-cyclic"", ""legendre"": 1, ""p"": 3}]}",True,DIRECT_SUM_SYMBOL_EXACT_FOR_ORTHOGONAL_BLOCK_PRESENTATION
51,6,"{""N"": 12, ""cyclic_key"": 5, ""prime"": [{""brown_mod8"": 5, ""canonical_t"": 5, ""e"": 2, ""kind"": ""2-cyclic-odd"", ""p"": 2}, {""canonical_t"": 2, ""e"": 1, ""kind"": ""odd-cyclic"", ""legendre"": -1, ""p"": 3}]}|{""N"": 25, ""cyclic_key"": 1, ""prime"": [{""canonical_t"": 1, ""e"": 2, ""kind"": ""odd-cyclic"", ""legendre"": 1, ""p"": 5}]}|{""N"": 25, ""cyclic_key"": 4, ""prime"": [{""canonical_t"": 1, ""e"": 2, ""kind"": ""odd-cyclic"", ""legendre"": 1, ""p"": 5}]}|{""N"": 27, ""cyclic_key"": 4, ""prime"": [{""canonical_t"": 1, ""e"": 3, ""kind"": ""odd-cyclic"", ""legendre"": 1, ""p"": 3}]}|{""N"": 27, ""cyclic_key"": 4, ""prime"": [{""canonical_t"": 1, ""e"": 3, ""kind"": ""odd-cyclic"", ""legendre"": 1, ""p"": 3}]}|{""N"": 7, ""cyclic_key"": 1, ""prime"": [{""canonical_t"": 1, ""e"": 1, ""kind"": ""odd-cyclic"", ""legendre"": 1, ""p"": 7}]}","{""N"": 12, ""cyclic_key"": 5, ""prime"": [{""brown_mod8"": 5, ""canonical_t"": 5, ""e"": 2, ""kind"": ""2-cyclic-odd"", ""p"": 2}, {""canonical_t"": 2, ""e"": 1, ""kind"": ""odd-cyclic"", ""legendre"": -1, ""p"": 3}]}|{""N"": 25, ""cyclic_key"": 1, ""prime"": [{""canonical_t"": 1, ""e"": 2, ""kind"": ""odd-cyclic"", ""legendre"": 1, ""p"": 5}]}|{""N"": 25, ""cyclic_key"": 4, ""prime"": [{""canonical_t"": 1, ""e"": 2, ""kind"": ""odd-cyclic"", ""legendre"": 1, ""p"": 5}]}|{""N"": 27, ""cyclic_key"": 4, ""prime"": [{""canonical_t"": 1, ""e"": 3, ""kind"": ""odd-cyclic"", ""legendre"": 1, ""p"": 3}]}|{""N"": 27, ""cyclic_key"": 4, ""prime"": [{""canonical_t"": 1, ""e"": 3, ""kind"": ""odd-cyclic"", ""legendre"": 1, ""p"": 3}]}|{""N"": 7, ""cyclic_key"": 1, ""prime"": [{""canonical_t"": 1, ""e"": 1, ""kind"": ""odd-cyclic"", ""legendre"": 1, ""p"": 7}]}",True,DIRECT_SUM_SYMBOL_EXACT_FOR_ORTHOGONAL_BLOCK_PRESENTATION
52,5,"{""N"": 12, ""cyclic_key"": 7, ""prime"": [{""brown_mod8"": 7, ""canonical_t"": 7, ""e"": 2, ""kind"": ""2-cyclic-odd"", ""p"": 2}, {""canonical_t"": 1, ""e"": 1, ""kind"": ""odd-cyclic"", ""legendre"": 1, ""p"": 3}]}|{""N"": 25, ""cyclic_key"": 2, ""prime"": [{""canonical_t"": 2, ""e"": 2, ""kind"": ""odd-cyclic"", ""legendre"": -1, ""p"": 5}]}|{""N"": 27, ""cyclic_key"": 1, ""prime"": [{""canonical_t"": 1, ""e"": 3, ""kind"": ""odd-cyclic"", ""legendre"": 1, ""p"": 3}]}|{""N"": 3, ""cyclic_key"": 4, ""prime"": [{""canonical_t"": 1, ""e"": 1, ""kind"": ""odd-cyclic"", ""legendre"": 1, ""p"": 3}]}|{""N"": 7, ""cyclic_key"": 3, ""prime"": [{""canonical_t"": 3, ""e"": 1, ""kind"": ""odd-cyclic"", ""legendre"": -1, ""p"": 7}]}","{""N"": 12, ""cyclic_key"": 7, ""prime"": [{""brown_mod8"": 7, ""canonical_t"": 7, ""e"": 2, ""kind"": ""2-cyclic-odd"", ""p"": 2}, {""canonical_t"": 1, ""e"": 1, ""kind"": ""odd-cyclic"", ""legendre"": 1, ""p"": 3}]}|{""N"": 25, ""cyclic_key"": 2, ""prime"": [{""canonical_t"": 2, ""e"": 2, ""kind"": ""odd-cyclic"", ""legendre"": -1, ""p"": 5}]}|{""N"": 27, ""cyclic_key"": 1, ""prime"": [{""canonical_t"": 1, ""e"": 3, ""kind"": ""odd-cyclic"", ""legendre"": 1, ""p"": 3}]}|{""N"": 3, ""cyclic_key"": 4, ""prime"": [{""canonical_t"": 1, ""e"": 1, ""kind"": ""odd-cyclic"", ""legendre"": 1, ""p"": 3}]}|{""N"": 7, ""cyclic_key"": 3, ""prime"": [{""canonical_t"": 3, ""e"": 1, ""kind"": ""odd-cyclic"", ""legendre"": -1, ""p"": 7}]}",True,DIRECT_SUM_SYMBOL_EXACT_FOR_ORTHOGONAL_BLOCK_PRESENTATION
53,6,"{""N"": 12, ""cyclic_key"": 13, ""prime"": [{""brown_mod8"": 5, ""canonical_t"": 5, ""e"": 2, ""kind"": ""2-cyclic-odd"", ""p"": 2}, {""canonical_t"": 1, ""e"": 1, ""kind"": ""odd-cyclic"", ""legendre"": 1, ""p"": 3}]}|{""N"": 25, ""cyclic_key"": 3, ""prime"": [{""canonical_t"": 2, ""e"": 2, ""kind"": ""odd-cyclic"", ""legendre"": -1, ""p"": 5}]}|{""N"": 27, ""cyclic_key"": 2, ""prime"": [{""canonical_t"": 2, ""e"": 3, ""kind"": ""odd-cyclic"", ""legendre"": -1, ""p"": 3}]}|{""N"": 32, ""cyclic_key"": 7, ""prime"": [{""brown_mod8"": 7, ""canonical_t"": 7, ""e"": 5, ""kind"": ""2-cyclic-odd"", ""p"": 2}]}|{""N"": 5, ""cyclic_key"": 1, ""prime"": [{""canonical_t"": 1, ""e"": 1, ""kind"": ""odd-cyclic"", ""legendre"": 1, ""p"": 5}]}|{""N"": 7, ""cyclic_key"": 1, ""prime"": [{""canonical_t"": 1, ""e"": 1, ""kind"": ""odd-cyclic"", ""legendre"": 1, ""p"": 7}]}","{""N"": 12, ""cyclic_key"": 13, ""prime"": [{""brown_mod8"": 5, ""canonical_t"": 5, ""e"": 2, ""kind"": ""2-cyclic-odd"", ""p"": 2}, {""canonical_t"": 1, ""e"": 1, ""kind"": ""odd-cyclic"", ""legendre"": 1, ""p"": 3}]}|{""N"": 25, ""cyclic_key"": 3, ""prime"": [{""canonical_t"": 2, ""e"": 2, ""kind"": ""odd-cyclic"", ""legendre"": -1, ""p"": 5}]}|{""N"": 27, ""cyclic_key"": 2, ""prime"": [{""canonical_t"": 2, ""e"": 3, ""kind"": ""odd-cyclic"", ""legendre"": -1, ""p"": 3}]}|{""N"": 32, ""cyclic_key"": 7, ""prime"": [{""brown_mod8"": 7, ""canonical_t"": 7, ""e"": 5, ""kind"": ""2-cyclic-odd"", ""p"": 2}]}|{""N"": 5, ""cyclic_key"": 1, ""prime"": [{""canonical_t"": 1, ""e"": 1, ""kind"": ""odd-cyclic"", ""legendre"": 1, ""p"": 5}]}|{""N"": 7, ""cyclic_key"": 1, ""prime"": [{""canonical_t"": 1, ""e"": 1, ""kind"": ""odd-cyclic"", ""legendre"": 1, ""p"": 7}]}",True,DIRECT_SUM_SYMBOL_EXACT_FOR_ORTHOGONAL_BLOCK_PRESENTATION
54,6,"{""N"": 12, ""cyclic_key"": 5, ""prime"": [{""brown_mod8"": 5, ""canonical_t"": 5, ""e"": 2, ""kind"": ""2-cyclic-odd"", ""p"": 2}, {""canonical_t"": 2, ""e"": 1, ""kind"": ""odd-cyclic"", ""legendre"": -1, ""p"": 3}]}|{""N"": 12, ""cyclic_key"": 5, ""prime"": [{""brown_mod8"": 5, ""canonical_t"": 5, ""e"": 2, ""kind"": ""2-cyclic-odd"", ""p"": 2}, {""canonical_t"": 2, ""e"": 1, ""kind"": ""odd-cyclic"", ""legendre"": -1, ""p"": 3}]}|{""N"": 25, ""cyclic_key"": 4, ""prime"": [{""canonical_t"": 1, ""e"": 2, ""kind"": ""odd-cyclic"", ""legendre"": 1, ""p"": 5}]}|{""N"": 32, ""cyclic_key"": 7, ""prime"": [{""brown_mod8"": 7, ""canonical_t"": 7, ""e"": 5, ""kind"": ""2-cyclic-odd"", ""p"": 2}]}|{""N"": 7, ""cyclic_key"": 3, ""prime"": [{""canonical_t"": 3, ""e"": 1, ""kind"": ""odd-cyclic"", ""legendre"": -1, ""p"": 7}]}|{""N"": 7, ""cyclic_key"": 6, ""prime"": [{""canonical_t"": 3, ""e"": 1, ""kind"": ""odd-cyclic"", ""legendre"": -1, ""p"": 7}]}","{""N"": 12, ""cyclic_key"": 5, ""prime"": [{""brown_mod8"": 5, ""canonical_t"": 5, ""e"": 2, ""kind"": ""2-cyclic-odd"", ""p"": 2}, {""canonical_t"": 2, ""e"": 1, ""kind"": ""odd-cyclic"", ""legendre"": -1, ""p"": 3}]}|{""N"": 12, ""cyclic_key"": 5, ""prime"": [{""brown_mod8"": 5, ""canonical_t"": 5, ""e"": 2, ""kind"": ""2-cyclic-odd"", ""p"": 2}, {""canonical_t"": 2, ""e"": 1, ""kind"": ""odd-cyclic"", ""legendre"": -1, ""p"": 3}]}|{""N"": 25, ""cyclic_key"": 4, ""prime"": [{""canonical_t"": 1, ""e"": 2, ""kind"": ""odd-cyclic"", ""legendre"": 1, ""p"": 5}]}|{""N"": 32, ""cyclic_key"": 7, ""prime"": [{""brown_mod8"": 7, ""canonical_t"": 7, ""e"": 5, ""kind"": ""2-cyclic-odd"", ""p"": 2}]}|{""N"": 7, ""cyclic_key"": 3, ""prime"": [{""canonical_t"": 3, ""e"": 1, ""kind"": ""odd-cyclic"", ""legendre"": -1, ""p"": 7}]}|{""N"": 7, ""cyclic_key"": 6, ""prime"": [{""canonical_t"": 3, ""e"": 1, ""kind"": ""odd-cyclic"", ""legendre"": -1, ""p"": 7}]}",True,DIRECT_SUM_SYMBOL_EXACT_FOR_ORTHOGONAL_BLOCK_PRESENTATION
55,7,"{""N"": 16, ""cyclic_key"": 1, ""prime"": [{""brown_mod8"": 1, ""canonical_t"": 1, ""e"": 4, ""kind"": ""2-cyclic-odd"", ""p"": 2}]}|{""N"": 16, ""cyclic_key"": 5, ""prime"": [{""brown_mod8"": 5, ""canonical_t"": 5, ""e"": 4, ""kind"": ""2-cyclic-odd"", ""p"": 2}]}|{""N"": 25, ""cyclic_key"": 1, ""prime"": [{""canonical_t"": 1, ""e"": 2, ""kind"": ""odd-cyclic"", ""legendre"": 1, ""p"": 5}]}|{""N"": 25, ""cyclic_key"": 2, ""prime"": [{""canonical_t"": 2, ""e"": 2, ""kind"": ""odd-cyclic"", ""legendre"": -1, ""p"": 5}]}|{""N"": 7, ""cyclic_key"": 2, ""prime"": [{""canonical_t"": 1, ""e"": 1, ""kind"": ""odd-cyclic"", ""legendre"": 1, ""p"": 7}]}|{""N"": 9, ""cyclic_key"": 1, ""prime"": [{""canonical_t"": 1, ""e"": 2, ""kind"": ""odd-cyclic"", ""legendre"": 1, ""p"": 3}]}|{""N"": 9, ""cyclic_key"": 5, ""prime"": [{""canonical_t"": 2, ""e"": 2, ""kind"": ""odd-cyclic"", ""legendre"": -1, ""p"": 3}]}","{""N"": 16, ""cyclic_key"": 1, ""prime"": [{""brown_mod8"": 1, ""canonical_t"": 1, ""e"": 4, ""kind"": ""2-cyclic-odd"", ""p"": 2}]}|{""N"": 16, ""cyclic_key"": 5, ""prime"": [{""brown_mod8"": 5, ""canonical_t"": 5, ""e"": 4, ""kind"": ""2-cyclic-odd"", ""p"": 2}]}|{""N"": 25, ""cyclic_key"": 1, ""prime"": [{""canonical_t"": 1, ""e"": 2, ""kind"": ""odd-cyclic"", ""legendre"": 1, ""p"": 5}]}|{""N"": 25, ""cyclic_key"": 2, ""prime"": [{""canonical_t"": 2, ""e"": 2, ""kind"": ""odd-cyclic"", ""legendre"": -1, ""p"": 5}]}|{""N"": 7, ""cyclic_key"": 2, ""prime"": [{""canonical_t"": 1, ""e"": 1, ""kind"": ""odd-cyclic"", ""legendre"": 1, ""p"": 7}]}|{""N"": 9, ""cyclic_key"": 1, ""prime"": [{""canonical_t"": 1, ""e"": 2, ""kind"": ""odd-cyclic"", ""legendre"": 1, ""p"": 3}]}|{""N"": 9, ""cyclic_key"": 5, ""prime"": [{""canonical_t"": 2, ""e"": 2, ""kind"": ""odd-cyclic"", ""legendre"": -1, ""p"": 3}]}",True,DIRECT_SUM_SYMBOL_EXACT_FOR_ORTHOGONAL_BLOCK_PRESENTATION
56,2,"{""N"": 16, ""cyclic_key"": 1, ""prime"": [{""brown_mod8"": 1, ""canonical_t"": 1, ""e"": 4, ""kind"": ""2-cyclic-odd"", ""p"": 2}]}|{""N"": 8, ""cyclic_key"": 7, ""prime"": [{""brown_mod8"": 7, ""canonical_t"": 7, ""e"": 3, ""kind"": ""2-cyclic-odd"", ""p"": 2}]}","{""N"": 16, ""cyclic_key"": 1, ""prime"": [{""brown_mod8"": 1, ""canonical_t"": 1, ""e"": 4, ""kind"": ""2-cyclic-odd"", ""p"": 2}]}|{""N"": 8, ""cyclic_key"": 7, ""prime"": [{""brown_mod8"": 7, ""canonical_t"": 7, ""e"": 3, ""kind"": ""2-cyclic-odd"", ""p"": 2}]}",True,DIRECT_SUM_SYMBOL_EXACT_FOR_ORTHOGONAL_BLOCK_PRESENTATION
57,3,"{""N"": 27, ""cyclic_key"": 2, ""prime"": [{""canonical_t"": 2, ""e"": 3, ""kind"": ""odd-cyclic"", ""legendre"": -1, ""p"": 3}]}|{""N"": 7, ""cyclic_key"": 2, ""prime"": [{""canonical_t"": 1, ""e"": 1, ""kind"": ""odd-cyclic"", ""legendre"": 1, ""p"": 7}]}|{""N"": 7, ""cyclic_key"": 6, ""prime"": [{""canonical_t"": 3, ""e"": 1, ""kind"": ""odd-cyclic"", ""legendre"": -1, ""p"": 7}]}","{""N"": 27, ""cyclic_key"": 2, ""prime"": [{""canonical_t"": 2, ""e"": 3, ""kind"": ""odd-cyclic"", ""legendre"": -1, ""p"": 3}]}|{""N"": 7, ""cyclic_key"": 2, ""prime"": [{""canonical_t"": 1, ""e"": 1, ""kind"": ""odd-cyclic"", ""legendre"": 1, ""p"": 7}]}|{""N"": 7, ""cyclic_key"": 6, ""prime"": [{""canonical_t"": 3, ""e"": 1, ""kind"": ""odd-cyclic"", ""legendre"": -1, ""p"": 7}]}",True,DIRECT_SUM_SYMBOL_EXACT_FOR_ORTHOGONAL_BLOCK_PRESENTATION
58,3,"{""N"": 25, ""cyclic_key"": 2, ""prime"": [{""canonical_t"": 2, ""e"": 2, ""kind"": ""odd-cyclic"", ""legendre"": -1, ""p"": 5}]}|{""N"": 3, ""cyclic_key"": 5, ""prime"": [{""canonical_t"": 2, ""e"": 1, ""kind"": ""odd-cyclic"", ""legendre"": -1, ""p"": 3}]}|{""N"": 9, ""cyclic_key"": 2, ""prime"": [{""canonical_t"": 2, ""e"": 2, ""kind"": ""odd-cyclic"", ""legendre"": -1, ""p"": 3}]}","{""N"": 25, ""cyclic_key"": 2, ""prime"": [{""canonical_t"": 2, ""e"": 2, ""kind"": ""odd-cyclic"", ""legendre"": -1, ""p"": 5}]}|{""N"": 3, ""cyclic_key"": 5, ""prime"": [{""canonical_t"": 2, ""e"": 1, ""kind"": ""odd-cyclic"", ""legendre"": -1, ""p"": 3}]}|{""N"": 9, ""cyclic_key"": 2, ""prime"": [{""canonical_t"": 2, ""e"": 2, ""kind"": ""odd-cyclic"", ""legendre"": -1, ""p"": 3}]}",True,DIRECT_SUM_SYMBOL_EXACT_FOR_ORTHOGONAL_BLOCK_PRESENTATION
59,4,"{""N"": 27, ""cyclic_key"": 4, ""prime"": [{""canonical_t"": 1, ""e"": 3, ""kind"": ""odd-cyclic"", ""legendre"": 1, ""p"": 3}]}|{""N"": 3, ""cyclic_key"": 1, ""prime"": [{""canonical_t"": 1, ""e"": 1, ""kind"": ""odd-cyclic"", ""legendre"": 1, ""p"": 3}]}|{""N"": 32, ""cyclic_key"": 1, ""prime"": [{""brown_mod8"": 1, ""canonical_t"": 1, ""e"": 5, ""kind"": ""2-cyclic-odd"", ""p"": 2}]}|{""N"": 9, ""cyclic_key"": 2, ""prime"": [{""canonical_t"": 2, ""e"": 2, ""kind"": ""odd-cyclic"", ""legendre"": -1, ""p"": 3}]}","{""N"": 27, ""cyclic_key"": 4, ""prime"": [{""canonical_t"": 1, ""e"": 3, ""kind"": ""odd-cyclic"", ""legendre"": 1, ""p"": 3}]}|{""N"": 3, ""cyclic_key"": 1, ""prime"": [{""canonical_t"": 1, ""e"": 1, ""kind"": ""odd-cyclic"", ""legendre"": 1, ""p"": 3}]}|{""N"": 32, ""cyclic_key"": 1, ""prime"": [{""brown_mod8"": 1, ""canonical_t"": 1, ""e"": 5, ""kind"": ""2-cyclic-odd"", ""p"": 2}]}|{""N"": 9, ""cyclic_key"": 2, ""prime"": [{""canonical_t"": 2, ""e"": 2, ""kind"": ""odd-cyclic"", ""legendre"": -1, ""p"": 3}]}",True,DIRECT_SUM_SYMBOL_EXACT_FOR_ORTHOGONAL_BLOCK_PRESENTATION
60,3,"{""N"": 12, ""cyclic_key"": 1, ""prime"": [{""brown_mod8"": 1, ""canonical_t"": 1, ""e"": 2, ""kind"": ""2-cyclic-odd"", ""p"": 2}, {""canonical_t"": 1, ""e"": 1, ""kind"": ""odd-cyclic"", ""legendre"": 1, ""p"": 3}]}|{""N"": 4, ""cyclic_key"": 5, ""prime"": [{""brown_mod8"": 5, ""canonical_t"": 5, ""e"": 2, ""kind"": ""2-cyclic-odd"", ""p"": 2}]}|{""N"": 9, ""cyclic_key"": 1, ""prime"": [{""canonical_t"": 1, ""e"": 2, ""kind"": ""odd-cyclic"", ""legendre"": 1, ""p"": 3}]}","{""N"": 12, ""cyclic_key"": 1, ""prime"": [{""brown_mod8"": 1, ""canonical_t"": 1, ""e"": 2, ""kind"": ""2-cyclic-odd"", ""p"": 2}, {""canonical_t"": 1, ""e"": 1, ""kind"": ""odd-cyclic"", ""legendre"": 1, ""p"": 3}]}|{""N"": 4, ""cyclic_key"": 5, ""prime"": [{""brown_mod8"": 5, ""canonical_t"": 5, ""e"": 2, ""kind"": ""2-cyclic-odd"", ""p"": 2}]}|{""N"": 9, ""cyclic_key"": 1, ""prime"": [{""canonical_t"": 1, ""e"": 2, ""kind"": ""odd-cyclic"", ""legendre"": 1, ""p"": 3}]}",True,DIRECT_SUM_SYMBOL_EXACT_FOR_ORTHOGONAL_BLOCK_PRESENTATION
61,2,"{""N"": 25, ""cyclic_key"": 1, ""prime"": [{""canonical_t"": 1, ""e"": 2, ""kind"": ""odd-cyclic"", ""legendre"": 1, ""p"": 5}]}|{""N"": 3, ""cyclic_key"": 5, ""prime"": [{""canonical_t"": 2, ""e"": 1, ""kind"": ""odd-cyclic"", ""legendre"": -1, ""p"": 3}]}","{""N"": 25, ""cyclic_key"": 1, ""prime"": [{""canonical_t"": 1, ""e"": 2, ""kind"": ""odd-cyclic"", ""legendre"": 1, ""p"": 5}]}|{""N"": 3, ""cyclic_key"": 5, ""prime"": [{""canonical_t"": 2, ""e"": 1, ""kind"": ""odd-cyclic"", ""legendre"": -1, ""p"": 3}]}",True,DIRECT_SUM_SYMBOL_EXACT_FOR_ORTHOGONAL_BLOCK_PRESENTATION
62,5,"{""N"": 25, ""cyclic_key"": 1, ""prime"": [{""canonical_t"": 1, ""e"": 2, ""kind"": ""odd-cyclic"", ""legendre"": 1, ""p"": 5}]}|{""N"": 25, ""cyclic_key"": 2, ""prime"": [{""canonical_t"": 2, ""e"": 2, ""kind"": ""odd-cyclic"", ""legendre"": -1, ""p"": 5}]}|{""N"": 27, ""cyclic_key"": 2, ""prime"": [{""canonical_t"": 2, ""e"": 3, ""kind"": ""odd-cyclic"", ""legendre"": -1, ""p"": 3}]}|{""N"": 32, ""cyclic_key"": 7, ""prime"": [{""brown_mod8"": 7, ""canonical_t"": 7, ""e"": 5, ""kind"": ""2-cyclic-odd"", ""p"": 2}]}|{""N"": 7, ""cyclic_key"": 6, ""prime"": [{""canonical_t"": 3, ""e"": 1, ""kind"": ""odd-cyclic"", ""legendre"": -1, ""p"": 7}]}","{""N"": 25, ""cyclic_key"": 1, ""prime"": [{""canonical_t"": 1, ""e"": 2, ""kind"": ""odd-cyclic"", ""legendre"": 1, ""p"": 5}]}|{""N"": 25, ""cyclic_key"": 2, ""prime"": [{""canonical_t"": 2, ""e"": 2, ""kind"": ""odd-cyclic"", ""legendre"": -1, ""p"": 5}]}|{""N"": 27, ""cyclic_key"": 2, ""prime"": [{""canonical_t"": 2, ""e"": 3, ""kind"": ""odd-cyclic"", ""legendre"": -1, ""p"": 3}]}|{""N"": 32, ""cyclic_key"": 7, ""prime"": [{""brown_mod8"": 7, ""canonical_t"": 7, ""e"": 5, ""kind"": ""2-cyclic-odd"", ""p"": 2}]}|{""N"": 7, ""cyclic_key"": 6, ""prime"": [{""canonical_t"": 3, ""e"": 1, ""kind"": ""odd-cyclic"", ""legendre"": -1, ""p"": 7}]}",True,DIRECT_SUM_SYMBOL_EXACT_FOR_ORTHOGONAL_BLOCK_PRESENTATION
63,4,"{""N"": 12, ""cyclic_key"": 13, ""prime"": [{""brown_mod8"": 5, ""canonical_t"": 5, ""e"": 2, ""kind"": ""2-cyclic-odd"", ""p"": 2}, {""canonical_t"": 1, ""e"": 1, ""kind"": ""odd-cyclic"", ""legendre"": 1, ""p"": 3}]}|{""N"": 16, ""cyclic_key"": 1, ""prime"": [{""brown_mod8"": 1, ""canonical_t"": 1, ""e"": 4, ""kind"": ""2-cyclic-odd"", ""p"": 2}]}|{""N"": 16, ""cyclic_key"": 7, ""prime"": [{""brown_mod8"": 7, ""canonical_t"": 7, ""e"": 4, ""kind"": ""2-cyclic-odd"", ""p"": 2}]}|{""N"": 27, ""cyclic_key"": 5, ""prime"": [{""canonical_t"": 2, ""e"": 3, ""kind"": ""odd-cyclic"", ""legendre"": -1, ""p"": 3}]}","{""N"": 12, ""cyclic_key"": 13, ""prime"": [{""brown_mod8"": 5, ""canonical_t"": 5, ""e"": 2, ""kind"": ""2-cyclic-odd"", ""p"": 2}, {""canonical_t"": 1, ""e"": 1, ""kind"": ""odd-cyclic"", ""legendre"": 1, ""p"": 3}]}|{""N"": 16, ""cyclic_key"": 1, ""prime"": [{""brown_mod8"": 1, ""canonical_t"": 1, ""e"": 4, ""kind"": ""2-cyclic-odd"", ""p"": 2}]}|{""N"": 16, ""cyclic_key"": 7, ""prime"": [{""brown_mod8"": 7, ""canonical_t"": 7, ""e"": 4, ""kind"": ""2-cyclic-odd"", ""p"": 2}]}|{""N"": 27, ""cyclic_key"": 5, ""prime"": [{""canonical_t"": 2, ""e"": 3, ""kind"": ""odd-cyclic"", ""legendre"": -1, ""p"": 3}]}",True,DIRECT_SUM_SYMBOL_EXACT_FOR_ORTHOGONAL_BLOCK_PRESENTATION
64,3,"{""N"": 16, ""cyclic_key"": 1, ""prime"": [{""brown_mod8"": 1, ""canonical_t"": 1, ""e"": 4, ""kind"": ""2-cyclic-odd"", ""p"": 2}]}|{""N"": 3, ""cyclic_key"": 2, ""prime"": [{""canonical_t"": 2, ""e"": 1, ""kind"": ""odd-cyclic"", ""legendre"": -1, ""p"": 3}]}|{""N"": 8, ""cyclic_key"": 3, ""prime"": [{""brown_mod8"": 3, ""canonical_t"": 3, ""e"": 3, ""kind"": ""2-cyclic-odd"", ""p"": 2}]}","{""N"": 16, ""cyclic_key"": 1, ""prime"": [{""brown_mod8"": 1, ""canonical_t"": 1, ""e"": 4, ""kind"": ""2-cyclic-odd"", ""p"": 2}]}|{""N"": 3, ""cyclic_key"": 2, ""prime"": [{""canonical_t"": 2, ""e"": 1, ""kind"": ""odd-cyclic"", ""legendre"": -1, ""p"": 3}]}|{""N"": 8, ""cyclic_key"": 3, ""prime"": [{""brown_mod8"": 3, ""canonical_t"": 3, ""e"": 3, ""kind"": ""2-cyclic-odd"", ""p"": 2}]}",True,DIRECT_SUM_SYMBOL_EXACT_FOR_ORTHOGONAL_BLOCK_PRESENTATION
65,7,"{""N"": 16, ""cyclic_key"": 1, ""prime"": [{""brown_mod8"": 1, ""canonical_t"": 1, ""e"": 4, ""kind"": ""2-cyclic-odd"", ""p"": 2}]}|{""N"": 16, ""cyclic_key"": 1, ""prime"": [{""brown_mod8"": 1, ""canonical_t"": 1, ""e"": 4, ""kind"": ""2-cyclic-odd"", ""p"": 2}]}|{""N"": 25, ""cyclic_key"": 1, ""prime"": [{""canonical_t"": 1, ""e"": 2, ""kind"": ""odd-cyclic"", ""legendre"": 1, ""p"": 5}]}|{""N"": 27, ""cyclic_key"": 5, ""prime"": [{""canonical_t"": 2, ""e"": 3, ""kind"": ""odd-cyclic"", ""legendre"": -1, ""p"": 3}]}|{""N"": 3, ""cyclic_key"": 4, ""prime"": [{""canonical_t"": 1, ""e"": 1, ""kind"": ""odd-cyclic"", ""legendre"": 1, ""p"": 3}]}|{""N"": 5, ""cyclic_key"": 2, ""prime"": [{""canonical_t"": 2, ""e"": 1, ""kind"": ""odd-cyclic"", ""legendre"": -1, ""p"": 5}]}|{""N"": 8, ""cyclic_key"": 3, ""prime"": [{""brown_mod8"": 3, ""canonical_t"": 3, ""e"": 3, ""kind"": ""2-cyclic-odd"", ""p"": 2}]}","{""N"": 16, ""cyclic_key"": 1, ""prime"": [{""brown_mod8"": 1, ""canonical_t"": 1, ""e"": 4, ""kind"": ""2-cyclic-odd"", ""p"": 2}]}|{""N"": 16, ""cyclic_key"": 1, ""prime"": [{""brown_mod8"": 1, ""canonical_t"": 1, ""e"": 4, ""kind"": ""2-cyclic-odd"", ""p"": 2}]}|{""N"": 25, ""cyclic_key"": 1, ""prime"": [{""canonical_t"": 1, ""e"": 2, ""kind"": ""odd-cyclic"", ""legendre"": 1, ""p"": 5}]}|{""N"": 27, ""cyclic_key"": 5, ""prime"": [{""canonical_t"": 2, ""e"": 3, ""kind"": ""odd-cyclic"", ""legendre"": -1, ""p"": 3}]}|{""N"": 3, ""cyclic_key"": 4, ""prime"": [{""canonical_t"": 1, ""e"": 1, ""kind"": ""odd-cyclic"", ""legendre"": 1, ""p"": 3}]}|{""N"": 5, ""cyclic_key"": 2, ""prime"": [{""canonical_t"": 2, ""e"": 1, ""kind"": ""odd-cyclic"", ""legendre"": -1, ""p"": 5}]}|{""N"": 8, ""cyclic_key"": 3, ""prime"": [{""brown_mod8"": 3, ""canonical_t"": 3, ""e"": 3, ""kind"": ""2-cyclic-odd"", ""p"": 2}]}",True,DIRECT_SUM_SYMBOL_EXACT_FOR_ORTHOGONAL_BLOCK_PRESENTATION
66,4,"{""N"": 25, ""cyclic_key"": 4, ""prime"": [{""canonical_t"": 1, ""e"": 2, ""kind"": ""odd-cyclic"", ""legendre"": 1, ""p"": 5}]}|{""N"": 27, ""cyclic_key"": 1, ""prime"": [{""canonical_t"": 1, ""e"": 3, ""kind"": ""odd-cyclic"", ""legendre"": 1, ""p"": 3}]}|{""N"": 5, ""cyclic_key"": 2, ""prime"": [{""canonical_t"": 2, ""e"": 1, ""kind"": ""odd-cyclic"", ""legendre"": -1, ""p"": 5}]}|{""N"": 7, ""cyclic_key"": 6, ""prime"": [{""canonical_t"": 3, ""e"": 1, ""kind"": ""odd-cyclic"", ""legendre"": -1, ""p"": 7}]}","{""N"": 25, ""cyclic_key"": 4, ""prime"": [{""canonical_t"": 1, ""e"": 2, ""kind"": ""odd-cyclic"", ""legendre"": 1, ""p"": 5}]}|{""N"": 27, ""cyclic_key"": 1, ""prime"": [{""canonical_t"": 1, ""e"": 3, ""kind"": ""odd-cyclic"", ""legendre"": 1, ""p"": 3}]}|{""N"": 5, ""cyclic_key"": 2, ""prime"": [{""canonical_t"": 2, ""e"": 1, ""kind"": ""odd-cyclic"", ""legendre"": -1, ""p"": 5}]}|{""N"": 7, ""cyclic_key"": 6, ""prime"": [{""canonical_t"": 3, ""e"": 1, ""kind"": ""odd-cyclic"", ""legendre"": -1, ""p"": 7}]}",True,DIRECT_SUM_SYMBOL_EXACT_FOR_ORTHOGONAL_BLOCK_PRESENTATION
67,2,"{""N"": 4, ""cyclic_key"": 5, ""prime"": [{""brown_mod8"": 5, ""canonical_t"": 5, ""e"": 2, ""kind"": ""2-cyclic-odd"", ""p"": 2}]}|{""N"": 4, ""cyclic_key"": 7, ""prime"": [{""brown_mod8"": 7, ""canonical_t"": 7, ""e"": 2, ""kind"": ""2-cyclic-odd"", ""p"": 2}]}","{""N"": 4, ""cyclic_key"": 5, ""prime"": [{""brown_mod8"": 5, ""canonical_t"": 5, ""e"": 2, ""kind"": ""2-cyclic-odd"", ""p"": 2}]}|{""N"": 4, ""cyclic_key"": 7, ""prime"": [{""brown_mod8"": 7, ""canonical_t"": 7, ""e"": 2, ""kind"": ""2-cyclic-odd"", ""p"": 2}]}",True,DIRECT_SUM_SYMBOL_EXACT_FOR_ORTHOGONAL_BLOCK_PRESENTATION
68,7,"{""N"": 16, ""cyclic_key"": 1, ""prime"": [{""brown_mod8"": 1, ""canonical_t"": 1, ""e"": 4, ""kind"": ""2-cyclic-odd"", ""p"": 2}]}|{""N"": 16, ""cyclic_key"": 5, ""prime"": [{""brown_mod8"": 5, ""canonical_t"": 5, ""e"": 4, ""kind"": ""2-cyclic-odd"", ""p"": 2}]}|{""N"": 25, ""cyclic_key"": 2, ""prime"": [{""canonical_t"": 2, ""e"": 2, ""kind"": ""odd-cyclic"", ""legendre"": -1, ""p"": 5}]}|{""N"": 32, ""cyclic_key"": 1, ""prime"": [{""brown_mod8"": 1, ""canonical_t"": 1, ""e"": 5, ""kind"": ""2-cyclic-odd"", ""p"": 2}]}|{""N"": 5, ""cyclic_key"": 2, ""prime"": [{""canonical_t"": 2, ""e"": 1, ""kind"": ""odd-cyclic"", ""legendre"": -1, ""p"": 5}]}|{""N"": 5, ""cyclic_key"": 2, ""prime"": [{""canonical_t"": 2, ""e"": 1, ""kind"": ""odd-cyclic"", ""legendre"": -1, ""p"": 5}]}|{""N"": 7, ""cyclic_key"": 1, ""prime"": [{""canonical_t"": 1, ""e"": 1, ""kind"": ""odd-cyclic"", ""legendre"": 1, ""p"": 7}]}","{""N"": 16, ""cyclic_key"": 1, ""prime"": [{""brown_mod8"": 1, ""canonical_t"": 1, ""e"": 4, ""kind"": ""2-cyclic-odd"", ""p"": 2}]}|{""N"": 16, ""cyclic_key"": 5, ""prime"": [{""brown_mod8"": 5, ""canonical_t"": 5, ""e"": 4, ""kind"": ""2-cyclic-odd"", ""p"": 2}]}|{""N"": 25, ""cyclic_key"": 2, ""prime"": [{""canonical_t"": 2, ""e"": 2, ""kind"": ""odd-cyclic"", ""legendre"": -1, ""p"": 5}]}|{""N"": 32, ""cyclic_key"": 1, ""prime"": [{""brown_mod8"": 1, ""canonical_t"": 1, ""e"": 5, ""kind"": ""2-cyclic-odd"", ""p"": 2}]}|{""N"": 5, ""cyclic_key"": 2, ""prime"": [{""canonical_t"": 2, ""e"": 1, ""kind"": ""odd-cyclic"", ""legendre"": -1, ""p"": 5}]}|{""N"": 5, ""cyclic_key"": 2, ""prime"": [{""canonical_t"": 2, ""e"": 1, ""kind"": ""odd-cyclic"", ""legendre"": -1, ""p"": 5}]}|{""N"": 7, ""cyclic_key"": 1, ""prime"": [{""canonical_t"": 1, ""e"": 1, ""kind"": ""odd-cyclic"", ""legendre"": 1, ""p"": 7}]}",True,DIRECT_SUM_SYMBOL_EXACT_FOR_ORTHOGONAL_BLOCK_PRESENTATION
69,4,"{""N"": 25, ""cyclic_key"": 2, ""prime"": [{""canonical_t"": 2, ""e"": 2, ""kind"": ""odd-cyclic"", ""legendre"": -1, ""p"": 5}]}|{""N"": 25, ""cyclic_key"": 2, ""prime"": [{""canonical_t"": 2, ""e"": 2, ""kind"": ""odd-cyclic"", ""legendre"": -1, ""p"": 5}]}|{""N"": 27, ""cyclic_key"": 2, ""prime"": [{""canonical_t"": 2, ""e"": 3, ""kind"": ""odd-cyclic"", ""legendre"": -1, ""p"": 3}]}|{""N"": 9, ""cyclic_key"": 1, ""prime"": [{""canonical_t"": 1, ""e"": 2, ""kind"": ""odd-cyclic"", ""legendre"": 1, ""p"": 3}]}","{""N"": 25, ""cyclic_key"": 2, ""prime"": [{""canonical_t"": 2, ""e"": 2, ""kind"": ""odd-cyclic"", ""legendre"": -1, ""p"": 5}]}|{""N"": 25, ""cyclic_key"": 2, ""prime"": [{""canonical_t"": 2, ""e"": 2, ""kind"": ""odd-cyclic"", ""legendre"": -1, ""p"": 5}]}|{""N"": 27, ""cyclic_key"": 2, ""prime"": [{""canonical_t"": 2, ""e"": 3, ""kind"": ""odd-cyclic"", ""legendre"": -1, ""p"": 3}]}|{""N"": 9, ""cyclic_key"": 1, ""prime"": [{""canonical_t"": 1, ""e"": 2, ""kind"": ""odd-cyclic"", ""legendre"": 1, ""p"": 3}]}",True,DIRECT_SUM_SYMBOL_EXACT_FOR_ORTHOGONAL_BLOCK_PRESENTATION
70,2,"{""N"": 4, ""cyclic_key"": 7, ""prime"": [{""brown_mod8"": 7, ""canonical_t"": 7, ""e"": 2, ""kind"": ""2-cyclic-odd"", ""p"": 2}]}|{""N"": 7, ""cyclic_key"": 2, ""prime"": [{""canonical_t"": 1, ""e"": 1, ""kind"": ""odd-cyclic"", ""legendre"": 1, ""p"": 7}]}","{""N"": 4, ""cyclic_key"": 7, ""prime"": [{""brown_mod8"": 7, ""canonical_t"": 7, ""e"": 2, ""kind"": ""2-cyclic-odd"", ""p"": 2}]}|{""N"": 7, ""cyclic_key"": 2, ""prime"": [{""canonical_t"": 1, ""e"": 1, ""kind"": ""odd-cyclic"", ""legendre"": 1, ""p"": 7}]}",True,DIRECT_SUM_SYMBOL_EXACT_FOR_ORTHOGONAL_BLOCK_PRESENTATION
71,6,"{""N"": 25, ""cyclic_key"": 2, ""prime"": [{""canonical_t"": 2, ""e"": 2, ""kind"": ""odd-cyclic"", ""legendre"": -1, ""p"": 5}]}|{""N"": 27, ""cyclic_key"": 5, ""prime"": [{""canonical_t"": 2, ""e"": 3, ""kind"": ""odd-cyclic"", ""legendre"": -1, ""p"": 3}]}|{""N"": 32, ""cyclic_key"": 1, ""prime"": [{""brown_mod8"": 1, ""canonical_t"": 1, ""e"": 5, ""kind"": ""2-cyclic-odd"", ""p"": 2}]}|{""N"": 5, ""cyclic_key"": 4, ""prime"": [{""canonical_t"": 1, ""e"": 1, ""kind"": ""odd-cyclic"", ""legendre"": 1, ""p"": 5}]}|{""N"": 7, ""cyclic_key"": 6, ""prime"": [{""canonical_t"": 3, ""e"": 1, ""kind"": ""odd-cyclic"", ""legendre"": -1, ""p"": 7}]}|{""N"": 9, ""cyclic_key"": 1, ""prime"": [{""canonical_t"": 1, ""e"": 2, ""kind"": ""odd-cyclic"", ""legendre"": 1, ""p"": 3}]}","{""N"": 25, ""cyclic_key"": 2, ""prime"": [{""canonical_t"": 2, ""e"": 2, ""kind"": ""odd-cyclic"", ""legendre"": -1, ""p"": 5}]}|{""N"": 27, ""cyclic_key"": 5, ""prime"": [{""canonical_t"": 2, ""e"": 3, ""kind"": ""odd-cyclic"", ""legendre"": -1, ""p"": 3}]}|{""N"": 32, ""cyclic_key"": 1, ""prime"": [{""brown_mod8"": 1, ""canonical_t"": 1, ""e"": 5, ""kind"": ""2-cyclic-odd"", ""p"": 2}]}|{""N"": 5, ""cyclic_key"": 4, ""prime"": [{""canonical_t"": 1, ""e"": 1, ""kind"": ""odd-cyclic"", ""legendre"": 1, ""p"": 5}]}|{""N"": 7, ""cyclic_key"": 6, ""prime"": [{""canonical_t"": 3, ""e"": 1, ""kind"": ""odd-cyclic"", ""legendre"": -1, ""p"": 7}]}|{""N"": 9, ""cyclic_key"": 1, ""prime"": [{""canonical_t"": 1, ""e"": 2, ""kind"": ""odd-cyclic"", ""legendre"": 1, ""p"": 3}]}",True,DIRECT_SUM_SYMBOL_EXACT_FOR_ORTHOGONAL_BLOCK_PRESENTATION
72,2,"{""N"": 25, ""cyclic_key"": 3, ""prime"": [{""canonical_t"": 2, ""e"": 2, ""kind"": ""odd-cyclic"", ""legendre"": -1, ""p"": 5}]}|{""N"": 9, ""cyclic_key"": 5, ""prime"": [{""canonical_t"": 2, ""e"": 2, ""kind"": ""odd-cyclic"", ""legendre"": -1, ""p"": 3}]}","{""N"": 25, ""cyclic_key"": 3, ""prime"": [{""canonical_t"": 2, ""e"": 2, ""kind"": ""odd-cyclic"", ""legendre"": -1, ""p"": 5}]}|{""N"": 9, ""cyclic_key"": 5, ""prime"": [{""canonical_t"": 2, ""e"": 2, ""kind"": ""odd-cyclic"", ""legendre"": -1, ""p"": 3}]}",True,DIRECT_SUM_SYMBOL_EXACT_FOR_ORTHOGONAL_BLOCK_PRESENTATION
73,6,"{""N"": 25, ""cyclic_key"": 1, ""prime"": [{""canonical_t"": 1, ""e"": 2, ""kind"": ""odd-cyclic"", ""legendre"": 1, ""p"": 5}]}|{""N"": 27, ""cyclic_key"": 4, ""prime"": [{""canonical_t"": 1, ""e"": 3, ""kind"": ""odd-cyclic"", ""legendre"": 1, ""p"": 3}]}|{""N"": 27, ""cyclic_key"": 4, ""prime"": [{""canonical_t"": 1, ""e"": 3, ""kind"": ""odd-cyclic"", ""legendre"": 1, ""p"": 3}]}|{""N"": 32, ""cyclic_key"": 3, ""prime"": [{""brown_mod8"": 3, ""canonical_t"": 3, ""e"": 5, ""kind"": ""2-cyclic-odd"", ""p"": 2}]}|{""N"": 4, ""cyclic_key"": 1, ""prime"": [{""brown_mod8"": 1, ""canonical_t"": 1, ""e"": 2, ""kind"": ""2-cyclic-odd"", ""p"": 2}]}|{""N"": 5, ""cyclic_key"": 2, ""prime"": [{""canonical_t"": 2, ""e"": 1, ""kind"": ""odd-cyclic"", ""legendre"": -1, ""p"": 5}]}","{""N"": 25, ""cyclic_key"": 1, ""prime"": [{""canonical_t"": 1, ""e"": 2, ""kind"": ""odd-cyclic"", ""legendre"": 1, ""p"": 5}]}|{""N"": 27, ""cyclic_key"": 4, ""prime"": [{""canonical_t"": 1, ""e"": 3, ""kind"": ""odd-cyclic"", ""legendre"": 1, ""p"": 3}]}|{""N"": 27, ""cyclic_key"": 4, ""prime"": [{""canonical_t"": 1, ""e"": 3, ""kind"": ""odd-cyclic"", ""legendre"": 1, ""p"": 3}]}|{""N"": 32, ""cyclic_key"": 3, ""prime"": [{""brown_mod8"": 3, ""canonical_t"": 3, ""e"": 5, ""kind"": ""2-cyclic-odd"", ""p"": 2}]}|{""N"": 4, ""cyclic_key"": 1, ""prime"": [{""brown_mod8"": 1, ""canonical_t"": 1, ""e"": 2, ""kind"": ""2-cyclic-odd"", ""p"": 2}]}|{""N"": 5, ""cyclic_key"": 2, ""prime"": [{""canonical_t"": 2, ""e"": 1, ""kind"": ""odd-cyclic"", ""legendre"": -1, ""p"": 5}]}",True,DIRECT_SUM_SYMBOL_EXACT_FOR_ORTHOGONAL_BLOCK_PRESENTATION
74,3,"{""N"": 16, ""cyclic_key"": 1, ""prime"": [{""brown_mod8"": 1, ""canonical_t"": 1, ""e"": 4, ""kind"": ""2-cyclic-odd"", ""p"": 2}]}|{""N"": 25, ""cyclic_key"": 1, ""prime"": [{""canonical_t"": 1, ""e"": 2, ""kind"": ""odd-cyclic"", ""legendre"": 1, ""p"": 5}]}|{""N"": 27, ""cyclic_key"": 4, ""prime"": [{""canonical_t"": 1, ""e"": 3, ""kind"": ""odd-cyclic"", ""legendre"": 1, ""p"": 3}]}","{""N"": 16, ""cyclic_key"": 1, ""prime"": [{""brown_mod8"": 1, ""canonical_t"": 1, ""e"": 4, ""kind"": ""2-cyclic-odd"", ""p"": 2}]}|{""N"": 25, ""cyclic_key"": 1, ""prime"": [{""canonical_t"": 1, ""e"": 2, ""kind"": ""odd-cyclic"", ""legendre"": 1, ""p"": 5}]}|{""N"": 27, ""cyclic_key"": 4, ""prime"": [{""canonical_t"": 1, ""e"": 3, ""kind"": ""odd-cyclic"", ""legendre"": 1, ""p"": 3}]}",True,DIRECT_SUM_SYMBOL_EXACT_FOR_ORTHOGONAL_BLOCK_PRESENTATION
75,5,"{""N"": 16, ""cyclic_key"": 1, ""prime"": [{""brown_mod8"": 1, ""canonical_t"": 1, ""e"": 4, ""kind"": ""2-cyclic-odd"", ""p"": 2}]}|{""N"": 16, ""cyclic_key"": 7, ""prime"": [{""brown_mod8"": 7, ""canonical_t"": 7, ""e"": 4, ""kind"": ""2-cyclic-odd"", ""p"": 2}]}|{""N"": 27, ""cyclic_key"": 4, ""prime"": [{""canonical_t"": 1, ""e"": 3, ""kind"": ""odd-cyclic"", ""legendre"": 1, ""p"": 3}]}|{""N"": 27, ""cyclic_key"": 5, ""prime"": [{""canonical_t"": 2, ""e"": 3, ""kind"": ""odd-cyclic"", ""legendre"": -1, ""p"": 3}]}|{""N"": 32, ""cyclic_key"": 7, ""prime"": [{""brown_mod8"": 7, ""canonical_t"": 7, ""e"": 5, ""kind"": ""2-cyclic-odd"", ""p"": 2}]}","{""N"": 16, ""cyclic_key"": 1, ""prime"": [{""brown_mod8"": 1, ""canonical_t"": 1, ""e"": 4, ""kind"": ""2-cyclic-odd"", ""p"": 2}]}|{""N"": 16, ""cyclic_key"": 7, ""prime"": [{""brown_mod8"": 7, ""canonical_t"": 7, ""e"": 4, ""kind"": ""2-cyclic-odd"", ""p"": 2}]}|{""N"": 27, ""cyclic_key"": 4, ""prime"": [{""canonical_t"": 1, ""e"": 3, ""kind"": ""odd-cyclic"", ""legendre"": 1, ""p"": 3}]}|{""N"": 27, ""cyclic_key"": 5, ""prime"": [{""canonical_t"": 2, ""e"": 3, ""kind"": ""odd-cyclic"", ""legendre"": -1, ""p"": 3}]}|{""N"": 32, ""cyclic_key"": 7, ""prime"": [{""brown_mod8"": 7, ""canonical_t"": 7, ""e"": 5, ""kind"": ""2-cyclic-odd"", ""p"": 2}]}",True,DIRECT_SUM_SYMBOL_EXACT_FOR_ORTHOGONAL_BLOCK_PRESENTATION
76,7,"{""N"": 25, ""cyclic_key"": 2, ""prime"": [{""canonical_t"": 2, ""e"": 2, ""kind"": ""odd-cyclic"", ""legendre"": -1, ""p"": 5}]}|{""N"": 25, ""cyclic_key"": 4, ""prime"": [{""canonical_t"": 1, ""e"": 2, ""kind"": ""odd-cyclic"", ""legendre"": 1, ""p"": 5}]}|{""N"": 32, ""cyclic_key"": 1, ""prime"": [{""brown_mod8"": 1, ""canonical_t"": 1, ""e"": 5, ""kind"": ""2-cyclic-odd"", ""p"": 2}]}|{""N"": 5, ""cyclic_key"": 3, ""prime"": [{""canonical_t"": 2, ""e"": 1, ""kind"": ""odd-cyclic"", ""legendre"": -1, ""p"": 5}]}|{""N"": 9, ""cyclic_key"": 1, ""prime"": [{""canonical_t"": 1, ""e"": 2, ""kind"": ""odd-cyclic"", ""legendre"": 1, ""p"": 3}]}|{""N"": 9, ""cyclic_key"": 1, ""prime"": [{""canonical_t"": 1, ""e"": 2, ""kind"": ""odd-cyclic"", ""legendre"": 1, ""p"": 3}]}|{""N"": 9, ""cyclic_key"": 2, ""prime"": [{""canonical_t"": 2, ""e"": 2, ""kind"": ""odd-cyclic"", ""legendre"": -1, ""p"": 3}]}","{""N"": 25, ""cyclic_key"": 2, ""prime"": [{""canonical_t"": 2, ""e"": 2, ""kind"": ""odd-cyclic"", ""legendre"": -1, ""p"": 5}]}|{""N"": 25, ""cyclic_key"": 4, ""prime"": [{""canonical_t"": 1, ""e"": 2, ""kind"": ""odd-cyclic"", ""legendre"": 1, ""p"": 5}]}|{""N"": 32, ""cyclic_key"": 1, ""prime"": [{""brown_mod8"": 1, ""canonical_t"": 1, ""e"": 5, ""kind"": ""2-cyclic-odd"", ""p"": 2}]}|{""N"": 5, ""cyclic_key"": 3, ""prime"": [{""canonical_t"": 2, ""e"": 1, ""kind"": ""odd-cyclic"", ""legendre"": -1, ""p"": 5}]}|{""N"": 9, ""cyclic_key"": 1, ""prime"": [{""canonical_t"": 1, ""e"": 2, ""kind"": ""odd-cyclic"", ""legendre"": 1, ""p"": 3}]}|{""N"": 9, ""cyclic_key"": 1, ""prime"": [{""canonical_t"": 1, ""e"": 2, ""kind"": ""odd-cyclic"", ""legendre"": 1, ""p"": 3}]}|{""N"": 9, ""cyclic_key"": 2, ""prime"": [{""canonical_t"": 2, ""e"": 2, ""kind"": ""odd-cyclic"", ""legendre"": -1, ""p"": 3}]}",True,DIRECT_SUM_SYMBOL_EXACT_FOR_ORTHOGONAL_BLOCK_PRESENTATION
77,6,"{""N"": 16, ""cyclic_key"": 1, ""prime"": [{""brown_mod8"": 1, ""canonical_t"": 1, ""e"": 4, ""kind"": ""2-cyclic-odd"", ""p"": 2}]}|{""N"": 16, ""cyclic_key"": 1, ""prime"": [{""brown_mod8"": 1, ""canonical_t"": 1, ""e"": 4, ""kind"": ""2-cyclic-odd"", ""p"": 2}]}|{""N"": 27, ""cyclic_key"": 2, ""prime"": [{""canonical_t"": 2, ""e"": 3, ""kind"": ""odd-cyclic"", ""legendre"": -1, ""p"": 3}]}|{""N"": 7, ""cyclic_key"": 3, ""prime"": [{""canonical_t"": 3, ""e"": 1, ""kind"": ""odd-cyclic"", ""legendre"": -1, ""p"": 7}]}|{""N"": 8, ""cyclic_key"": 5, ""prime"": [{""brown_mod8"": 5, ""canonical_t"": 5, ""e"": 3, ""kind"": ""2-cyclic-odd"", ""p"": 2}]}|{""N"": 9, ""cyclic_key"": 2, ""prime"": [{""canonical_t"": 2, ""e"": 2, ""kind"": ""odd-cyclic"", ""legendre"": -1, ""p"": 3}]}","{""N"": 16, ""cyclic_key"": 1, ""prime"": [{""brown_mod8"": 1, ""canonical_t"": 1, ""e"": 4, ""kind"": ""2-cyclic-odd"", ""p"": 2}]}|{""N"": 16, ""cyclic_key"": 1, ""prime"": [{""brown_mod8"": 1, ""canonical_t"": 1, ""e"": 4, ""kind"": ""2-cyclic-odd"", ""p"": 2}]}|{""N"": 27, ""cyclic_key"": 2, ""prime"": [{""canonical_t"": 2, ""e"": 3, ""kind"": ""odd-cyclic"", ""legendre"": -1, ""p"": 3}]}|{""N"": 7, ""cyclic_key"": 3, ""prime"": [{""canonical_t"": 3, ""e"": 1, ""kind"": ""odd-cyclic"", ""legendre"": -1, ""p"": 7}]}|{""N"": 8, ""cyclic_key"": 5, ""prime"": [{""brown_mod8"": 5, ""canonical_t"": 5, ""e"": 3, ""kind"": ""2-cyclic-odd"", ""p"": 2}]}|{""N"": 9, ""cyclic_key"": 2, ""prime"": [{""canonical_t"": 2, ""e"": 2, ""kind"": ""odd-cyclic"", ""legendre"": -1, ""p"": 3}]}",True,DIRECT_SUM_SYMBOL_EXACT_FOR_ORTHOGONAL_BLOCK_PRESENTATION
78,4,"{""N"": 27, ""cyclic_key"": 5, ""prime"": [{""canonical_t"": 2, ""e"": 3, ""kind"": ""odd-cyclic"", ""legendre"": -1, ""p"": 3}]}|{""N"": 32, ""cyclic_key"": 7, ""prime"": [{""brown_mod8"": 7, ""canonical_t"": 7, ""e"": 5, ""kind"": ""2-cyclic-odd"", ""p"": 2}]}|{""N"": 7, ""cyclic_key"": 2, ""prime"": [{""canonical_t"": 1, ""e"": 1, ""kind"": ""odd-cyclic"", ""legendre"": 1, ""p"": 7}]}|{""N"": 8, ""cyclic_key"": 1, ""prime"": [{""brown_mod8"": 1, ""canonical_t"": 1, ""e"": 3, ""kind"": ""2-cyclic-odd"", ""p"": 2}]}","{""N"": 27, ""cyclic_key"": 5, ""prime"": [{""canonical_t"": 2, ""e"": 3, ""kind"": ""odd-cyclic"", ""legendre"": -1, ""p"": 3}]}|{""N"": 32, ""cyclic_key"": 7, ""prime"": [{""brown_mod8"": 7, ""canonical_t"": 7, ""e"": 5, ""kind"": ""2-cyclic-odd"", ""p"": 2}]}|{""N"": 7, ""cyclic_key"": 2, ""prime"": [{""canonical_t"": 1, ""e"": 1, ""kind"": ""odd-cyclic"", ""legendre"": 1, ""p"": 7}]}|{""N"": 8, ""cyclic_key"": 1, ""prime"": [{""brown_mod8"": 1, ""canonical_t"": 1, ""e"": 3, ""kind"": ""2-cyclic-odd"", ""p"": 2}]}",True,DIRECT_SUM_SYMBOL_EXACT_FOR_ORTHOGONAL_BLOCK_PRESENTATION
79,2,"{""N"": 5, ""cyclic_key"": 2, ""prime"": [{""canonical_t"": 2, ""e"": 1, ""kind"": ""odd-cyclic"", ""legendre"": -1, ""p"": 5}]}|{""N"": 7, ""cyclic_key"": 2, ""prime"": [{""canonical_t"": 1, ""e"": 1, ""kind"": ""odd-cyclic"", ""legendre"": 1, ""p"": 7}]}","{""N"": 5, ""cyclic_key"": 2, ""prime"": [{""canonical_t"": 2, ""e"": 1, ""kind"": ""odd-cyclic"", ""legendre"": -1, ""p"": 5}]}|{""N"": 7, ""cyclic_key"": 2, ""prime"": [{""canonical_t"": 1, ""e"": 1, ""kind"": ""odd-cyclic"", ""legendre"": 1, ""p"": 7}]}",True,DIRECT_SUM_SYMBOL_EXACT_FOR_ORTHOGONAL_BLOCK_PRESENTATION
80,4,"{""N"": 12, ""cyclic_key"": 5, ""prime"": [{""brown_mod8"": 5, ""canonical_t"": 5, ""e"": 2, ""kind"": ""2-cyclic-odd"", ""p"": 2}, {""canonical_t"": 2, ""e"": 1, ""kind"": ""odd-cyclic"", ""legendre"": -1, ""p"": 3}]}|{""N"": 25, ""cyclic_key"": 4, ""prime"": [{""canonical_t"": 1, ""e"": 2, ""kind"": ""odd-cyclic"", ""legendre"": 1, ""p"": 5}]}|{""N"": 27, ""cyclic_key"": 2, ""prime"": [{""canonical_t"": 2, ""e"": 3, ""kind"": ""odd-cyclic"", ""legendre"": -1, ""p"": 3}]}|{""N"": 5, ""cyclic_key"": 1, ""prime"": [{""canonical_t"": 1, ""e"": 1, ""kind"": ""odd-cyclic"", ""legendre"": 1, ""p"": 5}]}","{""N"": 12, ""cyclic_key"": 5, ""prime"": [{""brown_mod8"": 5, ""canonical_t"": 5, ""e"": 2, ""kind"": ""2-cyclic-odd"", ""p"": 2}, {""canonical_t"": 2, ""e"": 1, ""kind"": ""odd-cyclic"", ""legendre"": -1, ""p"": 3}]}|{""N"": 25, ""cyclic_key"": 4, ""prime"": [{""canonical_t"": 1, ""e"": 2, ""kind"": ""odd-cyclic"", ""legendre"": 1, ""p"": 5}]}|{""N"": 27, ""cyclic_key"": 2, ""prime"": [{""canonical_t"": 2, ""e"": 3, ""kind"": ""odd-cyclic"", ""legendre"": -1, ""p"": 3}]}|{""N"": 5, ""cyclic_key"": 1, ""prime"": [{""canonical_t"": 1, ""e"": 1, ""kind"": ""odd-cyclic"", ""legendre"": 1, ""p"": 5}]}",True,DIRECT_SUM_SYMBOL_EXACT_FOR_ORTHOGONAL_BLOCK_PRESENTATION
81,5,"{""N"": 25, ""cyclic_key"": 1, ""prime"": [{""canonical_t"": 1, ""e"": 2, ""kind"": ""odd-cyclic"", ""legendre"": 1, ""p"": 5}]}|{""N"": 25, ""cyclic_key"": 4, ""prime"": [{""canonical_t"": 1, ""e"": 2, ""kind"": ""odd-cyclic"", ""legendre"": 1, ""p"": 5}]}|{""N"": 32, ""cyclic_key"": 5, ""prime"": [{""brown_mod8"": 5, ""canonical_t"": 5, ""e"": 5, ""kind"": ""2-cyclic-odd"", ""p"": 2}]}|{""N"": 5, ""cyclic_key"": 4, ""prime"": [{""canonical_t"": 1, ""e"": 1, ""kind"": ""odd-cyclic"", ""legendre"": 1, ""p"": 5}]}|{""N"": 9, ""cyclic_key"": 2, ""prime"": [{""canonical_t"": 2, ""e"": 2, ""kind"": ""odd-cyclic"", ""legendre"": -1, ""p"": 3}]}","{""N"": 25, ""cyclic_key"": 1, ""prime"": [{""canonical_t"": 1, ""e"": 2, ""kind"": ""odd-cyclic"", ""legendre"": 1, ""p"": 5}]}|{""N"": 25, ""cyclic_key"": 4, ""prime"": [{""canonical_t"": 1, ""e"": 2, ""kind"": ""odd-cyclic"", ""legendre"": 1, ""p"": 5}]}|{""N"": 32, ""cyclic_key"": 5, ""prime"": [{""brown_mod8"": 5, ""canonical_t"": 5, ""e"": 5, ""kind"": ""2-cyclic-odd"", ""p"": 2}]}|{""N"": 5, ""cyclic_key"": 4, ""prime"": [{""canonical_t"": 1, ""e"": 1, ""kind"": ""odd-cyclic"", ""legendre"": 1, ""p"": 5}]}|{""N"": 9, ""cyclic_key"": 2, ""prime"": [{""canonical_t"": 2, ""e"": 2, ""kind"": ""odd-cyclic"", ""legendre"": -1, ""p"": 3}]}",True,DIRECT_SUM_SYMBOL_EXACT_FOR_ORTHOGONAL_BLOCK_PRESENTATION
82,2,"{""N"": 5, ""cyclic_key"": 3, ""prime"": [{""canonical_t"": 2, ""e"": 1, ""kind"": ""odd-cyclic"", ""legendre"": -1, ""p"": 5}]}|{""N"": 9, ""cyclic_key"": 2, ""prime"": [{""canonical_t"": 2, ""e"": 2, ""kind"": ""odd-cyclic"", ""legendre"": -1, ""p"": 3}]}","{""N"": 5, ""cyclic_key"": 3, ""prime"": [{""canonical_t"": 2, ""e"": 1, ""kind"": ""odd-cyclic"", ""legendre"": -1, ""p"": 5}]}|{""N"": 9, ""cyclic_key"": 2, ""prime"": [{""canonical_t"": 2, ""e"": 2, ""kind"": ""odd-cyclic"", ""legendre"": -1, ""p"": 3}]}",True,DIRECT_SUM_SYMBOL_EXACT_FOR_ORTHOGONAL_BLOCK_PRESENTATION
83,4,"{""N"": 32, ""cyclic_key"": 5, ""prime"": [{""brown_mod8"": 5, ""canonical_t"": 5, ""e"": 5, ""kind"": ""2-cyclic-odd"", ""p"": 2}]}|{""N"": 8, ""cyclic_key"": 3, ""prime"": [{""brown_mod8"": 3, ""canonical_t"": 3, ""e"": 3, ""kind"": ""2-cyclic-odd"", ""p"": 2}]}|{""N"": 9, ""cyclic_key"": 1, ""prime"": [{""canonical_t"": 1, ""e"": 2, ""kind"": ""odd-cyclic"", ""legendre"": 1, ""p"": 3}]}|{""N"": 9, ""cyclic_key"": 4, ""prime"": [{""canonical_t"": 1, ""e"": 2, ""kind"": ""odd-cyclic"", ""legendre"": 1, ""p"": 3}]}","{""N"": 32, ""cyclic_key"": 5, ""prime"": [{""brown_mod8"": 5, ""canonical_t"": 5, ""e"": 5, ""kind"": ""2-cyclic-odd"", ""p"": 2}]}|{""N"": 8, ""cyclic_key"": 3, ""prime"": [{""brown_mod8"": 3, ""canonical_t"": 3, ""e"": 3, ""kind"": ""2-cyclic-odd"", ""p"": 2}]}|{""N"": 9, ""cyclic_key"": 1, ""prime"": [{""canonical_t"": 1, ""e"": 2, ""kind"": ""odd-cyclic"", ""legendre"": 1, ""p"": 3}]}|{""N"": 9, ""cyclic_key"": 4, ""prime"": [{""canonical_t"": 1, ""e"": 2, ""kind"": ""odd-cyclic"", ""legendre"": 1, ""p"": 3}]}",True,DIRECT_SUM_SYMBOL_EXACT_FOR_ORTHOGONAL_BLOCK_PRESENTATION
84,2,"{""N"": 5, ""cyclic_key"": 3, ""prime"": [{""canonical_t"": 2, ""e"": 1, ""kind"": ""odd-cyclic"", ""legendre"": -1, ""p"": 5}]}|{""N"": 7, ""cyclic_key"": 6, ""prime"": [{""canonical_t"": 3, ""e"": 1, ""kind"": ""odd-cyclic"", ""legendre"": -1, ""p"": 7}]}","{""N"": 5, ""cyclic_key"": 3, ""prime"": [{""canonical_t"": 2, ""e"": 1, ""kind"": ""odd-cyclic"", ""legendre"": -1, ""p"": 5}]}|{""N"": 7, ""cyclic_key"": 6, ""prime"": [{""canonical_t"": 3, ""e"": 1, ""kind"": ""odd-cyclic"", ""legendre"": -1, ""p"": 7}]}",True,DIRECT_SUM_SYMBOL_EXACT_FOR_ORTHOGONAL_BLOCK_PRESENTATION
85,3,"{""N"": 16, ""cyclic_key"": 7, ""prime"": [{""brown_mod8"": 7, ""canonical_t"": 7, ""e"": 4, ""kind"": ""2-cyclic-odd"", ""p"": 2}]}|{""N"": 2, ""cyclic_key"": 1, ""prime"": [{""brown_mod8"": 1, ""canonical_t"": 1, ""e"": 1, ""kind"": ""2-cyclic-odd"", ""p"": 2}]}|{""N"": 4, ""cyclic_key"": 1, ""prime"": [{""brown_mod8"": 1, ""canonical_t"": 1, ""e"": 2, ""kind"": ""2-cyclic-odd"", ""p"": 2}]}","{""N"": 16, ""cyclic_key"": 7, ""prime"": [{""brown_mod8"": 7, ""canonical_t"": 7, ""e"": 4, ""kind"": ""2-cyclic-odd"", ""p"": 2}]}|{""N"": 2, ""cyclic_key"": 1, ""prime"": [{""brown_mod8"": 1, ""canonical_t"": 1, ""e"": 1, ""kind"": ""2-cyclic-odd"", ""p"": 2}]}|{""N"": 4, ""cyclic_key"": 1, ""prime"": [{""brown_mod8"": 1, ""canonical_t"": 1, ""e"": 2, ""kind"": ""2-cyclic-odd"", ""p"": 2}]}",True,DIRECT_SUM_SYMBOL_EXACT_FOR_ORTHOGONAL_BLOCK_PRESENTATION
86,7,"{""N"": 2, ""cyclic_key"": 3, ""prime"": [{""brown_mod8"": 3, ""canonical_t"": 3, ""e"": 1, ""kind"": ""2-cyclic-odd"", ""p"": 2}]}|{""N"": 3, ""cyclic_key"": 1, ""prime"": [{""canonical_t"": 1, ""e"": 1, ""kind"": ""odd-cyclic"", ""legendre"": 1, ""p"": 3}]}|{""N"": 32, ""cyclic_key"": 1, ""prime"": [{""brown_mod8"": 1, ""canonical_t"": 1, ""e"": 5, ""kind"": ""2-cyclic-odd"", ""p"": 2}]}|{""N"": 32, ""cyclic_key"": 7, ""prime"": [{""brown_mod8"": 7, ""canonical_t"": 7, ""e"": 5, ""kind"": ""2-cyclic-odd"", ""p"": 2}]}|{""N"": 5, ""cyclic_key"": 2, ""prime"": [{""canonical_t"": 2, ""e"": 1, ""kind"": ""odd-cyclic"", ""legendre"": -1, ""p"": 5}]}|{""N"": 5, ""cyclic_key"": 2, ""prime"": [{""canonical_t"": 2, ""e"": 1, ""kind"": ""odd-cyclic"", ""legendre"": -1, ""p"": 5}]}|{""N"": 8, ""cyclic_key"": 3, ""prime"": [{""brown_mod8"": 3, ""canonical_t"": 3, ""e"": 3, ""kind"": ""2-cyclic-odd"", ""p"": 2}]}","{""N"": 2, ""cyclic_key"": 3, ""prime"": [{""brown_mod8"": 3, ""canonical_t"": 3, ""e"": 1, ""kind"": ""2-cyclic-odd"", ""p"": 2}]}|{""N"": 3, ""cyclic_key"": 1, ""prime"": [{""canonical_t"": 1, ""e"": 1, ""kind"": ""odd-cyclic"", ""legendre"": 1, ""p"": 3}]}|{""N"": 32, ""cyclic_key"": 1, ""prime"": [{""brown_mod8"": 1, ""canonical_t"": 1, ""e"": 5, ""kind"": ""2-cyclic-odd"", ""p"": 2}]}|{""N"": 32, ""cyclic_key"": 7, ""prime"": [{""brown_mod8"": 7, ""canonical_t"": 7, ""e"": 5, ""kind"": ""2-cyclic-odd"", ""p"": 2}]}|{""N"": 5, ""cyclic_key"": 2, ""prime"": [{""canonical_t"": 2, ""e"": 1, ""kind"": ""odd-cyclic"", ""legendre"": -1, ""p"": 5}]}|{""N"": 5, ""cyclic_key"": 2, ""prime"": [{""canonical_t"": 2, ""e"": 1, ""kind"": ""odd-cyclic"", ""legendre"": -1, ""p"": 5}]}|{""N"": 8, ""cyclic_key"": 3, ""prime"": [{""brown_mod8"": 3, ""canonical_t"": 3, ""e"": 3, ""kind"": ""2-cyclic-odd"", ""p"": 2}]}",True,DIRECT_SUM_SYMBOL_EXACT_FOR_ORTHOGONAL_BLOCK_PRESENTATION
87,5,"{""N"": 27, ""cyclic_key"": 4, ""prime"": [{""canonical_t"": 1, ""e"": 3, ""kind"": ""odd-cyclic"", ""legendre"": 1, ""p"": 3}]}|{""N"": 32, ""cyclic_key"": 7, ""prime"": [{""brown_mod8"": 7, ""canonical_t"": 7, ""e"": 5, ""kind"": ""2-cyclic-odd"", ""p"": 2}]}|{""N"": 5, ""cyclic_key"": 4, ""prime"": [{""canonical_t"": 1, ""e"": 1, ""kind"": ""odd-cyclic"", ""legendre"": 1, ""p"": 5}]}|{""N"": 8, ""cyclic_key"": 1, ""prime"": [{""brown_mod8"": 1, ""canonical_t"": 1, ""e"": 3, ""kind"": ""2-cyclic-odd"", ""p"": 2}]}|{""N"": 8, ""cyclic_key"": 3, ""prime"": [{""brown_mod8"": 3, ""canonical_t"": 3, ""e"": 3, ""kind"": ""2-cyclic-odd"", ""p"": 2}]}","{""N"": 27, ""cyclic_key"": 4, ""prime"": [{""canonical_t"": 1, ""e"": 3, ""kind"": ""odd-cyclic"", ""legendre"": 1, ""p"": 3}]}|{""N"": 32, ""cyclic_key"": 7, ""prime"": [{""brown_mod8"": 7, ""canonical_t"": 7, ""e"": 5, ""kind"": ""2-cyclic-odd"", ""p"": 2}]}|{""N"": 5, ""cyclic_key"": 4, ""prime"": [{""canonical_t"": 1, ""e"": 1, ""kind"": ""odd-cyclic"", ""legendre"": 1, ""p"": 5}]}|{""N"": 8, ""cyclic_key"": 1, ""prime"": [{""brown_mod8"": 1, ""canonical_t"": 1, ""e"": 3, ""kind"": ""2-cyclic-odd"", ""p"": 2}]}|{""N"": 8, ""cyclic_key"": 3, ""prime"": [{""brown_mod8"": 3, ""canonical_t"": 3, ""e"": 3, ""kind"": ""2-cyclic-odd"", ""p"": 2}]}",True,DIRECT_SUM_SYMBOL_EXACT_FOR_ORTHOGONAL_BLOCK_PRESENTATION
88,6,"{""N"": 16, ""cyclic_key"": 5, ""prime"": [{""brown_mod8"": 5, ""canonical_t"": 5, ""e"": 4, ""kind"": ""2-cyclic-odd"", ""p"": 2}]}|{""N"": 3, ""cyclic_key"": 1, ""prime"": [{""canonical_t"": 1, ""e"": 1, ""kind"": ""odd-cyclic"", ""legendre"": 1, ""p"": 3}]}|{""N"": 32, ""cyclic_key"": 5, ""prime"": [{""brown_mod8"": 5, ""canonical_t"": 5, ""e"": 5, ""kind"": ""2-cyclic-odd"", ""p"": 2}]}|{""N"": 4, ""cyclic_key"": 3, ""prime"": [{""brown_mod8"": 3, ""canonical_t"": 3, ""e"": 2, ""kind"": ""2-cyclic-odd"", ""p"": 2}]}|{""N"": 4, ""cyclic_key"": 3, ""prime"": [{""brown_mod8"": 3, ""canonical_t"": 3, ""e"": 2, ""kind"": ""2-cyclic-odd"", ""p"": 2}]}|{""N"": 5, ""cyclic_key"": 4, ""prime"": [{""canonical_t"": 1, ""e"": 1, ""kind"": ""odd-cyclic"", ""legendre"": 1, ""p"": 5}]}","{""N"": 16, ""cyclic_key"": 5, ""prime"": [{""brown_mod8"": 5, ""canonical_t"": 5, ""e"": 4, ""kind"": ""2-cyclic-odd"", ""p"": 2}]}|{""N"": 3, ""cyclic_key"": 1, ""prime"": [{""canonical_t"": 1, ""e"": 1, ""kind"": ""odd-cyclic"", ""legendre"": 1, ""p"": 3}]}|{""N"": 32, ""cyclic_key"": 5, ""prime"": [{""brown_mod8"": 5, ""canonical_t"": 5, ""e"": 5, ""kind"": ""2-cyclic-odd"", ""p"": 2}]}|{""N"": 4, ""cyclic_key"": 3, ""prime"": [{""brown_mod8"": 3, ""canonical_t"": 3, ""e"": 2, ""kind"": ""2-cyclic-odd"", ""p"": 2}]}|{""N"": 4, ""cyclic_key"": 3, ""prime"": [{""brown_mod8"": 3, ""canonical_t"": 3, ""e"": 2, ""kind"": ""2-cyclic-odd"", ""p"": 2}]}|{""N"": 5, ""cyclic_key"": 4, ""prime"": [{""canonical_t"": 1, ""e"": 1, ""kind"": ""odd-cyclic"", ""legendre"": 1, ""p"": 5}]}",True,DIRECT_SUM_SYMBOL_EXACT_FOR_ORTHOGONAL_BLOCK_PRESENTATION
89,6,"{""N"": 16, ""cyclic_key"": 1, ""prime"": [{""brown_mod8"": 1, ""canonical_t"": 1, ""e"": 4, ""kind"": ""2-cyclic-odd"", ""p"": 2}]}|{""N"": 16, ""cyclic_key"": 3, ""prime"": [{""brown_mod8"": 3, ""canonical_t"": 3, ""e"": 4, ""kind"": ""2-cyclic-odd"", ""p"": 2}]}|{""N"": 16, ""cyclic_key"": 5, ""prime"": [{""brown_mod8"": 5, ""canonical_t"": 5, ""e"": 4, ""kind"": ""2-cyclic-odd"", ""p"": 2}]}|{""N"": 3, ""cyclic_key"": 2, ""prime"": [{""canonical_t"": 2, ""e"": 1, ""kind"": ""odd-cyclic"", ""legendre"": -1, ""p"": 3}]}|{""N"": 4, ""cyclic_key"": 7, ""prime"": [{""brown_mod8"": 7, ""canonical_t"": 7, ""e"": 2, ""kind"": ""2-cyclic-odd"", ""p"": 2}]}|{""N"": 9, ""cyclic_key"": 1, ""prime"": [{""canonical_t"": 1, ""e"": 2, ""kind"": ""odd-cyclic"", ""legendre"": 1, ""p"": 3}]}","{""N"": 16, ""cyclic_key"": 1, ""prime"": [{""brown_mod8"": 1, ""canonical_t"": 1, ""e"": 4, ""kind"": ""2-cyclic-odd"", ""p"": 2}]}|{""N"": 16, ""cyclic_key"": 3, ""prime"": [{""brown_mod8"": 3, ""canonical_t"": 3, ""e"": 4, ""kind"": ""2-cyclic-odd"", ""p"": 2}]}|{""N"": 16, ""cyclic_key"": 5, ""prime"": [{""brown_mod8"": 5, ""canonical_t"": 5, ""e"": 4, ""kind"": ""2-cyclic-odd"", ""p"": 2}]}|{""N"": 3, ""cyclic_key"": 2, ""prime"": [{""canonical_t"": 2, ""e"": 1, ""kind"": ""odd-cyclic"", ""legendre"": -1, ""p"": 3}]}|{""N"": 4, ""cyclic_key"": 7, ""prime"": [{""brown_mod8"": 7, ""canonical_t"": 7, ""e"": 2, ""kind"": ""2-cyclic-odd"", ""p"": 2}]}|{""N"": 9, ""cyclic_key"": 1, ""prime"": [{""canonical_t"": 1, ""e"": 2, ""kind"": ""odd-cyclic"", ""legendre"": 1, ""p"": 3}]}",True,DIRECT_SUM_SYMBOL_EXACT_FOR_ORTHOGONAL_BLOCK_PRESENTATION
90,5,"{""N"": 12, ""cyclic_key"": 5, ""prime"": [{""brown_mod8"": 5, ""canonical_t"": 5, ""e"": 2, ""kind"": ""2-cyclic-odd"", ""p"": 2}, {""canonical_t"": 2, ""e"": 1, ""kind"": ""odd-cyclic"", ""legendre"": -1, ""p"": 3}]}|{""N"": 16, ""cyclic_key"": 1, ""prime"": [{""brown_mod8"": 1, ""canonical_t"": 1, ""e"": 4, ""kind"": ""2-cyclic-odd"", ""p"": 2}]}|{""N"": 27, ""cyclic_key"": 2, ""prime"": [{""canonical_t"": 2, ""e"": 3, ""kind"": ""odd-cyclic"", ""legendre"": -1, ""p"": 3}]}|{""N"": 7, ""cyclic_key"": 2, ""prime"": [{""canonical_t"": 1, ""e"": 1, ""kind"": ""odd-cyclic"", ""legendre"": 1, ""p"": 7}]}|{""N"": 9, ""cyclic_key"": 2, ""prime"": [{""canonical_t"": 2, ""e"": 2, ""kind"": ""odd-cyclic"", ""legendre"": -1, ""p"": 3}]}","{""N"": 12, ""cyclic_key"": 5, ""prime"": [{""brown_mod8"": 5, ""canonical_t"": 5, ""e"": 2, ""kind"": ""2-cyclic-odd"", ""p"": 2}, {""canonical_t"": 2, ""e"": 1, ""kind"": ""odd-cyclic"", ""legendre"": -1, ""p"": 3}]}|{""N"": 16, ""cyclic_key"": 1, ""prime"": [{""brown_mod8"": 1, ""canonical_t"": 1, ""e"": 4, ""kind"": ""2-cyclic-odd"", ""p"": 2}]}|{""N"": 27, ""cyclic_key"": 2, ""prime"": [{""canonical_t"": 2, ""e"": 3, ""kind"": ""odd-cyclic"", ""legendre"": -1, ""p"": 3}]}|{""N"": 7, ""cyclic_key"": 2, ""prime"": [{""canonical_t"": 1, ""e"": 1, ""kind"": ""odd-cyclic"", ""legendre"": 1, ""p"": 7}]}|{""N"": 9, ""cyclic_key"": 2, ""prime"": [{""canonical_t"": 2, ""e"": 2, ""kind"": ""odd-cyclic"", ""legendre"": -1, ""p"": 3}]}",True,DIRECT_SUM_SYMBOL_EXACT_FOR_ORTHOGONAL_BLOCK_PRESENTATION
91,2,"{""N"": 16, ""cyclic_key"": 3, ""prime"": [{""brown_mod8"": 3, ""canonical_t"": 3, ""e"": 4, ""kind"": ""2-cyclic-odd"", ""p"": 2}]}|{""N"": 8, ""cyclic_key"": 3, ""prime"": [{""brown_mod8"": 3, ""canonical_t"": 3, ""e"": 3, ""kind"": ""2-cyclic-odd"", ""p"": 2}]}","{""N"": 16, ""cyclic_key"": 3, ""prime"": [{""brown_mod8"": 3, ""canonical_t"": 3, ""e"": 4, ""kind"": ""2-cyclic-odd"", ""p"": 2}]}|{""N"": 8, ""cyclic_key"": 3, ""prime"": [{""brown_mod8"": 3, ""canonical_t"": 3, ""e"": 3, ""kind"": ""2-cyclic-odd"", ""p"": 2}]}",True,DIRECT_SUM_SYMBOL_EXACT_FOR_ORTHOGONAL_BLOCK_PRESENTATION
92,6,"{""N"": 12, ""cyclic_key"": 7, ""prime"": [{""brown_mod8"": 7, ""canonical_t"": 7, ""e"": 2, ""kind"": ""2-cyclic-odd"", ""p"": 2}, {""canonical_t"": 1, ""e"": 1, ""kind"": ""odd-cyclic"", ""legendre"": 1, ""p"": 3}]}|{""N"": 16, ""cyclic_key"": 1, ""prime"": [{""brown_mod8"": 1, ""canonical_t"": 1, ""e"": 4, ""kind"": ""2-cyclic-odd"", ""p"": 2}]}|{""N"": 25, ""cyclic_key"": 1, ""prime"": [{""canonical_t"": 1, ""e"": 2, ""kind"": ""odd-cyclic"", ""legendre"": 1, ""p"": 5}]}|{""N"": 25, ""cyclic_key"": 4, ""prime"": [{""canonical_t"": 1, ""e"": 2, ""kind"": ""odd-cyclic"", ""legendre"": 1, ""p"": 5}]}|{""N"": 27, ""cyclic_key"": 2, ""prime"": [{""canonical_t"": 2, ""e"": 3, ""kind"": ""odd-cyclic"", ""legendre"": -1, ""p"": 3}]}|{""N"": 9, ""cyclic_key"": 2, ""prime"": [{""canonical_t"": 2, ""e"": 2, ""kind"": ""odd-cyclic"", ""legendre"": -1, ""p"": 3}]}","{""N"": 12, ""cyclic_key"": 7, ""prime"": [{""brown_mod8"": 7, ""canonical_t"": 7, ""e"": 2, ""kind"": ""2-cyclic-odd"", ""p"": 2}, {""canonical_t"": 1, ""e"": 1, ""kind"": ""odd-cyclic"", ""legendre"": 1, ""p"": 3}]}|{""N"": 16, ""cyclic_key"": 1, ""prime"": [{""brown_mod8"": 1, ""canonical_t"": 1, ""e"": 4, ""kind"": ""2-cyclic-odd"", ""p"": 2}]}|{""N"": 25, ""cyclic_key"": 1, ""prime"": [{""canonical_t"": 1, ""e"": 2, ""kind"": ""odd-cyclic"", ""legendre"": 1, ""p"": 5}]}|{""N"": 25, ""cyclic_key"": 4, ""prime"": [{""canonical_t"": 1, ""e"": 2, ""kind"": ""odd-cyclic"", ""legendre"": 1, ""p"": 5}]}|{""N"": 27, ""cyclic_key"": 2, ""prime"": [{""canonical_t"": 2, ""e"": 3, ""kind"": ""odd-cyclic"", ""legendre"": -1, ""p"": 3}]}|{""N"": 9, ""cyclic_key"": 2, ""prime"": [{""canonical_t"": 2, ""e"": 2, ""kind"": ""odd-cyclic"", ""legendre"": -1, ""p"": 3}]}",True,DIRECT_SUM_SYMBOL_EXACT_FOR_ORTHOGONAL_BLOCK_PRESENTATION
93,5,"{""N"": 16, ""cyclic_key"": 3, ""prime"": [{""brown_mod8"": 3, ""canonical_t"": 3, ""e"": 4, ""kind"": ""2-cyclic-odd"", ""p"": 2}]}|{""N"": 2, ""cyclic_key"": 1, ""prime"": [{""brown_mod8"": 1, ""canonical_t"": 1, ""e"": 1, ""kind"": ""2-cyclic-odd"", ""p"": 2}]}|{""N"": 32, ""cyclic_key"": 7, ""prime"": [{""brown_mod8"": 7, ""canonical_t"": 7, ""e"": 5, ""kind"": ""2-cyclic-odd"", ""p"": 2}]}|{""N"": 7, ""cyclic_key"": 1, ""prime"": [{""canonical_t"": 1, ""e"": 1, ""kind"": ""odd-cyclic"", ""legendre"": 1, ""p"": 7}]}|{""N"": 7, ""cyclic_key"": 1, ""prime"": [{""canonical_t"": 1, ""e"": 1, ""kind"": ""odd-cyclic"", ""legendre"": 1, ""p"": 7}]}","{""N"": 16, ""cyclic_key"": 3, ""prime"": [{""brown_mod8"": 3, ""canonical_t"": 3, ""e"": 4, ""kind"": ""2-cyclic-odd"", ""p"": 2}]}|{""N"": 2, ""cyclic_key"": 1, ""prime"": [{""brown_mod8"": 1, ""canonical_t"": 1, ""e"": 1, ""kind"": ""2-cyclic-odd"", ""p"": 2}]}|{""N"": 32, ""cyclic_key"": 7, ""prime"": [{""brown_mod8"": 7, ""canonical_t"": 7, ""e"": 5, ""kind"": ""2-cyclic-odd"", ""p"": 2}]}|{""N"": 7, ""cyclic_key"": 1, ""prime"": [{""canonical_t"": 1, ""e"": 1, ""kind"": ""odd-cyclic"", ""legendre"": 1, ""p"": 7}]}|{""N"": 7, ""cyclic_key"": 1, ""prime"": [{""canonical_t"": 1, ""e"": 1, ""kind"": ""odd-cyclic"", ""legendre"": 1, ""p"": 7}]}",True,DIRECT_SUM_SYMBOL_EXACT_FOR_ORTHOGONAL_BLOCK_PRESENTATION
94,7,"{""N"": 16, ""cyclic_key"": 3, ""prime"": [{""brown_mod8"": 3, ""canonical_t"": 3, ""e"": 4, ""kind"": ""2-cyclic-odd"", ""p"": 2}]}|{""N"": 27, ""cyclic_key"": 2, ""prime"": [{""canonical_t"": 2, ""e"": 3, ""kind"": ""odd-cyclic"", ""legendre"": -1, ""p"": 3}]}|{""N"": 27, ""cyclic_key"": 5, ""prime"": [{""canonical_t"": 2, ""e"": 3, ""kind"": ""odd-cyclic"", ""legendre"": -1, ""p"": 3}]}|{""N"": 27, ""cyclic_key"": 5, ""prime"": [{""canonical_t"": 2, ""e"": 3, ""kind"": ""odd-cyclic"", ""legendre"": -1, ""p"": 3}]}|{""N"": 4, ""cyclic_key"": 1, ""prime"": [{""brown_mod8"": 1, ""canonical_t"": 1, ""e"": 2, ""kind"": ""2-cyclic-odd"", ""p"": 2}]}|{""N"": 5, ""cyclic_key"": 1, ""prime"": [{""canonical_t"": 1, ""e"": 1, ""kind"": ""odd-cyclic"", ""legendre"": 1, ""p"": 5}]}|{""N"": 8, ""cyclic_key"": 3, ""prime"": [{""brown_mod8"": 3, ""canonical_t"": 3, ""e"": 3, ""kind"": ""2-cyclic-odd"", ""p"": 2}]}","{""N"": 16, ""cyclic_key"": 3, ""prime"": [{""brown_mod8"": 3, ""canonical_t"": 3, ""e"": 4, ""kind"": ""2-cyclic-odd"", ""p"": 2}]}|{""N"": 27, ""cyclic_key"": 2, ""prime"": [{""canonical_t"": 2, ""e"": 3, ""kind"": ""odd-cyclic"", ""legendre"": -1, ""p"": 3}]}|{""N"": 27, ""cyclic_key"": 5, ""prime"": [{""canonical_t"": 2, ""e"": 3, ""kind"": ""odd-cyclic"", ""legendre"": -1, ""p"": 3}]}|{""N"": 27, ""cyclic_key"": 5, ""prime"": [{""canonical_t"": 2, ""e"": 3, ""kind"": ""odd-cyclic"", ""legendre"": -1, ""p"": 3}]}|{""N"": 4, ""cyclic_key"": 1, ""prime"": [{""brown_mod8"": 1, ""canonical_t"": 1, ""e"": 2, ""kind"": ""2-cyclic-odd"", ""p"": 2}]}|{""N"": 5, ""cyclic_key"": 1, ""prime"": [{""canonical_t"": 1, ""e"": 1, ""kind"": ""odd-cyclic"", ""legendre"": 1, ""p"": 5}]}|{""N"": 8, ""cyclic_key"": 3, ""prime"": [{""brown_mod8"": 3, ""canonical_t"": 3, ""e"": 3, ""kind"": ""2-cyclic-odd"", ""p"": 2}]}",True,DIRECT_SUM_SYMBOL_EXACT_FOR_ORTHOGONAL_BLOCK_PRESENTATION
95,3,"{""N"": 16, ""cyclic_key"": 1, ""prime"": [{""brown_mod8"": 1, ""canonical_t"": 1, ""e"": 4, ""kind"": ""2-cyclic-odd"", ""p"": 2}]}|{""N"": 32, ""cyclic_key"": 1, ""prime"": [{""brown_mod8"": 1, ""canonical_t"": 1, ""e"": 5, ""kind"": ""2-cyclic-odd"", ""p"": 2}]}|{""N"": 7, ""cyclic_key"": 1, ""prime"": [{""canonical_t"": 1, ""e"": 1, ""kind"": ""odd-cyclic"", ""legendre"": 1, ""p"": 7}]}","{""N"": 16, ""cyclic_key"": 1, ""prime"": [{""brown_mod8"": 1, ""canonical_t"": 1, ""e"": 4, ""kind"": ""2-cyclic-odd"", ""p"": 2}]}|{""N"": 32, ""cyclic_key"": 1, ""prime"": [{""brown_mod8"": 1, ""canonical_t"": 1, ""e"": 5, ""kind"": ""2-cyclic-odd"", ""p"": 2}]}|{""N"": 7, ""cyclic_key"": 1, ""prime"": [{""canonical_t"": 1, ""e"": 1, ""kind"": ""odd-cyclic"", ""legendre"": 1, ""p"": 7}]}",True,DIRECT_SUM_SYMBOL_EXACT_FOR_ORTHOGONAL_BLOCK_PRESENTATION
96,2,"{""N"": 27, ""cyclic_key"": 1, ""prime"": [{""canonical_t"": 1, ""e"": 3, ""kind"": ""odd-cyclic"", ""legendre"": 1, ""p"": 3}]}|{""N"": 27, ""cyclic_key"": 2, ""prime"": [{""canonical_t"": 2, ""e"": 3, ""kind"": ""odd-cyclic"", ""legendre"": -1, ""p"": 3}]}","{""N"": 27, ""cyclic_key"": 1, ""prime"": [{""canonical_t"": 1, ""e"": 3, ""kind"": ""odd-cyclic"", ""legendre"": 1, ""p"": 3}]}|{""N"": 27, ""cyclic_key"": 2, ""prime"": [{""canonical_t"": 2, ""e"": 3, ""kind"": ""odd-cyclic"", ""legendre"": -1, ""p"": 3}]}",True,DIRECT_SUM_SYMBOL_EXACT_FOR_ORTHOGONAL_BLOCK_PRESENTATION
97,7,"{""N"": 12, ""cyclic_key"": 5, ""prime"": [{""brown_mod8"": 5, ""canonical_t"": 5, ""e"": 2, ""kind"": ""2-cyclic-odd"", ""p"": 2}, {""canonical_t"": 2, ""e"": 1, ""kind"": ""odd-cyclic"", ""legendre"": -1, ""p"": 3}]}|{""N"": 27, ""cyclic_key"": 1, ""prime"": [{""canonical_t"": 1, ""e"": 3, ""kind"": ""odd-cyclic"", ""legendre"": 1, ""p"": 3}]}|{""N"": 27, ""cyclic_key"": 4, ""prime"": [{""canonical_t"": 1, ""e"": 3, ""kind"": ""odd-cyclic"", ""legendre"": 1, ""p"": 3}]}|{""N"": 32, ""cyclic_key"": 3, ""prime"": [{""brown_mod8"": 3, ""canonical_t"": 3, ""e"": 5, ""kind"": ""2-cyclic-odd"", ""p"": 2}]}|{""N"": 32, ""cyclic_key"": 3, ""prime"": [{""brown_mod8"": 3, ""canonical_t"": 3, ""e"": 5, ""kind"": ""2-cyclic-odd"", ""p"": 2}]}|{""N"": 32, ""cyclic_key"": 3, ""prime"": [{""brown_mod8"": 3, ""canonical_t"": 3, ""e"": 5, ""kind"": ""2-cyclic-odd"", ""p"": 2}]}|{""N"": 5, ""cyclic_key"": 4, ""prime"": [{""canonical_t"": 1, ""e"": 1, ""kind"": ""odd-cyclic"", ""legendre"": 1, ""p"": 5}]}","{""N"": 12, ""cyclic_key"": 5, ""prime"": [{""brown_mod8"": 5, ""canonical_t"": 5, ""e"": 2, ""kind"": ""2-cyclic-odd"", ""p"": 2}, {""canonical_t"": 2, ""e"": 1, ""kind"": ""odd-cyclic"", ""legendre"": -1, ""p"": 3}]}|{""N"": 27, ""cyclic_key"": 1, ""prime"": [{""canonical_t"": 1, ""e"": 3, ""kind"": ""odd-cyclic"", ""legendre"": 1, ""p"": 3}]}|{""N"": 27, ""cyclic_key"": 4, ""prime"": [{""canonical_t"": 1, ""e"": 3, ""kind"": ""odd-cyclic"", ""legendre"": 1, ""p"": 3}]}|{""N"": 32, ""cyclic_key"": 3, ""prime"": [{""brown_mod8"": 3, ""canonical_t"": 3, ""e"": 5, ""kind"": ""2-cyclic-odd"", ""p"": 2}]}|{""N"": 32, ""cyclic_key"": 3, ""prime"": [{""brown_mod8"": 3, ""canonical_t"": 3, ""e"": 5, ""kind"": ""2-cyclic-odd"", ""p"": 2}]}|{""N"": 32, ""cyclic_key"": 3, ""prime"": [{""brown_mod8"": 3, ""canonical_t"": 3, ""e"": 5, ""kind"": ""2-cyclic-odd"", ""p"": 2}]}|{""N"": 5, ""cyclic_key"": 4, ""prime"": [{""canonical_t"": 1, ""e"": 1, ""kind"": ""odd-cyclic"", ""legendre"": 1, ""p"": 5}]}",True,DIRECT_SUM_SYMBOL_EXACT_FOR_ORTHOGONAL_BLOCK_PRESENTATION
98,7,"{""N"": 12, ""cyclic_key"": 1, ""prime"": [{""brown_mod8"": 1, ""canonical_t"": 1, ""e"": 2, ""kind"": ""2-cyclic-odd"", ""p"": 2}, {""canonical_t"": 1, ""e"": 1, ""kind"": ""odd-cyclic"", ""legendre"": 1, ""p"": 3}]}|{""N"": 16, ""cyclic_key"": 7, ""prime"": [{""brown_mod8"": 7, ""canonical_t"": 7, ""e"": 4, ""kind"": ""2-cyclic-odd"", ""p"": 2}]}|{""N"": 25, ""cyclic_key"": 3, ""prime"": [{""canonical_t"": 2, ""e"": 2, ""kind"": ""odd-cyclic"", ""legendre"": -1, ""p"": 5}]}|{""N"": 25, ""cyclic_key"": 3, ""prime"": [{""canonical_t"": 2, ""e"": 2, ""kind"": ""odd-cyclic"", ""legendre"": -1, ""p"": 5}]}|{""N"": 27, ""cyclic_key"": 4, ""prime"": [{""canonical_t"": 1, ""e"": 3, ""kind"": ""odd-cyclic"", ""legendre"": 1, ""p"": 3}]}|{""N"": 7, ""cyclic_key"": 1, ""prime"": [{""canonical_t"": 1, ""e"": 1, ""kind"": ""odd-cyclic"", ""legendre"": 1, ""p"": 7}]}|{""N"": 7, ""cyclic_key"": 3, ""prime"": [{""canonical_t"": 3, ""e"": 1, ""kind"": ""odd-cyclic"", ""legendre"": -1, ""p"": 7}]}","{""N"": 12, ""cyclic_key"": 1, ""prime"": [{""brown_mod8"": 1, ""canonical_t"": 1, ""e"": 2, ""kind"": ""2-cyclic-odd"", ""p"": 2}, {""canonical_t"": 1, ""e"": 1, ""kind"": ""odd-cyclic"", ""legendre"": 1, ""p"": 3}]}|{""N"": 16, ""cyclic_key"": 7, ""prime"": [{""brown_mod8"": 7, ""canonical_t"": 7, ""e"": 4, ""kind"": ""2-cyclic-odd"", ""p"": 2}]}|{""N"": 25, ""cyclic_key"": 3, ""prime"": [{""canonical_t"": 2, ""e"": 2, ""kind"": ""odd-cyclic"", ""legendre"": -1, ""p"": 5}]}|{""N"": 25, ""cyclic_key"": 3, ""prime"": [{""canonical_t"": 2, ""e"": 2, ""kind"": ""odd-cyclic"", ""legendre"": -1, ""p"": 5}]}|{""N"": 27, ""cyclic_key"": 4, ""prime"": [{""canonical_t"": 1, ""e"": 3, ""kind"": ""odd-cyclic"", ""legendre"": 1, ""p"": 3}]}|{""N"": 7, ""cyclic_key"": 1, ""prime"": [{""canonical_t"": 1, ""e"": 1, ""kind"": ""odd-cyclic"", ""legendre"": 1, ""p"": 7}]}|{""N"": 7, ""cyclic_key"": 3, ""prime"": [{""canonical_t"": 3, ""e"": 1, ""kind"": ""odd-cyclic"", ""legendre"": -1, ""p"": 7}]}",True,DIRECT_SUM_SYMBOL_EXACT_FOR_ORTHOGONAL_BLOCK_PRESENTATION
99,6,"{""N"": 12, ""cyclic_key"": 13, ""prime"": [{""brown_mod8"": 5, ""canonical_t"": 5, ""e"": 2, ""kind"": ""2-cyclic-odd"", ""p"": 2}, {""canonical_t"": 1, ""e"": 1, ""kind"": ""odd-cyclic"", ""legendre"": 1, ""p"": 3}]}|{""N"": 12, ""cyclic_key"": 13, ""prime"": [{""brown_mod8"": 5, ""canonical_t"": 5, ""e"": 2, ""kind"": ""2-cyclic-odd"", ""p"": 2}, {""canonical_t"": 1, ""e"": 1, ""kind"": ""odd-cyclic"", ""legendre"": 1, ""p"": 3}]}|{""N"": 25, ""cyclic_key"": 1, ""prime"": [{""canonical_t"": 1, ""e"": 2, ""kind"": ""odd-cyclic"", ""legendre"": 1, ""p"": 5}]}|{""N"": 25, ""cyclic_key"": 4, ""prime"": [{""canonical_t"": 1, ""e"": 2, ""kind"": ""odd-cyclic"", ""legendre"": 1, ""p"": 5}]}|{""N"": 32, ""cyclic_key"": 1, ""prime"": [{""brown_mod8"": 1, ""canonical_t"": 1, ""e"": 5, ""kind"": ""2-cyclic-odd"", ""p"": 2}]}|{""N"": 8, ""cyclic_key"": 1, ""prime"": [{""brown_mod8"": 1, ""canonical_t"": 1, ""e"": 3, ""kind"": ""2-cyclic-odd"", ""p"": 2}]}","{""N"": 12, ""cyclic_key"": 13, ""prime"": [{""brown_mod8"": 5, ""canonical_t"": 5, ""e"": 2, ""kind"": ""2-cyclic-odd"", ""p"": 2}, {""canonical_t"": 1, ""e"": 1, ""kind"": ""odd-cyclic"", ""legendre"": 1, ""p"": 3}]}|{""N"": 12, ""cyclic_key"": 13, ""prime"": [{""brown_mod8"": 5, ""canonical_t"": 5, ""e"": 2, ""kind"": ""2-cyclic-odd"", ""p"": 2}, {""canonical_t"": 1, ""e"": 1, ""kind"": ""odd-cyclic"", ""legendre"": 1, ""p"": 3}]}|{""N"": 25, ""cyclic_key"": 1, ""prime"": [{""canonical_t"": 1, ""e"": 2, ""kind"": ""odd-cyclic"", ""legendre"": 1, ""p"": 5}]}|{""N"": 25, ""cyclic_key"": 4, ""prime"": [{""canonical_t"": 1, ""e"": 2, ""kind"": ""odd-cyclic"", ""legendre"": 1, ""p"": 5}]}|{""N"": 32, ""cyclic_key"": 1, ""prime"": [{""brown_mod8"": 1, ""canonical_t"": 1, ""e"": 5, ""kind"": ""2-cyclic-odd"", ""p"": 2}]}|{""N"": 8, ""cyclic_key"": 1, ""prime"": [{""brown_mod8"": 1, ""canonical_t"": 1, ""e"": 3, ""kind"": ""2-cyclic-odd"", ""p"": 2}]}",True,DIRECT_SUM_SYMBOL_EXACT_FOR_ORTHOGONAL_BLOCK_PRESENTATION
100,7,"{""N"": 25, ""cyclic_key"": 4, ""prime"": [{""canonical_t"": 1, ""e"": 2, ""kind"": ""odd-cyclic"", ""legendre"": 1, ""p"": 5}]}|{""N"": 25, ""cyclic_key"": 4, ""prime"": [{""canonical_t"": 1, ""e"": 2, ""kind"": ""odd-cyclic"", ""legendre"": 1, ""p"": 5}]}|{""N"": 27, ""cyclic_key"": 4, ""prime"": [{""canonical_t"": 1, ""e"": 3, ""kind"": ""odd-cyclic"", ""legendre"": 1, ""p"": 3}]}|{""N"": 4, ""cyclic_key"": 7, ""prime"": [{""brown_mod8"": 7, ""canonical_t"": 7, ""e"": 2, ""kind"": ""2-cyclic-odd"", ""p"": 2}]}|{""N"": 7, ""cyclic_key"": 1, ""prime"": [{""canonical_t"": 1, ""e"": 1, ""kind"": ""odd-cyclic"", ""legendre"": 1, ""p"": 7}]}|{""N"": 7, ""cyclic_key"": 6, ""prime"": [{""canonical_t"": 3, ""e"": 1, ""kind"": ""odd-cyclic"", ""legendre"": -1, ""p"": 7}]}|{""N"": 9, ""cyclic_key"": 2, ""prime"": [{""canonical_t"": 2, ""e"": 2, ""kind"": ""odd-cyclic"", ""legendre"": -1, ""p"": 3}]}","{""N"": 25, ""cyclic_key"": 4, ""prime"": [{""canonical_t"": 1, ""e"": 2, ""kind"": ""odd-cyclic"", ""legendre"": 1, ""p"": 5}]}|{""N"": 25, ""cyclic_key"": 4, ""prime"": [{""canonical_t"": 1, ""e"": 2, ""kind"": ""odd-cyclic"", ""legendre"": 1, ""p"": 5}]}|{""N"": 27, ""cyclic_key"": 4, ""prime"": [{""canonical_t"": 1, ""e"": 3, ""kind"": ""odd-cyclic"", ""legendre"": 1, ""p"": 3}]}|{""N"": 4, ""cyclic_key"": 7, ""prime"": [{""brown_mod8"": 7, ""canonical_t"": 7, ""e"": 2, ""kind"": ""2-cyclic-odd"", ""p"": 2}]}|{""N"": 7, ""cyclic_key"": 1, ""prime"": [{""canonical_t"": 1, ""e"": 1, ""kind"": ""odd-cyclic"", ""legendre"": 1, ""p"": 7}]}|{""N"": 7, ""cyclic_key"": 6, ""prime"": [{""canonical_t"": 3, ""e"": 1, ""kind"": ""odd-cyclic"", ""legendre"": -1, ""p"": 7}]}|{""N"": 9, ""cyclic_key"": 2, ""prime"": [{""canonical_t"": 2, ""e"": 2, ""kind"": ""odd-cyclic"", ""legendre"": -1, ""p"": 3}]}",True,DIRECT_SUM_SYMBOL_EXACT_FOR_ORTHOGONAL_BLOCK_PRESENTATION
101,4,"{""N"": 27, ""cyclic_key"": 5, ""prime"": [{""canonical_t"": 2, ""e"": 3, ""kind"": ""odd-cyclic"", ""legendre"": -1, ""p"": 3}]}|{""N"": 5, ""cyclic_key"": 1, ""prime"": [{""canonical_t"": 1, ""e"": 1, ""kind"": ""odd-cyclic"", ""legendre"": 1, ""p"": 5}]}|{""N"": 7, ""cyclic_key"": 1, ""prime"": [{""canonical_t"": 1, ""e"": 1, ""kind"": ""odd-cyclic"", ""legendre"": 1, ""p"": 7}]}|{""N"": 8, ""cyclic_key"": 3, ""prime"": [{""brown_mod8"": 3, ""canonical_t"": 3, ""e"": 3, ""kind"": ""2-cyclic-odd"", ""p"": 2}]}","{""N"": 27, ""cyclic_key"": 5, ""prime"": [{""canonical_t"": 2, ""e"": 3, ""kind"": ""odd-cyclic"", ""legendre"": -1, ""p"": 3}]}|{""N"": 5, ""cyclic_key"": 1, ""prime"": [{""canonical_t"": 1, ""e"": 1, ""kind"": ""odd-cyclic"", ""legendre"": 1, ""p"": 5}]}|{""N"": 7, ""cyclic_key"": 1, ""prime"": [{""canonical_t"": 1, ""e"": 1, ""kind"": ""odd-cyclic"", ""legendre"": 1, ""p"": 7}]}|{""N"": 8, ""cyclic_key"": 3, ""prime"": [{""brown_mod8"": 3, ""canonical_t"": 3, ""e"": 3, ""kind"": ""2-cyclic-odd"", ""p"": 2}]}",True,DIRECT_SUM_SYMBOL_EXACT_FOR_ORTHOGONAL_BLOCK_PRESENTATION
102,3,"{""N"": 16, ""cyclic_key"": 1, ""prime"": [{""brown_mod8"": 1, ""canonical_t"": 1, ""e"": 4, ""kind"": ""2-cyclic-odd"", ""p"": 2}]}|{""N"": 25, ""cyclic_key"": 2, ""prime"": [{""canonical_t"": 2, ""e"": 2, ""kind"": ""odd-cyclic"", ""legendre"": -1, ""p"": 5}]}|{""N"": 9, ""cyclic_key"": 4, ""prime"": [{""canonical_t"": 1, ""e"": 2, ""kind"": ""odd-cyclic"", ""legendre"": 1, ""p"": 3}]}","{""N"": 16, ""cyclic_key"": 1, ""prime"": [{""brown_mod8"": 1, ""canonical_t"": 1, ""e"": 4, ""kind"": ""2-cyclic-odd"", ""p"": 2}]}|{""N"": 25, ""cyclic_key"": 2, ""prime"": [{""canonical_t"": 2, ""e"": 2, ""kind"": ""odd-cyclic"", ""legendre"": -1, ""p"": 5}]}|{""N"": 9, ""cyclic_key"": 4, ""prime"": [{""canonical_t"": 1, ""e"": 2, ""kind"": ""odd-cyclic"", ""legendre"": 1, ""p"": 3}]}",True,DIRECT_SUM_SYMBOL_EXACT_FOR_ORTHOGONAL_BLOCK_PRESENTATION
103,5,"{""N"": 25, ""cyclic_key"": 1, ""prime"": [{""canonical_t"": 1, ""e"": 2, ""kind"": ""odd-cyclic"", ""legendre"": 1, ""p"": 5}]}|{""N"": 3, ""cyclic_key"": 1, ""prime"": [{""canonical_t"": 1, ""e"": 1, ""kind"": ""odd-cyclic"", ""legendre"": 1, ""p"": 3}]}|{""N"": 32, ""cyclic_key"": 1, ""prime"": [{""brown_mod8"": 1, ""canonical_t"": 1, ""e"": 5, ""kind"": ""2-cyclic-odd"", ""p"": 2}]}|{""N"": 7, ""cyclic_key"": 1, ""prime"": [{""canonical_t"": 1, ""e"": 1, ""kind"": ""odd-cyclic"", ""legendre"": 1, ""p"": 7}]}|{""N"": 9, ""cyclic_key"": 2, ""prime"": [{""canonical_t"": 2, ""e"": 2, ""kind"": ""odd-cyclic"", ""legendre"": -1, ""p"": 3}]}","{""N"": 25, ""cyclic_key"": 1, ""prime"": [{""canonical_t"": 1, ""e"": 2, ""kind"": ""odd-cyclic"", ""legendre"": 1, ""p"": 5}]}|{""N"": 3, ""cyclic_key"": 1, ""prime"": [{""canonical_t"": 1, ""e"": 1, ""kind"": ""odd-cyclic"", ""legendre"": 1, ""p"": 3}]}|{""N"": 32, ""cyclic_key"": 1, ""prime"": [{""brown_mod8"": 1, ""canonical_t"": 1, ""e"": 5, ""kind"": ""2-cyclic-odd"", ""p"": 2}]}|{""N"": 7, ""cyclic_key"": 1, ""prime"": [{""canonical_t"": 1, ""e"": 1, ""kind"": ""odd-cyclic"", ""legendre"": 1, ""p"": 7}]}|{""N"": 9, ""cyclic_key"": 2, ""prime"": [{""canonical_t"": 2, ""e"": 2, ""kind"": ""odd-cyclic"", ""legendre"": -1, ""p"": 3}]}",True,DIRECT_SUM_SYMBOL_EXACT_FOR_ORTHOGONAL_BLOCK_PRESENTATION
104,7,"{""N"": 25, ""cyclic_key"": 2, ""prime"": [{""canonical_t"": 2, ""e"": 2, ""kind"": ""odd-cyclic"", ""legendre"": -1, ""p"": 5}]}|{""N"": 25, ""cyclic_key"": 3, ""prime"": [{""canonical_t"": 2, ""e"": 2, ""kind"": ""odd-cyclic"", ""legendre"": -1, ""p"": 5}]}|{""N"": 27, ""cyclic_key"": 4, ""prime"": [{""canonical_t"": 1, ""e"": 3, ""kind"": ""odd-cyclic"", ""legendre"": 1, ""p"": 3}]}|{""N"": 4, ""cyclic_key"": 5, ""prime"": [{""brown_mod8"": 5, ""canonical_t"": 5, ""e"": 2, ""kind"": ""2-cyclic-odd"", ""p"": 2}]}|{""N"": 7, ""cyclic_key"": 1, ""prime"": [{""canonical_t"": 1, ""e"": 1, ""kind"": ""odd-cyclic"", ""legendre"": 1, ""p"": 7}]}|{""N"": 7, ""cyclic_key"": 6, ""prime"": [{""canonical_t"": 3, ""e"": 1, ""kind"": ""odd-cyclic"", ""legendre"": -1, ""p"": 7}]}|{""N"": 9, ""cyclic_key"": 1, ""prime"": [{""canonical_t"": 1, ""e"": 2, ""kind"": ""odd-cyclic"", ""legendre"": 1, ""p"": 3}]}","{""N"": 25, ""cyclic_key"": 2, ""prime"": [{""canonical_t"": 2, ""e"": 2, ""kind"": ""odd-cyclic"", ""legendre"": -1, ""p"": 5}]}|{""N"": 25, ""cyclic_key"": 3, ""prime"": [{""canonical_t"": 2, ""e"": 2, ""kind"": ""odd-cyclic"", ""legendre"": -1, ""p"": 5}]}|{""N"": 27, ""cyclic_key"": 4, ""prime"": [{""canonical_t"": 1, ""e"": 3, ""kind"": ""odd-cyclic"", ""legendre"": 1, ""p"": 3}]}|{""N"": 4, ""cyclic_key"": 5, ""prime"": [{""brown_mod8"": 5, ""canonical_t"": 5, ""e"": 2, ""kind"": ""2-cyclic-odd"", ""p"": 2}]}|{""N"": 7, ""cyclic_key"": 1, ""prime"": [{""canonical_t"": 1, ""e"": 1, ""kind"": ""odd-cyclic"", ""legendre"": 1, ""p"": 7}]}|{""N"": 7, ""cyclic_key"": 6, ""prime"": [{""canonical_t"": 3, ""e"": 1, ""kind"": ""odd-cyclic"", ""legendre"": -1, ""p"": 7}]}|{""N"": 9, ""cyclic_key"": 1, ""prime"": [{""canonical_t"": 1, ""e"": 2, ""kind"": ""odd-cyclic"", ""legendre"": 1, ""p"": 3}]}",True,DIRECT_SUM_SYMBOL_EXACT_FOR_ORTHOGONAL_BLOCK_PRESENTATION
105,3,"{""N"": 27, ""cyclic_key"": 1, ""prime"": [{""canonical_t"": 1, ""e"": 3, ""kind"": ""odd-cyclic"", ""legendre"": 1, ""p"": 3}]}|{""N"": 32, ""cyclic_key"": 7, ""prime"": [{""brown_mod8"": 7, ""canonical_t"": 7, ""e"": 5, ""kind"": ""2-cyclic-odd"", ""p"": 2}]}|{""N"": 9, ""cyclic_key"": 2, ""prime"": [{""canonical_t"": 2, ""e"": 2, ""kind"": ""odd-cyclic"", ""legendre"": -1, ""p"": 3}]}","{""N"": 27, ""cyclic_key"": 1, ""prime"": [{""canonical_t"": 1, ""e"": 3, ""kind"": ""odd-cyclic"", ""legendre"": 1, ""p"": 3}]}|{""N"": 32, ""cyclic_key"": 7, ""prime"": [{""brown_mod8"": 7, ""canonical_t"": 7, ""e"": 5, ""kind"": ""2-cyclic-odd"", ""p"": 2}]}|{""N"": 9, ""cyclic_key"": 2, ""prime"": [{""canonical_t"": 2, ""e"": 2, ""kind"": ""odd-cyclic"", ""legendre"": -1, ""p"": 3}]}",True,DIRECT_SUM_SYMBOL_EXACT_FOR_ORTHOGONAL_BLOCK_PRESENTATION
106,2,"{""N"": 12, ""cyclic_key"": 17, ""prime"": [{""brown_mod8"": 1, ""canonical_t"": 1, ""e"": 2, ""kind"": ""2-cyclic-odd"", ""p"": 2}, {""canonical_t"": 2, ""e"": 1, ""kind"": ""odd-cyclic"", ""legendre"": -1, ""p"": 3}]}|{""N"": 8, ""cyclic_key"": 7, ""prime"": [{""brown_mod8"": 7, ""canonical_t"": 7, ""e"": 3, ""kind"": ""2-cyclic-odd"", ""p"": 2}]}","{""N"": 12, ""cyclic_key"": 17, ""prime"": [{""brown_mod8"": 1, ""canonical_t"": 1, ""e"": 2, ""kind"": ""2-cyclic-odd"", ""p"": 2}, {""canonical_t"": 2, ""e"": 1, ""kind"": ""odd-cyclic"", ""legendre"": -1, ""p"": 3}]}|{""N"": 8, ""cyclic_key"": 7, ""prime"": [{""brown_mod8"": 7, ""canonical_t"": 7, ""e"": 3, ""kind"": ""2-cyclic-odd"", ""p"": 2}]}",True,DIRECT_SUM_SYMBOL_EXACT_FOR_ORTHOGONAL_BLOCK_PRESENTATION
107,2,"{""N"": 27, ""cyclic_key"": 5, ""prime"": [{""canonical_t"": 2, ""e"": 3, ""kind"": ""odd-cyclic"", ""legendre"": -1, ""p"": 3}]}|{""N"": 5, ""cyclic_key"": 3, ""prime"": [{""canonical_t"": 2, ""e"": 1, ""kind"": ""odd-cyclic"", ""legendre"": -1, ""p"": 5}]}","{""N"": 27, ""cyclic_key"": 5, ""prime"": [{""canonical_t"": 2, ""e"": 3, ""kind"": ""odd-cyclic"", ""legendre"": -1, ""p"": 3}]}|{""N"": 5, ""cyclic_key"": 3, ""prime"": [{""canonical_t"": 2, ""e"": 1, ""kind"": ""odd-cyclic"", ""legendre"": -1, ""p"": 5}]}",True,DIRECT_SUM_SYMBOL_EXACT_FOR_ORTHOGONAL_BLOCK_PRESENTATION
108,2,"{""N"": 32, ""cyclic_key"": 1, ""prime"": [{""brown_mod8"": 1, ""canonical_t"": 1, ""e"": 5, ""kind"": ""2-cyclic-odd"", ""p"": 2}]}|{""N"": 32, ""cyclic_key"": 1, ""prime"": [{""brown_mod8"": 1, ""canonical_t"": 1, ""e"": 5, ""kind"": ""2-cyclic-odd"", ""p"": 2}]}","{""N"": 32, ""cyclic_key"": 1, ""prime"": [{""brown_mod8"": 1, ""canonical_t"": 1, ""e"": 5, ""kind"": ""2-cyclic-odd"", ""p"": 2}]}|{""N"": 32, ""cyclic_key"": 1, ""prime"": [{""brown_mod8"": 1, ""canonical_t"": 1, ""e"": 5, ""kind"": ""2-cyclic-odd"", ""p"": 2}]}",True,DIRECT_SUM_SYMBOL_EXACT_FOR_ORTHOGONAL_BLOCK_PRESENTATION
109,7,"{""N"": 27, ""cyclic_key"": 2, ""prime"": [{""canonical_t"": 2, ""e"": 3, ""kind"": ""odd-cyclic"", ""legendre"": -1, ""p"": 3}]}|{""N"": 3, ""cyclic_key"": 4, ""prime"": [{""canonical_t"": 1, ""e"": 1, ""kind"": ""odd-cyclic"", ""legendre"": 1, ""p"": 3}]}|{""N"": 5, ""cyclic_key"": 3, ""prime"": [{""canonical_t"": 2, ""e"": 1, ""kind"": ""odd-cyclic"", ""legendre"": -1, ""p"": 5}]}|{""N"": 5, ""cyclic_key"": 4, ""prime"": [{""canonical_t"": 1, ""e"": 1, ""kind"": ""odd-cyclic"", ""legendre"": 1, ""p"": 5}]}|{""N"": 5, ""cyclic_key"": 4, ""prime"": [{""canonical_t"": 1, ""e"": 1, ""kind"": ""odd-cyclic"", ""legendre"": 1, ""p"": 5}]}|{""N"": 8, ""cyclic_key"": 5, ""prime"": [{""brown_mod8"": 5, ""canonical_t"": 5, ""e"": 3, ""kind"": ""2-cyclic-odd"", ""p"": 2}]}|{""N"": 9, ""cyclic_key"": 5, ""prime"": [{""canonical_t"": 2, ""e"": 2, ""kind"": ""odd-cyclic"", ""legendre"": -1, ""p"": 3}]}","{""N"": 27, ""cyclic_key"": 2, ""prime"": [{""canonical_t"": 2, ""e"": 3, ""kind"": ""odd-cyclic"", ""legendre"": -1, ""p"": 3}]}|{""N"": 3, ""cyclic_key"": 4, ""prime"": [{""canonical_t"": 1, ""e"": 1, ""kind"": ""odd-cyclic"", ""legendre"": 1, ""p"": 3}]}|{""N"": 5, ""cyclic_key"": 3, ""prime"": [{""canonical_t"": 2, ""e"": 1, ""kind"": ""odd-cyclic"", ""legendre"": -1, ""p"": 5}]}|{""N"": 5, ""cyclic_key"": 4, ""prime"": [{""canonical_t"": 1, ""e"": 1, ""kind"": ""odd-cyclic"", ""legendre"": 1, ""p"": 5}]}|{""N"": 5, ""cyclic_key"": 4, ""prime"": [{""canonical_t"": 1, ""e"": 1, ""kind"": ""odd-cyclic"", ""legendre"": 1, ""p"": 5}]}|{""N"": 8, ""cyclic_key"": 5, ""prime"": [{""brown_mod8"": 5, ""canonical_t"": 5, ""e"": 3, ""kind"": ""2-cyclic-odd"", ""p"": 2}]}|{""N"": 9, ""cyclic_key"": 5, ""prime"": [{""canonical_t"": 2, ""e"": 2, ""kind"": ""odd-cyclic"", ""legendre"": -1, ""p"": 3}]}",True,DIRECT_SUM_SYMBOL_EXACT_FOR_ORTHOGONAL_BLOCK_PRESENTATION
110,4,"{""N"": 12, ""cyclic_key"": 13, ""prime"": [{""brown_mod8"": 5, ""canonical_t"": 5, ""e"": 2, ""kind"": ""2-cyclic-odd"", ""p"": 2}, {""canonical_t"": 1, ""e"": 1, ""kind"": ""odd-cyclic"", ""legendre"": 1, ""p"": 3}]}|{""N"": 12, ""cyclic_key"": 5, ""prime"": [{""brown_mod8"": 5, ""canonical_t"": 5, ""e"": 2, ""kind"": ""2-cyclic-odd"", ""p"": 2}, {""canonical_t"": 2, ""e"": 1, ""kind"": ""odd-cyclic"", ""legendre"": -1, ""p"": 3}]}|{""N"": 4, ""cyclic_key"": 7, ""prime"": [{""brown_mod8"": 7, ""canonical_t"": 7, ""e"": 2, ""kind"": ""2-cyclic-odd"", ""p"": 2}]}|{""N"": 8, ""cyclic_key"": 7, ""prime"": [{""brown_mod8"": 7, ""canonical_t"": 7, ""e"": 3, ""kind"": ""2-cyclic-odd"", ""p"": 2}]}","{""N"": 12, ""cyclic_key"": 13, ""prime"": [{""brown_mod8"": 5, ""canonical_t"": 5, ""e"": 2, ""kind"": ""2-cyclic-odd"", ""p"": 2}, {""canonical_t"": 1, ""e"": 1, ""kind"": ""odd-cyclic"", ""legendre"": 1, ""p"": 3}]}|{""N"": 12, ""cyclic_key"": 5, ""prime"": [{""brown_mod8"": 5, ""canonical_t"": 5, ""e"": 2, ""kind"": ""2-cyclic-odd"", ""p"": 2}, {""canonical_t"": 2, ""e"": 1, ""kind"": ""odd-cyclic"", ""legendre"": -1, ""p"": 3}]}|{""N"": 4, ""cyclic_key"": 7, ""prime"": [{""brown_mod8"": 7, ""canonical_t"": 7, ""e"": 2, ""kind"": ""2-cyclic-odd"", ""p"": 2}]}|{""N"": 8, ""cyclic_key"": 7, ""prime"": [{""brown_mod8"": 7, ""canonical_t"": 7, ""e"": 3, ""kind"": ""2-cyclic-odd"", ""p"": 2}]}",True,DIRECT_SUM_SYMBOL_EXACT_FOR_ORTHOGONAL_BLOCK_PRESENTATION
111,7,"{""N"": 16, ""cyclic_key"": 3, ""prime"": [{""brown_mod8"": 3, ""canonical_t"": 3, ""e"": 4, ""kind"": ""2-cyclic-odd"", ""p"": 2}]}|{""N"": 25, ""cyclic_key"": 3, ""prime"": [{""canonical_t"": 2, ""e"": 2, ""kind"": ""odd-cyclic"", ""legendre"": -1, ""p"": 5}]}|{""N"": 27, ""cyclic_key"": 4, ""prime"": [{""canonical_t"": 1, ""e"": 3, ""kind"": ""odd-cyclic"", ""legendre"": 1, ""p"": 3}]}|{""N"": 4, ""cyclic_key"": 3, ""prime"": [{""brown_mod8"": 3, ""canonical_t"": 3, ""e"": 2, ""kind"": ""2-cyclic-odd"", ""p"": 2}]}|{""N"": 5, ""cyclic_key"": 2, ""prime"": [{""canonical_t"": 2, ""e"": 1, ""kind"": ""odd-cyclic"", ""legendre"": -1, ""p"": 5}]}|{""N"": 8, ""cyclic_key"": 3, ""prime"": [{""brown_mod8"": 3, ""canonical_t"": 3, ""e"": 3, ""kind"": ""2-cyclic-odd"", ""p"": 2}]}|{""N"": 9, ""cyclic_key"": 2, ""prime"": [{""canonical_t"": 2, ""e"": 2, ""kind"": ""odd-cyclic"", ""legendre"": -1, ""p"": 3}]}","{""N"": 16, ""cyclic_key"": 3, ""prime"": [{""brown_mod8"": 3, ""canonical_t"": 3, ""e"": 4, ""kind"": ""2-cyclic-odd"", ""p"": 2}]}|{""N"": 25, ""cyclic_key"": 3, ""prime"": [{""canonical_t"": 2, ""e"": 2, ""kind"": ""odd-cyclic"", ""legendre"": -1, ""p"": 5}]}|{""N"": 27, ""cyclic_key"": 4, ""prime"": [{""canonical_t"": 1, ""e"": 3, ""kind"": ""odd-cyclic"", ""legendre"": 1, ""p"": 3}]}|{""N"": 4, ""cyclic_key"": 3, ""prime"": [{""brown_mod8"": 3, ""canonical_t"": 3, ""e"": 2, ""kind"": ""2-cyclic-odd"", ""p"": 2}]}|{""N"": 5, ""cyclic_key"": 2, ""prime"": [{""canonical_t"": 2, ""e"": 1, ""kind"": ""odd-cyclic"", ""legendre"": -1, ""p"": 5}]}|{""N"": 8, ""cyclic_key"": 3, ""prime"": [{""brown_mod8"": 3, ""canonical_t"": 3, ""e"": 3, ""kind"": ""2-cyclic-odd"", ""p"": 2}]}|{""N"": 9, ""cyclic_key"": 2, ""prime"": [{""canonical_t"": 2, ""e"": 2, ""kind"": ""odd-cyclic"", ""legendre"": -1, ""p"": 3}]}",True,DIRECT_SUM_SYMBOL_EXACT_FOR_ORTHOGONAL_BLOCK_PRESENTATION
112,5,"{""N"": 16, ""cyclic_key"": 3, ""prime"": [{""brown_mod8"": 3, ""canonical_t"": 3, ""e"": 4, ""kind"": ""2-cyclic-odd"", ""p"": 2}]}|{""N"": 25, ""cyclic_key"": 1, ""prime"": [{""canonical_t"": 1, ""e"": 2, ""kind"": ""odd-cyclic"", ""legendre"": 1, ""p"": 5}]}|{""N"": 27, ""cyclic_key"": 4, ""prime"": [{""canonical_t"": 1, ""e"": 3, ""kind"": ""odd-cyclic"", ""legendre"": 1, ""p"": 3}]}|{""N"": 27, ""cyclic_key"": 5, ""prime"": [{""canonical_t"": 2, ""e"": 3, ""kind"": ""odd-cyclic"", ""legendre"": -1, ""p"": 3}]}|{""N"": 9, ""cyclic_key"": 5, ""prime"": [{""canonical_t"": 2, ""e"": 2, ""kind"": ""odd-cyclic"", ""legendre"": -1, ""p"": 3}]}","{""N"": 16, ""cyclic_key"": 3, ""prime"": [{""brown_mod8"": 3, ""canonical_t"": 3, ""e"": 4, ""kind"": ""2-cyclic-odd"", ""p"": 2}]}|{""N"": 25, ""cyclic_key"": 1, ""prime"": [{""canonical_t"": 1, ""e"": 2, ""kind"": ""odd-cyclic"", ""legendre"": 1, ""p"": 5}]}|{""N"": 27, ""cyclic_key"": 4, ""prime"": [{""canonical_t"": 1, ""e"": 3, ""kind"": ""odd-cyclic"", ""legendre"": 1, ""p"": 3}]}|{""N"": 27, ""cyclic_key"": 5, ""prime"": [{""canonical_t"": 2, ""e"": 3, ""kind"": ""odd-cyclic"", ""legendre"": -1, ""p"": 3}]}|{""N"": 9, ""cyclic_key"": 5, ""prime"": [{""canonical_t"": 2, ""e"": 2, ""kind"": ""odd-cyclic"", ""legendre"": -1, ""p"": 3}]}",True,DIRECT_SUM_SYMBOL_EXACT_FOR_ORTHOGONAL_BLOCK_PRESENTATION
113,2,"{""N"": 32, ""cyclic_key"": 1, ""prime"": [{""brown_mod8"": 1, ""canonical_t"": 1, ""e"": 5, ""kind"": ""2-cyclic-odd"", ""p"": 2}]}|{""N"": 9, ""cyclic_key"": 4, ""prime"": [{""canonical_t"": 1, ""e"": 2, ""kind"": ""odd-cyclic"", ""legendre"": 1, ""p"": 3}]}","{""N"": 32, ""cyclic_key"": 1, ""prime"": [{""brown_mod8"": 1, ""canonical_t"": 1, ""e"": 5, ""kind"": ""2-cyclic-odd"", ""p"": 2}]}|{""N"": 9, ""cyclic_key"": 4, ""prime"": [{""canonical_t"": 1, ""e"": 2, ""kind"": ""odd-cyclic"", ""legendre"": 1, ""p"": 3}]}",True,DIRECT_SUM_SYMBOL_EXACT_FOR_ORTHOGONAL_BLOCK_PRESENTATION
114,6,"{""N"": 25, ""cyclic_key"": 1, ""prime"": [{""canonical_t"": 1, ""e"": 2, ""kind"": ""odd-cyclic"", ""legendre"": 1, ""p"": 5}]}|{""N"": 25, ""cyclic_key"": 3, ""prime"": [{""canonical_t"": 2, ""e"": 2, ""kind"": ""odd-cyclic"", ""legendre"": -1, ""p"": 5}]}|{""N"": 32, ""cyclic_key"": 7, ""prime"": [{""brown_mod8"": 7, ""canonical_t"": 7, ""e"": 5, ""kind"": ""2-cyclic-odd"", ""p"": 2}]}|{""N"": 4, ""cyclic_key"": 7, ""prime"": [{""brown_mod8"": 7, ""canonical_t"": 7, ""e"": 2, ""kind"": ""2-cyclic-odd"", ""p"": 2}]}|{""N"": 5, ""cyclic_key"": 2, ""prime"": [{""canonical_t"": 2, ""e"": 1, ""kind"": ""odd-cyclic"", ""legendre"": -1, ""p"": 5}]}|{""N"": 7, ""cyclic_key"": 1, ""prime"": [{""canonical_t"": 1, ""e"": 1, ""kind"": ""odd-cyclic"", ""legendre"": 1, ""p"": 7}]}","{""N"": 25, ""cyclic_key"": 1, ""prime"": [{""canonical_t"": 1, ""e"": 2, ""kind"": ""odd-cyclic"", ""legendre"": 1, ""p"": 5}]}|{""N"": 25, ""cyclic_key"": 3, ""prime"": [{""canonical_t"": 2, ""e"": 2, ""kind"": ""odd-cyclic"", ""legendre"": -1, ""p"": 5}]}|{""N"": 32, ""cyclic_key"": 7, ""prime"": [{""brown_mod8"": 7, ""canonical_t"": 7, ""e"": 5, ""kind"": ""2-cyclic-odd"", ""p"": 2}]}|{""N"": 4, ""cyclic_key"": 7, ""prime"": [{""brown_mod8"": 7, ""canonical_t"": 7, ""e"": 2, ""kind"": ""2-cyclic-odd"", ""p"": 2}]}|{""N"": 5, ""cyclic_key"": 2, ""prime"": [{""canonical_t"": 2, ""e"": 1, ""kind"": ""odd-cyclic"", ""legendre"": -1, ""p"": 5}]}|{""N"": 7, ""cyclic_key"": 1, ""prime"": [{""canonical_t"": 1, ""e"": 1, ""kind"": ""odd-cyclic"", ""legendre"": 1, ""p"": 7}]}",True,DIRECT_SUM_SYMBOL_EXACT_FOR_ORTHOGONAL_BLOCK_PRESENTATION
115,3,"{""N"": 8, ""cyclic_key"": 3, ""prime"": [{""brown_mod8"": 3, ""canonical_t"": 3, ""e"": 3, ""kind"": ""2-cyclic-odd"", ""p"": 2}]}|{""N"": 9, ""cyclic_key"": 1, ""prime"": [{""canonical_t"": 1, ""e"": 2, ""kind"": ""odd-cyclic"", ""legendre"": 1, ""p"": 3}]}|{""N"": 9, ""cyclic_key"": 5, ""prime"": [{""canonical_t"": 2, ""e"": 2, ""kind"": ""odd-cyclic"", ""legendre"": -1, ""p"": 3}]}","{""N"": 8, ""cyclic_key"": 3, ""prime"": [{""brown_mod8"": 3, ""canonical_t"": 3, ""e"": 3, ""kind"": ""2-cyclic-odd"", ""p"": 2}]}|{""N"": 9, ""cyclic_key"": 1, ""prime"": [{""canonical_t"": 1, ""e"": 2, ""kind"": ""odd-cyclic"", ""legendre"": 1, ""p"": 3}]}|{""N"": 9, ""cyclic_key"": 5, ""prime"": [{""canonical_t"": 2, ""e"": 2, ""kind"": ""odd-cyclic"", ""legendre"": -1, ""p"": 3}]}",True,DIRECT_SUM_SYMBOL_EXACT_FOR_ORTHOGONAL_BLOCK_PRESENTATION
116,7,"{""N"": 12, ""cyclic_key"": 7, ""prime"": [{""brown_mod8"": 7, ""canonical_t"": 7, ""e"": 2, ""kind"": ""2-cyclic-odd"", ""p"": 2}, {""canonical_t"": 1, ""e"": 1, ""kind"": ""odd-cyclic"", ""legendre"": 1, ""p"": 3}]}|{""N"": 16, ""cyclic_key"": 1, ""prime"": [{""brown_mod8"": 1, ""canonical_t"": 1, ""e"": 4, ""kind"": ""2-cyclic-odd"", ""p"": 2}]}|{""N"": 27, ""cyclic_key"": 4, ""prime"": [{""canonical_t"": 1, ""e"": 3, ""kind"": ""odd-cyclic"", ""legendre"": 1, ""p"": 3}]}|{""N"": 27, ""cyclic_key"": 5, ""prime"": [{""canonical_t"": 2, ""e"": 3, ""kind"": ""odd-cyclic"", ""legendre"": -1, ""p"": 3}]}|{""N"": 32, ""cyclic_key"": 5, ""prime"": [{""brown_mod8"": 5, ""canonical_t"": 5, ""e"": 5, ""kind"": ""2-cyclic-odd"", ""p"": 2}]}|{""N"": 7, ""cyclic_key"": 3, ""prime"": [{""canonical_t"": 3, ""e"": 1, ""kind"": ""odd-cyclic"", ""legendre"": -1, ""p"": 7}]}|{""N"": 9, ""cyclic_key"": 1, ""prime"": [{""canonical_t"": 1, ""e"": 2, ""kind"": ""odd-cyclic"", ""legendre"": 1, ""p"": 3}]}","{""N"": 12, ""cyclic_key"": 7, ""prime"": [{""brown_mod8"": 7, ""canonical_t"": 7, ""e"": 2, ""kind"": ""2-cyclic-odd"", ""p"": 2}, {""canonical_t"": 1, ""e"": 1, ""kind"": ""odd-cyclic"", ""legendre"": 1, ""p"": 3}]}|{""N"": 16, ""cyclic_key"": 1, ""prime"": [{""brown_mod8"": 1, ""canonical_t"": 1, ""e"": 4, ""kind"": ""2-cyclic-odd"", ""p"": 2}]}|{""N"": 27, ""cyclic_key"": 4, ""prime"": [{""canonical_t"": 1, ""e"": 3, ""kind"": ""odd-cyclic"", ""legendre"": 1, ""p"": 3}]}|{""N"": 27, ""cyclic_key"": 5, ""prime"": [{""canonical_t"": 2, ""e"": 3, ""kind"": ""odd-cyclic"", ""legendre"": -1, ""p"": 3}]}|{""N"": 32, ""cyclic_key"": 5, ""prime"": [{""brown_mod8"": 5, ""canonical_t"": 5, ""e"": 5, ""kind"": ""2-cyclic-odd"", ""p"": 2}]}|{""N"": 7, ""cyclic_key"": 3, ""prime"": [{""canonical_t"": 3, ""e"": 1, ""kind"": ""odd-cyclic"", ""legendre"": -1, ""p"": 7}]}|{""N"": 9, ""cyclic_key"": 1, ""prime"": [{""canonical_t"": 1, ""e"": 2, ""kind"": ""odd-cyclic"", ""legendre"": 1, ""p"": 3}]}",True,DIRECT_SUM_SYMBOL_EXACT_FOR_ORTHOGONAL_BLOCK_PRESENTATION
117,3,"{""N"": 16, ""cyclic_key"": 7, ""prime"": [{""brown_mod8"": 7, ""canonical_t"": 7, ""e"": 4, ""kind"": ""2-cyclic-odd"", ""p"": 2}]}|{""N"": 5, ""cyclic_key"": 1, ""prime"": [{""canonical_t"": 1, ""e"": 1, ""kind"": ""odd-cyclic"", ""legendre"": 1, ""p"": 5}]}|{""N"": 7, ""cyclic_key"": 3, ""prime"": [{""canonical_t"": 3, ""e"": 1, ""kind"": ""odd-cyclic"", ""legendre"": -1, ""p"": 7}]}","{""N"": 16, ""cyclic_key"": 7, ""prime"": [{""brown_mod8"": 7, ""canonical_t"": 7, ""e"": 4, ""kind"": ""2-cyclic-odd"", ""p"": 2}]}|{""N"": 5, ""cyclic_key"": 1, ""prime"": [{""canonical_t"": 1, ""e"": 1, ""kind"": ""odd-cyclic"", ""legendre"": 1, ""p"": 5}]}|{""N"": 7, ""cyclic_key"": 3, ""prime"": [{""canonical_t"": 3, ""e"": 1, ""kind"": ""odd-cyclic"", ""legendre"": -1, ""p"": 7}]}",True,DIRECT_SUM_SYMBOL_EXACT_FOR_ORTHOGONAL_BLOCK_PRESENTATION
118,3,"{""N"": 16, ""cyclic_key"": 1, ""prime"": [{""brown_mod8"": 1, ""canonical_t"": 1, ""e"": 4, ""kind"": ""2-cyclic-odd"", ""p"": 2}]}|{""N"": 25, ""cyclic_key"": 4, ""prime"": [{""canonical_t"": 1, ""e"": 2, ""kind"": ""odd-cyclic"", ""legendre"": 1, ""p"": 5}]}|{""N"": 8, ""cyclic_key"": 1, ""prime"": [{""brown_mod8"": 1, ""canonical_t"": 1, ""e"": 3, ""kind"": ""2-cyclic-odd"", ""p"": 2}]}","{""N"": 16, ""cyclic_key"": 1, ""prime"": [{""brown_mod8"": 1, ""canonical_t"": 1, ""e"": 4, ""kind"": ""2-cyclic-odd"", ""p"": 2}]}|{""N"": 25, ""cyclic_key"": 4, ""prime"": [{""canonical_t"": 1, ""e"": 2, ""kind"": ""odd-cyclic"", ""legendre"": 1, ""p"": 5}]}|{""N"": 8, ""cyclic_key"": 1, ""prime"": [{""brown_mod8"": 1, ""canonical_t"": 1, ""e"": 3, ""kind"": ""2-cyclic-odd"", ""p"": 2}]}",True,DIRECT_SUM_SYMBOL_EXACT_FOR_ORTHOGONAL_BLOCK_PRESENTATION
119,4,"{""N"": 2, ""cyclic_key"": 3, ""prime"": [{""brown_mod8"": 3, ""canonical_t"": 3, ""e"": 1, ""kind"": ""2-cyclic-odd"", ""p"": 2}]}|{""N"": 25, ""cyclic_key"": 2, ""prime"": [{""canonical_t"": 2, ""e"": 2, ""kind"": ""odd-cyclic"", ""legendre"": -1, ""p"": 5}]}|{""N"": 3, ""cyclic_key"": 4, ""prime"": [{""canonical_t"": 1, ""e"": 1, ""kind"": ""odd-cyclic"", ""legendre"": 1, ""p"": 3}]}|{""N"": 7, ""cyclic_key"": 3, ""prime"": [{""canonical_t"": 3, ""e"": 1, ""kind"": ""odd-cyclic"", ""legendre"": -1, ""p"": 7}]}","{""N"": 2, ""cyclic_key"": 3, ""prime"": [{""brown_mod8"": 3, ""canonical_t"": 3, ""e"": 1, ""kind"": ""2-cyclic-odd"", ""p"": 2}]}|{""N"": 25, ""cyclic_key"": 2, ""prime"": [{""canonical_t"": 2, ""e"": 2, ""kind"": ""odd-cyclic"", ""legendre"": -1, ""p"": 5}]}|{""N"": 3, ""cyclic_key"": 4, ""prime"": [{""canonical_t"": 1, ""e"": 1, ""kind"": ""odd-cyclic"", ""legendre"": 1, ""p"": 3}]}|{""N"": 7, ""cyclic_key"": 3, ""prime"": [{""canonical_t"": 3, ""e"": 1, ""kind"": ""odd-cyclic"", ""legendre"": -1, ""p"": 7}]}",True,DIRECT_SUM_SYMBOL_EXACT_FOR_ORTHOGONAL_BLOCK_PRESENTATION
120,3,"{""N"": 25, ""cyclic_key"": 1, ""prime"": [{""canonical_t"": 1, ""e"": 2, ""kind"": ""odd-cyclic"", ""legendre"": 1, ""p"": 5}]}|{""N"": 8, ""cyclic_key"": 1, ""prime"": [{""brown_mod8"": 1, ""canonical_t"": 1, ""e"": 3, ""kind"": ""2-cyclic-odd"", ""p"": 2}]}|{""N"": 9, ""cyclic_key"": 1, ""prime"": [{""canonical_t"": 1, ""e"": 2, ""kind"": ""odd-cyclic"", ""legendre"": 1, ""p"": 3}]}","{""N"": 25, ""cyclic_key"": 1, ""prime"": [{""canonical_t"": 1, ""e"": 2, ""kind"": ""odd-cyclic"", ""legendre"": 1, ""p"": 5}]}|{""N"": 8, ""cyclic_key"": 1, ""prime"": [{""brown_mod8"": 1, ""canonical_t"": 1, ""e"": 3, ""kind"": ""2-cyclic-odd"", ""p"": 2}]}|{""N"": 9, ""cyclic_key"": 1, ""prime"": [{""canonical_t"": 1, ""e"": 2, ""kind"": ""odd-cyclic"", ""legendre"": 1, ""p"": 3}]}",True,DIRECT_SUM_SYMBOL_EXACT_FOR_ORTHOGONAL_BLOCK_PRESENTATION
121,6,"{""N"": 12, ""cyclic_key"": 5, ""prime"": [{""brown_mod8"": 5, ""canonical_t"": 5, ""e"": 2, ""kind"": ""2-cyclic-odd"", ""p"": 2}, {""canonical_t"": 2, ""e"": 1, ""kind"": ""odd-cyclic"", ""legendre"": -1, ""p"": 3}]}|{""N"": 25, ""cyclic_key"": 1, ""prime"": [{""canonical_t"": 1, ""e"": 2, ""kind"": ""odd-cyclic"", ""legendre"": 1, ""p"": 5}]}|{""N"": 27, ""cyclic_key"": 2, ""prime"": [{""canonical_t"": 2, ""e"": 3, ""kind"": ""odd-cyclic"", ""legendre"": -1, ""p"": 3}]}|{""N"": 4, ""cyclic_key"": 1, ""prime"": [{""brown_mod8"": 1, ""canonical_t"": 1, ""e"": 2, ""kind"": ""2-cyclic-odd"", ""p"": 2}]}|{""N"": 5, ""cyclic_key"": 3, ""prime"": [{""canonical_t"": 2, ""e"": 1, ""kind"": ""odd-cyclic"", ""legendre"": -1, ""p"": 5}]}|{""N"": 8, ""cyclic_key"": 3, ""prime"": [{""brown_mod8"": 3, ""canonical_t"": 3, ""e"": 3, ""kind"": ""2-cyclic-odd"", ""p"": 2}]}","{""N"": 12, ""cyclic_key"": 5, ""prime"": [{""brown_mod8"": 5, ""canonical_t"": 5, ""e"": 2, ""kind"": ""2-cyclic-odd"", ""p"": 2}, {""canonical_t"": 2, ""e"": 1, ""kind"": ""odd-cyclic"", ""legendre"": -1, ""p"": 3}]}|{""N"": 25, ""cyclic_key"": 1, ""prime"": [{""canonical_t"": 1, ""e"": 2, ""kind"": ""odd-cyclic"", ""legendre"": 1, ""p"": 5}]}|{""N"": 27, ""cyclic_key"": 2, ""prime"": [{""canonical_t"": 2, ""e"": 3, ""kind"": ""odd-cyclic"", ""legendre"": -1, ""p"": 3}]}|{""N"": 4, ""cyclic_key"": 1, ""prime"": [{""brown_mod8"": 1, ""canonical_t"": 1, ""e"": 2, ""kind"": ""2-cyclic-odd"", ""p"": 2}]}|{""N"": 5, ""cyclic_key"": 3, ""prime"": [{""canonical_t"": 2, ""e"": 1, ""kind"": ""odd-cyclic"", ""legendre"": -1, ""p"": 5}]}|{""N"": 8, ""cyclic_key"": 3, ""prime"": [{""brown_mod8"": 3, ""canonical_t"": 3, ""e"": 3, ""kind"": ""2-cyclic-odd"", ""p"": 2}]}",True,DIRECT_SUM_SYMBOL_EXACT_FOR_ORTHOGONAL_BLOCK_PRESENTATION
122,3,"{""N"": 32, ""cyclic_key"": 1, ""prime"": [{""brown_mod8"": 1, ""canonical_t"": 1, ""e"": 5, ""kind"": ""2-cyclic-odd"", ""p"": 2}]}|{""N"": 7, ""cyclic_key"": 2, ""prime"": [{""canonical_t"": 1, ""e"": 1, ""kind"": ""odd-cyclic"", ""legendre"": 1, ""p"": 7}]}|{""N"": 7, ""cyclic_key"": 6, ""prime"": [{""canonical_t"": 3, ""e"": 1, ""kind"": ""odd-cyclic"", ""legendre"": -1, ""p"": 7}]}","{""N"": 32, ""cyclic_key"": 1, ""prime"": [{""brown_mod8"": 1, ""canonical_t"": 1, ""e"": 5, ""kind"": ""2-cyclic-odd"", ""p"": 2}]}|{""N"": 7, ""cyclic_key"": 2, ""prime"": [{""canonical_t"": 1, ""e"": 1, ""kind"": ""odd-cyclic"", ""legendre"": 1, ""p"": 7}]}|{""N"": 7, ""cyclic_key"": 6, ""prime"": [{""canonical_t"": 3, ""e"": 1, ""kind"": ""odd-cyclic"", ""legendre"": -1, ""p"": 7}]}",True,DIRECT_SUM_SYMBOL_EXACT_FOR_ORTHOGONAL_BLOCK_PRESENTATION
123,3,"{""N"": 16, ""cyclic_key"": 5, ""prime"": [{""brown_mod8"": 5, ""canonical_t"": 5, ""e"": 4, ""kind"": ""2-cyclic-odd"", ""p"": 2}]}|{""N"": 5, ""cyclic_key"": 3, ""prime"": [{""canonical_t"": 2, ""e"": 1, ""kind"": ""odd-cyclic"", ""legendre"": -1, ""p"": 5}]}|{""N"": 8, ""cyclic_key"": 5, ""prime"": [{""brown_mod8"": 5, ""canonical_t"": 5, ""e"": 3, ""kind"": ""2-cyclic-odd"", ""p"": 2}]}","{""N"": 16, ""cyclic_key"": 5, ""prime"": [{""brown_mod8"": 5, ""canonical_t"": 5, ""e"": 4, ""kind"": ""2-cyclic-odd"", ""p"": 2}]}|{""N"": 5, ""cyclic_key"": 3, ""prime"": [{""canonical_t"": 2, ""e"": 1, ""kind"": ""odd-cyclic"", ""legendre"": -1, ""p"": 5}]}|{""N"": 8, ""cyclic_key"": 5, ""prime"": [{""brown_mod8"": 5, ""canonical_t"": 5, ""e"": 3, ""kind"": ""2-cyclic-odd"", ""p"": 2}]}",True,DIRECT_SUM_SYMBOL_EXACT_FOR_ORTHOGONAL_BLOCK_PRESENTATION
124,6,"{""N"": 12, ""cyclic_key"": 11, ""prime"": [{""brown_mod8"": 3, ""canonical_t"": 3, ""e"": 2, ""kind"": ""2-cyclic-odd"", ""p"": 2}, {""canonical_t"": 2, ""e"": 1, ""kind"": ""odd-cyclic"", ""legendre"": -1, ""p"": 3}]}|{""N"": 2, ""cyclic_key"": 1, ""prime"": [{""brown_mod8"": 1, ""canonical_t"": 1, ""e"": 1, ""kind"": ""2-cyclic-odd"", ""p"": 2}]}|{""N"": 25, ""cyclic_key"": 4, ""prime"": [{""canonical_t"": 1, ""e"": 2, ""kind"": ""odd-cyclic"", ""legendre"": 1, ""p"": 5}]}|{""N"": 8, ""cyclic_key"": 5, ""prime"": [{""brown_mod8"": 5, ""canonical_t"": 5, ""e"": 3, ""kind"": ""2-cyclic-odd"", ""p"": 2}]}|{""N"": 9, ""cyclic_key"": 4, ""prime"": [{""canonical_t"": 1, ""e"": 2, ""kind"": ""odd-cyclic"", ""legendre"": 1, ""p"": 3}]}|{""N"": 9, ""cyclic_key"": 4, ""prime"": [{""canonical_t"": 1, ""e"": 2, ""kind"": ""odd-cyclic"", ""legendre"": 1, ""p"": 3}]}","{""N"": 12, ""cyclic_key"": 11, ""prime"": [{""brown_mod8"": 3, ""canonical_t"": 3, ""e"": 2, ""kind"": ""2-cyclic-odd"", ""p"": 2}, {""canonical_t"": 2, ""e"": 1, ""kind"": ""odd-cyclic"", ""legendre"": -1, ""p"": 3}]}|{""N"": 2, ""cyclic_key"": 1, ""prime"": [{""brown_mod8"": 1, ""canonical_t"": 1, ""e"": 1, ""kind"": ""2-cyclic-odd"", ""p"": 2}]}|{""N"": 25, ""cyclic_key"": 4, ""prime"": [{""canonical_t"": 1, ""e"": 2, ""kind"": ""odd-cyclic"", ""legendre"": 1, ""p"": 5}]}|{""N"": 8, ""cyclic_key"": 5, ""prime"": [{""brown_mod8"": 5, ""canonical_t"": 5, ""e"": 3, ""kind"": ""2-cyclic-odd"", ""p"": 2}]}|{""N"": 9, ""cyclic_key"": 4, ""prime"": [{""canonical_t"": 1, ""e"": 2, ""kind"": ""odd-cyclic"", ""legendre"": 1, ""p"": 3}]}|{""N"": 9, ""cyclic_key"": 4, ""prime"": [{""canonical_t"": 1, ""e"": 2, ""kind"": ""odd-cyclic"", ""legendre"": 1, ""p"": 3}]}",True,DIRECT_SUM_SYMBOL_EXACT_FOR_ORTHOGONAL_BLOCK_PRESENTATION
125,4,"{""N"": 27, ""cyclic_key"": 1, ""prime"": [{""canonical_t"": 1, ""e"": 3, ""kind"": ""odd-cyclic"", ""legendre"": 1, ""p"": 3}]}|{""N"": 32, ""cyclic_key"": 3, ""prime"": [{""brown_mod8"": 3, ""canonical_t"": 3, ""e"": 5, ""kind"": ""2-cyclic-odd"", ""p"": 2}]}|{""N"": 7, ""cyclic_key"": 1, ""prime"": [{""canonical_t"": 1, ""e"": 1, ""kind"": ""odd-cyclic"", ""legendre"": 1, ""p"": 7}]}|{""N"": 8, ""cyclic_key"": 1, ""prime"": [{""brown_mod8"": 1, ""canonical_t"": 1, ""e"": 3, ""kind"": ""2-cyclic-odd"", ""p"": 2}]}","{""N"": 27, ""cyclic_key"": 1, ""prime"": [{""canonical_t"": 1, ""e"": 3, ""kind"": ""odd-cyclic"", ""legendre"": 1, ""p"": 3}]}|{""N"": 32, ""cyclic_key"": 3, ""prime"": [{""brown_mod8"": 3, ""canonical_t"": 3, ""e"": 5, ""kind"": ""2-cyclic-odd"", ""p"": 2}]}|{""N"": 7, ""cyclic_key"": 1, ""prime"": [{""canonical_t"": 1, ""e"": 1, ""kind"": ""odd-cyclic"", ""legendre"": 1, ""p"": 7}]}|{""N"": 8, ""cyclic_key"": 1, ""prime"": [{""brown_mod8"": 1, ""canonical_t"": 1, ""e"": 3, ""kind"": ""2-cyclic-odd"", ""p"": 2}]}",True,DIRECT_SUM_SYMBOL_EXACT_FOR_ORTHOGONAL_BLOCK_PRESENTATION
126,4,"{""N"": 2, ""cyclic_key"": 3, ""prime"": [{""brown_mod8"": 3, ""canonical_t"": 3, ""e"": 1, ""kind"": ""2-cyclic-odd"", ""p"": 2}]}|{""N"": 25, ""cyclic_key"": 1, ""prime"": [{""canonical_t"": 1, ""e"": 2, ""kind"": ""odd-cyclic"", ""legendre"": 1, ""p"": 5}]}|{""N"": 25, ""cyclic_key"": 4, ""prime"": [{""canonical_t"": 1, ""e"": 2, ""kind"": ""odd-cyclic"", ""legendre"": 1, ""p"": 5}]}|{""N"": 32, ""cyclic_key"": 1, ""prime"": [{""brown_mod8"": 1, ""canonical_t"": 1, ""e"": 5, ""kind"": ""2-cyclic-odd"", ""p"": 2}]}","{""N"": 2, ""cyclic_key"": 3, ""prime"": [{""brown_mod8"": 3, ""canonical_t"": 3, ""e"": 1, ""kind"": ""2-cyclic-odd"", ""p"": 2}]}|{""N"": 25, ""cyclic_key"": 1, ""prime"": [{""canonical_t"": 1, ""e"": 2, ""kind"": ""odd-cyclic"", ""legendre"": 1, ""p"": 5}]}|{""N"": 25, ""cyclic_key"": 4, ""prime"": [{""canonical_t"": 1, ""e"": 2, ""kind"": ""odd-cyclic"", ""legendre"": 1, ""p"": 5}]}|{""N"": 32, ""cyclic_key"": 1, ""prime"": [{""brown_mod8"": 1, ""canonical_t"": 1, ""e"": 5, ""kind"": ""2-cyclic-odd"", ""p"": 2}]}",True,DIRECT_SUM_SYMBOL_EXACT_FOR_ORTHOGONAL_BLOCK_PRESENTATION
127,5,"{""N"": 16, ""cyclic_key"": 3, ""prime"": [{""brown_mod8"": 3, ""canonical_t"": 3, ""e"": 4, ""kind"": ""2-cyclic-odd"", ""p"": 2}]}|{""N"": 25, ""cyclic_key"": 3, ""prime"": [{""canonical_t"": 2, ""e"": 2, ""kind"": ""odd-cyclic"", ""legendre"": -1, ""p"": 5}]}|{""N"": 27, ""cyclic_key"": 1, ""prime"": [{""canonical_t"": 1, ""e"": 3, ""kind"": ""odd-cyclic"", ""legendre"": 1, ""p"": 3}]}|{""N"": 4, ""cyclic_key"": 7, ""prime"": [{""brown_mod8"": 7, ""canonical_t"": 7, ""e"": 2, ""kind"": ""2-cyclic-odd"", ""p"": 2}]}|{""N"": 9, ""cyclic_key"": 4, ""prime"": [{""canonical_t"": 1, ""e"": 2, ""kind"": ""odd-cyclic"", ""legendre"": 1, ""p"": 3}]}","{""N"": 16, ""cyclic_key"": 3, ""prime"": [{""brown_mod8"": 3, ""canonical_t"": 3, ""e"": 4, ""kind"": ""2-cyclic-odd"", ""p"": 2}]}|{""N"": 25, ""cyclic_key"": 3, ""prime"": [{""canonical_t"": 2, ""e"": 2, ""kind"": ""odd-cyclic"", ""legendre"": -1, ""p"": 5}]}|{""N"": 27, ""cyclic_key"": 1, ""prime"": [{""canonical_t"": 1, ""e"": 3, ""kind"": ""odd-cyclic"", ""legendre"": 1, ""p"": 3}]}|{""N"": 4, ""cyclic_key"": 7, ""prime"": [{""brown_mod8"": 7, ""canonical_t"": 7, ""e"": 2, ""kind"": ""2-cyclic-odd"", ""p"": 2}]}|{""N"": 9, ""cyclic_key"": 4, ""prime"": [{""canonical_t"": 1, ""e"": 2, ""kind"": ""odd-cyclic"", ""legendre"": 1, ""p"": 3}]}",True,DIRECT_SUM_SYMBOL_EXACT_FOR_ORTHOGONAL_BLOCK_PRESENTATION
128,7,"{""N"": 12, ""cyclic_key"": 17, ""prime"": [{""brown_mod8"": 1, ""canonical_t"": 1, ""e"": 2, ""kind"": ""2-cyclic-odd"", ""p"": 2}, {""canonical_t"": 2, ""e"": 1, ""kind"": ""odd-cyclic"", ""legendre"": -1, ""p"": 3}]}|{""N"": 12, ""cyclic_key"": 17, ""prime"": [{""brown_mod8"": 1, ""canonical_t"": 1, ""e"": 2, ""kind"": ""2-cyclic-odd"", ""p"": 2}, {""canonical_t"": 2, ""e"": 1, ""kind"": ""odd-cyclic"", ""legendre"": -1, ""p"": 3}]}|{""N"": 16, ""cyclic_key"": 7, ""prime"": [{""brown_mod8"": 7, ""canonical_t"": 7, ""e"": 4, ""kind"": ""2-cyclic-odd"", ""p"": 2}]}|{""N"": 32, ""cyclic_key"": 5, ""prime"": [{""brown_mod8"": 5, ""canonical_t"": 5, ""e"": 5, ""kind"": ""2-cyclic-odd"", ""p"": 2}]}|{""N"": 5, ""cyclic_key"": 1, ""prime"": [{""canonical_t"": 1, ""e"": 1, ""kind"": ""odd-cyclic"", ""legendre"": 1, ""p"": 5}]}|{""N"": 7, ""cyclic_key"": 6, ""prime"": [{""canonical_t"": 3, ""e"": 1, ""kind"": ""odd-cyclic"", ""legendre"": -1, ""p"": 7}]}|{""N"": 9, ""cyclic_key"": 2, ""prime"": [{""canonical_t"": 2, ""e"": 2, ""kind"": ""odd-cyclic"", ""legendre"": -1, ""p"": 3}]}","{""N"": 12, ""cyclic_key"": 17, ""prime"": [{""brown_mod8"": 1, ""canonical_t"": 1, ""e"": 2, ""kind"": ""2-cyclic-odd"", ""p"": 2}, {""canonical_t"": 2, ""e"": 1, ""kind"": ""odd-cyclic"", ""legendre"": -1, ""p"": 3}]}|{""N"": 12, ""cyclic_key"": 17, ""prime"": [{""brown_mod8"": 1, ""canonical_t"": 1, ""e"": 2, ""kind"": ""2-cyclic-odd"", ""p"": 2}, {""canonical_t"": 2, ""e"": 1, ""kind"": ""odd-cyclic"", ""legendre"": -1, ""p"": 3}]}|{""N"": 16, ""cyclic_key"": 7, ""prime"": [{""brown_mod8"": 7, ""canonical_t"": 7, ""e"": 4, ""kind"": ""2-cyclic-odd"", ""p"": 2}]}|{""N"": 32, ""cyclic_key"": 5, ""prime"": [{""brown_mod8"": 5, ""canonical_t"": 5, ""e"": 5, ""kind"": ""2-cyclic-odd"", ""p"": 2}]}|{""N"": 5, ""cyclic_key"": 1, ""prime"": [{""canonical_t"": 1, ""e"": 1, ""kind"": ""odd-cyclic"", ""legendre"": 1, ""p"": 5}]}|{""N"": 7, ""cyclic_key"": 6, ""prime"": [{""canonical_t"": 3, ""e"": 1, ""kind"": ""odd-cyclic"", ""legendre"": -1, ""p"": 7}]}|{""N"": 9, ""cyclic_key"": 2, ""prime"": [{""canonical_t"": 2, ""e"": 2, ""kind"": ""odd-cyclic"", ""legendre"": -1, ""p"": 3}]}",True,DIRECT_SUM_SYMBOL_EXACT_FOR_ORTHOGONAL_BLOCK_PRESENTATION
129,6,"{""N"": 12, ""cyclic_key"": 5, ""prime"": [{""brown_mod8"": 5, ""canonical_t"": 5, ""e"": 2, ""kind"": ""2-cyclic-odd"", ""p"": 2}, {""canonical_t"": 2, ""e"": 1, ""kind"": ""odd-cyclic"", ""legendre"": -1, ""p"": 3}]}|{""N"": 25, ""cyclic_key"": 1, ""prime"": [{""canonical_t"": 1, ""e"": 2, ""kind"": ""odd-cyclic"", ""legendre"": 1, ""p"": 5}]}|{""N"": 25, ""cyclic_key"": 1, ""prime"": [{""canonical_t"": 1, ""e"": 2, ""kind"": ""odd-cyclic"", ""legendre"": 1, ""p"": 5}]}|{""N"": 25, ""cyclic_key"": 2, ""prime"": [{""canonical_t"": 2, ""e"": 2, ""kind"": ""odd-cyclic"", ""legendre"": -1, ""p"": 5}]}|{""N"": 4, ""cyclic_key"": 1, ""prime"": [{""brown_mod8"": 1, ""canonical_t"": 1, ""e"": 2, ""kind"": ""2-cyclic-odd"", ""p"": 2}]}|{""N"": 9, ""cyclic_key"": 2, ""prime"": [{""canonical_t"": 2, ""e"": 2, ""kind"": ""odd-cyclic"", ""legendre"": -1, ""p"": 3}]}","{""N"": 12, ""cyclic_key"": 5, ""prime"": [{""brown_mod8"": 5, ""canonical_t"": 5, ""e"": 2, ""kind"": ""2-cyclic-odd"", ""p"": 2}, {""canonical_t"": 2, ""e"": 1, ""kind"": ""odd-cyclic"", ""legendre"": -1, ""p"": 3}]}|{""N"": 25, ""cyclic_key"": 1, ""prime"": [{""canonical_t"": 1, ""e"": 2, ""kind"": ""odd-cyclic"", ""legendre"": 1, ""p"": 5}]}|{""N"": 25, ""cyclic_key"": 1, ""prime"": [{""canonical_t"": 1, ""e"": 2, ""kind"": ""odd-cyclic"", ""legendre"": 1, ""p"": 5}]}|{""N"": 25, ""cyclic_key"": 2, ""prime"": [{""canonical_t"": 2, ""e"": 2, ""kind"": ""odd-cyclic"", ""legendre"": -1, ""p"": 5}]}|{""N"": 4, ""cyclic_key"": 1, ""prime"": [{""brown_mod8"": 1, ""canonical_t"": 1, ""e"": 2, ""kind"": ""2-cyclic-odd"", ""p"": 2}]}|{""N"": 9, ""cyclic_key"": 2, ""prime"": [{""canonical_t"": 2, ""e"": 2, ""kind"": ""odd-cyclic"", ""legendre"": -1, ""p"": 3}]}",True,DIRECT_SUM_SYMBOL_EXACT_FOR_ORTHOGONAL_BLOCK_PRESENTATION
130,2,"{""N"": 3, ""cyclic_key"": 1, ""prime"": [{""canonical_t"": 1, ""e"": 1, ""kind"": ""odd-cyclic"", ""legendre"": 1, ""p"": 3}]}|{""N"": 7, ""cyclic_key"": 3, ""prime"": [{""canonical_t"": 3, ""e"": 1, ""kind"": ""odd-cyclic"", ""legendre"": -1, ""p"": 7}]}","{""N"": 3, ""cyclic_key"": 1, ""prime"": [{""canonical_t"": 1, ""e"": 1, ""kind"": ""odd-cyclic"", ""legendre"": 1, ""p"": 3}]}|{""N"": 7, ""cyclic_key"": 3, ""prime"": [{""canonical_t"": 3, ""e"": 1, ""kind"": ""odd-cyclic"", ""legendre"": -1, ""p"": 7}]}",True,DIRECT_SUM_SYMBOL_EXACT_FOR_ORTHOGONAL_BLOCK_PRESENTATION
131,5,"{""N"": 27, ""cyclic_key"": 5, ""prime"": [{""canonical_t"": 2, ""e"": 3, ""kind"": ""odd-cyclic"", ""legendre"": -1, ""p"": 3}]}|{""N"": 4, ""cyclic_key"": 5, ""prime"": [{""brown_mod8"": 5, ""canonical_t"": 5, ""e"": 2, ""kind"": ""2-cyclic-odd"", ""p"": 2}]}|{""N"": 7, ""cyclic_key"": 6, ""prime"": [{""canonical_t"": 3, ""e"": 1, ""kind"": ""odd-cyclic"", ""legendre"": -1, ""p"": 7}]}|{""N"": 7, ""cyclic_key"": 6, ""prime"": [{""canonical_t"": 3, ""e"": 1, ""kind"": ""odd-cyclic"", ""legendre"": -1, ""p"": 7}]}|{""N"": 9, ""cyclic_key"": 1, ""prime"": [{""canonical_t"": 1, ""e"": 2, ""kind"": ""odd-cyclic"", ""legendre"": 1, ""p"": 3}]}","{""N"": 27, ""cyclic_key"": 5, ""prime"": [{""canonical_t"": 2, ""e"": 3, ""kind"": ""odd-cyclic"", ""legendre"": -1, ""p"": 3}]}|{""N"": 4, ""cyclic_key"": 5, ""prime"": [{""brown_mod8"": 5, ""canonical_t"": 5, ""e"": 2, ""kind"": ""2-cyclic-odd"", ""p"": 2}]}|{""N"": 7, ""cyclic_key"": 6, ""prime"": [{""canonical_t"": 3, ""e"": 1, ""kind"": ""odd-cyclic"", ""legendre"": -1, ""p"": 7}]}|{""N"": 7, ""cyclic_key"": 6, ""prime"": [{""canonical_t"": 3, ""e"": 1, ""kind"": ""odd-cyclic"", ""legendre"": -1, ""p"": 7}]}|{""N"": 9, ""cyclic_key"": 1, ""prime"": [{""canonical_t"": 1, ""e"": 2, ""kind"": ""odd-cyclic"", ""legendre"": 1, ""p"": 3}]}",True,DIRECT_SUM_SYMBOL_EXACT_FOR_ORTHOGONAL_BLOCK_PRESENTATION
132,6,"{""N"": 16, ""cyclic_key"": 5, ""prime"": [{""brown_mod8"": 5, ""canonical_t"": 5, ""e"": 4, ""kind"": ""2-cyclic-odd"", ""p"": 2}]}|{""N"": 25, ""cyclic_key"": 1, ""prime"": [{""canonical_t"": 1, ""e"": 2, ""kind"": ""odd-cyclic"", ""legendre"": 1, ""p"": 5}]}|{""N"": 25, ""cyclic_key"": 4, ""prime"": [{""canonical_t"": 1, ""e"": 2, ""kind"": ""odd-cyclic"", ""legendre"": 1, ""p"": 5}]}|{""N"": 4, ""cyclic_key"": 1, ""prime"": [{""brown_mod8"": 1, ""canonical_t"": 1, ""e"": 2, ""kind"": ""2-cyclic-odd"", ""p"": 2}]}|{""N"": 7, ""cyclic_key"": 1, ""prime"": [{""canonical_t"": 1, ""e"": 1, ""kind"": ""odd-cyclic"", ""legendre"": 1, ""p"": 7}]}|{""N"": 8, ""cyclic_key"": 3, ""prime"": [{""brown_mod8"": 3, ""canonical_t"": 3, ""e"": 3, ""kind"": ""2-cyclic-odd"", ""p"": 2}]}","{""N"": 16, ""cyclic_key"": 5, ""prime"": [{""brown_mod8"": 5, ""canonical_t"": 5, ""e"": 4, ""kind"": ""2-cyclic-odd"", ""p"": 2}]}|{""N"": 25, ""cyclic_key"": 1, ""prime"": [{""canonical_t"": 1, ""e"": 2, ""kind"": ""odd-cyclic"", ""legendre"": 1, ""p"": 5}]}|{""N"": 25, ""cyclic_key"": 4, ""prime"": [{""canonical_t"": 1, ""e"": 2, ""kind"": ""odd-cyclic"", ""legendre"": 1, ""p"": 5}]}|{""N"": 4, ""cyclic_key"": 1, ""prime"": [{""brown_mod8"": 1, ""canonical_t"": 1, ""e"": 2, ""kind"": ""2-cyclic-odd"", ""p"": 2}]}|{""N"": 7, ""cyclic_key"": 1, ""prime"": [{""canonical_t"": 1, ""e"": 1, ""kind"": ""odd-cyclic"", ""legendre"": 1, ""p"": 7}]}|{""N"": 8, ""cyclic_key"": 3, ""prime"": [{""brown_mod8"": 3, ""canonical_t"": 3, ""e"": 3, ""kind"": ""2-cyclic-odd"", ""p"": 2}]}",True,DIRECT_SUM_SYMBOL_EXACT_FOR_ORTHOGONAL_BLOCK_PRESENTATION
133,5,"{""N"": 12, ""cyclic_key"": 1, ""prime"": [{""brown_mod8"": 1, ""canonical_t"": 1, ""e"": 2, ""kind"": ""2-cyclic-odd"", ""p"": 2}, {""canonical_t"": 1, ""e"": 1, ""kind"": ""odd-cyclic"", ""legendre"": 1, ""p"": 3}]}|{""N"": 27, ""cyclic_key"": 2, ""prime"": [{""canonical_t"": 2, ""e"": 3, ""kind"": ""odd-cyclic"", ""legendre"": -1, ""p"": 3}]}|{""N"": 32, ""cyclic_key"": 5, ""prime"": [{""brown_mod8"": 5, ""canonical_t"": 5, ""e"": 5, ""kind"": ""2-cyclic-odd"", ""p"": 2}]}|{""N"": 7, ""cyclic_key"": 2, ""prime"": [{""canonical_t"": 1, ""e"": 1, ""kind"": ""odd-cyclic"", ""legendre"": 1, ""p"": 7}]}|{""N"": 7, ""cyclic_key"": 6, ""prime"": [{""canonical_t"": 3, ""e"": 1, ""kind"": ""odd-cyclic"", ""legendre"": -1, ""p"": 7}]}","{""N"": 12, ""cyclic_key"": 1, ""prime"": [{""brown_mod8"": 1, ""canonical_t"": 1, ""e"": 2, ""kind"": ""2-cyclic-odd"", ""p"": 2}, {""canonical_t"": 1, ""e"": 1, ""kind"": ""odd-cyclic"", ""legendre"": 1, ""p"": 3}]}|{""N"": 27, ""cyclic_key"": 2, ""prime"": [{""canonical_t"": 2, ""e"": 3, ""kind"": ""odd-cyclic"", ""legendre"": -1, ""p"": 3}]}|{""N"": 32, ""cyclic_key"": 5, ""prime"": [{""brown_mod8"": 5, ""canonical_t"": 5, ""e"": 5, ""kind"": ""2-cyclic-odd"", ""p"": 2}]}|{""N"": 7, ""cyclic_key"": 2, ""prime"": [{""canonical_t"": 1, ""e"": 1, ""kind"": ""odd-cyclic"", ""legendre"": 1, ""p"": 7}]}|{""N"": 7, ""cyclic_key"": 6, ""prime"": [{""canonical_t"": 3, ""e"": 1, ""kind"": ""odd-cyclic"", ""legendre"": -1, ""p"": 7}]}",True,DIRECT_SUM_SYMBOL_EXACT_FOR_ORTHOGONAL_BLOCK_PRESENTATION
134,3,"{""N"": 25, ""cyclic_key"": 3, ""prime"": [{""canonical_t"": 2, ""e"": 2, ""kind"": ""odd-cyclic"", ""legendre"": -1, ""p"": 5}]}|{""N"": 25, ""cyclic_key"": 4, ""prime"": [{""canonical_t"": 1, ""e"": 2, ""kind"": ""odd-cyclic"", ""legendre"": 1, ""p"": 5}]}|{""N"": 5, ""cyclic_key"": 4, ""prime"": [{""canonical_t"": 1, ""e"": 1, ""kind"": ""odd-cyclic"", ""legendre"": 1, ""p"": 5}]}","{""N"": 25, ""cyclic_key"": 3, ""prime"": [{""canonical_t"": 2, ""e"": 2, ""kind"": ""odd-cyclic"", ""legendre"": -1, ""p"": 5}]}|{""N"": 25, ""cyclic_key"": 4, ""prime"": [{""canonical_t"": 1, ""e"": 2, ""kind"": ""odd-cyclic"", ""legendre"": 1, ""p"": 5}]}|{""N"": 5, ""cyclic_key"": 4, ""prime"": [{""canonical_t"": 1, ""e"": 1, ""kind"": ""odd-cyclic"", ""legendre"": 1, ""p"": 5}]}",True,DIRECT_SUM_SYMBOL_EXACT_FOR_ORTHOGONAL_BLOCK_PRESENTATION
135,5,"{""N"": 3, ""cyclic_key"": 1, ""prime"": [{""canonical_t"": 1, ""e"": 1, ""kind"": ""odd-cyclic"", ""legendre"": 1, ""p"": 3}]}|{""N"": 3, ""cyclic_key"": 5, ""prime"": [{""canonical_t"": 2, ""e"": 1, ""kind"": ""odd-cyclic"", ""legendre"": -1, ""p"": 3}]}|{""N"": 4, ""cyclic_key"": 1, ""prime"": [{""brown_mod8"": 1, ""canonical_t"": 1, ""e"": 2, ""kind"": ""2-cyclic-odd"", ""p"": 2}]}|{""N"": 7, ""cyclic_key"": 1, ""prime"": [{""canonical_t"": 1, ""e"": 1, ""kind"": ""odd-cyclic"", ""legendre"": 1, ""p"": 7}]}|{""N"": 7, ""cyclic_key"": 2, ""prime"": [{""canonical_t"": 1, ""e"": 1, ""kind"": ""odd-cyclic"", ""legendre"": 1, ""p"": 7}]}","{""N"": 3, ""cyclic_key"": 1, ""prime"": [{""canonical_t"": 1, ""e"": 1, ""kind"": ""odd-cyclic"", ""legendre"": 1, ""p"": 3}]}|{""N"": 3, ""cyclic_key"": 5, ""prime"": [{""canonical_t"": 2, ""e"": 1, ""kind"": ""odd-cyclic"", ""legendre"": -1, ""p"": 3}]}|{""N"": 4, ""cyclic_key"": 1, ""prime"": [{""brown_mod8"": 1, ""canonical_t"": 1, ""e"": 2, ""kind"": ""2-cyclic-odd"", ""p"": 2}]}|{""N"": 7, ""cyclic_key"": 1, ""prime"": [{""canonical_t"": 1, ""e"": 1, ""kind"": ""odd-cyclic"", ""legendre"": 1, ""p"": 7}]}|{""N"": 7, ""cyclic_key"": 2, ""prime"": [{""canonical_t"": 1, ""e"": 1, ""kind"": ""odd-cyclic"", ""legendre"": 1, ""p"": 7}]}",True,DIRECT_SUM_SYMBOL_EXACT_FOR_ORTHOGONAL_BLOCK_PRESENTATION
136,6,"{""N"": 16, ""cyclic_key"": 7, ""prime"": [{""brown_mod8"": 7, ""canonical_t"": 7, ""e"": 4, ""kind"": ""2-cyclic-odd"", ""p"": 2}]}|{""N"": 4, ""cyclic_key"": 1, ""prime"": [{""brown_mod8"": 1, ""canonical_t"": 1, ""e"": 2, ""kind"": ""2-cyclic-odd"", ""p"": 2}]}|{""N"": 5, ""cyclic_key"": 1, ""prime"": [{""canonical_t"": 1, ""e"": 1, ""kind"": ""odd-cyclic"", ""legendre"": 1, ""p"": 5}]}|{""N"": 5, ""cyclic_key"": 1, ""prime"": [{""canonical_t"": 1, ""e"": 1, ""kind"": ""odd-cyclic"", ""legendre"": 1, ""p"": 5}]}|{""N"": 7, ""cyclic_key"": 1, ""prime"": [{""canonical_t"": 1, ""e"": 1, ""kind"": ""odd-cyclic"", ""legendre"": 1, ""p"": 7}]}|{""N"": 9, ""cyclic_key"": 5, ""prime"": [{""canonical_t"": 2, ""e"": 2, ""kind"": ""odd-cyclic"", ""legendre"": -1, ""p"": 3}]}","{""N"": 16, ""cyclic_key"": 7, ""prime"": [{""brown_mod8"": 7, ""canonical_t"": 7, ""e"": 4, ""kind"": ""2-cyclic-odd"", ""p"": 2}]}|{""N"": 4, ""cyclic_key"": 1, ""prime"": [{""brown_mod8"": 1, ""canonical_t"": 1, ""e"": 2, ""kind"": ""2-cyclic-odd"", ""p"": 2}]}|{""N"": 5, ""cyclic_key"": 1, ""prime"": [{""canonical_t"": 1, ""e"": 1, ""kind"": ""odd-cyclic"", ""legendre"": 1, ""p"": 5}]}|{""N"": 5, ""cyclic_key"": 1, ""prime"": [{""canonical_t"": 1, ""e"": 1, ""kind"": ""odd-cyclic"", ""legendre"": 1, ""p"": 5}]}|{""N"": 7, ""cyclic_key"": 1, ""prime"": [{""canonical_t"": 1, ""e"": 1, ""kind"": ""odd-cyclic"", ""legendre"": 1, ""p"": 7}]}|{""N"": 9, ""cyclic_key"": 5, ""prime"": [{""canonical_t"": 2, ""e"": 2, ""kind"": ""odd-cyclic"", ""legendre"": -1, ""p"": 3}]}",True,DIRECT_SUM_SYMBOL_EXACT_FOR_ORTHOGONAL_BLOCK_PRESENTATION
137,5,"{""N"": 25, ""cyclic_key"": 1, ""prime"": [{""canonical_t"": 1, ""e"": 2, ""kind"": ""odd-cyclic"", ""legendre"": 1, ""p"": 5}]}|{""N"": 25, ""cyclic_key"": 2, ""prime"": [{""canonical_t"": 2, ""e"": 2, ""kind"": ""odd-cyclic"", ""legendre"": -1, ""p"": 5}]}|{""N"": 3, ""cyclic_key"": 5, ""prime"": [{""canonical_t"": 2, ""e"": 1, ""kind"": ""odd-cyclic"", ""legendre"": -1, ""p"": 3}]}|{""N"": 8, ""cyclic_key"": 5, ""prime"": [{""brown_mod8"": 5, ""canonical_t"": 5, ""e"": 3, ""kind"": ""2-cyclic-odd"", ""p"": 2}]}|{""N"": 9, ""cyclic_key"": 4, ""prime"": [{""canonical_t"": 1, ""e"": 2, ""kind"": ""odd-cyclic"", ""legendre"": 1, ""p"": 3}]}","{""N"": 25, ""cyclic_key"": 1, ""prime"": [{""canonical_t"": 1, ""e"": 2, ""kind"": ""odd-cyclic"", ""legendre"": 1, ""p"": 5}]}|{""N"": 25, ""cyclic_key"": 2, ""prime"": [{""canonical_t"": 2, ""e"": 2, ""kind"": ""odd-cyclic"", ""legendre"": -1, ""p"": 5}]}|{""N"": 3, ""cyclic_key"": 5, ""prime"": [{""canonical_t"": 2, ""e"": 1, ""kind"": ""odd-cyclic"", ""legendre"": -1, ""p"": 3}]}|{""N"": 8, ""cyclic_key"": 5, ""prime"": [{""brown_mod8"": 5, ""canonical_t"": 5, ""e"": 3, ""kind"": ""2-cyclic-odd"", ""p"": 2}]}|{""N"": 9, ""cyclic_key"": 4, ""prime"": [{""canonical_t"": 1, ""e"": 2, ""kind"": ""odd-cyclic"", ""legendre"": 1, ""p"": 3}]}",True,DIRECT_SUM_SYMBOL_EXACT_FOR_ORTHOGONAL_BLOCK_PRESENTATION
138,5,"{""N"": 16, ""cyclic_key"": 7, ""prime"": [{""brown_mod8"": 7, ""canonical_t"": 7, ""e"": 4, ""kind"": ""2-cyclic-odd"", ""p"": 2}]}|{""N"": 32, ""cyclic_key"": 3, ""prime"": [{""brown_mod8"": 3, ""canonical_t"": 3, ""e"": 5, ""kind"": ""2-cyclic-odd"", ""p"": 2}]}|{""N"": 7, ""cyclic_key"": 1, ""prime"": [{""canonical_t"": 1, ""e"": 1, ""kind"": ""odd-cyclic"", ""legendre"": 1, ""p"": 7}]}|{""N"": 9, ""cyclic_key"": 1, ""prime"": [{""canonical_t"": 1, ""e"": 2, ""kind"": ""odd-cyclic"", ""legendre"": 1, ""p"": 3}]}|{""N"": 9, ""cyclic_key"": 2, ""prime"": [{""canonical_t"": 2, ""e"": 2, ""kind"": ""odd-cyclic"", ""legendre"": -1, ""p"": 3}]}","{""N"": 16, ""cyclic_key"": 7, ""prime"": [{""brown_mod8"": 7, ""canonical_t"": 7, ""e"": 4, ""kind"": ""2-cyclic-odd"", ""p"": 2}]}|{""N"": 32, ""cyclic_key"": 3, ""prime"": [{""brown_mod8"": 3, ""canonical_t"": 3, ""e"": 5, ""kind"": ""2-cyclic-odd"", ""p"": 2}]}|{""N"": 7, ""cyclic_key"": 1, ""prime"": [{""canonical_t"": 1, ""e"": 1, ""kind"": ""odd-cyclic"", ""legendre"": 1, ""p"": 7}]}|{""N"": 9, ""cyclic_key"": 1, ""prime"": [{""canonical_t"": 1, ""e"": 2, ""kind"": ""odd-cyclic"", ""legendre"": 1, ""p"": 3}]}|{""N"": 9, ""cyclic_key"": 2, ""prime"": [{""canonical_t"": 2, ""e"": 2, ""kind"": ""odd-cyclic"", ""legendre"": -1, ""p"": 3}]}",True,DIRECT_SUM_SYMBOL_EXACT_FOR_ORTHOGONAL_BLOCK_PRESENTATION
139,4,"{""N"": 12, ""cyclic_key"": 1, ""prime"": [{""brown_mod8"": 1, ""canonical_t"": 1, ""e"": 2, ""kind"": ""2-cyclic-odd"", ""p"": 2}, {""canonical_t"": 1, ""e"": 1, ""kind"": ""odd-cyclic"", ""legendre"": 1, ""p"": 3}]}|{""N"": 16, ""cyclic_key"": 1, ""prime"": [{""brown_mod8"": 1, ""canonical_t"": 1, ""e"": 4, ""kind"": ""2-cyclic-odd"", ""p"": 2}]}|{""N"": 16, ""cyclic_key"": 7, ""prime"": [{""brown_mod8"": 7, ""canonical_t"": 7, ""e"": 4, ""kind"": ""2-cyclic-odd"", ""p"": 2}]}|{""N"": 27, ""cyclic_key"": 2, ""prime"": [{""canonical_t"": 2, ""e"": 3, ""kind"": ""odd-cyclic"", ""legendre"": -1, ""p"": 3}]}","{""N"": 12, ""cyclic_key"": 1, ""prime"": [{""brown_mod8"": 1, ""canonical_t"": 1, ""e"": 2, ""kind"": ""2-cyclic-odd"", ""p"": 2}, {""canonical_t"": 1, ""e"": 1, ""kind"": ""odd-cyclic"", ""legendre"": 1, ""p"": 3}]}|{""N"": 16, ""cyclic_key"": 1, ""prime"": [{""brown_mod8"": 1, ""canonical_t"": 1, ""e"": 4, ""kind"": ""2-cyclic-odd"", ""p"": 2}]}|{""N"": 16, ""cyclic_key"": 7, ""prime"": [{""brown_mod8"": 7, ""canonical_t"": 7, ""e"": 4, ""kind"": ""2-cyclic-odd"", ""p"": 2}]}|{""N"": 27, ""cyclic_key"": 2, ""prime"": [{""canonical_t"": 2, ""e"": 3, ""kind"": ""odd-cyclic"", ""legendre"": -1, ""p"": 3}]}",True,DIRECT_SUM_SYMBOL_EXACT_FOR_ORTHOGONAL_BLOCK_PRESENTATION
140,7,"{""N"": 25, ""cyclic_key"": 2, ""prime"": [{""canonical_t"": 2, ""e"": 2, ""kind"": ""odd-cyclic"", ""legendre"": -1, ""p"": 5}]}|{""N"": 25, ""cyclic_key"": 4, ""prime"": [{""canonical_t"": 1, ""e"": 2, ""kind"": ""odd-cyclic"", ""legendre"": 1, ""p"": 5}]}|{""N"": 27, ""cyclic_key"": 4, ""prime"": [{""canonical_t"": 1, ""e"": 3, ""kind"": ""odd-cyclic"", ""legendre"": 1, ""p"": 3}]}|{""N"": 32, ""cyclic_key"": 7, ""prime"": [{""brown_mod8"": 7, ""canonical_t"": 7, ""e"": 5, ""kind"": ""2-cyclic-odd"", ""p"": 2}]}|{""N"": 8, ""cyclic_key"": 3, ""prime"": [{""brown_mod8"": 3, ""canonical_t"": 3, ""e"": 3, ""kind"": ""2-cyclic-odd"", ""p"": 2}]}|{""N"": 8, ""cyclic_key"": 3, ""prime"": [{""brown_mod8"": 3, ""canonical_t"": 3, ""e"": 3, ""kind"": ""2-cyclic-odd"", ""p"": 2}]}|{""N"": 9, ""cyclic_key"": 4, ""prime"": [{""canonical_t"": 1, ""e"": 2, ""kind"": ""odd-cyclic"", ""legendre"": 1, ""p"": 3}]}","{""N"": 25, ""cyclic_key"": 2, ""prime"": [{""canonical_t"": 2, ""e"": 2, ""kind"": ""odd-cyclic"", ""legendre"": -1, ""p"": 5}]}|{""N"": 25, ""cyclic_key"": 4, ""prime"": [{""canonical_t"": 1, ""e"": 2, ""kind"": ""odd-cyclic"", ""legendre"": 1, ""p"": 5}]}|{""N"": 27, ""cyclic_key"": 4, ""prime"": [{""canonical_t"": 1, ""e"": 3, ""kind"": ""odd-cyclic"", ""legendre"": 1, ""p"": 3}]}|{""N"": 32, ""cyclic_key"": 7, ""prime"": [{""brown_mod8"": 7, ""canonical_t"": 7, ""e"": 5, ""kind"": ""2-cyclic-odd"", ""p"": 2}]}|{""N"": 8, ""cyclic_key"": 3, ""prime"": [{""brown_mod8"": 3, ""canonical_t"": 3, ""e"": 3, ""kind"": ""2-cyclic-odd"", ""p"": 2}]}|{""N"": 8, ""cyclic_key"": 3, ""prime"": [{""brown_mod8"": 3, ""canonical_t"": 3, ""e"": 3, ""kind"": ""2-cyclic-odd"", ""p"": 2}]}|{""N"": 9, ""cyclic_key"": 4, ""prime"": [{""canonical_t"": 1, ""e"": 2, ""kind"": ""odd-cyclic"", ""legendre"": 1, ""p"": 3}]}",True,DIRECT_SUM_SYMBOL_EXACT_FOR_ORTHOGONAL_BLOCK_PRESENTATION
141,3,"{""N"": 12, ""cyclic_key"": 13, ""prime"": [{""brown_mod8"": 5, ""canonical_t"": 5, ""e"": 2, ""kind"": ""2-cyclic-odd"", ""p"": 2}, {""canonical_t"": 1, ""e"": 1, ""kind"": ""odd-cyclic"", ""legendre"": 1, ""p"": 3}]}|{""N"": 25, ""cyclic_key"": 3, ""prime"": [{""canonical_t"": 2, ""e"": 2, ""kind"": ""odd-cyclic"", ""legendre"": -1, ""p"": 5}]}|{""N"": 25, ""cyclic_key"": 3, ""prime"": [{""canonical_t"": 2, ""e"": 2, ""kind"": ""odd-cyclic"", ""legendre"": -1, ""p"": 5}]}","{""N"": 12, ""cyclic_key"": 13, ""prime"": [{""brown_mod8"": 5, ""canonical_t"": 5, ""e"": 2, ""kind"": ""2-cyclic-odd"", ""p"": 2}, {""canonical_t"": 1, ""e"": 1, ""kind"": ""odd-cyclic"", ""legendre"": 1, ""p"": 3}]}|{""N"": 25, ""cyclic_key"": 3, ""prime"": [{""canonical_t"": 2, ""e"": 2, ""kind"": ""odd-cyclic"", ""legendre"": -1, ""p"": 5}]}|{""N"": 25, ""cyclic_key"": 3, ""prime"": [{""canonical_t"": 2, ""e"": 2, ""kind"": ""odd-cyclic"", ""legendre"": -1, ""p"": 5}]}",True,DIRECT_SUM_SYMBOL_EXACT_FOR_ORTHOGONAL_BLOCK_PRESENTATION
142,7,"{""N"": 12, ""cyclic_key"": 13, ""prime"": [{""brown_mod8"": 5, ""canonical_t"": 5, ""e"": 2, ""kind"": ""2-cyclic-odd"", ""p"": 2}, {""canonical_t"": 1, ""e"": 1, ""kind"": ""odd-cyclic"", ""legendre"": 1, ""p"": 3}]}|{""N"": 16, ""cyclic_key"": 7, ""prime"": [{""brown_mod8"": 7, ""canonical_t"": 7, ""e"": 4, ""kind"": ""2-cyclic-odd"", ""p"": 2}]}|{""N"": 7, ""cyclic_key"": 6, ""prime"": [{""canonical_t"": 3, ""e"": 1, ""kind"": ""odd-cyclic"", ""legendre"": -1, ""p"": 7}]}|{""N"": 8, ""cyclic_key"": 7, ""prime"": [{""brown_mod8"": 7, ""canonical_t"": 7, ""e"": 3, ""kind"": ""2-cyclic-odd"", ""p"": 2}]}|{""N"": 9, ""cyclic_key"": 1, ""prime"": [{""canonical_t"": 1, ""e"": 2, ""kind"": ""odd-cyclic"", ""legendre"": 1, ""p"": 3}]}|{""N"": 9, ""cyclic_key"": 2, ""prime"": [{""canonical_t"": 2, ""e"": 2, ""kind"": ""odd-cyclic"", ""legendre"": -1, ""p"": 3}]}|{""N"": 9, ""cyclic_key"": 5, ""prime"": [{""canonical_t"": 2, ""e"": 2, ""kind"": ""odd-cyclic"", ""legendre"": -1, ""p"": 3}]}","{""N"": 12, ""cyclic_key"": 13, ""prime"": [{""brown_mod8"": 5, ""canonical_t"": 5, ""e"": 2, ""kind"": ""2-cyclic-odd"", ""p"": 2}, {""canonical_t"": 1, ""e"": 1, ""kind"": ""odd-cyclic"", ""legendre"": 1, ""p"": 3}]}|{""N"": 16, ""cyclic_key"": 7, ""prime"": [{""brown_mod8"": 7, ""canonical_t"": 7, ""e"": 4, ""kind"": ""2-cyclic-odd"", ""p"": 2}]}|{""N"": 7, ""cyclic_key"": 6, ""prime"": [{""canonical_t"": 3, ""e"": 1, ""kind"": ""odd-cyclic"", ""legendre"": -1, ""p"": 7}]}|{""N"": 8, ""cyclic_key"": 7, ""prime"": [{""brown_mod8"": 7, ""canonical_t"": 7, ""e"": 3, ""kind"": ""2-cyclic-odd"", ""p"": 2}]}|{""N"": 9, ""cyclic_key"": 1, ""prime"": [{""canonical_t"": 1, ""e"": 2, ""kind"": ""odd-cyclic"", ""legendre"": 1, ""p"": 3}]}|{""N"": 9, ""cyclic_key"": 2, ""prime"": [{""canonical_t"": 2, ""e"": 2, ""kind"": ""odd-cyclic"", ""legendre"": -1, ""p"": 3}]}|{""N"": 9, ""cyclic_key"": 5, ""prime"": [{""canonical_t"": 2, ""e"": 2, ""kind"": ""odd-cyclic"", ""legendre"": -1, ""p"": 3}]}",True,DIRECT_SUM_SYMBOL_EXACT_FOR_ORTHOGONAL_BLOCK_PRESENTATION
143,5,"{""N"": 16, ""cyclic_key"": 1, ""prime"": [{""brown_mod8"": 1, ""canonical_t"": 1, ""e"": 4, ""kind"": ""2-cyclic-odd"", ""p"": 2}]}|{""N"": 25, ""cyclic_key"": 4, ""prime"": [{""canonical_t"": 1, ""e"": 2, ""kind"": ""odd-cyclic"", ""legendre"": 1, ""p"": 5}]}|{""N"": 27, ""cyclic_key"": 2, ""prime"": [{""canonical_t"": 2, ""e"": 3, ""kind"": ""odd-cyclic"", ""legendre"": -1, ""p"": 3}]}|{""N"": 27, ""cyclic_key"": 4, ""prime"": [{""canonical_t"": 1, ""e"": 3, ""kind"": ""odd-cyclic"", ""legendre"": 1, ""p"": 3}]}|{""N"": 27, ""cyclic_key"": 4, ""prime"": [{""canonical_t"": 1, ""e"": 3, ""kind"": ""odd-cyclic"", ""legendre"": 1, ""p"": 3}]}","{""N"": 16, ""cyclic_key"": 1, ""prime"": [{""brown_mod8"": 1, ""canonical_t"": 1, ""e"": 4, ""kind"": ""2-cyclic-odd"", ""p"": 2}]}|{""N"": 25, ""cyclic_key"": 4, ""prime"": [{""canonical_t"": 1, ""e"": 2, ""kind"": ""odd-cyclic"", ""legendre"": 1, ""p"": 5}]}|{""N"": 27, ""cyclic_key"": 2, ""prime"": [{""canonical_t"": 2, ""e"": 3, ""kind"": ""odd-cyclic"", ""legendre"": -1, ""p"": 3}]}|{""N"": 27, ""cyclic_key"": 4, ""prime"": [{""canonical_t"": 1, ""e"": 3, ""kind"": ""odd-cyclic"", ""legendre"": 1, ""p"": 3}]}|{""N"": 27, ""cyclic_key"": 4, ""prime"": [{""canonical_t"": 1, ""e"": 3, ""kind"": ""odd-cyclic"", ""legendre"": 1, ""p"": 3}]}",True,DIRECT_SUM_SYMBOL_EXACT_FOR_ORTHOGONAL_BLOCK_PRESENTATION
144,2,"{""N"": 27, ""cyclic_key"": 4, ""prime"": [{""canonical_t"": 1, ""e"": 3, ""kind"": ""odd-cyclic"", ""legendre"": 1, ""p"": 3}]}|{""N"": 5, ""cyclic_key"": 2, ""prime"": [{""canonical_t"": 2, ""e"": 1, ""kind"": ""odd-cyclic"", ""legendre"": -1, ""p"": 5}]}","{""N"": 27, ""cyclic_key"": 4, ""prime"": [{""canonical_t"": 1, ""e"": 3, ""kind"": ""odd-cyclic"", ""legendre"": 1, ""p"": 3}]}|{""N"": 5, ""cyclic_key"": 2, ""prime"": [{""canonical_t"": 2, ""e"": 1, ""kind"": ""odd-cyclic"", ""legendre"": -1, ""p"": 5}]}",True,DIRECT_SUM_SYMBOL_EXACT_FOR_ORTHOGONAL_BLOCK_PRESENTATION
145,3,"{""N"": 16, ""cyclic_key"": 1, ""prime"": [{""brown_mod8"": 1, ""canonical_t"": 1, ""e"": 4, ""kind"": ""2-cyclic-odd"", ""p"": 2}]}|{""N"": 2, ""cyclic_key"": 3, ""prime"": [{""brown_mod8"": 3, ""canonical_t"": 3, ""e"": 1, ""kind"": ""2-cyclic-odd"", ""p"": 2}]}|{""N"": 25, ""cyclic_key"": 3, ""prime"": [{""canonical_t"": 2, ""e"": 2, ""kind"": ""odd-cyclic"", ""legendre"": -1, ""p"": 5}]}","{""N"": 16, ""cyclic_key"": 1, ""prime"": [{""brown_mod8"": 1, ""canonical_t"": 1, ""e"": 4, ""kind"": ""2-cyclic-odd"", ""p"": 2}]}|{""N"": 2, ""cyclic_key"": 3, ""prime"": [{""brown_mod8"": 3, ""canonical_t"": 3, ""e"": 1, ""kind"": ""2-cyclic-odd"", ""p"": 2}]}|{""N"": 25, ""cyclic_key"": 3, ""prime"": [{""canonical_t"": 2, ""e"": 2, ""kind"": ""odd-cyclic"", ""legendre"": -1, ""p"": 5}]}",True,DIRECT_SUM_SYMBOL_EXACT_FOR_ORTHOGONAL_BLOCK_PRESENTATION
146,4,"{""N"": 25, ""cyclic_key"": 4, ""prime"": [{""canonical_t"": 1, ""e"": 2, ""kind"": ""odd-cyclic"", ""legendre"": 1, ""p"": 5}]}|{""N"": 27, ""cyclic_key"": 1, ""prime"": [{""canonical_t"": 1, ""e"": 3, ""kind"": ""odd-cyclic"", ""legendre"": 1, ""p"": 3}]}|{""N"": 32, ""cyclic_key"": 7, ""prime"": [{""brown_mod8"": 7, ""canonical_t"": 7, ""e"": 5, ""kind"": ""2-cyclic-odd"", ""p"": 2}]}|{""N"": 9, ""cyclic_key"": 2, ""prime"": [{""canonical_t"": 2, ""e"": 2, ""kind"": ""odd-cyclic"", ""legendre"": -1, ""p"": 3}]}","{""N"": 25, ""cyclic_key"": 4, ""prime"": [{""canonical_t"": 1, ""e"": 2, ""kind"": ""odd-cyclic"", ""legendre"": 1, ""p"": 5}]}|{""N"": 27, ""cyclic_key"": 1, ""prime"": [{""canonical_t"": 1, ""e"": 3, ""kind"": ""odd-cyclic"", ""legendre"": 1, ""p"": 3}]}|{""N"": 32, ""cyclic_key"": 7, ""prime"": [{""brown_mod8"": 7, ""canonical_t"": 7, ""e"": 5, ""kind"": ""2-cyclic-odd"", ""p"": 2}]}|{""N"": 9, ""cyclic_key"": 2, ""prime"": [{""canonical_t"": 2, ""e"": 2, ""kind"": ""odd-cyclic"", ""legendre"": -1, ""p"": 3}]}",True,DIRECT_SUM_SYMBOL_EXACT_FOR_ORTHOGONAL_BLOCK_PRESENTATION
147,5,"{""N"": 27, ""cyclic_key"": 5, ""prime"": [{""canonical_t"": 2, ""e"": 3, ""kind"": ""odd-cyclic"", ""legendre"": -1, ""p"": 3}]}|{""N"": 5, ""cyclic_key"": 2, ""prime"": [{""canonical_t"": 2, ""e"": 1, ""kind"": ""odd-cyclic"", ""legendre"": -1, ""p"": 5}]}|{""N"": 7, ""cyclic_key"": 3, ""prime"": [{""canonical_t"": 3, ""e"": 1, ""kind"": ""odd-cyclic"", ""legendre"": -1, ""p"": 7}]}|{""N"": 9, ""cyclic_key"": 4, ""prime"": [{""canonical_t"": 1, ""e"": 2, ""kind"": ""odd-cyclic"", ""legendre"": 1, ""p"": 3}]}|{""N"": 9, ""cyclic_key"": 5, ""prime"": [{""canonical_t"": 2, ""e"": 2, ""kind"": ""odd-cyclic"", ""legendre"": -1, ""p"": 3}]}","{""N"": 27, ""cyclic_key"": 5, ""prime"": [{""canonical_t"": 2, ""e"": 3, ""kind"": ""odd-cyclic"", ""legendre"": -1, ""p"": 3}]}|{""N"": 5, ""cyclic_key"": 2, ""prime"": [{""canonical_t"": 2, ""e"": 1, ""kind"": ""odd-cyclic"", ""legendre"": -1, ""p"": 5}]}|{""N"": 7, ""cyclic_key"": 3, ""prime"": [{""canonical_t"": 3, ""e"": 1, ""kind"": ""odd-cyclic"", ""legendre"": -1, ""p"": 7}]}|{""N"": 9, ""cyclic_key"": 4, ""prime"": [{""canonical_t"": 1, ""e"": 2, ""kind"": ""odd-cyclic"", ""legendre"": 1, ""p"": 3}]}|{""N"": 9, ""cyclic_key"": 5, ""prime"": [{""canonical_t"": 2, ""e"": 2, ""kind"": ""odd-cyclic"", ""legendre"": -1, ""p"": 3}]}",True,DIRECT_SUM_SYMBOL_EXACT_FOR_ORTHOGONAL_BLOCK_PRESENTATION
148,5,"{""N"": 16, ""cyclic_key"": 5, ""prime"": [{""brown_mod8"": 5, ""canonical_t"": 5, ""e"": 4, ""kind"": ""2-cyclic-odd"", ""p"": 2}]}|{""N"": 4, ""cyclic_key"": 7, ""prime"": [{""brown_mod8"": 7, ""canonical_t"": 7, ""e"": 2, ""kind"": ""2-cyclic-odd"", ""p"": 2}]}|{""N"": 7, ""cyclic_key"": 3, ""prime"": [{""canonical_t"": 3, ""e"": 1, ""kind"": ""odd-cyclic"", ""legendre"": -1, ""p"": 7}]}|{""N"": 7, ""cyclic_key"": 3, ""prime"": [{""canonical_t"": 3, ""e"": 1, ""kind"": ""odd-cyclic"", ""legendre"": -1, ""p"": 7}]}|{""N"": 9, ""cyclic_key"": 1, ""prime"": [{""canonical_t"": 1, ""e"": 2, ""kind"": ""odd-cyclic"", ""legendre"": 1, ""p"": 3}]}","{""N"": 16, ""cyclic_key"": 5, ""prime"": [{""brown_mod8"": 5, ""canonical_t"": 5, ""e"": 4, ""kind"": ""2-cyclic-odd"", ""p"": 2}]}|{""N"": 4, ""cyclic_key"": 7, ""prime"": [{""brown_mod8"": 7, ""canonical_t"": 7, ""e"": 2, ""kind"": ""2-cyclic-odd"", ""p"": 2}]}|{""N"": 7, ""cyclic_key"": 3, ""prime"": [{""canonical_t"": 3, ""e"": 1, ""kind"": ""odd-cyclic"", ""legendre"": -1, ""p"": 7}]}|{""N"": 7, ""cyclic_key"": 3, ""prime"": [{""canonical_t"": 3, ""e"": 1, ""kind"": ""odd-cyclic"", ""legendre"": -1, ""p"": 7}]}|{""N"": 9, ""cyclic_key"": 1, ""prime"": [{""canonical_t"": 1, ""e"": 2, ""kind"": ""odd-cyclic"", ""legendre"": 1, ""p"": 3}]}",True,DIRECT_SUM_SYMBOL_EXACT_FOR_ORTHOGONAL_BLOCK_PRESENTATION
149,3,"{""N"": 25, ""cyclic_key"": 1, ""prime"": [{""canonical_t"": 1, ""e"": 2, ""kind"": ""odd-cyclic"", ""legendre"": 1, ""p"": 5}]}|{""N"": 25, ""cyclic_key"": 4, ""prime"": [{""canonical_t"": 1, ""e"": 2, ""kind"": ""odd-cyclic"", ""legendre"": 1, ""p"": 5}]}|{""N"": 8, ""cyclic_key"": 5, ""prime"": [{""brown_mod8"": 5, ""canonical_t"": 5, ""e"": 3, ""kind"": ""2-cyclic-odd"", ""p"": 2}]}","{""N"": 25, ""cyclic_key"": 1, ""prime"": [{""canonical_t"": 1, ""e"": 2, ""kind"": ""odd-cyclic"", ""legendre"": 1, ""p"": 5}]}|{""N"": 25, ""cyclic_key"": 4, ""prime"": [{""canonical_t"": 1, ""e"": 2, ""kind"": ""odd-cyclic"", ""legendre"": 1, ""p"": 5}]}|{""N"": 8, ""cyclic_key"": 5, ""prime"": [{""brown_mod8"": 5, ""canonical_t"": 5, ""e"": 3, ""kind"": ""2-cyclic-odd"", ""p"": 2}]}",True,DIRECT_SUM_SYMBOL_EXACT_FOR_ORTHOGONAL_BLOCK_PRESENTATION
150,4,"{""N"": 27, ""cyclic_key"": 4, ""prime"": [{""canonical_t"": 1, ""e"": 3, ""kind"": ""odd-cyclic"", ""legendre"": 1, ""p"": 3}]}|{""N"": 7, ""cyclic_key"": 3, ""prime"": [{""canonical_t"": 3, ""e"": 1, ""kind"": ""odd-cyclic"", ""legendre"": -1, ""p"": 7}]}|{""N"": 8, ""cyclic_key"": 7, ""prime"": [{""brown_mod8"": 7, ""canonical_t"": 7, ""e"": 3, ""kind"": ""2-cyclic-odd"", ""p"": 2}]}|{""N"": 9, ""cyclic_key"": 4, ""prime"": [{""canonical_t"": 1, ""e"": 2, ""kind"": ""odd-cyclic"", ""legendre"": 1, ""p"": 3}]}","{""N"": 27, ""cyclic_key"": 4, ""prime"": [{""canonical_t"": 1, ""e"": 3, ""kind"": ""odd-cyclic"", ""legendre"": 1, ""p"": 3}]}|{""N"": 7, ""cyclic_key"": 3, ""prime"": [{""canonical_t"": 3, ""e"": 1, ""kind"": ""odd-cyclic"", ""legendre"": -1, ""p"": 7}]}|{""N"": 8, ""cyclic_key"": 7, ""prime"": [{""brown_mod8"": 7, ""canonical_t"": 7, ""e"": 3, ""kind"": ""2-cyclic-odd"", ""p"": 2}]}|{""N"": 9, ""cyclic_key"": 4, ""prime"": [{""canonical_t"": 1, ""e"": 2, ""kind"": ""odd-cyclic"", ""legendre"": 1, ""p"": 3}]}",True,DIRECT_SUM_SYMBOL_EXACT_FOR_ORTHOGONAL_BLOCK_PRESENTATION
151,2,"{""N"": 4, ""cyclic_key"": 7, ""prime"": [{""brown_mod8"": 7, ""canonical_t"": 7, ""e"": 2, ""kind"": ""2-cyclic-odd"", ""p"": 2}]}|{""N"": 5, ""cyclic_key"": 3, ""prime"": [{""canonical_t"": 2, ""e"": 1, ""kind"": ""odd-cyclic"", ""legendre"": -1, ""p"": 5}]}","{""N"": 4, ""cyclic_key"": 7, ""prime"": [{""brown_mod8"": 7, ""canonical_t"": 7, ""e"": 2, ""kind"": ""2-cyclic-odd"", ""p"": 2}]}|{""N"": 5, ""cyclic_key"": 3, ""prime"": [{""canonical_t"": 2, ""e"": 1, ""kind"": ""odd-cyclic"", ""legendre"": -1, ""p"": 5}]}",True,DIRECT_SUM_SYMBOL_EXACT_FOR_ORTHOGONAL_BLOCK_PRESENTATION
152,7,"{""N"": 16, ""cyclic_key"": 3, ""prime"": [{""brown_mod8"": 3, ""canonical_t"": 3, ""e"": 4, ""kind"": ""2-cyclic-odd"", ""p"": 2}]}|{""N"": 25, ""cyclic_key"": 1, ""prime"": [{""canonical_t"": 1, ""e"": 2, ""kind"": ""odd-cyclic"", ""legendre"": 1, ""p"": 5}]}|{""N"": 27, ""cyclic_key"": 4, ""prime"": [{""canonical_t"": 1, ""e"": 3, ""kind"": ""odd-cyclic"", ""legendre"": 1, ""p"": 3}]}|{""N"": 27, ""cyclic_key"": 5, ""prime"": [{""canonical_t"": 2, ""e"": 3, ""kind"": ""odd-cyclic"", ""legendre"": -1, ""p"": 3}]}|{""N"": 3, ""cyclic_key"": 4, ""prime"": [{""canonical_t"": 1, ""e"": 1, ""kind"": ""odd-cyclic"", ""legendre"": 1, ""p"": 3}]}|{""N"": 5, ""cyclic_key"": 4, ""prime"": [{""canonical_t"": 1, ""e"": 1, ""kind"": ""odd-cyclic"", ""legendre"": 1, ""p"": 5}]}|{""N"": 7, ""cyclic_key"": 6, ""prime"": [{""canonical_t"": 3, ""e"": 1, ""kind"": ""odd-cyclic"", ""legendre"": -1, ""p"": 7}]}","{""N"": 16, ""cyclic_key"": 3, ""prime"": [{""brown_mod8"": 3, ""canonical_t"": 3, ""e"": 4, ""kind"": ""2-cyclic-odd"", ""p"": 2}]}|{""N"": 25, ""cyclic_key"": 1, ""prime"": [{""canonical_t"": 1, ""e"": 2, ""kind"": ""odd-cyclic"", ""legendre"": 1, ""p"": 5}]}|{""N"": 27, ""cyclic_key"": 4, ""prime"": [{""canonical_t"": 1, ""e"": 3, ""kind"": ""odd-cyclic"", ""legendre"": 1, ""p"": 3}]}|{""N"": 27, ""cyclic_key"": 5, ""prime"": [{""canonical_t"": 2, ""e"": 3, ""kind"": ""odd-cyclic"", ""legendre"": -1, ""p"": 3}]}|{""N"": 3, ""cyclic_key"": 4, ""prime"": [{""canonical_t"": 1, ""e"": 1, ""kind"": ""odd-cyclic"", ""legendre"": 1, ""p"": 3}]}|{""N"": 5, ""cyclic_key"": 4, ""prime"": [{""canonical_t"": 1, ""e"": 1, ""kind"": ""odd-cyclic"", ""legendre"": 1, ""p"": 5}]}|{""N"": 7, ""cyclic_key"": 6, ""prime"": [{""canonical_t"": 3, ""e"": 1, ""kind"": ""odd-cyclic"", ""legendre"": -1, ""p"": 7}]}",True,DIRECT_SUM_SYMBOL_EXACT_FOR_ORTHOGONAL_BLOCK_PRESENTATION
153,3,"{""N"": 12, ""cyclic_key"": 5, ""prime"": [{""brown_mod8"": 5, ""canonical_t"": 5, ""e"": 2, ""kind"": ""2-cyclic-odd"", ""p"": 2}, {""canonical_t"": 2, ""e"": 1, ""kind"": ""odd-cyclic"", ""legendre"": -1, ""p"": 3}]}|{""N"": 25, ""cyclic_key"": 2, ""prime"": [{""canonical_t"": 2, ""e"": 2, ""kind"": ""odd-cyclic"", ""legendre"": -1, ""p"": 5}]}|{""N"": 32, ""cyclic_key"": 3, ""prime"": [{""brown_mod8"": 3, ""canonical_t"": 3, ""e"": 5, ""kind"": ""2-cyclic-odd"", ""p"": 2}]}","{""N"": 12, ""cyclic_key"": 5, ""prime"": [{""brown_mod8"": 5, ""canonical_t"": 5, ""e"": 2, ""kind"": ""2-cyclic-odd"", ""p"": 2}, {""canonical_t"": 2, ""e"": 1, ""kind"": ""odd-cyclic"", ""legendre"": -1, ""p"": 3}]}|{""N"": 25, ""cyclic_key"": 2, ""prime"": [{""canonical_t"": 2, ""e"": 2, ""kind"": ""odd-cyclic"", ""legendre"": -1, ""p"": 5}]}|{""N"": 32, ""cyclic_key"": 3, ""prime"": [{""brown_mod8"": 3, ""canonical_t"": 3, ""e"": 5, ""kind"": ""2-cyclic-odd"", ""p"": 2}]}",True,DIRECT_SUM_SYMBOL_EXACT_FOR_ORTHOGONAL_BLOCK_PRESENTATION
154,7,"{""N"": 12, ""cyclic_key"": 17, ""prime"": [{""brown_mod8"": 1, ""canonical_t"": 1, ""e"": 2, ""kind"": ""2-cyclic-odd"", ""p"": 2}, {""canonical_t"": 2, ""e"": 1, ""kind"": ""odd-cyclic"", ""legendre"": -1, ""p"": 3}]}|{""N"": 12, ""cyclic_key"": 17, ""prime"": [{""brown_mod8"": 1, ""canonical_t"": 1, ""e"": 2, ""kind"": ""2-cyclic-odd"", ""p"": 2}, {""canonical_t"": 2, ""e"": 1, ""kind"": ""odd-cyclic"", ""legendre"": -1, ""p"": 3}]}|{""N"": 25, ""cyclic_key"": 3, ""prime"": [{""canonical_t"": 2, ""e"": 2, ""kind"": ""odd-cyclic"", ""legendre"": -1, ""p"": 5}]}|{""N"": 25, ""cyclic_key"": 4, ""prime"": [{""canonical_t"": 1, ""e"": 2, ""kind"": ""odd-cyclic"", ""legendre"": 1, ""p"": 5}]}|{""N"": 27, ""cyclic_key"": 5, ""prime"": [{""canonical_t"": 2, ""e"": 3, ""kind"": ""odd-cyclic"", ""legendre"": -1, ""p"": 3}]}|{""N"": 32, ""cyclic_key"": 3, ""prime"": [{""brown_mod8"": 3, ""canonical_t"": 3, ""e"": 5, ""kind"": ""2-cyclic-odd"", ""p"": 2}]}|{""N"": 9, ""cyclic_key"": 5, ""prime"": [{""canonical_t"": 2, ""e"": 2, ""kind"": ""odd-cyclic"", ""legendre"": -1, ""p"": 3}]}","{""N"": 12, ""cyclic_key"": 17, ""prime"": [{""brown_mod8"": 1, ""canonical_t"": 1, ""e"": 2, ""kind"": ""2-cyclic-odd"", ""p"": 2}, {""canonical_t"": 2, ""e"": 1, ""kind"": ""odd-cyclic"", ""legendre"": -1, ""p"": 3}]}|{""N"": 12, ""cyclic_key"": 17, ""prime"": [{""brown_mod8"": 1, ""canonical_t"": 1, ""e"": 2, ""kind"": ""2-cyclic-odd"", ""p"": 2}, {""canonical_t"": 2, ""e"": 1, ""kind"": ""odd-cyclic"", ""legendre"": -1, ""p"": 3}]}|{""N"": 25, ""cyclic_key"": 3, ""prime"": [{""canonical_t"": 2, ""e"": 2, ""kind"": ""odd-cyclic"", ""legendre"": -1, ""p"": 5}]}|{""N"": 25, ""cyclic_key"": 4, ""prime"": [{""canonical_t"": 1, ""e"": 2, ""kind"": ""odd-cyclic"", ""legendre"": 1, ""p"": 5}]}|{""N"": 27, ""cyclic_key"": 5, ""prime"": [{""canonical_t"": 2, ""e"": 3, ""kind"": ""odd-cyclic"", ""legendre"": -1, ""p"": 3}]}|{""N"": 32, ""cyclic_key"": 3, ""prime"": [{""brown_mod8"": 3, ""canonical_t"": 3, ""e"": 5, ""kind"": ""2-cyclic-odd"", ""p"": 2}]}|{""N"": 9, ""cyclic_key"": 5, ""prime"": [{""canonical_t"": 2, ""e"": 2, ""kind"": ""odd-cyclic"", ""legendre"": -1, ""p"": 3}]}",True,DIRECT_SUM_SYMBOL_EXACT_FOR_ORTHOGONAL_BLOCK_PRESENTATION
155,2,"{""N"": 12, ""cyclic_key"": 7, ""prime"": [{""brown_mod8"": 7, ""canonical_t"": 7, ""e"": 2, ""kind"": ""2-cyclic-odd"", ""p"": 2}, {""canonical_t"": 1, ""e"": 1, ""kind"": ""odd-cyclic"", ""legendre"": 1, ""p"": 3}]}|{""N"": 25, ""cyclic_key"": 3, ""prime"": [{""canonical_t"": 2, ""e"": 2, ""kind"": ""odd-cyclic"", ""legendre"": -1, ""p"": 5}]}","{""N"": 12, ""cyclic_key"": 7, ""prime"": [{""brown_mod8"": 7, ""canonical_t"": 7, ""e"": 2, ""kind"": ""2-cyclic-odd"", ""p"": 2}, {""canonical_t"": 1, ""e"": 1, ""kind"": ""odd-cyclic"", ""legendre"": 1, ""p"": 3}]}|{""N"": 25, ""cyclic_key"": 3, ""prime"": [{""canonical_t"": 2, ""e"": 2, ""kind"": ""odd-cyclic"", ""legendre"": -1, ""p"": 5}]}",True,DIRECT_SUM_SYMBOL_EXACT_FOR_ORTHOGONAL_BLOCK_PRESENTATION
156,4,"{""N"": 25, ""cyclic_key"": 2, ""prime"": [{""canonical_t"": 2, ""e"": 2, ""kind"": ""odd-cyclic"", ""legendre"": -1, ""p"": 5}]}|{""N"": 5, ""cyclic_key"": 1, ""prime"": [{""canonical_t"": 1, ""e"": 1, ""kind"": ""odd-cyclic"", ""legendre"": 1, ""p"": 5}]}|{""N"": 5, ""cyclic_key"": 1, ""prime"": [{""canonical_t"": 1, ""e"": 1, ""kind"": ""odd-cyclic"", ""legendre"": 1, ""p"": 5}]}|{""N"": 5, ""cyclic_key"": 4, ""prime"": [{""canonical_t"": 1, ""e"": 1, ""kind"": ""odd-cyclic"", ""legendre"": 1, ""p"": 5}]}","{""N"": 25, ""cyclic_key"": 2, ""prime"": [{""canonical_t"": 2, ""e"": 2, ""kind"": ""odd-cyclic"", ""legendre"": -1, ""p"": 5}]}|{""N"": 5, ""cyclic_key"": 1, ""prime"": [{""canonical_t"": 1, ""e"": 1, ""kind"": ""odd-cyclic"", ""legendre"": 1, ""p"": 5}]}|{""N"": 5, ""cyclic_key"": 1, ""prime"": [{""canonical_t"": 1, ""e"": 1, ""kind"": ""odd-cyclic"", ""legendre"": 1, ""p"": 5}]}|{""N"": 5, ""cyclic_key"": 4, ""prime"": [{""canonical_t"": 1, ""e"": 1, ""kind"": ""odd-cyclic"", ""legendre"": 1, ""p"": 5}]}",True,DIRECT_SUM_SYMBOL_EXACT_FOR_ORTHOGONAL_BLOCK_PRESENTATION
157,6,"{""N"": 12, ""cyclic_key"": 11, ""prime"": [{""brown_mod8"": 3, ""canonical_t"": 3, ""e"": 2, ""kind"": ""2-cyclic-odd"", ""p"": 2}, {""canonical_t"": 2, ""e"": 1, ""kind"": ""odd-cyclic"", ""legendre"": -1, ""p"": 3}]}|{""N"": 12, ""cyclic_key"": 5, ""prime"": [{""brown_mod8"": 5, ""canonical_t"": 5, ""e"": 2, ""kind"": ""2-cyclic-odd"", ""p"": 2}, {""canonical_t"": 2, ""e"": 1, ""kind"": ""odd-cyclic"", ""legendre"": -1, ""p"": 3}]}|{""N"": 12, ""cyclic_key"": 7, ""prime"": [{""brown_mod8"": 7, ""canonical_t"": 7, ""e"": 2, ""kind"": ""2-cyclic-odd"", ""p"": 2}, {""canonical_t"": 1, ""e"": 1, ""kind"": ""odd-cyclic"", ""legendre"": 1, ""p"": 3}]}|{""N"": 16, ""cyclic_key"": 5, ""prime"": [{""brown_mod8"": 5, ""canonical_t"": 5, ""e"": 4, ""kind"": ""2-cyclic-odd"", ""p"": 2}]}|{""N"": 27, ""cyclic_key"": 1, ""prime"": [{""canonical_t"": 1, ""e"": 3, ""kind"": ""odd-cyclic"", ""legendre"": 1, ""p"": 3}]}|{""N"": 3, ""cyclic_key"": 1, ""prime"": [{""canonical_t"": 1, ""e"": 1, ""kind"": ""odd-cyclic"", ""legendre"": 1, ""p"": 3}]}","{""N"": 12, ""cyclic_key"": 11, ""prime"": [{""brown_mod8"": 3, ""canonical_t"": 3, ""e"": 2, ""kind"": ""2-cyclic-odd"", ""p"": 2}, {""canonical_t"": 2, ""e"": 1, ""kind"": ""odd-cyclic"", ""legendre"": -1, ""p"": 3}]}|{""N"": 12, ""cyclic_key"": 5, ""prime"": [{""brown_mod8"": 5, ""canonical_t"": 5, ""e"": 2, ""kind"": ""2-cyclic-odd"", ""p"": 2}, {""canonical_t"": 2, ""e"": 1, ""kind"": ""odd-cyclic"", ""legendre"": -1, ""p"": 3}]}|{""N"": 12, ""cyclic_key"": 7, ""prime"": [{""brown_mod8"": 7, ""canonical_t"": 7, ""e"": 2, ""kind"": ""2-cyclic-odd"", ""p"": 2}, {""canonical_t"": 1, ""e"": 1, ""kind"": ""odd-cyclic"", ""legendre"": 1, ""p"": 3}]}|{""N"": 16, ""cyclic_key"": 5, ""prime"": [{""brown_mod8"": 5, ""canonical_t"": 5, ""e"": 4, ""kind"": ""2-cyclic-odd"", ""p"": 2}]}|{""N"": 27, ""cyclic_key"": 1, ""prime"": [{""canonical_t"": 1, ""e"": 3, ""kind"": ""odd-cyclic"", ""legendre"": 1, ""p"": 3}]}|{""N"": 3, ""cyclic_key"": 1, ""prime"": [{""canonical_t"": 1, ""e"": 1, ""kind"": ""odd-cyclic"", ""legendre"": 1, ""p"": 3}]}",True,DIRECT_SUM_SYMBOL_EXACT_FOR_ORTHOGONAL_BLOCK_PRESENTATION
158,4,"{""N"": 25, ""cyclic_key"": 2, ""prime"": [{""canonical_t"": 2, ""e"": 2, ""kind"": ""odd-cyclic"", ""legendre"": -1, ""p"": 5}]}|{""N"": 27, ""cyclic_key"": 1, ""prime"": [{""canonical_t"": 1, ""e"": 3, ""kind"": ""odd-cyclic"", ""legendre"": 1, ""p"": 3}]}|{""N"": 3, ""cyclic_key"": 5, ""prime"": [{""canonical_t"": 2, ""e"": 1, ""kind"": ""odd-cyclic"", ""legendre"": -1, ""p"": 3}]}|{""N"": 8, ""cyclic_key"": 3, ""prime"": [{""brown_mod8"": 3, ""canonical_t"": 3, ""e"": 3, ""kind"": ""2-cyclic-odd"", ""p"": 2}]}","{""N"": 25, ""cyclic_key"": 2, ""prime"": [{""canonical_t"": 2, ""e"": 2, ""kind"": ""odd-cyclic"", ""legendre"": -1, ""p"": 5}]}|{""N"": 27, ""cyclic_key"": 1, ""prime"": [{""canonical_t"": 1, ""e"": 3, ""kind"": ""odd-cyclic"", ""legendre"": 1, ""p"": 3}]}|{""N"": 3, ""cyclic_key"": 5, ""prime"": [{""canonical_t"": 2, ""e"": 1, ""kind"": ""odd-cyclic"", ""legendre"": -1, ""p"": 3}]}|{""N"": 8, ""cyclic_key"": 3, ""prime"": [{""brown_mod8"": 3, ""canonical_t"": 3, ""e"": 3, ""kind"": ""2-cyclic-odd"", ""p"": 2}]}",True,DIRECT_SUM_SYMBOL_EXACT_FOR_ORTHOGONAL_BLOCK_PRESENTATION
159,3,"{""N"": 27, ""cyclic_key"": 4, ""prime"": [{""canonical_t"": 1, ""e"": 3, ""kind"": ""odd-cyclic"", ""legendre"": 1, ""p"": 3}]}|{""N"": 5, ""cyclic_key"": 1, ""prime"": [{""canonical_t"": 1, ""e"": 1, ""kind"": ""odd-cyclic"", ""legendre"": 1, ""p"": 5}]}|{""N"": 7, ""cyclic_key"": 6, ""prime"": [{""canonical_t"": 3, ""e"": 1, ""kind"": ""odd-cyclic"", ""legendre"": -1, ""p"": 7}]}","{""N"": 27, ""cyclic_key"": 4, ""prime"": [{""canonical_t"": 1, ""e"": 3, ""kind"": ""odd-cyclic"", ""legendre"": 1, ""p"": 3}]}|{""N"": 5, ""cyclic_key"": 1, ""prime"": [{""canonical_t"": 1, ""e"": 1, ""kind"": ""odd-cyclic"", ""legendre"": 1, ""p"": 5}]}|{""N"": 7, ""cyclic_key"": 6, ""prime"": [{""canonical_t"": 3, ""e"": 1, ""kind"": ""odd-cyclic"", ""legendre"": -1, ""p"": 7}]}",True,DIRECT_SUM_SYMBOL_EXACT_FOR_ORTHOGONAL_BLOCK_PRESENTATION
160,6,"{""N"": 16, ""cyclic_key"": 1, ""prime"": [{""brown_mod8"": 1, ""canonical_t"": 1, ""e"": 4, ""kind"": ""2-cyclic-odd"", ""p"": 2}]}|{""N"": 32, ""cyclic_key"": 3, ""prime"": [{""brown_mod8"": 3, ""canonical_t"": 3, ""e"": 5, ""kind"": ""2-cyclic-odd"", ""p"": 2}]}|{""N"": 32, ""cyclic_key"": 3, ""prime"": [{""brown_mod8"": 3, ""canonical_t"": 3, ""e"": 5, ""kind"": ""2-cyclic-odd"", ""p"": 2}]}|{""N"": 7, ""cyclic_key"": 6, ""prime"": [{""canonical_t"": 3, ""e"": 1, ""kind"": ""odd-cyclic"", ""legendre"": -1, ""p"": 7}]}|{""N"": 7, ""cyclic_key"": 6, ""prime"": [{""canonical_t"": 3, ""e"": 1, ""kind"": ""odd-cyclic"", ""legendre"": -1, ""p"": 7}]}|{""N"": 8, ""cyclic_key"": 1, ""prime"": [{""brown_mod8"": 1, ""canonical_t"": 1, ""e"": 3, ""kind"": ""2-cyclic-odd"", ""p"": 2}]}","{""N"": 16, ""cyclic_key"": 1, ""prime"": [{""brown_mod8"": 1, ""canonical_t"": 1, ""e"": 4, ""kind"": ""2-cyclic-odd"", ""p"": 2}]}|{""N"": 32, ""cyclic_key"": 3, ""prime"": [{""brown_mod8"": 3, ""canonical_t"": 3, ""e"": 5, ""kind"": ""2-cyclic-odd"", ""p"": 2}]}|{""N"": 32, ""cyclic_key"": 3, ""prime"": [{""brown_mod8"": 3, ""canonical_t"": 3, ""e"": 5, ""kind"": ""2-cyclic-odd"", ""p"": 2}]}|{""N"": 7, ""cyclic_key"": 6, ""prime"": [{""canonical_t"": 3, ""e"": 1, ""kind"": ""odd-cyclic"", ""legendre"": -1, ""p"": 7}]}|{""N"": 7, ""cyclic_key"": 6, ""prime"": [{""canonical_t"": 3, ""e"": 1, ""kind"": ""odd-cyclic"", ""legendre"": -1, ""p"": 7}]}|{""N"": 8, ""cyclic_key"": 1, ""prime"": [{""brown_mod8"": 1, ""canonical_t"": 1, ""e"": 3, ""kind"": ""2-cyclic-odd"", ""p"": 2}]}",True,DIRECT_SUM_SYMBOL_EXACT_FOR_ORTHOGONAL_BLOCK_PRESENTATION
161,5,"{""N"": 16, ""cyclic_key"": 5, ""prime"": [{""brown_mod8"": 5, ""canonical_t"": 5, ""e"": 4, ""kind"": ""2-cyclic-odd"", ""p"": 2}]}|{""N"": 3, ""cyclic_key"": 5, ""prime"": [{""canonical_t"": 2, ""e"": 1, ""kind"": ""odd-cyclic"", ""legendre"": -1, ""p"": 3}]}|{""N"": 5, ""cyclic_key"": 3, ""prime"": [{""canonical_t"": 2, ""e"": 1, ""kind"": ""odd-cyclic"", ""legendre"": -1, ""p"": 5}]}|{""N"": 7, ""cyclic_key"": 2, ""prime"": [{""canonical_t"": 1, ""e"": 1, ""kind"": ""odd-cyclic"", ""legendre"": 1, ""p"": 7}]}|{""N"": 8, ""cyclic_key"": 7, ""prime"": [{""brown_mod8"": 7, ""canonical_t"": 7, ""e"": 3, ""kind"": ""2-cyclic-odd"", ""p"": 2}]}","{""N"": 16, ""cyclic_key"": 5, ""prime"": [{""brown_mod8"": 5, ""canonical_t"": 5, ""e"": 4, ""kind"": ""2-cyclic-odd"", ""p"": 2}]}|{""N"": 3, ""cyclic_key"": 5, ""prime"": [{""canonical_t"": 2, ""e"": 1, ""kind"": ""odd-cyclic"", ""legendre"": -1, ""p"": 3}]}|{""N"": 5, ""cyclic_key"": 3, ""prime"": [{""canonical_t"": 2, ""e"": 1, ""kind"": ""odd-cyclic"", ""legendre"": -1, ""p"": 5}]}|{""N"": 7, ""cyclic_key"": 2, ""prime"": [{""canonical_t"": 1, ""e"": 1, ""kind"": ""odd-cyclic"", ""legendre"": 1, ""p"": 7}]}|{""N"": 8, ""cyclic_key"": 7, ""prime"": [{""brown_mod8"": 7, ""canonical_t"": 7, ""e"": 3, ""kind"": ""2-cyclic-odd"", ""p"": 2}]}",True,DIRECT_SUM_SYMBOL_EXACT_FOR_ORTHOGONAL_BLOCK_PRESENTATION
162,7,"{""N"": 27, ""cyclic_key"": 2, ""prime"": [{""canonical_t"": 2, ""e"": 3, ""kind"": ""odd-cyclic"", ""legendre"": -1, ""p"": 3}]}|{""N"": 27, ""cyclic_key"": 2, ""prime"": [{""canonical_t"": 2, ""e"": 3, ""kind"": ""odd-cyclic"", ""legendre"": -1, ""p"": 3}]}|{""N"": 27, ""cyclic_key"": 4, ""prime"": [{""canonical_t"": 1, ""e"": 3, ""kind"": ""odd-cyclic"", ""legendre"": 1, ""p"": 3}]}|{""N"": 4, ""cyclic_key"": 7, ""prime"": [{""brown_mod8"": 7, ""canonical_t"": 7, ""e"": 2, ""kind"": ""2-cyclic-odd"", ""p"": 2}]}|{""N"": 7, ""cyclic_key"": 1, ""prime"": [{""canonical_t"": 1, ""e"": 1, ""kind"": ""odd-cyclic"", ""legendre"": 1, ""p"": 7}]}|{""N"": 7, ""cyclic_key"": 6, ""prime"": [{""canonical_t"": 3, ""e"": 1, ""kind"": ""odd-cyclic"", ""legendre"": -1, ""p"": 7}]}|{""N"": 8, ""cyclic_key"": 1, ""prime"": [{""brown_mod8"": 1, ""canonical_t"": 1, ""e"": 3, ""kind"": ""2-cyclic-odd"", ""p"": 2}]}","{""N"": 27, ""cyclic_key"": 2, ""prime"": [{""canonical_t"": 2, ""e"": 3, ""kind"": ""odd-cyclic"", ""legendre"": -1, ""p"": 3}]}|{""N"": 27, ""cyclic_key"": 2, ""prime"": [{""canonical_t"": 2, ""e"": 3, ""kind"": ""odd-cyclic"", ""legendre"": -1, ""p"": 3}]}|{""N"": 27, ""cyclic_key"": 4, ""prime"": [{""canonical_t"": 1, ""e"": 3, ""kind"": ""odd-cyclic"", ""legendre"": 1, ""p"": 3}]}|{""N"": 4, ""cyclic_key"": 7, ""prime"": [{""brown_mod8"": 7, ""canonical_t"": 7, ""e"": 2, ""kind"": ""2-cyclic-odd"", ""p"": 2}]}|{""N"": 7, ""cyclic_key"": 1, ""prime"": [{""canonical_t"": 1, ""e"": 1, ""kind"": ""odd-cyclic"", ""legendre"": 1, ""p"": 7}]}|{""N"": 7, ""cyclic_key"": 6, ""prime"": [{""canonical_t"": 3, ""e"": 1, ""kind"": ""odd-cyclic"", ""legendre"": -1, ""p"": 7}]}|{""N"": 8, ""cyclic_key"": 1, ""prime"": [{""brown_mod8"": 1, ""canonical_t"": 1, ""e"": 3, ""kind"": ""2-cyclic-odd"", ""p"": 2}]}",True,DIRECT_SUM_SYMBOL_EXACT_FOR_ORTHOGONAL_BLOCK_PRESENTATION
163,6,"{""N"": 12, ""cyclic_key"": 1, ""prime"": [{""brown_mod8"": 1, ""canonical_t"": 1, ""e"": 2, ""kind"": ""2-cyclic-odd"", ""p"": 2}, {""canonical_t"": 1, ""e"": 1, ""kind"": ""odd-cyclic"", ""legendre"": 1, ""p"": 3}]}|{""N"": 16, ""cyclic_key"": 5, ""prime"": [{""brown_mod8"": 5, ""canonical_t"": 5, ""e"": 4, ""kind"": ""2-cyclic-odd"", ""p"": 2}]}|{""N"": 25, ""cyclic_key"": 2, ""prime"": [{""canonical_t"": 2, ""e"": 2, ""kind"": ""odd-cyclic"", ""legendre"": -1, ""p"": 5}]}|{""N"": 27, ""cyclic_key"": 2, ""prime"": [{""canonical_t"": 2, ""e"": 3, ""kind"": ""odd-cyclic"", ""legendre"": -1, ""p"": 3}]}|{""N"": 27, ""cyclic_key"": 4, ""prime"": [{""canonical_t"": 1, ""e"": 3, ""kind"": ""odd-cyclic"", ""legendre"": 1, ""p"": 3}]}|{""N"": 9, ""cyclic_key"": 2, ""prime"": [{""canonical_t"": 2, ""e"": 2, ""kind"": ""odd-cyclic"", ""legendre"": -1, ""p"": 3}]}","{""N"": 12, ""cyclic_key"": 1, ""prime"": [{""brown_mod8"": 1, ""canonical_t"": 1, ""e"": 2, ""kind"": ""2-cyclic-odd"", ""p"": 2}, {""canonical_t"": 1, ""e"": 1, ""kind"": ""odd-cyclic"", ""legendre"": 1, ""p"": 3}]}|{""N"": 16, ""cyclic_key"": 5, ""prime"": [{""brown_mod8"": 5, ""canonical_t"": 5, ""e"": 4, ""kind"": ""2-cyclic-odd"", ""p"": 2}]}|{""N"": 25, ""cyclic_key"": 2, ""prime"": [{""canonical_t"": 2, ""e"": 2, ""kind"": ""odd-cyclic"", ""legendre"": -1, ""p"": 5}]}|{""N"": 27, ""cyclic_key"": 2, ""prime"": [{""canonical_t"": 2, ""e"": 3, ""kind"": ""odd-cyclic"", ""legendre"": -1, ""p"": 3}]}|{""N"": 27, ""cyclic_key"": 4, ""prime"": [{""canonical_t"": 1, ""e"": 3, ""kind"": ""odd-cyclic"", ""legendre"": 1, ""p"": 3}]}|{""N"": 9, ""cyclic_key"": 2, ""prime"": [{""canonical_t"": 2, ""e"": 2, ""kind"": ""odd-cyclic"", ""legendre"": -1, ""p"": 3}]}",True,DIRECT_SUM_SYMBOL_EXACT_FOR_ORTHOGONAL_BLOCK_PRESENTATION
164,7,"{""N"": 16, ""cyclic_key"": 1, ""prime"": [{""brown_mod8"": 1, ""canonical_t"": 1, ""e"": 4, ""kind"": ""2-cyclic-odd"", ""p"": 2}]}|{""N"": 16, ""cyclic_key"": 5, ""prime"": [{""brown_mod8"": 5, ""canonical_t"": 5, ""e"": 4, ""kind"": ""2-cyclic-odd"", ""p"": 2}]}|{""N"": 27, ""cyclic_key"": 2, ""prime"": [{""canonical_t"": 2, ""e"": 3, ""kind"": ""odd-cyclic"", ""legendre"": -1, ""p"": 3}]}|{""N"": 32, ""cyclic_key"": 1, ""prime"": [{""brown_mod8"": 1, ""canonical_t"": 1, ""e"": 5, ""kind"": ""2-cyclic-odd"", ""p"": 2}]}|{""N"": 32, ""cyclic_key"": 1, ""prime"": [{""brown_mod8"": 1, ""canonical_t"": 1, ""e"": 5, ""kind"": ""2-cyclic-odd"", ""p"": 2}]}|{""N"": 5, ""cyclic_key"": 4, ""prime"": [{""canonical_t"": 1, ""e"": 1, ""kind"": ""odd-cyclic"", ""legendre"": 1, ""p"": 5}]}|{""N"": 7, ""cyclic_key"": 2, ""prime"": [{""canonical_t"": 1, ""e"": 1, ""kind"": ""odd-cyclic"", ""legendre"": 1, ""p"": 7}]}","{""N"": 16, ""cyclic_key"": 1, ""prime"": [{""brown_mod8"": 1, ""canonical_t"": 1, ""e"": 4, ""kind"": ""2-cyclic-odd"", ""p"": 2}]}|{""N"": 16, ""cyclic_key"": 5, ""prime"": [{""brown_mod8"": 5, ""canonical_t"": 5, ""e"": 4, ""kind"": ""2-cyclic-odd"", ""p"": 2}]}|{""N"": 27, ""cyclic_key"": 2, ""prime"": [{""canonical_t"": 2, ""e"": 3, ""kind"": ""odd-cyclic"", ""legendre"": -1, ""p"": 3}]}|{""N"": 32, ""cyclic_key"": 1, ""prime"": [{""brown_mod8"": 1, ""canonical_t"": 1, ""e"": 5, ""kind"": ""2-cyclic-odd"", ""p"": 2}]}|{""N"": 32, ""cyclic_key"": 1, ""prime"": [{""brown_mod8"": 1, ""canonical_t"": 1, ""e"": 5, ""kind"": ""2-cyclic-odd"", ""p"": 2}]}|{""N"": 5, ""cyclic_key"": 4, ""prime"": [{""canonical_t"": 1, ""e"": 1, ""kind"": ""odd-cyclic"", ""legendre"": 1, ""p"": 5}]}|{""N"": 7, ""cyclic_key"": 2, ""prime"": [{""canonical_t"": 1, ""e"": 1, ""kind"": ""odd-cyclic"", ""legendre"": 1, ""p"": 7}]}",True,DIRECT_SUM_SYMBOL_EXACT_FOR_ORTHOGONAL_BLOCK_PRESENTATION
165,4,"{""N"": 25, ""cyclic_key"": 3, ""prime"": [{""canonical_t"": 2, ""e"": 2, ""kind"": ""odd-cyclic"", ""legendre"": -1, ""p"": 5}]}|{""N"": 32, ""cyclic_key"": 1, ""prime"": [{""brown_mod8"": 1, ""canonical_t"": 1, ""e"": 5, ""kind"": ""2-cyclic-odd"", ""p"": 2}]}|{""N"": 4, ""cyclic_key"": 5, ""prime"": [{""brown_mod8"": 5, ""canonical_t"": 5, ""e"": 2, ""kind"": ""2-cyclic-odd"", ""p"": 2}]}|{""N"": 9, ""cyclic_key"": 1, ""prime"": [{""canonical_t"": 1, ""e"": 2, ""kind"": ""odd-cyclic"", ""legendre"": 1, ""p"": 3}]}","{""N"": 25, ""cyclic_key"": 3, ""prime"": [{""canonical_t"": 2, ""e"": 2, ""kind"": ""odd-cyclic"", ""legendre"": -1, ""p"": 5}]}|{""N"": 32, ""cyclic_key"": 1, ""prime"": [{""brown_mod8"": 1, ""canonical_t"": 1, ""e"": 5, ""kind"": ""2-cyclic-odd"", ""p"": 2}]}|{""N"": 4, ""cyclic_key"": 5, ""prime"": [{""brown_mod8"": 5, ""canonical_t"": 5, ""e"": 2, ""kind"": ""2-cyclic-odd"", ""p"": 2}]}|{""N"": 9, ""cyclic_key"": 1, ""prime"": [{""canonical_t"": 1, ""e"": 2, ""kind"": ""odd-cyclic"", ""legendre"": 1, ""p"": 3}]}",True,DIRECT_SUM_SYMBOL_EXACT_FOR_ORTHOGONAL_BLOCK_PRESENTATION
166,4,"{""N"": 12, ""cyclic_key"": 5, ""prime"": [{""brown_mod8"": 5, ""canonical_t"": 5, ""e"": 2, ""kind"": ""2-cyclic-odd"", ""p"": 2}, {""canonical_t"": 2, ""e"": 1, ""kind"": ""odd-cyclic"", ""legendre"": -1, ""p"": 3}]}|{""N"": 16, ""cyclic_key"": 7, ""prime"": [{""brown_mod8"": 7, ""canonical_t"": 7, ""e"": 4, ""kind"": ""2-cyclic-odd"", ""p"": 2}]}|{""N"": 25, ""cyclic_key"": 4, ""prime"": [{""canonical_t"": 1, ""e"": 2, ""kind"": ""odd-cyclic"", ""legendre"": 1, ""p"": 5}]}|{""N"": 3, ""cyclic_key"": 1, ""prime"": [{""canonical_t"": 1, ""e"": 1, ""kind"": ""odd-cyclic"", ""legendre"": 1, ""p"": 3}]}","{""N"": 12, ""cyclic_key"": 5, ""prime"": [{""brown_mod8"": 5, ""canonical_t"": 5, ""e"": 2, ""kind"": ""2-cyclic-odd"", ""p"": 2}, {""canonical_t"": 2, ""e"": 1, ""kind"": ""odd-cyclic"", ""legendre"": -1, ""p"": 3}]}|{""N"": 16, ""cyclic_key"": 7, ""prime"": [{""brown_mod8"": 7, ""canonical_t"": 7, ""e"": 4, ""kind"": ""2-cyclic-odd"", ""p"": 2}]}|{""N"": 25, ""cyclic_key"": 4, ""prime"": [{""canonical_t"": 1, ""e"": 2, ""kind"": ""odd-cyclic"", ""legendre"": 1, ""p"": 5}]}|{""N"": 3, ""cyclic_key"": 1, ""prime"": [{""canonical_t"": 1, ""e"": 1, ""kind"": ""odd-cyclic"", ""legendre"": 1, ""p"": 3}]}",True,DIRECT_SUM_SYMBOL_EXACT_FOR_ORTHOGONAL_BLOCK_PRESENTATION
167,7,"{""N"": 27, ""cyclic_key"": 1, ""prime"": [{""canonical_t"": 1, ""e"": 3, ""kind"": ""odd-cyclic"", ""legendre"": 1, ""p"": 3}]}|{""N"": 5, ""cyclic_key"": 1, ""prime"": [{""canonical_t"": 1, ""e"": 1, ""kind"": ""odd-cyclic"", ""legendre"": 1, ""p"": 5}]}|{""N"": 5, ""cyclic_key"": 2, ""prime"": [{""canonical_t"": 2, ""e"": 1, ""kind"": ""odd-cyclic"", ""legendre"": -1, ""p"": 5}]}|{""N"": 5, ""cyclic_key"": 3, ""prime"": [{""canonical_t"": 2, ""e"": 1, ""kind"": ""odd-cyclic"", ""legendre"": -1, ""p"": 5}]}|{""N"": 5, ""cyclic_key"": 4, ""prime"": [{""canonical_t"": 1, ""e"": 1, ""kind"": ""odd-cyclic"", ""legendre"": 1, ""p"": 5}]}|{""N"": 7, ""cyclic_key"": 2, ""prime"": [{""canonical_t"": 1, ""e"": 1, ""kind"": ""odd-cyclic"", ""legendre"": 1, ""p"": 7}]}|{""N"": 9, ""cyclic_key"": 5, ""prime"": [{""canonical_t"": 2, ""e"": 2, ""kind"": ""odd-cyclic"", ""legendre"": -1, ""p"": 3}]}","{""N"": 27, ""cyclic_key"": 1, ""prime"": [{""canonical_t"": 1, ""e"": 3, ""kind"": ""odd-cyclic"", ""legendre"": 1, ""p"": 3}]}|{""N"": 5, ""cyclic_key"": 1, ""prime"": [{""canonical_t"": 1, ""e"": 1, ""kind"": ""odd-cyclic"", ""legendre"": 1, ""p"": 5}]}|{""N"": 5, ""cyclic_key"": 2, ""prime"": [{""canonical_t"": 2, ""e"": 1, ""kind"": ""odd-cyclic"", ""legendre"": -1, ""p"": 5}]}|{""N"": 5, ""cyclic_key"": 3, ""prime"": [{""canonical_t"": 2, ""e"": 1, ""kind"": ""odd-cyclic"", ""legendre"": -1, ""p"": 5}]}|{""N"": 5, ""cyclic_key"": 4, ""prime"": [{""canonical_t"": 1, ""e"": 1, ""kind"": ""odd-cyclic"", ""legendre"": 1, ""p"": 5}]}|{""N"": 7, ""cyclic_key"": 2, ""prime"": [{""canonical_t"": 1, ""e"": 1, ""kind"": ""odd-cyclic"", ""legendre"": 1, ""p"": 7}]}|{""N"": 9, ""cyclic_key"": 5, ""prime"": [{""canonical_t"": 2, ""e"": 2, ""kind"": ""odd-cyclic"", ""legendre"": -1, ""p"": 3}]}",True,DIRECT_SUM_SYMBOL_EXACT_FOR_ORTHOGONAL_BLOCK_PRESENTATION
168,5,"{""N"": 16, ""cyclic_key"": 1, ""prime"": [{""brown_mod8"": 1, ""canonical_t"": 1, ""e"": 4, ""kind"": ""2-cyclic-odd"", ""p"": 2}]}|{""N"": 25, ""cyclic_key"": 4, ""prime"": [{""canonical_t"": 1, ""e"": 2, ""kind"": ""odd-cyclic"", ""legendre"": 1, ""p"": 5}]}|{""N"": 9, ""cyclic_key"": 2, ""prime"": [{""canonical_t"": 2, ""e"": 2, ""kind"": ""odd-cyclic"", ""legendre"": -1, ""p"": 3}]}|{""N"": 9, ""cyclic_key"": 2, ""prime"": [{""canonical_t"": 2, ""e"": 2, ""kind"": ""odd-cyclic"", ""legendre"": -1, ""p"": 3}]}|{""N"": 9, ""cyclic_key"": 4, ""prime"": [{""canonical_t"": 1, ""e"": 2, ""kind"": ""odd-cyclic"", ""legendre"": 1, ""p"": 3}]}","{""N"": 16, ""cyclic_key"": 1, ""prime"": [{""brown_mod8"": 1, ""canonical_t"": 1, ""e"": 4, ""kind"": ""2-cyclic-odd"", ""p"": 2}]}|{""N"": 25, ""cyclic_key"": 4, ""prime"": [{""canonical_t"": 1, ""e"": 2, ""kind"": ""odd-cyclic"", ""legendre"": 1, ""p"": 5}]}|{""N"": 9, ""cyclic_key"": 2, ""prime"": [{""canonical_t"": 2, ""e"": 2, ""kind"": ""odd-cyclic"", ""legendre"": -1, ""p"": 3}]}|{""N"": 9, ""cyclic_key"": 2, ""prime"": [{""canonical_t"": 2, ""e"": 2, ""kind"": ""odd-cyclic"", ""legendre"": -1, ""p"": 3}]}|{""N"": 9, ""cyclic_key"": 4, ""prime"": [{""canonical_t"": 1, ""e"": 2, ""kind"": ""odd-cyclic"", ""legendre"": 1, ""p"": 3}]}",True,DIRECT_SUM_SYMBOL_EXACT_FOR_ORTHOGONAL_BLOCK_PRESENTATION
169,3,"{""N"": 16, ""cyclic_key"": 3, ""prime"": [{""brown_mod8"": 3, ""canonical_t"": 3, ""e"": 4, ""kind"": ""2-cyclic-odd"", ""p"": 2}]}|{""N"": 3, ""cyclic_key"": 5, ""prime"": [{""canonical_t"": 2, ""e"": 1, ""kind"": ""odd-cyclic"", ""legendre"": -1, ""p"": 3}]}|{""N"": 4, ""cyclic_key"": 3, ""prime"": [{""brown_mod8"": 3, ""canonical_t"": 3, ""e"": 2, ""kind"": ""2-cyclic-odd"", ""p"": 2}]}","{""N"": 16, ""cyclic_key"": 3, ""prime"": [{""brown_mod8"": 3, ""canonical_t"": 3, ""e"": 4, ""kind"": ""2-cyclic-odd"", ""p"": 2}]}|{""N"": 3, ""cyclic_key"": 5, ""prime"": [{""canonical_t"": 2, ""e"": 1, ""kind"": ""odd-cyclic"", ""legendre"": -1, ""p"": 3}]}|{""N"": 4, ""cyclic_key"": 3, ""prime"": [{""brown_mod8"": 3, ""canonical_t"": 3, ""e"": 2, ""kind"": ""2-cyclic-odd"", ""p"": 2}]}",True,DIRECT_SUM_SYMBOL_EXACT_FOR_ORTHOGONAL_BLOCK_PRESENTATION
170,5,"{""N"": 16, ""cyclic_key"": 7, ""prime"": [{""brown_mod8"": 7, ""canonical_t"": 7, ""e"": 4, ""kind"": ""2-cyclic-odd"", ""p"": 2}]}|{""N"": 2, ""cyclic_key"": 1, ""prime"": [{""brown_mod8"": 1, ""canonical_t"": 1, ""e"": 1, ""kind"": ""2-cyclic-odd"", ""p"": 2}]}|{""N"": 27, ""cyclic_key"": 4, ""prime"": [{""canonical_t"": 1, ""e"": 3, ""kind"": ""odd-cyclic"", ""legendre"": 1, ""p"": 3}]}|{""N"": 3, ""cyclic_key"": 2, ""prime"": [{""canonical_t"": 2, ""e"": 1, ""kind"": ""odd-cyclic"", ""legendre"": -1, ""p"": 3}]}|{""N"": 32, ""cyclic_key"": 1, ""prime"": [{""brown_mod8"": 1, ""canonical_t"": 1, ""e"": 5, ""kind"": ""2-cyclic-odd"", ""p"": 2}]}","{""N"": 16, ""cyclic_key"": 7, ""prime"": [{""brown_mod8"": 7, ""canonical_t"": 7, ""e"": 4, ""kind"": ""2-cyclic-odd"", ""p"": 2}]}|{""N"": 2, ""cyclic_key"": 1, ""prime"": [{""brown_mod8"": 1, ""canonical_t"": 1, ""e"": 1, ""kind"": ""2-cyclic-odd"", ""p"": 2}]}|{""N"": 27, ""cyclic_key"": 4, ""prime"": [{""canonical_t"": 1, ""e"": 3, ""kind"": ""odd-cyclic"", ""legendre"": 1, ""p"": 3}]}|{""N"": 3, ""cyclic_key"": 2, ""prime"": [{""canonical_t"": 2, ""e"": 1, ""kind"": ""odd-cyclic"", ""legendre"": -1, ""p"": 3}]}|{""N"": 32, ""cyclic_key"": 1, ""prime"": [{""brown_mod8"": 1, ""canonical_t"": 1, ""e"": 5, ""kind"": ""2-cyclic-odd"", ""p"": 2}]}",True,DIRECT_SUM_SYMBOL_EXACT_FOR_ORTHOGONAL_BLOCK_PRESENTATION
171,2,"{""N"": 25, ""cyclic_key"": 3, ""prime"": [{""canonical_t"": 2, ""e"": 2, ""kind"": ""odd-cyclic"", ""legendre"": -1, ""p"": 5}]}|{""N"": 9, ""cyclic_key"": 4, ""prime"": [{""canonical_t"": 1, ""e"": 2, ""kind"": ""odd-cyclic"", ""legendre"": 1, ""p"": 3}]}","{""N"": 25, ""cyclic_key"": 3, ""prime"": [{""canonical_t"": 2, ""e"": 2, ""kind"": ""odd-cyclic"", ""legendre"": -1, ""p"": 5}]}|{""N"": 9, ""cyclic_key"": 4, ""prime"": [{""canonical_t"": 1, ""e"": 2, ""kind"": ""odd-cyclic"", ""legendre"": 1, ""p"": 3}]}",True,DIRECT_SUM_SYMBOL_EXACT_FOR_ORTHOGONAL_BLOCK_PRESENTATION
172,4,"{""N"": 25, ""cyclic_key"": 4, ""prime"": [{""canonical_t"": 1, ""e"": 2, ""kind"": ""odd-cyclic"", ""legendre"": 1, ""p"": 5}]}|{""N"": 27, ""cyclic_key"": 1, ""prime"": [{""canonical_t"": 1, ""e"": 3, ""kind"": ""odd-cyclic"", ""legendre"": 1, ""p"": 3}]}|{""N"": 27, ""cyclic_key"": 5, ""prime"": [{""canonical_t"": 2, ""e"": 3, ""kind"": ""odd-cyclic"", ""legendre"": -1, ""p"": 3}]}|{""N"": 32, ""cyclic_key"": 7, ""prime"": [{""brown_mod8"": 7, ""canonical_t"": 7, ""e"": 5, ""kind"": ""2-cyclic-odd"", ""p"": 2}]}","{""N"": 25, ""cyclic_key"": 4, ""prime"": [{""canonical_t"": 1, ""e"": 2, ""kind"": ""odd-cyclic"", ""legendre"": 1, ""p"": 5}]}|{""N"": 27, ""cyclic_key"": 1, ""prime"": [{""canonical_t"": 1, ""e"": 3, ""kind"": ""odd-cyclic"", ""legendre"": 1, ""p"": 3}]}|{""N"": 27, ""cyclic_key"": 5, ""prime"": [{""canonical_t"": 2, ""e"": 3, ""kind"": ""odd-cyclic"", ""legendre"": -1, ""p"": 3}]}|{""N"": 32, ""cyclic_key"": 7, ""prime"": [{""brown_mod8"": 7, ""canonical_t"": 7, ""e"": 5, ""kind"": ""2-cyclic-odd"", ""p"": 2}]}",True,DIRECT_SUM_SYMBOL_EXACT_FOR_ORTHOGONAL_BLOCK_PRESENTATION
173,5,"{""N"": 3, ""cyclic_key"": 2, ""prime"": [{""canonical_t"": 2, ""e"": 1, ""kind"": ""odd-cyclic"", ""legendre"": -1, ""p"": 3}]}|{""N"": 4, ""cyclic_key"": 7, ""prime"": [{""brown_mod8"": 7, ""canonical_t"": 7, ""e"": 2, ""kind"": ""2-cyclic-odd"", ""p"": 2}]}|{""N"": 5, ""cyclic_key"": 1, ""prime"": [{""canonical_t"": 1, ""e"": 1, ""kind"": ""odd-cyclic"", ""legendre"": 1, ""p"": 5}]}|{""N"": 7, ""cyclic_key"": 6, ""prime"": [{""canonical_t"": 3, ""e"": 1, ""kind"": ""odd-cyclic"", ""legendre"": -1, ""p"": 7}]}|{""N"": 9, ""cyclic_key"": 2, ""prime"": [{""canonical_t"": 2, ""e"": 2, ""kind"": ""odd-cyclic"", ""legendre"": -1, ""p"": 3}]}","{""N"": 3, ""cyclic_key"": 2, ""prime"": [{""canonical_t"": 2, ""e"": 1, ""kind"": ""odd-cyclic"", ""legendre"": -1, ""p"": 3}]}|{""N"": 4, ""cyclic_key"": 7, ""prime"": [{""brown_mod8"": 7, ""canonical_t"": 7, ""e"": 2, ""kind"": ""2-cyclic-odd"", ""p"": 2}]}|{""N"": 5, ""cyclic_key"": 1, ""prime"": [{""canonical_t"": 1, ""e"": 1, ""kind"": ""odd-cyclic"", ""legendre"": 1, ""p"": 5}]}|{""N"": 7, ""cyclic_key"": 6, ""prime"": [{""canonical_t"": 3, ""e"": 1, ""kind"": ""odd-cyclic"", ""legendre"": -1, ""p"": 7}]}|{""N"": 9, ""cyclic_key"": 2, ""prime"": [{""canonical_t"": 2, ""e"": 2, ""kind"": ""odd-cyclic"", ""legendre"": -1, ""p"": 3}]}",True,DIRECT_SUM_SYMBOL_EXACT_FOR_ORTHOGONAL_BLOCK_PRESENTATION
174,4,"{""N"": 25, ""cyclic_key"": 2, ""prime"": [{""canonical_t"": 2, ""e"": 2, ""kind"": ""odd-cyclic"", ""legendre"": -1, ""p"": 5}]}|{""N"": 25, ""cyclic_key"": 3, ""prime"": [{""canonical_t"": 2, ""e"": 2, ""kind"": ""odd-cyclic"", ""legendre"": -1, ""p"": 5}]}|{""N"": 32, ""cyclic_key"": 5, ""prime"": [{""brown_mod8"": 5, ""canonical_t"": 5, ""e"": 5, ""kind"": ""2-cyclic-odd"", ""p"": 2}]}|{""N"": 5, ""cyclic_key"": 2, ""prime"": [{""canonical_t"": 2, ""e"": 1, ""kind"": ""odd-cyclic"", ""legendre"": -1, ""p"": 5}]}","{""N"": 25, ""cyclic_key"": 2, ""prime"": [{""canonical_t"": 2, ""e"": 2, ""kind"": ""odd-cyclic"", ""legendre"": -1, ""p"": 5}]}|{""N"": 25, ""cyclic_key"": 3, ""prime"": [{""canonical_t"": 2, ""e"": 2, ""kind"": ""odd-cyclic"", ""legendre"": -1, ""p"": 5}]}|{""N"": 32, ""cyclic_key"": 5, ""prime"": [{""brown_mod8"": 5, ""canonical_t"": 5, ""e"": 5, ""kind"": ""2-cyclic-odd"", ""p"": 2}]}|{""N"": 5, ""cyclic_key"": 2, ""prime"": [{""canonical_t"": 2, ""e"": 1, ""kind"": ""odd-cyclic"", ""legendre"": -1, ""p"": 5}]}",True,DIRECT_SUM_SYMBOL_EXACT_FOR_ORTHOGONAL_BLOCK_PRESENTATION
175,6,"{""N"": 12, ""cyclic_key"": 13, ""prime"": [{""brown_mod8"": 5, ""canonical_t"": 5, ""e"": 2, ""kind"": ""2-cyclic-odd"", ""p"": 2}, {""canonical_t"": 1, ""e"": 1, ""kind"": ""odd-cyclic"", ""legendre"": 1, ""p"": 3}]}|{""N"": 12, ""cyclic_key"": 7, ""prime"": [{""brown_mod8"": 7, ""canonical_t"": 7, ""e"": 2, ""kind"": ""2-cyclic-odd"", ""p"": 2}, {""canonical_t"": 1, ""e"": 1, ""kind"": ""odd-cyclic"", ""legendre"": 1, ""p"": 3}]}|{""N"": 27, ""cyclic_key"": 2, ""prime"": [{""canonical_t"": 2, ""e"": 3, ""kind"": ""odd-cyclic"", ""legendre"": -1, ""p"": 3}]}|{""N"": 32, ""cyclic_key"": 1, ""prime"": [{""brown_mod8"": 1, ""canonical_t"": 1, ""e"": 5, ""kind"": ""2-cyclic-odd"", ""p"": 2}]}|{""N"": 5, ""cyclic_key"": 1, ""prime"": [{""canonical_t"": 1, ""e"": 1, ""kind"": ""odd-cyclic"", ""legendre"": 1, ""p"": 5}]}|{""N"": 7, ""cyclic_key"": 6, ""prime"": [{""canonical_t"": 3, ""e"": 1, ""kind"": ""odd-cyclic"", ""legendre"": -1, ""p"": 7}]}","{""N"": 12, ""cyclic_key"": 13, ""prime"": [{""brown_mod8"": 5, ""canonical_t"": 5, ""e"": 2, ""kind"": ""2-cyclic-odd"", ""p"": 2}, {""canonical_t"": 1, ""e"": 1, ""kind"": ""odd-cyclic"", ""legendre"": 1, ""p"": 3}]}|{""N"": 12, ""cyclic_key"": 7, ""prime"": [{""brown_mod8"": 7, ""canonical_t"": 7, ""e"": 2, ""kind"": ""2-cyclic-odd"", ""p"": 2}, {""canonical_t"": 1, ""e"": 1, ""kind"": ""odd-cyclic"", ""legendre"": 1, ""p"": 3}]}|{""N"": 27, ""cyclic_key"": 2, ""prime"": [{""canonical_t"": 2, ""e"": 3, ""kind"": ""odd-cyclic"", ""legendre"": -1, ""p"": 3}]}|{""N"": 32, ""cyclic_key"": 1, ""prime"": [{""brown_mod8"": 1, ""canonical_t"": 1, ""e"": 5, ""kind"": ""2-cyclic-odd"", ""p"": 2}]}|{""N"": 5, ""cyclic_key"": 1, ""prime"": [{""canonical_t"": 1, ""e"": 1, ""kind"": ""odd-cyclic"", ""legendre"": 1, ""p"": 5}]}|{""N"": 7, ""cyclic_key"": 6, ""prime"": [{""canonical_t"": 3, ""e"": 1, ""kind"": ""odd-cyclic"", ""legendre"": -1, ""p"": 7}]}",True,DIRECT_SUM_SYMBOL_EXACT_FOR_ORTHOGONAL_BLOCK_PRESENTATION
176,2,"{""N"": 25, ""cyclic_key"": 1, ""prime"": [{""canonical_t"": 1, ""e"": 2, ""kind"": ""odd-cyclic"", ""legendre"": 1, ""p"": 5}]}|{""N"": 25, ""cyclic_key"": 2, ""prime"": [{""canonical_t"": 2, ""e"": 2, ""kind"": ""odd-cyclic"", ""legendre"": -1, ""p"": 5}]}","{""N"": 25, ""cyclic_key"": 1, ""prime"": [{""canonical_t"": 1, ""e"": 2, ""kind"": ""odd-cyclic"", ""legendre"": 1, ""p"": 5}]}|{""N"": 25, ""cyclic_key"": 2, ""prime"": [{""canonical_t"": 2, ""e"": 2, ""kind"": ""odd-cyclic"", ""legendre"": -1, ""p"": 5}]}",True,DIRECT_SUM_SYMBOL_EXACT_FOR_ORTHOGONAL_BLOCK_PRESENTATION
177,5,"{""N"": 8, ""cyclic_key"": 1, ""prime"": [{""brown_mod8"": 1, ""canonical_t"": 1, ""e"": 3, ""kind"": ""2-cyclic-odd"", ""p"": 2}]}|{""N"": 8, ""cyclic_key"": 5, ""prime"": [{""brown_mod8"": 5, ""canonical_t"": 5, ""e"": 3, ""kind"": ""2-cyclic-odd"", ""p"": 2}]}|{""N"": 9, ""cyclic_key"": 1, ""prime"": [{""canonical_t"": 1, ""e"": 2, ""kind"": ""odd-cyclic"", ""legendre"": 1, ""p"": 3}]}|{""N"": 9, ""cyclic_key"": 2, ""prime"": [{""canonical_t"": 2, ""e"": 2, ""kind"": ""odd-cyclic"", ""legendre"": -1, ""p"": 3}]}|{""N"": 9, ""cyclic_key"": 4, ""prime"": [{""canonical_t"": 1, ""e"": 2, ""kind"": ""odd-cyclic"", ""legendre"": 1, ""p"": 3}]}","{""N"": 8, ""cyclic_key"": 1, ""prime"": [{""brown_mod8"": 1, ""canonical_t"": 1, ""e"": 3, ""kind"": ""2-cyclic-odd"", ""p"": 2}]}|{""N"": 8, ""cyclic_key"": 5, ""prime"": [{""brown_mod8"": 5, ""canonical_t"": 5, ""e"": 3, ""kind"": ""2-cyclic-odd"", ""p"": 2}]}|{""N"": 9, ""cyclic_key"": 1, ""prime"": [{""canonical_t"": 1, ""e"": 2, ""kind"": ""odd-cyclic"", ""legendre"": 1, ""p"": 3}]}|{""N"": 9, ""cyclic_key"": 2, ""prime"": [{""canonical_t"": 2, ""e"": 2, ""kind"": ""odd-cyclic"", ""legendre"": -1, ""p"": 3}]}|{""N"": 9, ""cyclic_key"": 4, ""prime"": [{""canonical_t"": 1, ""e"": 2, ""kind"": ""odd-cyclic"", ""legendre"": 1, ""p"": 3}]}",True,DIRECT_SUM_SYMBOL_EXACT_FOR_ORTHOGONAL_BLOCK_PRESENTATION
178,2,"{""N"": 4, ""cyclic_key"": 7, ""prime"": [{""brown_mod8"": 7, ""canonical_t"": 7, ""e"": 2, ""kind"": ""2-cyclic-odd"", ""p"": 2}]}|{""N"": 5, ""cyclic_key"": 3, ""prime"": [{""canonical_t"": 2, ""e"": 1, ""kind"": ""odd-cyclic"", ""legendre"": -1, ""p"": 5}]}","{""N"": 4, ""cyclic_key"": 7, ""prime"": [{""brown_mod8"": 7, ""canonical_t"": 7, ""e"": 2, ""kind"": ""2-cyclic-odd"", ""p"": 2}]}|{""N"": 5, ""cyclic_key"": 3, ""prime"": [{""canonical_t"": 2, ""e"": 1, ""kind"": ""odd-cyclic"", ""legendre"": -1, ""p"": 5}]}",True,DIRECT_SUM_SYMBOL_EXACT_FOR_ORTHOGONAL_BLOCK_PRESENTATION
179,7,"{""N"": 16, ""cyclic_key"": 7, ""prime"": [{""brown_mod8"": 7, ""canonical_t"": 7, ""e"": 4, ""kind"": ""2-cyclic-odd"", ""p"": 2}]}|{""N"": 25, ""cyclic_key"": 1, ""prime"": [{""canonical_t"": 1, ""e"": 2, ""kind"": ""odd-cyclic"", ""legendre"": 1, ""p"": 5}]}|{""N"": 25, ""cyclic_key"": 2, ""prime"": [{""canonical_t"": 2, ""e"": 2, ""kind"": ""odd-cyclic"", ""legendre"": -1, ""p"": 5}]}|{""N"": 25, ""cyclic_key"": 2, ""prime"": [{""canonical_t"": 2, ""e"": 2, ""kind"": ""odd-cyclic"", ""legendre"": -1, ""p"": 5}]}|{""N"": 25, ""cyclic_key"": 4, ""prime"": [{""canonical_t"": 1, ""e"": 2, ""kind"": ""odd-cyclic"", ""legendre"": 1, ""p"": 5}]}|{""N"": 27, ""cyclic_key"": 4, ""prime"": [{""canonical_t"": 1, ""e"": 3, ""kind"": ""odd-cyclic"", ""legendre"": 1, ""p"": 3}]}|{""N"": 9, ""cyclic_key"": 1, ""prime"": [{""canonical_t"": 1, ""e"": 2, ""kind"": ""odd-cyclic"", ""legendre"": 1, ""p"": 3}]}","{""N"": 16, ""cyclic_key"": 7, ""prime"": [{""brown_mod8"": 7, ""canonical_t"": 7, ""e"": 4, ""kind"": ""2-cyclic-odd"", ""p"": 2}]}|{""N"": 25, ""cyclic_key"": 1, ""prime"": [{""canonical_t"": 1, ""e"": 2, ""kind"": ""odd-cyclic"", ""legendre"": 1, ""p"": 5}]}|{""N"": 25, ""cyclic_key"": 2, ""prime"": [{""canonical_t"": 2, ""e"": 2, ""kind"": ""odd-cyclic"", ""legendre"": -1, ""p"": 5}]}|{""N"": 25, ""cyclic_key"": 2, ""prime"": [{""canonical_t"": 2, ""e"": 2, ""kind"": ""odd-cyclic"", ""legendre"": -1, ""p"": 5}]}|{""N"": 25, ""cyclic_key"": 4, ""prime"": [{""canonical_t"": 1, ""e"": 2, ""kind"": ""odd-cyclic"", ""legendre"": 1, ""p"": 5}]}|{""N"": 27, ""cyclic_key"": 4, ""prime"": [{""canonical_t"": 1, ""e"": 3, ""kind"": ""odd-cyclic"", ""legendre"": 1, ""p"": 3}]}|{""N"": 9, ""cyclic_key"": 1, ""prime"": [{""canonical_t"": 1, ""e"": 2, ""kind"": ""odd-cyclic"", ""legendre"": 1, ""p"": 3}]}",True,DIRECT_SUM_SYMBOL_EXACT_FOR_ORTHOGONAL_BLOCK_PRESENTATION
180,2,"{""N"": 2, ""cyclic_key"": 1, ""prime"": [{""brown_mod8"": 1, ""canonical_t"": 1, ""e"": 1, ""kind"": ""2-cyclic-odd"", ""p"": 2}]}|{""N"": 27, ""cyclic_key"": 4, ""prime"": [{""canonical_t"": 1, ""e"": 3, ""kind"": ""odd-cyclic"", ""legendre"": 1, ""p"": 3}]}","{""N"": 2, ""cyclic_key"": 1, ""prime"": [{""brown_mod8"": 1, ""canonical_t"": 1, ""e"": 1, ""kind"": ""2-cyclic-odd"", ""p"": 2}]}|{""N"": 27, ""cyclic_key"": 4, ""prime"": [{""canonical_t"": 1, ""e"": 3, ""kind"": ""odd-cyclic"", ""legendre"": 1, ""p"": 3}]}",True,DIRECT_SUM_SYMBOL_EXACT_FOR_ORTHOGONAL_BLOCK_PRESENTATION
181,5,"{""N"": 27, ""cyclic_key"": 5, ""prime"": [{""canonical_t"": 2, ""e"": 3, ""kind"": ""odd-cyclic"", ""legendre"": -1, ""p"": 3}]}|{""N"": 3, ""cyclic_key"": 2, ""prime"": [{""canonical_t"": 2, ""e"": 1, ""kind"": ""odd-cyclic"", ""legendre"": -1, ""p"": 3}]}|{""N"": 7, ""cyclic_key"": 3, ""prime"": [{""canonical_t"": 3, ""e"": 1, ""kind"": ""odd-cyclic"", ""legendre"": -1, ""p"": 7}]}|{""N"": 8, ""cyclic_key"": 5, ""prime"": [{""brown_mod8"": 5, ""canonical_t"": 5, ""e"": 3, ""kind"": ""2-cyclic-odd"", ""p"": 2}]}|{""N"": 9, ""cyclic_key"": 1, ""prime"": [{""canonical_t"": 1, ""e"": 2, ""kind"": ""odd-cyclic"", ""legendre"": 1, ""p"": 3}]}","{""N"": 27, ""cyclic_key"": 5, ""prime"": [{""canonical_t"": 2, ""e"": 3, ""kind"": ""odd-cyclic"", ""legendre"": -1, ""p"": 3}]}|{""N"": 3, ""cyclic_key"": 2, ""prime"": [{""canonical_t"": 2, ""e"": 1, ""kind"": ""odd-cyclic"", ""legendre"": -1, ""p"": 3}]}|{""N"": 7, ""cyclic_key"": 3, ""prime"": [{""canonical_t"": 3, ""e"": 1, ""kind"": ""odd-cyclic"", ""legendre"": -1, ""p"": 7}]}|{""N"": 8, ""cyclic_key"": 5, ""prime"": [{""brown_mod8"": 5, ""canonical_t"": 5, ""e"": 3, ""kind"": ""2-cyclic-odd"", ""p"": 2}]}|{""N"": 9, ""cyclic_key"": 1, ""prime"": [{""canonical_t"": 1, ""e"": 2, ""kind"": ""odd-cyclic"", ""legendre"": 1, ""p"": 3}]}",True,DIRECT_SUM_SYMBOL_EXACT_FOR_ORTHOGONAL_BLOCK_PRESENTATION
182,4,"{""N"": 12, ""cyclic_key"": 1, ""prime"": [{""brown_mod8"": 1, ""canonical_t"": 1, ""e"": 2, ""kind"": ""2-cyclic-odd"", ""p"": 2}, {""canonical_t"": 1, ""e"": 1, ""kind"": ""odd-cyclic"", ""legendre"": 1, ""p"": 3}]}|{""N"": 3, ""cyclic_key"": 2, ""prime"": [{""canonical_t"": 2, ""e"": 1, ""kind"": ""odd-cyclic"", ""legendre"": -1, ""p"": 3}]}|{""N"": 32, ""cyclic_key"": 1, ""prime"": [{""brown_mod8"": 1, ""canonical_t"": 1, ""e"": 5, ""kind"": ""2-cyclic-odd"", ""p"": 2}]}|{""N"": 32, ""cyclic_key"": 5, ""prime"": [{""brown_mod8"": 5, ""canonical_t"": 5, ""e"": 5, ""kind"": ""2-cyclic-odd"", ""p"": 2}]}","{""N"": 12, ""cyclic_key"": 1, ""prime"": [{""brown_mod8"": 1, ""canonical_t"": 1, ""e"": 2, ""kind"": ""2-cyclic-odd"", ""p"": 2}, {""canonical_t"": 1, ""e"": 1, ""kind"": ""odd-cyclic"", ""legendre"": 1, ""p"": 3}]}|{""N"": 3, ""cyclic_key"": 2, ""prime"": [{""canonical_t"": 2, ""e"": 1, ""kind"": ""odd-cyclic"", ""legendre"": -1, ""p"": 3}]}|{""N"": 32, ""cyclic_key"": 1, ""prime"": [{""brown_mod8"": 1, ""canonical_t"": 1, ""e"": 5, ""kind"": ""2-cyclic-odd"", ""p"": 2}]}|{""N"": 32, ""cyclic_key"": 5, ""prime"": [{""brown_mod8"": 5, ""canonical_t"": 5, ""e"": 5, ""kind"": ""2-cyclic-odd"", ""p"": 2}]}",True,DIRECT_SUM_SYMBOL_EXACT_FOR_ORTHOGONAL_BLOCK_PRESENTATION
183,4,"{""N"": 16, ""cyclic_key"": 3, ""prime"": [{""brown_mod8"": 3, ""canonical_t"": 3, ""e"": 4, ""kind"": ""2-cyclic-odd"", ""p"": 2}]}|{""N"": 32, ""cyclic_key"": 5, ""prime"": [{""brown_mod8"": 5, ""canonical_t"": 5, ""e"": 5, ""kind"": ""2-cyclic-odd"", ""p"": 2}]}|{""N"": 7, ""cyclic_key"": 1, ""prime"": [{""canonical_t"": 1, ""e"": 1, ""kind"": ""odd-cyclic"", ""legendre"": 1, ""p"": 7}]}|{""N"": 8, ""cyclic_key"": 3, ""prime"": [{""brown_mod8"": 3, ""canonical_t"": 3, ""e"": 3, ""kind"": ""2-cyclic-odd"", ""p"": 2}]}","{""N"": 16, ""cyclic_key"": 3, ""prime"": [{""brown_mod8"": 3, ""canonical_t"": 3, ""e"": 4, ""kind"": ""2-cyclic-odd"", ""p"": 2}]}|{""N"": 32, ""cyclic_key"": 5, ""prime"": [{""brown_mod8"": 5, ""canonical_t"": 5, ""e"": 5, ""kind"": ""2-cyclic-odd"", ""p"": 2}]}|{""N"": 7, ""cyclic_key"": 1, ""prime"": [{""canonical_t"": 1, ""e"": 1, ""kind"": ""odd-cyclic"", ""legendre"": 1, ""p"": 7}]}|{""N"": 8, ""cyclic_key"": 3, ""prime"": [{""brown_mod8"": 3, ""canonical_t"": 3, ""e"": 3, ""kind"": ""2-cyclic-odd"", ""p"": 2}]}",True,DIRECT_SUM_SYMBOL_EXACT_FOR_ORTHOGONAL_BLOCK_PRESENTATION
184,2,"{""N"": 8, ""cyclic_key"": 1, ""prime"": [{""brown_mod8"": 1, ""canonical_t"": 1, ""e"": 3, ""kind"": ""2-cyclic-odd"", ""p"": 2}]}|{""N"": 9, ""cyclic_key"": 2, ""prime"": [{""canonical_t"": 2, ""e"": 2, ""kind"": ""odd-cyclic"", ""legendre"": -1, ""p"": 3}]}","{""N"": 8, ""cyclic_key"": 1, ""prime"": [{""brown_mod8"": 1, ""canonical_t"": 1, ""e"": 3, ""kind"": ""2-cyclic-odd"", ""p"": 2}]}|{""N"": 9, ""cyclic_key"": 2, ""prime"": [{""canonical_t"": 2, ""e"": 2, ""kind"": ""odd-cyclic"", ""legendre"": -1, ""p"": 3}]}",True,DIRECT_SUM_SYMBOL_EXACT_FOR_ORTHOGONAL_BLOCK_PRESENTATION
185,7,"{""N"": 12, ""cyclic_key"": 17, ""prime"": [{""brown_mod8"": 1, ""canonical_t"": 1, ""e"": 2, ""kind"": ""2-cyclic-odd"", ""p"": 2}, {""canonical_t"": 2, ""e"": 1, ""kind"": ""odd-cyclic"", ""legendre"": -1, ""p"": 3}]}|{""N"": 12, ""cyclic_key"": 7, ""prime"": [{""brown_mod8"": 7, ""canonical_t"": 7, ""e"": 2, ""kind"": ""2-cyclic-odd"", ""p"": 2}, {""canonical_t"": 1, ""e"": 1, ""kind"": ""odd-cyclic"", ""legendre"": 1, ""p"": 3}]}|{""N"": 16, ""cyclic_key"": 3, ""prime"": [{""brown_mod8"": 3, ""canonical_t"": 3, ""e"": 4, ""kind"": ""2-cyclic-odd"", ""p"": 2}]}|{""N"": 32, ""cyclic_key"": 1, ""prime"": [{""brown_mod8"": 1, ""canonical_t"": 1, ""e"": 5, ""kind"": ""2-cyclic-odd"", ""p"": 2}]}|{""N"": 32, ""cyclic_key"": 5, ""prime"": [{""brown_mod8"": 5, ""canonical_t"": 5, ""e"": 5, ""kind"": ""2-cyclic-odd"", ""p"": 2}]}|{""N"": 4, ""cyclic_key"": 5, ""prime"": [{""brown_mod8"": 5, ""canonical_t"": 5, ""e"": 2, ""kind"": ""2-cyclic-odd"", ""p"": 2}]}|{""N"": 7, ""cyclic_key"": 3, ""prime"": [{""canonical_t"": 3, ""e"": 1, ""kind"": ""odd-cyclic"", ""legendre"": -1, ""p"": 7}]}","{""N"": 12, ""cyclic_key"": 17, ""prime"": [{""brown_mod8"": 1, ""canonical_t"": 1, ""e"": 2, ""kind"": ""2-cyclic-odd"", ""p"": 2}, {""canonical_t"": 2, ""e"": 1, ""kind"": ""odd-cyclic"", ""legendre"": -1, ""p"": 3}]}|{""N"": 12, ""cyclic_key"": 7, ""prime"": [{""brown_mod8"": 7, ""canonical_t"": 7, ""e"": 2, ""kind"": ""2-cyclic-odd"", ""p"": 2}, {""canonical_t"": 1, ""e"": 1, ""kind"": ""odd-cyclic"", ""legendre"": 1, ""p"": 3}]}|{""N"": 16, ""cyclic_key"": 3, ""prime"": [{""brown_mod8"": 3, ""canonical_t"": 3, ""e"": 4, ""kind"": ""2-cyclic-odd"", ""p"": 2}]}|{""N"": 32, ""cyclic_key"": 1, ""prime"": [{""brown_mod8"": 1, ""canonical_t"": 1, ""e"": 5, ""kind"": ""2-cyclic-odd"", ""p"": 2}]}|{""N"": 32, ""cyclic_key"": 5, ""prime"": [{""brown_mod8"": 5, ""canonical_t"": 5, ""e"": 5, ""kind"": ""2-cyclic-odd"", ""p"": 2}]}|{""N"": 4, ""cyclic_key"": 5, ""prime"": [{""brown_mod8"": 5, ""canonical_t"": 5, ""e"": 2, ""kind"": ""2-cyclic-odd"", ""p"": 2}]}|{""N"": 7, ""cyclic_key"": 3, ""prime"": [{""canonical_t"": 3, ""e"": 1, ""kind"": ""odd-cyclic"", ""legendre"": -1, ""p"": 7}]}",True,DIRECT_SUM_SYMBOL_EXACT_FOR_ORTHOGONAL_BLOCK_PRESENTATION
186,5,"{""N"": 27, ""cyclic_key"": 1, ""prime"": [{""canonical_t"": 1, ""e"": 3, ""kind"": ""odd-cyclic"", ""legendre"": 1, ""p"": 3}]}|{""N"": 3, ""cyclic_key"": 5, ""prime"": [{""canonical_t"": 2, ""e"": 1, ""kind"": ""odd-cyclic"", ""legendre"": -1, ""p"": 3}]}|{""N"": 5, ""cyclic_key"": 1, ""prime"": [{""canonical_t"": 1, ""e"": 1, ""kind"": ""odd-cyclic"", ""legendre"": 1, ""p"": 5}]}|{""N"": 7, ""cyclic_key"": 2, ""prime"": [{""canonical_t"": 1, ""e"": 1, ""kind"": ""odd-cyclic"", ""legendre"": 1, ""p"": 7}]}|{""N"": 9, ""cyclic_key"": 1, ""prime"": [{""canonical_t"": 1, ""e"": 2, ""kind"": ""odd-cyclic"", ""legendre"": 1, ""p"": 3}]}","{""N"": 27, ""cyclic_key"": 1, ""prime"": [{""canonical_t"": 1, ""e"": 3, ""kind"": ""odd-cyclic"", ""legendre"": 1, ""p"": 3}]}|{""N"": 3, ""cyclic_key"": 5, ""prime"": [{""canonical_t"": 2, ""e"": 1, ""kind"": ""odd-cyclic"", ""legendre"": -1, ""p"": 3}]}|{""N"": 5, ""cyclic_key"": 1, ""prime"": [{""canonical_t"": 1, ""e"": 1, ""kind"": ""odd-cyclic"", ""legendre"": 1, ""p"": 5}]}|{""N"": 7, ""cyclic_key"": 2, ""prime"": [{""canonical_t"": 1, ""e"": 1, ""kind"": ""odd-cyclic"", ""legendre"": 1, ""p"": 7}]}|{""N"": 9, ""cyclic_key"": 1, ""prime"": [{""canonical_t"": 1, ""e"": 2, ""kind"": ""odd-cyclic"", ""legendre"": 1, ""p"": 3}]}",True,DIRECT_SUM_SYMBOL_EXACT_FOR_ORTHOGONAL_BLOCK_PRESENTATION
187,7,"{""N"": 25, ""cyclic_key"": 2, ""prime"": [{""canonical_t"": 2, ""e"": 2, ""kind"": ""odd-cyclic"", ""legendre"": -1, ""p"": 5}]}|{""N"": 25, ""cyclic_key"": 4, ""prime"": [{""canonical_t"": 1, ""e"": 2, ""kind"": ""odd-cyclic"", ""legendre"": 1, ""p"": 5}]}|{""N"": 27, ""cyclic_key"": 4, ""prime"": [{""canonical_t"": 1, ""e"": 3, ""kind"": ""odd-cyclic"", ""legendre"": 1, ""p"": 3}]}|{""N"": 32, ""cyclic_key"": 5, ""prime"": [{""brown_mod8"": 5, ""canonical_t"": 5, ""e"": 5, ""kind"": ""2-cyclic-odd"", ""p"": 2}]}|{""N"": 7, ""cyclic_key"": 2, ""prime"": [{""canonical_t"": 1, ""e"": 1, ""kind"": ""odd-cyclic"", ""legendre"": 1, ""p"": 7}]}|{""N"": 9, ""cyclic_key"": 2, ""prime"": [{""canonical_t"": 2, ""e"": 2, ""kind"": ""odd-cyclic"", ""legendre"": -1, ""p"": 3}]}|{""N"": 9, ""cyclic_key"": 5, ""prime"": [{""canonical_t"": 2, ""e"": 2, ""kind"": ""odd-cyclic"", ""legendre"": -1, ""p"": 3}]}","{""N"": 25, ""cyclic_key"": 2, ""prime"": [{""canonical_t"": 2, ""e"": 2, ""kind"": ""odd-cyclic"", ""legendre"": -1, ""p"": 5}]}|{""N"": 25, ""cyclic_key"": 4, ""prime"": [{""canonical_t"": 1, ""e"": 2, ""kind"": ""odd-cyclic"", ""legendre"": 1, ""p"": 5}]}|{""N"": 27, ""cyclic_key"": 4, ""prime"": [{""canonical_t"": 1, ""e"": 3, ""kind"": ""odd-cyclic"", ""legendre"": 1, ""p"": 3}]}|{""N"": 32, ""cyclic_key"": 5, ""prime"": [{""brown_mod8"": 5, ""canonical_t"": 5, ""e"": 5, ""kind"": ""2-cyclic-odd"", ""p"": 2}]}|{""N"": 7, ""cyclic_key"": 2, ""prime"": [{""canonical_t"": 1, ""e"": 1, ""kind"": ""odd-cyclic"", ""legendre"": 1, ""p"": 7}]}|{""N"": 9, ""cyclic_key"": 2, ""prime"": [{""canonical_t"": 2, ""e"": 2, ""kind"": ""odd-cyclic"", ""legendre"": -1, ""p"": 3}]}|{""N"": 9, ""cyclic_key"": 5, ""prime"": [{""canonical_t"": 2, ""e"": 2, ""kind"": ""odd-cyclic"", ""legendre"": -1, ""p"": 3}]}",True,DIRECT_SUM_SYMBOL_EXACT_FOR_ORTHOGONAL_BLOCK_PRESENTATION
188,7,"{""N"": 25, ""cyclic_key"": 3, ""prime"": [{""canonical_t"": 2, ""e"": 2, ""kind"": ""odd-cyclic"", ""legendre"": -1, ""p"": 5}]}|{""N"": 25, ""cyclic_key"": 3, ""prime"": [{""canonical_t"": 2, ""e"": 2, ""kind"": ""odd-cyclic"", ""legendre"": -1, ""p"": 5}]}|{""N"": 27, ""cyclic_key"": 1, ""prime"": [{""canonical_t"": 1, ""e"": 3, ""kind"": ""odd-cyclic"", ""legendre"": 1, ""p"": 3}]}|{""N"": 5, ""cyclic_key"": 4, ""prime"": [{""canonical_t"": 1, ""e"": 1, ""kind"": ""odd-cyclic"", ""legendre"": 1, ""p"": 5}]}|{""N"": 8, ""cyclic_key"": 3, ""prime"": [{""brown_mod8"": 3, ""canonical_t"": 3, ""e"": 3, ""kind"": ""2-cyclic-odd"", ""p"": 2}]}|{""N"": 9, ""cyclic_key"": 4, ""prime"": [{""canonical_t"": 1, ""e"": 2, ""kind"": ""odd-cyclic"", ""legendre"": 1, ""p"": 3}]}|{""N"": 9, ""cyclic_key"": 5, ""prime"": [{""canonical_t"": 2, ""e"": 2, ""kind"": ""odd-cyclic"", ""legendre"": -1, ""p"": 3}]}","{""N"": 25, ""cyclic_key"": 3, ""prime"": [{""canonical_t"": 2, ""e"": 2, ""kind"": ""odd-cyclic"", ""legendre"": -1, ""p"": 5}]}|{""N"": 25, ""cyclic_key"": 3, ""prime"": [{""canonical_t"": 2, ""e"": 2, ""kind"": ""odd-cyclic"", ""legendre"": -1, ""p"": 5}]}|{""N"": 27, ""cyclic_key"": 1, ""prime"": [{""canonical_t"": 1, ""e"": 3, ""kind"": ""odd-cyclic"", ""legendre"": 1, ""p"": 3}]}|{""N"": 5, ""cyclic_key"": 4, ""prime"": [{""canonical_t"": 1, ""e"": 1, ""kind"": ""odd-cyclic"", ""legendre"": 1, ""p"": 5}]}|{""N"": 8, ""cyclic_key"": 3, ""prime"": [{""brown_mod8"": 3, ""canonical_t"": 3, ""e"": 3, ""kind"": ""2-cyclic-odd"", ""p"": 2}]}|{""N"": 9, ""cyclic_key"": 4, ""prime"": [{""canonical_t"": 1, ""e"": 2, ""kind"": ""odd-cyclic"", ""legendre"": 1, ""p"": 3}]}|{""N"": 9, ""cyclic_key"": 5, ""prime"": [{""canonical_t"": 2, ""e"": 2, ""kind"": ""odd-cyclic"", ""legendre"": -1, ""p"": 3}]}",True,DIRECT_SUM_SYMBOL_EXACT_FOR_ORTHOGONAL_BLOCK_PRESENTATION
189,5,"{""N"": 27, ""cyclic_key"": 1, ""prime"": [{""canonical_t"": 1, ""e"": 3, ""kind"": ""odd-cyclic"", ""legendre"": 1, ""p"": 3}]}|{""N"": 27, ""cyclic_key"": 4, ""prime"": [{""canonical_t"": 1, ""e"": 3, ""kind"": ""odd-cyclic"", ""legendre"": 1, ""p"": 3}]}|{""N"": 7, ""cyclic_key"": 1, ""prime"": [{""canonical_t"": 1, ""e"": 1, ""kind"": ""odd-cyclic"", ""legendre"": 1, ""p"": 7}]}|{""N"": 7, ""cyclic_key"": 2, ""prime"": [{""canonical_t"": 1, ""e"": 1, ""kind"": ""odd-cyclic"", ""legendre"": 1, ""p"": 7}]}|{""N"": 9, ""cyclic_key"": 4, ""prime"": [{""canonical_t"": 1, ""e"": 2, ""kind"": ""odd-cyclic"", ""legendre"": 1, ""p"": 3}]}","{""N"": 27, ""cyclic_key"": 1, ""prime"": [{""canonical_t"": 1, ""e"": 3, ""kind"": ""odd-cyclic"", ""legendre"": 1, ""p"": 3}]}|{""N"": 27, ""cyclic_key"": 4, ""prime"": [{""canonical_t"": 1, ""e"": 3, ""kind"": ""odd-cyclic"", ""legendre"": 1, ""p"": 3}]}|{""N"": 7, ""cyclic_key"": 1, ""prime"": [{""canonical_t"": 1, ""e"": 1, ""kind"": ""odd-cyclic"", ""legendre"": 1, ""p"": 7}]}|{""N"": 7, ""cyclic_key"": 2, ""prime"": [{""canonical_t"": 1, ""e"": 1, ""kind"": ""odd-cyclic"", ""legendre"": 1, ""p"": 7}]}|{""N"": 9, ""cyclic_key"": 4, ""prime"": [{""canonical_t"": 1, ""e"": 2, ""kind"": ""odd-cyclic"", ""legendre"": 1, ""p"": 3}]}",True,DIRECT_SUM_SYMBOL_EXACT_FOR_ORTHOGONAL_BLOCK_PRESENTATION
190,7,"{""N"": 16, ""cyclic_key"": 1, ""prime"": [{""brown_mod8"": 1, ""canonical_t"": 1, ""e"": 4, ""kind"": ""2-cyclic-odd"", ""p"": 2}]}|{""N"": 16, ""cyclic_key"": 3, ""prime"": [{""brown_mod8"": 3, ""canonical_t"": 3, ""e"": 4, ""kind"": ""2-cyclic-odd"", ""p"": 2}]}|{""N"": 16, ""cyclic_key"": 5, ""prime"": [{""brown_mod8"": 5, ""canonical_t"": 5, ""e"": 4, ""kind"": ""2-cyclic-odd"", ""p"": 2}]}|{""N"": 3, ""cyclic_key"": 4, ""prime"": [{""canonical_t"": 1, ""e"": 1, ""kind"": ""odd-cyclic"", ""legendre"": 1, ""p"": 3}]}|{""N"": 7, ""cyclic_key"": 1, ""prime"": [{""canonical_t"": 1, ""e"": 1, ""kind"": ""odd-cyclic"", ""legendre"": 1, ""p"": 7}]}|{""N"": 7, ""cyclic_key"": 3, ""prime"": [{""canonical_t"": 3, ""e"": 1, ""kind"": ""odd-cyclic"", ""legendre"": -1, ""p"": 7}]}|{""N"": 9, ""cyclic_key"": 2, ""prime"": [{""canonical_t"": 2, ""e"": 2, ""kind"": ""odd-cyclic"", ""legendre"": -1, ""p"": 3}]}","{""N"": 16, ""cyclic_key"": 1, ""prime"": [{""brown_mod8"": 1, ""canonical_t"": 1, ""e"": 4, ""kind"": ""2-cyclic-odd"", ""p"": 2}]}|{""N"": 16, ""cyclic_key"": 3, ""prime"": [{""brown_mod8"": 3, ""canonical_t"": 3, ""e"": 4, ""kind"": ""2-cyclic-odd"", ""p"": 2}]}|{""N"": 16, ""cyclic_key"": 5, ""prime"": [{""brown_mod8"": 5, ""canonical_t"": 5, ""e"": 4, ""kind"": ""2-cyclic-odd"", ""p"": 2}]}|{""N"": 3, ""cyclic_key"": 4, ""prime"": [{""canonical_t"": 1, ""e"": 1, ""kind"": ""odd-cyclic"", ""legendre"": 1, ""p"": 3}]}|{""N"": 7, ""cyclic_key"": 1, ""prime"": [{""canonical_t"": 1, ""e"": 1, ""kind"": ""odd-cyclic"", ""legendre"": 1, ""p"": 7}]}|{""N"": 7, ""cyclic_key"": 3, ""prime"": [{""canonical_t"": 3, ""e"": 1, ""kind"": ""odd-cyclic"", ""legendre"": -1, ""p"": 7}]}|{""N"": 9, ""cyclic_key"": 2, ""prime"": [{""canonical_t"": 2, ""e"": 2, ""kind"": ""odd-cyclic"", ""legendre"": -1, ""p"": 3}]}",True,DIRECT_SUM_SYMBOL_EXACT_FOR_ORTHOGONAL_BLOCK_PRESENTATION
191,5,"{""N"": 12, ""cyclic_key"": 1, ""prime"": [{""brown_mod8"": 1, ""canonical_t"": 1, ""e"": 2, ""kind"": ""2-cyclic-odd"", ""p"": 2}, {""canonical_t"": 1, ""e"": 1, ""kind"": ""odd-cyclic"", ""legendre"": 1, ""p"": 3}]}|{""N"": 25, ""cyclic_key"": 3, ""prime"": [{""canonical_t"": 2, ""e"": 2, ""kind"": ""odd-cyclic"", ""legendre"": -1, ""p"": 5}]}|{""N"": 27, ""cyclic_key"": 1, ""prime"": [{""canonical_t"": 1, ""e"": 3, ""kind"": ""odd-cyclic"", ""legendre"": 1, ""p"": 3}]}|{""N"": 27, ""cyclic_key"": 5, ""prime"": [{""canonical_t"": 2, ""e"": 3, ""kind"": ""odd-cyclic"", ""legendre"": -1, ""p"": 3}]}|{""N"": 5, ""cyclic_key"": 4, ""prime"": [{""canonical_t"": 1, ""e"": 1, ""kind"": ""odd-cyclic"", ""legendre"": 1, ""p"": 5}]}","{""N"": 12, ""cyclic_key"": 1, ""prime"": [{""brown_mod8"": 1, ""canonical_t"": 1, ""e"": 2, ""kind"": ""2-cyclic-odd"", ""p"": 2}, {""canonical_t"": 1, ""e"": 1, ""kind"": ""odd-cyclic"", ""legendre"": 1, ""p"": 3}]}|{""N"": 25, ""cyclic_key"": 3, ""prime"": [{""canonical_t"": 2, ""e"": 2, ""kind"": ""odd-cyclic"", ""legendre"": -1, ""p"": 5}]}|{""N"": 27, ""cyclic_key"": 1, ""prime"": [{""canonical_t"": 1, ""e"": 3, ""kind"": ""odd-cyclic"", ""legendre"": 1, ""p"": 3}]}|{""N"": 27, ""cyclic_key"": 5, ""prime"": [{""canonical_t"": 2, ""e"": 3, ""kind"": ""odd-cyclic"", ""legendre"": -1, ""p"": 3}]}|{""N"": 5, ""cyclic_key"": 4, ""prime"": [{""canonical_t"": 1, ""e"": 1, ""kind"": ""odd-cyclic"", ""legendre"": 1, ""p"": 5}]}",True,DIRECT_SUM_SYMBOL_EXACT_FOR_ORTHOGONAL_BLOCK_PRESENTATION
192,7,"{""N"": 12, ""cyclic_key"": 1, ""prime"": [{""brown_mod8"": 1, ""canonical_t"": 1, ""e"": 2, ""kind"": ""2-cyclic-odd"", ""p"": 2}, {""canonical_t"": 1, ""e"": 1, ""kind"": ""odd-cyclic"", ""legendre"": 1, ""p"": 3}]}|{""N"": 16, ""cyclic_key"": 7, ""prime"": [{""brown_mod8"": 7, ""canonical_t"": 7, ""e"": 4, ""kind"": ""2-cyclic-odd"", ""p"": 2}]}|{""N"": 25, ""cyclic_key"": 1, ""prime"": [{""canonical_t"": 1, ""e"": 2, ""kind"": ""odd-cyclic"", ""legendre"": 1, ""p"": 5}]}|{""N"": 27, ""cyclic_key"": 5, ""prime"": [{""canonical_t"": 2, ""e"": 3, ""kind"": ""odd-cyclic"", ""legendre"": -1, ""p"": 3}]}|{""N"": 5, ""cyclic_key"": 2, ""prime"": [{""canonical_t"": 2, ""e"": 1, ""kind"": ""odd-cyclic"", ""legendre"": -1, ""p"": 5}]}|{""N"": 7, ""cyclic_key"": 2, ""prime"": [{""canonical_t"": 1, ""e"": 1, ""kind"": ""odd-cyclic"", ""legendre"": 1, ""p"": 7}]}|{""N"": 7, ""cyclic_key"": 6, ""prime"": [{""canonical_t"": 3, ""e"": 1, ""kind"": ""odd-cyclic"", ""legendre"": -1, ""p"": 7}]}","{""N"": 12, ""cyclic_key"": 1, ""prime"": [{""brown_mod8"": 1, ""canonical_t"": 1, ""e"": 2, ""kind"": ""2-cyclic-odd"", ""p"": 2}, {""canonical_t"": 1, ""e"": 1, ""kind"": ""odd-cyclic"", ""legendre"": 1, ""p"": 3}]}|{""N"": 16, ""cyclic_key"": 7, ""prime"": [{""brown_mod8"": 7, ""canonical_t"": 7, ""e"": 4, ""kind"": ""2-cyclic-odd"", ""p"": 2}]}|{""N"": 25, ""cyclic_key"": 1, ""prime"": [{""canonical_t"": 1, ""e"": 2, ""kind"": ""odd-cyclic"", ""legendre"": 1, ""p"": 5}]}|{""N"": 27, ""cyclic_key"": 5, ""prime"": [{""canonical_t"": 2, ""e"": 3, ""kind"": ""odd-cyclic"", ""legendre"": -1, ""p"": 3}]}|{""N"": 5, ""cyclic_key"": 2, ""prime"": [{""canonical_t"": 2, ""e"": 1, ""kind"": ""odd-cyclic"", ""legendre"": -1, ""p"": 5}]}|{""N"": 7, ""cyclic_key"": 2, ""prime"": [{""canonical_t"": 1, ""e"": 1, ""kind"": ""odd-cyclic"", ""legendre"": 1, ""p"": 7}]}|{""N"": 7, ""cyclic_key"": 6, ""prime"": [{""canonical_t"": 3, ""e"": 1, ""kind"": ""odd-cyclic"", ""legendre"": -1, ""p"": 7}]}",True,DIRECT_SUM_SYMBOL_EXACT_FOR_ORTHOGONAL_BLOCK_PRESENTATION
193,4,"{""N"": 25, ""cyclic_key"": 3, ""prime"": [{""canonical_t"": 2, ""e"": 2, ""kind"": ""odd-cyclic"", ""legendre"": -1, ""p"": 5}]}|{""N"": 5, ""cyclic_key"": 2, ""prime"": [{""canonical_t"": 2, ""e"": 1, ""kind"": ""odd-cyclic"", ""legendre"": -1, ""p"": 5}]}|{""N"": 5, ""cyclic_key"": 3, ""prime"": [{""canonical_t"": 2, ""e"": 1, ""kind"": ""odd-cyclic"", ""legendre"": -1, ""p"": 5}]}|{""N"": 7, ""cyclic_key"": 6, ""prime"": [{""canonical_t"": 3, ""e"": 1, ""kind"": ""odd-cyclic"", ""legendre"": -1, ""p"": 7}]}","{""N"": 25, ""cyclic_key"": 3, ""prime"": [{""canonical_t"": 2, ""e"": 2, ""kind"": ""odd-cyclic"", ""legendre"": -1, ""p"": 5}]}|{""N"": 5, ""cyclic_key"": 2, ""prime"": [{""canonical_t"": 2, ""e"": 1, ""kind"": ""odd-cyclic"", ""legendre"": -1, ""p"": 5}]}|{""N"": 5, ""cyclic_key"": 3, ""prime"": [{""canonical_t"": 2, ""e"": 1, ""kind"": ""odd-cyclic"", ""legendre"": -1, ""p"": 5}]}|{""N"": 7, ""cyclic_key"": 6, ""prime"": [{""canonical_t"": 3, ""e"": 1, ""kind"": ""odd-cyclic"", ""legendre"": -1, ""p"": 7}]}",True,DIRECT_SUM_SYMBOL_EXACT_FOR_ORTHOGONAL_BLOCK_PRESENTATION
194,7,"{""N"": 12, ""cyclic_key"": 13, ""prime"": [{""brown_mod8"": 5, ""canonical_t"": 5, ""e"": 2, ""kind"": ""2-cyclic-odd"", ""p"": 2}, {""canonical_t"": 1, ""e"": 1, ""kind"": ""odd-cyclic"", ""legendre"": 1, ""p"": 3}]}|{""N"": 16, ""cyclic_key"": 3, ""prime"": [{""brown_mod8"": 3, ""canonical_t"": 3, ""e"": 4, ""kind"": ""2-cyclic-odd"", ""p"": 2}]}|{""N"": 25, ""cyclic_key"": 2, ""prime"": [{""canonical_t"": 2, ""e"": 2, ""kind"": ""odd-cyclic"", ""legendre"": -1, ""p"": 5}]}|{""N"": 3, ""cyclic_key"": 4, ""prime"": [{""canonical_t"": 1, ""e"": 1, ""kind"": ""odd-cyclic"", ""legendre"": 1, ""p"": 3}]}|{""N"": 3, ""cyclic_key"": 5, ""prime"": [{""canonical_t"": 2, ""e"": 1, ""kind"": ""odd-cyclic"", ""legendre"": -1, ""p"": 3}]}|{""N"": 3, ""cyclic_key"": 5, ""prime"": [{""canonical_t"": 2, ""e"": 1, ""kind"": ""odd-cyclic"", ""legendre"": -1, ""p"": 3}]}|{""N"": 7, ""cyclic_key"": 3, ""prime"": [{""canonical_t"": 3, ""e"": 1, ""kind"": ""odd-cyclic"", ""legendre"": -1, ""p"": 7}]}","{""N"": 12, ""cyclic_key"": 13, ""prime"": [{""brown_mod8"": 5, ""canonical_t"": 5, ""e"": 2, ""kind"": ""2-cyclic-odd"", ""p"": 2}, {""canonical_t"": 1, ""e"": 1, ""kind"": ""odd-cyclic"", ""legendre"": 1, ""p"": 3}]}|{""N"": 16, ""cyclic_key"": 3, ""prime"": [{""brown_mod8"": 3, ""canonical_t"": 3, ""e"": 4, ""kind"": ""2-cyclic-odd"", ""p"": 2}]}|{""N"": 25, ""cyclic_key"": 2, ""prime"": [{""canonical_t"": 2, ""e"": 2, ""kind"": ""odd-cyclic"", ""legendre"": -1, ""p"": 5}]}|{""N"": 3, ""cyclic_key"": 4, ""prime"": [{""canonical_t"": 1, ""e"": 1, ""kind"": ""odd-cyclic"", ""legendre"": 1, ""p"": 3}]}|{""N"": 3, ""cyclic_key"": 5, ""prime"": [{""canonical_t"": 2, ""e"": 1, ""kind"": ""odd-cyclic"", ""legendre"": -1, ""p"": 3}]}|{""N"": 3, ""cyclic_key"": 5, ""prime"": [{""canonical_t"": 2, ""e"": 1, ""kind"": ""odd-cyclic"", ""legendre"": -1, ""p"": 3}]}|{""N"": 7, ""cyclic_key"": 3, ""prime"": [{""canonical_t"": 3, ""e"": 1, ""kind"": ""odd-cyclic"", ""legendre"": -1, ""p"": 7}]}",True,DIRECT_SUM_SYMBOL_EXACT_FOR_ORTHOGONAL_BLOCK_PRESENTATION
195,3,"{""N"": 16, ""cyclic_key"": 1, ""prime"": [{""brown_mod8"": 1, ""canonical_t"": 1, ""e"": 4, ""kind"": ""2-cyclic-odd"", ""p"": 2}]}|{""N"": 7, ""cyclic_key"": 2, ""prime"": [{""canonical_t"": 1, ""e"": 1, ""kind"": ""odd-cyclic"", ""legendre"": 1, ""p"": 7}]}|{""N"": 7, ""cyclic_key"": 6, ""prime"": [{""canonical_t"": 3, ""e"": 1, ""kind"": ""odd-cyclic"", ""legendre"": -1, ""p"": 7}]}","{""N"": 16, ""cyclic_key"": 1, ""prime"": [{""brown_mod8"": 1, ""canonical_t"": 1, ""e"": 4, ""kind"": ""2-cyclic-odd"", ""p"": 2}]}|{""N"": 7, ""cyclic_key"": 2, ""prime"": [{""canonical_t"": 1, ""e"": 1, ""kind"": ""odd-cyclic"", ""legendre"": 1, ""p"": 7}]}|{""N"": 7, ""cyclic_key"": 6, ""prime"": [{""canonical_t"": 3, ""e"": 1, ""kind"": ""odd-cyclic"", ""legendre"": -1, ""p"": 7}]}",True,DIRECT_SUM_SYMBOL_EXACT_FOR_ORTHOGONAL_BLOCK_PRESENTATION
196,5,"{""N"": 12, ""cyclic_key"": 17, ""prime"": [{""brown_mod8"": 1, ""canonical_t"": 1, ""e"": 2, ""kind"": ""2-cyclic-odd"", ""p"": 2}, {""canonical_t"": 2, ""e"": 1, ""kind"": ""odd-cyclic"", ""legendre"": -1, ""p"": 3}]}|{""N"": 16, ""cyclic_key"": 1, ""prime"": [{""brown_mod8"": 1, ""canonical_t"": 1, ""e"": 4, ""kind"": ""2-cyclic-odd"", ""p"": 2}]}|{""N"": 16, ""cyclic_key"": 1, ""prime"": [{""brown_mod8"": 1, ""canonical_t"": 1, ""e"": 4, ""kind"": ""2-cyclic-odd"", ""p"": 2}]}|{""N"": 27, ""cyclic_key"": 2, ""prime"": [{""canonical_t"": 2, ""e"": 3, ""kind"": ""odd-cyclic"", ""legendre"": -1, ""p"": 3}]}|{""N"": 32, ""cyclic_key"": 3, ""prime"": [{""brown_mod8"": 3, ""canonical_t"": 3, ""e"": 5, ""kind"": ""2-cyclic-odd"", ""p"": 2}]}","{""N"": 12, ""cyclic_key"": 17, ""prime"": [{""brown_mod8"": 1, ""canonical_t"": 1, ""e"": 2, ""kind"": ""2-cyclic-odd"", ""p"": 2}, {""canonical_t"": 2, ""e"": 1, ""kind"": ""odd-cyclic"", ""legendre"": -1, ""p"": 3}]}|{""N"": 16, ""cyclic_key"": 1, ""prime"": [{""brown_mod8"": 1, ""canonical_t"": 1, ""e"": 4, ""kind"": ""2-cyclic-odd"", ""p"": 2}]}|{""N"": 16, ""cyclic_key"": 1, ""prime"": [{""brown_mod8"": 1, ""canonical_t"": 1, ""e"": 4, ""kind"": ""2-cyclic-odd"", ""p"": 2}]}|{""N"": 27, ""cyclic_key"": 2, ""prime"": [{""canonical_t"": 2, ""e"": 3, ""kind"": ""odd-cyclic"", ""legendre"": -1, ""p"": 3}]}|{""N"": 32, ""cyclic_key"": 3, ""prime"": [{""brown_mod8"": 3, ""canonical_t"": 3, ""e"": 5, ""kind"": ""2-cyclic-odd"", ""p"": 2}]}",True,DIRECT_SUM_SYMBOL_EXACT_FOR_ORTHOGONAL_BLOCK_PRESENTATION
197,7,"{""N"": 25, ""cyclic_key"": 2, ""prime"": [{""canonical_t"": 2, ""e"": 2, ""kind"": ""odd-cyclic"", ""legendre"": -1, ""p"": 5}]}|{""N"": 27, ""cyclic_key"": 5, ""prime"": [{""canonical_t"": 2, ""e"": 3, ""kind"": ""odd-cyclic"", ""legendre"": -1, ""p"": 3}]}|{""N"": 32, ""cyclic_key"": 3, ""prime"": [{""brown_mod8"": 3, ""canonical_t"": 3, ""e"": 5, ""kind"": ""2-cyclic-odd"", ""p"": 2}]}|{""N"": 4, ""cyclic_key"": 7, ""prime"": [{""brown_mod8"": 7, ""canonical_t"": 7, ""e"": 2, ""kind"": ""2-cyclic-odd"", ""p"": 2}]}|{""N"": 5, ""cyclic_key"": 1, ""prime"": [{""canonical_t"": 1, ""e"": 1, ""kind"": ""odd-cyclic"", ""legendre"": 1, ""p"": 5}]}|{""N"": 5, ""cyclic_key"": 3, ""prime"": [{""canonical_t"": 2, ""e"": 1, ""kind"": ""odd-cyclic"", ""legendre"": -1, ""p"": 5}]}|{""N"": 9, ""cyclic_key"": 2, ""prime"": [{""canonical_t"": 2, ""e"": 2, ""kind"": ""odd-cyclic"", ""legendre"": -1, ""p"": 3}]}","{""N"": 25, ""cyclic_key"": 2, ""prime"": [{""canonical_t"": 2, ""e"": 2, ""kind"": ""odd-cyclic"", ""legendre"": -1, ""p"": 5}]}|{""N"": 27, ""cyclic_key"": 5, ""prime"": [{""canonical_t"": 2, ""e"": 3, ""kind"": ""odd-cyclic"", ""legendre"": -1, ""p"": 3}]}|{""N"": 32, ""cyclic_key"": 3, ""prime"": [{""brown_mod8"": 3, ""canonical_t"": 3, ""e"": 5, ""kind"": ""2-cyclic-odd"", ""p"": 2}]}|{""N"": 4, ""cyclic_key"": 7, ""prime"": [{""brown_mod8"": 7, ""canonical_t"": 7, ""e"": 2, ""kind"": ""2-cyclic-odd"", ""p"": 2}]}|{""N"": 5, ""cyclic_key"": 1, ""prime"": [{""canonical_t"": 1, ""e"": 1, ""kind"": ""odd-cyclic"", ""legendre"": 1, ""p"": 5}]}|{""N"": 5, ""cyclic_key"": 3, ""prime"": [{""canonical_t"": 2, ""e"": 1, ""kind"": ""odd-cyclic"", ""legendre"": -1, ""p"": 5}]}|{""N"": 9, ""cyclic_key"": 2, ""prime"": [{""canonical_t"": 2, ""e"": 2, ""kind"": ""odd-cyclic"", ""legendre"": -1, ""p"": 3}]}",True,DIRECT_SUM_SYMBOL_EXACT_FOR_ORTHOGONAL_BLOCK_PRESENTATION
198,3,"{""N"": 16, ""cyclic_key"": 3, ""prime"": [{""brown_mod8"": 3, ""canonical_t"": 3, ""e"": 4, ""kind"": ""2-cyclic-odd"", ""p"": 2}]}|{""N"": 27, ""cyclic_key"": 5, ""prime"": [{""canonical_t"": 2, ""e"": 3, ""kind"": ""odd-cyclic"", ""legendre"": -1, ""p"": 3}]}|{""N"": 32, ""cyclic_key"": 1, ""prime"": [{""brown_mod8"": 1, ""canonical_t"": 1, ""e"": 5, ""kind"": ""2-cyclic-odd"", ""p"": 2}]}","{""N"": 16, ""cyclic_key"": 3, ""prime"": [{""brown_mod8"": 3, ""canonical_t"": 3, ""e"": 4, ""kind"": ""2-cyclic-odd"", ""p"": 2}]}|{""N"": 27, ""cyclic_key"": 5, ""prime"": [{""canonical_t"": 2, ""e"": 3, ""kind"": ""odd-cyclic"", ""legendre"": -1, ""p"": 3}]}|{""N"": 32, ""cyclic_key"": 1, ""prime"": [{""brown_mod8"": 1, ""canonical_t"": 1, ""e"": 5, ""kind"": ""2-cyclic-odd"", ""p"": 2}]}",True,DIRECT_SUM_SYMBOL_EXACT_FOR_ORTHOGONAL_BLOCK_PRESENTATION
199,4,"{""N"": 12, ""cyclic_key"": 17, ""prime"": [{""brown_mod8"": 1, ""canonical_t"": 1, ""e"": 2, ""kind"": ""2-cyclic-odd"", ""p"": 2}, {""canonical_t"": 2, ""e"": 1, ""kind"": ""odd-cyclic"", ""legendre"": -1, ""p"": 3}]}|{""N"": 3, ""cyclic_key"": 4, ""prime"": [{""canonical_t"": 1, ""e"": 1, ""kind"": ""odd-cyclic"", ""legendre"": 1, ""p"": 3}]}|{""N"": 32, ""cyclic_key"": 1, ""prime"": [{""brown_mod8"": 1, ""canonical_t"": 1, ""e"": 5, ""kind"": ""2-cyclic-odd"", ""p"": 2}]}|{""N"": 7, ""cyclic_key"": 6, ""prime"": [{""canonical_t"": 3, ""e"": 1, ""kind"": ""odd-cyclic"", ""legendre"": -1, ""p"": 7}]}","{""N"": 12, ""cyclic_key"": 17, ""prime"": [{""brown_mod8"": 1, ""canonical_t"": 1, ""e"": 2, ""kind"": ""2-cyclic-odd"", ""p"": 2}, {""canonical_t"": 2, ""e"": 1, ""kind"": ""odd-cyclic"", ""legendre"": -1, ""p"": 3}]}|{""N"": 3, ""cyclic_key"": 4, ""prime"": [{""canonical_t"": 1, ""e"": 1, ""kind"": ""odd-cyclic"", ""legendre"": 1, ""p"": 3}]}|{""N"": 32, ""cyclic_key"": 1, ""prime"": [{""brown_mod8"": 1, ""canonical_t"": 1, ""e"": 5, ""kind"": ""2-cyclic-odd"", ""p"": 2}]}|{""N"": 7, ""cyclic_key"": 6, ""prime"": [{""canonical_t"": 3, ""e"": 1, ""kind"": ""odd-cyclic"", ""legendre"": -1, ""p"": 7}]}",True,DIRECT_SUM_SYMBOL_EXACT_FOR_ORTHOGONAL_BLOCK_PRESENTATION
200,5,"{""N"": 32, ""cyclic_key"": 1, ""prime"": [{""brown_mod8"": 1, ""canonical_t"": 1, ""e"": 5, ""kind"": ""2-cyclic-odd"", ""p"": 2}]}|{""N"": 5, ""cyclic_key"": 1, ""prime"": [{""canonical_t"": 1, ""e"": 1, ""kind"": ""odd-cyclic"", ""legendre"": 1, ""p"": 5}]}|{""N"": 7, ""cyclic_key"": 1, ""prime"": [{""canonical_t"": 1, ""e"": 1, ""kind"": ""odd-cyclic"", ""legendre"": 1, ""p"": 7}]}|{""N"": 9, ""cyclic_key"": 1, ""prime"": [{""canonical_t"": 1, ""e"": 2, ""kind"": ""odd-cyclic"", ""legendre"": 1, ""p"": 3}]}|{""N"": 9, ""cyclic_key"": 5, ""prime"": [{""canonical_t"": 2, ""e"": 2, ""kind"": ""odd-cyclic"", ""legendre"": -1, ""p"": 3}]}","{""N"": 32, ""cyclic_key"": 1, ""prime"": [{""brown_mod8"": 1, ""canonical_t"": 1, ""e"": 5, ""kind"": ""2-cyclic-odd"", ""p"": 2}]}|{""N"": 5, ""cyclic_key"": 1, ""prime"": [{""canonical_t"": 1, ""e"": 1, ""kind"": ""odd-cyclic"", ""legendre"": 1, ""p"": 5}]}|{""N"": 7, ""cyclic_key"": 1, ""prime"": [{""canonical_t"": 1, ""e"": 1, ""kind"": ""odd-cyclic"", ""legendre"": 1, ""p"": 7}]}|{""N"": 9, ""cyclic_key"": 1, ""prime"": [{""canonical_t"": 1, ""e"": 2, ""kind"": ""odd-cyclic"", ""legendre"": 1, ""p"": 3}]}|{""N"": 9, ""cyclic_key"": 5, ""prime"": [{""canonical_t"": 2, ""e"": 2, ""kind"": ""odd-cyclic"", ""legendre"": -1, ""p"": 3}]}",True,DIRECT_SUM_SYMBOL_EXACT_FOR_ORTHOGONAL_BLOCK_PRESENTATION
201,2,"{""N"": 32, ""cyclic_key"": 5, ""prime"": [{""brown_mod8"": 5, ""canonical_t"": 5, ""e"": 5, ""kind"": ""2-cyclic-odd"", ""p"": 2}]}|{""N"": 32, ""cyclic_key"": 7, ""prime"": [{""brown_mod8"": 7, ""canonical_t"": 7, ""e"": 5, ""kind"": ""2-cyclic-odd"", ""p"": 2}]}","{""N"": 32, ""cyclic_key"": 5, ""prime"": [{""brown_mod8"": 5, ""canonical_t"": 5, ""e"": 5, ""kind"": ""2-cyclic-odd"", ""p"": 2}]}|{""N"": 32, ""cyclic_key"": 7, ""prime"": [{""brown_mod8"": 7, ""canonical_t"": 7, ""e"": 5, ""kind"": ""2-cyclic-odd"", ""p"": 2}]}",True,DIRECT_SUM_SYMBOL_EXACT_FOR_ORTHOGONAL_BLOCK_PRESENTATION
202,2,"{""N"": 7, ""cyclic_key"": 1, ""prime"": [{""canonical_t"": 1, ""e"": 1, ""kind"": ""odd-cyclic"", ""legendre"": 1, ""p"": 7}]}|{""N"": 8, ""cyclic_key"": 5, ""prime"": [{""brown_mod8"": 5, ""canonical_t"": 5, ""e"": 3, ""kind"": ""2-cyclic-odd"", ""p"": 2}]}","{""N"": 7, ""cyclic_key"": 1, ""prime"": [{""canonical_t"": 1, ""e"": 1, ""kind"": ""odd-cyclic"", ""legendre"": 1, ""p"": 7}]}|{""N"": 8, ""cyclic_key"": 5, ""prime"": [{""brown_mod8"": 5, ""canonical_t"": 5, ""e"": 3, ""kind"": ""2-cyclic-odd"", ""p"": 2}]}",True,DIRECT_SUM_SYMBOL_EXACT_FOR_ORTHOGONAL_BLOCK_PRESENTATION
203,7,"{""N"": 25, ""cyclic_key"": 1, ""prime"": [{""canonical_t"": 1, ""e"": 2, ""kind"": ""odd-cyclic"", ""legendre"": 1, ""p"": 5}]}|{""N"": 25, ""cyclic_key"": 2, ""prime"": [{""canonical_t"": 2, ""e"": 2, ""kind"": ""odd-cyclic"", ""legendre"": -1, ""p"": 5}]}|{""N"": 27, ""cyclic_key"": 2, ""prime"": [{""canonical_t"": 2, ""e"": 3, ""kind"": ""odd-cyclic"", ""legendre"": -1, ""p"": 3}]}|{""N"": 32, ""cyclic_key"": 3, ""prime"": [{""brown_mod8"": 3, ""canonical_t"": 3, ""e"": 5, ""kind"": ""2-cyclic-odd"", ""p"": 2}]}|{""N"": 5, ""cyclic_key"": 2, ""prime"": [{""canonical_t"": 2, ""e"": 1, ""kind"": ""odd-cyclic"", ""legendre"": -1, ""p"": 5}]}|{""N"": 7, ""cyclic_key"": 3, ""prime"": [{""canonical_t"": 3, ""e"": 1, ""kind"": ""odd-cyclic"", ""legendre"": -1, ""p"": 7}]}|{""N"": 7, ""cyclic_key"": 3, ""prime"": [{""canonical_t"": 3, ""e"": 1, ""kind"": ""odd-cyclic"", ""legendre"": -1, ""p"": 7}]}","{""N"": 25, ""cyclic_key"": 1, ""prime"": [{""canonical_t"": 1, ""e"": 2, ""kind"": ""odd-cyclic"", ""legendre"": 1, ""p"": 5}]}|{""N"": 25, ""cyclic_key"": 2, ""prime"": [{""canonical_t"": 2, ""e"": 2, ""kind"": ""odd-cyclic"", ""legendre"": -1, ""p"": 5}]}|{""N"": 27, ""cyclic_key"": 2, ""prime"": [{""canonical_t"": 2, ""e"": 3, ""kind"": ""odd-cyclic"", ""legendre"": -1, ""p"": 3}]}|{""N"": 32, ""cyclic_key"": 3, ""prime"": [{""brown_mod8"": 3, ""canonical_t"": 3, ""e"": 5, ""kind"": ""2-cyclic-odd"", ""p"": 2}]}|{""N"": 5, ""cyclic_key"": 2, ""prime"": [{""canonical_t"": 2, ""e"": 1, ""kind"": ""odd-cyclic"", ""legendre"": -1, ""p"": 5}]}|{""N"": 7, ""cyclic_key"": 3, ""prime"": [{""canonical_t"": 3, ""e"": 1, ""kind"": ""odd-cyclic"", ""legendre"": -1, ""p"": 7}]}|{""N"": 7, ""cyclic_key"": 3, ""prime"": [{""canonical_t"": 3, ""e"": 1, ""kind"": ""odd-cyclic"", ""legendre"": -1, ""p"": 7}]}",True,DIRECT_SUM_SYMBOL_EXACT_FOR_ORTHOGONAL_BLOCK_PRESENTATION
204,6,"{""N"": 32, ""cyclic_key"": 5, ""prime"": [{""brown_mod8"": 5, ""canonical_t"": 5, ""e"": 5, ""kind"": ""2-cyclic-odd"", ""p"": 2}]}|{""N"": 7, ""cyclic_key"": 2, ""prime"": [{""canonical_t"": 1, ""e"": 1, ""kind"": ""odd-cyclic"", ""legendre"": 1, ""p"": 7}]}|{""N"": 7, ""cyclic_key"": 6, ""prime"": [{""canonical_t"": 3, ""e"": 1, ""kind"": ""odd-cyclic"", ""legendre"": -1, ""p"": 7}]}|{""N"": 7, ""cyclic_key"": 6, ""prime"": [{""canonical_t"": 3, ""e"": 1, ""kind"": ""odd-cyclic"", ""legendre"": -1, ""p"": 7}]}|{""N"": 8, ""cyclic_key"": 3, ""prime"": [{""brown_mod8"": 3, ""canonical_t"": 3, ""e"": 3, ""kind"": ""2-cyclic-odd"", ""p"": 2}]}|{""N"": 9, ""cyclic_key"": 2, ""prime"": [{""canonical_t"": 2, ""e"": 2, ""kind"": ""odd-cyclic"", ""legendre"": -1, ""p"": 3}]}","{""N"": 32, ""cyclic_key"": 5, ""prime"": [{""brown_mod8"": 5, ""canonical_t"": 5, ""e"": 5, ""kind"": ""2-cyclic-odd"", ""p"": 2}]}|{""N"": 7, ""cyclic_key"": 2, ""prime"": [{""canonical_t"": 1, ""e"": 1, ""kind"": ""odd-cyclic"", ""legendre"": 1, ""p"": 7}]}|{""N"": 7, ""cyclic_key"": 6, ""prime"": [{""canonical_t"": 3, ""e"": 1, ""kind"": ""odd-cyclic"", ""legendre"": -1, ""p"": 7}]}|{""N"": 7, ""cyclic_key"": 6, ""prime"": [{""canonical_t"": 3, ""e"": 1, ""kind"": ""odd-cyclic"", ""legendre"": -1, ""p"": 7}]}|{""N"": 8, ""cyclic_key"": 3, ""prime"": [{""brown_mod8"": 3, ""canonical_t"": 3, ""e"": 3, ""kind"": ""2-cyclic-odd"", ""p"": 2}]}|{""N"": 9, ""cyclic_key"": 2, ""prime"": [{""canonical_t"": 2, ""e"": 2, ""kind"": ""odd-cyclic"", ""legendre"": -1, ""p"": 3}]}",True,DIRECT_SUM_SYMBOL_EXACT_FOR_ORTHOGONAL_BLOCK_PRESENTATION
205,4,"{""N"": 27, ""cyclic_key"": 2, ""prime"": [{""canonical_t"": 2, ""e"": 3, ""kind"": ""odd-cyclic"", ""legendre"": -1, ""p"": 3}]}|{""N"": 27, ""cyclic_key"": 4, ""prime"": [{""canonical_t"": 1, ""e"": 3, ""kind"": ""odd-cyclic"", ""legendre"": 1, ""p"": 3}]}|{""N"": 7, ""cyclic_key"": 6, ""prime"": [{""canonical_t"": 3, ""e"": 1, ""kind"": ""odd-cyclic"", ""legendre"": -1, ""p"": 7}]}|{""N"": 8, ""cyclic_key"": 7, ""prime"": [{""brown_mod8"": 7, ""canonical_t"": 7, ""e"": 3, ""kind"": ""2-cyclic-odd"", ""p"": 2}]}","{""N"": 27, ""cyclic_key"": 2, ""prime"": [{""canonical_t"": 2, ""e"": 3, ""kind"": ""odd-cyclic"", ""legendre"": -1, ""p"": 3}]}|{""N"": 27, ""cyclic_key"": 4, ""prime"": [{""canonical_t"": 1, ""e"": 3, ""kind"": ""odd-cyclic"", ""legendre"": 1, ""p"": 3}]}|{""N"": 7, ""cyclic_key"": 6, ""prime"": [{""canonical_t"": 3, ""e"": 1, ""kind"": ""odd-cyclic"", ""legendre"": -1, ""p"": 7}]}|{""N"": 8, ""cyclic_key"": 7, ""prime"": [{""brown_mod8"": 7, ""canonical_t"": 7, ""e"": 3, ""kind"": ""2-cyclic-odd"", ""p"": 2}]}",True,DIRECT_SUM_SYMBOL_EXACT_FOR_ORTHOGONAL_BLOCK_PRESENTATION
206,2,"{""N"": 12, ""cyclic_key"": 1, ""prime"": [{""brown_mod8"": 1, ""canonical_t"": 1, ""e"": 2, ""kind"": ""2-cyclic-odd"", ""p"": 2}, {""canonical_t"": 1, ""e"": 1, ""kind"": ""odd-cyclic"", ""legendre"": 1, ""p"": 3}]}|{""N"": 8, ""cyclic_key"": 5, ""prime"": [{""brown_mod8"": 5, ""canonical_t"": 5, ""e"": 3, ""kind"": ""2-cyclic-odd"", ""p"": 2}]}","{""N"": 12, ""cyclic_key"": 1, ""prime"": [{""brown_mod8"": 1, ""canonical_t"": 1, ""e"": 2, ""kind"": ""2-cyclic-odd"", ""p"": 2}, {""canonical_t"": 1, ""e"": 1, ""kind"": ""odd-cyclic"", ""legendre"": 1, ""p"": 3}]}|{""N"": 8, ""cyclic_key"": 5, ""prime"": [{""brown_mod8"": 5, ""canonical_t"": 5, ""e"": 3, ""kind"": ""2-cyclic-odd"", ""p"": 2}]}",True,DIRECT_SUM_SYMBOL_EXACT_FOR_ORTHOGONAL_BLOCK_PRESENTATION
207,5,"{""N"": 2, ""cyclic_key"": 3, ""prime"": [{""brown_mod8"": 3, ""canonical_t"": 3, ""e"": 1, ""kind"": ""2-cyclic-odd"", ""p"": 2}]}|{""N"": 25, ""cyclic_key"": 4, ""prime"": [{""canonical_t"": 1, ""e"": 2, ""kind"": ""odd-cyclic"", ""legendre"": 1, ""p"": 5}]}|{""N"": 3, ""cyclic_key"": 2, ""prime"": [{""canonical_t"": 2, ""e"": 1, ""kind"": ""odd-cyclic"", ""legendre"": -1, ""p"": 3}]}|{""N"": 4, ""cyclic_key"": 5, ""prime"": [{""brown_mod8"": 5, ""canonical_t"": 5, ""e"": 2, ""kind"": ""2-cyclic-odd"", ""p"": 2}]}|{""N"": 7, ""cyclic_key"": 3, ""prime"": [{""canonical_t"": 3, ""e"": 1, ""kind"": ""odd-cyclic"", ""legendre"": -1, ""p"": 7}]}","{""N"": 2, ""cyclic_key"": 3, ""prime"": [{""brown_mod8"": 3, ""canonical_t"": 3, ""e"": 1, ""kind"": ""2-cyclic-odd"", ""p"": 2}]}|{""N"": 25, ""cyclic_key"": 4, ""prime"": [{""canonical_t"": 1, ""e"": 2, ""kind"": ""odd-cyclic"", ""legendre"": 1, ""p"": 5}]}|{""N"": 3, ""cyclic_key"": 2, ""prime"": [{""canonical_t"": 2, ""e"": 1, ""kind"": ""odd-cyclic"", ""legendre"": -1, ""p"": 3}]}|{""N"": 4, ""cyclic_key"": 5, ""prime"": [{""brown_mod8"": 5, ""canonical_t"": 5, ""e"": 2, ""kind"": ""2-cyclic-odd"", ""p"": 2}]}|{""N"": 7, ""cyclic_key"": 3, ""prime"": [{""canonical_t"": 3, ""e"": 1, ""kind"": ""odd-cyclic"", ""legendre"": -1, ""p"": 7}]}",True,DIRECT_SUM_SYMBOL_EXACT_FOR_ORTHOGONAL_BLOCK_PRESENTATION
208,6,"{""N"": 16, ""cyclic_key"": 5, ""prime"": [{""brown_mod8"": 5, ""canonical_t"": 5, ""e"": 4, ""kind"": ""2-cyclic-odd"", ""p"": 2}]}|{""N"": 2, ""cyclic_key"": 1, ""prime"": [{""brown_mod8"": 1, ""canonical_t"": 1, ""e"": 1, ""kind"": ""2-cyclic-odd"", ""p"": 2}]}|{""N"": 25, ""cyclic_key"": 3, ""prime"": [{""canonical_t"": 2, ""e"": 2, ""kind"": ""odd-cyclic"", ""legendre"": -1, ""p"": 5}]}|{""N"": 25, ""cyclic_key"": 3, ""prime"": [{""canonical_t"": 2, ""e"": 2, ""kind"": ""odd-cyclic"", ""legendre"": -1, ""p"": 5}]}|{""N"": 9, ""cyclic_key"": 4, ""prime"": [{""canonical_t"": 1, ""e"": 2, ""kind"": ""odd-cyclic"", ""legendre"": 1, ""p"": 3}]}|{""N"": 9, ""cyclic_key"": 4, ""prime"": [{""canonical_t"": 1, ""e"": 2, ""kind"": ""odd-cyclic"", ""legendre"": 1, ""p"": 3}]}","{""N"": 16, ""cyclic_key"": 5, ""prime"": [{""brown_mod8"": 5, ""canonical_t"": 5, ""e"": 4, ""kind"": ""2-cyclic-odd"", ""p"": 2}]}|{""N"": 2, ""cyclic_key"": 1, ""prime"": [{""brown_mod8"": 1, ""canonical_t"": 1, ""e"": 1, ""kind"": ""2-cyclic-odd"", ""p"": 2}]}|{""N"": 25, ""cyclic_key"": 3, ""prime"": [{""canonical_t"": 2, ""e"": 2, ""kind"": ""odd-cyclic"", ""legendre"": -1, ""p"": 5}]}|{""N"": 25, ""cyclic_key"": 3, ""prime"": [{""canonical_t"": 2, ""e"": 2, ""kind"": ""odd-cyclic"", ""legendre"": -1, ""p"": 5}]}|{""N"": 9, ""cyclic_key"": 4, ""prime"": [{""canonical_t"": 1, ""e"": 2, ""kind"": ""odd-cyclic"", ""legendre"": 1, ""p"": 3}]}|{""N"": 9, ""cyclic_key"": 4, ""prime"": [{""canonical_t"": 1, ""e"": 2, ""kind"": ""odd-cyclic"", ""legendre"": 1, ""p"": 3}]}",True,DIRECT_SUM_SYMBOL_EXACT_FOR_ORTHOGONAL_BLOCK_PRESENTATION
209,2,"{""N"": 27, ""cyclic_key"": 5, ""prime"": [{""canonical_t"": 2, ""e"": 3, ""kind"": ""odd-cyclic"", ""legendre"": -1, ""p"": 3}]}|{""N"": 7, ""cyclic_key"": 3, ""prime"": [{""canonical_t"": 3, ""e"": 1, ""kind"": ""odd-cyclic"", ""legendre"": -1, ""p"": 7}]}","{""N"": 27, ""cyclic_key"": 5, ""prime"": [{""canonical_t"": 2, ""e"": 3, ""kind"": ""odd-cyclic"", ""legendre"": -1, ""p"": 3}]}|{""N"": 7, ""cyclic_key"": 3, ""prime"": [{""canonical_t"": 3, ""e"": 1, ""kind"": ""odd-cyclic"", ""legendre"": -1, ""p"": 7}]}",True,DIRECT_SUM_SYMBOL_EXACT_FOR_ORTHOGONAL_BLOCK_PRESENTATION
210,4,"{""N"": 16, ""cyclic_key"": 3, ""prime"": [{""brown_mod8"": 3, ""canonical_t"": 3, ""e"": 4, ""kind"": ""2-cyclic-odd"", ""p"": 2}]}|{""N"": 25, ""cyclic_key"": 1, ""prime"": [{""canonical_t"": 1, ""e"": 2, ""kind"": ""odd-cyclic"", ""legendre"": 1, ""p"": 5}]}|{""N"": 27, ""cyclic_key"": 1, ""prime"": [{""canonical_t"": 1, ""e"": 3, ""kind"": ""odd-cyclic"", ""legendre"": 1, ""p"": 3}]}|{""N"": 8, ""cyclic_key"": 1, ""prime"": [{""brown_mod8"": 1, ""canonical_t"": 1, ""e"": 3, ""kind"": ""2-cyclic-odd"", ""p"": 2}]}","{""N"": 16, ""cyclic_key"": 3, ""prime"": [{""brown_mod8"": 3, ""canonical_t"": 3, ""e"": 4, ""kind"": ""2-cyclic-odd"", ""p"": 2}]}|{""N"": 25, ""cyclic_key"": 1, ""prime"": [{""canonical_t"": 1, ""e"": 2, ""kind"": ""odd-cyclic"", ""legendre"": 1, ""p"": 5}]}|{""N"": 27, ""cyclic_key"": 1, ""prime"": [{""canonical_t"": 1, ""e"": 3, ""kind"": ""odd-cyclic"", ""legendre"": 1, ""p"": 3}]}|{""N"": 8, ""cyclic_key"": 1, ""prime"": [{""brown_mod8"": 1, ""canonical_t"": 1, ""e"": 3, ""kind"": ""2-cyclic-odd"", ""p"": 2}]}",True,DIRECT_SUM_SYMBOL_EXACT_FOR_ORTHOGONAL_BLOCK_PRESENTATION
211,5,"{""N"": 12, ""cyclic_key"": 1, ""prime"": [{""brown_mod8"": 1, ""canonical_t"": 1, ""e"": 2, ""kind"": ""2-cyclic-odd"", ""p"": 2}, {""canonical_t"": 1, ""e"": 1, ""kind"": ""odd-cyclic"", ""legendre"": 1, ""p"": 3}]}|{""N"": 27, ""cyclic_key"": 2, ""prime"": [{""canonical_t"": 2, ""e"": 3, ""kind"": ""odd-cyclic"", ""legendre"": -1, ""p"": 3}]}|{""N"": 5, ""cyclic_key"": 1, ""prime"": [{""canonical_t"": 1, ""e"": 1, ""kind"": ""odd-cyclic"", ""legendre"": 1, ""p"": 5}]}|{""N"": 7, ""cyclic_key"": 2, ""prime"": [{""canonical_t"": 1, ""e"": 1, ""kind"": ""odd-cyclic"", ""legendre"": 1, ""p"": 7}]}|{""N"": 7, ""cyclic_key"": 6, ""prime"": [{""canonical_t"": 3, ""e"": 1, ""kind"": ""odd-cyclic"", ""legendre"": -1, ""p"": 7}]}","{""N"": 12, ""cyclic_key"": 1, ""prime"": [{""brown_mod8"": 1, ""canonical_t"": 1, ""e"": 2, ""kind"": ""2-cyclic-odd"", ""p"": 2}, {""canonical_t"": 1, ""e"": 1, ""kind"": ""odd-cyclic"", ""legendre"": 1, ""p"": 3}]}|{""N"": 27, ""cyclic_key"": 2, ""prime"": [{""canonical_t"": 2, ""e"": 3, ""kind"": ""odd-cyclic"", ""legendre"": -1, ""p"": 3}]}|{""N"": 5, ""cyclic_key"": 1, ""prime"": [{""canonical_t"": 1, ""e"": 1, ""kind"": ""odd-cyclic"", ""legendre"": 1, ""p"": 5}]}|{""N"": 7, ""cyclic_key"": 2, ""prime"": [{""canonical_t"": 1, ""e"": 1, ""kind"": ""odd-cyclic"", ""legendre"": 1, ""p"": 7}]}|{""N"": 7, ""cyclic_key"": 6, ""prime"": [{""canonical_t"": 3, ""e"": 1, ""kind"": ""odd-cyclic"", ""legendre"": -1, ""p"": 7}]}",True,DIRECT_SUM_SYMBOL_EXACT_FOR_ORTHOGONAL_BLOCK_PRESENTATION
212,7,"{""N"": 25, ""cyclic_key"": 1, ""prime"": [{""canonical_t"": 1, ""e"": 2, ""kind"": ""odd-cyclic"", ""legendre"": 1, ""p"": 5}]}|{""N"": 27, ""cyclic_key"": 5, ""prime"": [{""canonical_t"": 2, ""e"": 3, ""kind"": ""odd-cyclic"", ""legendre"": -1, ""p"": 3}]}|{""N"": 27, ""cyclic_key"": 5, ""prime"": [{""canonical_t"": 2, ""e"": 3, ""kind"": ""odd-cyclic"", ""legendre"": -1, ""p"": 3}]}|{""N"": 32, ""cyclic_key"": 7, ""prime"": [{""brown_mod8"": 7, ""canonical_t"": 7, ""e"": 5, ""kind"": ""2-cyclic-odd"", ""p"": 2}]}|{""N"": 7, ""cyclic_key"": 3, ""prime"": [{""canonical_t"": 3, ""e"": 1, ""kind"": ""odd-cyclic"", ""legendre"": -1, ""p"": 7}]}|{""N"": 8, ""cyclic_key"": 3, ""prime"": [{""brown_mod8"": 3, ""canonical_t"": 3, ""e"": 3, ""kind"": ""2-cyclic-odd"", ""p"": 2}]}|{""N"": 8, ""cyclic_key"": 5, ""prime"": [{""brown_mod8"": 5, ""canonical_t"": 5, ""e"": 3, ""kind"": ""2-cyclic-odd"", ""p"": 2}]}","{""N"": 25, ""cyclic_key"": 1, ""prime"": [{""canonical_t"": 1, ""e"": 2, ""kind"": ""odd-cyclic"", ""legendre"": 1, ""p"": 5}]}|{""N"": 27, ""cyclic_key"": 5, ""prime"": [{""canonical_t"": 2, ""e"": 3, ""kind"": ""odd-cyclic"", ""legendre"": -1, ""p"": 3}]}|{""N"": 27, ""cyclic_key"": 5, ""prime"": [{""canonical_t"": 2, ""e"": 3, ""kind"": ""odd-cyclic"", ""legendre"": -1, ""p"": 3}]}|{""N"": 32, ""cyclic_key"": 7, ""prime"": [{""brown_mod8"": 7, ""canonical_t"": 7, ""e"": 5, ""kind"": ""2-cyclic-odd"", ""p"": 2}]}|{""N"": 7, ""cyclic_key"": 3, ""prime"": [{""canonical_t"": 3, ""e"": 1, ""kind"": ""odd-cyclic"", ""legendre"": -1, ""p"": 7}]}|{""N"": 8, ""cyclic_key"": 3, ""prime"": [{""brown_mod8"": 3, ""canonical_t"": 3, ""e"": 3, ""kind"": ""2-cyclic-odd"", ""p"": 2}]}|{""N"": 8, ""cyclic_key"": 5, ""prime"": [{""brown_mod8"": 5, ""canonical_t"": 5, ""e"": 3, ""kind"": ""2-cyclic-odd"", ""p"": 2}]}",True,DIRECT_SUM_SYMBOL_EXACT_FOR_ORTHOGONAL_BLOCK_PRESENTATION
213,2,"{""N"": 27, ""cyclic_key"": 5, ""prime"": [{""canonical_t"": 2, ""e"": 3, ""kind"": ""odd-cyclic"", ""legendre"": -1, ""p"": 3}]}|{""N"": 7, ""cyclic_key"": 6, ""prime"": [{""canonical_t"": 3, ""e"": 1, ""kind"": ""odd-cyclic"", ""legendre"": -1, ""p"": 7}]}","{""N"": 27, ""cyclic_key"": 5, ""prime"": [{""canonical_t"": 2, ""e"": 3, ""kind"": ""odd-cyclic"", ""legendre"": -1, ""p"": 3}]}|{""N"": 7, ""cyclic_key"": 6, ""prime"": [{""canonical_t"": 3, ""e"": 1, ""kind"": ""odd-cyclic"", ""legendre"": -1, ""p"": 7}]}",True,DIRECT_SUM_SYMBOL_EXACT_FOR_ORTHOGONAL_BLOCK_PRESENTATION
214,4,"{""N"": 27, ""cyclic_key"": 5, ""prime"": [{""canonical_t"": 2, ""e"": 3, ""kind"": ""odd-cyclic"", ""legendre"": -1, ""p"": 3}]}|{""N"": 32, ""cyclic_key"": 1, ""prime"": [{""brown_mod8"": 1, ""canonical_t"": 1, ""e"": 5, ""kind"": ""2-cyclic-odd"", ""p"": 2}]}|{""N"": 32, ""cyclic_key"": 5, ""prime"": [{""brown_mod8"": 5, ""canonical_t"": 5, ""e"": 5, ""kind"": ""2-cyclic-odd"", ""p"": 2}]}|{""N"": 7, ""cyclic_key"": 2, ""prime"": [{""canonical_t"": 1, ""e"": 1, ""kind"": ""odd-cyclic"", ""legendre"": 1, ""p"": 7}]}","{""N"": 27, ""cyclic_key"": 5, ""prime"": [{""canonical_t"": 2, ""e"": 3, ""kind"": ""odd-cyclic"", ""legendre"": -1, ""p"": 3}]}|{""N"": 32, ""cyclic_key"": 1, ""prime"": [{""brown_mod8"": 1, ""canonical_t"": 1, ""e"": 5, ""kind"": ""2-cyclic-odd"", ""p"": 2}]}|{""N"": 32, ""cyclic_key"": 5, ""prime"": [{""brown_mod8"": 5, ""canonical_t"": 5, ""e"": 5, ""kind"": ""2-cyclic-odd"", ""p"": 2}]}|{""N"": 7, ""cyclic_key"": 2, ""prime"": [{""canonical_t"": 1, ""e"": 1, ""kind"": ""odd-cyclic"", ""legendre"": 1, ""p"": 7}]}",True,DIRECT_SUM_SYMBOL_EXACT_FOR_ORTHOGONAL_BLOCK_PRESENTATION
215,3,"{""N"": 25, ""cyclic_key"": 3, ""prime"": [{""canonical_t"": 2, ""e"": 2, ""kind"": ""odd-cyclic"", ""legendre"": -1, ""p"": 5}]}|{""N"": 5, ""cyclic_key"": 4, ""prime"": [{""canonical_t"": 1, ""e"": 1, ""kind"": ""odd-cyclic"", ""legendre"": 1, ""p"": 5}]}|{""N"": 8, ""cyclic_key"": 5, ""prime"": [{""brown_mod8"": 5, ""canonical_t"": 5, ""e"": 3, ""kind"": ""2-cyclic-odd"", ""p"": 2}]}","{""N"": 25, ""cyclic_key"": 3, ""prime"": [{""canonical_t"": 2, ""e"": 2, ""kind"": ""odd-cyclic"", ""legendre"": -1, ""p"": 5}]}|{""N"": 5, ""cyclic_key"": 4, ""prime"": [{""canonical_t"": 1, ""e"": 1, ""kind"": ""odd-cyclic"", ""legendre"": 1, ""p"": 5}]}|{""N"": 8, ""cyclic_key"": 5, ""prime"": [{""brown_mod8"": 5, ""canonical_t"": 5, ""e"": 3, ""kind"": ""2-cyclic-odd"", ""p"": 2}]}",True,DIRECT_SUM_SYMBOL_EXACT_FOR_ORTHOGONAL_BLOCK_PRESENTATION
216,4,"{""N"": 25, ""cyclic_key"": 4, ""prime"": [{""canonical_t"": 1, ""e"": 2, ""kind"": ""odd-cyclic"", ""legendre"": 1, ""p"": 5}]}|{""N"": 27, ""cyclic_key"": 5, ""prime"": [{""canonical_t"": 2, ""e"": 3, ""kind"": ""odd-cyclic"", ""legendre"": -1, ""p"": 3}]}|{""N"": 9, ""cyclic_key"": 5, ""prime"": [{""canonical_t"": 2, ""e"": 2, ""kind"": ""odd-cyclic"", ""legendre"": -1, ""p"": 3}]}|{""N"": 9, ""cyclic_key"": 5, ""prime"": [{""canonical_t"": 2, ""e"": 2, ""kind"": ""odd-cyclic"", ""legendre"": -1, ""p"": 3}]}","{""N"": 25, ""cyclic_key"": 4, ""prime"": [{""canonical_t"": 1, ""e"": 2, ""kind"": ""odd-cyclic"", ""legendre"": 1, ""p"": 5}]}|{""N"": 27, ""cyclic_key"": 5, ""prime"": [{""canonical_t"": 2, ""e"": 3, ""kind"": ""odd-cyclic"", ""legendre"": -1, ""p"": 3}]}|{""N"": 9, ""cyclic_key"": 5, ""prime"": [{""canonical_t"": 2, ""e"": 2, ""kind"": ""odd-cyclic"", ""legendre"": -1, ""p"": 3}]}|{""N"": 9, ""cyclic_key"": 5, ""prime"": [{""canonical_t"": 2, ""e"": 2, ""kind"": ""odd-cyclic"", ""legendre"": -1, ""p"": 3}]}",True,DIRECT_SUM_SYMBOL_EXACT_FOR_ORTHOGONAL_BLOCK_PRESENTATION
217,4,"{""N"": 25, ""cyclic_key"": 2, ""prime"": [{""canonical_t"": 2, ""e"": 2, ""kind"": ""odd-cyclic"", ""legendre"": -1, ""p"": 5}]}|{""N"": 25, ""cyclic_key"": 4, ""prime"": [{""canonical_t"": 1, ""e"": 2, ""kind"": ""odd-cyclic"", ""legendre"": 1, ""p"": 5}]}|{""N"": 32, ""cyclic_key"": 1, ""prime"": [{""brown_mod8"": 1, ""canonical_t"": 1, ""e"": 5, ""kind"": ""2-cyclic-odd"", ""p"": 2}]}|{""N"": 7, ""cyclic_key"": 2, ""prime"": [{""canonical_t"": 1, ""e"": 1, ""kind"": ""odd-cyclic"", ""legendre"": 1, ""p"": 7}]}","{""N"": 25, ""cyclic_key"": 2, ""prime"": [{""canonical_t"": 2, ""e"": 2, ""kind"": ""odd-cyclic"", ""legendre"": -1, ""p"": 5}]}|{""N"": 25, ""cyclic_key"": 4, ""prime"": [{""canonical_t"": 1, ""e"": 2, ""kind"": ""odd-cyclic"", ""legendre"": 1, ""p"": 5}]}|{""N"": 32, ""cyclic_key"": 1, ""prime"": [{""brown_mod8"": 1, ""canonical_t"": 1, ""e"": 5, ""kind"": ""2-cyclic-odd"", ""p"": 2}]}|{""N"": 7, ""cyclic_key"": 2, ""prime"": [{""canonical_t"": 1, ""e"": 1, ""kind"": ""odd-cyclic"", ""legendre"": 1, ""p"": 7}]}",True,DIRECT_SUM_SYMBOL_EXACT_FOR_ORTHOGONAL_BLOCK_PRESENTATION
218,4,"{""N"": 12, ""cyclic_key"": 7, ""prime"": [{""brown_mod8"": 7, ""canonical_t"": 7, ""e"": 2, ""kind"": ""2-cyclic-odd"", ""p"": 2}, {""canonical_t"": 1, ""e"": 1, ""kind"": ""odd-cyclic"", ""legendre"": 1, ""p"": 3}]}|{""N"": 25, ""cyclic_key"": 4, ""prime"": [{""canonical_t"": 1, ""e"": 2, ""kind"": ""odd-cyclic"", ""legendre"": 1, ""p"": 5}]}|{""N"": 32, ""cyclic_key"": 1, ""prime"": [{""brown_mod8"": 1, ""canonical_t"": 1, ""e"": 5, ""kind"": ""2-cyclic-odd"", ""p"": 2}]}|{""N"": 9, ""cyclic_key"": 5, ""prime"": [{""canonical_t"": 2, ""e"": 2, ""kind"": ""odd-cyclic"", ""legendre"": -1, ""p"": 3}]}","{""N"": 12, ""cyclic_key"": 7, ""prime"": [{""brown_mod8"": 7, ""canonical_t"": 7, ""e"": 2, ""kind"": ""2-cyclic-odd"", ""p"": 2}, {""canonical_t"": 1, ""e"": 1, ""kind"": ""odd-cyclic"", ""legendre"": 1, ""p"": 3}]}|{""N"": 25, ""cyclic_key"": 4, ""prime"": [{""canonical_t"": 1, ""e"": 2, ""kind"": ""odd-cyclic"", ""legendre"": 1, ""p"": 5}]}|{""N"": 32, ""cyclic_key"": 1, ""prime"": [{""brown_mod8"": 1, ""canonical_t"": 1, ""e"": 5, ""kind"": ""2-cyclic-odd"", ""p"": 2}]}|{""N"": 9, ""cyclic_key"": 5, ""prime"": [{""canonical_t"": 2, ""e"": 2, ""kind"": ""odd-cyclic"", ""legendre"": -1, ""p"": 3}]}",True,DIRECT_SUM_SYMBOL_EXACT_FOR_ORTHOGONAL_BLOCK_PRESENTATION
219,6,"{""N"": 16, ""cyclic_key"": 5, ""prime"": [{""brown_mod8"": 5, ""canonical_t"": 5, ""e"": 4, ""kind"": ""2-cyclic-odd"", ""p"": 2}]}|{""N"": 25, ""cyclic_key"": 1, ""prime"": [{""canonical_t"": 1, ""e"": 2, ""kind"": ""odd-cyclic"", ""legendre"": 1, ""p"": 5}]}|{""N"": 25, ""cyclic_key"": 2, ""prime"": [{""canonical_t"": 2, ""e"": 2, ""kind"": ""odd-cyclic"", ""legendre"": -1, ""p"": 5}]}|{""N"": 32, ""cyclic_key"": 7, ""prime"": [{""brown_mod8"": 7, ""canonical_t"": 7, ""e"": 5, ""kind"": ""2-cyclic-odd"", ""p"": 2}]}|{""N"": 32, ""cyclic_key"": 7, ""prime"": [{""brown_mod8"": 7, ""canonical_t"": 7, ""e"": 5, ""kind"": ""2-cyclic-odd"", ""p"": 2}]}|{""N"": 9, ""cyclic_key"": 1, ""prime"": [{""canonical_t"": 1, ""e"": 2, ""kind"": ""odd-cyclic"", ""legendre"": 1, ""p"": 3}]}","{""N"": 16, ""cyclic_key"": 5, ""prime"": [{""brown_mod8"": 5, ""canonical_t"": 5, ""e"": 4, ""kind"": ""2-cyclic-odd"", ""p"": 2}]}|{""N"": 25, ""cyclic_key"": 1, ""prime"": [{""canonical_t"": 1, ""e"": 2, ""kind"": ""odd-cyclic"", ""legendre"": 1, ""p"": 5}]}|{""N"": 25, ""cyclic_key"": 2, ""prime"": [{""canonical_t"": 2, ""e"": 2, ""kind"": ""odd-cyclic"", ""legendre"": -1, ""p"": 5}]}|{""N"": 32, ""cyclic_key"": 7, ""prime"": [{""brown_mod8"": 7, ""canonical_t"": 7, ""e"": 5, ""kind"": ""2-cyclic-odd"", ""p"": 2}]}|{""N"": 32, ""cyclic_key"": 7, ""prime"": [{""brown_mod8"": 7, ""canonical_t"": 7, ""e"": 5, ""kind"": ""2-cyclic-odd"", ""p"": 2}]}|{""N"": 9, ""cyclic_key"": 1, ""prime"": [{""canonical_t"": 1, ""e"": 2, ""kind"": ""odd-cyclic"", ""legendre"": 1, ""p"": 3}]}",True,DIRECT_SUM_SYMBOL_EXACT_FOR_ORTHOGONAL_BLOCK_PRESENTATION
220,3,"{""N"": 8, ""cyclic_key"": 1, ""prime"": [{""brown_mod8"": 1, ""canonical_t"": 1, ""e"": 3, ""kind"": ""2-cyclic-odd"", ""p"": 2}]}|{""N"": 8, ""cyclic_key"": 3, ""prime"": [{""brown_mod8"": 3, ""canonical_t"": 3, ""e"": 3, ""kind"": ""2-cyclic-odd"", ""p"": 2}]}|{""N"": 9, ""cyclic_key"": 1, ""prime"": [{""canonical_t"": 1, ""e"": 2, ""kind"": ""odd-cyclic"", ""legendre"": 1, ""p"": 3}]}","{""N"": 8, ""cyclic_key"": 1, ""prime"": [{""brown_mod8"": 1, ""canonical_t"": 1, ""e"": 3, ""kind"": ""2-cyclic-odd"", ""p"": 2}]}|{""N"": 8, ""cyclic_key"": 3, ""prime"": [{""brown_mod8"": 3, ""canonical_t"": 3, ""e"": 3, ""kind"": ""2-cyclic-odd"", ""p"": 2}]}|{""N"": 9, ""cyclic_key"": 1, ""prime"": [{""canonical_t"": 1, ""e"": 2, ""kind"": ""odd-cyclic"", ""legendre"": 1, ""p"": 3}]}",True,DIRECT_SUM_SYMBOL_EXACT_FOR_ORTHOGONAL_BLOCK_PRESENTATION
221,4,"{""N"": 25, ""cyclic_key"": 3, ""prime"": [{""canonical_t"": 2, ""e"": 2, ""kind"": ""odd-cyclic"", ""legendre"": -1, ""p"": 5}]}|{""N"": 7, ""cyclic_key"": 1, ""prime"": [{""canonical_t"": 1, ""e"": 1, ""kind"": ""odd-cyclic"", ""legendre"": 1, ""p"": 7}]}|{""N"": 8, ""cyclic_key"": 3, ""prime"": [{""brown_mod8"": 3, ""canonical_t"": 3, ""e"": 3, ""kind"": ""2-cyclic-odd"", ""p"": 2}]}|{""N"": 8, ""cyclic_key"": 7, ""prime"": [{""brown_mod8"": 7, ""canonical_t"": 7, ""e"": 3, ""kind"": ""2-cyclic-odd"", ""p"": 2}]}","{""N"": 25, ""cyclic_key"": 3, ""prime"": [{""canonical_t"": 2, ""e"": 2, ""kind"": ""odd-cyclic"", ""legendre"": -1, ""p"": 5}]}|{""N"": 7, ""cyclic_key"": 1, ""prime"": [{""canonical_t"": 1, ""e"": 1, ""kind"": ""odd-cyclic"", ""legendre"": 1, ""p"": 7}]}|{""N"": 8, ""cyclic_key"": 3, ""prime"": [{""brown_mod8"": 3, ""canonical_t"": 3, ""e"": 3, ""kind"": ""2-cyclic-odd"", ""p"": 2}]}|{""N"": 8, ""cyclic_key"": 7, ""prime"": [{""brown_mod8"": 7, ""canonical_t"": 7, ""e"": 3, ""kind"": ""2-cyclic-odd"", ""p"": 2}]}",True,DIRECT_SUM_SYMBOL_EXACT_FOR_ORTHOGONAL_BLOCK_PRESENTATION
222,5,"{""N"": 12, ""cyclic_key"": 11, ""prime"": [{""brown_mod8"": 3, ""canonical_t"": 3, ""e"": 2, ""kind"": ""2-cyclic-odd"", ""p"": 2}, {""canonical_t"": 2, ""e"": 1, ""kind"": ""odd-cyclic"", ""legendre"": -1, ""p"": 3}]}|{""N"": 16, ""cyclic_key"": 5, ""prime"": [{""brown_mod8"": 5, ""canonical_t"": 5, ""e"": 4, ""kind"": ""2-cyclic-odd"", ""p"": 2}]}|{""N"": 27, ""cyclic_key"": 2, ""prime"": [{""canonical_t"": 2, ""e"": 3, ""kind"": ""odd-cyclic"", ""legendre"": -1, ""p"": 3}]}|{""N"": 7, ""cyclic_key"": 1, ""prime"": [{""canonical_t"": 1, ""e"": 1, ""kind"": ""odd-cyclic"", ""legendre"": 1, ""p"": 7}]}|{""N"": 9, ""cyclic_key"": 4, ""prime"": [{""canonical_t"": 1, ""e"": 2, ""kind"": ""odd-cyclic"", ""legendre"": 1, ""p"": 3}]}","{""N"": 12, ""cyclic_key"": 11, ""prime"": [{""brown_mod8"": 3, ""canonical_t"": 3, ""e"": 2, ""kind"": ""2-cyclic-odd"", ""p"": 2}, {""canonical_t"": 2, ""e"": 1, ""kind"": ""odd-cyclic"", ""legendre"": -1, ""p"": 3}]}|{""N"": 16, ""cyclic_key"": 5, ""prime"": [{""brown_mod8"": 5, ""canonical_t"": 5, ""e"": 4, ""kind"": ""2-cyclic-odd"", ""p"": 2}]}|{""N"": 27, ""cyclic_key"": 2, ""prime"": [{""canonical_t"": 2, ""e"": 3, ""kind"": ""odd-cyclic"", ""legendre"": -1, ""p"": 3}]}|{""N"": 7, ""cyclic_key"": 1, ""prime"": [{""canonical_t"": 1, ""e"": 1, ""kind"": ""odd-cyclic"", ""legendre"": 1, ""p"": 7}]}|{""N"": 9, ""cyclic_key"": 4, ""prime"": [{""canonical_t"": 1, ""e"": 2, ""kind"": ""odd-cyclic"", ""legendre"": 1, ""p"": 3}]}",True,DIRECT_SUM_SYMBOL_EXACT_FOR_ORTHOGONAL_BLOCK_PRESENTATION
223,7,"{""N"": 25, ""cyclic_key"": 3, ""prime"": [{""canonical_t"": 2, ""e"": 2, ""kind"": ""odd-cyclic"", ""legendre"": -1, ""p"": 5}]}|{""N"": 27, ""cyclic_key"": 4, ""prime"": [{""canonical_t"": 1, ""e"": 3, ""kind"": ""odd-cyclic"", ""legendre"": 1, ""p"": 3}]}|{""N"": 32, ""cyclic_key"": 1, ""prime"": [{""brown_mod8"": 1, ""canonical_t"": 1, ""e"": 5, ""kind"": ""2-cyclic-odd"", ""p"": 2}]}|{""N"": 32, ""cyclic_key"": 3, ""prime"": [{""brown_mod8"": 3, ""canonical_t"": 3, ""e"": 5, ""kind"": ""2-cyclic-odd"", ""p"": 2}]}|{""N"": 4, ""cyclic_key"": 7, ""prime"": [{""brown_mod8"": 7, ""canonical_t"": 7, ""e"": 2, ""kind"": ""2-cyclic-odd"", ""p"": 2}]}|{""N"": 8, ""cyclic_key"": 1, ""prime"": [{""brown_mod8"": 1, ""canonical_t"": 1, ""e"": 3, ""kind"": ""2-cyclic-odd"", ""p"": 2}]}|{""N"": 8, ""cyclic_key"": 3, ""prime"": [{""brown_mod8"": 3, ""canonical_t"": 3, ""e"": 3, ""kind"": ""2-cyclic-odd"", ""p"": 2}]}","{""N"": 25, ""cyclic_key"": 3, ""prime"": [{""canonical_t"": 2, ""e"": 2, ""kind"": ""odd-cyclic"", ""legendre"": -1, ""p"": 5}]}|{""N"": 27, ""cyclic_key"": 4, ""prime"": [{""canonical_t"": 1, ""e"": 3, ""kind"": ""odd-cyclic"", ""legendre"": 1, ""p"": 3}]}|{""N"": 32, ""cyclic_key"": 1, ""prime"": [{""brown_mod8"": 1, ""canonical_t"": 1, ""e"": 5, ""kind"": ""2-cyclic-odd"", ""p"": 2}]}|{""N"": 32, ""cyclic_key"": 3, ""prime"": [{""brown_mod8"": 3, ""canonical_t"": 3, ""e"": 5, ""kind"": ""2-cyclic-odd"", ""p"": 2}]}|{""N"": 4, ""cyclic_key"": 7, ""prime"": [{""brown_mod8"": 7, ""canonical_t"": 7, ""e"": 2, ""kind"": ""2-cyclic-odd"", ""p"": 2}]}|{""N"": 8, ""cyclic_key"": 1, ""prime"": [{""brown_mod8"": 1, ""canonical_t"": 1, ""e"": 3, ""kind"": ""2-cyclic-odd"", ""p"": 2}]}|{""N"": 8, ""cyclic_key"": 3, ""prime"": [{""brown_mod8"": 3, ""canonical_t"": 3, ""e"": 3, ""kind"": ""2-cyclic-odd"", ""p"": 2}]}",True,DIRECT_SUM_SYMBOL_EXACT_FOR_ORTHOGONAL_BLOCK_PRESENTATION
224,5,"{""N"": 27, ""cyclic_key"": 5, ""prime"": [{""canonical_t"": 2, ""e"": 3, ""kind"": ""odd-cyclic"", ""legendre"": -1, ""p"": 3}]}|{""N"": 5, ""cyclic_key"": 3, ""prime"": [{""canonical_t"": 2, ""e"": 1, ""kind"": ""odd-cyclic"", ""legendre"": -1, ""p"": 5}]}|{""N"": 7, ""cyclic_key"": 6, ""prime"": [{""canonical_t"": 3, ""e"": 1, ""kind"": ""odd-cyclic"", ""legendre"": -1, ""p"": 7}]}|{""N"": 8, ""cyclic_key"": 1, ""prime"": [{""brown_mod8"": 1, ""canonical_t"": 1, ""e"": 3, ""kind"": ""2-cyclic-odd"", ""p"": 2}]}|{""N"": 9, ""cyclic_key"": 2, ""prime"": [{""canonical_t"": 2, ""e"": 2, ""kind"": ""odd-cyclic"", ""legendre"": -1, ""p"": 3}]}","{""N"": 27, ""cyclic_key"": 5, ""prime"": [{""canonical_t"": 2, ""e"": 3, ""kind"": ""odd-cyclic"", ""legendre"": -1, ""p"": 3}]}|{""N"": 5, ""cyclic_key"": 3, ""prime"": [{""canonical_t"": 2, ""e"": 1, ""kind"": ""odd-cyclic"", ""legendre"": -1, ""p"": 5}]}|{""N"": 7, ""cyclic_key"": 6, ""prime"": [{""canonical_t"": 3, ""e"": 1, ""kind"": ""odd-cyclic"", ""legendre"": -1, ""p"": 7}]}|{""N"": 8, ""cyclic_key"": 1, ""prime"": [{""brown_mod8"": 1, ""canonical_t"": 1, ""e"": 3, ""kind"": ""2-cyclic-odd"", ""p"": 2}]}|{""N"": 9, ""cyclic_key"": 2, ""prime"": [{""canonical_t"": 2, ""e"": 2, ""kind"": ""odd-cyclic"", ""legendre"": -1, ""p"": 3}]}",True,DIRECT_SUM_SYMBOL_EXACT_FOR_ORTHOGONAL_BLOCK_PRESENTATION
225,6,"{""N"": 16, ""cyclic_key"": 1, ""prime"": [{""brown_mod8"": 1, ""canonical_t"": 1, ""e"": 4, ""kind"": ""2-cyclic-odd"", ""p"": 2}]}|{""N"": 16, ""cyclic_key"": 5, ""prime"": [{""brown_mod8"": 5, ""canonical_t"": 5, ""e"": 4, ""kind"": ""2-cyclic-odd"", ""p"": 2}]}|{""N"": 25, ""cyclic_key"": 2, ""prime"": [{""canonical_t"": 2, ""e"": 2, ""kind"": ""odd-cyclic"", ""legendre"": -1, ""p"": 5}]}|{""N"": 4, ""cyclic_key"": 3, ""prime"": [{""brown_mod8"": 3, ""canonical_t"": 3, ""e"": 2, ""kind"": ""2-cyclic-odd"", ""p"": 2}]}|{""N"": 7, ""cyclic_key"": 1, ""prime"": [{""canonical_t"": 1, ""e"": 1, ""kind"": ""odd-cyclic"", ""legendre"": 1, ""p"": 7}]}|{""N"": 7, ""cyclic_key"": 6, ""prime"": [{""canonical_t"": 3, ""e"": 1, ""kind"": ""odd-cyclic"", ""legendre"": -1, ""p"": 7}]}","{""N"": 16, ""cyclic_key"": 1, ""prime"": [{""brown_mod8"": 1, ""canonical_t"": 1, ""e"": 4, ""kind"": ""2-cyclic-odd"", ""p"": 2}]}|{""N"": 16, ""cyclic_key"": 5, ""prime"": [{""brown_mod8"": 5, ""canonical_t"": 5, ""e"": 4, ""kind"": ""2-cyclic-odd"", ""p"": 2}]}|{""N"": 25, ""cyclic_key"": 2, ""prime"": [{""canonical_t"": 2, ""e"": 2, ""kind"": ""odd-cyclic"", ""legendre"": -1, ""p"": 5}]}|{""N"": 4, ""cyclic_key"": 3, ""prime"": [{""brown_mod8"": 3, ""canonical_t"": 3, ""e"": 2, ""kind"": ""2-cyclic-odd"", ""p"": 2}]}|{""N"": 7, ""cyclic_key"": 1, ""prime"": [{""canonical_t"": 1, ""e"": 1, ""kind"": ""odd-cyclic"", ""legendre"": 1, ""p"": 7}]}|{""N"": 7, ""cyclic_key"": 6, ""prime"": [{""canonical_t"": 3, ""e"": 1, ""kind"": ""odd-cyclic"", ""legendre"": -1, ""p"": 7}]}",True,DIRECT_SUM_SYMBOL_EXACT_FOR_ORTHOGONAL_BLOCK_PRESENTATION
226,7,"{""N"": 16, ""cyclic_key"": 5, ""prime"": [{""brown_mod8"": 5, ""canonical_t"": 5, ""e"": 4, ""kind"": ""2-cyclic-odd"", ""p"": 2}]}|{""N"": 27, ""cyclic_key"": 2, ""prime"": [{""canonical_t"": 2, ""e"": 3, ""kind"": ""odd-cyclic"", ""legendre"": -1, ""p"": 3}]}|{""N"": 27, ""cyclic_key"": 2, ""prime"": [{""canonical_t"": 2, ""e"": 3, ""kind"": ""odd-cyclic"", ""legendre"": -1, ""p"": 3}]}|{""N"": 5, ""cyclic_key"": 1, ""prime"": [{""canonical_t"": 1, ""e"": 1, ""kind"": ""odd-cyclic"", ""legendre"": 1, ""p"": 5}]}|{""N"": 8, ""cyclic_key"": 1, ""prime"": [{""brown_mod8"": 1, ""canonical_t"": 1, ""e"": 3, ""kind"": ""2-cyclic-odd"", ""p"": 2}]}|{""N"": 8, ""cyclic_key"": 1, ""prime"": [{""brown_mod8"": 1, ""canonical_t"": 1, ""e"": 3, ""kind"": ""2-cyclic-odd"", ""p"": 2}]}|{""N"": 9, ""cyclic_key"": 5, ""prime"": [{""canonical_t"": 2, ""e"": 2, ""kind"": ""odd-cyclic"", ""legendre"": -1, ""p"": 3}]}","{""N"": 16, ""cyclic_key"": 5, ""prime"": [{""brown_mod8"": 5, ""canonical_t"": 5, ""e"": 4, ""kind"": ""2-cyclic-odd"", ""p"": 2}]}|{""N"": 27, ""cyclic_key"": 2, ""prime"": [{""canonical_t"": 2, ""e"": 3, ""kind"": ""odd-cyclic"", ""legendre"": -1, ""p"": 3}]}|{""N"": 27, ""cyclic_key"": 2, ""prime"": [{""canonical_t"": 2, ""e"": 3, ""kind"": ""odd-cyclic"", ""legendre"": -1, ""p"": 3}]}|{""N"": 5, ""cyclic_key"": 1, ""prime"": [{""canonical_t"": 1, ""e"": 1, ""kind"": ""odd-cyclic"", ""legendre"": 1, ""p"": 5}]}|{""N"": 8, ""cyclic_key"": 1, ""prime"": [{""brown_mod8"": 1, ""canonical_t"": 1, ""e"": 3, ""kind"": ""2-cyclic-odd"", ""p"": 2}]}|{""N"": 8, ""cyclic_key"": 1, ""prime"": [{""brown_mod8"": 1, ""canonical_t"": 1, ""e"": 3, ""kind"": ""2-cyclic-odd"", ""p"": 2}]}|{""N"": 9, ""cyclic_key"": 5, ""prime"": [{""canonical_t"": 2, ""e"": 2, ""kind"": ""odd-cyclic"", ""legendre"": -1, ""p"": 3}]}",True,DIRECT_SUM_SYMBOL_EXACT_FOR_ORTHOGONAL_BLOCK_PRESENTATION
227,6,"{""N"": 25, ""cyclic_key"": 3, ""prime"": [{""canonical_t"": 2, ""e"": 2, ""kind"": ""odd-cyclic"", ""legendre"": -1, ""p"": 5}]}|{""N"": 25, ""cyclic_key"": 3, ""prime"": [{""canonical_t"": 2, ""e"": 2, ""kind"": ""odd-cyclic"", ""legendre"": -1, ""p"": 5}]}|{""N"": 27, ""cyclic_key"": 2, ""prime"": [{""canonical_t"": 2, ""e"": 3, ""kind"": ""odd-cyclic"", ""legendre"": -1, ""p"": 3}]}|{""N"": 27, ""cyclic_key"": 5, ""prime"": [{""canonical_t"": 2, ""e"": 3, ""kind"": ""odd-cyclic"", ""legendre"": -1, ""p"": 3}]}|{""N"": 7, ""cyclic_key"": 6, ""prime"": [{""canonical_t"": 3, ""e"": 1, ""kind"": ""odd-cyclic"", ""legendre"": -1, ""p"": 7}]}|{""N"": 8, ""cyclic_key"": 7, ""prime"": [{""brown_mod8"": 7, ""canonical_t"": 7, ""e"": 3, ""kind"": ""2-cyclic-odd"", ""p"": 2}]}","{""N"": 25, ""cyclic_key"": 3, ""prime"": [{""canonical_t"": 2, ""e"": 2, ""kind"": ""odd-cyclic"", ""legendre"": -1, ""p"": 5}]}|{""N"": 25, ""cyclic_key"": 3, ""prime"": [{""canonical_t"": 2, ""e"": 2, ""kind"": ""odd-cyclic"", ""legendre"": -1, ""p"": 5}]}|{""N"": 27, ""cyclic_key"": 2, ""prime"": [{""canonical_t"": 2, ""e"": 3, ""kind"": ""odd-cyclic"", ""legendre"": -1, ""p"": 3}]}|{""N"": 27, ""cyclic_key"": 5, ""prime"": [{""canonical_t"": 2, ""e"": 3, ""kind"": ""odd-cyclic"", ""legendre"": -1, ""p"": 3}]}|{""N"": 7, ""cyclic_key"": 6, ""prime"": [{""canonical_t"": 3, ""e"": 1, ""kind"": ""odd-cyclic"", ""legendre"": -1, ""p"": 7}]}|{""N"": 8, ""cyclic_key"": 7, ""prime"": [{""brown_mod8"": 7, ""canonical_t"": 7, ""e"": 3, ""kind"": ""2-cyclic-odd"", ""p"": 2}]}",True,DIRECT_SUM_SYMBOL_EXACT_FOR_ORTHOGONAL_BLOCK_PRESENTATION
228,7,"{""N"": 16, ""cyclic_key"": 1, ""prime"": [{""brown_mod8"": 1, ""canonical_t"": 1, ""e"": 4, ""kind"": ""2-cyclic-odd"", ""p"": 2}]}|{""N"": 16, ""cyclic_key"": 1, ""prime"": [{""brown_mod8"": 1, ""canonical_t"": 1, ""e"": 4, ""kind"": ""2-cyclic-odd"", ""p"": 2}]}|{""N"": 25, ""cyclic_key"": 1, ""prime"": [{""canonical_t"": 1, ""e"": 2, ""kind"": ""odd-cyclic"", ""legendre"": 1, ""p"": 5}]}|{""N"": 25, ""cyclic_key"": 3, ""prime"": [{""canonical_t"": 2, ""e"": 2, ""kind"": ""odd-cyclic"", ""legendre"": -1, ""p"": 5}]}|{""N"": 27, ""cyclic_key"": 2, ""prime"": [{""canonical_t"": 2, ""e"": 3, ""kind"": ""odd-cyclic"", ""legendre"": -1, ""p"": 3}]}|{""N"": 32, ""cyclic_key"": 5, ""prime"": [{""brown_mod8"": 5, ""canonical_t"": 5, ""e"": 5, ""kind"": ""2-cyclic-odd"", ""p"": 2}]}|{""N"": 5, ""cyclic_key"": 3, ""prime"": [{""canonical_t"": 2, ""e"": 1, ""kind"": ""odd-cyclic"", ""legendre"": -1, ""p"": 5}]}","{""N"": 16, ""cyclic_key"": 1, ""prime"": [{""brown_mod8"": 1, ""canonical_t"": 1, ""e"": 4, ""kind"": ""2-cyclic-odd"", ""p"": 2}]}|{""N"": 16, ""cyclic_key"": 1, ""prime"": [{""brown_mod8"": 1, ""canonical_t"": 1, ""e"": 4, ""kind"": ""2-cyclic-odd"", ""p"": 2}]}|{""N"": 25, ""cyclic_key"": 1, ""prime"": [{""canonical_t"": 1, ""e"": 2, ""kind"": ""odd-cyclic"", ""legendre"": 1, ""p"": 5}]}|{""N"": 25, ""cyclic_key"": 3, ""prime"": [{""canonical_t"": 2, ""e"": 2, ""kind"": ""odd-cyclic"", ""legendre"": -1, ""p"": 5}]}|{""N"": 27, ""cyclic_key"": 2, ""prime"": [{""canonical_t"": 2, ""e"": 3, ""kind"": ""odd-cyclic"", ""legendre"": -1, ""p"": 3}]}|{""N"": 32, ""cyclic_key"": 5, ""prime"": [{""brown_mod8"": 5, ""canonical_t"": 5, ""e"": 5, ""kind"": ""2-cyclic-odd"", ""p"": 2}]}|{""N"": 5, ""cyclic_key"": 3, ""prime"": [{""canonical_t"": 2, ""e"": 1, ""kind"": ""odd-cyclic"", ""legendre"": -1, ""p"": 5}]}",True,DIRECT_SUM_SYMBOL_EXACT_FOR_ORTHOGONAL_BLOCK_PRESENTATION
229,4,"{""N"": 12, ""cyclic_key"": 13, ""prime"": [{""brown_mod8"": 5, ""canonical_t"": 5, ""e"": 2, ""kind"": ""2-cyclic-odd"", ""p"": 2}, {""canonical_t"": 1, ""e"": 1, ""kind"": ""odd-cyclic"", ""legendre"": 1, ""p"": 3}]}|{""N"": 2, ""cyclic_key"": 1, ""prime"": [{""brown_mod8"": 1, ""canonical_t"": 1, ""e"": 1, ""kind"": ""2-cyclic-odd"", ""p"": 2}]}|{""N"": 8, ""cyclic_key"": 5, ""prime"": [{""brown_mod8"": 5, ""canonical_t"": 5, ""e"": 3, ""kind"": ""2-cyclic-odd"", ""p"": 2}]}|{""N"": 9, ""cyclic_key"": 1, ""prime"": [{""canonical_t"": 1, ""e"": 2, ""kind"": ""odd-cyclic"", ""legendre"": 1, ""p"": 3}]}","{""N"": 12, ""cyclic_key"": 13, ""prime"": [{""brown_mod8"": 5, ""canonical_t"": 5, ""e"": 2, ""kind"": ""2-cyclic-odd"", ""p"": 2}, {""canonical_t"": 1, ""e"": 1, ""kind"": ""odd-cyclic"", ""legendre"": 1, ""p"": 3}]}|{""N"": 2, ""cyclic_key"": 1, ""prime"": [{""brown_mod8"": 1, ""canonical_t"": 1, ""e"": 1, ""kind"": ""2-cyclic-odd"", ""p"": 2}]}|{""N"": 8, ""cyclic_key"": 5, ""prime"": [{""brown_mod8"": 5, ""canonical_t"": 5, ""e"": 3, ""kind"": ""2-cyclic-odd"", ""p"": 2}]}|{""N"": 9, ""cyclic_key"": 1, ""prime"": [{""canonical_t"": 1, ""e"": 2, ""kind"": ""odd-cyclic"", ""legendre"": 1, ""p"": 3}]}",True,DIRECT_SUM_SYMBOL_EXACT_FOR_ORTHOGONAL_BLOCK_PRESENTATION
230,2,"{""N"": 7, ""cyclic_key"": 3, ""prime"": [{""canonical_t"": 3, ""e"": 1, ""kind"": ""odd-cyclic"", ""legendre"": -1, ""p"": 7}]}|{""N"": 8, ""cyclic_key"": 5, ""prime"": [{""brown_mod8"": 5, ""canonical_t"": 5, ""e"": 3, ""kind"": ""2-cyclic-odd"", ""p"": 2}]}","{""N"": 7, ""cyclic_key"": 3, ""prime"": [{""canonical_t"": 3, ""e"": 1, ""kind"": ""odd-cyclic"", ""legendre"": -1, ""p"": 7}]}|{""N"": 8, ""cyclic_key"": 5, ""prime"": [{""brown_mod8"": 5, ""canonical_t"": 5, ""e"": 3, ""kind"": ""2-cyclic-odd"", ""p"": 2}]}",True,DIRECT_SUM_SYMBOL_EXACT_FOR_ORTHOGONAL_BLOCK_PRESENTATION
231,3,"{""N"": 2, ""cyclic_key"": 3, ""prime"": [{""brown_mod8"": 3, ""canonical_t"": 3, ""e"": 1, ""kind"": ""2-cyclic-odd"", ""p"": 2}]}|{""N"": 25, ""cyclic_key"": 1, ""prime"": [{""canonical_t"": 1, ""e"": 2, ""kind"": ""odd-cyclic"", ""legendre"": 1, ""p"": 5}]}|{""N"": 7, ""cyclic_key"": 3, ""prime"": [{""canonical_t"": 3, ""e"": 1, ""kind"": ""odd-cyclic"", ""legendre"": -1, ""p"": 7}]}","{""N"": 2, ""cyclic_key"": 3, ""prime"": [{""brown_mod8"": 3, ""canonical_t"": 3, ""e"": 1, ""kind"": ""2-cyclic-odd"", ""p"": 2}]}|{""N"": 25, ""cyclic_key"": 1, ""prime"": [{""canonical_t"": 1, ""e"": 2, ""kind"": ""odd-cyclic"", ""legendre"": 1, ""p"": 5}]}|{""N"": 7, ""cyclic_key"": 3, ""prime"": [{""canonical_t"": 3, ""e"": 1, ""kind"": ""odd-cyclic"", ""legendre"": -1, ""p"": 7}]}",True,DIRECT_SUM_SYMBOL_EXACT_FOR_ORTHOGONAL_BLOCK_PRESENTATION
232,3,"{""N"": 25, ""cyclic_key"": 2, ""prime"": [{""canonical_t"": 2, ""e"": 2, ""kind"": ""odd-cyclic"", ""legendre"": -1, ""p"": 5}]}|{""N"": 32, ""cyclic_key"": 1, ""prime"": [{""brown_mod8"": 1, ""canonical_t"": 1, ""e"": 5, ""kind"": ""2-cyclic-odd"", ""p"": 2}]}|{""N"": 5, ""cyclic_key"": 4, ""prime"": [{""canonical_t"": 1, ""e"": 1, ""kind"": ""odd-cyclic"", ""legendre"": 1, ""p"": 5}]}","{""N"": 25, ""cyclic_key"": 2, ""prime"": [{""canonical_t"": 2, ""e"": 2, ""kind"": ""odd-cyclic"", ""legendre"": -1, ""p"": 5}]}|{""N"": 32, ""cyclic_key"": 1, ""prime"": [{""brown_mod8"": 1, ""canonical_t"": 1, ""e"": 5, ""kind"": ""2-cyclic-odd"", ""p"": 2}]}|{""N"": 5, ""cyclic_key"": 4, ""prime"": [{""canonical_t"": 1, ""e"": 1, ""kind"": ""odd-cyclic"", ""legendre"": 1, ""p"": 5}]}",True,DIRECT_SUM_SYMBOL_EXACT_FOR_ORTHOGONAL_BLOCK_PRESENTATION
233,6,"{""N"": 16, ""cyclic_key"": 1, ""prime"": [{""brown_mod8"": 1, ""canonical_t"": 1, ""e"": 4, ""kind"": ""2-cyclic-odd"", ""p"": 2}]}|{""N"": 27, ""cyclic_key"": 2, ""prime"": [{""canonical_t"": 2, ""e"": 3, ""kind"": ""odd-cyclic"", ""legendre"": -1, ""p"": 3}]}|{""N"": 27, ""cyclic_key"": 4, ""prime"": [{""canonical_t"": 1, ""e"": 3, ""kind"": ""odd-cyclic"", ""legendre"": 1, ""p"": 3}]}|{""N"": 5, ""cyclic_key"": 1, ""prime"": [{""canonical_t"": 1, ""e"": 1, ""kind"": ""odd-cyclic"", ""legendre"": 1, ""p"": 5}]}|{""N"": 5, ""cyclic_key"": 3, ""prime"": [{""canonical_t"": 2, ""e"": 1, ""kind"": ""odd-cyclic"", ""legendre"": -1, ""p"": 5}]}|{""N"": 9, ""cyclic_key"": 1, ""prime"": [{""canonical_t"": 1, ""e"": 2, ""kind"": ""odd-cyclic"", ""legendre"": 1, ""p"": 3}]}","{""N"": 16, ""cyclic_key"": 1, ""prime"": [{""brown_mod8"": 1, ""canonical_t"": 1, ""e"": 4, ""kind"": ""2-cyclic-odd"", ""p"": 2}]}|{""N"": 27, ""cyclic_key"": 2, ""prime"": [{""canonical_t"": 2, ""e"": 3, ""kind"": ""odd-cyclic"", ""legendre"": -1, ""p"": 3}]}|{""N"": 27, ""cyclic_key"": 4, ""prime"": [{""canonical_t"": 1, ""e"": 3, ""kind"": ""odd-cyclic"", ""legendre"": 1, ""p"": 3}]}|{""N"": 5, ""cyclic_key"": 1, ""prime"": [{""canonical_t"": 1, ""e"": 1, ""kind"": ""odd-cyclic"", ""legendre"": 1, ""p"": 5}]}|{""N"": 5, ""cyclic_key"": 3, ""prime"": [{""canonical_t"": 2, ""e"": 1, ""kind"": ""odd-cyclic"", ""legendre"": -1, ""p"": 5}]}|{""N"": 9, ""cyclic_key"": 1, ""prime"": [{""canonical_t"": 1, ""e"": 2, ""kind"": ""odd-cyclic"", ""legendre"": 1, ""p"": 3}]}",True,DIRECT_SUM_SYMBOL_EXACT_FOR_ORTHOGONAL_BLOCK_PRESENTATION
234,5,"{""N"": 2, ""cyclic_key"": 1, ""prime"": [{""brown_mod8"": 1, ""canonical_t"": 1, ""e"": 1, ""kind"": ""2-cyclic-odd"", ""p"": 2}]}|{""N"": 27, ""cyclic_key"": 2, ""prime"": [{""canonical_t"": 2, ""e"": 3, ""kind"": ""odd-cyclic"", ""legendre"": -1, ""p"": 3}]}|{""N"": 7, ""cyclic_key"": 6, ""prime"": [{""canonical_t"": 3, ""e"": 1, ""kind"": ""odd-cyclic"", ""legendre"": -1, ""p"": 7}]}|{""N"": 8, ""cyclic_key"": 3, ""prime"": [{""brown_mod8"": 3, ""canonical_t"": 3, ""e"": 3, ""kind"": ""2-cyclic-odd"", ""p"": 2}]}|{""N"": 9, ""cyclic_key"": 1, ""prime"": [{""canonical_t"": 1, ""e"": 2, ""kind"": ""odd-cyclic"", ""legendre"": 1, ""p"": 3}]}","{""N"": 2, ""cyclic_key"": 1, ""prime"": [{""brown_mod8"": 1, ""canonical_t"": 1, ""e"": 1, ""kind"": ""2-cyclic-odd"", ""p"": 2}]}|{""N"": 27, ""cyclic_key"": 2, ""prime"": [{""canonical_t"": 2, ""e"": 3, ""kind"": ""odd-cyclic"", ""legendre"": -1, ""p"": 3}]}|{""N"": 7, ""cyclic_key"": 6, ""prime"": [{""canonical_t"": 3, ""e"": 1, ""kind"": ""odd-cyclic"", ""legendre"": -1, ""p"": 7}]}|{""N"": 8, ""cyclic_key"": 3, ""prime"": [{""brown_mod8"": 3, ""canonical_t"": 3, ""e"": 3, ""kind"": ""2-cyclic-odd"", ""p"": 2}]}|{""N"": 9, ""cyclic_key"": 1, ""prime"": [{""canonical_t"": 1, ""e"": 2, ""kind"": ""odd-cyclic"", ""legendre"": 1, ""p"": 3}]}",True,DIRECT_SUM_SYMBOL_EXACT_FOR_ORTHOGONAL_BLOCK_PRESENTATION
235,5,"{""N"": 12, ""cyclic_key"": 7, ""prime"": [{""brown_mod8"": 7, ""canonical_t"": 7, ""e"": 2, ""kind"": ""2-cyclic-odd"", ""p"": 2}, {""canonical_t"": 1, ""e"": 1, ""kind"": ""odd-cyclic"", ""legendre"": 1, ""p"": 3}]}|{""N"": 25, ""cyclic_key"": 3, ""prime"": [{""canonical_t"": 2, ""e"": 2, ""kind"": ""odd-cyclic"", ""legendre"": -1, ""p"": 5}]}|{""N"": 5, ""cyclic_key"": 1, ""prime"": [{""canonical_t"": 1, ""e"": 1, ""kind"": ""odd-cyclic"", ""legendre"": 1, ""p"": 5}]}|{""N"": 8, ""cyclic_key"": 1, ""prime"": [{""brown_mod8"": 1, ""canonical_t"": 1, ""e"": 3, ""kind"": ""2-cyclic-odd"", ""p"": 2}]}|{""N"": 8, ""cyclic_key"": 7, ""prime"": [{""brown_mod8"": 7, ""canonical_t"": 7, ""e"": 3, ""kind"": ""2-cyclic-odd"", ""p"": 2}]}","{""N"": 12, ""cyclic_key"": 7, ""prime"": [{""brown_mod8"": 7, ""canonical_t"": 7, ""e"": 2, ""kind"": ""2-cyclic-odd"", ""p"": 2}, {""canonical_t"": 1, ""e"": 1, ""kind"": ""odd-cyclic"", ""legendre"": 1, ""p"": 3}]}|{""N"": 25, ""cyclic_key"": 3, ""prime"": [{""canonical_t"": 2, ""e"": 2, ""kind"": ""odd-cyclic"", ""legendre"": -1, ""p"": 5}]}|{""N"": 5, ""cyclic_key"": 1, ""prime"": [{""canonical_t"": 1, ""e"": 1, ""kind"": ""odd-cyclic"", ""legendre"": 1, ""p"": 5}]}|{""N"": 8, ""cyclic_key"": 1, ""prime"": [{""brown_mod8"": 1, ""canonical_t"": 1, ""e"": 3, ""kind"": ""2-cyclic-odd"", ""p"": 2}]}|{""N"": 8, ""cyclic_key"": 7, ""prime"": [{""brown_mod8"": 7, ""canonical_t"": 7, ""e"": 3, ""kind"": ""2-cyclic-odd"", ""p"": 2}]}",True,DIRECT_SUM_SYMBOL_EXACT_FOR_ORTHOGONAL_BLOCK_PRESENTATION
236,4,"{""N"": 12, ""cyclic_key"": 7, ""prime"": [{""brown_mod8"": 7, ""canonical_t"": 7, ""e"": 2, ""kind"": ""2-cyclic-odd"", ""p"": 2}, {""canonical_t"": 1, ""e"": 1, ""kind"": ""odd-cyclic"", ""legendre"": 1, ""p"": 3}]}|{""N"": 16, ""cyclic_key"": 7, ""prime"": [{""brown_mod8"": 7, ""canonical_t"": 7, ""e"": 4, ""kind"": ""2-cyclic-odd"", ""p"": 2}]}|{""N"": 27, ""cyclic_key"": 4, ""prime"": [{""canonical_t"": 1, ""e"": 3, ""kind"": ""odd-cyclic"", ""legendre"": 1, ""p"": 3}]}|{""N"": 8, ""cyclic_key"": 7, ""prime"": [{""brown_mod8"": 7, ""canonical_t"": 7, ""e"": 3, ""kind"": ""2-cyclic-odd"", ""p"": 2}]}","{""N"": 12, ""cyclic_key"": 7, ""prime"": [{""brown_mod8"": 7, ""canonical_t"": 7, ""e"": 2, ""kind"": ""2-cyclic-odd"", ""p"": 2}, {""canonical_t"": 1, ""e"": 1, ""kind"": ""odd-cyclic"", ""legendre"": 1, ""p"": 3}]}|{""N"": 16, ""cyclic_key"": 7, ""prime"": [{""brown_mod8"": 7, ""canonical_t"": 7, ""e"": 4, ""kind"": ""2-cyclic-odd"", ""p"": 2}]}|{""N"": 27, ""cyclic_key"": 4, ""prime"": [{""canonical_t"": 1, ""e"": 3, ""kind"": ""odd-cyclic"", ""legendre"": 1, ""p"": 3}]}|{""N"": 8, ""cyclic_key"": 7, ""prime"": [{""brown_mod8"": 7, ""canonical_t"": 7, ""e"": 3, ""kind"": ""2-cyclic-odd"", ""p"": 2}]}",True,DIRECT_SUM_SYMBOL_EXACT_FOR_ORTHOGONAL_BLOCK_PRESENTATION
237,7,"{""N"": 25, ""cyclic_key"": 1, ""prime"": [{""canonical_t"": 1, ""e"": 2, ""kind"": ""odd-cyclic"", ""legendre"": 1, ""p"": 5}]}|{""N"": 25, ""cyclic_key"": 3, ""prime"": [{""canonical_t"": 2, ""e"": 2, ""kind"": ""odd-cyclic"", ""legendre"": -1, ""p"": 5}]}|{""N"": 27, ""cyclic_key"": 1, ""prime"": [{""canonical_t"": 1, ""e"": 3, ""kind"": ""odd-cyclic"", ""legendre"": 1, ""p"": 3}]}|{""N"": 27, ""cyclic_key"": 4, ""prime"": [{""canonical_t"": 1, ""e"": 3, ""kind"": ""odd-cyclic"", ""legendre"": 1, ""p"": 3}]}|{""N"": 7, ""cyclic_key"": 6, ""prime"": [{""canonical_t"": 3, ""e"": 1, ""kind"": ""odd-cyclic"", ""legendre"": -1, ""p"": 7}]}|{""N"": 8, ""cyclic_key"": 3, ""prime"": [{""brown_mod8"": 3, ""canonical_t"": 3, ""e"": 3, ""kind"": ""2-cyclic-odd"", ""p"": 2}]}|{""N"": 9, ""cyclic_key"": 1, ""prime"": [{""canonical_t"": 1, ""e"": 2, ""kind"": ""odd-cyclic"", ""legendre"": 1, ""p"": 3}]}","{""N"": 25, ""cyclic_key"": 1, ""prime"": [{""canonical_t"": 1, ""e"": 2, ""kind"": ""odd-cyclic"", ""legendre"": 1, ""p"": 5}]}|{""N"": 25, ""cyclic_key"": 3, ""prime"": [{""canonical_t"": 2, ""e"": 2, ""kind"": ""odd-cyclic"", ""legendre"": -1, ""p"": 5}]}|{""N"": 27, ""cyclic_key"": 1, ""prime"": [{""canonical_t"": 1, ""e"": 3, ""kind"": ""odd-cyclic"", ""legendre"": 1, ""p"": 3}]}|{""N"": 27, ""cyclic_key"": 4, ""prime"": [{""canonical_t"": 1, ""e"": 3, ""kind"": ""odd-cyclic"", ""legendre"": 1, ""p"": 3}]}|{""N"": 7, ""cyclic_key"": 6, ""prime"": [{""canonical_t"": 3, ""e"": 1, ""kind"": ""odd-cyclic"", ""legendre"": -1, ""p"": 7}]}|{""N"": 8, ""cyclic_key"": 3, ""prime"": [{""brown_mod8"": 3, ""canonical_t"": 3, ""e"": 3, ""kind"": ""2-cyclic-odd"", ""p"": 2}]}|{""N"": 9, ""cyclic_key"": 1, ""prime"": [{""canonical_t"": 1, ""e"": 2, ""kind"": ""odd-cyclic"", ""legendre"": 1, ""p"": 3}]}",True,DIRECT_SUM_SYMBOL_EXACT_FOR_ORTHOGONAL_BLOCK_PRESENTATION
238,3,"{""N"": 25, ""cyclic_key"": 1, ""prime"": [{""canonical_t"": 1, ""e"": 2, ""kind"": ""odd-cyclic"", ""legendre"": 1, ""p"": 5}]}|{""N"": 25, ""cyclic_key"": 2, ""prime"": [{""canonical_t"": 2, ""e"": 2, ""kind"": ""odd-cyclic"", ""legendre"": -1, ""p"": 5}]}|{""N"": 9, ""cyclic_key"": 5, ""prime"": [{""canonical_t"": 2, ""e"": 2, ""kind"": ""odd-cyclic"", ""legendre"": -1, ""p"": 3}]}","{""N"": 25, ""cyclic_key"": 1, ""prime"": [{""canonical_t"": 1, ""e"": 2, ""kind"": ""odd-cyclic"", ""legendre"": 1, ""p"": 5}]}|{""N"": 25, ""cyclic_key"": 2, ""prime"": [{""canonical_t"": 2, ""e"": 2, ""kind"": ""odd-cyclic"", ""legendre"": -1, ""p"": 5}]}|{""N"": 9, ""cyclic_key"": 5, ""prime"": [{""canonical_t"": 2, ""e"": 2, ""kind"": ""odd-cyclic"", ""legendre"": -1, ""p"": 3}]}",True,DIRECT_SUM_SYMBOL_EXACT_FOR_ORTHOGONAL_BLOCK_PRESENTATION
239,6,"{""N"": 25, ""cyclic_key"": 1, ""prime"": [{""canonical_t"": 1, ""e"": 2, ""kind"": ""odd-cyclic"", ""legendre"": 1, ""p"": 5}]}|{""N"": 27, ""cyclic_key"": 4, ""prime"": [{""canonical_t"": 1, ""e"": 3, ""kind"": ""odd-cyclic"", ""legendre"": 1, ""p"": 3}]}|{""N"": 27, ""cyclic_key"": 5, ""prime"": [{""canonical_t"": 2, ""e"": 3, ""kind"": ""odd-cyclic"", ""legendre"": -1, ""p"": 3}]}|{""N"": 7, ""cyclic_key"": 2, ""prime"": [{""canonical_t"": 1, ""e"": 1, ""kind"": ""odd-cyclic"", ""legendre"": 1, ""p"": 7}]}|{""N"": 9, ""cyclic_key"": 2, ""prime"": [{""canonical_t"": 2, ""e"": 2, ""kind"": ""odd-cyclic"", ""legendre"": -1, ""p"": 3}]}|{""N"": 9, ""cyclic_key"": 5, ""prime"": [{""canonical_t"": 2, ""e"": 2, ""kind"": ""odd-cyclic"", ""legendre"": -1, ""p"": 3}]}","{""N"": 25, ""cyclic_key"": 1, ""prime"": [{""canonical_t"": 1, ""e"": 2, ""kind"": ""odd-cyclic"", ""legendre"": 1, ""p"": 5}]}|{""N"": 27, ""cyclic_key"": 4, ""prime"": [{""canonical_t"": 1, ""e"": 3, ""kind"": ""odd-cyclic"", ""legendre"": 1, ""p"": 3}]}|{""N"": 27, ""cyclic_key"": 5, ""prime"": [{""canonical_t"": 2, ""e"": 3, ""kind"": ""odd-cyclic"", ""legendre"": -1, ""p"": 3}]}|{""N"": 7, ""cyclic_key"": 2, ""prime"": [{""canonical_t"": 1, ""e"": 1, ""kind"": ""odd-cyclic"", ""legendre"": 1, ""p"": 7}]}|{""N"": 9, ""cyclic_key"": 2, ""prime"": [{""canonical_t"": 2, ""e"": 2, ""kind"": ""odd-cyclic"", ""legendre"": -1, ""p"": 3}]}|{""N"": 9, ""cyclic_key"": 5, ""prime"": [{""canonical_t"": 2, ""e"": 2, ""kind"": ""odd-cyclic"", ""legendre"": -1, ""p"": 3}]}",True,DIRECT_SUM_SYMBOL_EXACT_FOR_ORTHOGONAL_BLOCK_PRESENTATION
