r,native_Q_phase,native_Q2_phase,weil_T_r,Q_minus_T_abs,Q2_minus_T_abs
0,0+1j,-1+0j,1+0j,1.4142135623730951,2.0
1,0+1j,-1+0j,0.9238795325112867+0.3826834323650898j,1.1111404660392044,1.9615705608064609
2,0+1j,-1+0j,0+1j,6.123233995736766e-17,1.4142135623730951
3,0+1j,-1+0j,-0.9238795325112868-0.3826834323650897j,1.6629392246050905,0.39018064403225644
4,0+1j,-1+0j,1+0j,1.4142135623730951,2.0
5,0+1j,-1+0j,-0.9238795325112867-0.3826834323650898j,1.6629392246050905,0.3901806440322566
6,0+1j,-1+0j,0+1j,5.51091059616309e-16,1.4142135623730954
7,0+1j,-1+0j,0.9238795325112875+0.3826834323650878j,1.1111404660392061,1.961570560806461
