r,chi8_r,T_r_chi8_r_complex,alpha_times_odd_indicator_complex,scalar_chi8_eigen_closes
1,1,0.92387953251128674+0.38268343236508978i,0.92387953251128674+0.38268343236508978i,NO
3,-1,0.92387953251128685+0.38268343236508967i,0.92387953251128674+0.38268343236508978i,NO
5,-1,0.92387953251128674+0.38268343236508984i,0.92387953251128674+0.38268343236508978i,NO
7,1,0.92387953251128752+0.38268343236508784i,0.92387953251128674+0.38268343236508978i,NO
