case_id,events,swap,status
4-right,Q0 Q0 Q1,right,PASS
5-right,Q0 Q0 B1,right,PASS
6-right,Q0 Q0 L1,right,PASS
7-right,Q0 Q0 R1,right,PASS
8-right,Q0 Q0 Q2,right,PASS
9-right,Q0 Q0 B2,right,PASS
10-right,Q0 Q0 L2,right,PASS
11-right,Q0 Q0 R2,right,PASS
12-right,Q0 Q0 Q3,right,PASS
13-right,Q0 Q0 B3,right,PASS
14-right,Q0 Q0 L3,right,PASS
15-right,Q0 Q0 R3,right,PASS
16-right,Q0 Q0 Q4,right,PASS
17-right,Q0 Q0 B4,right,PASS
18-right,Q0 Q0 L4,right,PASS
19-right,Q0 Q0 R4,right,PASS
20-right,Q0 Q0 Q5,right,PASS
21-right,Q0 Q0 B5,right,PASS
23-right,Q0 Q0 R5,right,PASS
28-right,Q0 B0 Q1,right,PASS
29-right,Q0 B0 B1,right,PASS
30-right,Q0 B0 L1,right,PASS
31-right,Q0 B0 R1,right,PASS
32-right,Q0 B0 Q2,right,PASS
33-right,Q0 B0 B2,right,PASS
34-right,Q0 B0 L2,right,PASS
35-right,Q0 B0 R2,right,PASS
36-right,Q0 B0 Q3,right,PASS
37-right,Q0 B0 B3,right,PASS
38-right,Q0 B0 L3,right,PASS
39-right,Q0 B0 R3,right,PASS
40-right,Q0 B0 Q4,right,PASS
41-right,Q0 B0 B4,right,PASS
42-right,Q0 B0 L4,right,PASS
43-right,Q0 B0 R4,right,PASS
44-right,Q0 B0 Q5,right,PASS
45-right,Q0 B0 B5,right,PASS
47-right,Q0 B0 R5,right,PASS
51-right,Q0 L0 R0,right,PASS
56-right,Q0 L0 Q2,right,PASS
57-right,Q0 L0 B2,right,PASS
59-right,Q0 L0 R2,right,PASS
60-right,Q0 L0 Q3,right,PASS
61-right,Q0 L0 B3,right,PASS
63-right,Q0 L0 R3,right,PASS
64-right,Q0 L0 Q4,right,PASS
65-right,Q0 L0 B4,right,PASS
67-right,Q0 L0 R4,right,PASS
68-right,Q0 L0 Q5,right,PASS
69-right,Q0 L0 B5,right,PASS
71-right,Q0 L0 R5,right,PASS
74-right,Q0 R0 L0,right,PASS
75-right,Q0 R0 R0,right,PASS
76-right,Q0 R0 Q1,right,PASS
77-right,Q0 R0 B1,right,PASS
78-right,Q0 R0 L1,right,PASS
79-right,Q0 R0 R1,right,PASS
80-right,Q0 R0 Q2,right,PASS
81-right,Q0 R0 B2,right,PASS
82-right,Q0 R0 L2,right,PASS
83-right,Q0 R0 R2,right,PASS
84-right,Q0 R0 Q3,right,PASS
85-right,Q0 R0 B3,right,PASS
86-right,Q0 R0 L3,right,PASS
87-right,Q0 R0 R3,right,PASS
88-right,Q0 R0 Q4,right,PASS
89-right,Q0 R0 B4,right,PASS
90-right,Q0 R0 L4,right,PASS
91-right,Q0 R0 R4,right,PASS
92-right,Q0 R0 Q5,right,PASS
93-right,Q0 R0 B5,right,PASS
95-right,Q0 R0 R5,right,PASS
96-left,Q0 Q1 Q0,left,PASS
96-right,Q0 Q1 Q0,right,PASS
97-left,Q0 Q1 B0,left,PASS
97-right,Q0 Q1 B0,right,PASS
98-left,Q0 Q1 L0,left,PASS
99-left,Q0 Q1 R0,left,PASS
99-right,Q0 Q1 R0,right,PASS
100-left,Q0 Q1 Q1,left,PASS
101-left,Q0 Q1 B1,left,PASS
102-left,Q0 Q1 L1,left,PASS
103-left,Q0 Q1 R1,left,PASS
104-left,Q0 Q1 Q2,left,PASS
104-right,Q0 Q1 Q2,right,PASS
105-left,Q0 Q1 B2,left,PASS
105-right,Q0 Q1 B2,right,PASS
106-left,Q0 Q1 L2,left,PASS
106-right,Q0 Q1 L2,right,PASS
107-left,Q0 Q1 R2,left,PASS
107-right,Q0 Q1 R2,right,PASS
108-left,Q0 Q1 Q3,left,PASS
108-right,Q0 Q1 Q3,right,PASS
109-left,Q0 Q1 B3,left,PASS
109-right,Q0 Q1 B3,right,PASS
110-left,Q0 Q1 L3,left,PASS
110-right,Q0 Q1 L3,right,PASS
111-left,Q0 Q1 R3,left,PASS
111-right,Q0 Q1 R3,right,PASS
112-left,Q0 Q1 Q4,left,PASS
112-right,Q0 Q1 Q4,right,PASS
113-left,Q0 Q1 B4,left,PASS
113-right,Q0 Q1 B4,right,PASS
114-left,Q0 Q1 L4,left,PASS
114-right,Q0 Q1 L4,right,PASS
115-left,Q0 Q1 R4,left,PASS
115-right,Q0 Q1 R4,right,PASS
116-left,Q0 Q1 Q5,left,PASS
116-right,Q0 Q1 Q5,right,PASS
117-left,Q0 Q1 B5,left,PASS
117-right,Q0 Q1 B5,right,PASS
118-left,Q0 Q1 L5,left,PASS
118-right,Q0 Q1 L5,right,PASS
119-left,Q0 Q1 R5,left,PASS
119-right,Q0 Q1 R5,right,PASS
120-left,Q0 B1 Q0,left,PASS
120-right,Q0 B1 Q0,right,PASS
121-left,Q0 B1 B0,left,PASS
121-right,Q0 B1 B0,right,PASS
122-left,Q0 B1 L0,left,PASS
123-left,Q0 B1 R0,left,PASS
123-right,Q0 B1 R0,right,PASS
124-left,Q0 B1 Q1,left,PASS
125-left,Q0 B1 B1,left,PASS
126-left,Q0 B1 L1,left,PASS
127-left,Q0 B1 R1,left,PASS
128-left,Q0 B1 Q2,left,PASS
128-right,Q0 B1 Q2,right,PASS
129-left,Q0 B1 B2,left,PASS
129-right,Q0 B1 B2,right,PASS
130-left,Q0 B1 L2,left,PASS
130-right,Q0 B1 L2,right,PASS
131-left,Q0 B1 R2,left,PASS
131-right,Q0 B1 R2,right,PASS
132-left,Q0 B1 Q3,left,PASS
132-right,Q0 B1 Q3,right,PASS
133-left,Q0 B1 B3,left,PASS
133-right,Q0 B1 B3,right,PASS
134-left,Q0 B1 L3,left,PASS
134-right,Q0 B1 L3,right,PASS
135-left,Q0 B1 R3,left,PASS
135-right,Q0 B1 R3,right,PASS
136-left,Q0 B1 Q4,left,PASS
136-right,Q0 B1 Q4,right,PASS
137-left,Q0 B1 B4,left,PASS
137-right,Q0 B1 B4,right,PASS
138-left,Q0 B1 L4,left,PASS
138-right,Q0 B1 L4,right,PASS
139-left,Q0 B1 R4,left,PASS
139-right,Q0 B1 R4,right,PASS
140-left,Q0 B1 Q5,left,PASS
140-right,Q0 B1 Q5,right,PASS
141-left,Q0 B1 B5,left,PASS
141-right,Q0 B1 B5,right,PASS
142-left,Q0 B1 L5,left,PASS
142-right,Q0 B1 L5,right,PASS
143-left,Q0 B1 R5,left,PASS
143-right,Q0 B1 R5,right,PASS
144-left,Q0 L1 Q0,left,PASS
144-right,Q0 L1 Q0,right,PASS
145-left,Q0 L1 B0,left,PASS
145-right,Q0 L1 B0,right,PASS
146-left,Q0 L1 L0,left,PASS
147-left,Q0 L1 R0,left,PASS
147-right,Q0 L1 R0,right,PASS
148-left,Q0 L1 Q1,left,PASS
149-left,Q0 L1 B1,left,PASS
150-left,Q0 L1 L1,left,PASS
151-left,Q0 L1 R1,left,PASS
151-right,Q0 L1 R1,right,PASS
152-left,Q0 L1 Q2,left,PASS
153-left,Q0 L1 B2,left,PASS
154-left,Q0 L1 L2,left,PASS
155-left,Q0 L1 R2,left,PASS
156-left,Q0 L1 Q3,left,PASS
156-right,Q0 L1 Q3,right,PASS
157-left,Q0 L1 B3,left,PASS
157-right,Q0 L1 B3,right,PASS
158-left,Q0 L1 L3,left,PASS
159-left,Q0 L1 R3,left,PASS
159-right,Q0 L1 R3,right,PASS
160-left,Q0 L1 Q4,left,PASS
160-right,Q0 L1 Q4,right,PASS
161-left,Q0 L1 B4,left,PASS
161-right,Q0 L1 B4,right,PASS
162-left,Q0 L1 L4,left,PASS
163-left,Q0 L1 R4,left,PASS
163-right,Q0 L1 R4,right,PASS
164-left,Q0 L1 Q5,left,PASS
164-right,Q0 L1 Q5,right,PASS
165-left,Q0 L1 B5,left,PASS
165-right,Q0 L1 B5,right,PASS
166-left,Q0 L1 L5,left,PASS
167-left,Q0 L1 R5,left,PASS
167-right,Q0 L1 R5,right,PASS
168-left,Q0 R1 Q0,left,PASS
168-right,Q0 R1 Q0,right,PASS
169-left,Q0 R1 B0,left,PASS
169-right,Q0 R1 B0,right,PASS
170-left,Q0 R1 L0,left,PASS
171-left,Q0 R1 R0,left,PASS
171-right,Q0 R1 R0,right,PASS
172-left,Q0 R1 Q1,left,PASS
173-left,Q0 R1 B1,left,PASS
174-left,Q0 R1 L1,left,PASS
174-right,Q0 R1 L1,right,PASS
175-left,Q0 R1 R1,left,PASS
175-right,Q0 R1 R1,right,PASS
176-left,Q0 R1 Q2,left,PASS
176-right,Q0 R1 Q2,right,PASS
177-left,Q0 R1 B2,left,PASS
177-right,Q0 R1 B2,right,PASS
178-left,Q0 R1 L2,left,PASS
178-right,Q0 R1 L2,right,PASS
179-left,Q0 R1 R2,left,PASS
179-right,Q0 R1 R2,right,PASS
180-left,Q0 R1 Q3,left,PASS
180-right,Q0 R1 Q3,right,PASS
181-left,Q0 R1 B3,left,PASS
181-right,Q0 R1 B3,right,PASS
182-left,Q0 R1 L3,left,PASS
182-right,Q0 R1 L3,right,PASS
183-left,Q0 R1 R3,left,PASS
183-right,Q0 R1 R3,right,PASS
184-left,Q0 R1 Q4,left,PASS
184-right,Q0 R1 Q4,right,PASS
185-left,Q0 R1 B4,left,PASS
185-right,Q0 R1 B4,right,PASS
186-left,Q0 R1 L4,left,PASS
186-right,Q0 R1 L4,right,PASS
187-left,Q0 R1 R4,left,PASS
187-right,Q0 R1 R4,right,PASS
188-left,Q0 R1 Q5,left,PASS
188-right,Q0 R1 Q5,right,PASS
189-left,Q0 R1 B5,left,PASS
189-right,Q0 R1 B5,right,PASS
190-left,Q0 R1 L5,left,PASS
190-right,Q0 R1 L5,right,PASS
191-left,Q0 R1 R5,left,PASS
191-right,Q0 R1 R5,right,PASS
192-left,Q0 Q2 Q0,left,PASS
192-right,Q0 Q2 Q0,right,PASS
193-left,Q0 Q2 B0,left,PASS
193-right,Q0 Q2 B0,right,PASS
194-left,Q0 Q2 L0,left,PASS
194-right,Q0 Q2 L0,right,PASS
195-left,Q0 Q2 R0,left,PASS
195-right,Q0 Q2 R0,right,PASS
196-left,Q0 Q2 Q1,left,PASS
196-right,Q0 Q2 Q1,right,PASS
197-left,Q0 Q2 B1,left,PASS
197-right,Q0 Q2 B1,right,PASS
198-left,Q0 Q2 L1,left,PASS
199-left,Q0 Q2 R1,left,PASS
199-right,Q0 Q2 R1,right,PASS
200-left,Q0 Q2 Q2,left,PASS
201-left,Q0 Q2 B2,left,PASS
202-left,Q0 Q2 L2,left,PASS
203-left,Q0 Q2 R2,left,PASS
204-left,Q0 Q2 Q3,left,PASS
204-right,Q0 Q2 Q3,right,PASS
205-left,Q0 Q2 B3,left,PASS
205-right,Q0 Q2 B3,right,PASS
206-left,Q0 Q2 L3,left,PASS
206-right,Q0 Q2 L3,right,PASS
207-left,Q0 Q2 R3,left,PASS
207-right,Q0 Q2 R3,right,PASS
208-left,Q0 Q2 Q4,left,PASS
208-right,Q0 Q2 Q4,right,PASS
209-left,Q0 Q2 B4,left,PASS
209-right,Q0 Q2 B4,right,PASS
210-left,Q0 Q2 L4,left,PASS
210-right,Q0 Q2 L4,right,PASS
211-left,Q0 Q2 R4,left,PASS
211-right,Q0 Q2 R4,right,PASS
212-left,Q0 Q2 Q5,left,PASS
212-right,Q0 Q2 Q5,right,PASS
213-left,Q0 Q2 B5,left,PASS
213-right,Q0 Q2 B5,right,PASS
214-left,Q0 Q2 L5,left,PASS
214-right,Q0 Q2 L5,right,PASS
215-left,Q0 Q2 R5,left,PASS
215-right,Q0 Q2 R5,right,PASS
216-left,Q0 B2 Q0,left,PASS
216-right,Q0 B2 Q0,right,PASS
217-left,Q0 B2 B0,left,PASS
217-right,Q0 B2 B0,right,PASS
218-left,Q0 B2 L0,left,PASS
218-right,Q0 B2 L0,right,PASS
219-left,Q0 B2 R0,left,PASS
219-right,Q0 B2 R0,right,PASS
220-left,Q0 B2 Q1,left,PASS
220-right,Q0 B2 Q1,right,PASS
221-left,Q0 B2 B1,left,PASS
221-right,Q0 B2 B1,right,PASS
222-left,Q0 B2 L1,left,PASS
223-left,Q0 B2 R1,left,PASS
223-right,Q0 B2 R1,right,PASS
224-left,Q0 B2 Q2,left,PASS
225-left,Q0 B2 B2,left,PASS
226-left,Q0 B2 L2,left,PASS
227-left,Q0 B2 R2,left,PASS
228-left,Q0 B2 Q3,left,PASS
228-right,Q0 B2 Q3,right,PASS
229-left,Q0 B2 B3,left,PASS
229-right,Q0 B2 B3,right,PASS
230-left,Q0 B2 L3,left,PASS
230-right,Q0 B2 L3,right,PASS
231-left,Q0 B2 R3,left,PASS
231-right,Q0 B2 R3,right,PASS
232-left,Q0 B2 Q4,left,PASS
232-right,Q0 B2 Q4,right,PASS
233-left,Q0 B2 B4,left,PASS
233-right,Q0 B2 B4,right,PASS
234-left,Q0 B2 L4,left,PASS
234-right,Q0 B2 L4,right,PASS
235-left,Q0 B2 R4,left,PASS
235-right,Q0 B2 R4,right,PASS
236-left,Q0 B2 Q5,left,PASS
236-right,Q0 B2 Q5,right,PASS
237-left,Q0 B2 B5,left,PASS
237-right,Q0 B2 B5,right,PASS
238-left,Q0 B2 L5,left,PASS
238-right,Q0 B2 L5,right,PASS
239-left,Q0 B2 R5,left,PASS
239-right,Q0 B2 R5,right,PASS
240-left,Q0 L2 Q0,left,PASS
240-right,Q0 L2 Q0,right,PASS
241-left,Q0 L2 B0,left,PASS
241-right,Q0 L2 B0,right,PASS
242-left,Q0 L2 L0,left,PASS
243-left,Q0 L2 R0,left,PASS
243-right,Q0 L2 R0,right,PASS
244-left,Q0 L2 Q1,left,PASS
244-right,Q0 L2 Q1,right,PASS
245-left,Q0 L2 B1,left,PASS
245-right,Q0 L2 B1,right,PASS
246-left,Q0 L2 L1,left,PASS
247-left,Q0 L2 R1,left,PASS
247-right,Q0 L2 R1,right,PASS
248-left,Q0 L2 Q2,left,PASS
249-left,Q0 L2 B2,left,PASS
250-left,Q0 L2 L2,left,PASS
251-left,Q0 L2 R2,left,PASS
251-right,Q0 L2 R2,right,PASS
252-left,Q0 L2 Q3,left,PASS
253-left,Q0 L2 B3,left,PASS
254-left,Q0 L2 L3,left,PASS
255-left,Q0 L2 R3,left,PASS
256-left,Q0 L2 Q4,left,PASS
256-right,Q0 L2 Q4,right,PASS
257-left,Q0 L2 B4,left,PASS
257-right,Q0 L2 B4,right,PASS
258-left,Q0 L2 L4,left,PASS
259-left,Q0 L2 R4,left,PASS
259-right,Q0 L2 R4,right,PASS
260-left,Q0 L2 Q5,left,PASS
260-right,Q0 L2 Q5,right,PASS
261-left,Q0 L2 B5,left,PASS
261-right,Q0 L2 B5,right,PASS
262-left,Q0 L2 L5,left,PASS
263-left,Q0 L2 R5,left,PASS
263-right,Q0 L2 R5,right,PASS
264-left,Q0 R2 Q0,left,PASS
264-right,Q0 R2 Q0,right,PASS
265-left,Q0 R2 B0,left,PASS
265-right,Q0 R2 B0,right,PASS
266-left,Q0 R2 L0,left,PASS
266-right,Q0 R2 L0,right,PASS
267-left,Q0 R2 R0,left,PASS
267-right,Q0 R2 R0,right,PASS
268-left,Q0 R2 Q1,left,PASS
268-right,Q0 R2 Q1,right,PASS
269-left,Q0 R2 B1,left,PASS
269-right,Q0 R2 B1,right,PASS
270-left,Q0 R2 L1,left,PASS
271-left,Q0 R2 R1,left,PASS
271-right,Q0 R2 R1,right,PASS
272-left,Q0 R2 Q2,left,PASS
273-left,Q0 R2 B2,left,PASS
274-left,Q0 R2 L2,left,PASS
274-right,Q0 R2 L2,right,PASS
275-left,Q0 R2 R2,left,PASS
275-right,Q0 R2 R2,right,PASS
276-left,Q0 R2 Q3,left,PASS
276-right,Q0 R2 Q3,right,PASS
277-left,Q0 R2 B3,left,PASS
277-right,Q0 R2 B3,right,PASS
278-left,Q0 R2 L3,left,PASS
278-right,Q0 R2 L3,right,PASS
279-left,Q0 R2 R3,left,PASS
279-right,Q0 R2 R3,right,PASS
280-left,Q0 R2 Q4,left,PASS
280-right,Q0 R2 Q4,right,PASS
281-left,Q0 R2 B4,left,PASS
281-right,Q0 R2 B4,right,PASS
282-left,Q0 R2 L4,left,PASS
282-right,Q0 R2 L4,right,PASS
283-left,Q0 R2 R4,left,PASS
283-right,Q0 R2 R4,right,PASS
284-left,Q0 R2 Q5,left,PASS
284-right,Q0 R2 Q5,right,PASS
285-left,Q0 R2 B5,left,PASS
285-right,Q0 R2 B5,right,PASS
286-left,Q0 R2 L5,left,PASS
286-right,Q0 R2 L5,right,PASS
287-left,Q0 R2 R5,left,PASS
287-right,Q0 R2 R5,right,PASS
288-left,Q0 Q3 Q0,left,PASS
288-right,Q0 Q3 Q0,right,PASS
289-left,Q0 Q3 B0,left,PASS
289-right,Q0 Q3 B0,right,PASS
290-left,Q0 Q3 L0,left,PASS
290-right,Q0 Q3 L0,right,PASS
291-left,Q0 Q3 R0,left,PASS
291-right,Q0 Q3 R0,right,PASS
292-left,Q0 Q3 Q1,left,PASS
292-right,Q0 Q3 Q1,right,PASS
293-left,Q0 Q3 B1,left,PASS
293-right,Q0 Q3 B1,right,PASS
294-left,Q0 Q3 L1,left,PASS
294-right,Q0 Q3 L1,right,PASS
295-left,Q0 Q3 R1,left,PASS
295-right,Q0 Q3 R1,right,PASS
296-left,Q0 Q3 Q2,left,PASS
296-right,Q0 Q3 Q2,right,PASS
297-left,Q0 Q3 B2,left,PASS
297-right,Q0 Q3 B2,right,PASS
298-left,Q0 Q3 L2,left,PASS
299-left,Q0 Q3 R2,left,PASS
299-right,Q0 Q3 R2,right,PASS
300-left,Q0 Q3 Q3,left,PASS
301-left,Q0 Q3 B3,left,PASS
302-left,Q0 Q3 L3,left,PASS
303-left,Q0 Q3 R3,left,PASS
304-left,Q0 Q3 Q4,left,PASS
304-right,Q0 Q3 Q4,right,PASS
305-left,Q0 Q3 B4,left,PASS
305-right,Q0 Q3 B4,right,PASS
306-left,Q0 Q3 L4,left,PASS
306-right,Q0 Q3 L4,right,PASS
307-left,Q0 Q3 R4,left,PASS
307-right,Q0 Q3 R4,right,PASS
308-left,Q0 Q3 Q5,left,PASS
308-right,Q0 Q3 Q5,right,PASS
309-left,Q0 Q3 B5,left,PASS
309-right,Q0 Q3 B5,right,PASS
310-left,Q0 Q3 L5,left,PASS
310-right,Q0 Q3 L5,right,PASS
311-left,Q0 Q3 R5,left,PASS
311-right,Q0 Q3 R5,right,PASS
312-left,Q0 B3 Q0,left,PASS
312-right,Q0 B3 Q0,right,PASS
313-left,Q0 B3 B0,left,PASS
313-right,Q0 B3 B0,right,PASS
314-left,Q0 B3 L0,left,PASS
314-right,Q0 B3 L0,right,PASS
315-left,Q0 B3 R0,left,PASS
315-right,Q0 B3 R0,right,PASS
316-left,Q0 B3 Q1,left,PASS
316-right,Q0 B3 Q1,right,PASS
317-left,Q0 B3 B1,left,PASS
317-right,Q0 B3 B1,right,PASS
318-left,Q0 B3 L1,left,PASS
318-right,Q0 B3 L1,right,PASS
319-left,Q0 B3 R1,left,PASS
319-right,Q0 B3 R1,right,PASS
320-left,Q0 B3 Q2,left,PASS
320-right,Q0 B3 Q2,right,PASS
321-left,Q0 B3 B2,left,PASS
321-right,Q0 B3 B2,right,PASS
322-left,Q0 B3 L2,left,PASS
323-left,Q0 B3 R2,left,PASS
323-right,Q0 B3 R2,right,PASS
324-left,Q0 B3 Q3,left,PASS
325-left,Q0 B3 B3,left,PASS
326-left,Q0 B3 L3,left,PASS
327-left,Q0 B3 R3,left,PASS
328-left,Q0 B3 Q4,left,PASS
328-right,Q0 B3 Q4,right,PASS
329-left,Q0 B3 B4,left,PASS
329-right,Q0 B3 B4,right,PASS
330-left,Q0 B3 L4,left,PASS
330-right,Q0 B3 L4,right,PASS
331-left,Q0 B3 R4,left,PASS
331-right,Q0 B3 R4,right,PASS
332-left,Q0 B3 Q5,left,PASS
332-right,Q0 B3 Q5,right,PASS
333-left,Q0 B3 B5,left,PASS
333-right,Q0 B3 B5,right,PASS
334-left,Q0 B3 L5,left,PASS
334-right,Q0 B3 L5,right,PASS
335-left,Q0 B3 R5,left,PASS
335-right,Q0 B3 R5,right,PASS
336-left,Q0 L3 Q0,left,PASS
336-right,Q0 L3 Q0,right,PASS
337-left,Q0 L3 B0,left,PASS
337-right,Q0 L3 B0,right,PASS
338-left,Q0 L3 L0,left,PASS
339-left,Q0 L3 R0,left,PASS
339-right,Q0 L3 R0,right,PASS
340-left,Q0 L3 Q1,left,PASS
340-right,Q0 L3 Q1,right,PASS
341-left,Q0 L3 B1,left,PASS
341-right,Q0 L3 B1,right,PASS
342-left,Q0 L3 L1,left,PASS
343-left,Q0 L3 R1,left,PASS
343-right,Q0 L3 R1,right,PASS
344-left,Q0 L3 Q2,left,PASS
344-right,Q0 L3 Q2,right,PASS
345-left,Q0 L3 B2,left,PASS
345-right,Q0 L3 B2,right,PASS
346-left,Q0 L3 L2,left,PASS
347-left,Q0 L3 R2,left,PASS
347-right,Q0 L3 R2,right,PASS
348-left,Q0 L3 Q3,left,PASS
349-left,Q0 L3 B3,left,PASS
350-left,Q0 L3 L3,left,PASS
351-left,Q0 L3 R3,left,PASS
351-right,Q0 L3 R3,right,PASS
352-left,Q0 L3 Q4,left,PASS
353-left,Q0 L3 B4,left,PASS
354-left,Q0 L3 L4,left,PASS
355-left,Q0 L3 R4,left,PASS
356-left,Q0 L3 Q5,left,PASS
356-right,Q0 L3 Q5,right,PASS
357-left,Q0 L3 B5,left,PASS
357-right,Q0 L3 B5,right,PASS
358-left,Q0 L3 L5,left,PASS
359-left,Q0 L3 R5,left,PASS
359-right,Q0 L3 R5,right,PASS
360-left,Q0 R3 Q0,left,PASS
360-right,Q0 R3 Q0,right,PASS
361-left,Q0 R3 B0,left,PASS
361-right,Q0 R3 B0,right,PASS
362-left,Q0 R3 L0,left,PASS
362-right,Q0 R3 L0,right,PASS
363-left,Q0 R3 R0,left,PASS
363-right,Q0 R3 R0,right,PASS
364-left,Q0 R3 Q1,left,PASS
364-right,Q0 R3 Q1,right,PASS
365-left,Q0 R3 B1,left,PASS
365-right,Q0 R3 B1,right,PASS
366-left,Q0 R3 L1,left,PASS
366-right,Q0 R3 L1,right,PASS
367-left,Q0 R3 R1,left,PASS
367-right,Q0 R3 R1,right,PASS
368-left,Q0 R3 Q2,left,PASS
368-right,Q0 R3 Q2,right,PASS
369-left,Q0 R3 B2,left,PASS
369-right,Q0 R3 B2,right,PASS
370-left,Q0 R3 L2,left,PASS
371-left,Q0 R3 R2,left,PASS
371-right,Q0 R3 R2,right,PASS
372-left,Q0 R3 Q3,left,PASS
373-left,Q0 R3 B3,left,PASS
374-left,Q0 R3 L3,left,PASS
374-right,Q0 R3 L3,right,PASS
375-left,Q0 R3 R3,left,PASS
375-right,Q0 R3 R3,right,PASS
376-left,Q0 R3 Q4,left,PASS
376-right,Q0 R3 Q4,right,PASS
377-left,Q0 R3 B4,left,PASS
377-right,Q0 R3 B4,right,PASS
378-left,Q0 R3 L4,left,PASS
378-right,Q0 R3 L4,right,PASS
379-left,Q0 R3 R4,left,PASS
379-right,Q0 R3 R4,right,PASS
380-left,Q0 R3 Q5,left,PASS
380-right,Q0 R3 Q5,right,PASS
381-left,Q0 R3 B5,left,PASS
381-right,Q0 R3 B5,right,PASS
382-left,Q0 R3 L5,left,PASS
382-right,Q0 R3 L5,right,PASS
383-left,Q0 R3 R5,left,PASS
383-right,Q0 R3 R5,right,PASS
384-left,Q0 Q4 Q0,left,PASS
384-right,Q0 Q4 Q0,right,PASS
385-left,Q0 Q4 B0,left,PASS
385-right,Q0 Q4 B0,right,PASS
386-left,Q0 Q4 L0,left,PASS
386-right,Q0 Q4 L0,right,PASS
387-left,Q0 Q4 R0,left,PASS
387-right,Q0 Q4 R0,right,PASS
388-left,Q0 Q4 Q1,left,PASS
388-right,Q0 Q4 Q1,right,PASS
389-left,Q0 Q4 B1,left,PASS
389-right,Q0 Q4 B1,right,PASS
390-left,Q0 Q4 L1,left,PASS
390-right,Q0 Q4 L1,right,PASS
391-left,Q0 Q4 R1,left,PASS
391-right,Q0 Q4 R1,right,PASS
392-left,Q0 Q4 Q2,left,PASS
392-right,Q0 Q4 Q2,right,PASS
393-left,Q0 Q4 B2,left,PASS
393-right,Q0 Q4 B2,right,PASS
394-left,Q0 Q4 L2,left,PASS
394-right,Q0 Q4 L2,right,PASS
395-left,Q0 Q4 R2,left,PASS
395-right,Q0 Q4 R2,right,PASS
396-left,Q0 Q4 Q3,left,PASS
396-right,Q0 Q4 Q3,right,PASS
397-left,Q0 Q4 B3,left,PASS
397-right,Q0 Q4 B3,right,PASS
398-left,Q0 Q4 L3,left,PASS
399-left,Q0 Q4 R3,left,PASS
399-right,Q0 Q4 R3,right,PASS
400-left,Q0 Q4 Q4,left,PASS
401-left,Q0 Q4 B4,left,PASS
402-left,Q0 Q4 L4,left,PASS
403-left,Q0 Q4 R4,left,PASS
404-left,Q0 Q4 Q5,left,PASS
404-right,Q0 Q4 Q5,right,PASS
405-left,Q0 Q4 B5,left,PASS
405-right,Q0 Q4 B5,right,PASS
406-left,Q0 Q4 L5,left,PASS
406-right,Q0 Q4 L5,right,PASS
407-left,Q0 Q4 R5,left,PASS
407-right,Q0 Q4 R5,right,PASS
408-left,Q0 B4 Q0,left,PASS
408-right,Q0 B4 Q0,right,PASS
409-left,Q0 B4 B0,left,PASS
409-right,Q0 B4 B0,right,PASS
410-left,Q0 B4 L0,left,PASS
410-right,Q0 B4 L0,right,PASS
411-left,Q0 B4 R0,left,PASS
411-right,Q0 B4 R0,right,PASS
412-left,Q0 B4 Q1,left,PASS
412-right,Q0 B4 Q1,right,PASS
413-left,Q0 B4 B1,left,PASS
413-right,Q0 B4 B1,right,PASS
414-left,Q0 B4 L1,left,PASS
414-right,Q0 B4 L1,right,PASS
415-left,Q0 B4 R1,left,PASS
415-right,Q0 B4 R1,right,PASS
416-left,Q0 B4 Q2,left,PASS
416-right,Q0 B4 Q2,right,PASS
417-left,Q0 B4 B2,left,PASS
417-right,Q0 B4 B2,right,PASS
418-left,Q0 B4 L2,left,PASS
418-right,Q0 B4 L2,right,PASS
419-left,Q0 B4 R2,left,PASS
419-right,Q0 B4 R2,right,PASS
420-left,Q0 B4 Q3,left,PASS
420-right,Q0 B4 Q3,right,PASS
421-left,Q0 B4 B3,left,PASS
421-right,Q0 B4 B3,right,PASS
422-left,Q0 B4 L3,left,PASS
423-left,Q0 B4 R3,left,PASS
423-right,Q0 B4 R3,right,PASS
424-left,Q0 B4 Q4,left,PASS
425-left,Q0 B4 B4,left,PASS
426-left,Q0 B4 L4,left,PASS
427-left,Q0 B4 R4,left,PASS
428-left,Q0 B4 Q5,left,PASS
428-right,Q0 B4 Q5,right,PASS
429-left,Q0 B4 B5,left,PASS
429-right,Q0 B4 B5,right,PASS
430-left,Q0 B4 L5,left,PASS
430-right,Q0 B4 L5,right,PASS
431-left,Q0 B4 R5,left,PASS
431-right,Q0 B4 R5,right,PASS
432-left,Q0 L4 Q0,left,PASS
432-right,Q0 L4 Q0,right,PASS
433-left,Q0 L4 B0,left,PASS
433-right,Q0 L4 B0,right,PASS
434-left,Q0 L4 L0,left,PASS
435-left,Q0 L4 R0,left,PASS
435-right,Q0 L4 R0,right,PASS
436-left,Q0 L4 Q1,left,PASS
436-right,Q0 L4 Q1,right,PASS
437-left,Q0 L4 B1,left,PASS
437-right,Q0 L4 B1,right,PASS
438-left,Q0 L4 L1,left,PASS
439-left,Q0 L4 R1,left,PASS
439-right,Q0 L4 R1,right,PASS
440-left,Q0 L4 Q2,left,PASS
440-right,Q0 L4 Q2,right,PASS
441-left,Q0 L4 B2,left,PASS
441-right,Q0 L4 B2,right,PASS
442-left,Q0 L4 L2,left,PASS
443-left,Q0 L4 R2,left,PASS
443-right,Q0 L4 R2,right,PASS
444-left,Q0 L4 Q3,left,PASS
444-right,Q0 L4 Q3,right,PASS
445-left,Q0 L4 B3,left,PASS
445-right,Q0 L4 B3,right,PASS
446-left,Q0 L4 L3,left,PASS
447-left,Q0 L4 R3,left,PASS
447-right,Q0 L4 R3,right,PASS
448-left,Q0 L4 Q4,left,PASS
449-left,Q0 L4 B4,left,PASS
450-left,Q0 L4 L4,left,PASS
451-left,Q0 L4 R4,left,PASS
451-right,Q0 L4 R4,right,PASS
452-left,Q0 L4 Q5,left,PASS
453-left,Q0 L4 B5,left,PASS
454-left,Q0 L4 L5,left,PASS
455-left,Q0 L4 R5,left,PASS
456-left,Q0 R4 Q0,left,PASS
456-right,Q0 R4 Q0,right,PASS
457-left,Q0 R4 B0,left,PASS
457-right,Q0 R4 B0,right,PASS
458-left,Q0 R4 L0,left,PASS
458-right,Q0 R4 L0,right,PASS
459-left,Q0 R4 R0,left,PASS
459-right,Q0 R4 R0,right,PASS
460-left,Q0 R4 Q1,left,PASS
460-right,Q0 R4 Q1,right,PASS
461-left,Q0 R4 B1,left,PASS
461-right,Q0 R4 B1,right,PASS
462-left,Q0 R4 L1,left,PASS
462-right,Q0 R4 L1,right,PASS
463-left,Q0 R4 R1,left,PASS
463-right,Q0 R4 R1,right,PASS
464-left,Q0 R4 Q2,left,PASS
464-right,Q0 R4 Q2,right,PASS
465-left,Q0 R4 B2,left,PASS
465-right,Q0 R4 B2,right,PASS
466-left,Q0 R4 L2,left,PASS
466-right,Q0 R4 L2,right,PASS
467-left,Q0 R4 R2,left,PASS
467-right,Q0 R4 R2,right,PASS
468-left,Q0 R4 Q3,left,PASS
468-right,Q0 R4 Q3,right,PASS
469-left,Q0 R4 B3,left,PASS
469-right,Q0 R4 B3,right,PASS
470-left,Q0 R4 L3,left,PASS
471-left,Q0 R4 R3,left,PASS
471-right,Q0 R4 R3,right,PASS
472-left,Q0 R4 Q4,left,PASS
473-left,Q0 R4 B4,left,PASS
474-left,Q0 R4 L4,left,PASS
474-right,Q0 R4 L4,right,PASS
475-left,Q0 R4 R4,left,PASS
475-right,Q0 R4 R4,right,PASS
476-left,Q0 R4 Q5,left,PASS
476-right,Q0 R4 Q5,right,PASS
477-left,Q0 R4 B5,left,PASS
477-right,Q0 R4 B5,right,PASS
478-left,Q0 R4 L5,left,PASS
478-right,Q0 R4 L5,right,PASS
479-left,Q0 R4 R5,left,PASS
479-right,Q0 R4 R5,right,PASS
480-left,Q0 Q5 Q0,left,PASS
480-right,Q0 Q5 Q0,right,PASS
481-left,Q0 Q5 B0,left,PASS
481-right,Q0 Q5 B0,right,PASS
482-left,Q0 Q5 L0,left,PASS
482-right,Q0 Q5 L0,right,PASS
483-left,Q0 Q5 R0,left,PASS
483-right,Q0 Q5 R0,right,PASS
484-left,Q0 Q5 Q1,left,PASS
484-right,Q0 Q5 Q1,right,PASS
485-left,Q0 Q5 B1,left,PASS
485-right,Q0 Q5 B1,right,PASS
486-left,Q0 Q5 L1,left,PASS
486-right,Q0 Q5 L1,right,PASS
487-left,Q0 Q5 R1,left,PASS
487-right,Q0 Q5 R1,right,PASS
488-left,Q0 Q5 Q2,left,PASS
488-right,Q0 Q5 Q2,right,PASS
489-left,Q0 Q5 B2,left,PASS
489-right,Q0 Q5 B2,right,PASS
490-left,Q0 Q5 L2,left,PASS
490-right,Q0 Q5 L2,right,PASS
491-left,Q0 Q5 R2,left,PASS
491-right,Q0 Q5 R2,right,PASS
492-left,Q0 Q5 Q3,left,PASS
492-right,Q0 Q5 Q3,right,PASS
493-left,Q0 Q5 B3,left,PASS
493-right,Q0 Q5 B3,right,PASS
494-left,Q0 Q5 L3,left,PASS
494-right,Q0 Q5 L3,right,PASS
495-left,Q0 Q5 R3,left,PASS
495-right,Q0 Q5 R3,right,PASS
496-left,Q0 Q5 Q4,left,PASS
496-right,Q0 Q5 Q4,right,PASS
497-left,Q0 Q5 B4,left,PASS
497-right,Q0 Q5 B4,right,PASS
498-left,Q0 Q5 L4,left,PASS
499-left,Q0 Q5 R4,left,PASS
499-right,Q0 Q5 R4,right,PASS
500-left,Q0 Q5 Q5,left,PASS
501-left,Q0 Q5 B5,left,PASS
502-left,Q0 Q5 L5,left,PASS
503-left,Q0 Q5 R5,left,PASS
504-left,Q0 B5 Q0,left,PASS
504-right,Q0 B5 Q0,right,PASS
505-left,Q0 B5 B0,left,PASS
505-right,Q0 B5 B0,right,PASS
506-left,Q0 B5 L0,left,PASS
506-right,Q0 B5 L0,right,PASS
507-left,Q0 B5 R0,left,PASS
507-right,Q0 B5 R0,right,PASS
508-left,Q0 B5 Q1,left,PASS
508-right,Q0 B5 Q1,right,PASS
509-left,Q0 B5 B1,left,PASS
509-right,Q0 B5 B1,right,PASS
510-left,Q0 B5 L1,left,PASS
510-right,Q0 B5 L1,right,PASS
511-left,Q0 B5 R1,left,PASS
511-right,Q0 B5 R1,right,PASS
512-left,Q0 B5 Q2,left,PASS
512-right,Q0 B5 Q2,right,PASS
513-left,Q0 B5 B2,left,PASS
513-right,Q0 B5 B2,right,PASS
514-left,Q0 B5 L2,left,PASS
514-right,Q0 B5 L2,right,PASS
515-left,Q0 B5 R2,left,PASS
515-right,Q0 B5 R2,right,PASS
516-left,Q0 B5 Q3,left,PASS
516-right,Q0 B5 Q3,right,PASS
517-left,Q0 B5 B3,left,PASS
517-right,Q0 B5 B3,right,PASS
518-left,Q0 B5 L3,left,PASS
518-right,Q0 B5 L3,right,PASS
519-left,Q0 B5 R3,left,PASS
519-right,Q0 B5 R3,right,PASS
520-left,Q0 B5 Q4,left,PASS
520-right,Q0 B5 Q4,right,PASS
521-left,Q0 B5 B4,left,PASS
521-right,Q0 B5 B4,right,PASS
522-left,Q0 B5 L4,left,PASS
523-left,Q0 B5 R4,left,PASS
523-right,Q0 B5 R4,right,PASS
524-left,Q0 B5 Q5,left,PASS
525-left,Q0 B5 B5,left,PASS
526-left,Q0 B5 L5,left,PASS
527-left,Q0 B5 R5,left,PASS
532-right,Q0 L5 Q1,right,PASS
533-right,Q0 L5 B1,right,PASS
535-right,Q0 L5 R1,right,PASS
536-right,Q0 L5 Q2,right,PASS
537-right,Q0 L5 B2,right,PASS
539-right,Q0 L5 R2,right,PASS
540-right,Q0 L5 Q3,right,PASS
541-right,Q0 L5 B3,right,PASS
543-right,Q0 L5 R3,right,PASS
544-right,Q0 L5 Q4,right,PASS
545-right,Q0 L5 B4,right,PASS
547-right,Q0 L5 R4,right,PASS
551-right,Q0 L5 R5,right,PASS
552-left,Q0 R5 Q0,left,PASS
552-right,Q0 R5 Q0,right,PASS
553-left,Q0 R5 B0,left,PASS
553-right,Q0 R5 B0,right,PASS
554-left,Q0 R5 L0,left,PASS
554-right,Q0 R5 L0,right,PASS
555-left,Q0 R5 R0,left,PASS
555-right,Q0 R5 R0,right,PASS
556-left,Q0 R5 Q1,left,PASS
556-right,Q0 R5 Q1,right,PASS
557-left,Q0 R5 B1,left,PASS
557-right,Q0 R5 B1,right,PASS
558-left,Q0 R5 L1,left,PASS
558-right,Q0 R5 L1,right,PASS
559-left,Q0 R5 R1,left,PASS
559-right,Q0 R5 R1,right,PASS
560-left,Q0 R5 Q2,left,PASS
560-right,Q0 R5 Q2,right,PASS
561-left,Q0 R5 B2,left,PASS
561-right,Q0 R5 B2,right,PASS
562-left,Q0 R5 L2,left,PASS
562-right,Q0 R5 L2,right,PASS
563-left,Q0 R5 R2,left,PASS
563-right,Q0 R5 R2,right,PASS
564-left,Q0 R5 Q3,left,PASS
564-right,Q0 R5 Q3,right,PASS
565-left,Q0 R5 B3,left,PASS
565-right,Q0 R5 B3,right,PASS
566-left,Q0 R5 L3,left,PASS
566-right,Q0 R5 L3,right,PASS
567-left,Q0 R5 R3,left,PASS
567-right,Q0 R5 R3,right,PASS
568-left,Q0 R5 Q4,left,PASS
568-right,Q0 R5 Q4,right,PASS
569-left,Q0 R5 B4,left,PASS
569-right,Q0 R5 B4,right,PASS
570-left,Q0 R5 L4,left,PASS
571-left,Q0 R5 R4,left,PASS
571-right,Q0 R5 R4,right,PASS
572-left,Q0 R5 Q5,left,PASS
573-left,Q0 R5 B5,left,PASS
574-left,Q0 R5 L5,left,PASS
574-right,Q0 R5 L5,right,PASS
575-left,Q0 R5 R5,left,PASS
575-right,Q0 R5 R5,right,PASS
580-right,B0 Q0 Q1,right,PASS
581-right,B0 Q0 B1,right,PASS
582-right,B0 Q0 L1,right,PASS
583-right,B0 Q0 R1,right,PASS
584-right,B0 Q0 Q2,right,PASS
585-right,B0 Q0 B2,right,PASS
586-right,B0 Q0 L2,right,PASS
587-right,B0 Q0 R2,right,PASS
588-right,B0 Q0 Q3,right,PASS
589-right,B0 Q0 B3,right,PASS
590-right,B0 Q0 L3,right,PASS
591-right,B0 Q0 R3,right,PASS
592-right,B0 Q0 Q4,right,PASS
593-right,B0 Q0 B4,right,PASS
594-right,B0 Q0 L4,right,PASS
595-right,B0 Q0 R4,right,PASS
596-right,B0 Q0 Q5,right,PASS
597-right,B0 Q0 B5,right,PASS
599-right,B0 Q0 R5,right,PASS
604-right,B0 B0 Q1,right,PASS
605-right,B0 B0 B1,right,PASS
606-right,B0 B0 L1,right,PASS
607-right,B0 B0 R1,right,PASS
608-right,B0 B0 Q2,right,PASS
609-right,B0 B0 B2,right,PASS
610-right,B0 B0 L2,right,PASS
611-right,B0 B0 R2,right,PASS
612-right,B0 B0 Q3,right,PASS
613-right,B0 B0 B3,right,PASS
614-right,B0 B0 L3,right,PASS
615-right,B0 B0 R3,right,PASS
616-right,B0 B0 Q4,right,PASS
617-right,B0 B0 B4,right,PASS
618-right,B0 B0 L4,right,PASS
619-right,B0 B0 R4,right,PASS
620-right,B0 B0 Q5,right,PASS
621-right,B0 B0 B5,right,PASS
623-right,B0 B0 R5,right,PASS
627-right,B0 L0 R0,right,PASS
632-right,B0 L0 Q2,right,PASS
633-right,B0 L0 B2,right,PASS
635-right,B0 L0 R2,right,PASS
636-right,B0 L0 Q3,right,PASS
637-right,B0 L0 B3,right,PASS
639-right,B0 L0 R3,right,PASS
640-right,B0 L0 Q4,right,PASS
641-right,B0 L0 B4,right,PASS
643-right,B0 L0 R4,right,PASS
644-right,B0 L0 Q5,right,PASS
645-right,B0 L0 B5,right,PASS
647-right,B0 L0 R5,right,PASS
650-right,B0 R0 L0,right,PASS
651-right,B0 R0 R0,right,PASS
652-right,B0 R0 Q1,right,PASS
653-right,B0 R0 B1,right,PASS
654-right,B0 R0 L1,right,PASS
655-right,B0 R0 R1,right,PASS
656-right,B0 R0 Q2,right,PASS
657-right,B0 R0 B2,right,PASS
658-right,B0 R0 L2,right,PASS
659-right,B0 R0 R2,right,PASS
660-right,B0 R0 Q3,right,PASS
661-right,B0 R0 B3,right,PASS
662-right,B0 R0 L3,right,PASS
663-right,B0 R0 R3,right,PASS
664-right,B0 R0 Q4,right,PASS
665-right,B0 R0 B4,right,PASS
666-right,B0 R0 L4,right,PASS
667-right,B0 R0 R4,right,PASS
668-right,B0 R0 Q5,right,PASS
669-right,B0 R0 B5,right,PASS
671-right,B0 R0 R5,right,PASS
672-left,B0 Q1 Q0,left,PASS
672-right,B0 Q1 Q0,right,PASS
673-left,B0 Q1 B0,left,PASS
673-right,B0 Q1 B0,right,PASS
674-left,B0 Q1 L0,left,PASS
675-left,B0 Q1 R0,left,PASS
675-right,B0 Q1 R0,right,PASS
676-left,B0 Q1 Q1,left,PASS
677-left,B0 Q1 B1,left,PASS
678-left,B0 Q1 L1,left,PASS
679-left,B0 Q1 R1,left,PASS
680-left,B0 Q1 Q2,left,PASS
680-right,B0 Q1 Q2,right,PASS
681-left,B0 Q1 B2,left,PASS
681-right,B0 Q1 B2,right,PASS
682-left,B0 Q1 L2,left,PASS
682-right,B0 Q1 L2,right,PASS
683-left,B0 Q1 R2,left,PASS
683-right,B0 Q1 R2,right,PASS
684-left,B0 Q1 Q3,left,PASS
684-right,B0 Q1 Q3,right,PASS
685-left,B0 Q1 B3,left,PASS
685-right,B0 Q1 B3,right,PASS
686-left,B0 Q1 L3,left,PASS
686-right,B0 Q1 L3,right,PASS
687-left,B0 Q1 R3,left,PASS
687-right,B0 Q1 R3,right,PASS
688-left,B0 Q1 Q4,left,PASS
688-right,B0 Q1 Q4,right,PASS
689-left,B0 Q1 B4,left,PASS
689-right,B0 Q1 B4,right,PASS
690-left,B0 Q1 L4,left,PASS
690-right,B0 Q1 L4,right,PASS
691-left,B0 Q1 R4,left,PASS
691-right,B0 Q1 R4,right,PASS
692-left,B0 Q1 Q5,left,PASS
692-right,B0 Q1 Q5,right,PASS
693-left,B0 Q1 B5,left,PASS
693-right,B0 Q1 B5,right,PASS
694-left,B0 Q1 L5,left,PASS
694-right,B0 Q1 L5,right,PASS
695-left,B0 Q1 R5,left,PASS
695-right,B0 Q1 R5,right,PASS
696-left,B0 B1 Q0,left,PASS
696-right,B0 B1 Q0,right,PASS
697-left,B0 B1 B0,left,PASS
697-right,B0 B1 B0,right,PASS
698-left,B0 B1 L0,left,PASS
699-left,B0 B1 R0,left,PASS
699-right,B0 B1 R0,right,PASS
700-left,B0 B1 Q1,left,PASS
701-left,B0 B1 B1,left,PASS
702-left,B0 B1 L1,left,PASS
703-left,B0 B1 R1,left,PASS
704-left,B0 B1 Q2,left,PASS
704-right,B0 B1 Q2,right,PASS
705-left,B0 B1 B2,left,PASS
705-right,B0 B1 B2,right,PASS
706-left,B0 B1 L2,left,PASS
706-right,B0 B1 L2,right,PASS
707-left,B0 B1 R2,left,PASS
707-right,B0 B1 R2,right,PASS
708-left,B0 B1 Q3,left,PASS
708-right,B0 B1 Q3,right,PASS
709-left,B0 B1 B3,left,PASS
709-right,B0 B1 B3,right,PASS
710-left,B0 B1 L3,left,PASS
710-right,B0 B1 L3,right,PASS
711-left,B0 B1 R3,left,PASS
711-right,B0 B1 R3,right,PASS
712-left,B0 B1 Q4,left,PASS
712-right,B0 B1 Q4,right,PASS
713-left,B0 B1 B4,left,PASS
713-right,B0 B1 B4,right,PASS
714-left,B0 B1 L4,left,PASS
714-right,B0 B1 L4,right,PASS
715-left,B0 B1 R4,left,PASS
715-right,B0 B1 R4,right,PASS
716-left,B0 B1 Q5,left,PASS
716-right,B0 B1 Q5,right,PASS
717-left,B0 B1 B5,left,PASS
717-right,B0 B1 B5,right,PASS
718-left,B0 B1 L5,left,PASS
718-right,B0 B1 L5,right,PASS
719-left,B0 B1 R5,left,PASS
719-right,B0 B1 R5,right,PASS
720-left,B0 L1 Q0,left,PASS
720-right,B0 L1 Q0,right,PASS
721-left,B0 L1 B0,left,PASS
721-right,B0 L1 B0,right,PASS
722-left,B0 L1 L0,left,PASS
723-left,B0 L1 R0,left,PASS
723-right,B0 L1 R0,right,PASS
724-left,B0 L1 Q1,left,PASS
725-left,B0 L1 B1,left,PASS
726-left,B0 L1 L1,left,PASS
727-left,B0 L1 R1,left,PASS
727-right,B0 L1 R1,right,PASS
728-left,B0 L1 Q2,left,PASS
729-left,B0 L1 B2,left,PASS
730-left,B0 L1 L2,left,PASS
731-left,B0 L1 R2,left,PASS
732-left,B0 L1 Q3,left,PASS
732-right,B0 L1 Q3,right,PASS
733-left,B0 L1 B3,left,PASS
733-right,B0 L1 B3,right,PASS
734-left,B0 L1 L3,left,PASS
735-left,B0 L1 R3,left,PASS
735-right,B0 L1 R3,right,PASS
736-left,B0 L1 Q4,left,PASS
736-right,B0 L1 Q4,right,PASS
737-left,B0 L1 B4,left,PASS
737-right,B0 L1 B4,right,PASS
738-left,B0 L1 L4,left,PASS
739-left,B0 L1 R4,left,PASS
739-right,B0 L1 R4,right,PASS
740-left,B0 L1 Q5,left,PASS
740-right,B0 L1 Q5,right,PASS
741-left,B0 L1 B5,left,PASS
741-right,B0 L1 B5,right,PASS
742-left,B0 L1 L5,left,PASS
743-left,B0 L1 R5,left,PASS
743-right,B0 L1 R5,right,PASS
744-left,B0 R1 Q0,left,PASS
744-right,B0 R1 Q0,right,PASS
745-left,B0 R1 B0,left,PASS
745-right,B0 R1 B0,right,PASS
746-left,B0 R1 L0,left,PASS
747-left,B0 R1 R0,left,PASS
747-right,B0 R1 R0,right,PASS
748-left,B0 R1 Q1,left,PASS
749-left,B0 R1 B1,left,PASS
750-left,B0 R1 L1,left,PASS
750-right,B0 R1 L1,right,PASS
751-left,B0 R1 R1,left,PASS
751-right,B0 R1 R1,right,PASS
752-left,B0 R1 Q2,left,PASS
752-right,B0 R1 Q2,right,PASS
753-left,B0 R1 B2,left,PASS
753-right,B0 R1 B2,right,PASS
754-left,B0 R1 L2,left,PASS
754-right,B0 R1 L2,right,PASS
755-left,B0 R1 R2,left,PASS
755-right,B0 R1 R2,right,PASS
756-left,B0 R1 Q3,left,PASS
756-right,B0 R1 Q3,right,PASS
757-left,B0 R1 B3,left,PASS
757-right,B0 R1 B3,right,PASS
758-left,B0 R1 L3,left,PASS
758-right,B0 R1 L3,right,PASS
759-left,B0 R1 R3,left,PASS
759-right,B0 R1 R3,right,PASS
760-left,B0 R1 Q4,left,PASS
760-right,B0 R1 Q4,right,PASS
761-left,B0 R1 B4,left,PASS
761-right,B0 R1 B4,right,PASS
762-left,B0 R1 L4,left,PASS
762-right,B0 R1 L4,right,PASS
763-left,B0 R1 R4,left,PASS
763-right,B0 R1 R4,right,PASS
764-left,B0 R1 Q5,left,PASS
764-right,B0 R1 Q5,right,PASS
765-left,B0 R1 B5,left,PASS
765-right,B0 R1 B5,right,PASS
766-left,B0 R1 L5,left,PASS
766-right,B0 R1 L5,right,PASS
767-left,B0 R1 R5,left,PASS
767-right,B0 R1 R5,right,PASS
768-left,B0 Q2 Q0,left,PASS
768-right,B0 Q2 Q0,right,PASS
769-left,B0 Q2 B0,left,PASS
769-right,B0 Q2 B0,right,PASS
770-left,B0 Q2 L0,left,PASS
770-right,B0 Q2 L0,right,PASS
771-left,B0 Q2 R0,left,PASS
771-right,B0 Q2 R0,right,PASS
772-left,B0 Q2 Q1,left,PASS
772-right,B0 Q2 Q1,right,PASS
773-left,B0 Q2 B1,left,PASS
773-right,B0 Q2 B1,right,PASS
774-left,B0 Q2 L1,left,PASS
775-left,B0 Q2 R1,left,PASS
775-right,B0 Q2 R1,right,PASS
776-left,B0 Q2 Q2,left,PASS
777-left,B0 Q2 B2,left,PASS
778-left,B0 Q2 L2,left,PASS
779-left,B0 Q2 R2,left,PASS
780-left,B0 Q2 Q3,left,PASS
780-right,B0 Q2 Q3,right,PASS
781-left,B0 Q2 B3,left,PASS
781-right,B0 Q2 B3,right,PASS
782-left,B0 Q2 L3,left,PASS
782-right,B0 Q2 L3,right,PASS
783-left,B0 Q2 R3,left,PASS
783-right,B0 Q2 R3,right,PASS
784-left,B0 Q2 Q4,left,PASS
784-right,B0 Q2 Q4,right,PASS
785-left,B0 Q2 B4,left,PASS
785-right,B0 Q2 B4,right,PASS
786-left,B0 Q2 L4,left,PASS
786-right,B0 Q2 L4,right,PASS
787-left,B0 Q2 R4,left,PASS
787-right,B0 Q2 R4,right,PASS
788-left,B0 Q2 Q5,left,PASS
788-right,B0 Q2 Q5,right,PASS
789-left,B0 Q2 B5,left,PASS
789-right,B0 Q2 B5,right,PASS
790-left,B0 Q2 L5,left,PASS
790-right,B0 Q2 L5,right,PASS
791-left,B0 Q2 R5,left,PASS
791-right,B0 Q2 R5,right,PASS
792-left,B0 B2 Q0,left,PASS
792-right,B0 B2 Q0,right,PASS
793-left,B0 B2 B0,left,PASS
793-right,B0 B2 B0,right,PASS
794-left,B0 B2 L0,left,PASS
794-right,B0 B2 L0,right,PASS
795-left,B0 B2 R0,left,PASS
795-right,B0 B2 R0,right,PASS
796-left,B0 B2 Q1,left,PASS
796-right,B0 B2 Q1,right,PASS
797-left,B0 B2 B1,left,PASS
797-right,B0 B2 B1,right,PASS
798-left,B0 B2 L1,left,PASS
799-left,B0 B2 R1,left,PASS
799-right,B0 B2 R1,right,PASS
800-left,B0 B2 Q2,left,PASS
801-left,B0 B2 B2,left,PASS
802-left,B0 B2 L2,left,PASS
803-left,B0 B2 R2,left,PASS
804-left,B0 B2 Q3,left,PASS
804-right,B0 B2 Q3,right,PASS
805-left,B0 B2 B3,left,PASS
805-right,B0 B2 B3,right,PASS
806-left,B0 B2 L3,left,PASS
806-right,B0 B2 L3,right,PASS
807-left,B0 B2 R3,left,PASS
807-right,B0 B2 R3,right,PASS
808-left,B0 B2 Q4,left,PASS
808-right,B0 B2 Q4,right,PASS
809-left,B0 B2 B4,left,PASS
809-right,B0 B2 B4,right,PASS
810-left,B0 B2 L4,left,PASS
810-right,B0 B2 L4,right,PASS
811-left,B0 B2 R4,left,PASS
811-right,B0 B2 R4,right,PASS
812-left,B0 B2 Q5,left,PASS
812-right,B0 B2 Q5,right,PASS
813-left,B0 B2 B5,left,PASS
813-right,B0 B2 B5,right,PASS
814-left,B0 B2 L5,left,PASS
814-right,B0 B2 L5,right,PASS
815-left,B0 B2 R5,left,PASS
815-right,B0 B2 R5,right,PASS
816-left,B0 L2 Q0,left,PASS
816-right,B0 L2 Q0,right,PASS
817-left,B0 L2 B0,left,PASS
817-right,B0 L2 B0,right,PASS
818-left,B0 L2 L0,left,PASS
819-left,B0 L2 R0,left,PASS
819-right,B0 L2 R0,right,PASS
820-left,B0 L2 Q1,left,PASS
820-right,B0 L2 Q1,right,PASS
821-left,B0 L2 B1,left,PASS
821-right,B0 L2 B1,right,PASS
822-left,B0 L2 L1,left,PASS
823-left,B0 L2 R1,left,PASS
823-right,B0 L2 R1,right,PASS
824-left,B0 L2 Q2,left,PASS
825-left,B0 L2 B2,left,PASS
826-left,B0 L2 L2,left,PASS
827-left,B0 L2 R2,left,PASS
827-right,B0 L2 R2,right,PASS
828-left,B0 L2 Q3,left,PASS
829-left,B0 L2 B3,left,PASS
830-left,B0 L2 L3,left,PASS
831-left,B0 L2 R3,left,PASS
832-left,B0 L2 Q4,left,PASS
832-right,B0 L2 Q4,right,PASS
833-left,B0 L2 B4,left,PASS
833-right,B0 L2 B4,right,PASS
834-left,B0 L2 L4,left,PASS
835-left,B0 L2 R4,left,PASS
835-right,B0 L2 R4,right,PASS
836-left,B0 L2 Q5,left,PASS
836-right,B0 L2 Q5,right,PASS
837-left,B0 L2 B5,left,PASS
837-right,B0 L2 B5,right,PASS
838-left,B0 L2 L5,left,PASS
839-left,B0 L2 R5,left,PASS
839-right,B0 L2 R5,right,PASS
840-left,B0 R2 Q0,left,PASS
840-right,B0 R2 Q0,right,PASS
841-left,B0 R2 B0,left,PASS
841-right,B0 R2 B0,right,PASS
842-left,B0 R2 L0,left,PASS
842-right,B0 R2 L0,right,PASS
843-left,B0 R2 R0,left,PASS
843-right,B0 R2 R0,right,PASS
844-left,B0 R2 Q1,left,PASS
844-right,B0 R2 Q1,right,PASS
845-left,B0 R2 B1,left,PASS
845-right,B0 R2 B1,right,PASS
846-left,B0 R2 L1,left,PASS
847-left,B0 R2 R1,left,PASS
847-right,B0 R2 R1,right,PASS
848-left,B0 R2 Q2,left,PASS
849-left,B0 R2 B2,left,PASS
850-left,B0 R2 L2,left,PASS
850-right,B0 R2 L2,right,PASS
851-left,B0 R2 R2,left,PASS
851-right,B0 R2 R2,right,PASS
852-left,B0 R2 Q3,left,PASS
852-right,B0 R2 Q3,right,PASS
853-left,B0 R2 B3,left,PASS
853-right,B0 R2 B3,right,PASS
854-left,B0 R2 L3,left,PASS
854-right,B0 R2 L3,right,PASS
855-left,B0 R2 R3,left,PASS
855-right,B0 R2 R3,right,PASS
856-left,B0 R2 Q4,left,PASS
856-right,B0 R2 Q4,right,PASS
857-left,B0 R2 B4,left,PASS
857-right,B0 R2 B4,right,PASS
858-left,B0 R2 L4,left,PASS
858-right,B0 R2 L4,right,PASS
859-left,B0 R2 R4,left,PASS
859-right,B0 R2 R4,right,PASS
860-left,B0 R2 Q5,left,PASS
860-right,B0 R2 Q5,right,PASS
861-left,B0 R2 B5,left,PASS
861-right,B0 R2 B5,right,PASS
862-left,B0 R2 L5,left,PASS
862-right,B0 R2 L5,right,PASS
863-left,B0 R2 R5,left,PASS
863-right,B0 R2 R5,right,PASS
864-left,B0 Q3 Q0,left,PASS
864-right,B0 Q3 Q0,right,PASS
865-left,B0 Q3 B0,left,PASS
865-right,B0 Q3 B0,right,PASS
866-left,B0 Q3 L0,left,PASS
866-right,B0 Q3 L0,right,PASS
867-left,B0 Q3 R0,left,PASS
867-right,B0 Q3 R0,right,PASS
868-left,B0 Q3 Q1,left,PASS
868-right,B0 Q3 Q1,right,PASS
869-left,B0 Q3 B1,left,PASS
869-right,B0 Q3 B1,right,PASS
870-left,B0 Q3 L1,left,PASS
870-right,B0 Q3 L1,right,PASS
871-left,B0 Q3 R1,left,PASS
871-right,B0 Q3 R1,right,PASS
872-left,B0 Q3 Q2,left,PASS
872-right,B0 Q3 Q2,right,PASS
873-left,B0 Q3 B2,left,PASS
873-right,B0 Q3 B2,right,PASS
874-left,B0 Q3 L2,left,PASS
875-left,B0 Q3 R2,left,PASS
875-right,B0 Q3 R2,right,PASS
876-left,B0 Q3 Q3,left,PASS
877-left,B0 Q3 B3,left,PASS
878-left,B0 Q3 L3,left,PASS
879-left,B0 Q3 R3,left,PASS
880-left,B0 Q3 Q4,left,PASS
880-right,B0 Q3 Q4,right,PASS
881-left,B0 Q3 B4,left,PASS
881-right,B0 Q3 B4,right,PASS
882-left,B0 Q3 L4,left,PASS
882-right,B0 Q3 L4,right,PASS
883-left,B0 Q3 R4,left,PASS
883-right,B0 Q3 R4,right,PASS
884-left,B0 Q3 Q5,left,PASS
884-right,B0 Q3 Q5,right,PASS
885-left,B0 Q3 B5,left,PASS
885-right,B0 Q3 B5,right,PASS
886-left,B0 Q3 L5,left,PASS
886-right,B0 Q3 L5,right,PASS
887-left,B0 Q3 R5,left,PASS
887-right,B0 Q3 R5,right,PASS
888-left,B0 B3 Q0,left,PASS
888-right,B0 B3 Q0,right,PASS
889-left,B0 B3 B0,left,PASS
889-right,B0 B3 B0,right,PASS
890-left,B0 B3 L0,left,PASS
890-right,B0 B3 L0,right,PASS
891-left,B0 B3 R0,left,PASS
891-right,B0 B3 R0,right,PASS
892-left,B0 B3 Q1,left,PASS
892-right,B0 B3 Q1,right,PASS
893-left,B0 B3 B1,left,PASS
893-right,B0 B3 B1,right,PASS
894-left,B0 B3 L1,left,PASS
894-right,B0 B3 L1,right,PASS
895-left,B0 B3 R1,left,PASS
895-right,B0 B3 R1,right,PASS
896-left,B0 B3 Q2,left,PASS
896-right,B0 B3 Q2,right,PASS
897-left,B0 B3 B2,left,PASS
897-right,B0 B3 B2,right,PASS
898-left,B0 B3 L2,left,PASS
899-left,B0 B3 R2,left,PASS
899-right,B0 B3 R2,right,PASS
900-left,B0 B3 Q3,left,PASS
901-left,B0 B3 B3,left,PASS
902-left,B0 B3 L3,left,PASS
903-left,B0 B3 R3,left,PASS
904-left,B0 B3 Q4,left,PASS
904-right,B0 B3 Q4,right,PASS
905-left,B0 B3 B4,left,PASS
905-right,B0 B3 B4,right,PASS
906-left,B0 B3 L4,left,PASS
906-right,B0 B3 L4,right,PASS
907-left,B0 B3 R4,left,PASS
907-right,B0 B3 R4,right,PASS
908-left,B0 B3 Q5,left,PASS
908-right,B0 B3 Q5,right,PASS
909-left,B0 B3 B5,left,PASS
909-right,B0 B3 B5,right,PASS
910-left,B0 B3 L5,left,PASS
910-right,B0 B3 L5,right,PASS
911-left,B0 B3 R5,left,PASS
911-right,B0 B3 R5,right,PASS
912-left,B0 L3 Q0,left,PASS
912-right,B0 L3 Q0,right,PASS
913-left,B0 L3 B0,left,PASS
913-right,B0 L3 B0,right,PASS
914-left,B0 L3 L0,left,PASS
915-left,B0 L3 R0,left,PASS
915-right,B0 L3 R0,right,PASS
916-left,B0 L3 Q1,left,PASS
916-right,B0 L3 Q1,right,PASS
917-left,B0 L3 B1,left,PASS
917-right,B0 L3 B1,right,PASS
918-left,B0 L3 L1,left,PASS
919-left,B0 L3 R1,left,PASS
919-right,B0 L3 R1,right,PASS
920-left,B0 L3 Q2,left,PASS
920-right,B0 L3 Q2,right,PASS
921-left,B0 L3 B2,left,PASS
921-right,B0 L3 B2,right,PASS
922-left,B0 L3 L2,left,PASS
923-left,B0 L3 R2,left,PASS
923-right,B0 L3 R2,right,PASS
924-left,B0 L3 Q3,left,PASS
925-left,B0 L3 B3,left,PASS
926-left,B0 L3 L3,left,PASS
927-left,B0 L3 R3,left,PASS
927-right,B0 L3 R3,right,PASS
928-left,B0 L3 Q4,left,PASS
929-left,B0 L3 B4,left,PASS
930-left,B0 L3 L4,left,PASS
931-left,B0 L3 R4,left,PASS
932-left,B0 L3 Q5,left,PASS
932-right,B0 L3 Q5,right,PASS
933-left,B0 L3 B5,left,PASS
933-right,B0 L3 B5,right,PASS
934-left,B0 L3 L5,left,PASS
935-left,B0 L3 R5,left,PASS
935-right,B0 L3 R5,right,PASS
936-left,B0 R3 Q0,left,PASS
936-right,B0 R3 Q0,right,PASS
937-left,B0 R3 B0,left,PASS
937-right,B0 R3 B0,right,PASS
938-left,B0 R3 L0,left,PASS
938-right,B0 R3 L0,right,PASS
939-left,B0 R3 R0,left,PASS
939-right,B0 R3 R0,right,PASS
940-left,B0 R3 Q1,left,PASS
940-right,B0 R3 Q1,right,PASS
941-left,B0 R3 B1,left,PASS
941-right,B0 R3 B1,right,PASS
942-left,B0 R3 L1,left,PASS
942-right,B0 R3 L1,right,PASS
943-left,B0 R3 R1,left,PASS
943-right,B0 R3 R1,right,PASS
944-left,B0 R3 Q2,left,PASS
944-right,B0 R3 Q2,right,PASS
945-left,B0 R3 B2,left,PASS
945-right,B0 R3 B2,right,PASS
946-left,B0 R3 L2,left,PASS
947-left,B0 R3 R2,left,PASS
947-right,B0 R3 R2,right,PASS
948-left,B0 R3 Q3,left,PASS
949-left,B0 R3 B3,left,PASS
950-left,B0 R3 L3,left,PASS
950-right,B0 R3 L3,right,PASS
951-left,B0 R3 R3,left,PASS
951-right,B0 R3 R3,right,PASS
952-left,B0 R3 Q4,left,PASS
952-right,B0 R3 Q4,right,PASS
953-left,B0 R3 B4,left,PASS
953-right,B0 R3 B4,right,PASS
954-left,B0 R3 L4,left,PASS
954-right,B0 R3 L4,right,PASS
955-left,B0 R3 R4,left,PASS
955-right,B0 R3 R4,right,PASS
956-left,B0 R3 Q5,left,PASS
956-right,B0 R3 Q5,right,PASS
957-left,B0 R3 B5,left,PASS
957-right,B0 R3 B5,right,PASS
958-left,B0 R3 L5,left,PASS
958-right,B0 R3 L5,right,PASS
959-left,B0 R3 R5,left,PASS
959-right,B0 R3 R5,right,PASS
960-left,B0 Q4 Q0,left,PASS
960-right,B0 Q4 Q0,right,PASS
961-left,B0 Q4 B0,left,PASS
961-right,B0 Q4 B0,right,PASS
962-left,B0 Q4 L0,left,PASS
962-right,B0 Q4 L0,right,PASS
963-left,B0 Q4 R0,left,PASS
963-right,B0 Q4 R0,right,PASS
964-left,B0 Q4 Q1,left,PASS
964-right,B0 Q4 Q1,right,PASS
965-left,B0 Q4 B1,left,PASS
965-right,B0 Q4 B1,right,PASS
966-left,B0 Q4 L1,left,PASS
966-right,B0 Q4 L1,right,PASS
967-left,B0 Q4 R1,left,PASS
967-right,B0 Q4 R1,right,PASS
968-left,B0 Q4 Q2,left,PASS
968-right,B0 Q4 Q2,right,PASS
969-left,B0 Q4 B2,left,PASS
969-right,B0 Q4 B2,right,PASS
970-left,B0 Q4 L2,left,PASS
970-right,B0 Q4 L2,right,PASS
971-left,B0 Q4 R2,left,PASS
971-right,B0 Q4 R2,right,PASS
972-left,B0 Q4 Q3,left,PASS
972-right,B0 Q4 Q3,right,PASS
973-left,B0 Q4 B3,left,PASS
973-right,B0 Q4 B3,right,PASS
974-left,B0 Q4 L3,left,PASS
975-left,B0 Q4 R3,left,PASS
975-right,B0 Q4 R3,right,PASS
976-left,B0 Q4 Q4,left,PASS
977-left,B0 Q4 B4,left,PASS
978-left,B0 Q4 L4,left,PASS
979-left,B0 Q4 R4,left,PASS
980-left,B0 Q4 Q5,left,PASS
980-right,B0 Q4 Q5,right,PASS
981-left,B0 Q4 B5,left,PASS
981-right,B0 Q4 B5,right,PASS
982-left,B0 Q4 L5,left,PASS
982-right,B0 Q4 L5,right,PASS
983-left,B0 Q4 R5,left,PASS
983-right,B0 Q4 R5,right,PASS
984-left,B0 B4 Q0,left,PASS
984-right,B0 B4 Q0,right,PASS
985-left,B0 B4 B0,left,PASS
985-right,B0 B4 B0,right,PASS
986-left,B0 B4 L0,left,PASS
986-right,B0 B4 L0,right,PASS
987-left,B0 B4 R0,left,PASS
987-right,B0 B4 R0,right,PASS
988-left,B0 B4 Q1,left,PASS
988-right,B0 B4 Q1,right,PASS
989-left,B0 B4 B1,left,PASS
989-right,B0 B4 B1,right,PASS
990-left,B0 B4 L1,left,PASS
990-right,B0 B4 L1,right,PASS
991-left,B0 B4 R1,left,PASS
991-right,B0 B4 R1,right,PASS
992-left,B0 B4 Q2,left,PASS
992-right,B0 B4 Q2,right,PASS
993-left,B0 B4 B2,left,PASS
993-right,B0 B4 B2,right,PASS
994-left,B0 B4 L2,left,PASS
994-right,B0 B4 L2,right,PASS
995-left,B0 B4 R2,left,PASS
995-right,B0 B4 R2,right,PASS
996-left,B0 B4 Q3,left,PASS
996-right,B0 B4 Q3,right,PASS
997-left,B0 B4 B3,left,PASS
997-right,B0 B4 B3,right,PASS
998-left,B0 B4 L3,left,PASS
999-left,B0 B4 R3,left,PASS
999-right,B0 B4 R3,right,PASS
1000-left,B0 B4 Q4,left,PASS
1001-left,B0 B4 B4,left,PASS
1002-left,B0 B4 L4,left,PASS
1003-left,B0 B4 R4,left,PASS
1004-left,B0 B4 Q5,left,PASS
1004-right,B0 B4 Q5,right,PASS
1005-left,B0 B4 B5,left,PASS
1005-right,B0 B4 B5,right,PASS
1006-left,B0 B4 L5,left,PASS
1006-right,B0 B4 L5,right,PASS
1007-left,B0 B4 R5,left,PASS
1007-right,B0 B4 R5,right,PASS
1008-left,B0 L4 Q0,left,PASS
1008-right,B0 L4 Q0,right,PASS
1009-left,B0 L4 B0,left,PASS
1009-right,B0 L4 B0,right,PASS
1010-left,B0 L4 L0,left,PASS
1011-left,B0 L4 R0,left,PASS
1011-right,B0 L4 R0,right,PASS
1012-left,B0 L4 Q1,left,PASS
1012-right,B0 L4 Q1,right,PASS
1013-left,B0 L4 B1,left,PASS
1013-right,B0 L4 B1,right,PASS
1014-left,B0 L4 L1,left,PASS
1015-left,B0 L4 R1,left,PASS
1015-right,B0 L4 R1,right,PASS
1016-left,B0 L4 Q2,left,PASS
1016-right,B0 L4 Q2,right,PASS
1017-left,B0 L4 B2,left,PASS
1017-right,B0 L4 B2,right,PASS
1018-left,B0 L4 L2,left,PASS
1019-left,B0 L4 R2,left,PASS
1019-right,B0 L4 R2,right,PASS
1020-left,B0 L4 Q3,left,PASS
1020-right,B0 L4 Q3,right,PASS
1021-left,B0 L4 B3,left,PASS
1021-right,B0 L4 B3,right,PASS
1022-left,B0 L4 L3,left,PASS
1023-left,B0 L4 R3,left,PASS
1023-right,B0 L4 R3,right,PASS
1024-left,B0 L4 Q4,left,PASS
1025-left,B0 L4 B4,left,PASS
1026-left,B0 L4 L4,left,PASS
1027-left,B0 L4 R4,left,PASS
1027-right,B0 L4 R4,right,PASS
1028-left,B0 L4 Q5,left,PASS
1029-left,B0 L4 B5,left,PASS
1030-left,B0 L4 L5,left,PASS
1031-left,B0 L4 R5,left,PASS
1032-left,B0 R4 Q0,left,PASS
1032-right,B0 R4 Q0,right,PASS
1033-left,B0 R4 B0,left,PASS
1033-right,B0 R4 B0,right,PASS
1034-left,B0 R4 L0,left,PASS
1034-right,B0 R4 L0,right,PASS
1035-left,B0 R4 R0,left,PASS
1035-right,B0 R4 R0,right,PASS
1036-left,B0 R4 Q1,left,PASS
1036-right,B0 R4 Q1,right,PASS
1037-left,B0 R4 B1,left,PASS
1037-right,B0 R4 B1,right,PASS
1038-left,B0 R4 L1,left,PASS
1038-right,B0 R4 L1,right,PASS
1039-left,B0 R4 R1,left,PASS
1039-right,B0 R4 R1,right,PASS
1040-left,B0 R4 Q2,left,PASS
1040-right,B0 R4 Q2,right,PASS
1041-left,B0 R4 B2,left,PASS
1041-right,B0 R4 B2,right,PASS
1042-left,B0 R4 L2,left,PASS
1042-right,B0 R4 L2,right,PASS
1043-left,B0 R4 R2,left,PASS
1043-right,B0 R4 R2,right,PASS
1044-left,B0 R4 Q3,left,PASS
1044-right,B0 R4 Q3,right,PASS
1045-left,B0 R4 B3,left,PASS
1045-right,B0 R4 B3,right,PASS
1046-left,B0 R4 L3,left,PASS
1047-left,B0 R4 R3,left,PASS
1047-right,B0 R4 R3,right,PASS
1048-left,B0 R4 Q4,left,PASS
1049-left,B0 R4 B4,left,PASS
1050-left,B0 R4 L4,left,PASS
1050-right,B0 R4 L4,right,PASS
1051-left,B0 R4 R4,left,PASS
1051-right,B0 R4 R4,right,PASS
1052-left,B0 R4 Q5,left,PASS
1052-right,B0 R4 Q5,right,PASS
1053-left,B0 R4 B5,left,PASS
1053-right,B0 R4 B5,right,PASS
1054-left,B0 R4 L5,left,PASS
1054-right,B0 R4 L5,right,PASS
1055-left,B0 R4 R5,left,PASS
1055-right,B0 R4 R5,right,PASS
1056-left,B0 Q5 Q0,left,PASS
1056-right,B0 Q5 Q0,right,PASS
1057-left,B0 Q5 B0,left,PASS
1057-right,B0 Q5 B0,right,PASS
1058-left,B0 Q5 L0,left,PASS
1058-right,B0 Q5 L0,right,PASS
1059-left,B0 Q5 R0,left,PASS
1059-right,B0 Q5 R0,right,PASS
1060-left,B0 Q5 Q1,left,PASS
1060-right,B0 Q5 Q1,right,PASS
1061-left,B0 Q5 B1,left,PASS
1061-right,B0 Q5 B1,right,PASS
1062-left,B0 Q5 L1,left,PASS
1062-right,B0 Q5 L1,right,PASS
1063-left,B0 Q5 R1,left,PASS
1063-right,B0 Q5 R1,right,PASS
1064-left,B0 Q5 Q2,left,PASS
1064-right,B0 Q5 Q2,right,PASS
1065-left,B0 Q5 B2,left,PASS
1065-right,B0 Q5 B2,right,PASS
1066-left,B0 Q5 L2,left,PASS
1066-right,B0 Q5 L2,right,PASS
1067-left,B0 Q5 R2,left,PASS
1067-right,B0 Q5 R2,right,PASS
1068-left,B0 Q5 Q3,left,PASS
1068-right,B0 Q5 Q3,right,PASS
1069-left,B0 Q5 B3,left,PASS
1069-right,B0 Q5 B3,right,PASS
1070-left,B0 Q5 L3,left,PASS
1070-right,B0 Q5 L3,right,PASS
1071-left,B0 Q5 R3,left,PASS
1071-right,B0 Q5 R3,right,PASS
1072-left,B0 Q5 Q4,left,PASS
1072-right,B0 Q5 Q4,right,PASS
1073-left,B0 Q5 B4,left,PASS
1073-right,B0 Q5 B4,right,PASS
1074-left,B0 Q5 L4,left,PASS
1075-left,B0 Q5 R4,left,PASS
1075-right,B0 Q5 R4,right,PASS
1076-left,B0 Q5 Q5,left,PASS
1077-left,B0 Q5 B5,left,PASS
1078-left,B0 Q5 L5,left,PASS
1079-left,B0 Q5 R5,left,PASS
1080-left,B0 B5 Q0,left,PASS
1080-right,B0 B5 Q0,right,PASS
1081-left,B0 B5 B0,left,PASS
1081-right,B0 B5 B0,right,PASS
1082-left,B0 B5 L0,left,PASS
1082-right,B0 B5 L0,right,PASS
1083-left,B0 B5 R0,left,PASS
1083-right,B0 B5 R0,right,PASS
1084-left,B0 B5 Q1,left,PASS
1084-right,B0 B5 Q1,right,PASS
1085-left,B0 B5 B1,left,PASS
1085-right,B0 B5 B1,right,PASS
1086-left,B0 B5 L1,left,PASS
1086-right,B0 B5 L1,right,PASS
1087-left,B0 B5 R1,left,PASS
1087-right,B0 B5 R1,right,PASS
1088-left,B0 B5 Q2,left,PASS
1088-right,B0 B5 Q2,right,PASS
1089-left,B0 B5 B2,left,PASS
1089-right,B0 B5 B2,right,PASS
1090-left,B0 B5 L2,left,PASS
1090-right,B0 B5 L2,right,PASS
1091-left,B0 B5 R2,left,PASS
1091-right,B0 B5 R2,right,PASS
1092-left,B0 B5 Q3,left,PASS
1092-right,B0 B5 Q3,right,PASS
1093-left,B0 B5 B3,left,PASS
1093-right,B0 B5 B3,right,PASS
1094-left,B0 B5 L3,left,PASS
1094-right,B0 B5 L3,right,PASS
1095-left,B0 B5 R3,left,PASS
1095-right,B0 B5 R3,right,PASS
1096-left,B0 B5 Q4,left,PASS
1096-right,B0 B5 Q4,right,PASS
1097-left,B0 B5 B4,left,PASS
1097-right,B0 B5 B4,right,PASS
1098-left,B0 B5 L4,left,PASS
1099-left,B0 B5 R4,left,PASS
1099-right,B0 B5 R4,right,PASS
1100-left,B0 B5 Q5,left,PASS
1101-left,B0 B5 B5,left,PASS
1102-left,B0 B5 L5,left,PASS
1103-left,B0 B5 R5,left,PASS
1108-right,B0 L5 Q1,right,PASS
1109-right,B0 L5 B1,right,PASS
1111-right,B0 L5 R1,right,PASS
1112-right,B0 L5 Q2,right,PASS
1113-right,B0 L5 B2,right,PASS
1115-right,B0 L5 R2,right,PASS
1116-right,B0 L5 Q3,right,PASS
1117-right,B0 L5 B3,right,PASS
1119-right,B0 L5 R3,right,PASS
1120-right,B0 L5 Q4,right,PASS
1121-right,B0 L5 B4,right,PASS
1123-right,B0 L5 R4,right,PASS
1127-right,B0 L5 R5,right,PASS
1128-left,B0 R5 Q0,left,PASS
1128-right,B0 R5 Q0,right,PASS
1129-left,B0 R5 B0,left,PASS
1129-right,B0 R5 B0,right,PASS
1130-left,B0 R5 L0,left,PASS
1130-right,B0 R5 L0,right,PASS
1131-left,B0 R5 R0,left,PASS
1131-right,B0 R5 R0,right,PASS
1132-left,B0 R5 Q1,left,PASS
1132-right,B0 R5 Q1,right,PASS
1133-left,B0 R5 B1,left,PASS
1133-right,B0 R5 B1,right,PASS
1134-left,B0 R5 L1,left,PASS
1134-right,B0 R5 L1,right,PASS
1135-left,B0 R5 R1,left,PASS
1135-right,B0 R5 R1,right,PASS
1136-left,B0 R5 Q2,left,PASS
1136-right,B0 R5 Q2,right,PASS
1137-left,B0 R5 B2,left,PASS
1137-right,B0 R5 B2,right,PASS
1138-left,B0 R5 L2,left,PASS
1138-right,B0 R5 L2,right,PASS
1139-left,B0 R5 R2,left,PASS
1139-right,B0 R5 R2,right,PASS
1140-left,B0 R5 Q3,left,PASS
1140-right,B0 R5 Q3,right,PASS
1141-left,B0 R5 B3,left,PASS
1141-right,B0 R5 B3,right,PASS
1142-left,B0 R5 L3,left,PASS
1142-right,B0 R5 L3,right,PASS
1143-left,B0 R5 R3,left,PASS
1143-right,B0 R5 R3,right,PASS
1144-left,B0 R5 Q4,left,PASS
1144-right,B0 R5 Q4,right,PASS
1145-left,B0 R5 B4,left,PASS
1145-right,B0 R5 B4,right,PASS
1146-left,B0 R5 L4,left,PASS
1147-left,B0 R5 R4,left,PASS
1147-right,B0 R5 R4,right,PASS
1148-left,B0 R5 Q5,left,PASS
1149-left,B0 R5 B5,left,PASS
1150-left,B0 R5 L5,left,PASS
1150-right,B0 R5 L5,right,PASS
1151-left,B0 R5 R5,left,PASS
1151-right,B0 R5 R5,right,PASS
1156-right,L0 Q0 Q1,right,PASS
1157-right,L0 Q0 B1,right,PASS
1158-right,L0 Q0 L1,right,PASS
1159-right,L0 Q0 R1,right,PASS
1160-right,L0 Q0 Q2,right,PASS
1161-right,L0 Q0 B2,right,PASS
1162-right,L0 Q0 L2,right,PASS
1163-right,L0 Q0 R2,right,PASS
1164-right,L0 Q0 Q3,right,PASS
1165-right,L0 Q0 B3,right,PASS
1166-right,L0 Q0 L3,right,PASS
1167-right,L0 Q0 R3,right,PASS
1168-right,L0 Q0 Q4,right,PASS
1169-right,L0 Q0 B4,right,PASS
1170-right,L0 Q0 L4,right,PASS
1171-right,L0 Q0 R4,right,PASS
1172-right,L0 Q0 Q5,right,PASS
1173-right,L0 Q0 B5,right,PASS
1175-right,L0 Q0 R5,right,PASS
1180-right,L0 B0 Q1,right,PASS
1181-right,L0 B0 B1,right,PASS
1182-right,L0 B0 L1,right,PASS
1183-right,L0 B0 R1,right,PASS
1184-right,L0 B0 Q2,right,PASS
1185-right,L0 B0 B2,right,PASS
1186-right,L0 B0 L2,right,PASS
1187-right,L0 B0 R2,right,PASS
1188-right,L0 B0 Q3,right,PASS
1189-right,L0 B0 B3,right,PASS
1190-right,L0 B0 L3,right,PASS
1191-right,L0 B0 R3,right,PASS
1192-right,L0 B0 Q4,right,PASS
1193-right,L0 B0 B4,right,PASS
1194-right,L0 B0 L4,right,PASS
1195-right,L0 B0 R4,right,PASS
1196-right,L0 B0 Q5,right,PASS
1197-right,L0 B0 B5,right,PASS
1199-right,L0 B0 R5,right,PASS
1203-right,L0 L0 R0,right,PASS
1208-right,L0 L0 Q2,right,PASS
1209-right,L0 L0 B2,right,PASS
1211-right,L0 L0 R2,right,PASS
1212-right,L0 L0 Q3,right,PASS
1213-right,L0 L0 B3,right,PASS
1215-right,L0 L0 R3,right,PASS
1216-right,L0 L0 Q4,right,PASS
1217-right,L0 L0 B4,right,PASS
1219-right,L0 L0 R4,right,PASS
1220-right,L0 L0 Q5,right,PASS
1221-right,L0 L0 B5,right,PASS
1223-right,L0 L0 R5,right,PASS
1224-left,L0 R0 Q0,left,PASS
1225-left,L0 R0 B0,left,PASS
1226-left,L0 R0 L0,left,PASS
1226-right,L0 R0 L0,right,PASS
1227-left,L0 R0 R0,left,PASS
1227-right,L0 R0 R0,right,PASS
1228-left,L0 R0 Q1,left,PASS
1228-right,L0 R0 Q1,right,PASS
1229-left,L0 R0 B1,left,PASS
1229-right,L0 R0 B1,right,PASS
1230-left,L0 R0 L1,left,PASS
1230-right,L0 R0 L1,right,PASS
1231-left,L0 R0 R1,left,PASS
1231-right,L0 R0 R1,right,PASS
1232-left,L0 R0 Q2,left,PASS
1232-right,L0 R0 Q2,right,PASS
1233-left,L0 R0 B2,left,PASS
1233-right,L0 R0 B2,right,PASS
1234-left,L0 R0 L2,left,PASS
1234-right,L0 R0 L2,right,PASS
1235-left,L0 R0 R2,left,PASS
1235-right,L0 R0 R2,right,PASS
1236-left,L0 R0 Q3,left,PASS
1236-right,L0 R0 Q3,right,PASS
1237-left,L0 R0 B3,left,PASS
1237-right,L0 R0 B3,right,PASS
1238-left,L0 R0 L3,left,PASS
1238-right,L0 R0 L3,right,PASS
1239-left,L0 R0 R3,left,PASS
1239-right,L0 R0 R3,right,PASS
1240-left,L0 R0 Q4,left,PASS
1240-right,L0 R0 Q4,right,PASS
1241-left,L0 R0 B4,left,PASS
1241-right,L0 R0 B4,right,PASS
1242-left,L0 R0 L4,left,PASS
1242-right,L0 R0 L4,right,PASS
1243-left,L0 R0 R4,left,PASS
1243-right,L0 R0 R4,right,PASS
1244-left,L0 R0 Q5,left,PASS
1244-right,L0 R0 Q5,right,PASS
1245-left,L0 R0 B5,left,PASS
1245-right,L0 R0 B5,right,PASS
1246-left,L0 R0 L5,left,PASS
1247-left,L0 R0 R5,left,PASS
1247-right,L0 R0 R5,right,PASS
1248-right,L0 Q1 Q0,right,PASS
1249-right,L0 Q1 B0,right,PASS
1251-right,L0 Q1 R0,right,PASS
1256-right,L0 Q1 Q2,right,PASS
1257-right,L0 Q1 B2,right,PASS
1258-right,L0 Q1 L2,right,PASS
1259-right,L0 Q1 R2,right,PASS
1260-right,L0 Q1 Q3,right,PASS
1261-right,L0 Q1 B3,right,PASS
1262-right,L0 Q1 L3,right,PASS
1263-right,L0 Q1 R3,right,PASS
1264-right,L0 Q1 Q4,right,PASS
1265-right,L0 Q1 B4,right,PASS
1266-right,L0 Q1 L4,right,PASS
1267-right,L0 Q1 R4,right,PASS
1268-right,L0 Q1 Q5,right,PASS
1269-right,L0 Q1 B5,right,PASS
1270-right,L0 Q1 L5,right,PASS
1271-right,L0 Q1 R5,right,PASS
1272-right,L0 B1 Q0,right,PASS
1273-right,L0 B1 B0,right,PASS
1275-right,L0 B1 R0,right,PASS
1280-right,L0 B1 Q2,right,PASS
1281-right,L0 B1 B2,right,PASS
1282-right,L0 B1 L2,right,PASS
1283-right,L0 B1 R2,right,PASS
1284-right,L0 B1 Q3,right,PASS
1285-right,L0 B1 B3,right,PASS
1286-right,L0 B1 L3,right,PASS
1287-right,L0 B1 R3,right,PASS
1288-right,L0 B1 Q4,right,PASS
1289-right,L0 B1 B4,right,PASS
1290-right,L0 B1 L4,right,PASS
1291-right,L0 B1 R4,right,PASS
1292-right,L0 B1 Q5,right,PASS
1293-right,L0 B1 B5,right,PASS
1294-right,L0 B1 L5,right,PASS
1295-right,L0 B1 R5,right,PASS
1296-right,L0 L1 Q0,right,PASS
1297-right,L0 L1 B0,right,PASS
1299-right,L0 L1 R0,right,PASS
1303-right,L0 L1 R1,right,PASS
1308-right,L0 L1 Q3,right,PASS
1309-right,L0 L1 B3,right,PASS
1311-right,L0 L1 R3,right,PASS
1312-right,L0 L1 Q4,right,PASS
1313-right,L0 L1 B4,right,PASS
1315-right,L0 L1 R4,right,PASS
1316-right,L0 L1 Q5,right,PASS
1317-right,L0 L1 B5,right,PASS
1319-right,L0 L1 R5,right,PASS
1320-right,L0 R1 Q0,right,PASS
1321-right,L0 R1 B0,right,PASS
1323-right,L0 R1 R0,right,PASS
1326-right,L0 R1 L1,right,PASS
1327-right,L0 R1 R1,right,PASS
1328-right,L0 R1 Q2,right,PASS
1329-right,L0 R1 B2,right,PASS
1330-right,L0 R1 L2,right,PASS
1331-right,L0 R1 R2,right,PASS
1332-right,L0 R1 Q3,right,PASS
1333-right,L0 R1 B3,right,PASS
1334-right,L0 R1 L3,right,PASS
1335-right,L0 R1 R3,right,PASS
1336-right,L0 R1 Q4,right,PASS
1337-right,L0 R1 B4,right,PASS
1338-right,L0 R1 L4,right,PASS
1339-right,L0 R1 R4,right,PASS
1340-right,L0 R1 Q5,right,PASS
1341-right,L0 R1 B5,right,PASS
1342-right,L0 R1 L5,right,PASS
1343-right,L0 R1 R5,right,PASS
1344-left,L0 Q2 Q0,left,PASS
1344-right,L0 Q2 Q0,right,PASS
1345-left,L0 Q2 B0,left,PASS
1345-right,L0 Q2 B0,right,PASS
1346-left,L0 Q2 L0,left,PASS
1346-right,L0 Q2 L0,right,PASS
1347-left,L0 Q2 R0,left,PASS
1347-right,L0 Q2 R0,right,PASS
1348-left,L0 Q2 Q1,left,PASS
1348-right,L0 Q2 Q1,right,PASS
1349-left,L0 Q2 B1,left,PASS
1349-right,L0 Q2 B1,right,PASS
1350-left,L0 Q2 L1,left,PASS
1351-left,L0 Q2 R1,left,PASS
1351-right,L0 Q2 R1,right,PASS
1352-left,L0 Q2 Q2,left,PASS
1353-left,L0 Q2 B2,left,PASS
1354-left,L0 Q2 L2,left,PASS
1355-left,L0 Q2 R2,left,PASS
1356-left,L0 Q2 Q3,left,PASS
1356-right,L0 Q2 Q3,right,PASS
1357-left,L0 Q2 B3,left,PASS
1357-right,L0 Q2 B3,right,PASS
1358-left,L0 Q2 L3,left,PASS
1358-right,L0 Q2 L3,right,PASS
1359-left,L0 Q2 R3,left,PASS
1359-right,L0 Q2 R3,right,PASS
1360-left,L0 Q2 Q4,left,PASS
1360-right,L0 Q2 Q4,right,PASS
1361-left,L0 Q2 B4,left,PASS
1361-right,L0 Q2 B4,right,PASS
1362-left,L0 Q2 L4,left,PASS
1362-right,L0 Q2 L4,right,PASS
1363-left,L0 Q2 R4,left,PASS
1363-right,L0 Q2 R4,right,PASS
1364-left,L0 Q2 Q5,left,PASS
1364-right,L0 Q2 Q5,right,PASS
1365-left,L0 Q2 B5,left,PASS
1365-right,L0 Q2 B5,right,PASS
1366-left,L0 Q2 L5,left,PASS
1366-right,L0 Q2 L5,right,PASS
1367-left,L0 Q2 R5,left,PASS
1367-right,L0 Q2 R5,right,PASS
1368-left,L0 B2 Q0,left,PASS
1368-right,L0 B2 Q0,right,PASS
1369-left,L0 B2 B0,left,PASS
1369-right,L0 B2 B0,right,PASS
1370-left,L0 B2 L0,left,PASS
1370-right,L0 B2 L0,right,PASS
1371-left,L0 B2 R0,left,PASS
1371-right,L0 B2 R0,right,PASS
1372-left,L0 B2 Q1,left,PASS
1372-right,L0 B2 Q1,right,PASS
1373-left,L0 B2 B1,left,PASS
1373-right,L0 B2 B1,right,PASS
1374-left,L0 B2 L1,left,PASS
1375-left,L0 B2 R1,left,PASS
1375-right,L0 B2 R1,right,PASS
1376-left,L0 B2 Q2,left,PASS
1377-left,L0 B2 B2,left,PASS
1378-left,L0 B2 L2,left,PASS
1379-left,L0 B2 R2,left,PASS
1380-left,L0 B2 Q3,left,PASS
1380-right,L0 B2 Q3,right,PASS
1381-left,L0 B2 B3,left,PASS
1381-right,L0 B2 B3,right,PASS
1382-left,L0 B2 L3,left,PASS
1382-right,L0 B2 L3,right,PASS
1383-left,L0 B2 R3,left,PASS
1383-right,L0 B2 R3,right,PASS
1384-left,L0 B2 Q4,left,PASS
1384-right,L0 B2 Q4,right,PASS
1385-left,L0 B2 B4,left,PASS
1385-right,L0 B2 B4,right,PASS
1386-left,L0 B2 L4,left,PASS
1386-right,L0 B2 L4,right,PASS
1387-left,L0 B2 R4,left,PASS
1387-right,L0 B2 R4,right,PASS
1388-left,L0 B2 Q5,left,PASS
1388-right,L0 B2 Q5,right,PASS
1389-left,L0 B2 B5,left,PASS
1389-right,L0 B2 B5,right,PASS
1390-left,L0 B2 L5,left,PASS
1390-right,L0 B2 L5,right,PASS
1391-left,L0 B2 R5,left,PASS
1391-right,L0 B2 R5,right,PASS
1392-right,L0 L2 Q0,right,PASS
1393-right,L0 L2 B0,right,PASS
1395-right,L0 L2 R0,right,PASS
1396-right,L0 L2 Q1,right,PASS
1397-right,L0 L2 B1,right,PASS
1399-right,L0 L2 R1,right,PASS
1403-right,L0 L2 R2,right,PASS
1408-right,L0 L2 Q4,right,PASS
1409-right,L0 L2 B4,right,PASS
1411-right,L0 L2 R4,right,PASS
1412-right,L0 L2 Q5,right,PASS
1413-right,L0 L2 B5,right,PASS
1415-right,L0 L2 R5,right,PASS
1416-left,L0 R2 Q0,left,PASS
1416-right,L0 R2 Q0,right,PASS
1417-left,L0 R2 B0,left,PASS
1417-right,L0 R2 B0,right,PASS
1418-left,L0 R2 L0,left,PASS
1418-right,L0 R2 L0,right,PASS
1419-left,L0 R2 R0,left,PASS
1419-right,L0 R2 R0,right,PASS
1420-left,L0 R2 Q1,left,PASS
1420-right,L0 R2 Q1,right,PASS
1421-left,L0 R2 B1,left,PASS
1421-right,L0 R2 B1,right,PASS
1422-left,L0 R2 L1,left,PASS
1423-left,L0 R2 R1,left,PASS
1423-right,L0 R2 R1,right,PASS
1424-left,L0 R2 Q2,left,PASS
1425-left,L0 R2 B2,left,PASS
1426-left,L0 R2 L2,left,PASS
1426-right,L0 R2 L2,right,PASS
1427-left,L0 R2 R2,left,PASS
1427-right,L0 R2 R2,right,PASS
1428-left,L0 R2 Q3,left,PASS
1428-right,L0 R2 Q3,right,PASS
1429-left,L0 R2 B3,left,PASS
1429-right,L0 R2 B3,right,PASS
1430-left,L0 R2 L3,left,PASS
1430-right,L0 R2 L3,right,PASS
1431-left,L0 R2 R3,left,PASS
1431-right,L0 R2 R3,right,PASS
1432-left,L0 R2 Q4,left,PASS
1432-right,L0 R2 Q4,right,PASS
1433-left,L0 R2 B4,left,PASS
1433-right,L0 R2 B4,right,PASS
1434-left,L0 R2 L4,left,PASS
1434-right,L0 R2 L4,right,PASS
1435-left,L0 R2 R4,left,PASS
1435-right,L0 R2 R4,right,PASS
1436-left,L0 R2 Q5,left,PASS
1436-right,L0 R2 Q5,right,PASS
1437-left,L0 R2 B5,left,PASS
1437-right,L0 R2 B5,right,PASS
1438-left,L0 R2 L5,left,PASS
1438-right,L0 R2 L5,right,PASS
1439-left,L0 R2 R5,left,PASS
1439-right,L0 R2 R5,right,PASS
1440-left,L0 Q3 Q0,left,PASS
1440-right,L0 Q3 Q0,right,PASS
1441-left,L0 Q3 B0,left,PASS
1441-right,L0 Q3 B0,right,PASS
1442-left,L0 Q3 L0,left,PASS
1442-right,L0 Q3 L0,right,PASS
1443-left,L0 Q3 R0,left,PASS
1443-right,L0 Q3 R0,right,PASS
1444-left,L0 Q3 Q1,left,PASS
1444-right,L0 Q3 Q1,right,PASS
1445-left,L0 Q3 B1,left,PASS
1445-right,L0 Q3 B1,right,PASS
1446-left,L0 Q3 L1,left,PASS
1446-right,L0 Q3 L1,right,PASS
1447-left,L0 Q3 R1,left,PASS
1447-right,L0 Q3 R1,right,PASS
1448-left,L0 Q3 Q2,left,PASS
1448-right,L0 Q3 Q2,right,PASS
1449-left,L0 Q3 B2,left,PASS
1449-right,L0 Q3 B2,right,PASS
1450-left,L0 Q3 L2,left,PASS
1451-left,L0 Q3 R2,left,PASS
1451-right,L0 Q3 R2,right,PASS
1452-left,L0 Q3 Q3,left,PASS
1453-left,L0 Q3 B3,left,PASS
1454-left,L0 Q3 L3,left,PASS
1455-left,L0 Q3 R3,left,PASS
1456-left,L0 Q3 Q4,left,PASS
1456-right,L0 Q3 Q4,right,PASS
1457-left,L0 Q3 B4,left,PASS
1457-right,L0 Q3 B4,right,PASS
1458-left,L0 Q3 L4,left,PASS
1458-right,L0 Q3 L4,right,PASS
1459-left,L0 Q3 R4,left,PASS
1459-right,L0 Q3 R4,right,PASS
1460-left,L0 Q3 Q5,left,PASS
1460-right,L0 Q3 Q5,right,PASS
1461-left,L0 Q3 B5,left,PASS
1461-right,L0 Q3 B5,right,PASS
1462-left,L0 Q3 L5,left,PASS
1462-right,L0 Q3 L5,right,PASS
1463-left,L0 Q3 R5,left,PASS
1463-right,L0 Q3 R5,right,PASS
1464-left,L0 B3 Q0,left,PASS
1464-right,L0 B3 Q0,right,PASS
1465-left,L0 B3 B0,left,PASS
1465-right,L0 B3 B0,right,PASS
1466-left,L0 B3 L0,left,PASS
1466-right,L0 B3 L0,right,PASS
1467-left,L0 B3 R0,left,PASS
1467-right,L0 B3 R0,right,PASS
1468-left,L0 B3 Q1,left,PASS
1468-right,L0 B3 Q1,right,PASS
1469-left,L0 B3 B1,left,PASS
1469-right,L0 B3 B1,right,PASS
1470-left,L0 B3 L1,left,PASS
1470-right,L0 B3 L1,right,PASS
1471-left,L0 B3 R1,left,PASS
1471-right,L0 B3 R1,right,PASS
1472-left,L0 B3 Q2,left,PASS
1472-right,L0 B3 Q2,right,PASS
1473-left,L0 B3 B2,left,PASS
1473-right,L0 B3 B2,right,PASS
1474-left,L0 B3 L2,left,PASS
1475-left,L0 B3 R2,left,PASS
1475-right,L0 B3 R2,right,PASS
1476-left,L0 B3 Q3,left,PASS
1477-left,L0 B3 B3,left,PASS
1478-left,L0 B3 L3,left,PASS
1479-left,L0 B3 R3,left,PASS
1480-left,L0 B3 Q4,left,PASS
1480-right,L0 B3 Q4,right,PASS
1481-left,L0 B3 B4,left,PASS
1481-right,L0 B3 B4,right,PASS
1482-left,L0 B3 L4,left,PASS
1482-right,L0 B3 L4,right,PASS
1483-left,L0 B3 R4,left,PASS
1483-right,L0 B3 R4,right,PASS
1484-left,L0 B3 Q5,left,PASS
1484-right,L0 B3 Q5,right,PASS
1485-left,L0 B3 B5,left,PASS
1485-right,L0 B3 B5,right,PASS
1486-left,L0 B3 L5,left,PASS
1486-right,L0 B3 L5,right,PASS
1487-left,L0 B3 R5,left,PASS
1487-right,L0 B3 R5,right,PASS
1488-right,L0 L3 Q0,right,PASS
1489-right,L0 L3 B0,right,PASS
1491-right,L0 L3 R0,right,PASS
1492-right,L0 L3 Q1,right,PASS
1493-right,L0 L3 B1,right,PASS
1495-right,L0 L3 R1,right,PASS
1496-right,L0 L3 Q2,right,PASS
1497-right,L0 L3 B2,right,PASS
1499-right,L0 L3 R2,right,PASS
1503-right,L0 L3 R3,right,PASS
1508-right,L0 L3 Q5,right,PASS
1509-right,L0 L3 B5,right,PASS
1511-right,L0 L3 R5,right,PASS
1512-left,L0 R3 Q0,left,PASS
1512-right,L0 R3 Q0,right,PASS
1513-left,L0 R3 B0,left,PASS
1513-right,L0 R3 B0,right,PASS
1514-left,L0 R3 L0,left,PASS
1514-right,L0 R3 L0,right,PASS
1515-left,L0 R3 R0,left,PASS
1515-right,L0 R3 R0,right,PASS
1516-left,L0 R3 Q1,left,PASS
1516-right,L0 R3 Q1,right,PASS
1517-left,L0 R3 B1,left,PASS
1517-right,L0 R3 B1,right,PASS
1518-left,L0 R3 L1,left,PASS
1518-right,L0 R3 L1,right,PASS
1519-left,L0 R3 R1,left,PASS
1519-right,L0 R3 R1,right,PASS
1520-left,L0 R3 Q2,left,PASS
1520-right,L0 R3 Q2,right,PASS
1521-left,L0 R3 B2,left,PASS
1521-right,L0 R3 B2,right,PASS
1522-left,L0 R3 L2,left,PASS
1523-left,L0 R3 R2,left,PASS
1523-right,L0 R3 R2,right,PASS
1524-left,L0 R3 Q3,left,PASS
1525-left,L0 R3 B3,left,PASS
1526-left,L0 R3 L3,left,PASS
1526-right,L0 R3 L3,right,PASS
1527-left,L0 R3 R3,left,PASS
1527-right,L0 R3 R3,right,PASS
1528-left,L0 R3 Q4,left,PASS
1528-right,L0 R3 Q4,right,PASS
1529-left,L0 R3 B4,left,PASS
1529-right,L0 R3 B4,right,PASS
1530-left,L0 R3 L4,left,PASS
1530-right,L0 R3 L4,right,PASS
1531-left,L0 R3 R4,left,PASS
1531-right,L0 R3 R4,right,PASS
1532-left,L0 R3 Q5,left,PASS
1532-right,L0 R3 Q5,right,PASS
1533-left,L0 R3 B5,left,PASS
1533-right,L0 R3 B5,right,PASS
1534-left,L0 R3 L5,left,PASS
1534-right,L0 R3 L5,right,PASS
1535-left,L0 R3 R5,left,PASS
1535-right,L0 R3 R5,right,PASS
1536-left,L0 Q4 Q0,left,PASS
1536-right,L0 Q4 Q0,right,PASS
1537-left,L0 Q4 B0,left,PASS
1537-right,L0 Q4 B0,right,PASS
1538-left,L0 Q4 L0,left,PASS
1538-right,L0 Q4 L0,right,PASS
1539-left,L0 Q4 R0,left,PASS
1539-right,L0 Q4 R0,right,PASS
1540-left,L0 Q4 Q1,left,PASS
1540-right,L0 Q4 Q1,right,PASS
1541-left,L0 Q4 B1,left,PASS
1541-right,L0 Q4 B1,right,PASS
1542-left,L0 Q4 L1,left,PASS
1542-right,L0 Q4 L1,right,PASS
1543-left,L0 Q4 R1,left,PASS
1543-right,L0 Q4 R1,right,PASS
1544-left,L0 Q4 Q2,left,PASS
1544-right,L0 Q4 Q2,right,PASS
1545-left,L0 Q4 B2,left,PASS
1545-right,L0 Q4 B2,right,PASS
1546-left,L0 Q4 L2,left,PASS
1546-right,L0 Q4 L2,right,PASS
1547-left,L0 Q4 R2,left,PASS
1547-right,L0 Q4 R2,right,PASS
1548-left,L0 Q4 Q3,left,PASS
1548-right,L0 Q4 Q3,right,PASS
1549-left,L0 Q4 B3,left,PASS
1549-right,L0 Q4 B3,right,PASS
1550-left,L0 Q4 L3,left,PASS
1551-left,L0 Q4 R3,left,PASS
1551-right,L0 Q4 R3,right,PASS
1552-left,L0 Q4 Q4,left,PASS
1553-left,L0 Q4 B4,left,PASS
1554-left,L0 Q4 L4,left,PASS
1555-left,L0 Q4 R4,left,PASS
1556-left,L0 Q4 Q5,left,PASS
1556-right,L0 Q4 Q5,right,PASS
1557-left,L0 Q4 B5,left,PASS
1557-right,L0 Q4 B5,right,PASS
1558-left,L0 Q4 L5,left,PASS
1558-right,L0 Q4 L5,right,PASS
1559-left,L0 Q4 R5,left,PASS
1559-right,L0 Q4 R5,right,PASS
1560-left,L0 B4 Q0,left,PASS
1560-right,L0 B4 Q0,right,PASS
1561-left,L0 B4 B0,left,PASS
1561-right,L0 B4 B0,right,PASS
1562-left,L0 B4 L0,left,PASS
1562-right,L0 B4 L0,right,PASS
1563-left,L0 B4 R0,left,PASS
1563-right,L0 B4 R0,right,PASS
1564-left,L0 B4 Q1,left,PASS
1564-right,L0 B4 Q1,right,PASS
1565-left,L0 B4 B1,left,PASS
1565-right,L0 B4 B1,right,PASS
1566-left,L0 B4 L1,left,PASS
1566-right,L0 B4 L1,right,PASS
1567-left,L0 B4 R1,left,PASS
1567-right,L0 B4 R1,right,PASS
1568-left,L0 B4 Q2,left,PASS
1568-right,L0 B4 Q2,right,PASS
1569-left,L0 B4 B2,left,PASS
1569-right,L0 B4 B2,right,PASS
1570-left,L0 B4 L2,left,PASS
1570-right,L0 B4 L2,right,PASS
1571-left,L0 B4 R2,left,PASS
1571-right,L0 B4 R2,right,PASS
1572-left,L0 B4 Q3,left,PASS
1572-right,L0 B4 Q3,right,PASS
1573-left,L0 B4 B3,left,PASS
1573-right,L0 B4 B3,right,PASS
1574-left,L0 B4 L3,left,PASS
1575-left,L0 B4 R3,left,PASS
1575-right,L0 B4 R3,right,PASS
1576-left,L0 B4 Q4,left,PASS
1577-left,L0 B4 B4,left,PASS
1578-left,L0 B4 L4,left,PASS
1579-left,L0 B4 R4,left,PASS
1580-left,L0 B4 Q5,left,PASS
1580-right,L0 B4 Q5,right,PASS
1581-left,L0 B4 B5,left,PASS
1581-right,L0 B4 B5,right,PASS
1582-left,L0 B4 L5,left,PASS
1582-right,L0 B4 L5,right,PASS
1583-left,L0 B4 R5,left,PASS
1583-right,L0 B4 R5,right,PASS
1584-right,L0 L4 Q0,right,PASS
1585-right,L0 L4 B0,right,PASS
1587-right,L0 L4 R0,right,PASS
1588-right,L0 L4 Q1,right,PASS
1589-right,L0 L4 B1,right,PASS
1591-right,L0 L4 R1,right,PASS
1592-right,L0 L4 Q2,right,PASS
1593-right,L0 L4 B2,right,PASS
1595-right,L0 L4 R2,right,PASS
1596-right,L0 L4 Q3,right,PASS
1597-right,L0 L4 B3,right,PASS
1599-right,L0 L4 R3,right,PASS
1603-right,L0 L4 R4,right,PASS
1608-left,L0 R4 Q0,left,PASS
1608-right,L0 R4 Q0,right,PASS
1609-left,L0 R4 B0,left,PASS
1609-right,L0 R4 B0,right,PASS
1610-left,L0 R4 L0,left,PASS
1610-right,L0 R4 L0,right,PASS
1611-left,L0 R4 R0,left,PASS
1611-right,L0 R4 R0,right,PASS
1612-left,L0 R4 Q1,left,PASS
1612-right,L0 R4 Q1,right,PASS
1613-left,L0 R4 B1,left,PASS
1613-right,L0 R4 B1,right,PASS
1614-left,L0 R4 L1,left,PASS
1614-right,L0 R4 L1,right,PASS
1615-left,L0 R4 R1,left,PASS
1615-right,L0 R4 R1,right,PASS
1616-left,L0 R4 Q2,left,PASS
1616-right,L0 R4 Q2,right,PASS
1617-left,L0 R4 B2,left,PASS
1617-right,L0 R4 B2,right,PASS
1618-left,L0 R4 L2,left,PASS
1618-right,L0 R4 L2,right,PASS
1619-left,L0 R4 R2,left,PASS
1619-right,L0 R4 R2,right,PASS
1620-left,L0 R4 Q3,left,PASS
1620-right,L0 R4 Q3,right,PASS
1621-left,L0 R4 B3,left,PASS
1621-right,L0 R4 B3,right,PASS
1622-left,L0 R4 L3,left,PASS
1623-left,L0 R4 R3,left,PASS
1623-right,L0 R4 R3,right,PASS
1624-left,L0 R4 Q4,left,PASS
1625-left,L0 R4 B4,left,PASS
1626-left,L0 R4 L4,left,PASS
1626-right,L0 R4 L4,right,PASS
1627-left,L0 R4 R4,left,PASS
1627-right,L0 R4 R4,right,PASS
1628-left,L0 R4 Q5,left,PASS
1628-right,L0 R4 Q5,right,PASS
1629-left,L0 R4 B5,left,PASS
1629-right,L0 R4 B5,right,PASS
1630-left,L0 R4 L5,left,PASS
1630-right,L0 R4 L5,right,PASS
1631-left,L0 R4 R5,left,PASS
1631-right,L0 R4 R5,right,PASS
1632-left,L0 Q5 Q0,left,PASS
1632-right,L0 Q5 Q0,right,PASS
1633-left,L0 Q5 B0,left,PASS
1633-right,L0 Q5 B0,right,PASS
1634-left,L0 Q5 L0,left,PASS
1634-right,L0 Q5 L0,right,PASS
1635-left,L0 Q5 R0,left,PASS
1635-right,L0 Q5 R0,right,PASS
1636-left,L0 Q5 Q1,left,PASS
1636-right,L0 Q5 Q1,right,PASS
1637-left,L0 Q5 B1,left,PASS
1637-right,L0 Q5 B1,right,PASS
1638-left,L0 Q5 L1,left,PASS
1638-right,L0 Q5 L1,right,PASS
1639-left,L0 Q5 R1,left,PASS
1639-right,L0 Q5 R1,right,PASS
1640-left,L0 Q5 Q2,left,PASS
1640-right,L0 Q5 Q2,right,PASS
1641-left,L0 Q5 B2,left,PASS
1641-right,L0 Q5 B2,right,PASS
1642-left,L0 Q5 L2,left,PASS
1642-right,L0 Q5 L2,right,PASS
1643-left,L0 Q5 R2,left,PASS
1643-right,L0 Q5 R2,right,PASS
1644-left,L0 Q5 Q3,left,PASS
1644-right,L0 Q5 Q3,right,PASS
1645-left,L0 Q5 B3,left,PASS
1645-right,L0 Q5 B3,right,PASS
1646-left,L0 Q5 L3,left,PASS
1646-right,L0 Q5 L3,right,PASS
1647-left,L0 Q5 R3,left,PASS
1647-right,L0 Q5 R3,right,PASS
1648-left,L0 Q5 Q4,left,PASS
1648-right,L0 Q5 Q4,right,PASS
1649-left,L0 Q5 B4,left,PASS
1649-right,L0 Q5 B4,right,PASS
1650-left,L0 Q5 L4,left,PASS
1651-left,L0 Q5 R4,left,PASS
1651-right,L0 Q5 R4,right,PASS
1652-left,L0 Q5 Q5,left,PASS
1653-left,L0 Q5 B5,left,PASS
1654-left,L0 Q5 L5,left,PASS
1655-left,L0 Q5 R5,left,PASS
1656-left,L0 B5 Q0,left,PASS
1656-right,L0 B5 Q0,right,PASS
1657-left,L0 B5 B0,left,PASS
1657-right,L0 B5 B0,right,PASS
1658-left,L0 B5 L0,left,PASS
1658-right,L0 B5 L0,right,PASS
1659-left,L0 B5 R0,left,PASS
1659-right,L0 B5 R0,right,PASS
1660-left,L0 B5 Q1,left,PASS
1660-right,L0 B5 Q1,right,PASS
1661-left,L0 B5 B1,left,PASS
1661-right,L0 B5 B1,right,PASS
1662-left,L0 B5 L1,left,PASS
1662-right,L0 B5 L1,right,PASS
1663-left,L0 B5 R1,left,PASS
1663-right,L0 B5 R1,right,PASS
1664-left,L0 B5 Q2,left,PASS
1664-right,L0 B5 Q2,right,PASS
1665-left,L0 B5 B2,left,PASS
1665-right,L0 B5 B2,right,PASS
1666-left,L0 B5 L2,left,PASS
1666-right,L0 B5 L2,right,PASS
1667-left,L0 B5 R2,left,PASS
1667-right,L0 B5 R2,right,PASS
1668-left,L0 B5 Q3,left,PASS
1668-right,L0 B5 Q3,right,PASS
1669-left,L0 B5 B3,left,PASS
1669-right,L0 B5 B3,right,PASS
1670-left,L0 B5 L3,left,PASS
1670-right,L0 B5 L3,right,PASS
1671-left,L0 B5 R3,left,PASS
1671-right,L0 B5 R3,right,PASS
1672-left,L0 B5 Q4,left,PASS
1672-right,L0 B5 Q4,right,PASS
1673-left,L0 B5 B4,left,PASS
1673-right,L0 B5 B4,right,PASS
1674-left,L0 B5 L4,left,PASS
1675-left,L0 B5 R4,left,PASS
1675-right,L0 B5 R4,right,PASS
1676-left,L0 B5 Q5,left,PASS
1677-left,L0 B5 B5,left,PASS
1678-left,L0 B5 L5,left,PASS
1679-left,L0 B5 R5,left,PASS
1684-right,L0 L5 Q1,right,PASS
1685-right,L0 L5 B1,right,PASS
1687-right,L0 L5 R1,right,PASS
1688-right,L0 L5 Q2,right,PASS
1689-right,L0 L5 B2,right,PASS
1691-right,L0 L5 R2,right,PASS
1692-right,L0 L5 Q3,right,PASS
1693-right,L0 L5 B3,right,PASS
1695-right,L0 L5 R3,right,PASS
1696-right,L0 L5 Q4,right,PASS
1697-right,L0 L5 B4,right,PASS
1699-right,L0 L5 R4,right,PASS
1703-right,L0 L5 R5,right,PASS
1704-left,L0 R5 Q0,left,PASS
1704-right,L0 R5 Q0,right,PASS
1705-left,L0 R5 B0,left,PASS
1705-right,L0 R5 B0,right,PASS
1706-left,L0 R5 L0,left,PASS
1706-right,L0 R5 L0,right,PASS
1707-left,L0 R5 R0,left,PASS
1707-right,L0 R5 R0,right,PASS
1708-left,L0 R5 Q1,left,PASS
1708-right,L0 R5 Q1,right,PASS
1709-left,L0 R5 B1,left,PASS
1709-right,L0 R5 B1,right,PASS
1710-left,L0 R5 L1,left,PASS
1710-right,L0 R5 L1,right,PASS
1711-left,L0 R5 R1,left,PASS
1711-right,L0 R5 R1,right,PASS
1712-left,L0 R5 Q2,left,PASS
1712-right,L0 R5 Q2,right,PASS
1713-left,L0 R5 B2,left,PASS
1713-right,L0 R5 B2,right,PASS
1714-left,L0 R5 L2,left,PASS
1714-right,L0 R5 L2,right,PASS
1715-left,L0 R5 R2,left,PASS
1715-right,L0 R5 R2,right,PASS
1716-left,L0 R5 Q3,left,PASS
1716-right,L0 R5 Q3,right,PASS
1717-left,L0 R5 B3,left,PASS
1717-right,L0 R5 B3,right,PASS
1718-left,L0 R5 L3,left,PASS
1718-right,L0 R5 L3,right,PASS
1719-left,L0 R5 R3,left,PASS
1719-right,L0 R5 R3,right,PASS
1720-left,L0 R5 Q4,left,PASS
1720-right,L0 R5 Q4,right,PASS
1721-left,L0 R5 B4,left,PASS
1721-right,L0 R5 B4,right,PASS
1722-left,L0 R5 L4,left,PASS
1723-left,L0 R5 R4,left,PASS
1723-right,L0 R5 R4,right,PASS
1724-left,L0 R5 Q5,left,PASS
1725-left,L0 R5 B5,left,PASS
1726-left,L0 R5 L5,left,PASS
1726-right,L0 R5 L5,right,PASS
1727-left,L0 R5 R5,left,PASS
1727-right,L0 R5 R5,right,PASS
1732-right,R0 Q0 Q1,right,PASS
1733-right,R0 Q0 B1,right,PASS
1734-right,R0 Q0 L1,right,PASS
1735-right,R0 Q0 R1,right,PASS
1736-right,R0 Q0 Q2,right,PASS
1737-right,R0 Q0 B2,right,PASS
1738-right,R0 Q0 L2,right,PASS
1739-right,R0 Q0 R2,right,PASS
1740-right,R0 Q0 Q3,right,PASS
1741-right,R0 Q0 B3,right,PASS
1742-right,R0 Q0 L3,right,PASS
1743-right,R0 Q0 R3,right,PASS
1744-right,R0 Q0 Q4,right,PASS
1745-right,R0 Q0 B4,right,PASS
1746-right,R0 Q0 L4,right,PASS
1747-right,R0 Q0 R4,right,PASS
1748-right,R0 Q0 Q5,right,PASS
1749-right,R0 Q0 B5,right,PASS
1751-right,R0 Q0 R5,right,PASS
1756-right,R0 B0 Q1,right,PASS
1757-right,R0 B0 B1,right,PASS
1758-right,R0 B0 L1,right,PASS
1759-right,R0 B0 R1,right,PASS
1760-right,R0 B0 Q2,right,PASS
1761-right,R0 B0 B2,right,PASS
1762-right,R0 B0 L2,right,PASS
1763-right,R0 B0 R2,right,PASS
1764-right,R0 B0 Q3,right,PASS
1765-right,R0 B0 B3,right,PASS
1766-right,R0 B0 L3,right,PASS
1767-right,R0 B0 R3,right,PASS
1768-right,R0 B0 Q4,right,PASS
1769-right,R0 B0 B4,right,PASS
1770-right,R0 B0 L4,right,PASS
1771-right,R0 B0 R4,right,PASS
1772-right,R0 B0 Q5,right,PASS
1773-right,R0 B0 B5,right,PASS
1775-right,R0 B0 R5,right,PASS
1776-left,R0 L0 Q0,left,PASS
1777-left,R0 L0 B0,left,PASS
1778-left,R0 L0 L0,left,PASS
1779-left,R0 L0 R0,left,PASS
1779-right,R0 L0 R0,right,PASS
1780-left,R0 L0 Q1,left,PASS
1781-left,R0 L0 B1,left,PASS
1782-left,R0 L0 L1,left,PASS
1783-left,R0 L0 R1,left,PASS
1784-left,R0 L0 Q2,left,PASS
1784-right,R0 L0 Q2,right,PASS
1785-left,R0 L0 B2,left,PASS
1785-right,R0 L0 B2,right,PASS
1786-left,R0 L0 L2,left,PASS
1787-left,R0 L0 R2,left,PASS
1787-right,R0 L0 R2,right,PASS
1788-left,R0 L0 Q3,left,PASS
1788-right,R0 L0 Q3,right,PASS
1789-left,R0 L0 B3,left,PASS
1789-right,R0 L0 B3,right,PASS
1790-left,R0 L0 L3,left,PASS
1791-left,R0 L0 R3,left,PASS
1791-right,R0 L0 R3,right,PASS
1792-left,R0 L0 Q4,left,PASS
1792-right,R0 L0 Q4,right,PASS
1793-left,R0 L0 B4,left,PASS
1793-right,R0 L0 B4,right,PASS
1794-left,R0 L0 L4,left,PASS
1795-left,R0 L0 R4,left,PASS
1795-right,R0 L0 R4,right,PASS
1796-left,R0 L0 Q5,left,PASS
1796-right,R0 L0 Q5,right,PASS
1797-left,R0 L0 B5,left,PASS
1797-right,R0 L0 B5,right,PASS
1798-left,R0 L0 L5,left,PASS
1799-left,R0 L0 R5,left,PASS
1799-right,R0 L0 R5,right,PASS
1800-left,R0 R0 Q0,left,PASS
1801-left,R0 R0 B0,left,PASS
1802-left,R0 R0 L0,left,PASS
1802-right,R0 R0 L0,right,PASS
1803-left,R0 R0 R0,left,PASS
1803-right,R0 R0 R0,right,PASS
1804-left,R0 R0 Q1,left,PASS
1804-right,R0 R0 Q1,right,PASS
1805-left,R0 R0 B1,left,PASS
1805-right,R0 R0 B1,right,PASS
1806-left,R0 R0 L1,left,PASS
1806-right,R0 R0 L1,right,PASS
1807-left,R0 R0 R1,left,PASS
1807-right,R0 R0 R1,right,PASS
1808-left,R0 R0 Q2,left,PASS
1808-right,R0 R0 Q2,right,PASS
1809-left,R0 R0 B2,left,PASS
1809-right,R0 R0 B2,right,PASS
1810-left,R0 R0 L2,left,PASS
1810-right,R0 R0 L2,right,PASS
1811-left,R0 R0 R2,left,PASS
1811-right,R0 R0 R2,right,PASS
1812-left,R0 R0 Q3,left,PASS
1812-right,R0 R0 Q3,right,PASS
1813-left,R0 R0 B3,left,PASS
1813-right,R0 R0 B3,right,PASS
1814-left,R0 R0 L3,left,PASS
1814-right,R0 R0 L3,right,PASS
1815-left,R0 R0 R3,left,PASS
1815-right,R0 R0 R3,right,PASS
1816-left,R0 R0 Q4,left,PASS
1816-right,R0 R0 Q4,right,PASS
1817-left,R0 R0 B4,left,PASS
1817-right,R0 R0 B4,right,PASS
1818-left,R0 R0 L4,left,PASS
1818-right,R0 R0 L4,right,PASS
1819-left,R0 R0 R4,left,PASS
1819-right,R0 R0 R4,right,PASS
1820-left,R0 R0 Q5,left,PASS
1820-right,R0 R0 Q5,right,PASS
1821-left,R0 R0 B5,left,PASS
1821-right,R0 R0 B5,right,PASS
1822-left,R0 R0 L5,left,PASS
1823-left,R0 R0 R5,left,PASS
1823-right,R0 R0 R5,right,PASS
1824-left,R0 Q1 Q0,left,PASS
1824-right,R0 Q1 Q0,right,PASS
1825-left,R0 Q1 B0,left,PASS
1825-right,R0 Q1 B0,right,PASS
1826-left,R0 Q1 L0,left,PASS
1827-left,R0 Q1 R0,left,PASS
1827-right,R0 Q1 R0,right,PASS
1828-left,R0 Q1 Q1,left,PASS
1829-left,R0 Q1 B1,left,PASS
1830-left,R0 Q1 L1,left,PASS
1831-left,R0 Q1 R1,left,PASS
1832-left,R0 Q1 Q2,left,PASS
1832-right,R0 Q1 Q2,right,PASS
1833-left,R0 Q1 B2,left,PASS
1833-right,R0 Q1 B2,right,PASS
1834-left,R0 Q1 L2,left,PASS
1834-right,R0 Q1 L2,right,PASS
1835-left,R0 Q1 R2,left,PASS
1835-right,R0 Q1 R2,right,PASS
1836-left,R0 Q1 Q3,left,PASS
1836-right,R0 Q1 Q3,right,PASS
1837-left,R0 Q1 B3,left,PASS
1837-right,R0 Q1 B3,right,PASS
1838-left,R0 Q1 L3,left,PASS
1838-right,R0 Q1 L3,right,PASS
1839-left,R0 Q1 R3,left,PASS
1839-right,R0 Q1 R3,right,PASS
1840-left,R0 Q1 Q4,left,PASS
1840-right,R0 Q1 Q4,right,PASS
1841-left,R0 Q1 B4,left,PASS
1841-right,R0 Q1 B4,right,PASS
1842-left,R0 Q1 L4,left,PASS
1842-right,R0 Q1 L4,right,PASS
1843-left,R0 Q1 R4,left,PASS
1843-right,R0 Q1 R4,right,PASS
1844-left,R0 Q1 Q5,left,PASS
1844-right,R0 Q1 Q5,right,PASS
1845-left,R0 Q1 B5,left,PASS
1845-right,R0 Q1 B5,right,PASS
1846-left,R0 Q1 L5,left,PASS
1846-right,R0 Q1 L5,right,PASS
1847-left,R0 Q1 R5,left,PASS
1847-right,R0 Q1 R5,right,PASS
1848-left,R0 B1 Q0,left,PASS
1848-right,R0 B1 Q0,right,PASS
1849-left,R0 B1 B0,left,PASS
1849-right,R0 B1 B0,right,PASS
1850-left,R0 B1 L0,left,PASS
1851-left,R0 B1 R0,left,PASS
1851-right,R0 B1 R0,right,PASS
1852-left,R0 B1 Q1,left,PASS
1853-left,R0 B1 B1,left,PASS
1854-left,R0 B1 L1,left,PASS
1855-left,R0 B1 R1,left,PASS
1856-left,R0 B1 Q2,left,PASS
1856-right,R0 B1 Q2,right,PASS
1857-left,R0 B1 B2,left,PASS
1857-right,R0 B1 B2,right,PASS
1858-left,R0 B1 L2,left,PASS
1858-right,R0 B1 L2,right,PASS
1859-left,R0 B1 R2,left,PASS
1859-right,R0 B1 R2,right,PASS
1860-left,R0 B1 Q3,left,PASS
1860-right,R0 B1 Q3,right,PASS
1861-left,R0 B1 B3,left,PASS
1861-right,R0 B1 B3,right,PASS
1862-left,R0 B1 L3,left,PASS
1862-right,R0 B1 L3,right,PASS
1863-left,R0 B1 R3,left,PASS
1863-right,R0 B1 R3,right,PASS
1864-left,R0 B1 Q4,left,PASS
1864-right,R0 B1 Q4,right,PASS
1865-left,R0 B1 B4,left,PASS
1865-right,R0 B1 B4,right,PASS
1866-left,R0 B1 L4,left,PASS
1866-right,R0 B1 L4,right,PASS
1867-left,R0 B1 R4,left,PASS
1867-right,R0 B1 R4,right,PASS
1868-left,R0 B1 Q5,left,PASS
1868-right,R0 B1 Q5,right,PASS
1869-left,R0 B1 B5,left,PASS
1869-right,R0 B1 B5,right,PASS
1870-left,R0 B1 L5,left,PASS
1870-right,R0 B1 L5,right,PASS
1871-left,R0 B1 R5,left,PASS
1871-right,R0 B1 R5,right,PASS
1872-left,R0 L1 Q0,left,PASS
1872-right,R0 L1 Q0,right,PASS
1873-left,R0 L1 B0,left,PASS
1873-right,R0 L1 B0,right,PASS
1874-left,R0 L1 L0,left,PASS
1875-left,R0 L1 R0,left,PASS
1875-right,R0 L1 R0,right,PASS
1876-left,R0 L1 Q1,left,PASS
1877-left,R0 L1 B1,left,PASS
1878-left,R0 L1 L1,left,PASS
1879-left,R0 L1 R1,left,PASS
1879-right,R0 L1 R1,right,PASS
1880-left,R0 L1 Q2,left,PASS
1881-left,R0 L1 B2,left,PASS
1882-left,R0 L1 L2,left,PASS
1883-left,R0 L1 R2,left,PASS
1884-left,R0 L1 Q3,left,PASS
1884-right,R0 L1 Q3,right,PASS
1885-left,R0 L1 B3,left,PASS
1885-right,R0 L1 B3,right,PASS
1886-left,R0 L1 L3,left,PASS
1887-left,R0 L1 R3,left,PASS
1887-right,R0 L1 R3,right,PASS
1888-left,R0 L1 Q4,left,PASS
1888-right,R0 L1 Q4,right,PASS
1889-left,R0 L1 B4,left,PASS
1889-right,R0 L1 B4,right,PASS
1890-left,R0 L1 L4,left,PASS
1891-left,R0 L1 R4,left,PASS
1891-right,R0 L1 R4,right,PASS
1892-left,R0 L1 Q5,left,PASS
1892-right,R0 L1 Q5,right,PASS
1893-left,R0 L1 B5,left,PASS
1893-right,R0 L1 B5,right,PASS
1894-left,R0 L1 L5,left,PASS
1895-left,R0 L1 R5,left,PASS
1895-right,R0 L1 R5,right,PASS
1896-left,R0 R1 Q0,left,PASS
1896-right,R0 R1 Q0,right,PASS
1897-left,R0 R1 B0,left,PASS
1897-right,R0 R1 B0,right,PASS
1898-left,R0 R1 L0,left,PASS
1899-left,R0 R1 R0,left,PASS
1899-right,R0 R1 R0,right,PASS
1900-left,R0 R1 Q1,left,PASS
1901-left,R0 R1 B1,left,PASS
1902-left,R0 R1 L1,left,PASS
1902-right,R0 R1 L1,right,PASS
1903-left,R0 R1 R1,left,PASS
1903-right,R0 R1 R1,right,PASS
1904-left,R0 R1 Q2,left,PASS
1904-right,R0 R1 Q2,right,PASS
1905-left,R0 R1 B2,left,PASS
1905-right,R0 R1 B2,right,PASS
1906-left,R0 R1 L2,left,PASS
1906-right,R0 R1 L2,right,PASS
1907-left,R0 R1 R2,left,PASS
1907-right,R0 R1 R2,right,PASS
1908-left,R0 R1 Q3,left,PASS
1908-right,R0 R1 Q3,right,PASS
1909-left,R0 R1 B3,left,PASS
1909-right,R0 R1 B3,right,PASS
1910-left,R0 R1 L3,left,PASS
1910-right,R0 R1 L3,right,PASS
1911-left,R0 R1 R3,left,PASS
1911-right,R0 R1 R3,right,PASS
1912-left,R0 R1 Q4,left,PASS
1912-right,R0 R1 Q4,right,PASS
1913-left,R0 R1 B4,left,PASS
1913-right,R0 R1 B4,right,PASS
1914-left,R0 R1 L4,left,PASS
1914-right,R0 R1 L4,right,PASS
1915-left,R0 R1 R4,left,PASS
1915-right,R0 R1 R4,right,PASS
1916-left,R0 R1 Q5,left,PASS
1916-right,R0 R1 Q5,right,PASS
1917-left,R0 R1 B5,left,PASS
1917-right,R0 R1 B5,right,PASS
1918-left,R0 R1 L5,left,PASS
1918-right,R0 R1 L5,right,PASS
1919-left,R0 R1 R5,left,PASS
1919-right,R0 R1 R5,right,PASS
1920-left,R0 Q2 Q0,left,PASS
1920-right,R0 Q2 Q0,right,PASS
1921-left,R0 Q2 B0,left,PASS
1921-right,R0 Q2 B0,right,PASS
1922-left,R0 Q2 L0,left,PASS
1922-right,R0 Q2 L0,right,PASS
1923-left,R0 Q2 R0,left,PASS
1923-right,R0 Q2 R0,right,PASS
1924-left,R0 Q2 Q1,left,PASS
1924-right,R0 Q2 Q1,right,PASS
1925-left,R0 Q2 B1,left,PASS
1925-right,R0 Q2 B1,right,PASS
1926-left,R0 Q2 L1,left,PASS
1927-left,R0 Q2 R1,left,PASS
1927-right,R0 Q2 R1,right,PASS
1928-left,R0 Q2 Q2,left,PASS
1929-left,R0 Q2 B2,left,PASS
1930-left,R0 Q2 L2,left,PASS
1931-left,R0 Q2 R2,left,PASS
1932-left,R0 Q2 Q3,left,PASS
1932-right,R0 Q2 Q3,right,PASS
1933-left,R0 Q2 B3,left,PASS
1933-right,R0 Q2 B3,right,PASS
1934-left,R0 Q2 L3,left,PASS
1934-right,R0 Q2 L3,right,PASS
1935-left,R0 Q2 R3,left,PASS
1935-right,R0 Q2 R3,right,PASS
1936-left,R0 Q2 Q4,left,PASS
1936-right,R0 Q2 Q4,right,PASS
1937-left,R0 Q2 B4,left,PASS
1937-right,R0 Q2 B4,right,PASS
1938-left,R0 Q2 L4,left,PASS
1938-right,R0 Q2 L4,right,PASS
1939-left,R0 Q2 R4,left,PASS
1939-right,R0 Q2 R4,right,PASS
1940-left,R0 Q2 Q5,left,PASS
1940-right,R0 Q2 Q5,right,PASS
1941-left,R0 Q2 B5,left,PASS
1941-right,R0 Q2 B5,right,PASS
1942-left,R0 Q2 L5,left,PASS
1942-right,R0 Q2 L5,right,PASS
1943-left,R0 Q2 R5,left,PASS
1943-right,R0 Q2 R5,right,PASS
1944-left,R0 B2 Q0,left,PASS
1944-right,R0 B2 Q0,right,PASS
1945-left,R0 B2 B0,left,PASS
1945-right,R0 B2 B0,right,PASS
1946-left,R0 B2 L0,left,PASS
1946-right,R0 B2 L0,right,PASS
1947-left,R0 B2 R0,left,PASS
1947-right,R0 B2 R0,right,PASS
1948-left,R0 B2 Q1,left,PASS
1948-right,R0 B2 Q1,right,PASS
1949-left,R0 B2 B1,left,PASS
1949-right,R0 B2 B1,right,PASS
1950-left,R0 B2 L1,left,PASS
1951-left,R0 B2 R1,left,PASS
1951-right,R0 B2 R1,right,PASS
1952-left,R0 B2 Q2,left,PASS
1953-left,R0 B2 B2,left,PASS
1954-left,R0 B2 L2,left,PASS
1955-left,R0 B2 R2,left,PASS
1956-left,R0 B2 Q3,left,PASS
1956-right,R0 B2 Q3,right,PASS
1957-left,R0 B2 B3,left,PASS
1957-right,R0 B2 B3,right,PASS
1958-left,R0 B2 L3,left,PASS
1958-right,R0 B2 L3,right,PASS
1959-left,R0 B2 R3,left,PASS
1959-right,R0 B2 R3,right,PASS
1960-left,R0 B2 Q4,left,PASS
1960-right,R0 B2 Q4,right,PASS
1961-left,R0 B2 B4,left,PASS
1961-right,R0 B2 B4,right,PASS
1962-left,R0 B2 L4,left,PASS
1962-right,R0 B2 L4,right,PASS
1963-left,R0 B2 R4,left,PASS
1963-right,R0 B2 R4,right,PASS
1964-left,R0 B2 Q5,left,PASS
1964-right,R0 B2 Q5,right,PASS
1965-left,R0 B2 B5,left,PASS
1965-right,R0 B2 B5,right,PASS
1966-left,R0 B2 L5,left,PASS
1966-right,R0 B2 L5,right,PASS
1967-left,R0 B2 R5,left,PASS
1967-right,R0 B2 R5,right,PASS
1968-left,R0 L2 Q0,left,PASS
1968-right,R0 L2 Q0,right,PASS
1969-left,R0 L2 B0,left,PASS
1969-right,R0 L2 B0,right,PASS
1970-left,R0 L2 L0,left,PASS
1971-left,R0 L2 R0,left,PASS
1971-right,R0 L2 R0,right,PASS
1972-left,R0 L2 Q1,left,PASS
1972-right,R0 L2 Q1,right,PASS
1973-left,R0 L2 B1,left,PASS
1973-right,R0 L2 B1,right,PASS
1974-left,R0 L2 L1,left,PASS
1975-left,R0 L2 R1,left,PASS
1975-right,R0 L2 R1,right,PASS
1976-left,R0 L2 Q2,left,PASS
1977-left,R0 L2 B2,left,PASS
1978-left,R0 L2 L2,left,PASS
1979-left,R0 L2 R2,left,PASS
1979-right,R0 L2 R2,right,PASS
1980-left,R0 L2 Q3,left,PASS
1981-left,R0 L2 B3,left,PASS
1982-left,R0 L2 L3,left,PASS
1983-left,R0 L2 R3,left,PASS
1984-left,R0 L2 Q4,left,PASS
1984-right,R0 L2 Q4,right,PASS
1985-left,R0 L2 B4,left,PASS
1985-right,R0 L2 B4,right,PASS
1986-left,R0 L2 L4,left,PASS
1987-left,R0 L2 R4,left,PASS
1987-right,R0 L2 R4,right,PASS
1988-left,R0 L2 Q5,left,PASS
1988-right,R0 L2 Q5,right,PASS
1989-left,R0 L2 B5,left,PASS
1989-right,R0 L2 B5,right,PASS
1990-left,R0 L2 L5,left,PASS
1991-left,R0 L2 R5,left,PASS
1991-right,R0 L2 R5,right,PASS
1992-left,R0 R2 Q0,left,PASS
1992-right,R0 R2 Q0,right,PASS
1993-left,R0 R2 B0,left,PASS
1993-right,R0 R2 B0,right,PASS
1994-left,R0 R2 L0,left,PASS
1994-right,R0 R2 L0,right,PASS
1995-left,R0 R2 R0,left,PASS
1995-right,R0 R2 R0,right,PASS
1996-left,R0 R2 Q1,left,PASS
1996-right,R0 R2 Q1,right,PASS
1997-left,R0 R2 B1,left,PASS
1997-right,R0 R2 B1,right,PASS
1998-left,R0 R2 L1,left,PASS
1999-left,R0 R2 R1,left,PASS
1999-right,R0 R2 R1,right,PASS
2000-left,R0 R2 Q2,left,PASS
2001-left,R0 R2 B2,left,PASS
2002-left,R0 R2 L2,left,PASS
2002-right,R0 R2 L2,right,PASS
2003-left,R0 R2 R2,left,PASS
2003-right,R0 R2 R2,right,PASS
2004-left,R0 R2 Q3,left,PASS
2004-right,R0 R2 Q3,right,PASS
2005-left,R0 R2 B3,left,PASS
2005-right,R0 R2 B3,right,PASS
2006-left,R0 R2 L3,left,PASS
2006-right,R0 R2 L3,right,PASS
2007-left,R0 R2 R3,left,PASS
2007-right,R0 R2 R3,right,PASS
2008-left,R0 R2 Q4,left,PASS
2008-right,R0 R2 Q4,right,PASS
2009-left,R0 R2 B4,left,PASS
2009-right,R0 R2 B4,right,PASS
2010-left,R0 R2 L4,left,PASS
2010-right,R0 R2 L4,right,PASS
2011-left,R0 R2 R4,left,PASS
2011-right,R0 R2 R4,right,PASS
2012-left,R0 R2 Q5,left,PASS
2012-right,R0 R2 Q5,right,PASS
2013-left,R0 R2 B5,left,PASS
2013-right,R0 R2 B5,right,PASS
2014-left,R0 R2 L5,left,PASS
2014-right,R0 R2 L5,right,PASS
2015-left,R0 R2 R5,left,PASS
2015-right,R0 R2 R5,right,PASS
2016-left,R0 Q3 Q0,left,PASS
2016-right,R0 Q3 Q0,right,PASS
2017-left,R0 Q3 B0,left,PASS
2017-right,R0 Q3 B0,right,PASS
2018-left,R0 Q3 L0,left,PASS
2018-right,R0 Q3 L0,right,PASS
2019-left,R0 Q3 R0,left,PASS
2019-right,R0 Q3 R0,right,PASS
2020-left,R0 Q3 Q1,left,PASS
2020-right,R0 Q3 Q1,right,PASS
2021-left,R0 Q3 B1,left,PASS
2021-right,R0 Q3 B1,right,PASS
2022-left,R0 Q3 L1,left,PASS
2022-right,R0 Q3 L1,right,PASS
2023-left,R0 Q3 R1,left,PASS
2023-right,R0 Q3 R1,right,PASS
2024-left,R0 Q3 Q2,left,PASS
2024-right,R0 Q3 Q2,right,PASS
2025-left,R0 Q3 B2,left,PASS
2025-right,R0 Q3 B2,right,PASS
2026-left,R0 Q3 L2,left,PASS
2027-left,R0 Q3 R2,left,PASS
2027-right,R0 Q3 R2,right,PASS
2028-left,R0 Q3 Q3,left,PASS
2029-left,R0 Q3 B3,left,PASS
2030-left,R0 Q3 L3,left,PASS
2031-left,R0 Q3 R3,left,PASS
2032-left,R0 Q3 Q4,left,PASS
2032-right,R0 Q3 Q4,right,PASS
2033-left,R0 Q3 B4,left,PASS
2033-right,R0 Q3 B4,right,PASS
2034-left,R0 Q3 L4,left,PASS
2034-right,R0 Q3 L4,right,PASS
2035-left,R0 Q3 R4,left,PASS
2035-right,R0 Q3 R4,right,PASS
2036-left,R0 Q3 Q5,left,PASS
2036-right,R0 Q3 Q5,right,PASS
2037-left,R0 Q3 B5,left,PASS
2037-right,R0 Q3 B5,right,PASS
2038-left,R0 Q3 L5,left,PASS
2038-right,R0 Q3 L5,right,PASS
2039-left,R0 Q3 R5,left,PASS
2039-right,R0 Q3 R5,right,PASS
2040-left,R0 B3 Q0,left,PASS
2040-right,R0 B3 Q0,right,PASS
2041-left,R0 B3 B0,left,PASS
2041-right,R0 B3 B0,right,PASS
2042-left,R0 B3 L0,left,PASS
2042-right,R0 B3 L0,right,PASS
2043-left,R0 B3 R0,left,PASS
2043-right,R0 B3 R0,right,PASS
2044-left,R0 B3 Q1,left,PASS
2044-right,R0 B3 Q1,right,PASS
2045-left,R0 B3 B1,left,PASS
2045-right,R0 B3 B1,right,PASS
2046-left,R0 B3 L1,left,PASS
2046-right,R0 B3 L1,right,PASS
2047-left,R0 B3 R1,left,PASS
2047-right,R0 B3 R1,right,PASS
2048-left,R0 B3 Q2,left,PASS
2048-right,R0 B3 Q2,right,PASS
2049-left,R0 B3 B2,left,PASS
2049-right,R0 B3 B2,right,PASS
2050-left,R0 B3 L2,left,PASS
2051-left,R0 B3 R2,left,PASS
2051-right,R0 B3 R2,right,PASS
2052-left,R0 B3 Q3,left,PASS
2053-left,R0 B3 B3,left,PASS
2054-left,R0 B3 L3,left,PASS
2055-left,R0 B3 R3,left,PASS
2056-left,R0 B3 Q4,left,PASS
2056-right,R0 B3 Q4,right,PASS
2057-left,R0 B3 B4,left,PASS
2057-right,R0 B3 B4,right,PASS
2058-left,R0 B3 L4,left,PASS
2058-right,R0 B3 L4,right,PASS
2059-left,R0 B3 R4,left,PASS
2059-right,R0 B3 R4,right,PASS
2060-left,R0 B3 Q5,left,PASS
2060-right,R0 B3 Q5,right,PASS
2061-left,R0 B3 B5,left,PASS
2061-right,R0 B3 B5,right,PASS
2062-left,R0 B3 L5,left,PASS
2062-right,R0 B3 L5,right,PASS
2063-left,R0 B3 R5,left,PASS
2063-right,R0 B3 R5,right,PASS
2064-left,R0 L3 Q0,left,PASS
2064-right,R0 L3 Q0,right,PASS
2065-left,R0 L3 B0,left,PASS
2065-right,R0 L3 B0,right,PASS
2066-left,R0 L3 L0,left,PASS
2067-left,R0 L3 R0,left,PASS
2067-right,R0 L3 R0,right,PASS
2068-left,R0 L3 Q1,left,PASS
2068-right,R0 L3 Q1,right,PASS
2069-left,R0 L3 B1,left,PASS
2069-right,R0 L3 B1,right,PASS
2070-left,R0 L3 L1,left,PASS
2071-left,R0 L3 R1,left,PASS
2071-right,R0 L3 R1,right,PASS
2072-left,R0 L3 Q2,left,PASS
2072-right,R0 L3 Q2,right,PASS
2073-left,R0 L3 B2,left,PASS
2073-right,R0 L3 B2,right,PASS
2074-left,R0 L3 L2,left,PASS
2075-left,R0 L3 R2,left,PASS
2075-right,R0 L3 R2,right,PASS
2076-left,R0 L3 Q3,left,PASS
2077-left,R0 L3 B3,left,PASS
2078-left,R0 L3 L3,left,PASS
2079-left,R0 L3 R3,left,PASS
2079-right,R0 L3 R3,right,PASS
2080-left,R0 L3 Q4,left,PASS
2081-left,R0 L3 B4,left,PASS
2082-left,R0 L3 L4,left,PASS
2083-left,R0 L3 R4,left,PASS
2084-left,R0 L3 Q5,left,PASS
2084-right,R0 L3 Q5,right,PASS
2085-left,R0 L3 B5,left,PASS
2085-right,R0 L3 B5,right,PASS
2086-left,R0 L3 L5,left,PASS
2087-left,R0 L3 R5,left,PASS
2087-right,R0 L3 R5,right,PASS
2088-left,R0 R3 Q0,left,PASS
2088-right,R0 R3 Q0,right,PASS
2089-left,R0 R3 B0,left,PASS
2089-right,R0 R3 B0,right,PASS
2090-left,R0 R3 L0,left,PASS
2090-right,R0 R3 L0,right,PASS
2091-left,R0 R3 R0,left,PASS
2091-right,R0 R3 R0,right,PASS
2092-left,R0 R3 Q1,left,PASS
2092-right,R0 R3 Q1,right,PASS
2093-left,R0 R3 B1,left,PASS
2093-right,R0 R3 B1,right,PASS
2094-left,R0 R3 L1,left,PASS
2094-right,R0 R3 L1,right,PASS
2095-left,R0 R3 R1,left,PASS
2095-right,R0 R3 R1,right,PASS
2096-left,R0 R3 Q2,left,PASS
2096-right,R0 R3 Q2,right,PASS
2097-left,R0 R3 B2,left,PASS
2097-right,R0 R3 B2,right,PASS
2098-left,R0 R3 L2,left,PASS
2099-left,R0 R3 R2,left,PASS
2099-right,R0 R3 R2,right,PASS
2100-left,R0 R3 Q3,left,PASS
2101-left,R0 R3 B3,left,PASS
2102-left,R0 R3 L3,left,PASS
2102-right,R0 R3 L3,right,PASS
2103-left,R0 R3 R3,left,PASS
2103-right,R0 R3 R3,right,PASS
2104-left,R0 R3 Q4,left,PASS
2104-right,R0 R3 Q4,right,PASS
2105-left,R0 R3 B4,left,PASS
2105-right,R0 R3 B4,right,PASS
2106-left,R0 R3 L4,left,PASS
2106-right,R0 R3 L4,right,PASS
2107-left,R0 R3 R4,left,PASS
2107-right,R0 R3 R4,right,PASS
2108-left,R0 R3 Q5,left,PASS
2108-right,R0 R3 Q5,right,PASS
2109-left,R0 R3 B5,left,PASS
2109-right,R0 R3 B5,right,PASS
2110-left,R0 R3 L5,left,PASS
2110-right,R0 R3 L5,right,PASS
2111-left,R0 R3 R5,left,PASS
2111-right,R0 R3 R5,right,PASS
2112-left,R0 Q4 Q0,left,PASS
2112-right,R0 Q4 Q0,right,PASS
2113-left,R0 Q4 B0,left,PASS
2113-right,R0 Q4 B0,right,PASS
2114-left,R0 Q4 L0,left,PASS
2114-right,R0 Q4 L0,right,PASS
2115-left,R0 Q4 R0,left,PASS
2115-right,R0 Q4 R0,right,PASS
2116-left,R0 Q4 Q1,left,PASS
2116-right,R0 Q4 Q1,right,PASS
2117-left,R0 Q4 B1,left,PASS
2117-right,R0 Q4 B1,right,PASS
2118-left,R0 Q4 L1,left,PASS
2118-right,R0 Q4 L1,right,PASS
2119-left,R0 Q4 R1,left,PASS
2119-right,R0 Q4 R1,right,PASS
2120-left,R0 Q4 Q2,left,PASS
2120-right,R0 Q4 Q2,right,PASS
2121-left,R0 Q4 B2,left,PASS
2121-right,R0 Q4 B2,right,PASS
2122-left,R0 Q4 L2,left,PASS
2122-right,R0 Q4 L2,right,PASS
2123-left,R0 Q4 R2,left,PASS
2123-right,R0 Q4 R2,right,PASS
2124-left,R0 Q4 Q3,left,PASS
2124-right,R0 Q4 Q3,right,PASS
2125-left,R0 Q4 B3,left,PASS
2125-right,R0 Q4 B3,right,PASS
2126-left,R0 Q4 L3,left,PASS
2127-left,R0 Q4 R3,left,PASS
2127-right,R0 Q4 R3,right,PASS
2128-left,R0 Q4 Q4,left,PASS
2129-left,R0 Q4 B4,left,PASS
2130-left,R0 Q4 L4,left,PASS
2131-left,R0 Q4 R4,left,PASS
2132-left,R0 Q4 Q5,left,PASS
2132-right,R0 Q4 Q5,right,PASS
2133-left,R0 Q4 B5,left,PASS
2133-right,R0 Q4 B5,right,PASS
2134-left,R0 Q4 L5,left,PASS
2134-right,R0 Q4 L5,right,PASS
2135-left,R0 Q4 R5,left,PASS
2135-right,R0 Q4 R5,right,PASS
2136-left,R0 B4 Q0,left,PASS
2136-right,R0 B4 Q0,right,PASS
2137-left,R0 B4 B0,left,PASS
2137-right,R0 B4 B0,right,PASS
2138-left,R0 B4 L0,left,PASS
2138-right,R0 B4 L0,right,PASS
2139-left,R0 B4 R0,left,PASS
2139-right,R0 B4 R0,right,PASS
2140-left,R0 B4 Q1,left,PASS
2140-right,R0 B4 Q1,right,PASS
2141-left,R0 B4 B1,left,PASS
2141-right,R0 B4 B1,right,PASS
2142-left,R0 B4 L1,left,PASS
2142-right,R0 B4 L1,right,PASS
2143-left,R0 B4 R1,left,PASS
2143-right,R0 B4 R1,right,PASS
2144-left,R0 B4 Q2,left,PASS
2144-right,R0 B4 Q2,right,PASS
2145-left,R0 B4 B2,left,PASS
2145-right,R0 B4 B2,right,PASS
2146-left,R0 B4 L2,left,PASS
2146-right,R0 B4 L2,right,PASS
2147-left,R0 B4 R2,left,PASS
2147-right,R0 B4 R2,right,PASS
2148-left,R0 B4 Q3,left,PASS
2148-right,R0 B4 Q3,right,PASS
2149-left,R0 B4 B3,left,PASS
2149-right,R0 B4 B3,right,PASS
2150-left,R0 B4 L3,left,PASS
2151-left,R0 B4 R3,left,PASS
2151-right,R0 B4 R3,right,PASS
2152-left,R0 B4 Q4,left,PASS
2153-left,R0 B4 B4,left,PASS
2154-left,R0 B4 L4,left,PASS
2155-left,R0 B4 R4,left,PASS
2156-left,R0 B4 Q5,left,PASS
2156-right,R0 B4 Q5,right,PASS
2157-left,R0 B4 B5,left,PASS
2157-right,R0 B4 B5,right,PASS
2158-left,R0 B4 L5,left,PASS
2158-right,R0 B4 L5,right,PASS
2159-left,R0 B4 R5,left,PASS
2159-right,R0 B4 R5,right,PASS
2160-left,R0 L4 Q0,left,PASS
2160-right,R0 L4 Q0,right,PASS
2161-left,R0 L4 B0,left,PASS
2161-right,R0 L4 B0,right,PASS
2162-left,R0 L4 L0,left,PASS
2163-left,R0 L4 R0,left,PASS
2163-right,R0 L4 R0,right,PASS
2164-left,R0 L4 Q1,left,PASS
2164-right,R0 L4 Q1,right,PASS
2165-left,R0 L4 B1,left,PASS
2165-right,R0 L4 B1,right,PASS
2166-left,R0 L4 L1,left,PASS
2167-left,R0 L4 R1,left,PASS
2167-right,R0 L4 R1,right,PASS
2168-left,R0 L4 Q2,left,PASS
2168-right,R0 L4 Q2,right,PASS
2169-left,R0 L4 B2,left,PASS
2169-right,R0 L4 B2,right,PASS
2170-left,R0 L4 L2,left,PASS
2171-left,R0 L4 R2,left,PASS
2171-right,R0 L4 R2,right,PASS
2172-left,R0 L4 Q3,left,PASS
2172-right,R0 L4 Q3,right,PASS
2173-left,R0 L4 B3,left,PASS
2173-right,R0 L4 B3,right,PASS
2174-left,R0 L4 L3,left,PASS
2175-left,R0 L4 R3,left,PASS
2175-right,R0 L4 R3,right,PASS
2176-left,R0 L4 Q4,left,PASS
2177-left,R0 L4 B4,left,PASS
2178-left,R0 L4 L4,left,PASS
2179-left,R0 L4 R4,left,PASS
2179-right,R0 L4 R4,right,PASS
2180-left,R0 L4 Q5,left,PASS
2181-left,R0 L4 B5,left,PASS
2182-left,R0 L4 L5,left,PASS
2183-left,R0 L4 R5,left,PASS
2184-left,R0 R4 Q0,left,PASS
2184-right,R0 R4 Q0,right,PASS
2185-left,R0 R4 B0,left,PASS
2185-right,R0 R4 B0,right,PASS
2186-left,R0 R4 L0,left,PASS
2186-right,R0 R4 L0,right,PASS
2187-left,R0 R4 R0,left,PASS
2187-right,R0 R4 R0,right,PASS
2188-left,R0 R4 Q1,left,PASS
2188-right,R0 R4 Q1,right,PASS
2189-left,R0 R4 B1,left,PASS
2189-right,R0 R4 B1,right,PASS
2190-left,R0 R4 L1,left,PASS
2190-right,R0 R4 L1,right,PASS
2191-left,R0 R4 R1,left,PASS
2191-right,R0 R4 R1,right,PASS
2192-left,R0 R4 Q2,left,PASS
2192-right,R0 R4 Q2,right,PASS
2193-left,R0 R4 B2,left,PASS
2193-right,R0 R4 B2,right,PASS
2194-left,R0 R4 L2,left,PASS
2194-right,R0 R4 L2,right,PASS
2195-left,R0 R4 R2,left,PASS
2195-right,R0 R4 R2,right,PASS
2196-left,R0 R4 Q3,left,PASS
2196-right,R0 R4 Q3,right,PASS
2197-left,R0 R4 B3,left,PASS
2197-right,R0 R4 B3,right,PASS
2198-left,R0 R4 L3,left,PASS
2199-left,R0 R4 R3,left,PASS
2199-right,R0 R4 R3,right,PASS
2200-left,R0 R4 Q4,left,PASS
2201-left,R0 R4 B4,left,PASS
2202-left,R0 R4 L4,left,PASS
2202-right,R0 R4 L4,right,PASS
2203-left,R0 R4 R4,left,PASS
2203-right,R0 R4 R4,right,PASS
2204-left,R0 R4 Q5,left,PASS
2204-right,R0 R4 Q5,right,PASS
2205-left,R0 R4 B5,left,PASS
2205-right,R0 R4 B5,right,PASS
2206-left,R0 R4 L5,left,PASS
2206-right,R0 R4 L5,right,PASS
2207-left,R0 R4 R5,left,PASS
2207-right,R0 R4 R5,right,PASS
2208-left,R0 Q5 Q0,left,PASS
2208-right,R0 Q5 Q0,right,PASS
2209-left,R0 Q5 B0,left,PASS
2209-right,R0 Q5 B0,right,PASS
2210-left,R0 Q5 L0,left,PASS
2210-right,R0 Q5 L0,right,PASS
2211-left,R0 Q5 R0,left,PASS
2211-right,R0 Q5 R0,right,PASS
2212-left,R0 Q5 Q1,left,PASS
2212-right,R0 Q5 Q1,right,PASS
2213-left,R0 Q5 B1,left,PASS
2213-right,R0 Q5 B1,right,PASS
2214-left,R0 Q5 L1,left,PASS
2214-right,R0 Q5 L1,right,PASS
2215-left,R0 Q5 R1,left,PASS
2215-right,R0 Q5 R1,right,PASS
2216-left,R0 Q5 Q2,left,PASS
2216-right,R0 Q5 Q2,right,PASS
2217-left,R0 Q5 B2,left,PASS
2217-right,R0 Q5 B2,right,PASS
2218-left,R0 Q5 L2,left,PASS
2218-right,R0 Q5 L2,right,PASS
2219-left,R0 Q5 R2,left,PASS
2219-right,R0 Q5 R2,right,PASS
2220-left,R0 Q5 Q3,left,PASS
2220-right,R0 Q5 Q3,right,PASS
2221-left,R0 Q5 B3,left,PASS
2221-right,R0 Q5 B3,right,PASS
2222-left,R0 Q5 L3,left,PASS
2222-right,R0 Q5 L3,right,PASS
2223-left,R0 Q5 R3,left,PASS
2223-right,R0 Q5 R3,right,PASS
2224-left,R0 Q5 Q4,left,PASS
2224-right,R0 Q5 Q4,right,PASS
2225-left,R0 Q5 B4,left,PASS
2225-right,R0 Q5 B4,right,PASS
2226-left,R0 Q5 L4,left,PASS
2227-left,R0 Q5 R4,left,PASS
2227-right,R0 Q5 R4,right,PASS
2228-left,R0 Q5 Q5,left,PASS
2229-left,R0 Q5 B5,left,PASS
2230-left,R0 Q5 L5,left,PASS
2231-left,R0 Q5 R5,left,PASS
2232-left,R0 B5 Q0,left,PASS
2232-right,R0 B5 Q0,right,PASS
2233-left,R0 B5 B0,left,PASS
2233-right,R0 B5 B0,right,PASS
2234-left,R0 B5 L0,left,PASS
2234-right,R0 B5 L0,right,PASS
2235-left,R0 B5 R0,left,PASS
2235-right,R0 B5 R0,right,PASS
2236-left,R0 B5 Q1,left,PASS
2236-right,R0 B5 Q1,right,PASS
2237-left,R0 B5 B1,left,PASS
2237-right,R0 B5 B1,right,PASS
2238-left,R0 B5 L1,left,PASS
2238-right,R0 B5 L1,right,PASS
2239-left,R0 B5 R1,left,PASS
2239-right,R0 B5 R1,right,PASS
2240-left,R0 B5 Q2,left,PASS
2240-right,R0 B5 Q2,right,PASS
2241-left,R0 B5 B2,left,PASS
2241-right,R0 B5 B2,right,PASS
2242-left,R0 B5 L2,left,PASS
2242-right,R0 B5 L2,right,PASS
2243-left,R0 B5 R2,left,PASS
2243-right,R0 B5 R2,right,PASS
2244-left,R0 B5 Q3,left,PASS
2244-right,R0 B5 Q3,right,PASS
2245-left,R0 B5 B3,left,PASS
2245-right,R0 B5 B3,right,PASS
2246-left,R0 B5 L3,left,PASS
2246-right,R0 B5 L3,right,PASS
2247-left,R0 B5 R3,left,PASS
2247-right,R0 B5 R3,right,PASS
2248-left,R0 B5 Q4,left,PASS
2248-right,R0 B5 Q4,right,PASS
2249-left,R0 B5 B4,left,PASS
2249-right,R0 B5 B4,right,PASS
2250-left,R0 B5 L4,left,PASS
2251-left,R0 B5 R4,left,PASS
2251-right,R0 B5 R4,right,PASS
2252-left,R0 B5 Q5,left,PASS
2253-left,R0 B5 B5,left,PASS
2254-left,R0 B5 L5,left,PASS
2255-left,R0 B5 R5,left,PASS
2260-right,R0 L5 Q1,right,PASS
2261-right,R0 L5 B1,right,PASS
2263-right,R0 L5 R1,right,PASS
2264-right,R0 L5 Q2,right,PASS
2265-right,R0 L5 B2,right,PASS
2267-right,R0 L5 R2,right,PASS
2268-right,R0 L5 Q3,right,PASS
2269-right,R0 L5 B3,right,PASS
2271-right,R0 L5 R3,right,PASS
2272-right,R0 L5 Q4,right,PASS
2273-right,R0 L5 B4,right,PASS
2275-right,R0 L5 R4,right,PASS
2279-right,R0 L5 R5,right,PASS
2280-left,R0 R5 Q0,left,PASS
2280-right,R0 R5 Q0,right,PASS
2281-left,R0 R5 B0,left,PASS
2281-right,R0 R5 B0,right,PASS
2282-left,R0 R5 L0,left,PASS
2282-right,R0 R5 L0,right,PASS
2283-left,R0 R5 R0,left,PASS
2283-right,R0 R5 R0,right,PASS
2284-left,R0 R5 Q1,left,PASS
2284-right,R0 R5 Q1,right,PASS
2285-left,R0 R5 B1,left,PASS
2285-right,R0 R5 B1,right,PASS
2286-left,R0 R5 L1,left,PASS
2286-right,R0 R5 L1,right,PASS
2287-left,R0 R5 R1,left,PASS
2287-right,R0 R5 R1,right,PASS
2288-left,R0 R5 Q2,left,PASS
2288-right,R0 R5 Q2,right,PASS
2289-left,R0 R5 B2,left,PASS
2289-right,R0 R5 B2,right,PASS
2290-left,R0 R5 L2,left,PASS
2290-right,R0 R5 L2,right,PASS
2291-left,R0 R5 R2,left,PASS
2291-right,R0 R5 R2,right,PASS
2292-left,R0 R5 Q3,left,PASS
2292-right,R0 R5 Q3,right,PASS
2293-left,R0 R5 B3,left,PASS
2293-right,R0 R5 B3,right,PASS
2294-left,R0 R5 L3,left,PASS
2294-right,R0 R5 L3,right,PASS
2295-left,R0 R5 R3,left,PASS
2295-right,R0 R5 R3,right,PASS
2296-left,R0 R5 Q4,left,PASS
2296-right,R0 R5 Q4,right,PASS
2297-left,R0 R5 B4,left,PASS
2297-right,R0 R5 B4,right,PASS
2298-left,R0 R5 L4,left,PASS
2299-left,R0 R5 R4,left,PASS
2299-right,R0 R5 R4,right,PASS
2300-left,R0 R5 Q5,left,PASS
2301-left,R0 R5 B5,left,PASS
2302-left,R0 R5 L5,left,PASS
2302-right,R0 R5 L5,right,PASS
2303-left,R0 R5 R5,left,PASS
2303-right,R0 R5 R5,right,PASS
2304-left,Q1 Q0 Q0,left,PASS
2305-left,Q1 Q0 B0,left,PASS
2306-left,Q1 Q0 L0,left,PASS
2307-left,Q1 Q0 R0,left,PASS
2308-left,Q1 Q0 Q1,left,PASS
2308-right,Q1 Q0 Q1,right,PASS
2309-left,Q1 Q0 B1,left,PASS
2309-right,Q1 Q0 B1,right,PASS
2310-left,Q1 Q0 L1,left,PASS
2310-right,Q1 Q0 L1,right,PASS
2311-left,Q1 Q0 R1,left,PASS
2311-right,Q1 Q0 R1,right,PASS
2312-left,Q1 Q0 Q2,left,PASS
2312-right,Q1 Q0 Q2,right,PASS
2313-left,Q1 Q0 B2,left,PASS
2313-right,Q1 Q0 B2,right,PASS
2314-left,Q1 Q0 L2,left,PASS
2314-right,Q1 Q0 L2,right,PASS
2315-left,Q1 Q0 R2,left,PASS
2315-right,Q1 Q0 R2,right,PASS
2316-left,Q1 Q0 Q3,left,PASS
2316-right,Q1 Q0 Q3,right,PASS
2317-left,Q1 Q0 B3,left,PASS
2317-right,Q1 Q0 B3,right,PASS
2318-left,Q1 Q0 L3,left,PASS
2318-right,Q1 Q0 L3,right,PASS
2319-left,Q1 Q0 R3,left,PASS
2319-right,Q1 Q0 R3,right,PASS
2320-left,Q1 Q0 Q4,left,PASS
2320-right,Q1 Q0 Q4,right,PASS
2321-left,Q1 Q0 B4,left,PASS
2321-right,Q1 Q0 B4,right,PASS
2322-left,Q1 Q0 L4,left,PASS
2322-right,Q1 Q0 L4,right,PASS
2323-left,Q1 Q0 R4,left,PASS
2323-right,Q1 Q0 R4,right,PASS
2324-left,Q1 Q0 Q5,left,PASS
2324-right,Q1 Q0 Q5,right,PASS
2325-left,Q1 Q0 B5,left,PASS
2325-right,Q1 Q0 B5,right,PASS
2326-left,Q1 Q0 L5,left,PASS
2327-left,Q1 Q0 R5,left,PASS
2327-right,Q1 Q0 R5,right,PASS
2328-left,Q1 B0 Q0,left,PASS
2329-left,Q1 B0 B0,left,PASS
2330-left,Q1 B0 L0,left,PASS
2331-left,Q1 B0 R0,left,PASS
2332-left,Q1 B0 Q1,left,PASS
2332-right,Q1 B0 Q1,right,PASS
2333-left,Q1 B0 B1,left,PASS
2333-right,Q1 B0 B1,right,PASS
2334-left,Q1 B0 L1,left,PASS
2334-right,Q1 B0 L1,right,PASS
2335-left,Q1 B0 R1,left,PASS
2335-right,Q1 B0 R1,right,PASS
2336-left,Q1 B0 Q2,left,PASS
2336-right,Q1 B0 Q2,right,PASS
2337-left,Q1 B0 B2,left,PASS
2337-right,Q1 B0 B2,right,PASS
2338-left,Q1 B0 L2,left,PASS
2338-right,Q1 B0 L2,right,PASS
2339-left,Q1 B0 R2,left,PASS
2339-right,Q1 B0 R2,right,PASS
2340-left,Q1 B0 Q3,left,PASS
2340-right,Q1 B0 Q3,right,PASS
2341-left,Q1 B0 B3,left,PASS
2341-right,Q1 B0 B3,right,PASS
2342-left,Q1 B0 L3,left,PASS
2342-right,Q1 B0 L3,right,PASS
2343-left,Q1 B0 R3,left,PASS
2343-right,Q1 B0 R3,right,PASS
2344-left,Q1 B0 Q4,left,PASS
2344-right,Q1 B0 Q4,right,PASS
2345-left,Q1 B0 B4,left,PASS
2345-right,Q1 B0 B4,right,PASS
2346-left,Q1 B0 L4,left,PASS
2346-right,Q1 B0 L4,right,PASS
2347-left,Q1 B0 R4,left,PASS
2347-right,Q1 B0 R4,right,PASS
2348-left,Q1 B0 Q5,left,PASS
2348-right,Q1 B0 Q5,right,PASS
2349-left,Q1 B0 B5,left,PASS
2349-right,Q1 B0 B5,right,PASS
2350-left,Q1 B0 L5,left,PASS
2351-left,Q1 B0 R5,left,PASS
2351-right,Q1 B0 R5,right,PASS
2355-right,Q1 L0 R0,right,PASS
2360-right,Q1 L0 Q2,right,PASS
2361-right,Q1 L0 B2,right,PASS
2363-right,Q1 L0 R2,right,PASS
2364-right,Q1 L0 Q3,right,PASS
2365-right,Q1 L0 B3,right,PASS
2367-right,Q1 L0 R3,right,PASS
2368-right,Q1 L0 Q4,right,PASS
2369-right,Q1 L0 B4,right,PASS
2371-right,Q1 L0 R4,right,PASS
2372-right,Q1 L0 Q5,right,PASS
2373-right,Q1 L0 B5,right,PASS
2375-right,Q1 L0 R5,right,PASS
2376-left,Q1 R0 Q0,left,PASS
2377-left,Q1 R0 B0,left,PASS
2378-left,Q1 R0 L0,left,PASS
2378-right,Q1 R0 L0,right,PASS
2379-left,Q1 R0 R0,left,PASS
2379-right,Q1 R0 R0,right,PASS
2380-left,Q1 R0 Q1,left,PASS
2380-right,Q1 R0 Q1,right,PASS
2381-left,Q1 R0 B1,left,PASS
2381-right,Q1 R0 B1,right,PASS
2382-left,Q1 R0 L1,left,PASS
2382-right,Q1 R0 L1,right,PASS
2383-left,Q1 R0 R1,left,PASS
2383-right,Q1 R0 R1,right,PASS
2384-left,Q1 R0 Q2,left,PASS
2384-right,Q1 R0 Q2,right,PASS
2385-left,Q1 R0 B2,left,PASS
2385-right,Q1 R0 B2,right,PASS
2386-left,Q1 R0 L2,left,PASS
2386-right,Q1 R0 L2,right,PASS
2387-left,Q1 R0 R2,left,PASS
2387-right,Q1 R0 R2,right,PASS
2388-left,Q1 R0 Q3,left,PASS
2388-right,Q1 R0 Q3,right,PASS
2389-left,Q1 R0 B3,left,PASS
2389-right,Q1 R0 B3,right,PASS
2390-left,Q1 R0 L3,left,PASS
2390-right,Q1 R0 L3,right,PASS
2391-left,Q1 R0 R3,left,PASS
2391-right,Q1 R0 R3,right,PASS
2392-left,Q1 R0 Q4,left,PASS
2392-right,Q1 R0 Q4,right,PASS
2393-left,Q1 R0 B4,left,PASS
2393-right,Q1 R0 B4,right,PASS
2394-left,Q1 R0 L4,left,PASS
2394-right,Q1 R0 L4,right,PASS
2395-left,Q1 R0 R4,left,PASS
2395-right,Q1 R0 R4,right,PASS
2396-left,Q1 R0 Q5,left,PASS
2396-right,Q1 R0 Q5,right,PASS
2397-left,Q1 R0 B5,left,PASS
2397-right,Q1 R0 B5,right,PASS
2398-left,Q1 R0 L5,left,PASS
2399-left,Q1 R0 R5,left,PASS
2399-right,Q1 R0 R5,right,PASS
2400-right,Q1 Q1 Q0,right,PASS
2401-right,Q1 Q1 B0,right,PASS
2403-right,Q1 Q1 R0,right,PASS
2408-right,Q1 Q1 Q2,right,PASS
2409-right,Q1 Q1 B2,right,PASS
2410-right,Q1 Q1 L2,right,PASS
2411-right,Q1 Q1 R2,right,PASS
2412-right,Q1 Q1 Q3,right,PASS
2413-right,Q1 Q1 B3,right,PASS
2414-right,Q1 Q1 L3,right,PASS
2415-right,Q1 Q1 R3,right,PASS
2416-right,Q1 Q1 Q4,right,PASS
2417-right,Q1 Q1 B4,right,PASS
2418-right,Q1 Q1 L4,right,PASS
2419-right,Q1 Q1 R4,right,PASS
2420-right,Q1 Q1 Q5,right,PASS
2421-right,Q1 Q1 B5,right,PASS
2422-right,Q1 Q1 L5,right,PASS
2423-right,Q1 Q1 R5,right,PASS
2424-right,Q1 B1 Q0,right,PASS
2425-right,Q1 B1 B0,right,PASS
2427-right,Q1 B1 R0,right,PASS
2432-right,Q1 B1 Q2,right,PASS
2433-right,Q1 B1 B2,right,PASS
2434-right,Q1 B1 L2,right,PASS
2435-right,Q1 B1 R2,right,PASS
2436-right,Q1 B1 Q3,right,PASS
2437-right,Q1 B1 B3,right,PASS
2438-right,Q1 B1 L3,right,PASS
2439-right,Q1 B1 R3,right,PASS
2440-right,Q1 B1 Q4,right,PASS
2441-right,Q1 B1 B4,right,PASS
2442-right,Q1 B1 L4,right,PASS
2443-right,Q1 B1 R4,right,PASS
2444-right,Q1 B1 Q5,right,PASS
2445-right,Q1 B1 B5,right,PASS
2446-right,Q1 B1 L5,right,PASS
2447-right,Q1 B1 R5,right,PASS
2448-right,Q1 L1 Q0,right,PASS
2449-right,Q1 L1 B0,right,PASS
2451-right,Q1 L1 R0,right,PASS
2455-right,Q1 L1 R1,right,PASS
2460-right,Q1 L1 Q3,right,PASS
2461-right,Q1 L1 B3,right,PASS
2463-right,Q1 L1 R3,right,PASS
2464-right,Q1 L1 Q4,right,PASS
2465-right,Q1 L1 B4,right,PASS
2467-right,Q1 L1 R4,right,PASS
2468-right,Q1 L1 Q5,right,PASS
2469-right,Q1 L1 B5,right,PASS
2471-right,Q1 L1 R5,right,PASS
2472-right,Q1 R1 Q0,right,PASS
2473-right,Q1 R1 B0,right,PASS
2475-right,Q1 R1 R0,right,PASS
2478-right,Q1 R1 L1,right,PASS
2479-right,Q1 R1 R1,right,PASS
2480-right,Q1 R1 Q2,right,PASS
2481-right,Q1 R1 B2,right,PASS
2482-right,Q1 R1 L2,right,PASS
2483-right,Q1 R1 R2,right,PASS
2484-right,Q1 R1 Q3,right,PASS
2485-right,Q1 R1 B3,right,PASS
2486-right,Q1 R1 L3,right,PASS
2487-right,Q1 R1 R3,right,PASS
2488-right,Q1 R1 Q4,right,PASS
2489-right,Q1 R1 B4,right,PASS
2490-right,Q1 R1 L4,right,PASS
2491-right,Q1 R1 R4,right,PASS
2492-right,Q1 R1 Q5,right,PASS
2493-right,Q1 R1 B5,right,PASS
2494-right,Q1 R1 L5,right,PASS
2495-right,Q1 R1 R5,right,PASS
2496-left,Q1 Q2 Q0,left,PASS
2496-right,Q1 Q2 Q0,right,PASS
2497-left,Q1 Q2 B0,left,PASS
2497-right,Q1 Q2 B0,right,PASS
2498-left,Q1 Q2 L0,left,PASS
2498-right,Q1 Q2 L0,right,PASS
2499-left,Q1 Q2 R0,left,PASS
2499-right,Q1 Q2 R0,right,PASS
2500-left,Q1 Q2 Q1,left,PASS
2500-right,Q1 Q2 Q1,right,PASS
2501-left,Q1 Q2 B1,left,PASS
2501-right,Q1 Q2 B1,right,PASS
2502-left,Q1 Q2 L1,left,PASS
2503-left,Q1 Q2 R1,left,PASS
2503-right,Q1 Q2 R1,right,PASS
2504-left,Q1 Q2 Q2,left,PASS
2505-left,Q1 Q2 B2,left,PASS
2506-left,Q1 Q2 L2,left,PASS
2507-left,Q1 Q2 R2,left,PASS
2508-left,Q1 Q2 Q3,left,PASS
2508-right,Q1 Q2 Q3,right,PASS
2509-left,Q1 Q2 B3,left,PASS
2509-right,Q1 Q2 B3,right,PASS
2510-left,Q1 Q2 L3,left,PASS
2510-right,Q1 Q2 L3,right,PASS
2511-left,Q1 Q2 R3,left,PASS
2511-right,Q1 Q2 R3,right,PASS
2512-left,Q1 Q2 Q4,left,PASS
2512-right,Q1 Q2 Q4,right,PASS
2513-left,Q1 Q2 B4,left,PASS
2513-right,Q1 Q2 B4,right,PASS
2514-left,Q1 Q2 L4,left,PASS
2514-right,Q1 Q2 L4,right,PASS
2515-left,Q1 Q2 R4,left,PASS
2515-right,Q1 Q2 R4,right,PASS
2516-left,Q1 Q2 Q5,left,PASS
2516-right,Q1 Q2 Q5,right,PASS
2517-left,Q1 Q2 B5,left,PASS
2517-right,Q1 Q2 B5,right,PASS
2518-left,Q1 Q2 L5,left,PASS
2518-right,Q1 Q2 L5,right,PASS
2519-left,Q1 Q2 R5,left,PASS
2519-right,Q1 Q2 R5,right,PASS
2520-left,Q1 B2 Q0,left,PASS
2520-right,Q1 B2 Q0,right,PASS
2521-left,Q1 B2 B0,left,PASS
2521-right,Q1 B2 B0,right,PASS
2522-left,Q1 B2 L0,left,PASS
2522-right,Q1 B2 L0,right,PASS
2523-left,Q1 B2 R0,left,PASS
2523-right,Q1 B2 R0,right,PASS
2524-left,Q1 B2 Q1,left,PASS
2524-right,Q1 B2 Q1,right,PASS
2525-left,Q1 B2 B1,left,PASS
2525-right,Q1 B2 B1,right,PASS
2526-left,Q1 B2 L1,left,PASS
2527-left,Q1 B2 R1,left,PASS
2527-right,Q1 B2 R1,right,PASS
2528-left,Q1 B2 Q2,left,PASS
2529-left,Q1 B2 B2,left,PASS
2530-left,Q1 B2 L2,left,PASS
2531-left,Q1 B2 R2,left,PASS
2532-left,Q1 B2 Q3,left,PASS
2532-right,Q1 B2 Q3,right,PASS
2533-left,Q1 B2 B3,left,PASS
2533-right,Q1 B2 B3,right,PASS
2534-left,Q1 B2 L3,left,PASS
2534-right,Q1 B2 L3,right,PASS
2535-left,Q1 B2 R3,left,PASS
2535-right,Q1 B2 R3,right,PASS
2536-left,Q1 B2 Q4,left,PASS
2536-right,Q1 B2 Q4,right,PASS
2537-left,Q1 B2 B4,left,PASS
2537-right,Q1 B2 B4,right,PASS
2538-left,Q1 B2 L4,left,PASS
2538-right,Q1 B2 L4,right,PASS
2539-left,Q1 B2 R4,left,PASS
2539-right,Q1 B2 R4,right,PASS
2540-left,Q1 B2 Q5,left,PASS
2540-right,Q1 B2 Q5,right,PASS
2541-left,Q1 B2 B5,left,PASS
2541-right,Q1 B2 B5,right,PASS
2542-left,Q1 B2 L5,left,PASS
2542-right,Q1 B2 L5,right,PASS
2543-left,Q1 B2 R5,left,PASS
2543-right,Q1 B2 R5,right,PASS
2544-left,Q1 L2 Q0,left,PASS
2544-right,Q1 L2 Q0,right,PASS
2545-left,Q1 L2 B0,left,PASS
2545-right,Q1 L2 B0,right,PASS
2546-left,Q1 L2 L0,left,PASS
2547-left,Q1 L2 R0,left,PASS
2547-right,Q1 L2 R0,right,PASS
2548-left,Q1 L2 Q1,left,PASS
2548-right,Q1 L2 Q1,right,PASS
2549-left,Q1 L2 B1,left,PASS
2549-right,Q1 L2 B1,right,PASS
2550-left,Q1 L2 L1,left,PASS
2551-left,Q1 L2 R1,left,PASS
2551-right,Q1 L2 R1,right,PASS
2552-left,Q1 L2 Q2,left,PASS
2553-left,Q1 L2 B2,left,PASS
2554-left,Q1 L2 L2,left,PASS
2555-left,Q1 L2 R2,left,PASS
2555-right,Q1 L2 R2,right,PASS
2556-left,Q1 L2 Q3,left,PASS
2557-left,Q1 L2 B3,left,PASS
2558-left,Q1 L2 L3,left,PASS
2559-left,Q1 L2 R3,left,PASS
2560-left,Q1 L2 Q4,left,PASS
2560-right,Q1 L2 Q4,right,PASS
2561-left,Q1 L2 B4,left,PASS
2561-right,Q1 L2 B4,right,PASS
2562-left,Q1 L2 L4,left,PASS
2563-left,Q1 L2 R4,left,PASS
2563-right,Q1 L2 R4,right,PASS
2564-left,Q1 L2 Q5,left,PASS
2564-right,Q1 L2 Q5,right,PASS
2565-left,Q1 L2 B5,left,PASS
2565-right,Q1 L2 B5,right,PASS
2566-left,Q1 L2 L5,left,PASS
2567-left,Q1 L2 R5,left,PASS
2567-right,Q1 L2 R5,right,PASS
2568-left,Q1 R2 Q0,left,PASS
2568-right,Q1 R2 Q0,right,PASS
2569-left,Q1 R2 B0,left,PASS
2569-right,Q1 R2 B0,right,PASS
2570-left,Q1 R2 L0,left,PASS
2570-right,Q1 R2 L0,right,PASS
2571-left,Q1 R2 R0,left,PASS
2571-right,Q1 R2 R0,right,PASS
2572-left,Q1 R2 Q1,left,PASS
2572-right,Q1 R2 Q1,right,PASS
2573-left,Q1 R2 B1,left,PASS
2573-right,Q1 R2 B1,right,PASS
2574-left,Q1 R2 L1,left,PASS
2575-left,Q1 R2 R1,left,PASS
2575-right,Q1 R2 R1,right,PASS
2576-left,Q1 R2 Q2,left,PASS
2577-left,Q1 R2 B2,left,PASS
2578-left,Q1 R2 L2,left,PASS
2578-right,Q1 R2 L2,right,PASS
2579-left,Q1 R2 R2,left,PASS
2579-right,Q1 R2 R2,right,PASS
2580-left,Q1 R2 Q3,left,PASS
2580-right,Q1 R2 Q3,right,PASS
2581-left,Q1 R2 B3,left,PASS
2581-right,Q1 R2 B3,right,PASS
2582-left,Q1 R2 L3,left,PASS
2582-right,Q1 R2 L3,right,PASS
2583-left,Q1 R2 R3,left,PASS
2583-right,Q1 R2 R3,right,PASS
2584-left,Q1 R2 Q4,left,PASS
2584-right,Q1 R2 Q4,right,PASS
2585-left,Q1 R2 B4,left,PASS
2585-right,Q1 R2 B4,right,PASS
2586-left,Q1 R2 L4,left,PASS
2586-right,Q1 R2 L4,right,PASS
2587-left,Q1 R2 R4,left,PASS
2587-right,Q1 R2 R4,right,PASS
2588-left,Q1 R2 Q5,left,PASS
2588-right,Q1 R2 Q5,right,PASS
2589-left,Q1 R2 B5,left,PASS
2589-right,Q1 R2 B5,right,PASS
2590-left,Q1 R2 L5,left,PASS
2590-right,Q1 R2 L5,right,PASS
2591-left,Q1 R2 R5,left,PASS
2591-right,Q1 R2 R5,right,PASS
2592-left,Q1 Q3 Q0,left,PASS
2592-right,Q1 Q3 Q0,right,PASS
2593-left,Q1 Q3 B0,left,PASS
2593-right,Q1 Q3 B0,right,PASS
2594-left,Q1 Q3 L0,left,PASS
2594-right,Q1 Q3 L0,right,PASS
2595-left,Q1 Q3 R0,left,PASS
2595-right,Q1 Q3 R0,right,PASS
2596-left,Q1 Q3 Q1,left,PASS
2596-right,Q1 Q3 Q1,right,PASS
2597-left,Q1 Q3 B1,left,PASS
2597-right,Q1 Q3 B1,right,PASS
2598-left,Q1 Q3 L1,left,PASS
2598-right,Q1 Q3 L1,right,PASS
2599-left,Q1 Q3 R1,left,PASS
2599-right,Q1 Q3 R1,right,PASS
2600-left,Q1 Q3 Q2,left,PASS
2600-right,Q1 Q3 Q2,right,PASS
2601-left,Q1 Q3 B2,left,PASS
2601-right,Q1 Q3 B2,right,PASS
2602-left,Q1 Q3 L2,left,PASS
2603-left,Q1 Q3 R2,left,PASS
2603-right,Q1 Q3 R2,right,PASS
2604-left,Q1 Q3 Q3,left,PASS
2605-left,Q1 Q3 B3,left,PASS
2606-left,Q1 Q3 L3,left,PASS
2607-left,Q1 Q3 R3,left,PASS
2608-left,Q1 Q3 Q4,left,PASS
2608-right,Q1 Q3 Q4,right,PASS
2609-left,Q1 Q3 B4,left,PASS
2609-right,Q1 Q3 B4,right,PASS
2610-left,Q1 Q3 L4,left,PASS
2610-right,Q1 Q3 L4,right,PASS
2611-left,Q1 Q3 R4,left,PASS
2611-right,Q1 Q3 R4,right,PASS
2612-left,Q1 Q3 Q5,left,PASS
2612-right,Q1 Q3 Q5,right,PASS
2613-left,Q1 Q3 B5,left,PASS
2613-right,Q1 Q3 B5,right,PASS
2614-left,Q1 Q3 L5,left,PASS
2614-right,Q1 Q3 L5,right,PASS
2615-left,Q1 Q3 R5,left,PASS
2615-right,Q1 Q3 R5,right,PASS
2616-left,Q1 B3 Q0,left,PASS
2616-right,Q1 B3 Q0,right,PASS
2617-left,Q1 B3 B0,left,PASS
2617-right,Q1 B3 B0,right,PASS
2618-left,Q1 B3 L0,left,PASS
2618-right,Q1 B3 L0,right,PASS
2619-left,Q1 B3 R0,left,PASS
2619-right,Q1 B3 R0,right,PASS
2620-left,Q1 B3 Q1,left,PASS
2620-right,Q1 B3 Q1,right,PASS
2621-left,Q1 B3 B1,left,PASS
2621-right,Q1 B3 B1,right,PASS
2622-left,Q1 B3 L1,left,PASS
2622-right,Q1 B3 L1,right,PASS
2623-left,Q1 B3 R1,left,PASS
2623-right,Q1 B3 R1,right,PASS
2624-left,Q1 B3 Q2,left,PASS
2624-right,Q1 B3 Q2,right,PASS
2625-left,Q1 B3 B2,left,PASS
2625-right,Q1 B3 B2,right,PASS
2626-left,Q1 B3 L2,left,PASS
2627-left,Q1 B3 R2,left,PASS
2627-right,Q1 B3 R2,right,PASS
2628-left,Q1 B3 Q3,left,PASS
2629-left,Q1 B3 B3,left,PASS
2630-left,Q1 B3 L3,left,PASS
2631-left,Q1 B3 R3,left,PASS
2632-left,Q1 B3 Q4,left,PASS
2632-right,Q1 B3 Q4,right,PASS
2633-left,Q1 B3 B4,left,PASS
2633-right,Q1 B3 B4,right,PASS
2634-left,Q1 B3 L4,left,PASS
2634-right,Q1 B3 L4,right,PASS
2635-left,Q1 B3 R4,left,PASS
2635-right,Q1 B3 R4,right,PASS
2636-left,Q1 B3 Q5,left,PASS
2636-right,Q1 B3 Q5,right,PASS
2637-left,Q1 B3 B5,left,PASS
2637-right,Q1 B3 B5,right,PASS
2638-left,Q1 B3 L5,left,PASS
2638-right,Q1 B3 L5,right,PASS
2639-left,Q1 B3 R5,left,PASS
2639-right,Q1 B3 R5,right,PASS
2640-left,Q1 L3 Q0,left,PASS
2640-right,Q1 L3 Q0,right,PASS
2641-left,Q1 L3 B0,left,PASS
2641-right,Q1 L3 B0,right,PASS
2642-left,Q1 L3 L0,left,PASS
2643-left,Q1 L3 R0,left,PASS
2643-right,Q1 L3 R0,right,PASS
2644-left,Q1 L3 Q1,left,PASS
2644-right,Q1 L3 Q1,right,PASS
2645-left,Q1 L3 B1,left,PASS
2645-right,Q1 L3 B1,right,PASS
2646-left,Q1 L3 L1,left,PASS
2647-left,Q1 L3 R1,left,PASS
2647-right,Q1 L3 R1,right,PASS
2648-left,Q1 L3 Q2,left,PASS
2648-right,Q1 L3 Q2,right,PASS
2649-left,Q1 L3 B2,left,PASS
2649-right,Q1 L3 B2,right,PASS
2650-left,Q1 L3 L2,left,PASS
2651-left,Q1 L3 R2,left,PASS
2651-right,Q1 L3 R2,right,PASS
2652-left,Q1 L3 Q3,left,PASS
2653-left,Q1 L3 B3,left,PASS
2654-left,Q1 L3 L3,left,PASS
2655-left,Q1 L3 R3,left,PASS
2655-right,Q1 L3 R3,right,PASS
2656-left,Q1 L3 Q4,left,PASS
2657-left,Q1 L3 B4,left,PASS
2658-left,Q1 L3 L4,left,PASS
2659-left,Q1 L3 R4,left,PASS
2660-left,Q1 L3 Q5,left,PASS
2660-right,Q1 L3 Q5,right,PASS
2661-left,Q1 L3 B5,left,PASS
2661-right,Q1 L3 B5,right,PASS
2662-left,Q1 L3 L5,left,PASS
2663-left,Q1 L3 R5,left,PASS
2663-right,Q1 L3 R5,right,PASS
2664-left,Q1 R3 Q0,left,PASS
2664-right,Q1 R3 Q0,right,PASS
2665-left,Q1 R3 B0,left,PASS
2665-right,Q1 R3 B0,right,PASS
2666-left,Q1 R3 L0,left,PASS
2666-right,Q1 R3 L0,right,PASS
2667-left,Q1 R3 R0,left,PASS
2667-right,Q1 R3 R0,right,PASS
2668-left,Q1 R3 Q1,left,PASS
2668-right,Q1 R3 Q1,right,PASS
2669-left,Q1 R3 B1,left,PASS
2669-right,Q1 R3 B1,right,PASS
2670-left,Q1 R3 L1,left,PASS
2670-right,Q1 R3 L1,right,PASS
2671-left,Q1 R3 R1,left,PASS
2671-right,Q1 R3 R1,right,PASS
2672-left,Q1 R3 Q2,left,PASS
2672-right,Q1 R3 Q2,right,PASS
2673-left,Q1 R3 B2,left,PASS
2673-right,Q1 R3 B2,right,PASS
2674-left,Q1 R3 L2,left,PASS
2675-left,Q1 R3 R2,left,PASS
2675-right,Q1 R3 R2,right,PASS
2676-left,Q1 R3 Q3,left,PASS
2677-left,Q1 R3 B3,left,PASS
2678-left,Q1 R3 L3,left,PASS
2678-right,Q1 R3 L3,right,PASS
2679-left,Q1 R3 R3,left,PASS
2679-right,Q1 R3 R3,right,PASS
2680-left,Q1 R3 Q4,left,PASS
2680-right,Q1 R3 Q4,right,PASS
2681-left,Q1 R3 B4,left,PASS
2681-right,Q1 R3 B4,right,PASS
2682-left,Q1 R3 L4,left,PASS
2682-right,Q1 R3 L4,right,PASS
2683-left,Q1 R3 R4,left,PASS
2683-right,Q1 R3 R4,right,PASS
2684-left,Q1 R3 Q5,left,PASS
2684-right,Q1 R3 Q5,right,PASS
2685-left,Q1 R3 B5,left,PASS
2685-right,Q1 R3 B5,right,PASS
2686-left,Q1 R3 L5,left,PASS
2686-right,Q1 R3 L5,right,PASS
2687-left,Q1 R3 R5,left,PASS
2687-right,Q1 R3 R5,right,PASS
2688-left,Q1 Q4 Q0,left,PASS
2688-right,Q1 Q4 Q0,right,PASS
2689-left,Q1 Q4 B0,left,PASS
2689-right,Q1 Q4 B0,right,PASS
2690-left,Q1 Q4 L0,left,PASS
2690-right,Q1 Q4 L0,right,PASS
2691-left,Q1 Q4 R0,left,PASS
2691-right,Q1 Q4 R0,right,PASS
2692-left,Q1 Q4 Q1,left,PASS
2692-right,Q1 Q4 Q1,right,PASS
2693-left,Q1 Q4 B1,left,PASS
2693-right,Q1 Q4 B1,right,PASS
2694-left,Q1 Q4 L1,left,PASS
2694-right,Q1 Q4 L1,right,PASS
2695-left,Q1 Q4 R1,left,PASS
2695-right,Q1 Q4 R1,right,PASS
2696-left,Q1 Q4 Q2,left,PASS
2696-right,Q1 Q4 Q2,right,PASS
2697-left,Q1 Q4 B2,left,PASS
2697-right,Q1 Q4 B2,right,PASS
2698-left,Q1 Q4 L2,left,PASS
2698-right,Q1 Q4 L2,right,PASS
2699-left,Q1 Q4 R2,left,PASS
2699-right,Q1 Q4 R2,right,PASS
2700-left,Q1 Q4 Q3,left,PASS
2700-right,Q1 Q4 Q3,right,PASS
2701-left,Q1 Q4 B3,left,PASS
2701-right,Q1 Q4 B3,right,PASS
2702-left,Q1 Q4 L3,left,PASS
2703-left,Q1 Q4 R3,left,PASS
2703-right,Q1 Q4 R3,right,PASS
2704-left,Q1 Q4 Q4,left,PASS
2705-left,Q1 Q4 B4,left,PASS
2706-left,Q1 Q4 L4,left,PASS
2707-left,Q1 Q4 R4,left,PASS
2708-left,Q1 Q4 Q5,left,PASS
2708-right,Q1 Q4 Q5,right,PASS
2709-left,Q1 Q4 B5,left,PASS
2709-right,Q1 Q4 B5,right,PASS
2710-left,Q1 Q4 L5,left,PASS
2710-right,Q1 Q4 L5,right,PASS
2711-left,Q1 Q4 R5,left,PASS
2711-right,Q1 Q4 R5,right,PASS
2712-left,Q1 B4 Q0,left,PASS
2712-right,Q1 B4 Q0,right,PASS
2713-left,Q1 B4 B0,left,PASS
2713-right,Q1 B4 B0,right,PASS
2714-left,Q1 B4 L0,left,PASS
2714-right,Q1 B4 L0,right,PASS
2715-left,Q1 B4 R0,left,PASS
2715-right,Q1 B4 R0,right,PASS
2716-left,Q1 B4 Q1,left,PASS
2716-right,Q1 B4 Q1,right,PASS
2717-left,Q1 B4 B1,left,PASS
2717-right,Q1 B4 B1,right,PASS
2718-left,Q1 B4 L1,left,PASS
2718-right,Q1 B4 L1,right,PASS
2719-left,Q1 B4 R1,left,PASS
2719-right,Q1 B4 R1,right,PASS
2720-left,Q1 B4 Q2,left,PASS
2720-right,Q1 B4 Q2,right,PASS
2721-left,Q1 B4 B2,left,PASS
2721-right,Q1 B4 B2,right,PASS
2722-left,Q1 B4 L2,left,PASS
2722-right,Q1 B4 L2,right,PASS
2723-left,Q1 B4 R2,left,PASS
2723-right,Q1 B4 R2,right,PASS
2724-left,Q1 B4 Q3,left,PASS
2724-right,Q1 B4 Q3,right,PASS
2725-left,Q1 B4 B3,left,PASS
2725-right,Q1 B4 B3,right,PASS
2726-left,Q1 B4 L3,left,PASS
2727-left,Q1 B4 R3,left,PASS
2727-right,Q1 B4 R3,right,PASS
2728-left,Q1 B4 Q4,left,PASS
2729-left,Q1 B4 B4,left,PASS
2730-left,Q1 B4 L4,left,PASS
2731-left,Q1 B4 R4,left,PASS
2732-left,Q1 B4 Q5,left,PASS
2732-right,Q1 B4 Q5,right,PASS
2733-left,Q1 B4 B5,left,PASS
2733-right,Q1 B4 B5,right,PASS
2734-left,Q1 B4 L5,left,PASS
2734-right,Q1 B4 L5,right,PASS
2735-left,Q1 B4 R5,left,PASS
2735-right,Q1 B4 R5,right,PASS
2736-left,Q1 L4 Q0,left,PASS
2736-right,Q1 L4 Q0,right,PASS
2737-left,Q1 L4 B0,left,PASS
2737-right,Q1 L4 B0,right,PASS
2738-left,Q1 L4 L0,left,PASS
2739-left,Q1 L4 R0,left,PASS
2739-right,Q1 L4 R0,right,PASS
2740-left,Q1 L4 Q1,left,PASS
2740-right,Q1 L4 Q1,right,PASS
2741-left,Q1 L4 B1,left,PASS
2741-right,Q1 L4 B1,right,PASS
2742-left,Q1 L4 L1,left,PASS
2743-left,Q1 L4 R1,left,PASS
2743-right,Q1 L4 R1,right,PASS
2744-left,Q1 L4 Q2,left,PASS
2744-right,Q1 L4 Q2,right,PASS
2745-left,Q1 L4 B2,left,PASS
2745-right,Q1 L4 B2,right,PASS
2746-left,Q1 L4 L2,left,PASS
2747-left,Q1 L4 R2,left,PASS
2747-right,Q1 L4 R2,right,PASS
2748-left,Q1 L4 Q3,left,PASS
2748-right,Q1 L4 Q3,right,PASS
2749-left,Q1 L4 B3,left,PASS
2749-right,Q1 L4 B3,right,PASS
2750-left,Q1 L4 L3,left,PASS
2751-left,Q1 L4 R3,left,PASS
2751-right,Q1 L4 R3,right,PASS
2752-left,Q1 L4 Q4,left,PASS
2753-left,Q1 L4 B4,left,PASS
2754-left,Q1 L4 L4,left,PASS
2755-left,Q1 L4 R4,left,PASS
2755-right,Q1 L4 R4,right,PASS
2756-left,Q1 L4 Q5,left,PASS
2757-left,Q1 L4 B5,left,PASS
2758-left,Q1 L4 L5,left,PASS
2759-left,Q1 L4 R5,left,PASS
2760-left,Q1 R4 Q0,left,PASS
2760-right,Q1 R4 Q0,right,PASS
2761-left,Q1 R4 B0,left,PASS
2761-right,Q1 R4 B0,right,PASS
2762-left,Q1 R4 L0,left,PASS
2762-right,Q1 R4 L0,right,PASS
2763-left,Q1 R4 R0,left,PASS
2763-right,Q1 R4 R0,right,PASS
2764-left,Q1 R4 Q1,left,PASS
2764-right,Q1 R4 Q1,right,PASS
2765-left,Q1 R4 B1,left,PASS
2765-right,Q1 R4 B1,right,PASS
2766-left,Q1 R4 L1,left,PASS
2766-right,Q1 R4 L1,right,PASS
2767-left,Q1 R4 R1,left,PASS
2767-right,Q1 R4 R1,right,PASS
2768-left,Q1 R4 Q2,left,PASS
2768-right,Q1 R4 Q2,right,PASS
2769-left,Q1 R4 B2,left,PASS
2769-right,Q1 R4 B2,right,PASS
2770-left,Q1 R4 L2,left,PASS
2770-right,Q1 R4 L2,right,PASS
2771-left,Q1 R4 R2,left,PASS
2771-right,Q1 R4 R2,right,PASS
2772-left,Q1 R4 Q3,left,PASS
2772-right,Q1 R4 Q3,right,PASS
2773-left,Q1 R4 B3,left,PASS
2773-right,Q1 R4 B3,right,PASS
2774-left,Q1 R4 L3,left,PASS
2775-left,Q1 R4 R3,left,PASS
2775-right,Q1 R4 R3,right,PASS
2776-left,Q1 R4 Q4,left,PASS
2777-left,Q1 R4 B4,left,PASS
2778-left,Q1 R4 L4,left,PASS
2778-right,Q1 R4 L4,right,PASS
2779-left,Q1 R4 R4,left,PASS
2779-right,Q1 R4 R4,right,PASS
2780-left,Q1 R4 Q5,left,PASS
2780-right,Q1 R4 Q5,right,PASS
2781-left,Q1 R4 B5,left,PASS
2781-right,Q1 R4 B5,right,PASS
2782-left,Q1 R4 L5,left,PASS
2782-right,Q1 R4 L5,right,PASS
2783-left,Q1 R4 R5,left,PASS
2783-right,Q1 R4 R5,right,PASS
2784-left,Q1 Q5 Q0,left,PASS
2784-right,Q1 Q5 Q0,right,PASS
2785-left,Q1 Q5 B0,left,PASS
2785-right,Q1 Q5 B0,right,PASS
2786-left,Q1 Q5 L0,left,PASS
2786-right,Q1 Q5 L0,right,PASS
2787-left,Q1 Q5 R0,left,PASS
2787-right,Q1 Q5 R0,right,PASS
2788-left,Q1 Q5 Q1,left,PASS
2788-right,Q1 Q5 Q1,right,PASS
2789-left,Q1 Q5 B1,left,PASS
2789-right,Q1 Q5 B1,right,PASS
2790-left,Q1 Q5 L1,left,PASS
2790-right,Q1 Q5 L1,right,PASS
2791-left,Q1 Q5 R1,left,PASS
2791-right,Q1 Q5 R1,right,PASS
2792-left,Q1 Q5 Q2,left,PASS
2792-right,Q1 Q5 Q2,right,PASS
2793-left,Q1 Q5 B2,left,PASS
2793-right,Q1 Q5 B2,right,PASS
2794-left,Q1 Q5 L2,left,PASS
2794-right,Q1 Q5 L2,right,PASS
2795-left,Q1 Q5 R2,left,PASS
2795-right,Q1 Q5 R2,right,PASS
2796-left,Q1 Q5 Q3,left,PASS
2796-right,Q1 Q5 Q3,right,PASS
2797-left,Q1 Q5 B3,left,PASS
2797-right,Q1 Q5 B3,right,PASS
2798-left,Q1 Q5 L3,left,PASS
2798-right,Q1 Q5 L3,right,PASS
2799-left,Q1 Q5 R3,left,PASS
2799-right,Q1 Q5 R3,right,PASS
2800-left,Q1 Q5 Q4,left,PASS
2800-right,Q1 Q5 Q4,right,PASS
2801-left,Q1 Q5 B4,left,PASS
2801-right,Q1 Q5 B4,right,PASS
2802-left,Q1 Q5 L4,left,PASS
2803-left,Q1 Q5 R4,left,PASS
2803-right,Q1 Q5 R4,right,PASS
2804-left,Q1 Q5 Q5,left,PASS
2805-left,Q1 Q5 B5,left,PASS
2806-left,Q1 Q5 L5,left,PASS
2807-left,Q1 Q5 R5,left,PASS
2808-left,Q1 B5 Q0,left,PASS
2808-right,Q1 B5 Q0,right,PASS
2809-left,Q1 B5 B0,left,PASS
2809-right,Q1 B5 B0,right,PASS
2810-left,Q1 B5 L0,left,PASS
2810-right,Q1 B5 L0,right,PASS
2811-left,Q1 B5 R0,left,PASS
2811-right,Q1 B5 R0,right,PASS
2812-left,Q1 B5 Q1,left,PASS
2812-right,Q1 B5 Q1,right,PASS
2813-left,Q1 B5 B1,left,PASS
2813-right,Q1 B5 B1,right,PASS
2814-left,Q1 B5 L1,left,PASS
2814-right,Q1 B5 L1,right,PASS
2815-left,Q1 B5 R1,left,PASS
2815-right,Q1 B5 R1,right,PASS
2816-left,Q1 B5 Q2,left,PASS
2816-right,Q1 B5 Q2,right,PASS
2817-left,Q1 B5 B2,left,PASS
2817-right,Q1 B5 B2,right,PASS
2818-left,Q1 B5 L2,left,PASS
2818-right,Q1 B5 L2,right,PASS
2819-left,Q1 B5 R2,left,PASS
2819-right,Q1 B5 R2,right,PASS
2820-left,Q1 B5 Q3,left,PASS
2820-right,Q1 B5 Q3,right,PASS
2821-left,Q1 B5 B3,left,PASS
2821-right,Q1 B5 B3,right,PASS
2822-left,Q1 B5 L3,left,PASS
2822-right,Q1 B5 L3,right,PASS
2823-left,Q1 B5 R3,left,PASS
2823-right,Q1 B5 R3,right,PASS
2824-left,Q1 B5 Q4,left,PASS
2824-right,Q1 B5 Q4,right,PASS
2825-left,Q1 B5 B4,left,PASS
2825-right,Q1 B5 B4,right,PASS
2826-left,Q1 B5 L4,left,PASS
2827-left,Q1 B5 R4,left,PASS
2827-right,Q1 B5 R4,right,PASS
2828-left,Q1 B5 Q5,left,PASS
2829-left,Q1 B5 B5,left,PASS
2830-left,Q1 B5 L5,left,PASS
2831-left,Q1 B5 R5,left,PASS
2832-left,Q1 L5 Q0,left,PASS
2833-left,Q1 L5 B0,left,PASS
2834-left,Q1 L5 L0,left,PASS
2835-left,Q1 L5 R0,left,PASS
2836-left,Q1 L5 Q1,left,PASS
2836-right,Q1 L5 Q1,right,PASS
2837-left,Q1 L5 B1,left,PASS
2837-right,Q1 L5 B1,right,PASS
2838-left,Q1 L5 L1,left,PASS
2839-left,Q1 L5 R1,left,PASS
2839-right,Q1 L5 R1,right,PASS
2840-left,Q1 L5 Q2,left,PASS
2840-right,Q1 L5 Q2,right,PASS
2841-left,Q1 L5 B2,left,PASS
2841-right,Q1 L5 B2,right,PASS
2842-left,Q1 L5 L2,left,PASS
2843-left,Q1 L5 R2,left,PASS
2843-right,Q1 L5 R2,right,PASS
2844-left,Q1 L5 Q3,left,PASS
2844-right,Q1 L5 Q3,right,PASS
2845-left,Q1 L5 B3,left,PASS
2845-right,Q1 L5 B3,right,PASS
2846-left,Q1 L5 L3,left,PASS
2847-left,Q1 L5 R3,left,PASS
2847-right,Q1 L5 R3,right,PASS
2848-left,Q1 L5 Q4,left,PASS
2848-right,Q1 L5 Q4,right,PASS
2849-left,Q1 L5 B4,left,PASS
2849-right,Q1 L5 B4,right,PASS
2850-left,Q1 L5 L4,left,PASS
2851-left,Q1 L5 R4,left,PASS
2851-right,Q1 L5 R4,right,PASS
2852-left,Q1 L5 Q5,left,PASS
2853-left,Q1 L5 B5,left,PASS
2854-left,Q1 L5 L5,left,PASS
2855-left,Q1 L5 R5,left,PASS
2855-right,Q1 L5 R5,right,PASS
2856-left,Q1 R5 Q0,left,PASS
2856-right,Q1 R5 Q0,right,PASS
2857-left,Q1 R5 B0,left,PASS
2857-right,Q1 R5 B0,right,PASS
2858-left,Q1 R5 L0,left,PASS
2858-right,Q1 R5 L0,right,PASS
2859-left,Q1 R5 R0,left,PASS
2859-right,Q1 R5 R0,right,PASS
2860-left,Q1 R5 Q1,left,PASS
2860-right,Q1 R5 Q1,right,PASS
2861-left,Q1 R5 B1,left,PASS
2861-right,Q1 R5 B1,right,PASS
2862-left,Q1 R5 L1,left,PASS
2862-right,Q1 R5 L1,right,PASS
2863-left,Q1 R5 R1,left,PASS
2863-right,Q1 R5 R1,right,PASS
2864-left,Q1 R5 Q2,left,PASS
2864-right,Q1 R5 Q2,right,PASS
2865-left,Q1 R5 B2,left,PASS
2865-right,Q1 R5 B2,right,PASS
2866-left,Q1 R5 L2,left,PASS
2866-right,Q1 R5 L2,right,PASS
2867-left,Q1 R5 R2,left,PASS
2867-right,Q1 R5 R2,right,PASS
2868-left,Q1 R5 Q3,left,PASS
2868-right,Q1 R5 Q3,right,PASS
2869-left,Q1 R5 B3,left,PASS
2869-right,Q1 R5 B3,right,PASS
2870-left,Q1 R5 L3,left,PASS
2870-right,Q1 R5 L3,right,PASS
2871-left,Q1 R5 R3,left,PASS
2871-right,Q1 R5 R3,right,PASS
2872-left,Q1 R5 Q4,left,PASS
2872-right,Q1 R5 Q4,right,PASS
2873-left,Q1 R5 B4,left,PASS
2873-right,Q1 R5 B4,right,PASS
2874-left,Q1 R5 L4,left,PASS
2875-left,Q1 R5 R4,left,PASS
2875-right,Q1 R5 R4,right,PASS
2876-left,Q1 R5 Q5,left,PASS
2877-left,Q1 R5 B5,left,PASS
2878-left,Q1 R5 L5,left,PASS
2878-right,Q1 R5 L5,right,PASS
2879-left,Q1 R5 R5,left,PASS
2879-right,Q1 R5 R5,right,PASS
2880-left,B1 Q0 Q0,left,PASS
2881-left,B1 Q0 B0,left,PASS
2882-left,B1 Q0 L0,left,PASS
2883-left,B1 Q0 R0,left,PASS
2884-left,B1 Q0 Q1,left,PASS
2884-right,B1 Q0 Q1,right,PASS
2885-left,B1 Q0 B1,left,PASS
2885-right,B1 Q0 B1,right,PASS
2886-left,B1 Q0 L1,left,PASS
2886-right,B1 Q0 L1,right,PASS
2887-left,B1 Q0 R1,left,PASS
2887-right,B1 Q0 R1,right,PASS
2888-left,B1 Q0 Q2,left,PASS
2888-right,B1 Q0 Q2,right,PASS
2889-left,B1 Q0 B2,left,PASS
2889-right,B1 Q0 B2,right,PASS
2890-left,B1 Q0 L2,left,PASS
2890-right,B1 Q0 L2,right,PASS
2891-left,B1 Q0 R2,left,PASS
2891-right,B1 Q0 R2,right,PASS
2892-left,B1 Q0 Q3,left,PASS
2892-right,B1 Q0 Q3,right,PASS
2893-left,B1 Q0 B3,left,PASS
2893-right,B1 Q0 B3,right,PASS
2894-left,B1 Q0 L3,left,PASS
2894-right,B1 Q0 L3,right,PASS
2895-left,B1 Q0 R3,left,PASS
2895-right,B1 Q0 R3,right,PASS
2896-left,B1 Q0 Q4,left,PASS
2896-right,B1 Q0 Q4,right,PASS
2897-left,B1 Q0 B4,left,PASS
2897-right,B1 Q0 B4,right,PASS
2898-left,B1 Q0 L4,left,PASS
2898-right,B1 Q0 L4,right,PASS
2899-left,B1 Q0 R4,left,PASS
2899-right,B1 Q0 R4,right,PASS
2900-left,B1 Q0 Q5,left,PASS
2900-right,B1 Q0 Q5,right,PASS
2901-left,B1 Q0 B5,left,PASS
2901-right,B1 Q0 B5,right,PASS
2902-left,B1 Q0 L5,left,PASS
2903-left,B1 Q0 R5,left,PASS
2903-right,B1 Q0 R5,right,PASS
2904-left,B1 B0 Q0,left,PASS
2905-left,B1 B0 B0,left,PASS
2906-left,B1 B0 L0,left,PASS
2907-left,B1 B0 R0,left,PASS
2908-left,B1 B0 Q1,left,PASS
2908-right,B1 B0 Q1,right,PASS
2909-left,B1 B0 B1,left,PASS
2909-right,B1 B0 B1,right,PASS
2910-left,B1 B0 L1,left,PASS
2910-right,B1 B0 L1,right,PASS
2911-left,B1 B0 R1,left,PASS
2911-right,B1 B0 R1,right,PASS
2912-left,B1 B0 Q2,left,PASS
2912-right,B1 B0 Q2,right,PASS
2913-left,B1 B0 B2,left,PASS
2913-right,B1 B0 B2,right,PASS
2914-left,B1 B0 L2,left,PASS
2914-right,B1 B0 L2,right,PASS
2915-left,B1 B0 R2,left,PASS
2915-right,B1 B0 R2,right,PASS
2916-left,B1 B0 Q3,left,PASS
2916-right,B1 B0 Q3,right,PASS
2917-left,B1 B0 B3,left,PASS
2917-right,B1 B0 B3,right,PASS
2918-left,B1 B0 L3,left,PASS
2918-right,B1 B0 L3,right,PASS
2919-left,B1 B0 R3,left,PASS
2919-right,B1 B0 R3,right,PASS
2920-left,B1 B0 Q4,left,PASS
2920-right,B1 B0 Q4,right,PASS
2921-left,B1 B0 B4,left,PASS
2921-right,B1 B0 B4,right,PASS
2922-left,B1 B0 L4,left,PASS
2922-right,B1 B0 L4,right,PASS
2923-left,B1 B0 R4,left,PASS
2923-right,B1 B0 R4,right,PASS
2924-left,B1 B0 Q5,left,PASS
2924-right,B1 B0 Q5,right,PASS
2925-left,B1 B0 B5,left,PASS
2925-right,B1 B0 B5,right,PASS
2926-left,B1 B0 L5,left,PASS
2927-left,B1 B0 R5,left,PASS
2927-right,B1 B0 R5,right,PASS
2931-right,B1 L0 R0,right,PASS
2936-right,B1 L0 Q2,right,PASS
2937-right,B1 L0 B2,right,PASS
2939-right,B1 L0 R2,right,PASS
2940-right,B1 L0 Q3,right,PASS
2941-right,B1 L0 B3,right,PASS
2943-right,B1 L0 R3,right,PASS
2944-right,B1 L0 Q4,right,PASS
2945-right,B1 L0 B4,right,PASS
2947-right,B1 L0 R4,right,PASS
2948-right,B1 L0 Q5,right,PASS
2949-right,B1 L0 B5,right,PASS
2951-right,B1 L0 R5,right,PASS
2952-left,B1 R0 Q0,left,PASS
2953-left,B1 R0 B0,left,PASS
2954-left,B1 R0 L0,left,PASS
2954-right,B1 R0 L0,right,PASS
2955-left,B1 R0 R0,left,PASS
2955-right,B1 R0 R0,right,PASS
2956-left,B1 R0 Q1,left,PASS
2956-right,B1 R0 Q1,right,PASS
2957-left,B1 R0 B1,left,PASS
2957-right,B1 R0 B1,right,PASS
2958-left,B1 R0 L1,left,PASS
2958-right,B1 R0 L1,right,PASS
2959-left,B1 R0 R1,left,PASS
2959-right,B1 R0 R1,right,PASS
2960-left,B1 R0 Q2,left,PASS
2960-right,B1 R0 Q2,right,PASS
2961-left,B1 R0 B2,left,PASS
2961-right,B1 R0 B2,right,PASS
2962-left,B1 R0 L2,left,PASS
2962-right,B1 R0 L2,right,PASS
2963-left,B1 R0 R2,left,PASS
2963-right,B1 R0 R2,right,PASS
2964-left,B1 R0 Q3,left,PASS
2964-right,B1 R0 Q3,right,PASS
2965-left,B1 R0 B3,left,PASS
2965-right,B1 R0 B3,right,PASS
2966-left,B1 R0 L3,left,PASS
2966-right,B1 R0 L3,right,PASS
2967-left,B1 R0 R3,left,PASS
2967-right,B1 R0 R3,right,PASS
2968-left,B1 R0 Q4,left,PASS
2968-right,B1 R0 Q4,right,PASS
2969-left,B1 R0 B4,left,PASS
2969-right,B1 R0 B4,right,PASS
2970-left,B1 R0 L4,left,PASS
2970-right,B1 R0 L4,right,PASS
2971-left,B1 R0 R4,left,PASS
2971-right,B1 R0 R4,right,PASS
2972-left,B1 R0 Q5,left,PASS
2972-right,B1 R0 Q5,right,PASS
2973-left,B1 R0 B5,left,PASS
2973-right,B1 R0 B5,right,PASS
2974-left,B1 R0 L5,left,PASS
2975-left,B1 R0 R5,left,PASS
2975-right,B1 R0 R5,right,PASS
2976-right,B1 Q1 Q0,right,PASS
2977-right,B1 Q1 B0,right,PASS
2979-right,B1 Q1 R0,right,PASS
2984-right,B1 Q1 Q2,right,PASS
2985-right,B1 Q1 B2,right,PASS
2986-right,B1 Q1 L2,right,PASS
2987-right,B1 Q1 R2,right,PASS
2988-right,B1 Q1 Q3,right,PASS
2989-right,B1 Q1 B3,right,PASS
2990-right,B1 Q1 L3,right,PASS
2991-right,B1 Q1 R3,right,PASS
2992-right,B1 Q1 Q4,right,PASS
2993-right,B1 Q1 B4,right,PASS
2994-right,B1 Q1 L4,right,PASS
2995-right,B1 Q1 R4,right,PASS
2996-right,B1 Q1 Q5,right,PASS
2997-right,B1 Q1 B5,right,PASS
2998-right,B1 Q1 L5,right,PASS
2999-right,B1 Q1 R5,right,PASS
3000-right,B1 B1 Q0,right,PASS
3001-right,B1 B1 B0,right,PASS
3003-right,B1 B1 R0,right,PASS
3008-right,B1 B1 Q2,right,PASS
3009-right,B1 B1 B2,right,PASS
3010-right,B1 B1 L2,right,PASS
3011-right,B1 B1 R2,right,PASS
3012-right,B1 B1 Q3,right,PASS
3013-right,B1 B1 B3,right,PASS
3014-right,B1 B1 L3,right,PASS
3015-right,B1 B1 R3,right,PASS
3016-right,B1 B1 Q4,right,PASS
3017-right,B1 B1 B4,right,PASS
3018-right,B1 B1 L4,right,PASS
3019-right,B1 B1 R4,right,PASS
3020-right,B1 B1 Q5,right,PASS
3021-right,B1 B1 B5,right,PASS
3022-right,B1 B1 L5,right,PASS
3023-right,B1 B1 R5,right,PASS
3024-right,B1 L1 Q0,right,PASS
3025-right,B1 L1 B0,right,PASS
3027-right,B1 L1 R0,right,PASS
3031-right,B1 L1 R1,right,PASS
3036-right,B1 L1 Q3,right,PASS
3037-right,B1 L1 B3,right,PASS
3039-right,B1 L1 R3,right,PASS
3040-right,B1 L1 Q4,right,PASS
3041-right,B1 L1 B4,right,PASS
3043-right,B1 L1 R4,right,PASS
3044-right,B1 L1 Q5,right,PASS
3045-right,B1 L1 B5,right,PASS
3047-right,B1 L1 R5,right,PASS
3048-right,B1 R1 Q0,right,PASS
3049-right,B1 R1 B0,right,PASS
3051-right,B1 R1 R0,right,PASS
3054-right,B1 R1 L1,right,PASS
3055-right,B1 R1 R1,right,PASS
3056-right,B1 R1 Q2,right,PASS
3057-right,B1 R1 B2,right,PASS
3058-right,B1 R1 L2,right,PASS
3059-right,B1 R1 R2,right,PASS
3060-right,B1 R1 Q3,right,PASS
3061-right,B1 R1 B3,right,PASS
3062-right,B1 R1 L3,right,PASS
3063-right,B1 R1 R3,right,PASS
3064-right,B1 R1 Q4,right,PASS
3065-right,B1 R1 B4,right,PASS
3066-right,B1 R1 L4,right,PASS
3067-right,B1 R1 R4,right,PASS
3068-right,B1 R1 Q5,right,PASS
3069-right,B1 R1 B5,right,PASS
3070-right,B1 R1 L5,right,PASS
3071-right,B1 R1 R5,right,PASS
3072-left,B1 Q2 Q0,left,PASS
3072-right,B1 Q2 Q0,right,PASS
3073-left,B1 Q2 B0,left,PASS
3073-right,B1 Q2 B0,right,PASS
3074-left,B1 Q2 L0,left,PASS
3074-right,B1 Q2 L0,right,PASS
3075-left,B1 Q2 R0,left,PASS
3075-right,B1 Q2 R0,right,PASS
3076-left,B1 Q2 Q1,left,PASS
3076-right,B1 Q2 Q1,right,PASS
3077-left,B1 Q2 B1,left,PASS
3077-right,B1 Q2 B1,right,PASS
3078-left,B1 Q2 L1,left,PASS
3079-left,B1 Q2 R1,left,PASS
3079-right,B1 Q2 R1,right,PASS
3080-left,B1 Q2 Q2,left,PASS
3081-left,B1 Q2 B2,left,PASS
3082-left,B1 Q2 L2,left,PASS
3083-left,B1 Q2 R2,left,PASS
3084-left,B1 Q2 Q3,left,PASS
3084-right,B1 Q2 Q3,right,PASS
3085-left,B1 Q2 B3,left,PASS
3085-right,B1 Q2 B3,right,PASS
3086-left,B1 Q2 L3,left,PASS
3086-right,B1 Q2 L3,right,PASS
3087-left,B1 Q2 R3,left,PASS
3087-right,B1 Q2 R3,right,PASS
3088-left,B1 Q2 Q4,left,PASS
3088-right,B1 Q2 Q4,right,PASS
3089-left,B1 Q2 B4,left,PASS
3089-right,B1 Q2 B4,right,PASS
3090-left,B1 Q2 L4,left,PASS
3090-right,B1 Q2 L4,right,PASS
3091-left,B1 Q2 R4,left,PASS
3091-right,B1 Q2 R4,right,PASS
3092-left,B1 Q2 Q5,left,PASS
3092-right,B1 Q2 Q5,right,PASS
3093-left,B1 Q2 B5,left,PASS
3093-right,B1 Q2 B5,right,PASS
3094-left,B1 Q2 L5,left,PASS
3094-right,B1 Q2 L5,right,PASS
3095-left,B1 Q2 R5,left,PASS
3095-right,B1 Q2 R5,right,PASS
3096-left,B1 B2 Q0,left,PASS
3096-right,B1 B2 Q0,right,PASS
3097-left,B1 B2 B0,left,PASS
3097-right,B1 B2 B0,right,PASS
3098-left,B1 B2 L0,left,PASS
3098-right,B1 B2 L0,right,PASS
3099-left,B1 B2 R0,left,PASS
3099-right,B1 B2 R0,right,PASS
3100-left,B1 B2 Q1,left,PASS
3100-right,B1 B2 Q1,right,PASS
3101-left,B1 B2 B1,left,PASS
3101-right,B1 B2 B1,right,PASS
3102-left,B1 B2 L1,left,PASS
3103-left,B1 B2 R1,left,PASS
3103-right,B1 B2 R1,right,PASS
3104-left,B1 B2 Q2,left,PASS
3105-left,B1 B2 B2,left,PASS
3106-left,B1 B2 L2,left,PASS
3107-left,B1 B2 R2,left,PASS
3108-left,B1 B2 Q3,left,PASS
3108-right,B1 B2 Q3,right,PASS
3109-left,B1 B2 B3,left,PASS
3109-right,B1 B2 B3,right,PASS
3110-left,B1 B2 L3,left,PASS
3110-right,B1 B2 L3,right,PASS
3111-left,B1 B2 R3,left,PASS
3111-right,B1 B2 R3,right,PASS
3112-left,B1 B2 Q4,left,PASS
3112-right,B1 B2 Q4,right,PASS
3113-left,B1 B2 B4,left,PASS
3113-right,B1 B2 B4,right,PASS
3114-left,B1 B2 L4,left,PASS
3114-right,B1 B2 L4,right,PASS
3115-left,B1 B2 R4,left,PASS
3115-right,B1 B2 R4,right,PASS
3116-left,B1 B2 Q5,left,PASS
3116-right,B1 B2 Q5,right,PASS
3117-left,B1 B2 B5,left,PASS
3117-right,B1 B2 B5,right,PASS
3118-left,B1 B2 L5,left,PASS
3118-right,B1 B2 L5,right,PASS
3119-left,B1 B2 R5,left,PASS
3119-right,B1 B2 R5,right,PASS
3120-left,B1 L2 Q0,left,PASS
3120-right,B1 L2 Q0,right,PASS
3121-left,B1 L2 B0,left,PASS
3121-right,B1 L2 B0,right,PASS
3122-left,B1 L2 L0,left,PASS
3123-left,B1 L2 R0,left,PASS
3123-right,B1 L2 R0,right,PASS
3124-left,B1 L2 Q1,left,PASS
3124-right,B1 L2 Q1,right,PASS
3125-left,B1 L2 B1,left,PASS
3125-right,B1 L2 B1,right,PASS
3126-left,B1 L2 L1,left,PASS
3127-left,B1 L2 R1,left,PASS
3127-right,B1 L2 R1,right,PASS
3128-left,B1 L2 Q2,left,PASS
3129-left,B1 L2 B2,left,PASS
3130-left,B1 L2 L2,left,PASS
3131-left,B1 L2 R2,left,PASS
3131-right,B1 L2 R2,right,PASS
3132-left,B1 L2 Q3,left,PASS
3133-left,B1 L2 B3,left,PASS
3134-left,B1 L2 L3,left,PASS
3135-left,B1 L2 R3,left,PASS
3136-left,B1 L2 Q4,left,PASS
3136-right,B1 L2 Q4,right,PASS
3137-left,B1 L2 B4,left,PASS
3137-right,B1 L2 B4,right,PASS
3138-left,B1 L2 L4,left,PASS
3139-left,B1 L2 R4,left,PASS
3139-right,B1 L2 R4,right,PASS
3140-left,B1 L2 Q5,left,PASS
3140-right,B1 L2 Q5,right,PASS
3141-left,B1 L2 B5,left,PASS
3141-right,B1 L2 B5,right,PASS
3142-left,B1 L2 L5,left,PASS
3143-left,B1 L2 R5,left,PASS
3143-right,B1 L2 R5,right,PASS
3144-left,B1 R2 Q0,left,PASS
3144-right,B1 R2 Q0,right,PASS
3145-left,B1 R2 B0,left,PASS
3145-right,B1 R2 B0,right,PASS
3146-left,B1 R2 L0,left,PASS
3146-right,B1 R2 L0,right,PASS
3147-left,B1 R2 R0,left,PASS
3147-right,B1 R2 R0,right,PASS
3148-left,B1 R2 Q1,left,PASS
3148-right,B1 R2 Q1,right,PASS
3149-left,B1 R2 B1,left,PASS
3149-right,B1 R2 B1,right,PASS
3150-left,B1 R2 L1,left,PASS
3151-left,B1 R2 R1,left,PASS
3151-right,B1 R2 R1,right,PASS
3152-left,B1 R2 Q2,left,PASS
3153-left,B1 R2 B2,left,PASS
3154-left,B1 R2 L2,left,PASS
3154-right,B1 R2 L2,right,PASS
3155-left,B1 R2 R2,left,PASS
3155-right,B1 R2 R2,right,PASS
3156-left,B1 R2 Q3,left,PASS
3156-right,B1 R2 Q3,right,PASS
3157-left,B1 R2 B3,left,PASS
3157-right,B1 R2 B3,right,PASS
3158-left,B1 R2 L3,left,PASS
3158-right,B1 R2 L3,right,PASS
3159-left,B1 R2 R3,left,PASS
3159-right,B1 R2 R3,right,PASS
3160-left,B1 R2 Q4,left,PASS
3160-right,B1 R2 Q4,right,PASS
3161-left,B1 R2 B4,left,PASS
3161-right,B1 R2 B4,right,PASS
3162-left,B1 R2 L4,left,PASS
3162-right,B1 R2 L4,right,PASS
3163-left,B1 R2 R4,left,PASS
3163-right,B1 R2 R4,right,PASS
3164-left,B1 R2 Q5,left,PASS
3164-right,B1 R2 Q5,right,PASS
3165-left,B1 R2 B5,left,PASS
3165-right,B1 R2 B5,right,PASS
3166-left,B1 R2 L5,left,PASS
3166-right,B1 R2 L5,right,PASS
3167-left,B1 R2 R5,left,PASS
3167-right,B1 R2 R5,right,PASS
3168-left,B1 Q3 Q0,left,PASS
3168-right,B1 Q3 Q0,right,PASS
3169-left,B1 Q3 B0,left,PASS
3169-right,B1 Q3 B0,right,PASS
3170-left,B1 Q3 L0,left,PASS
3170-right,B1 Q3 L0,right,PASS
3171-left,B1 Q3 R0,left,PASS
3171-right,B1 Q3 R0,right,PASS
3172-left,B1 Q3 Q1,left,PASS
3172-right,B1 Q3 Q1,right,PASS
3173-left,B1 Q3 B1,left,PASS
3173-right,B1 Q3 B1,right,PASS
3174-left,B1 Q3 L1,left,PASS
3174-right,B1 Q3 L1,right,PASS
3175-left,B1 Q3 R1,left,PASS
3175-right,B1 Q3 R1,right,PASS
3176-left,B1 Q3 Q2,left,PASS
3176-right,B1 Q3 Q2,right,PASS
3177-left,B1 Q3 B2,left,PASS
3177-right,B1 Q3 B2,right,PASS
3178-left,B1 Q3 L2,left,PASS
3179-left,B1 Q3 R2,left,PASS
3179-right,B1 Q3 R2,right,PASS
3180-left,B1 Q3 Q3,left,PASS
3181-left,B1 Q3 B3,left,PASS
3182-left,B1 Q3 L3,left,PASS
3183-left,B1 Q3 R3,left,PASS
3184-left,B1 Q3 Q4,left,PASS
3184-right,B1 Q3 Q4,right,PASS
3185-left,B1 Q3 B4,left,PASS
3185-right,B1 Q3 B4,right,PASS
3186-left,B1 Q3 L4,left,PASS
3186-right,B1 Q3 L4,right,PASS
3187-left,B1 Q3 R4,left,PASS
3187-right,B1 Q3 R4,right,PASS
3188-left,B1 Q3 Q5,left,PASS
3188-right,B1 Q3 Q5,right,PASS
3189-left,B1 Q3 B5,left,PASS
3189-right,B1 Q3 B5,right,PASS
3190-left,B1 Q3 L5,left,PASS
3190-right,B1 Q3 L5,right,PASS
3191-left,B1 Q3 R5,left,PASS
3191-right,B1 Q3 R5,right,PASS
3192-left,B1 B3 Q0,left,PASS
3192-right,B1 B3 Q0,right,PASS
3193-left,B1 B3 B0,left,PASS
3193-right,B1 B3 B0,right,PASS
3194-left,B1 B3 L0,left,PASS
3194-right,B1 B3 L0,right,PASS
3195-left,B1 B3 R0,left,PASS
3195-right,B1 B3 R0,right,PASS
3196-left,B1 B3 Q1,left,PASS
3196-right,B1 B3 Q1,right,PASS
3197-left,B1 B3 B1,left,PASS
3197-right,B1 B3 B1,right,PASS
3198-left,B1 B3 L1,left,PASS
3198-right,B1 B3 L1,right,PASS
3199-left,B1 B3 R1,left,PASS
3199-right,B1 B3 R1,right,PASS
3200-left,B1 B3 Q2,left,PASS
3200-right,B1 B3 Q2,right,PASS
3201-left,B1 B3 B2,left,PASS
3201-right,B1 B3 B2,right,PASS
3202-left,B1 B3 L2,left,PASS
3203-left,B1 B3 R2,left,PASS
3203-right,B1 B3 R2,right,PASS
3204-left,B1 B3 Q3,left,PASS
3205-left,B1 B3 B3,left,PASS
3206-left,B1 B3 L3,left,PASS
3207-left,B1 B3 R3,left,PASS
3208-left,B1 B3 Q4,left,PASS
3208-right,B1 B3 Q4,right,PASS
3209-left,B1 B3 B4,left,PASS
3209-right,B1 B3 B4,right,PASS
3210-left,B1 B3 L4,left,PASS
3210-right,B1 B3 L4,right,PASS
3211-left,B1 B3 R4,left,PASS
3211-right,B1 B3 R4,right,PASS
3212-left,B1 B3 Q5,left,PASS
3212-right,B1 B3 Q5,right,PASS
3213-left,B1 B3 B5,left,PASS
3213-right,B1 B3 B5,right,PASS
3214-left,B1 B3 L5,left,PASS
3214-right,B1 B3 L5,right,PASS
3215-left,B1 B3 R5,left,PASS
3215-right,B1 B3 R5,right,PASS
3216-left,B1 L3 Q0,left,PASS
3216-right,B1 L3 Q0,right,PASS
3217-left,B1 L3 B0,left,PASS
3217-right,B1 L3 B0,right,PASS
3218-left,B1 L3 L0,left,PASS
3219-left,B1 L3 R0,left,PASS
3219-right,B1 L3 R0,right,PASS
3220-left,B1 L3 Q1,left,PASS
3220-right,B1 L3 Q1,right,PASS
3221-left,B1 L3 B1,left,PASS
3221-right,B1 L3 B1,right,PASS
3222-left,B1 L3 L1,left,PASS
3223-left,B1 L3 R1,left,PASS
3223-right,B1 L3 R1,right,PASS
3224-left,B1 L3 Q2,left,PASS
3224-right,B1 L3 Q2,right,PASS
3225-left,B1 L3 B2,left,PASS
3225-right,B1 L3 B2,right,PASS
3226-left,B1 L3 L2,left,PASS
3227-left,B1 L3 R2,left,PASS
3227-right,B1 L3 R2,right,PASS
3228-left,B1 L3 Q3,left,PASS
3229-left,B1 L3 B3,left,PASS
3230-left,B1 L3 L3,left,PASS
3231-left,B1 L3 R3,left,PASS
3231-right,B1 L3 R3,right,PASS
3232-left,B1 L3 Q4,left,PASS
3233-left,B1 L3 B4,left,PASS
3234-left,B1 L3 L4,left,PASS
3235-left,B1 L3 R4,left,PASS
3236-left,B1 L3 Q5,left,PASS
3236-right,B1 L3 Q5,right,PASS
3237-left,B1 L3 B5,left,PASS
3237-right,B1 L3 B5,right,PASS
3238-left,B1 L3 L5,left,PASS
3239-left,B1 L3 R5,left,PASS
3239-right,B1 L3 R5,right,PASS
3240-left,B1 R3 Q0,left,PASS
3240-right,B1 R3 Q0,right,PASS
3241-left,B1 R3 B0,left,PASS
3241-right,B1 R3 B0,right,PASS
3242-left,B1 R3 L0,left,PASS
3242-right,B1 R3 L0,right,PASS
3243-left,B1 R3 R0,left,PASS
3243-right,B1 R3 R0,right,PASS
3244-left,B1 R3 Q1,left,PASS
3244-right,B1 R3 Q1,right,PASS
3245-left,B1 R3 B1,left,PASS
3245-right,B1 R3 B1,right,PASS
3246-left,B1 R3 L1,left,PASS
3246-right,B1 R3 L1,right,PASS
3247-left,B1 R3 R1,left,PASS
3247-right,B1 R3 R1,right,PASS
3248-left,B1 R3 Q2,left,PASS
3248-right,B1 R3 Q2,right,PASS
3249-left,B1 R3 B2,left,PASS
3249-right,B1 R3 B2,right,PASS
3250-left,B1 R3 L2,left,PASS
3251-left,B1 R3 R2,left,PASS
3251-right,B1 R3 R2,right,PASS
3252-left,B1 R3 Q3,left,PASS
3253-left,B1 R3 B3,left,PASS
3254-left,B1 R3 L3,left,PASS
3254-right,B1 R3 L3,right,PASS
3255-left,B1 R3 R3,left,PASS
3255-right,B1 R3 R3,right,PASS
3256-left,B1 R3 Q4,left,PASS
3256-right,B1 R3 Q4,right,PASS
3257-left,B1 R3 B4,left,PASS
3257-right,B1 R3 B4,right,PASS
3258-left,B1 R3 L4,left,PASS
3258-right,B1 R3 L4,right,PASS
3259-left,B1 R3 R4,left,PASS
3259-right,B1 R3 R4,right,PASS
3260-left,B1 R3 Q5,left,PASS
3260-right,B1 R3 Q5,right,PASS
3261-left,B1 R3 B5,left,PASS
3261-right,B1 R3 B5,right,PASS
3262-left,B1 R3 L5,left,PASS
3262-right,B1 R3 L5,right,PASS
3263-left,B1 R3 R5,left,PASS
3263-right,B1 R3 R5,right,PASS
3264-left,B1 Q4 Q0,left,PASS
3264-right,B1 Q4 Q0,right,PASS
3265-left,B1 Q4 B0,left,PASS
3265-right,B1 Q4 B0,right,PASS
3266-left,B1 Q4 L0,left,PASS
3266-right,B1 Q4 L0,right,PASS
3267-left,B1 Q4 R0,left,PASS
3267-right,B1 Q4 R0,right,PASS
3268-left,B1 Q4 Q1,left,PASS
3268-right,B1 Q4 Q1,right,PASS
3269-left,B1 Q4 B1,left,PASS
3269-right,B1 Q4 B1,right,PASS
3270-left,B1 Q4 L1,left,PASS
3270-right,B1 Q4 L1,right,PASS
3271-left,B1 Q4 R1,left,PASS
3271-right,B1 Q4 R1,right,PASS
3272-left,B1 Q4 Q2,left,PASS
3272-right,B1 Q4 Q2,right,PASS
3273-left,B1 Q4 B2,left,PASS
3273-right,B1 Q4 B2,right,PASS
3274-left,B1 Q4 L2,left,PASS
3274-right,B1 Q4 L2,right,PASS
3275-left,B1 Q4 R2,left,PASS
3275-right,B1 Q4 R2,right,PASS
3276-left,B1 Q4 Q3,left,PASS
3276-right,B1 Q4 Q3,right,PASS
3277-left,B1 Q4 B3,left,PASS
3277-right,B1 Q4 B3,right,PASS
3278-left,B1 Q4 L3,left,PASS
3279-left,B1 Q4 R3,left,PASS
3279-right,B1 Q4 R3,right,PASS
3280-left,B1 Q4 Q4,left,PASS
3281-left,B1 Q4 B4,left,PASS
3282-left,B1 Q4 L4,left,PASS
3283-left,B1 Q4 R4,left,PASS
3284-left,B1 Q4 Q5,left,PASS
3284-right,B1 Q4 Q5,right,PASS
3285-left,B1 Q4 B5,left,PASS
3285-right,B1 Q4 B5,right,PASS
3286-left,B1 Q4 L5,left,PASS
3286-right,B1 Q4 L5,right,PASS
3287-left,B1 Q4 R5,left,PASS
3287-right,B1 Q4 R5,right,PASS
3288-left,B1 B4 Q0,left,PASS
3288-right,B1 B4 Q0,right,PASS
3289-left,B1 B4 B0,left,PASS
3289-right,B1 B4 B0,right,PASS
3290-left,B1 B4 L0,left,PASS
3290-right,B1 B4 L0,right,PASS
3291-left,B1 B4 R0,left,PASS
3291-right,B1 B4 R0,right,PASS
3292-left,B1 B4 Q1,left,PASS
3292-right,B1 B4 Q1,right,PASS
3293-left,B1 B4 B1,left,PASS
3293-right,B1 B4 B1,right,PASS
3294-left,B1 B4 L1,left,PASS
3294-right,B1 B4 L1,right,PASS
3295-left,B1 B4 R1,left,PASS
3295-right,B1 B4 R1,right,PASS
3296-left,B1 B4 Q2,left,PASS
3296-right,B1 B4 Q2,right,PASS
3297-left,B1 B4 B2,left,PASS
3297-right,B1 B4 B2,right,PASS
3298-left,B1 B4 L2,left,PASS
3298-right,B1 B4 L2,right,PASS
3299-left,B1 B4 R2,left,PASS
3299-right,B1 B4 R2,right,PASS
3300-left,B1 B4 Q3,left,PASS
3300-right,B1 B4 Q3,right,PASS
3301-left,B1 B4 B3,left,PASS
3301-right,B1 B4 B3,right,PASS
3302-left,B1 B4 L3,left,PASS
3303-left,B1 B4 R3,left,PASS
3303-right,B1 B4 R3,right,PASS
3304-left,B1 B4 Q4,left,PASS
3305-left,B1 B4 B4,left,PASS
3306-left,B1 B4 L4,left,PASS
3307-left,B1 B4 R4,left,PASS
3308-left,B1 B4 Q5,left,PASS
3308-right,B1 B4 Q5,right,PASS
3309-left,B1 B4 B5,left,PASS
3309-right,B1 B4 B5,right,PASS
3310-left,B1 B4 L5,left,PASS
3310-right,B1 B4 L5,right,PASS
3311-left,B1 B4 R5,left,PASS
3311-right,B1 B4 R5,right,PASS
3312-left,B1 L4 Q0,left,PASS
3312-right,B1 L4 Q0,right,PASS
3313-left,B1 L4 B0,left,PASS
3313-right,B1 L4 B0,right,PASS
3314-left,B1 L4 L0,left,PASS
3315-left,B1 L4 R0,left,PASS
3315-right,B1 L4 R0,right,PASS
3316-left,B1 L4 Q1,left,PASS
3316-right,B1 L4 Q1,right,PASS
3317-left,B1 L4 B1,left,PASS
3317-right,B1 L4 B1,right,PASS
3318-left,B1 L4 L1,left,PASS
3319-left,B1 L4 R1,left,PASS
3319-right,B1 L4 R1,right,PASS
3320-left,B1 L4 Q2,left,PASS
3320-right,B1 L4 Q2,right,PASS
3321-left,B1 L4 B2,left,PASS
3321-right,B1 L4 B2,right,PASS
3322-left,B1 L4 L2,left,PASS
3323-left,B1 L4 R2,left,PASS
3323-right,B1 L4 R2,right,PASS
3324-left,B1 L4 Q3,left,PASS
3324-right,B1 L4 Q3,right,PASS
3325-left,B1 L4 B3,left,PASS
3325-right,B1 L4 B3,right,PASS
3326-left,B1 L4 L3,left,PASS
3327-left,B1 L4 R3,left,PASS
3327-right,B1 L4 R3,right,PASS
3328-left,B1 L4 Q4,left,PASS
3329-left,B1 L4 B4,left,PASS
3330-left,B1 L4 L4,left,PASS
3331-left,B1 L4 R4,left,PASS
3331-right,B1 L4 R4,right,PASS
3332-left,B1 L4 Q5,left,PASS
3333-left,B1 L4 B5,left,PASS
3334-left,B1 L4 L5,left,PASS
3335-left,B1 L4 R5,left,PASS
3336-left,B1 R4 Q0,left,PASS
3336-right,B1 R4 Q0,right,PASS
3337-left,B1 R4 B0,left,PASS
3337-right,B1 R4 B0,right,PASS
3338-left,B1 R4 L0,left,PASS
3338-right,B1 R4 L0,right,PASS
3339-left,B1 R4 R0,left,PASS
3339-right,B1 R4 R0,right,PASS
3340-left,B1 R4 Q1,left,PASS
3340-right,B1 R4 Q1,right,PASS
3341-left,B1 R4 B1,left,PASS
3341-right,B1 R4 B1,right,PASS
3342-left,B1 R4 L1,left,PASS
3342-right,B1 R4 L1,right,PASS
3343-left,B1 R4 R1,left,PASS
3343-right,B1 R4 R1,right,PASS
3344-left,B1 R4 Q2,left,PASS
3344-right,B1 R4 Q2,right,PASS
3345-left,B1 R4 B2,left,PASS
3345-right,B1 R4 B2,right,PASS
3346-left,B1 R4 L2,left,PASS
3346-right,B1 R4 L2,right,PASS
3347-left,B1 R4 R2,left,PASS
3347-right,B1 R4 R2,right,PASS
3348-left,B1 R4 Q3,left,PASS
3348-right,B1 R4 Q3,right,PASS
3349-left,B1 R4 B3,left,PASS
3349-right,B1 R4 B3,right,PASS
3350-left,B1 R4 L3,left,PASS
3351-left,B1 R4 R3,left,PASS
3351-right,B1 R4 R3,right,PASS
3352-left,B1 R4 Q4,left,PASS
3353-left,B1 R4 B4,left,PASS
3354-left,B1 R4 L4,left,PASS
3354-right,B1 R4 L4,right,PASS
3355-left,B1 R4 R4,left,PASS
3355-right,B1 R4 R4,right,PASS
3356-left,B1 R4 Q5,left,PASS
3356-right,B1 R4 Q5,right,PASS
3357-left,B1 R4 B5,left,PASS
3357-right,B1 R4 B5,right,PASS
3358-left,B1 R4 L5,left,PASS
3358-right,B1 R4 L5,right,PASS
3359-left,B1 R4 R5,left,PASS
3359-right,B1 R4 R5,right,PASS
3360-left,B1 Q5 Q0,left,PASS
3360-right,B1 Q5 Q0,right,PASS
3361-left,B1 Q5 B0,left,PASS
3361-right,B1 Q5 B0,right,PASS
3362-left,B1 Q5 L0,left,PASS
3362-right,B1 Q5 L0,right,PASS
3363-left,B1 Q5 R0,left,PASS
3363-right,B1 Q5 R0,right,PASS
3364-left,B1 Q5 Q1,left,PASS
3364-right,B1 Q5 Q1,right,PASS
3365-left,B1 Q5 B1,left,PASS
3365-right,B1 Q5 B1,right,PASS
3366-left,B1 Q5 L1,left,PASS
3366-right,B1 Q5 L1,right,PASS
3367-left,B1 Q5 R1,left,PASS
3367-right,B1 Q5 R1,right,PASS
3368-left,B1 Q5 Q2,left,PASS
3368-right,B1 Q5 Q2,right,PASS
3369-left,B1 Q5 B2,left,PASS
3369-right,B1 Q5 B2,right,PASS
3370-left,B1 Q5 L2,left,PASS
3370-right,B1 Q5 L2,right,PASS
3371-left,B1 Q5 R2,left,PASS
3371-right,B1 Q5 R2,right,PASS
3372-left,B1 Q5 Q3,left,PASS
3372-right,B1 Q5 Q3,right,PASS
3373-left,B1 Q5 B3,left,PASS
3373-right,B1 Q5 B3,right,PASS
3374-left,B1 Q5 L3,left,PASS
3374-right,B1 Q5 L3,right,PASS
3375-left,B1 Q5 R3,left,PASS
3375-right,B1 Q5 R3,right,PASS
3376-left,B1 Q5 Q4,left,PASS
3376-right,B1 Q5 Q4,right,PASS
3377-left,B1 Q5 B4,left,PASS
3377-right,B1 Q5 B4,right,PASS
3378-left,B1 Q5 L4,left,PASS
3379-left,B1 Q5 R4,left,PASS
3379-right,B1 Q5 R4,right,PASS
3380-left,B1 Q5 Q5,left,PASS
3381-left,B1 Q5 B5,left,PASS
3382-left,B1 Q5 L5,left,PASS
3383-left,B1 Q5 R5,left,PASS
3384-left,B1 B5 Q0,left,PASS
3384-right,B1 B5 Q0,right,PASS
3385-left,B1 B5 B0,left,PASS
3385-right,B1 B5 B0,right,PASS
3386-left,B1 B5 L0,left,PASS
3386-right,B1 B5 L0,right,PASS
3387-left,B1 B5 R0,left,PASS
3387-right,B1 B5 R0,right,PASS
3388-left,B1 B5 Q1,left,PASS
3388-right,B1 B5 Q1,right,PASS
3389-left,B1 B5 B1,left,PASS
3389-right,B1 B5 B1,right,PASS
3390-left,B1 B5 L1,left,PASS
3390-right,B1 B5 L1,right,PASS
3391-left,B1 B5 R1,left,PASS
3391-right,B1 B5 R1,right,PASS
3392-left,B1 B5 Q2,left,PASS
3392-right,B1 B5 Q2,right,PASS
3393-left,B1 B5 B2,left,PASS
3393-right,B1 B5 B2,right,PASS
3394-left,B1 B5 L2,left,PASS
3394-right,B1 B5 L2,right,PASS
3395-left,B1 B5 R2,left,PASS
3395-right,B1 B5 R2,right,PASS
3396-left,B1 B5 Q3,left,PASS
3396-right,B1 B5 Q3,right,PASS
3397-left,B1 B5 B3,left,PASS
3397-right,B1 B5 B3,right,PASS
3398-left,B1 B5 L3,left,PASS
3398-right,B1 B5 L3,right,PASS
3399-left,B1 B5 R3,left,PASS
3399-right,B1 B5 R3,right,PASS
3400-left,B1 B5 Q4,left,PASS
3400-right,B1 B5 Q4,right,PASS
3401-left,B1 B5 B4,left,PASS
3401-right,B1 B5 B4,right,PASS
3402-left,B1 B5 L4,left,PASS
3403-left,B1 B5 R4,left,PASS
3403-right,B1 B5 R4,right,PASS
3404-left,B1 B5 Q5,left,PASS
3405-left,B1 B5 B5,left,PASS
3406-left,B1 B5 L5,left,PASS
3407-left,B1 B5 R5,left,PASS
3408-left,B1 L5 Q0,left,PASS
3409-left,B1 L5 B0,left,PASS
3410-left,B1 L5 L0,left,PASS
3411-left,B1 L5 R0,left,PASS
3412-left,B1 L5 Q1,left,PASS
3412-right,B1 L5 Q1,right,PASS
3413-left,B1 L5 B1,left,PASS
3413-right,B1 L5 B1,right,PASS
3414-left,B1 L5 L1,left,PASS
3415-left,B1 L5 R1,left,PASS
3415-right,B1 L5 R1,right,PASS
3416-left,B1 L5 Q2,left,PASS
3416-right,B1 L5 Q2,right,PASS
3417-left,B1 L5 B2,left,PASS
3417-right,B1 L5 B2,right,PASS
3418-left,B1 L5 L2,left,PASS
3419-left,B1 L5 R2,left,PASS
3419-right,B1 L5 R2,right,PASS
3420-left,B1 L5 Q3,left,PASS
3420-right,B1 L5 Q3,right,PASS
3421-left,B1 L5 B3,left,PASS
3421-right,B1 L5 B3,right,PASS
3422-left,B1 L5 L3,left,PASS
3423-left,B1 L5 R3,left,PASS
3423-right,B1 L5 R3,right,PASS
3424-left,B1 L5 Q4,left,PASS
3424-right,B1 L5 Q4,right,PASS
3425-left,B1 L5 B4,left,PASS
3425-right,B1 L5 B4,right,PASS
3426-left,B1 L5 L4,left,PASS
3427-left,B1 L5 R4,left,PASS
3427-right,B1 L5 R4,right,PASS
3428-left,B1 L5 Q5,left,PASS
3429-left,B1 L5 B5,left,PASS
3430-left,B1 L5 L5,left,PASS
3431-left,B1 L5 R5,left,PASS
3431-right,B1 L5 R5,right,PASS
3432-left,B1 R5 Q0,left,PASS
3432-right,B1 R5 Q0,right,PASS
3433-left,B1 R5 B0,left,PASS
3433-right,B1 R5 B0,right,PASS
3434-left,B1 R5 L0,left,PASS
3434-right,B1 R5 L0,right,PASS
3435-left,B1 R5 R0,left,PASS
3435-right,B1 R5 R0,right,PASS
3436-left,B1 R5 Q1,left,PASS
3436-right,B1 R5 Q1,right,PASS
3437-left,B1 R5 B1,left,PASS
3437-right,B1 R5 B1,right,PASS
3438-left,B1 R5 L1,left,PASS
3438-right,B1 R5 L1,right,PASS
3439-left,B1 R5 R1,left,PASS
3439-right,B1 R5 R1,right,PASS
3440-left,B1 R5 Q2,left,PASS
3440-right,B1 R5 Q2,right,PASS
3441-left,B1 R5 B2,left,PASS
3441-right,B1 R5 B2,right,PASS
3442-left,B1 R5 L2,left,PASS
3442-right,B1 R5 L2,right,PASS
3443-left,B1 R5 R2,left,PASS
3443-right,B1 R5 R2,right,PASS
3444-left,B1 R5 Q3,left,PASS
3444-right,B1 R5 Q3,right,PASS
3445-left,B1 R5 B3,left,PASS
3445-right,B1 R5 B3,right,PASS
3446-left,B1 R5 L3,left,PASS
3446-right,B1 R5 L3,right,PASS
3447-left,B1 R5 R3,left,PASS
3447-right,B1 R5 R3,right,PASS
3448-left,B1 R5 Q4,left,PASS
3448-right,B1 R5 Q4,right,PASS
3449-left,B1 R5 B4,left,PASS
3449-right,B1 R5 B4,right,PASS
3450-left,B1 R5 L4,left,PASS
3451-left,B1 R5 R4,left,PASS
3451-right,B1 R5 R4,right,PASS
3452-left,B1 R5 Q5,left,PASS
3453-left,B1 R5 B5,left,PASS
3454-left,B1 R5 L5,left,PASS
3454-right,B1 R5 L5,right,PASS
3455-left,B1 R5 R5,left,PASS
3455-right,B1 R5 R5,right,PASS
3456-left,L1 Q0 Q0,left,PASS
3457-left,L1 Q0 B0,left,PASS
3458-left,L1 Q0 L0,left,PASS
3459-left,L1 Q0 R0,left,PASS
3460-left,L1 Q0 Q1,left,PASS
3460-right,L1 Q0 Q1,right,PASS
3461-left,L1 Q0 B1,left,PASS
3461-right,L1 Q0 B1,right,PASS
3462-left,L1 Q0 L1,left,PASS
3462-right,L1 Q0 L1,right,PASS
3463-left,L1 Q0 R1,left,PASS
3463-right,L1 Q0 R1,right,PASS
3464-left,L1 Q0 Q2,left,PASS
3464-right,L1 Q0 Q2,right,PASS
3465-left,L1 Q0 B2,left,PASS
3465-right,L1 Q0 B2,right,PASS
3466-left,L1 Q0 L2,left,PASS
3466-right,L1 Q0 L2,right,PASS
3467-left,L1 Q0 R2,left,PASS
3467-right,L1 Q0 R2,right,PASS
3468-left,L1 Q0 Q3,left,PASS
3468-right,L1 Q0 Q3,right,PASS
3469-left,L1 Q0 B3,left,PASS
3469-right,L1 Q0 B3,right,PASS
3470-left,L1 Q0 L3,left,PASS
3470-right,L1 Q0 L3,right,PASS
3471-left,L1 Q0 R3,left,PASS
3471-right,L1 Q0 R3,right,PASS
3472-left,L1 Q0 Q4,left,PASS
3472-right,L1 Q0 Q4,right,PASS
3473-left,L1 Q0 B4,left,PASS
3473-right,L1 Q0 B4,right,PASS
3474-left,L1 Q0 L4,left,PASS
3474-right,L1 Q0 L4,right,PASS
3475-left,L1 Q0 R4,left,PASS
3475-right,L1 Q0 R4,right,PASS
3476-left,L1 Q0 Q5,left,PASS
3476-right,L1 Q0 Q5,right,PASS
3477-left,L1 Q0 B5,left,PASS
3477-right,L1 Q0 B5,right,PASS
3478-left,L1 Q0 L5,left,PASS
3479-left,L1 Q0 R5,left,PASS
3479-right,L1 Q0 R5,right,PASS
3480-left,L1 B0 Q0,left,PASS
3481-left,L1 B0 B0,left,PASS
3482-left,L1 B0 L0,left,PASS
3483-left,L1 B0 R0,left,PASS
3484-left,L1 B0 Q1,left,PASS
3484-right,L1 B0 Q1,right,PASS
3485-left,L1 B0 B1,left,PASS
3485-right,L1 B0 B1,right,PASS
3486-left,L1 B0 L1,left,PASS
3486-right,L1 B0 L1,right,PASS
3487-left,L1 B0 R1,left,PASS
3487-right,L1 B0 R1,right,PASS
3488-left,L1 B0 Q2,left,PASS
3488-right,L1 B0 Q2,right,PASS
3489-left,L1 B0 B2,left,PASS
3489-right,L1 B0 B2,right,PASS
3490-left,L1 B0 L2,left,PASS
3490-right,L1 B0 L2,right,PASS
3491-left,L1 B0 R2,left,PASS
3491-right,L1 B0 R2,right,PASS
3492-left,L1 B0 Q3,left,PASS
3492-right,L1 B0 Q3,right,PASS
3493-left,L1 B0 B3,left,PASS
3493-right,L1 B0 B3,right,PASS
3494-left,L1 B0 L3,left,PASS
3494-right,L1 B0 L3,right,PASS
3495-left,L1 B0 R3,left,PASS
3495-right,L1 B0 R3,right,PASS
3496-left,L1 B0 Q4,left,PASS
3496-right,L1 B0 Q4,right,PASS
3497-left,L1 B0 B4,left,PASS
3497-right,L1 B0 B4,right,PASS
3498-left,L1 B0 L4,left,PASS
3498-right,L1 B0 L4,right,PASS
3499-left,L1 B0 R4,left,PASS
3499-right,L1 B0 R4,right,PASS
3500-left,L1 B0 Q5,left,PASS
3500-right,L1 B0 Q5,right,PASS
3501-left,L1 B0 B5,left,PASS
3501-right,L1 B0 B5,right,PASS
3502-left,L1 B0 L5,left,PASS
3503-left,L1 B0 R5,left,PASS
3503-right,L1 B0 R5,right,PASS
3507-right,L1 L0 R0,right,PASS
3512-right,L1 L0 Q2,right,PASS
3513-right,L1 L0 B2,right,PASS
3515-right,L1 L0 R2,right,PASS
3516-right,L1 L0 Q3,right,PASS
3517-right,L1 L0 B3,right,PASS
3519-right,L1 L0 R3,right,PASS
3520-right,L1 L0 Q4,right,PASS
3521-right,L1 L0 B4,right,PASS
3523-right,L1 L0 R4,right,PASS
3524-right,L1 L0 Q5,right,PASS
3525-right,L1 L0 B5,right,PASS
3527-right,L1 L0 R5,right,PASS
3528-left,L1 R0 Q0,left,PASS
3529-left,L1 R0 B0,left,PASS
3530-left,L1 R0 L0,left,PASS
3530-right,L1 R0 L0,right,PASS
3531-left,L1 R0 R0,left,PASS
3531-right,L1 R0 R0,right,PASS
3532-left,L1 R0 Q1,left,PASS
3532-right,L1 R0 Q1,right,PASS
3533-left,L1 R0 B1,left,PASS
3533-right,L1 R0 B1,right,PASS
3534-left,L1 R0 L1,left,PASS
3534-right,L1 R0 L1,right,PASS
3535-left,L1 R0 R1,left,PASS
3535-right,L1 R0 R1,right,PASS
3536-left,L1 R0 Q2,left,PASS
3536-right,L1 R0 Q2,right,PASS
3537-left,L1 R0 B2,left,PASS
3537-right,L1 R0 B2,right,PASS
3538-left,L1 R0 L2,left,PASS
3538-right,L1 R0 L2,right,PASS
3539-left,L1 R0 R2,left,PASS
3539-right,L1 R0 R2,right,PASS
3540-left,L1 R0 Q3,left,PASS
3540-right,L1 R0 Q3,right,PASS
3541-left,L1 R0 B3,left,PASS
3541-right,L1 R0 B3,right,PASS
3542-left,L1 R0 L3,left,PASS
3542-right,L1 R0 L3,right,PASS
3543-left,L1 R0 R3,left,PASS
3543-right,L1 R0 R3,right,PASS
3544-left,L1 R0 Q4,left,PASS
3544-right,L1 R0 Q4,right,PASS
3545-left,L1 R0 B4,left,PASS
3545-right,L1 R0 B4,right,PASS
3546-left,L1 R0 L4,left,PASS
3546-right,L1 R0 L4,right,PASS
3547-left,L1 R0 R4,left,PASS
3547-right,L1 R0 R4,right,PASS
3548-left,L1 R0 Q5,left,PASS
3548-right,L1 R0 Q5,right,PASS
3549-left,L1 R0 B5,left,PASS
3549-right,L1 R0 B5,right,PASS
3550-left,L1 R0 L5,left,PASS
3551-left,L1 R0 R5,left,PASS
3551-right,L1 R0 R5,right,PASS
3552-right,L1 Q1 Q0,right,PASS
3553-right,L1 Q1 B0,right,PASS
3555-right,L1 Q1 R0,right,PASS
3560-right,L1 Q1 Q2,right,PASS
3561-right,L1 Q1 B2,right,PASS
3562-right,L1 Q1 L2,right,PASS
3563-right,L1 Q1 R2,right,PASS
3564-right,L1 Q1 Q3,right,PASS
3565-right,L1 Q1 B3,right,PASS
3566-right,L1 Q1 L3,right,PASS
3567-right,L1 Q1 R3,right,PASS
3568-right,L1 Q1 Q4,right,PASS
3569-right,L1 Q1 B4,right,PASS
3570-right,L1 Q1 L4,right,PASS
3571-right,L1 Q1 R4,right,PASS
3572-right,L1 Q1 Q5,right,PASS
3573-right,L1 Q1 B5,right,PASS
3574-right,L1 Q1 L5,right,PASS
3575-right,L1 Q1 R5,right,PASS
3576-right,L1 B1 Q0,right,PASS
3577-right,L1 B1 B0,right,PASS
3579-right,L1 B1 R0,right,PASS
3584-right,L1 B1 Q2,right,PASS
3585-right,L1 B1 B2,right,PASS
3586-right,L1 B1 L2,right,PASS
3587-right,L1 B1 R2,right,PASS
3588-right,L1 B1 Q3,right,PASS
3589-right,L1 B1 B3,right,PASS
3590-right,L1 B1 L3,right,PASS
3591-right,L1 B1 R3,right,PASS
3592-right,L1 B1 Q4,right,PASS
3593-right,L1 B1 B4,right,PASS
3594-right,L1 B1 L4,right,PASS
3595-right,L1 B1 R4,right,PASS
3596-right,L1 B1 Q5,right,PASS
3597-right,L1 B1 B5,right,PASS
3598-right,L1 B1 L5,right,PASS
3599-right,L1 B1 R5,right,PASS
3600-right,L1 L1 Q0,right,PASS
3601-right,L1 L1 B0,right,PASS
3603-right,L1 L1 R0,right,PASS
3607-right,L1 L1 R1,right,PASS
3612-right,L1 L1 Q3,right,PASS
3613-right,L1 L1 B3,right,PASS
3615-right,L1 L1 R3,right,PASS
3616-right,L1 L1 Q4,right,PASS
3617-right,L1 L1 B4,right,PASS
3619-right,L1 L1 R4,right,PASS
3620-right,L1 L1 Q5,right,PASS
3621-right,L1 L1 B5,right,PASS
3623-right,L1 L1 R5,right,PASS
3624-left,L1 R1 Q0,left,PASS
3624-right,L1 R1 Q0,right,PASS
3625-left,L1 R1 B0,left,PASS
3625-right,L1 R1 B0,right,PASS
3626-left,L1 R1 L0,left,PASS
3627-left,L1 R1 R0,left,PASS
3627-right,L1 R1 R0,right,PASS
3628-left,L1 R1 Q1,left,PASS
3629-left,L1 R1 B1,left,PASS
3630-left,L1 R1 L1,left,PASS
3630-right,L1 R1 L1,right,PASS
3631-left,L1 R1 R1,left,PASS
3631-right,L1 R1 R1,right,PASS
3632-left,L1 R1 Q2,left,PASS
3632-right,L1 R1 Q2,right,PASS
3633-left,L1 R1 B2,left,PASS
3633-right,L1 R1 B2,right,PASS
3634-left,L1 R1 L2,left,PASS
3634-right,L1 R1 L2,right,PASS
3635-left,L1 R1 R2,left,PASS
3635-right,L1 R1 R2,right,PASS
3636-left,L1 R1 Q3,left,PASS
3636-right,L1 R1 Q3,right,PASS
3637-left,L1 R1 B3,left,PASS
3637-right,L1 R1 B3,right,PASS
3638-left,L1 R1 L3,left,PASS
3638-right,L1 R1 L3,right,PASS
3639-left,L1 R1 R3,left,PASS
3639-right,L1 R1 R3,right,PASS
3640-left,L1 R1 Q4,left,PASS
3640-right,L1 R1 Q4,right,PASS
3641-left,L1 R1 B4,left,PASS
3641-right,L1 R1 B4,right,PASS
3642-left,L1 R1 L4,left,PASS
3642-right,L1 R1 L4,right,PASS
3643-left,L1 R1 R4,left,PASS
3643-right,L1 R1 R4,right,PASS
3644-left,L1 R1 Q5,left,PASS
3644-right,L1 R1 Q5,right,PASS
3645-left,L1 R1 B5,left,PASS
3645-right,L1 R1 B5,right,PASS
3646-left,L1 R1 L5,left,PASS
3646-right,L1 R1 L5,right,PASS
3647-left,L1 R1 R5,left,PASS
3647-right,L1 R1 R5,right,PASS
3648-right,L1 Q2 Q0,right,PASS
3649-right,L1 Q2 B0,right,PASS
3650-right,L1 Q2 L0,right,PASS
3651-right,L1 Q2 R0,right,PASS
3652-right,L1 Q2 Q1,right,PASS
3653-right,L1 Q2 B1,right,PASS
3655-right,L1 Q2 R1,right,PASS
3660-right,L1 Q2 Q3,right,PASS
3661-right,L1 Q2 B3,right,PASS
3662-right,L1 Q2 L3,right,PASS
3663-right,L1 Q2 R3,right,PASS
3664-right,L1 Q2 Q4,right,PASS
3665-right,L1 Q2 B4,right,PASS
3666-right,L1 Q2 L4,right,PASS
3667-right,L1 Q2 R4,right,PASS
3668-right,L1 Q2 Q5,right,PASS
3669-right,L1 Q2 B5,right,PASS
3670-right,L1 Q2 L5,right,PASS
3671-right,L1 Q2 R5,right,PASS
3672-right,L1 B2 Q0,right,PASS
3673-right,L1 B2 B0,right,PASS
3674-right,L1 B2 L0,right,PASS
3675-right,L1 B2 R0,right,PASS
3676-right,L1 B2 Q1,right,PASS
3677-right,L1 B2 B1,right,PASS
3679-right,L1 B2 R1,right,PASS
3684-right,L1 B2 Q3,right,PASS
3685-right,L1 B2 B3,right,PASS
3686-right,L1 B2 L3,right,PASS
3687-right,L1 B2 R3,right,PASS
3688-right,L1 B2 Q4,right,PASS
3689-right,L1 B2 B4,right,PASS
3690-right,L1 B2 L4,right,PASS
3691-right,L1 B2 R4,right,PASS
3692-right,L1 B2 Q5,right,PASS
3693-right,L1 B2 B5,right,PASS
3694-right,L1 B2 L5,right,PASS
3695-right,L1 B2 R5,right,PASS
3696-right,L1 L2 Q0,right,PASS
3697-right,L1 L2 B0,right,PASS
3699-right,L1 L2 R0,right,PASS
3700-right,L1 L2 Q1,right,PASS
3701-right,L1 L2 B1,right,PASS
3703-right,L1 L2 R1,right,PASS
3707-right,L1 L2 R2,right,PASS
3712-right,L1 L2 Q4,right,PASS
3713-right,L1 L2 B4,right,PASS
3715-right,L1 L2 R4,right,PASS
3716-right,L1 L2 Q5,right,PASS
3717-right,L1 L2 B5,right,PASS
3719-right,L1 L2 R5,right,PASS
3720-right,L1 R2 Q0,right,PASS
3721-right,L1 R2 B0,right,PASS
3722-right,L1 R2 L0,right,PASS
3723-right,L1 R2 R0,right,PASS
3724-right,L1 R2 Q1,right,PASS
3725-right,L1 R2 B1,right,PASS
3727-right,L1 R2 R1,right,PASS
3730-right,L1 R2 L2,right,PASS
3731-right,L1 R2 R2,right,PASS
3732-right,L1 R2 Q3,right,PASS
3733-right,L1 R2 B3,right,PASS
3734-right,L1 R2 L3,right,PASS
3735-right,L1 R2 R3,right,PASS
3736-right,L1 R2 Q4,right,PASS
3737-right,L1 R2 B4,right,PASS
3738-right,L1 R2 L4,right,PASS
3739-right,L1 R2 R4,right,PASS
3740-right,L1 R2 Q5,right,PASS
3741-right,L1 R2 B5,right,PASS
3742-right,L1 R2 L5,right,PASS
3743-right,L1 R2 R5,right,PASS
3744-left,L1 Q3 Q0,left,PASS
3744-right,L1 Q3 Q0,right,PASS
3745-left,L1 Q3 B0,left,PASS
3745-right,L1 Q3 B0,right,PASS
3746-left,L1 Q3 L0,left,PASS
3746-right,L1 Q3 L0,right,PASS
3747-left,L1 Q3 R0,left,PASS
3747-right,L1 Q3 R0,right,PASS
3748-left,L1 Q3 Q1,left,PASS
3748-right,L1 Q3 Q1,right,PASS
3749-left,L1 Q3 B1,left,PASS
3749-right,L1 Q3 B1,right,PASS
3750-left,L1 Q3 L1,left,PASS
3750-right,L1 Q3 L1,right,PASS
3751-left,L1 Q3 R1,left,PASS
3751-right,L1 Q3 R1,right,PASS
3752-left,L1 Q3 Q2,left,PASS
3752-right,L1 Q3 Q2,right,PASS
3753-left,L1 Q3 B2,left,PASS
3753-right,L1 Q3 B2,right,PASS
3754-left,L1 Q3 L2,left,PASS
3755-left,L1 Q3 R2,left,PASS
3755-right,L1 Q3 R2,right,PASS
3756-left,L1 Q3 Q3,left,PASS
3757-left,L1 Q3 B3,left,PASS
3758-left,L1 Q3 L3,left,PASS
3759-left,L1 Q3 R3,left,PASS
3760-left,L1 Q3 Q4,left,PASS
3760-right,L1 Q3 Q4,right,PASS
3761-left,L1 Q3 B4,left,PASS
3761-right,L1 Q3 B4,right,PASS
3762-left,L1 Q3 L4,left,PASS
3762-right,L1 Q3 L4,right,PASS
3763-left,L1 Q3 R4,left,PASS
3763-right,L1 Q3 R4,right,PASS
3764-left,L1 Q3 Q5,left,PASS
3764-right,L1 Q3 Q5,right,PASS
3765-left,L1 Q3 B5,left,PASS
3765-right,L1 Q3 B5,right,PASS
3766-left,L1 Q3 L5,left,PASS
3766-right,L1 Q3 L5,right,PASS
3767-left,L1 Q3 R5,left,PASS
3767-right,L1 Q3 R5,right,PASS
3768-left,L1 B3 Q0,left,PASS
3768-right,L1 B3 Q0,right,PASS
3769-left,L1 B3 B0,left,PASS
3769-right,L1 B3 B0,right,PASS
3770-left,L1 B3 L0,left,PASS
3770-right,L1 B3 L0,right,PASS
3771-left,L1 B3 R0,left,PASS
3771-right,L1 B3 R0,right,PASS
3772-left,L1 B3 Q1,left,PASS
3772-right,L1 B3 Q1,right,PASS
3773-left,L1 B3 B1,left,PASS
3773-right,L1 B3 B1,right,PASS
3774-left,L1 B3 L1,left,PASS
3774-right,L1 B3 L1,right,PASS
3775-left,L1 B3 R1,left,PASS
3775-right,L1 B3 R1,right,PASS
3776-left,L1 B3 Q2,left,PASS
3776-right,L1 B3 Q2,right,PASS
3777-left,L1 B3 B2,left,PASS
3777-right,L1 B3 B2,right,PASS
3778-left,L1 B3 L2,left,PASS
3779-left,L1 B3 R2,left,PASS
3779-right,L1 B3 R2,right,PASS
3780-left,L1 B3 Q3,left,PASS
3781-left,L1 B3 B3,left,PASS
3782-left,L1 B3 L3,left,PASS
3783-left,L1 B3 R3,left,PASS
3784-left,L1 B3 Q4,left,PASS
3784-right,L1 B3 Q4,right,PASS
3785-left,L1 B3 B4,left,PASS
3785-right,L1 B3 B4,right,PASS
3786-left,L1 B3 L4,left,PASS
3786-right,L1 B3 L4,right,PASS
3787-left,L1 B3 R4,left,PASS
3787-right,L1 B3 R4,right,PASS
3788-left,L1 B3 Q5,left,PASS
3788-right,L1 B3 Q5,right,PASS
3789-left,L1 B3 B5,left,PASS
3789-right,L1 B3 B5,right,PASS
3790-left,L1 B3 L5,left,PASS
3790-right,L1 B3 L5,right,PASS
3791-left,L1 B3 R5,left,PASS
3791-right,L1 B3 R5,right,PASS
3792-right,L1 L3 Q0,right,PASS
3793-right,L1 L3 B0,right,PASS
3795-right,L1 L3 R0,right,PASS
3796-right,L1 L3 Q1,right,PASS
3797-right,L1 L3 B1,right,PASS
3799-right,L1 L3 R1,right,PASS
3800-right,L1 L3 Q2,right,PASS
3801-right,L1 L3 B2,right,PASS
3803-right,L1 L3 R2,right,PASS
3807-right,L1 L3 R3,right,PASS
3812-right,L1 L3 Q5,right,PASS
3813-right,L1 L3 B5,right,PASS
3815-right,L1 L3 R5,right,PASS
3816-left,L1 R3 Q0,left,PASS
3816-right,L1 R3 Q0,right,PASS
3817-left,L1 R3 B0,left,PASS
3817-right,L1 R3 B0,right,PASS
3818-left,L1 R3 L0,left,PASS
3818-right,L1 R3 L0,right,PASS
3819-left,L1 R3 R0,left,PASS
3819-right,L1 R3 R0,right,PASS
3820-left,L1 R3 Q1,left,PASS
3820-right,L1 R3 Q1,right,PASS
3821-left,L1 R3 B1,left,PASS
3821-right,L1 R3 B1,right,PASS
3822-left,L1 R3 L1,left,PASS
3822-right,L1 R3 L1,right,PASS
3823-left,L1 R3 R1,left,PASS
3823-right,L1 R3 R1,right,PASS
3824-left,L1 R3 Q2,left,PASS
3824-right,L1 R3 Q2,right,PASS
3825-left,L1 R3 B2,left,PASS
3825-right,L1 R3 B2,right,PASS
3826-left,L1 R3 L2,left,PASS
3827-left,L1 R3 R2,left,PASS
3827-right,L1 R3 R2,right,PASS
3828-left,L1 R3 Q3,left,PASS
3829-left,L1 R3 B3,left,PASS
3830-left,L1 R3 L3,left,PASS
3830-right,L1 R3 L3,right,PASS
3831-left,L1 R3 R3,left,PASS
3831-right,L1 R3 R3,right,PASS
3832-left,L1 R3 Q4,left,PASS
3832-right,L1 R3 Q4,right,PASS
3833-left,L1 R3 B4,left,PASS
3833-right,L1 R3 B4,right,PASS
3834-left,L1 R3 L4,left,PASS
3834-right,L1 R3 L4,right,PASS
3835-left,L1 R3 R4,left,PASS
3835-right,L1 R3 R4,right,PASS
3836-left,L1 R3 Q5,left,PASS
3836-right,L1 R3 Q5,right,PASS
3837-left,L1 R3 B5,left,PASS
3837-right,L1 R3 B5,right,PASS
3838-left,L1 R3 L5,left,PASS
3838-right,L1 R3 L5,right,PASS
3839-left,L1 R3 R5,left,PASS
3839-right,L1 R3 R5,right,PASS
3840-left,L1 Q4 Q0,left,PASS
3840-right,L1 Q4 Q0,right,PASS
3841-left,L1 Q4 B0,left,PASS
3841-right,L1 Q4 B0,right,PASS
3842-left,L1 Q4 L0,left,PASS
3842-right,L1 Q4 L0,right,PASS
3843-left,L1 Q4 R0,left,PASS
3843-right,L1 Q4 R0,right,PASS
3844-left,L1 Q4 Q1,left,PASS
3844-right,L1 Q4 Q1,right,PASS
3845-left,L1 Q4 B1,left,PASS
3845-right,L1 Q4 B1,right,PASS
3846-left,L1 Q4 L1,left,PASS
3846-right,L1 Q4 L1,right,PASS
3847-left,L1 Q4 R1,left,PASS
3847-right,L1 Q4 R1,right,PASS
3848-left,L1 Q4 Q2,left,PASS
3848-right,L1 Q4 Q2,right,PASS
3849-left,L1 Q4 B2,left,PASS
3849-right,L1 Q4 B2,right,PASS
3850-left,L1 Q4 L2,left,PASS
3850-right,L1 Q4 L2,right,PASS
3851-left,L1 Q4 R2,left,PASS
3851-right,L1 Q4 R2,right,PASS
3852-left,L1 Q4 Q3,left,PASS
3852-right,L1 Q4 Q3,right,PASS
3853-left,L1 Q4 B3,left,PASS
3853-right,L1 Q4 B3,right,PASS
3854-left,L1 Q4 L3,left,PASS
3855-left,L1 Q4 R3,left,PASS
3855-right,L1 Q4 R3,right,PASS
3856-left,L1 Q4 Q4,left,PASS
3857-left,L1 Q4 B4,left,PASS
3858-left,L1 Q4 L4,left,PASS
3859-left,L1 Q4 R4,left,PASS
3860-left,L1 Q4 Q5,left,PASS
3860-right,L1 Q4 Q5,right,PASS
3861-left,L1 Q4 B5,left,PASS
3861-right,L1 Q4 B5,right,PASS
3862-left,L1 Q4 L5,left,PASS
3862-right,L1 Q4 L5,right,PASS
3863-left,L1 Q4 R5,left,PASS
3863-right,L1 Q4 R5,right,PASS
3864-left,L1 B4 Q0,left,PASS
3864-right,L1 B4 Q0,right,PASS
3865-left,L1 B4 B0,left,PASS
3865-right,L1 B4 B0,right,PASS
3866-left,L1 B4 L0,left,PASS
3866-right,L1 B4 L0,right,PASS
3867-left,L1 B4 R0,left,PASS
3867-right,L1 B4 R0,right,PASS
3868-left,L1 B4 Q1,left,PASS
3868-right,L1 B4 Q1,right,PASS
3869-left,L1 B4 B1,left,PASS
3869-right,L1 B4 B1,right,PASS
3870-left,L1 B4 L1,left,PASS
3870-right,L1 B4 L1,right,PASS
3871-left,L1 B4 R1,left,PASS
3871-right,L1 B4 R1,right,PASS
3872-left,L1 B4 Q2,left,PASS
3872-right,L1 B4 Q2,right,PASS
3873-left,L1 B4 B2,left,PASS
3873-right,L1 B4 B2,right,PASS
3874-left,L1 B4 L2,left,PASS
3874-right,L1 B4 L2,right,PASS
3875-left,L1 B4 R2,left,PASS
3875-right,L1 B4 R2,right,PASS
3876-left,L1 B4 Q3,left,PASS
3876-right,L1 B4 Q3,right,PASS
3877-left,L1 B4 B3,left,PASS
3877-right,L1 B4 B3,right,PASS
3878-left,L1 B4 L3,left,PASS
3879-left,L1 B4 R3,left,PASS
3879-right,L1 B4 R3,right,PASS
3880-left,L1 B4 Q4,left,PASS
3881-left,L1 B4 B4,left,PASS
3882-left,L1 B4 L4,left,PASS
3883-left,L1 B4 R4,left,PASS
3884-left,L1 B4 Q5,left,PASS
3884-right,L1 B4 Q5,right,PASS
3885-left,L1 B4 B5,left,PASS
3885-right,L1 B4 B5,right,PASS
3886-left,L1 B4 L5,left,PASS
3886-right,L1 B4 L5,right,PASS
3887-left,L1 B4 R5,left,PASS
3887-right,L1 B4 R5,right,PASS
3888-right,L1 L4 Q0,right,PASS
3889-right,L1 L4 B0,right,PASS
3891-right,L1 L4 R0,right,PASS
3892-right,L1 L4 Q1,right,PASS
3893-right,L1 L4 B1,right,PASS
3895-right,L1 L4 R1,right,PASS
3896-right,L1 L4 Q2,right,PASS
3897-right,L1 L4 B2,right,PASS
3899-right,L1 L4 R2,right,PASS
3900-right,L1 L4 Q3,right,PASS
3901-right,L1 L4 B3,right,PASS
3903-right,L1 L4 R3,right,PASS
3907-right,L1 L4 R4,right,PASS
3912-left,L1 R4 Q0,left,PASS
3912-right,L1 R4 Q0,right,PASS
3913-left,L1 R4 B0,left,PASS
3913-right,L1 R4 B0,right,PASS
3914-left,L1 R4 L0,left,PASS
3914-right,L1 R4 L0,right,PASS
3915-left,L1 R4 R0,left,PASS
3915-right,L1 R4 R0,right,PASS
3916-left,L1 R4 Q1,left,PASS
3916-right,L1 R4 Q1,right,PASS
3917-left,L1 R4 B1,left,PASS
3917-right,L1 R4 B1,right,PASS
3918-left,L1 R4 L1,left,PASS
3918-right,L1 R4 L1,right,PASS
3919-left,L1 R4 R1,left,PASS
3919-right,L1 R4 R1,right,PASS
3920-left,L1 R4 Q2,left,PASS
3920-right,L1 R4 Q2,right,PASS
3921-left,L1 R4 B2,left,PASS
3921-right,L1 R4 B2,right,PASS
3922-left,L1 R4 L2,left,PASS
3922-right,L1 R4 L2,right,PASS
3923-left,L1 R4 R2,left,PASS
3923-right,L1 R4 R2,right,PASS
3924-left,L1 R4 Q3,left,PASS
3924-right,L1 R4 Q3,right,PASS
3925-left,L1 R4 B3,left,PASS
3925-right,L1 R4 B3,right,PASS
3926-left,L1 R4 L3,left,PASS
3927-left,L1 R4 R3,left,PASS
3927-right,L1 R4 R3,right,PASS
3928-left,L1 R4 Q4,left,PASS
3929-left,L1 R4 B4,left,PASS
3930-left,L1 R4 L4,left,PASS
3930-right,L1 R4 L4,right,PASS
3931-left,L1 R4 R4,left,PASS
3931-right,L1 R4 R4,right,PASS
3932-left,L1 R4 Q5,left,PASS
3932-right,L1 R4 Q5,right,PASS
3933-left,L1 R4 B5,left,PASS
3933-right,L1 R4 B5,right,PASS
3934-left,L1 R4 L5,left,PASS
3934-right,L1 R4 L5,right,PASS
3935-left,L1 R4 R5,left,PASS
3935-right,L1 R4 R5,right,PASS
3936-left,L1 Q5 Q0,left,PASS
3936-right,L1 Q5 Q0,right,PASS
3937-left,L1 Q5 B0,left,PASS
3937-right,L1 Q5 B0,right,PASS
3938-left,L1 Q5 L0,left,PASS
3938-right,L1 Q5 L0,right,PASS
3939-left,L1 Q5 R0,left,PASS
3939-right,L1 Q5 R0,right,PASS
3940-left,L1 Q5 Q1,left,PASS
3940-right,L1 Q5 Q1,right,PASS
3941-left,L1 Q5 B1,left,PASS
3941-right,L1 Q5 B1,right,PASS
3942-left,L1 Q5 L1,left,PASS
3942-right,L1 Q5 L1,right,PASS
3943-left,L1 Q5 R1,left,PASS
3943-right,L1 Q5 R1,right,PASS
3944-left,L1 Q5 Q2,left,PASS
3944-right,L1 Q5 Q2,right,PASS
3945-left,L1 Q5 B2,left,PASS
3945-right,L1 Q5 B2,right,PASS
3946-left,L1 Q5 L2,left,PASS
3946-right,L1 Q5 L2,right,PASS
3947-left,L1 Q5 R2,left,PASS
3947-right,L1 Q5 R2,right,PASS
3948-left,L1 Q5 Q3,left,PASS
3948-right,L1 Q5 Q3,right,PASS
3949-left,L1 Q5 B3,left,PASS
3949-right,L1 Q5 B3,right,PASS
3950-left,L1 Q5 L3,left,PASS
3950-right,L1 Q5 L3,right,PASS
3951-left,L1 Q5 R3,left,PASS
3951-right,L1 Q5 R3,right,PASS
3952-left,L1 Q5 Q4,left,PASS
3952-right,L1 Q5 Q4,right,PASS
3953-left,L1 Q5 B4,left,PASS
3953-right,L1 Q5 B4,right,PASS
3954-left,L1 Q5 L4,left,PASS
3955-left,L1 Q5 R4,left,PASS
3955-right,L1 Q5 R4,right,PASS
3956-left,L1 Q5 Q5,left,PASS
3957-left,L1 Q5 B5,left,PASS
3958-left,L1 Q5 L5,left,PASS
3959-left,L1 Q5 R5,left,PASS
3960-left,L1 B5 Q0,left,PASS
3960-right,L1 B5 Q0,right,PASS
3961-left,L1 B5 B0,left,PASS
3961-right,L1 B5 B0,right,PASS
3962-left,L1 B5 L0,left,PASS
3962-right,L1 B5 L0,right,PASS
3963-left,L1 B5 R0,left,PASS
3963-right,L1 B5 R0,right,PASS
3964-left,L1 B5 Q1,left,PASS
3964-right,L1 B5 Q1,right,PASS
3965-left,L1 B5 B1,left,PASS
3965-right,L1 B5 B1,right,PASS
3966-left,L1 B5 L1,left,PASS
3966-right,L1 B5 L1,right,PASS
3967-left,L1 B5 R1,left,PASS
3967-right,L1 B5 R1,right,PASS
3968-left,L1 B5 Q2,left,PASS
3968-right,L1 B5 Q2,right,PASS
3969-left,L1 B5 B2,left,PASS
3969-right,L1 B5 B2,right,PASS
3970-left,L1 B5 L2,left,PASS
3970-right,L1 B5 L2,right,PASS
3971-left,L1 B5 R2,left,PASS
3971-right,L1 B5 R2,right,PASS
3972-left,L1 B5 Q3,left,PASS
3972-right,L1 B5 Q3,right,PASS
3973-left,L1 B5 B3,left,PASS
3973-right,L1 B5 B3,right,PASS
3974-left,L1 B5 L3,left,PASS
3974-right,L1 B5 L3,right,PASS
3975-left,L1 B5 R3,left,PASS
3975-right,L1 B5 R3,right,PASS
3976-left,L1 B5 Q4,left,PASS
3976-right,L1 B5 Q4,right,PASS
3977-left,L1 B5 B4,left,PASS
3977-right,L1 B5 B4,right,PASS
3978-left,L1 B5 L4,left,PASS
3979-left,L1 B5 R4,left,PASS
3979-right,L1 B5 R4,right,PASS
3980-left,L1 B5 Q5,left,PASS
3981-left,L1 B5 B5,left,PASS
3982-left,L1 B5 L5,left,PASS
3983-left,L1 B5 R5,left,PASS
3988-right,L1 L5 Q1,right,PASS
3989-right,L1 L5 B1,right,PASS
3991-right,L1 L5 R1,right,PASS
3992-right,L1 L5 Q2,right,PASS
3993-right,L1 L5 B2,right,PASS
3995-right,L1 L5 R2,right,PASS
3996-right,L1 L5 Q3,right,PASS
3997-right,L1 L5 B3,right,PASS
3999-right,L1 L5 R3,right,PASS
4000-right,L1 L5 Q4,right,PASS
4001-right,L1 L5 B4,right,PASS
4003-right,L1 L5 R4,right,PASS
4007-right,L1 L5 R5,right,PASS
4008-left,L1 R5 Q0,left,PASS
4008-right,L1 R5 Q0,right,PASS
4009-left,L1 R5 B0,left,PASS
4009-right,L1 R5 B0,right,PASS
4010-left,L1 R5 L0,left,PASS
4010-right,L1 R5 L0,right,PASS
4011-left,L1 R5 R0,left,PASS
4011-right,L1 R5 R0,right,PASS
4012-left,L1 R5 Q1,left,PASS
4012-right,L1 R5 Q1,right,PASS
4013-left,L1 R5 B1,left,PASS
4013-right,L1 R5 B1,right,PASS
4014-left,L1 R5 L1,left,PASS
4014-right,L1 R5 L1,right,PASS
4015-left,L1 R5 R1,left,PASS
4015-right,L1 R5 R1,right,PASS
4016-left,L1 R5 Q2,left,PASS
4016-right,L1 R5 Q2,right,PASS
4017-left,L1 R5 B2,left,PASS
4017-right,L1 R5 B2,right,PASS
4018-left,L1 R5 L2,left,PASS
4018-right,L1 R5 L2,right,PASS
4019-left,L1 R5 R2,left,PASS
4019-right,L1 R5 R2,right,PASS
4020-left,L1 R5 Q3,left,PASS
4020-right,L1 R5 Q3,right,PASS
4021-left,L1 R5 B3,left,PASS
4021-right,L1 R5 B3,right,PASS
4022-left,L1 R5 L3,left,PASS
4022-right,L1 R5 L3,right,PASS
4023-left,L1 R5 R3,left,PASS
4023-right,L1 R5 R3,right,PASS
4024-left,L1 R5 Q4,left,PASS
4024-right,L1 R5 Q4,right,PASS
4025-left,L1 R5 B4,left,PASS
4025-right,L1 R5 B4,right,PASS
4026-left,L1 R5 L4,left,PASS
4027-left,L1 R5 R4,left,PASS
4027-right,L1 R5 R4,right,PASS
4028-left,L1 R5 Q5,left,PASS
4029-left,L1 R5 B5,left,PASS
4030-left,L1 R5 L5,left,PASS
4030-right,L1 R5 L5,right,PASS
4031-left,L1 R5 R5,left,PASS
4031-right,L1 R5 R5,right,PASS
4032-left,R1 Q0 Q0,left,PASS
4033-left,R1 Q0 B0,left,PASS
4034-left,R1 Q0 L0,left,PASS
4035-left,R1 Q0 R0,left,PASS
4036-left,R1 Q0 Q1,left,PASS
4036-right,R1 Q0 Q1,right,PASS
4037-left,R1 Q0 B1,left,PASS
4037-right,R1 Q0 B1,right,PASS
4038-left,R1 Q0 L1,left,PASS
4038-right,R1 Q0 L1,right,PASS
4039-left,R1 Q0 R1,left,PASS
4039-right,R1 Q0 R1,right,PASS
4040-left,R1 Q0 Q2,left,PASS
4040-right,R1 Q0 Q2,right,PASS
4041-left,R1 Q0 B2,left,PASS
4041-right,R1 Q0 B2,right,PASS
4042-left,R1 Q0 L2,left,PASS
4042-right,R1 Q0 L2,right,PASS
4043-left,R1 Q0 R2,left,PASS
4043-right,R1 Q0 R2,right,PASS
4044-left,R1 Q0 Q3,left,PASS
4044-right,R1 Q0 Q3,right,PASS
4045-left,R1 Q0 B3,left,PASS
4045-right,R1 Q0 B3,right,PASS
4046-left,R1 Q0 L3,left,PASS
4046-right,R1 Q0 L3,right,PASS
4047-left,R1 Q0 R3,left,PASS
4047-right,R1 Q0 R3,right,PASS
4048-left,R1 Q0 Q4,left,PASS
4048-right,R1 Q0 Q4,right,PASS
4049-left,R1 Q0 B4,left,PASS
4049-right,R1 Q0 B4,right,PASS
4050-left,R1 Q0 L4,left,PASS
4050-right,R1 Q0 L4,right,PASS
4051-left,R1 Q0 R4,left,PASS
4051-right,R1 Q0 R4,right,PASS
4052-left,R1 Q0 Q5,left,PASS
4052-right,R1 Q0 Q5,right,PASS
4053-left,R1 Q0 B5,left,PASS
4053-right,R1 Q0 B5,right,PASS
4054-left,R1 Q0 L5,left,PASS
4055-left,R1 Q0 R5,left,PASS
4055-right,R1 Q0 R5,right,PASS
4056-left,R1 B0 Q0,left,PASS
4057-left,R1 B0 B0,left,PASS
4058-left,R1 B0 L0,left,PASS
4059-left,R1 B0 R0,left,PASS
4060-left,R1 B0 Q1,left,PASS
4060-right,R1 B0 Q1,right,PASS
4061-left,R1 B0 B1,left,PASS
4061-right,R1 B0 B1,right,PASS
4062-left,R1 B0 L1,left,PASS
4062-right,R1 B0 L1,right,PASS
4063-left,R1 B0 R1,left,PASS
4063-right,R1 B0 R1,right,PASS
4064-left,R1 B0 Q2,left,PASS
4064-right,R1 B0 Q2,right,PASS
4065-left,R1 B0 B2,left,PASS
4065-right,R1 B0 B2,right,PASS
4066-left,R1 B0 L2,left,PASS
4066-right,R1 B0 L2,right,PASS
4067-left,R1 B0 R2,left,PASS
4067-right,R1 B0 R2,right,PASS
4068-left,R1 B0 Q3,left,PASS
4068-right,R1 B0 Q3,right,PASS
4069-left,R1 B0 B3,left,PASS
4069-right,R1 B0 B3,right,PASS
4070-left,R1 B0 L3,left,PASS
4070-right,R1 B0 L3,right,PASS
4071-left,R1 B0 R3,left,PASS
4071-right,R1 B0 R3,right,PASS
4072-left,R1 B0 Q4,left,PASS
4072-right,R1 B0 Q4,right,PASS
4073-left,R1 B0 B4,left,PASS
4073-right,R1 B0 B4,right,PASS
4074-left,R1 B0 L4,left,PASS
4074-right,R1 B0 L4,right,PASS
4075-left,R1 B0 R4,left,PASS
4075-right,R1 B0 R4,right,PASS
4076-left,R1 B0 Q5,left,PASS
4076-right,R1 B0 Q5,right,PASS
4077-left,R1 B0 B5,left,PASS
4077-right,R1 B0 B5,right,PASS
4078-left,R1 B0 L5,left,PASS
4079-left,R1 B0 R5,left,PASS
4079-right,R1 B0 R5,right,PASS
4083-right,R1 L0 R0,right,PASS
4088-right,R1 L0 Q2,right,PASS
4089-right,R1 L0 B2,right,PASS
4091-right,R1 L0 R2,right,PASS
4092-right,R1 L0 Q3,right,PASS
4093-right,R1 L0 B3,right,PASS
4095-right,R1 L0 R3,right,PASS
4096-right,R1 L0 Q4,right,PASS
4097-right,R1 L0 B4,right,PASS
4099-right,R1 L0 R4,right,PASS
4100-right,R1 L0 Q5,right,PASS
4101-right,R1 L0 B5,right,PASS
4103-right,R1 L0 R5,right,PASS
4104-left,R1 R0 Q0,left,PASS
4105-left,R1 R0 B0,left,PASS
4106-left,R1 R0 L0,left,PASS
4106-right,R1 R0 L0,right,PASS
4107-left,R1 R0 R0,left,PASS
4107-right,R1 R0 R0,right,PASS
4108-left,R1 R0 Q1,left,PASS
4108-right,R1 R0 Q1,right,PASS
4109-left,R1 R0 B1,left,PASS
4109-right,R1 R0 B1,right,PASS
4110-left,R1 R0 L1,left,PASS
4110-right,R1 R0 L1,right,PASS
4111-left,R1 R0 R1,left,PASS
4111-right,R1 R0 R1,right,PASS
4112-left,R1 R0 Q2,left,PASS
4112-right,R1 R0 Q2,right,PASS
4113-left,R1 R0 B2,left,PASS
4113-right,R1 R0 B2,right,PASS
4114-left,R1 R0 L2,left,PASS
4114-right,R1 R0 L2,right,PASS
4115-left,R1 R0 R2,left,PASS
4115-right,R1 R0 R2,right,PASS
4116-left,R1 R0 Q3,left,PASS
4116-right,R1 R0 Q3,right,PASS
4117-left,R1 R0 B3,left,PASS
4117-right,R1 R0 B3,right,PASS
4118-left,R1 R0 L3,left,PASS
4118-right,R1 R0 L3,right,PASS
4119-left,R1 R0 R3,left,PASS
4119-right,R1 R0 R3,right,PASS
4120-left,R1 R0 Q4,left,PASS
4120-right,R1 R0 Q4,right,PASS
4121-left,R1 R0 B4,left,PASS
4121-right,R1 R0 B4,right,PASS
4122-left,R1 R0 L4,left,PASS
4122-right,R1 R0 L4,right,PASS
4123-left,R1 R0 R4,left,PASS
4123-right,R1 R0 R4,right,PASS
4124-left,R1 R0 Q5,left,PASS
4124-right,R1 R0 Q5,right,PASS
4125-left,R1 R0 B5,left,PASS
4125-right,R1 R0 B5,right,PASS
4126-left,R1 R0 L5,left,PASS
4127-left,R1 R0 R5,left,PASS
4127-right,R1 R0 R5,right,PASS
4128-right,R1 Q1 Q0,right,PASS
4129-right,R1 Q1 B0,right,PASS
4131-right,R1 Q1 R0,right,PASS
4136-right,R1 Q1 Q2,right,PASS
4137-right,R1 Q1 B2,right,PASS
4138-right,R1 Q1 L2,right,PASS
4139-right,R1 Q1 R2,right,PASS
4140-right,R1 Q1 Q3,right,PASS
4141-right,R1 Q1 B3,right,PASS
4142-right,R1 Q1 L3,right,PASS
4143-right,R1 Q1 R3,right,PASS
4144-right,R1 Q1 Q4,right,PASS
4145-right,R1 Q1 B4,right,PASS
4146-right,R1 Q1 L4,right,PASS
4147-right,R1 Q1 R4,right,PASS
4148-right,R1 Q1 Q5,right,PASS
4149-right,R1 Q1 B5,right,PASS
4150-right,R1 Q1 L5,right,PASS
4151-right,R1 Q1 R5,right,PASS
4152-right,R1 B1 Q0,right,PASS
4153-right,R1 B1 B0,right,PASS
4155-right,R1 B1 R0,right,PASS
4160-right,R1 B1 Q2,right,PASS
4161-right,R1 B1 B2,right,PASS
4162-right,R1 B1 L2,right,PASS
4163-right,R1 B1 R2,right,PASS
4164-right,R1 B1 Q3,right,PASS
4165-right,R1 B1 B3,right,PASS
4166-right,R1 B1 L3,right,PASS
4167-right,R1 B1 R3,right,PASS
4168-right,R1 B1 Q4,right,PASS
4169-right,R1 B1 B4,right,PASS
4170-right,R1 B1 L4,right,PASS
4171-right,R1 B1 R4,right,PASS
4172-right,R1 B1 Q5,right,PASS
4173-right,R1 B1 B5,right,PASS
4174-right,R1 B1 L5,right,PASS
4175-right,R1 B1 R5,right,PASS
4176-left,R1 L1 Q0,left,PASS
4176-right,R1 L1 Q0,right,PASS
4177-left,R1 L1 B0,left,PASS
4177-right,R1 L1 B0,right,PASS
4178-left,R1 L1 L0,left,PASS
4179-left,R1 L1 R0,left,PASS
4179-right,R1 L1 R0,right,PASS
4180-left,R1 L1 Q1,left,PASS
4181-left,R1 L1 B1,left,PASS
4182-left,R1 L1 L1,left,PASS
4183-left,R1 L1 R1,left,PASS
4183-right,R1 L1 R1,right,PASS
4184-left,R1 L1 Q2,left,PASS
4185-left,R1 L1 B2,left,PASS
4186-left,R1 L1 L2,left,PASS
4187-left,R1 L1 R2,left,PASS
4188-left,R1 L1 Q3,left,PASS
4188-right,R1 L1 Q3,right,PASS
4189-left,R1 L1 B3,left,PASS
4189-right,R1 L1 B3,right,PASS
4190-left,R1 L1 L3,left,PASS
4191-left,R1 L1 R3,left,PASS
4191-right,R1 L1 R3,right,PASS
4192-left,R1 L1 Q4,left,PASS
4192-right,R1 L1 Q4,right,PASS
4193-left,R1 L1 B4,left,PASS
4193-right,R1 L1 B4,right,PASS
4194-left,R1 L1 L4,left,PASS
4195-left,R1 L1 R4,left,PASS
4195-right,R1 L1 R4,right,PASS
4196-left,R1 L1 Q5,left,PASS
4196-right,R1 L1 Q5,right,PASS
4197-left,R1 L1 B5,left,PASS
4197-right,R1 L1 B5,right,PASS
4198-left,R1 L1 L5,left,PASS
4199-left,R1 L1 R5,left,PASS
4199-right,R1 L1 R5,right,PASS
4200-left,R1 R1 Q0,left,PASS
4200-right,R1 R1 Q0,right,PASS
4201-left,R1 R1 B0,left,PASS
4201-right,R1 R1 B0,right,PASS
4202-left,R1 R1 L0,left,PASS
4203-left,R1 R1 R0,left,PASS
4203-right,R1 R1 R0,right,PASS
4204-left,R1 R1 Q1,left,PASS
4205-left,R1 R1 B1,left,PASS
4206-left,R1 R1 L1,left,PASS
4206-right,R1 R1 L1,right,PASS
4207-left,R1 R1 R1,left,PASS
4207-right,R1 R1 R1,right,PASS
4208-left,R1 R1 Q2,left,PASS
4208-right,R1 R1 Q2,right,PASS
4209-left,R1 R1 B2,left,PASS
4209-right,R1 R1 B2,right,PASS
4210-left,R1 R1 L2,left,PASS
4210-right,R1 R1 L2,right,PASS
4211-left,R1 R1 R2,left,PASS
4211-right,R1 R1 R2,right,PASS
4212-left,R1 R1 Q3,left,PASS
4212-right,R1 R1 Q3,right,PASS
4213-left,R1 R1 B3,left,PASS
4213-right,R1 R1 B3,right,PASS
4214-left,R1 R1 L3,left,PASS
4214-right,R1 R1 L3,right,PASS
4215-left,R1 R1 R3,left,PASS
4215-right,R1 R1 R3,right,PASS
4216-left,R1 R1 Q4,left,PASS
4216-right,R1 R1 Q4,right,PASS
4217-left,R1 R1 B4,left,PASS
4217-right,R1 R1 B4,right,PASS
4218-left,R1 R1 L4,left,PASS
4218-right,R1 R1 L4,right,PASS
4219-left,R1 R1 R4,left,PASS
4219-right,R1 R1 R4,right,PASS
4220-left,R1 R1 Q5,left,PASS
4220-right,R1 R1 Q5,right,PASS
4221-left,R1 R1 B5,left,PASS
4221-right,R1 R1 B5,right,PASS
4222-left,R1 R1 L5,left,PASS
4222-right,R1 R1 L5,right,PASS
4223-left,R1 R1 R5,left,PASS
4223-right,R1 R1 R5,right,PASS
4224-left,R1 Q2 Q0,left,PASS
4224-right,R1 Q2 Q0,right,PASS
4225-left,R1 Q2 B0,left,PASS
4225-right,R1 Q2 B0,right,PASS
4226-left,R1 Q2 L0,left,PASS
4226-right,R1 Q2 L0,right,PASS
4227-left,R1 Q2 R0,left,PASS
4227-right,R1 Q2 R0,right,PASS
4228-left,R1 Q2 Q1,left,PASS
4228-right,R1 Q2 Q1,right,PASS
4229-left,R1 Q2 B1,left,PASS
4229-right,R1 Q2 B1,right,PASS
4230-left,R1 Q2 L1,left,PASS
4231-left,R1 Q2 R1,left,PASS
4231-right,R1 Q2 R1,right,PASS
4232-left,R1 Q2 Q2,left,PASS
4233-left,R1 Q2 B2,left,PASS
4234-left,R1 Q2 L2,left,PASS
4235-left,R1 Q2 R2,left,PASS
4236-left,R1 Q2 Q3,left,PASS
4236-right,R1 Q2 Q3,right,PASS
4237-left,R1 Q2 B3,left,PASS
4237-right,R1 Q2 B3,right,PASS
4238-left,R1 Q2 L3,left,PASS
4238-right,R1 Q2 L3,right,PASS
4239-left,R1 Q2 R3,left,PASS
4239-right,R1 Q2 R3,right,PASS
4240-left,R1 Q2 Q4,left,PASS
4240-right,R1 Q2 Q4,right,PASS
4241-left,R1 Q2 B4,left,PASS
4241-right,R1 Q2 B4,right,PASS
4242-left,R1 Q2 L4,left,PASS
4242-right,R1 Q2 L4,right,PASS
4243-left,R1 Q2 R4,left,PASS
4243-right,R1 Q2 R4,right,PASS
4244-left,R1 Q2 Q5,left,PASS
4244-right,R1 Q2 Q5,right,PASS
4245-left,R1 Q2 B5,left,PASS
4245-right,R1 Q2 B5,right,PASS
4246-left,R1 Q2 L5,left,PASS
4246-right,R1 Q2 L5,right,PASS
4247-left,R1 Q2 R5,left,PASS
4247-right,R1 Q2 R5,right,PASS
4248-left,R1 B2 Q0,left,PASS
4248-right,R1 B2 Q0,right,PASS
4249-left,R1 B2 B0,left,PASS
4249-right,R1 B2 B0,right,PASS
4250-left,R1 B2 L0,left,PASS
4250-right,R1 B2 L0,right,PASS
4251-left,R1 B2 R0,left,PASS
4251-right,R1 B2 R0,right,PASS
4252-left,R1 B2 Q1,left,PASS
4252-right,R1 B2 Q1,right,PASS
4253-left,R1 B2 B1,left,PASS
4253-right,R1 B2 B1,right,PASS
4254-left,R1 B2 L1,left,PASS
4255-left,R1 B2 R1,left,PASS
4255-right,R1 B2 R1,right,PASS
4256-left,R1 B2 Q2,left,PASS
4257-left,R1 B2 B2,left,PASS
4258-left,R1 B2 L2,left,PASS
4259-left,R1 B2 R2,left,PASS
4260-left,R1 B2 Q3,left,PASS
4260-right,R1 B2 Q3,right,PASS
4261-left,R1 B2 B3,left,PASS
4261-right,R1 B2 B3,right,PASS
4262-left,R1 B2 L3,left,PASS
4262-right,R1 B2 L3,right,PASS
4263-left,R1 B2 R3,left,PASS
4263-right,R1 B2 R3,right,PASS
4264-left,R1 B2 Q4,left,PASS
4264-right,R1 B2 Q4,right,PASS
4265-left,R1 B2 B4,left,PASS
4265-right,R1 B2 B4,right,PASS
4266-left,R1 B2 L4,left,PASS
4266-right,R1 B2 L4,right,PASS
4267-left,R1 B2 R4,left,PASS
4267-right,R1 B2 R4,right,PASS
4268-left,R1 B2 Q5,left,PASS
4268-right,R1 B2 Q5,right,PASS
4269-left,R1 B2 B5,left,PASS
4269-right,R1 B2 B5,right,PASS
4270-left,R1 B2 L5,left,PASS
4270-right,R1 B2 L5,right,PASS
4271-left,R1 B2 R5,left,PASS
4271-right,R1 B2 R5,right,PASS
4272-left,R1 L2 Q0,left,PASS
4272-right,R1 L2 Q0,right,PASS
4273-left,R1 L2 B0,left,PASS
4273-right,R1 L2 B0,right,PASS
4274-left,R1 L2 L0,left,PASS
4275-left,R1 L2 R0,left,PASS
4275-right,R1 L2 R0,right,PASS
4276-left,R1 L2 Q1,left,PASS
4276-right,R1 L2 Q1,right,PASS
4277-left,R1 L2 B1,left,PASS
4277-right,R1 L2 B1,right,PASS
4278-left,R1 L2 L1,left,PASS
4279-left,R1 L2 R1,left,PASS
4279-right,R1 L2 R1,right,PASS
4280-left,R1 L2 Q2,left,PASS
4281-left,R1 L2 B2,left,PASS
4282-left,R1 L2 L2,left,PASS
4283-left,R1 L2 R2,left,PASS
4283-right,R1 L2 R2,right,PASS
4284-left,R1 L2 Q3,left,PASS
4285-left,R1 L2 B3,left,PASS
4286-left,R1 L2 L3,left,PASS
4287-left,R1 L2 R3,left,PASS
4288-left,R1 L2 Q4,left,PASS
4288-right,R1 L2 Q4,right,PASS
4289-left,R1 L2 B4,left,PASS
4289-right,R1 L2 B4,right,PASS
4290-left,R1 L2 L4,left,PASS
4291-left,R1 L2 R4,left,PASS
4291-right,R1 L2 R4,right,PASS
4292-left,R1 L2 Q5,left,PASS
4292-right,R1 L2 Q5,right,PASS
4293-left,R1 L2 B5,left,PASS
4293-right,R1 L2 B5,right,PASS
4294-left,R1 L2 L5,left,PASS
4295-left,R1 L2 R5,left,PASS
4295-right,R1 L2 R5,right,PASS
4296-left,R1 R2 Q0,left,PASS
4296-right,R1 R2 Q0,right,PASS
4297-left,R1 R2 B0,left,PASS
4297-right,R1 R2 B0,right,PASS
4298-left,R1 R2 L0,left,PASS
4298-right,R1 R2 L0,right,PASS
4299-left,R1 R2 R0,left,PASS
4299-right,R1 R2 R0,right,PASS
4300-left,R1 R2 Q1,left,PASS
4300-right,R1 R2 Q1,right,PASS
4301-left,R1 R2 B1,left,PASS
4301-right,R1 R2 B1,right,PASS
4302-left,R1 R2 L1,left,PASS
4303-left,R1 R2 R1,left,PASS
4303-right,R1 R2 R1,right,PASS
4304-left,R1 R2 Q2,left,PASS
4305-left,R1 R2 B2,left,PASS
4306-left,R1 R2 L2,left,PASS
4306-right,R1 R2 L2,right,PASS
4307-left,R1 R2 R2,left,PASS
4307-right,R1 R2 R2,right,PASS
4308-left,R1 R2 Q3,left,PASS
4308-right,R1 R2 Q3,right,PASS
4309-left,R1 R2 B3,left,PASS
4309-right,R1 R2 B3,right,PASS
4310-left,R1 R2 L3,left,PASS
4310-right,R1 R2 L3,right,PASS
4311-left,R1 R2 R3,left,PASS
4311-right,R1 R2 R3,right,PASS
4312-left,R1 R2 Q4,left,PASS
4312-right,R1 R2 Q4,right,PASS
4313-left,R1 R2 B4,left,PASS
4313-right,R1 R2 B4,right,PASS
4314-left,R1 R2 L4,left,PASS
4314-right,R1 R2 L4,right,PASS
4315-left,R1 R2 R4,left,PASS
4315-right,R1 R2 R4,right,PASS
4316-left,R1 R2 Q5,left,PASS
4316-right,R1 R2 Q5,right,PASS
4317-left,R1 R2 B5,left,PASS
4317-right,R1 R2 B5,right,PASS
4318-left,R1 R2 L5,left,PASS
4318-right,R1 R2 L5,right,PASS
4319-left,R1 R2 R5,left,PASS
4319-right,R1 R2 R5,right,PASS
4320-left,R1 Q3 Q0,left,PASS
4320-right,R1 Q3 Q0,right,PASS
4321-left,R1 Q3 B0,left,PASS
4321-right,R1 Q3 B0,right,PASS
4322-left,R1 Q3 L0,left,PASS
4322-right,R1 Q3 L0,right,PASS
4323-left,R1 Q3 R0,left,PASS
4323-right,R1 Q3 R0,right,PASS
4324-left,R1 Q3 Q1,left,PASS
4324-right,R1 Q3 Q1,right,PASS
4325-left,R1 Q3 B1,left,PASS
4325-right,R1 Q3 B1,right,PASS
4326-left,R1 Q3 L1,left,PASS
4326-right,R1 Q3 L1,right,PASS
4327-left,R1 Q3 R1,left,PASS
4327-right,R1 Q3 R1,right,PASS
4328-left,R1 Q3 Q2,left,PASS
4328-right,R1 Q3 Q2,right,PASS
4329-left,R1 Q3 B2,left,PASS
4329-right,R1 Q3 B2,right,PASS
4330-left,R1 Q3 L2,left,PASS
4331-left,R1 Q3 R2,left,PASS
4331-right,R1 Q3 R2,right,PASS
4332-left,R1 Q3 Q3,left,PASS
4333-left,R1 Q3 B3,left,PASS
4334-left,R1 Q3 L3,left,PASS
4335-left,R1 Q3 R3,left,PASS
4336-left,R1 Q3 Q4,left,PASS
4336-right,R1 Q3 Q4,right,PASS
4337-left,R1 Q3 B4,left,PASS
4337-right,R1 Q3 B4,right,PASS
4338-left,R1 Q3 L4,left,PASS
4338-right,R1 Q3 L4,right,PASS
4339-left,R1 Q3 R4,left,PASS
4339-right,R1 Q3 R4,right,PASS
4340-left,R1 Q3 Q5,left,PASS
4340-right,R1 Q3 Q5,right,PASS
4341-left,R1 Q3 B5,left,PASS
4341-right,R1 Q3 B5,right,PASS
4342-left,R1 Q3 L5,left,PASS
4342-right,R1 Q3 L5,right,PASS
4343-left,R1 Q3 R5,left,PASS
4343-right,R1 Q3 R5,right,PASS
4344-left,R1 B3 Q0,left,PASS
4344-right,R1 B3 Q0,right,PASS
4345-left,R1 B3 B0,left,PASS
4345-right,R1 B3 B0,right,PASS
4346-left,R1 B3 L0,left,PASS
4346-right,R1 B3 L0,right,PASS
4347-left,R1 B3 R0,left,PASS
4347-right,R1 B3 R0,right,PASS
4348-left,R1 B3 Q1,left,PASS
4348-right,R1 B3 Q1,right,PASS
4349-left,R1 B3 B1,left,PASS
4349-right,R1 B3 B1,right,PASS
4350-left,R1 B3 L1,left,PASS
4350-right,R1 B3 L1,right,PASS
4351-left,R1 B3 R1,left,PASS
4351-right,R1 B3 R1,right,PASS
4352-left,R1 B3 Q2,left,PASS
4352-right,R1 B3 Q2,right,PASS
4353-left,R1 B3 B2,left,PASS
4353-right,R1 B3 B2,right,PASS
4354-left,R1 B3 L2,left,PASS
4355-left,R1 B3 R2,left,PASS
4355-right,R1 B3 R2,right,PASS
4356-left,R1 B3 Q3,left,PASS
4357-left,R1 B3 B3,left,PASS
4358-left,R1 B3 L3,left,PASS
4359-left,R1 B3 R3,left,PASS
4360-left,R1 B3 Q4,left,PASS
4360-right,R1 B3 Q4,right,PASS
4361-left,R1 B3 B4,left,PASS
4361-right,R1 B3 B4,right,PASS
4362-left,R1 B3 L4,left,PASS
4362-right,R1 B3 L4,right,PASS
4363-left,R1 B3 R4,left,PASS
4363-right,R1 B3 R4,right,PASS
4364-left,R1 B3 Q5,left,PASS
4364-right,R1 B3 Q5,right,PASS
4365-left,R1 B3 B5,left,PASS
4365-right,R1 B3 B5,right,PASS
4366-left,R1 B3 L5,left,PASS
4366-right,R1 B3 L5,right,PASS
4367-left,R1 B3 R5,left,PASS
4367-right,R1 B3 R5,right,PASS
4368-left,R1 L3 Q0,left,PASS
4368-right,R1 L3 Q0,right,PASS
4369-left,R1 L3 B0,left,PASS
4369-right,R1 L3 B0,right,PASS
4370-left,R1 L3 L0,left,PASS
4371-left,R1 L3 R0,left,PASS
4371-right,R1 L3 R0,right,PASS
4372-left,R1 L3 Q1,left,PASS
4372-right,R1 L3 Q1,right,PASS
4373-left,R1 L3 B1,left,PASS
4373-right,R1 L3 B1,right,PASS
4374-left,R1 L3 L1,left,PASS
4375-left,R1 L3 R1,left,PASS
4375-right,R1 L3 R1,right,PASS
4376-left,R1 L3 Q2,left,PASS
4376-right,R1 L3 Q2,right,PASS
4377-left,R1 L3 B2,left,PASS
4377-right,R1 L3 B2,right,PASS
4378-left,R1 L3 L2,left,PASS
4379-left,R1 L3 R2,left,PASS
4379-right,R1 L3 R2,right,PASS
4380-left,R1 L3 Q3,left,PASS
4381-left,R1 L3 B3,left,PASS
4382-left,R1 L3 L3,left,PASS
4383-left,R1 L3 R3,left,PASS
4383-right,R1 L3 R3,right,PASS
4384-left,R1 L3 Q4,left,PASS
4385-left,R1 L3 B4,left,PASS
4386-left,R1 L3 L4,left,PASS
4387-left,R1 L3 R4,left,PASS
4388-left,R1 L3 Q5,left,PASS
4388-right,R1 L3 Q5,right,PASS
4389-left,R1 L3 B5,left,PASS
4389-right,R1 L3 B5,right,PASS
4390-left,R1 L3 L5,left,PASS
4391-left,R1 L3 R5,left,PASS
4391-right,R1 L3 R5,right,PASS
4392-left,R1 R3 Q0,left,PASS
4392-right,R1 R3 Q0,right,PASS
4393-left,R1 R3 B0,left,PASS
4393-right,R1 R3 B0,right,PASS
4394-left,R1 R3 L0,left,PASS
4394-right,R1 R3 L0,right,PASS
4395-left,R1 R3 R0,left,PASS
4395-right,R1 R3 R0,right,PASS
4396-left,R1 R3 Q1,left,PASS
4396-right,R1 R3 Q1,right,PASS
4397-left,R1 R3 B1,left,PASS
4397-right,R1 R3 B1,right,PASS
4398-left,R1 R3 L1,left,PASS
4398-right,R1 R3 L1,right,PASS
4399-left,R1 R3 R1,left,PASS
4399-right,R1 R3 R1,right,PASS
4400-left,R1 R3 Q2,left,PASS
4400-right,R1 R3 Q2,right,PASS
4401-left,R1 R3 B2,left,PASS
4401-right,R1 R3 B2,right,PASS
4402-left,R1 R3 L2,left,PASS
4403-left,R1 R3 R2,left,PASS
4403-right,R1 R3 R2,right,PASS
4404-left,R1 R3 Q3,left,PASS
4405-left,R1 R3 B3,left,PASS
4406-left,R1 R3 L3,left,PASS
4406-right,R1 R3 L3,right,PASS
4407-left,R1 R3 R3,left,PASS
4407-right,R1 R3 R3,right,PASS
4408-left,R1 R3 Q4,left,PASS
4408-right,R1 R3 Q4,right,PASS
4409-left,R1 R3 B4,left,PASS
4409-right,R1 R3 B4,right,PASS
4410-left,R1 R3 L4,left,PASS
4410-right,R1 R3 L4,right,PASS
4411-left,R1 R3 R4,left,PASS
4411-right,R1 R3 R4,right,PASS
4412-left,R1 R3 Q5,left,PASS
4412-right,R1 R3 Q5,right,PASS
4413-left,R1 R3 B5,left,PASS
4413-right,R1 R3 B5,right,PASS
4414-left,R1 R3 L5,left,PASS
4414-right,R1 R3 L5,right,PASS
4415-left,R1 R3 R5,left,PASS
4415-right,R1 R3 R5,right,PASS
4416-left,R1 Q4 Q0,left,PASS
4416-right,R1 Q4 Q0,right,PASS
4417-left,R1 Q4 B0,left,PASS
4417-right,R1 Q4 B0,right,PASS
4418-left,R1 Q4 L0,left,PASS
4418-right,R1 Q4 L0,right,PASS
4419-left,R1 Q4 R0,left,PASS
4419-right,R1 Q4 R0,right,PASS
4420-left,R1 Q4 Q1,left,PASS
4420-right,R1 Q4 Q1,right,PASS
4421-left,R1 Q4 B1,left,PASS
4421-right,R1 Q4 B1,right,PASS
4422-left,R1 Q4 L1,left,PASS
4422-right,R1 Q4 L1,right,PASS
4423-left,R1 Q4 R1,left,PASS
4423-right,R1 Q4 R1,right,PASS
4424-left,R1 Q4 Q2,left,PASS
4424-right,R1 Q4 Q2,right,PASS
4425-left,R1 Q4 B2,left,PASS
4425-right,R1 Q4 B2,right,PASS
4426-left,R1 Q4 L2,left,PASS
4426-right,R1 Q4 L2,right,PASS
4427-left,R1 Q4 R2,left,PASS
4427-right,R1 Q4 R2,right,PASS
4428-left,R1 Q4 Q3,left,PASS
4428-right,R1 Q4 Q3,right,PASS
4429-left,R1 Q4 B3,left,PASS
4429-right,R1 Q4 B3,right,PASS
4430-left,R1 Q4 L3,left,PASS
4431-left,R1 Q4 R3,left,PASS
4431-right,R1 Q4 R3,right,PASS
4432-left,R1 Q4 Q4,left,PASS
4433-left,R1 Q4 B4,left,PASS
4434-left,R1 Q4 L4,left,PASS
4435-left,R1 Q4 R4,left,PASS
4436-left,R1 Q4 Q5,left,PASS
4436-right,R1 Q4 Q5,right,PASS
4437-left,R1 Q4 B5,left,PASS
4437-right,R1 Q4 B5,right,PASS
4438-left,R1 Q4 L5,left,PASS
4438-right,R1 Q4 L5,right,PASS
4439-left,R1 Q4 R5,left,PASS
4439-right,R1 Q4 R5,right,PASS
4440-left,R1 B4 Q0,left,PASS
4440-right,R1 B4 Q0,right,PASS
4441-left,R1 B4 B0,left,PASS
4441-right,R1 B4 B0,right,PASS
4442-left,R1 B4 L0,left,PASS
4442-right,R1 B4 L0,right,PASS
4443-left,R1 B4 R0,left,PASS
4443-right,R1 B4 R0,right,PASS
4444-left,R1 B4 Q1,left,PASS
4444-right,R1 B4 Q1,right,PASS
4445-left,R1 B4 B1,left,PASS
4445-right,R1 B4 B1,right,PASS
4446-left,R1 B4 L1,left,PASS
4446-right,R1 B4 L1,right,PASS
4447-left,R1 B4 R1,left,PASS
4447-right,R1 B4 R1,right,PASS
4448-left,R1 B4 Q2,left,PASS
4448-right,R1 B4 Q2,right,PASS
4449-left,R1 B4 B2,left,PASS
4449-right,R1 B4 B2,right,PASS
4450-left,R1 B4 L2,left,PASS
4450-right,R1 B4 L2,right,PASS
4451-left,R1 B4 R2,left,PASS
4451-right,R1 B4 R2,right,PASS
4452-left,R1 B4 Q3,left,PASS
4452-right,R1 B4 Q3,right,PASS
4453-left,R1 B4 B3,left,PASS
4453-right,R1 B4 B3,right,PASS
4454-left,R1 B4 L3,left,PASS
4455-left,R1 B4 R3,left,PASS
4455-right,R1 B4 R3,right,PASS
4456-left,R1 B4 Q4,left,PASS
4457-left,R1 B4 B4,left,PASS
4458-left,R1 B4 L4,left,PASS
4459-left,R1 B4 R4,left,PASS
4460-left,R1 B4 Q5,left,PASS
4460-right,R1 B4 Q5,right,PASS
4461-left,R1 B4 B5,left,PASS
4461-right,R1 B4 B5,right,PASS
4462-left,R1 B4 L5,left,PASS
4462-right,R1 B4 L5,right,PASS
4463-left,R1 B4 R5,left,PASS
4463-right,R1 B4 R5,right,PASS
4464-left,R1 L4 Q0,left,PASS
4464-right,R1 L4 Q0,right,PASS
4465-left,R1 L4 B0,left,PASS
4465-right,R1 L4 B0,right,PASS
4466-left,R1 L4 L0,left,PASS
4467-left,R1 L4 R0,left,PASS
4467-right,R1 L4 R0,right,PASS
4468-left,R1 L4 Q1,left,PASS
4468-right,R1 L4 Q1,right,PASS
4469-left,R1 L4 B1,left,PASS
4469-right,R1 L4 B1,right,PASS
4470-left,R1 L4 L1,left,PASS
4471-left,R1 L4 R1,left,PASS
4471-right,R1 L4 R1,right,PASS
4472-left,R1 L4 Q2,left,PASS
4472-right,R1 L4 Q2,right,PASS
4473-left,R1 L4 B2,left,PASS
4473-right,R1 L4 B2,right,PASS
4474-left,R1 L4 L2,left,PASS
4475-left,R1 L4 R2,left,PASS
4475-right,R1 L4 R2,right,PASS
4476-left,R1 L4 Q3,left,PASS
4476-right,R1 L4 Q3,right,PASS
4477-left,R1 L4 B3,left,PASS
4477-right,R1 L4 B3,right,PASS
4478-left,R1 L4 L3,left,PASS
4479-left,R1 L4 R3,left,PASS
4479-right,R1 L4 R3,right,PASS
4480-left,R1 L4 Q4,left,PASS
4481-left,R1 L4 B4,left,PASS
4482-left,R1 L4 L4,left,PASS
4483-left,R1 L4 R4,left,PASS
4483-right,R1 L4 R4,right,PASS
4484-left,R1 L4 Q5,left,PASS
4485-left,R1 L4 B5,left,PASS
4486-left,R1 L4 L5,left,PASS
4487-left,R1 L4 R5,left,PASS
4488-left,R1 R4 Q0,left,PASS
4488-right,R1 R4 Q0,right,PASS
4489-left,R1 R4 B0,left,PASS
4489-right,R1 R4 B0,right,PASS
4490-left,R1 R4 L0,left,PASS
4490-right,R1 R4 L0,right,PASS
4491-left,R1 R4 R0,left,PASS
4491-right,R1 R4 R0,right,PASS
4492-left,R1 R4 Q1,left,PASS
4492-right,R1 R4 Q1,right,PASS
4493-left,R1 R4 B1,left,PASS
4493-right,R1 R4 B1,right,PASS
4494-left,R1 R4 L1,left,PASS
4494-right,R1 R4 L1,right,PASS
4495-left,R1 R4 R1,left,PASS
4495-right,R1 R4 R1,right,PASS
4496-left,R1 R4 Q2,left,PASS
4496-right,R1 R4 Q2,right,PASS
4497-left,R1 R4 B2,left,PASS
4497-right,R1 R4 B2,right,PASS
4498-left,R1 R4 L2,left,PASS
4498-right,R1 R4 L2,right,PASS
4499-left,R1 R4 R2,left,PASS
4499-right,R1 R4 R2,right,PASS
4500-left,R1 R4 Q3,left,PASS
4500-right,R1 R4 Q3,right,PASS
4501-left,R1 R4 B3,left,PASS
4501-right,R1 R4 B3,right,PASS
4502-left,R1 R4 L3,left,PASS
4503-left,R1 R4 R3,left,PASS
4503-right,R1 R4 R3,right,PASS
4504-left,R1 R4 Q4,left,PASS
4505-left,R1 R4 B4,left,PASS
4506-left,R1 R4 L4,left,PASS
4506-right,R1 R4 L4,right,PASS
4507-left,R1 R4 R4,left,PASS
4507-right,R1 R4 R4,right,PASS
4508-left,R1 R4 Q5,left,PASS
4508-right,R1 R4 Q5,right,PASS
4509-left,R1 R4 B5,left,PASS
4509-right,R1 R4 B5,right,PASS
4510-left,R1 R4 L5,left,PASS
4510-right,R1 R4 L5,right,PASS
4511-left,R1 R4 R5,left,PASS
4511-right,R1 R4 R5,right,PASS
4512-left,R1 Q5 Q0,left,PASS
4512-right,R1 Q5 Q0,right,PASS
4513-left,R1 Q5 B0,left,PASS
4513-right,R1 Q5 B0,right,PASS
4514-left,R1 Q5 L0,left,PASS
4514-right,R1 Q5 L0,right,PASS
4515-left,R1 Q5 R0,left,PASS
4515-right,R1 Q5 R0,right,PASS
4516-left,R1 Q5 Q1,left,PASS
4516-right,R1 Q5 Q1,right,PASS
4517-left,R1 Q5 B1,left,PASS
4517-right,R1 Q5 B1,right,PASS
4518-left,R1 Q5 L1,left,PASS
4518-right,R1 Q5 L1,right,PASS
4519-left,R1 Q5 R1,left,PASS
4519-right,R1 Q5 R1,right,PASS
4520-left,R1 Q5 Q2,left,PASS
4520-right,R1 Q5 Q2,right,PASS
4521-left,R1 Q5 B2,left,PASS
4521-right,R1 Q5 B2,right,PASS
4522-left,R1 Q5 L2,left,PASS
4522-right,R1 Q5 L2,right,PASS
4523-left,R1 Q5 R2,left,PASS
4523-right,R1 Q5 R2,right,PASS
4524-left,R1 Q5 Q3,left,PASS
4524-right,R1 Q5 Q3,right,PASS
4525-left,R1 Q5 B3,left,PASS
4525-right,R1 Q5 B3,right,PASS
4526-left,R1 Q5 L3,left,PASS
4526-right,R1 Q5 L3,right,PASS
4527-left,R1 Q5 R3,left,PASS
4527-right,R1 Q5 R3,right,PASS
4528-left,R1 Q5 Q4,left,PASS
4528-right,R1 Q5 Q4,right,PASS
4529-left,R1 Q5 B4,left,PASS
4529-right,R1 Q5 B4,right,PASS
4530-left,R1 Q5 L4,left,PASS
4531-left,R1 Q5 R4,left,PASS
4531-right,R1 Q5 R4,right,PASS
4532-left,R1 Q5 Q5,left,PASS
4533-left,R1 Q5 B5,left,PASS
4534-left,R1 Q5 L5,left,PASS
4535-left,R1 Q5 R5,left,PASS
4536-left,R1 B5 Q0,left,PASS
4536-right,R1 B5 Q0,right,PASS
4537-left,R1 B5 B0,left,PASS
4537-right,R1 B5 B0,right,PASS
4538-left,R1 B5 L0,left,PASS
4538-right,R1 B5 L0,right,PASS
4539-left,R1 B5 R0,left,PASS
4539-right,R1 B5 R0,right,PASS
4540-left,R1 B5 Q1,left,PASS
4540-right,R1 B5 Q1,right,PASS
4541-left,R1 B5 B1,left,PASS
4541-right,R1 B5 B1,right,PASS
4542-left,R1 B5 L1,left,PASS
4542-right,R1 B5 L1,right,PASS
4543-left,R1 B5 R1,left,PASS
4543-right,R1 B5 R1,right,PASS
4544-left,R1 B5 Q2,left,PASS
4544-right,R1 B5 Q2,right,PASS
4545-left,R1 B5 B2,left,PASS
4545-right,R1 B5 B2,right,PASS
4546-left,R1 B5 L2,left,PASS
4546-right,R1 B5 L2,right,PASS
4547-left,R1 B5 R2,left,PASS
4547-right,R1 B5 R2,right,PASS
4548-left,R1 B5 Q3,left,PASS
4548-right,R1 B5 Q3,right,PASS
4549-left,R1 B5 B3,left,PASS
4549-right,R1 B5 B3,right,PASS
4550-left,R1 B5 L3,left,PASS
4550-right,R1 B5 L3,right,PASS
4551-left,R1 B5 R3,left,PASS
4551-right,R1 B5 R3,right,PASS
4552-left,R1 B5 Q4,left,PASS
4552-right,R1 B5 Q4,right,PASS
4553-left,R1 B5 B4,left,PASS
4553-right,R1 B5 B4,right,PASS
4554-left,R1 B5 L4,left,PASS
4555-left,R1 B5 R4,left,PASS
4555-right,R1 B5 R4,right,PASS
4556-left,R1 B5 Q5,left,PASS
4557-left,R1 B5 B5,left,PASS
4558-left,R1 B5 L5,left,PASS
4559-left,R1 B5 R5,left,PASS
4560-left,R1 L5 Q0,left,PASS
4561-left,R1 L5 B0,left,PASS
4562-left,R1 L5 L0,left,PASS
4563-left,R1 L5 R0,left,PASS
4564-left,R1 L5 Q1,left,PASS
4564-right,R1 L5 Q1,right,PASS
4565-left,R1 L5 B1,left,PASS
4565-right,R1 L5 B1,right,PASS
4566-left,R1 L5 L1,left,PASS
4567-left,R1 L5 R1,left,PASS
4567-right,R1 L5 R1,right,PASS
4568-left,R1 L5 Q2,left,PASS
4568-right,R1 L5 Q2,right,PASS
4569-left,R1 L5 B2,left,PASS
4569-right,R1 L5 B2,right,PASS
4570-left,R1 L5 L2,left,PASS
4571-left,R1 L5 R2,left,PASS
4571-right,R1 L5 R2,right,PASS
4572-left,R1 L5 Q3,left,PASS
4572-right,R1 L5 Q3,right,PASS
4573-left,R1 L5 B3,left,PASS
4573-right,R1 L5 B3,right,PASS
4574-left,R1 L5 L3,left,PASS
4575-left,R1 L5 R3,left,PASS
4575-right,R1 L5 R3,right,PASS
4576-left,R1 L5 Q4,left,PASS
4576-right,R1 L5 Q4,right,PASS
4577-left,R1 L5 B4,left,PASS
4577-right,R1 L5 B4,right,PASS
4578-left,R1 L5 L4,left,PASS
4579-left,R1 L5 R4,left,PASS
4579-right,R1 L5 R4,right,PASS
4580-left,R1 L5 Q5,left,PASS
4581-left,R1 L5 B5,left,PASS
4582-left,R1 L5 L5,left,PASS
4583-left,R1 L5 R5,left,PASS
4583-right,R1 L5 R5,right,PASS
4584-left,R1 R5 Q0,left,PASS
4584-right,R1 R5 Q0,right,PASS
4585-left,R1 R5 B0,left,PASS
4585-right,R1 R5 B0,right,PASS
4586-left,R1 R5 L0,left,PASS
4586-right,R1 R5 L0,right,PASS
4587-left,R1 R5 R0,left,PASS
4587-right,R1 R5 R0,right,PASS
4588-left,R1 R5 Q1,left,PASS
4588-right,R1 R5 Q1,right,PASS
4589-left,R1 R5 B1,left,PASS
4589-right,R1 R5 B1,right,PASS
4590-left,R1 R5 L1,left,PASS
4590-right,R1 R5 L1,right,PASS
4591-left,R1 R5 R1,left,PASS
4591-right,R1 R5 R1,right,PASS
4592-left,R1 R5 Q2,left,PASS
4592-right,R1 R5 Q2,right,PASS
4593-left,R1 R5 B2,left,PASS
4593-right,R1 R5 B2,right,PASS
4594-left,R1 R5 L2,left,PASS
4594-right,R1 R5 L2,right,PASS
4595-left,R1 R5 R2,left,PASS
4595-right,R1 R5 R2,right,PASS
4596-left,R1 R5 Q3,left,PASS
4596-right,R1 R5 Q3,right,PASS
4597-left,R1 R5 B3,left,PASS
4597-right,R1 R5 B3,right,PASS
4598-left,R1 R5 L3,left,PASS
4598-right,R1 R5 L3,right,PASS
4599-left,R1 R5 R3,left,PASS
4599-right,R1 R5 R3,right,PASS
4600-left,R1 R5 Q4,left,PASS
4600-right,R1 R5 Q4,right,PASS
4601-left,R1 R5 B4,left,PASS
4601-right,R1 R5 B4,right,PASS
4602-left,R1 R5 L4,left,PASS
4603-left,R1 R5 R4,left,PASS
4603-right,R1 R5 R4,right,PASS
4604-left,R1 R5 Q5,left,PASS
4605-left,R1 R5 B5,left,PASS
4606-left,R1 R5 L5,left,PASS
4606-right,R1 R5 L5,right,PASS
4607-left,R1 R5 R5,left,PASS
4607-right,R1 R5 R5,right,PASS
4608-left,Q2 Q0 Q0,left,PASS
4609-left,Q2 Q0 B0,left,PASS
4610-left,Q2 Q0 L0,left,PASS
4611-left,Q2 Q0 R0,left,PASS
4612-left,Q2 Q0 Q1,left,PASS
4612-right,Q2 Q0 Q1,right,PASS
4613-left,Q2 Q0 B1,left,PASS
4613-right,Q2 Q0 B1,right,PASS
4614-left,Q2 Q0 L1,left,PASS
4614-right,Q2 Q0 L1,right,PASS
4615-left,Q2 Q0 R1,left,PASS
4615-right,Q2 Q0 R1,right,PASS
4616-left,Q2 Q0 Q2,left,PASS
4616-right,Q2 Q0 Q2,right,PASS
4617-left,Q2 Q0 B2,left,PASS
4617-right,Q2 Q0 B2,right,PASS
4618-left,Q2 Q0 L2,left,PASS
4618-right,Q2 Q0 L2,right,PASS
4619-left,Q2 Q0 R2,left,PASS
4619-right,Q2 Q0 R2,right,PASS
4620-left,Q2 Q0 Q3,left,PASS
4620-right,Q2 Q0 Q3,right,PASS
4621-left,Q2 Q0 B3,left,PASS
4621-right,Q2 Q0 B3,right,PASS
4622-left,Q2 Q0 L3,left,PASS
4622-right,Q2 Q0 L3,right,PASS
4623-left,Q2 Q0 R3,left,PASS
4623-right,Q2 Q0 R3,right,PASS
4624-left,Q2 Q0 Q4,left,PASS
4624-right,Q2 Q0 Q4,right,PASS
4625-left,Q2 Q0 B4,left,PASS
4625-right,Q2 Q0 B4,right,PASS
4626-left,Q2 Q0 L4,left,PASS
4626-right,Q2 Q0 L4,right,PASS
4627-left,Q2 Q0 R4,left,PASS
4627-right,Q2 Q0 R4,right,PASS
4628-left,Q2 Q0 Q5,left,PASS
4628-right,Q2 Q0 Q5,right,PASS
4629-left,Q2 Q0 B5,left,PASS
4629-right,Q2 Q0 B5,right,PASS
4630-left,Q2 Q0 L5,left,PASS
4631-left,Q2 Q0 R5,left,PASS
4631-right,Q2 Q0 R5,right,PASS
4632-left,Q2 B0 Q0,left,PASS
4633-left,Q2 B0 B0,left,PASS
4634-left,Q2 B0 L0,left,PASS
4635-left,Q2 B0 R0,left,PASS
4636-left,Q2 B0 Q1,left,PASS
4636-right,Q2 B0 Q1,right,PASS
4637-left,Q2 B0 B1,left,PASS
4637-right,Q2 B0 B1,right,PASS
4638-left,Q2 B0 L1,left,PASS
4638-right,Q2 B0 L1,right,PASS
4639-left,Q2 B0 R1,left,PASS
4639-right,Q2 B0 R1,right,PASS
4640-left,Q2 B0 Q2,left,PASS
4640-right,Q2 B0 Q2,right,PASS
4641-left,Q2 B0 B2,left,PASS
4641-right,Q2 B0 B2,right,PASS
4642-left,Q2 B0 L2,left,PASS
4642-right,Q2 B0 L2,right,PASS
4643-left,Q2 B0 R2,left,PASS
4643-right,Q2 B0 R2,right,PASS
4644-left,Q2 B0 Q3,left,PASS
4644-right,Q2 B0 Q3,right,PASS
4645-left,Q2 B0 B3,left,PASS
4645-right,Q2 B0 B3,right,PASS
4646-left,Q2 B0 L3,left,PASS
4646-right,Q2 B0 L3,right,PASS
4647-left,Q2 B0 R3,left,PASS
4647-right,Q2 B0 R3,right,PASS
4648-left,Q2 B0 Q4,left,PASS
4648-right,Q2 B0 Q4,right,PASS
4649-left,Q2 B0 B4,left,PASS
4649-right,Q2 B0 B4,right,PASS
4650-left,Q2 B0 L4,left,PASS
4650-right,Q2 B0 L4,right,PASS
4651-left,Q2 B0 R4,left,PASS
4651-right,Q2 B0 R4,right,PASS
4652-left,Q2 B0 Q5,left,PASS
4652-right,Q2 B0 Q5,right,PASS
4653-left,Q2 B0 B5,left,PASS
4653-right,Q2 B0 B5,right,PASS
4654-left,Q2 B0 L5,left,PASS
4655-left,Q2 B0 R5,left,PASS
4655-right,Q2 B0 R5,right,PASS
4656-left,Q2 L0 Q0,left,PASS
4657-left,Q2 L0 B0,left,PASS
4658-left,Q2 L0 L0,left,PASS
4659-left,Q2 L0 R0,left,PASS
4659-right,Q2 L0 R0,right,PASS
4660-left,Q2 L0 Q1,left,PASS
4661-left,Q2 L0 B1,left,PASS
4662-left,Q2 L0 L1,left,PASS
4663-left,Q2 L0 R1,left,PASS
4664-left,Q2 L0 Q2,left,PASS
4664-right,Q2 L0 Q2,right,PASS
4665-left,Q2 L0 B2,left,PASS
4665-right,Q2 L0 B2,right,PASS
4666-left,Q2 L0 L2,left,PASS
4667-left,Q2 L0 R2,left,PASS
4667-right,Q2 L0 R2,right,PASS
4668-left,Q2 L0 Q3,left,PASS
4668-right,Q2 L0 Q3,right,PASS
4669-left,Q2 L0 B3,left,PASS
4669-right,Q2 L0 B3,right,PASS
4670-left,Q2 L0 L3,left,PASS
4671-left,Q2 L0 R3,left,PASS
4671-right,Q2 L0 R3,right,PASS
4672-left,Q2 L0 Q4,left,PASS
4672-right,Q2 L0 Q4,right,PASS
4673-left,Q2 L0 B4,left,PASS
4673-right,Q2 L0 B4,right,PASS
4674-left,Q2 L0 L4,left,PASS
4675-left,Q2 L0 R4,left,PASS
4675-right,Q2 L0 R4,right,PASS
4676-left,Q2 L0 Q5,left,PASS
4676-right,Q2 L0 Q5,right,PASS
4677-left,Q2 L0 B5,left,PASS
4677-right,Q2 L0 B5,right,PASS
4678-left,Q2 L0 L5,left,PASS
4679-left,Q2 L0 R5,left,PASS
4679-right,Q2 L0 R5,right,PASS
4680-left,Q2 R0 Q0,left,PASS
4681-left,Q2 R0 B0,left,PASS
4682-left,Q2 R0 L0,left,PASS
4682-right,Q2 R0 L0,right,PASS
4683-left,Q2 R0 R0,left,PASS
4683-right,Q2 R0 R0,right,PASS
4684-left,Q2 R0 Q1,left,PASS
4684-right,Q2 R0 Q1,right,PASS
4685-left,Q2 R0 B1,left,PASS
4685-right,Q2 R0 B1,right,PASS
4686-left,Q2 R0 L1,left,PASS
4686-right,Q2 R0 L1,right,PASS
4687-left,Q2 R0 R1,left,PASS
4687-right,Q2 R0 R1,right,PASS
4688-left,Q2 R0 Q2,left,PASS
4688-right,Q2 R0 Q2,right,PASS
4689-left,Q2 R0 B2,left,PASS
4689-right,Q2 R0 B2,right,PASS
4690-left,Q2 R0 L2,left,PASS
4690-right,Q2 R0 L2,right,PASS
4691-left,Q2 R0 R2,left,PASS
4691-right,Q2 R0 R2,right,PASS
4692-left,Q2 R0 Q3,left,PASS
4692-right,Q2 R0 Q3,right,PASS
4693-left,Q2 R0 B3,left,PASS
4693-right,Q2 R0 B3,right,PASS
4694-left,Q2 R0 L3,left,PASS
4694-right,Q2 R0 L3,right,PASS
4695-left,Q2 R0 R3,left,PASS
4695-right,Q2 R0 R3,right,PASS
4696-left,Q2 R0 Q4,left,PASS
4696-right,Q2 R0 Q4,right,PASS
4697-left,Q2 R0 B4,left,PASS
4697-right,Q2 R0 B4,right,PASS
4698-left,Q2 R0 L4,left,PASS
4698-right,Q2 R0 L4,right,PASS
4699-left,Q2 R0 R4,left,PASS
4699-right,Q2 R0 R4,right,PASS
4700-left,Q2 R0 Q5,left,PASS
4700-right,Q2 R0 Q5,right,PASS
4701-left,Q2 R0 B5,left,PASS
4701-right,Q2 R0 B5,right,PASS
4702-left,Q2 R0 L5,left,PASS
4703-left,Q2 R0 R5,left,PASS
4703-right,Q2 R0 R5,right,PASS
4704-left,Q2 Q1 Q0,left,PASS
4704-right,Q2 Q1 Q0,right,PASS
4705-left,Q2 Q1 B0,left,PASS
4705-right,Q2 Q1 B0,right,PASS
4706-left,Q2 Q1 L0,left,PASS
4707-left,Q2 Q1 R0,left,PASS
4707-right,Q2 Q1 R0,right,PASS
4708-left,Q2 Q1 Q1,left,PASS
4709-left,Q2 Q1 B1,left,PASS
4710-left,Q2 Q1 L1,left,PASS
4711-left,Q2 Q1 R1,left,PASS
4712-left,Q2 Q1 Q2,left,PASS
4712-right,Q2 Q1 Q2,right,PASS
4713-left,Q2 Q1 B2,left,PASS
4713-right,Q2 Q1 B2,right,PASS
4714-left,Q2 Q1 L2,left,PASS
4714-right,Q2 Q1 L2,right,PASS
4715-left,Q2 Q1 R2,left,PASS
4715-right,Q2 Q1 R2,right,PASS
4716-left,Q2 Q1 Q3,left,PASS
4716-right,Q2 Q1 Q3,right,PASS
4717-left,Q2 Q1 B3,left,PASS
4717-right,Q2 Q1 B3,right,PASS
4718-left,Q2 Q1 L3,left,PASS
4718-right,Q2 Q1 L3,right,PASS
4719-left,Q2 Q1 R3,left,PASS
4719-right,Q2 Q1 R3,right,PASS
4720-left,Q2 Q1 Q4,left,PASS
4720-right,Q2 Q1 Q4,right,PASS
4721-left,Q2 Q1 B4,left,PASS
4721-right,Q2 Q1 B4,right,PASS
4722-left,Q2 Q1 L4,left,PASS
4722-right,Q2 Q1 L4,right,PASS
4723-left,Q2 Q1 R4,left,PASS
4723-right,Q2 Q1 R4,right,PASS
4724-left,Q2 Q1 Q5,left,PASS
4724-right,Q2 Q1 Q5,right,PASS
4725-left,Q2 Q1 B5,left,PASS
4725-right,Q2 Q1 B5,right,PASS
4726-left,Q2 Q1 L5,left,PASS
4726-right,Q2 Q1 L5,right,PASS
4727-left,Q2 Q1 R5,left,PASS
4727-right,Q2 Q1 R5,right,PASS
4728-left,Q2 B1 Q0,left,PASS
4728-right,Q2 B1 Q0,right,PASS
4729-left,Q2 B1 B0,left,PASS
4729-right,Q2 B1 B0,right,PASS
4730-left,Q2 B1 L0,left,PASS
4731-left,Q2 B1 R0,left,PASS
4731-right,Q2 B1 R0,right,PASS
4732-left,Q2 B1 Q1,left,PASS
4733-left,Q2 B1 B1,left,PASS
4734-left,Q2 B1 L1,left,PASS
4735-left,Q2 B1 R1,left,PASS
4736-left,Q2 B1 Q2,left,PASS
4736-right,Q2 B1 Q2,right,PASS
4737-left,Q2 B1 B2,left,PASS
4737-right,Q2 B1 B2,right,PASS
4738-left,Q2 B1 L2,left,PASS
4738-right,Q2 B1 L2,right,PASS
4739-left,Q2 B1 R2,left,PASS
4739-right,Q2 B1 R2,right,PASS
4740-left,Q2 B1 Q3,left,PASS
4740-right,Q2 B1 Q3,right,PASS
4741-left,Q2 B1 B3,left,PASS
4741-right,Q2 B1 B3,right,PASS
4742-left,Q2 B1 L3,left,PASS
4742-right,Q2 B1 L3,right,PASS
4743-left,Q2 B1 R3,left,PASS
4743-right,Q2 B1 R3,right,PASS
4744-left,Q2 B1 Q4,left,PASS
4744-right,Q2 B1 Q4,right,PASS
4745-left,Q2 B1 B4,left,PASS
4745-right,Q2 B1 B4,right,PASS
4746-left,Q2 B1 L4,left,PASS
4746-right,Q2 B1 L4,right,PASS
4747-left,Q2 B1 R4,left,PASS
4747-right,Q2 B1 R4,right,PASS
4748-left,Q2 B1 Q5,left,PASS
4748-right,Q2 B1 Q5,right,PASS
4749-left,Q2 B1 B5,left,PASS
4749-right,Q2 B1 B5,right,PASS
4750-left,Q2 B1 L5,left,PASS
4750-right,Q2 B1 L5,right,PASS
4751-left,Q2 B1 R5,left,PASS
4751-right,Q2 B1 R5,right,PASS
4752-right,Q2 L1 Q0,right,PASS
4753-right,Q2 L1 B0,right,PASS
4755-right,Q2 L1 R0,right,PASS
4759-right,Q2 L1 R1,right,PASS
4764-right,Q2 L1 Q3,right,PASS
4765-right,Q2 L1 B3,right,PASS
4767-right,Q2 L1 R3,right,PASS
4768-right,Q2 L1 Q4,right,PASS
4769-right,Q2 L1 B4,right,PASS
4771-right,Q2 L1 R4,right,PASS
4772-right,Q2 L1 Q5,right,PASS
4773-right,Q2 L1 B5,right,PASS
4775-right,Q2 L1 R5,right,PASS
4776-left,Q2 R1 Q0,left,PASS
4776-right,Q2 R1 Q0,right,PASS
4777-left,Q2 R1 B0,left,PASS
4777-right,Q2 R1 B0,right,PASS
4778-left,Q2 R1 L0,left,PASS
4779-left,Q2 R1 R0,left,PASS
4779-right,Q2 R1 R0,right,PASS
4780-left,Q2 R1 Q1,left,PASS
4781-left,Q2 R1 B1,left,PASS
4782-left,Q2 R1 L1,left,PASS
4782-right,Q2 R1 L1,right,PASS
4783-left,Q2 R1 R1,left,PASS
4783-right,Q2 R1 R1,right,PASS
4784-left,Q2 R1 Q2,left,PASS
4784-right,Q2 R1 Q2,right,PASS
4785-left,Q2 R1 B2,left,PASS
4785-right,Q2 R1 B2,right,PASS
4786-left,Q2 R1 L2,left,PASS
4786-right,Q2 R1 L2,right,PASS
4787-left,Q2 R1 R2,left,PASS
4787-right,Q2 R1 R2,right,PASS
4788-left,Q2 R1 Q3,left,PASS
4788-right,Q2 R1 Q3,right,PASS
4789-left,Q2 R1 B3,left,PASS
4789-right,Q2 R1 B3,right,PASS
4790-left,Q2 R1 L3,left,PASS
4790-right,Q2 R1 L3,right,PASS
4791-left,Q2 R1 R3,left,PASS
4791-right,Q2 R1 R3,right,PASS
4792-left,Q2 R1 Q4,left,PASS
4792-right,Q2 R1 Q4,right,PASS
4793-left,Q2 R1 B4,left,PASS
4793-right,Q2 R1 B4,right,PASS
4794-left,Q2 R1 L4,left,PASS
4794-right,Q2 R1 L4,right,PASS
4795-left,Q2 R1 R4,left,PASS
4795-right,Q2 R1 R4,right,PASS
4796-left,Q2 R1 Q5,left,PASS
4796-right,Q2 R1 Q5,right,PASS
4797-left,Q2 R1 B5,left,PASS
4797-right,Q2 R1 B5,right,PASS
4798-left,Q2 R1 L5,left,PASS
4798-right,Q2 R1 L5,right,PASS
4799-left,Q2 R1 R5,left,PASS
4799-right,Q2 R1 R5,right,PASS
4800-right,Q2 Q2 Q0,right,PASS
4801-right,Q2 Q2 B0,right,PASS
4802-right,Q2 Q2 L0,right,PASS
4803-right,Q2 Q2 R0,right,PASS
4804-right,Q2 Q2 Q1,right,PASS
4805-right,Q2 Q2 B1,right,PASS
4807-right,Q2 Q2 R1,right,PASS
4812-right,Q2 Q2 Q3,right,PASS
4813-right,Q2 Q2 B3,right,PASS
4814-right,Q2 Q2 L3,right,PASS
4815-right,Q2 Q2 R3,right,PASS
4816-right,Q2 Q2 Q4,right,PASS
4817-right,Q2 Q2 B4,right,PASS
4818-right,Q2 Q2 L4,right,PASS
4819-right,Q2 Q2 R4,right,PASS
4820-right,Q2 Q2 Q5,right,PASS
4821-right,Q2 Q2 B5,right,PASS
4822-right,Q2 Q2 L5,right,PASS
4823-right,Q2 Q2 R5,right,PASS
4824-right,Q2 B2 Q0,right,PASS
4825-right,Q2 B2 B0,right,PASS
4826-right,Q2 B2 L0,right,PASS
4827-right,Q2 B2 R0,right,PASS
4828-right,Q2 B2 Q1,right,PASS
4829-right,Q2 B2 B1,right,PASS
4831-right,Q2 B2 R1,right,PASS
4836-right,Q2 B2 Q3,right,PASS
4837-right,Q2 B2 B3,right,PASS
4838-right,Q2 B2 L3,right,PASS
4839-right,Q2 B2 R3,right,PASS
4840-right,Q2 B2 Q4,right,PASS
4841-right,Q2 B2 B4,right,PASS
4842-right,Q2 B2 L4,right,PASS
4843-right,Q2 B2 R4,right,PASS
4844-right,Q2 B2 Q5,right,PASS
4845-right,Q2 B2 B5,right,PASS
4846-right,Q2 B2 L5,right,PASS
4847-right,Q2 B2 R5,right,PASS
4848-right,Q2 L2 Q0,right,PASS
4849-right,Q2 L2 B0,right,PASS
4851-right,Q2 L2 R0,right,PASS
4852-right,Q2 L2 Q1,right,PASS
4853-right,Q2 L2 B1,right,PASS
4855-right,Q2 L2 R1,right,PASS
4859-right,Q2 L2 R2,right,PASS
4864-right,Q2 L2 Q4,right,PASS
4865-right,Q2 L2 B4,right,PASS
4867-right,Q2 L2 R4,right,PASS
4868-right,Q2 L2 Q5,right,PASS
4869-right,Q2 L2 B5,right,PASS
4871-right,Q2 L2 R5,right,PASS
4872-right,Q2 R2 Q0,right,PASS
4873-right,Q2 R2 B0,right,PASS
4874-right,Q2 R2 L0,right,PASS
4875-right,Q2 R2 R0,right,PASS
4876-right,Q2 R2 Q1,right,PASS
4877-right,Q2 R2 B1,right,PASS
4879-right,Q2 R2 R1,right,PASS
4882-right,Q2 R2 L2,right,PASS
4883-right,Q2 R2 R2,right,PASS
4884-right,Q2 R2 Q3,right,PASS
4885-right,Q2 R2 B3,right,PASS
4886-right,Q2 R2 L3,right,PASS
4887-right,Q2 R2 R3,right,PASS
4888-right,Q2 R2 Q4,right,PASS
4889-right,Q2 R2 B4,right,PASS
4890-right,Q2 R2 L4,right,PASS
4891-right,Q2 R2 R4,right,PASS
4892-right,Q2 R2 Q5,right,PASS
4893-right,Q2 R2 B5,right,PASS
4894-right,Q2 R2 L5,right,PASS
4895-right,Q2 R2 R5,right,PASS
4896-left,Q2 Q3 Q0,left,PASS
4896-right,Q2 Q3 Q0,right,PASS
4897-left,Q2 Q3 B0,left,PASS
4897-right,Q2 Q3 B0,right,PASS
4898-left,Q2 Q3 L0,left,PASS
4898-right,Q2 Q3 L0,right,PASS
4899-left,Q2 Q3 R0,left,PASS
4899-right,Q2 Q3 R0,right,PASS
4900-left,Q2 Q3 Q1,left,PASS
4900-right,Q2 Q3 Q1,right,PASS
4901-left,Q2 Q3 B1,left,PASS
4901-right,Q2 Q3 B1,right,PASS
4902-left,Q2 Q3 L1,left,PASS
4902-right,Q2 Q3 L1,right,PASS
4903-left,Q2 Q3 R1,left,PASS
4903-right,Q2 Q3 R1,right,PASS
4904-left,Q2 Q3 Q2,left,PASS
4904-right,Q2 Q3 Q2,right,PASS
4905-left,Q2 Q3 B2,left,PASS
4905-right,Q2 Q3 B2,right,PASS
4906-left,Q2 Q3 L2,left,PASS
4907-left,Q2 Q3 R2,left,PASS
4907-right,Q2 Q3 R2,right,PASS
4908-left,Q2 Q3 Q3,left,PASS
4909-left,Q2 Q3 B3,left,PASS
4910-left,Q2 Q3 L3,left,PASS
4911-left,Q2 Q3 R3,left,PASS
4912-left,Q2 Q3 Q4,left,PASS
4912-right,Q2 Q3 Q4,right,PASS
4913-left,Q2 Q3 B4,left,PASS
4913-right,Q2 Q3 B4,right,PASS
4914-left,Q2 Q3 L4,left,PASS
4914-right,Q2 Q3 L4,right,PASS
4915-left,Q2 Q3 R4,left,PASS
4915-right,Q2 Q3 R4,right,PASS
4916-left,Q2 Q3 Q5,left,PASS
4916-right,Q2 Q3 Q5,right,PASS
4917-left,Q2 Q3 B5,left,PASS
4917-right,Q2 Q3 B5,right,PASS
4918-left,Q2 Q3 L5,left,PASS
4918-right,Q2 Q3 L5,right,PASS
4919-left,Q2 Q3 R5,left,PASS
4919-right,Q2 Q3 R5,right,PASS
4920-left,Q2 B3 Q0,left,PASS
4920-right,Q2 B3 Q0,right,PASS
4921-left,Q2 B3 B0,left,PASS
4921-right,Q2 B3 B0,right,PASS
4922-left,Q2 B3 L0,left,PASS
4922-right,Q2 B3 L0,right,PASS
4923-left,Q2 B3 R0,left,PASS
4923-right,Q2 B3 R0,right,PASS
4924-left,Q2 B3 Q1,left,PASS
4924-right,Q2 B3 Q1,right,PASS
4925-left,Q2 B3 B1,left,PASS
4925-right,Q2 B3 B1,right,PASS
4926-left,Q2 B3 L1,left,PASS
4926-right,Q2 B3 L1,right,PASS
4927-left,Q2 B3 R1,left,PASS
4927-right,Q2 B3 R1,right,PASS
4928-left,Q2 B3 Q2,left,PASS
4928-right,Q2 B3 Q2,right,PASS
4929-left,Q2 B3 B2,left,PASS
4929-right,Q2 B3 B2,right,PASS
4930-left,Q2 B3 L2,left,PASS
4931-left,Q2 B3 R2,left,PASS
4931-right,Q2 B3 R2,right,PASS
4932-left,Q2 B3 Q3,left,PASS
4933-left,Q2 B3 B3,left,PASS
4934-left,Q2 B3 L3,left,PASS
4935-left,Q2 B3 R3,left,PASS
4936-left,Q2 B3 Q4,left,PASS
4936-right,Q2 B3 Q4,right,PASS
4937-left,Q2 B3 B4,left,PASS
4937-right,Q2 B3 B4,right,PASS
4938-left,Q2 B3 L4,left,PASS
4938-right,Q2 B3 L4,right,PASS
4939-left,Q2 B3 R4,left,PASS
4939-right,Q2 B3 R4,right,PASS
4940-left,Q2 B3 Q5,left,PASS
4940-right,Q2 B3 Q5,right,PASS
4941-left,Q2 B3 B5,left,PASS
4941-right,Q2 B3 B5,right,PASS
4942-left,Q2 B3 L5,left,PASS
4942-right,Q2 B3 L5,right,PASS
4943-left,Q2 B3 R5,left,PASS
4943-right,Q2 B3 R5,right,PASS
4944-left,Q2 L3 Q0,left,PASS
4944-right,Q2 L3 Q0,right,PASS
4945-left,Q2 L3 B0,left,PASS
4945-right,Q2 L3 B0,right,PASS
4946-left,Q2 L3 L0,left,PASS
4947-left,Q2 L3 R0,left,PASS
4947-right,Q2 L3 R0,right,PASS
4948-left,Q2 L3 Q1,left,PASS
4948-right,Q2 L3 Q1,right,PASS
4949-left,Q2 L3 B1,left,PASS
4949-right,Q2 L3 B1,right,PASS
4950-left,Q2 L3 L1,left,PASS
4951-left,Q2 L3 R1,left,PASS
4951-right,Q2 L3 R1,right,PASS
4952-left,Q2 L3 Q2,left,PASS
4952-right,Q2 L3 Q2,right,PASS
4953-left,Q2 L3 B2,left,PASS
4953-right,Q2 L3 B2,right,PASS
4954-left,Q2 L3 L2,left,PASS
4955-left,Q2 L3 R2,left,PASS
4955-right,Q2 L3 R2,right,PASS
4956-left,Q2 L3 Q3,left,PASS
4957-left,Q2 L3 B3,left,PASS
4958-left,Q2 L3 L3,left,PASS
4959-left,Q2 L3 R3,left,PASS
4959-right,Q2 L3 R3,right,PASS
4960-left,Q2 L3 Q4,left,PASS
4961-left,Q2 L3 B4,left,PASS
4962-left,Q2 L3 L4,left,PASS
4963-left,Q2 L3 R4,left,PASS
4964-left,Q2 L3 Q5,left,PASS
4964-right,Q2 L3 Q5,right,PASS
4965-left,Q2 L3 B5,left,PASS
4965-right,Q2 L3 B5,right,PASS
4966-left,Q2 L3 L5,left,PASS
4967-left,Q2 L3 R5,left,PASS
4967-right,Q2 L3 R5,right,PASS
4968-left,Q2 R3 Q0,left,PASS
4968-right,Q2 R3 Q0,right,PASS
4969-left,Q2 R3 B0,left,PASS
4969-right,Q2 R3 B0,right,PASS
4970-left,Q2 R3 L0,left,PASS
4970-right,Q2 R3 L0,right,PASS
4971-left,Q2 R3 R0,left,PASS
4971-right,Q2 R3 R0,right,PASS
4972-left,Q2 R3 Q1,left,PASS
4972-right,Q2 R3 Q1,right,PASS
4973-left,Q2 R3 B1,left,PASS
4973-right,Q2 R3 B1,right,PASS
4974-left,Q2 R3 L1,left,PASS
4974-right,Q2 R3 L1,right,PASS
4975-left,Q2 R3 R1,left,PASS
4975-right,Q2 R3 R1,right,PASS
4976-left,Q2 R3 Q2,left,PASS
4976-right,Q2 R3 Q2,right,PASS
4977-left,Q2 R3 B2,left,PASS
4977-right,Q2 R3 B2,right,PASS
4978-left,Q2 R3 L2,left,PASS
4979-left,Q2 R3 R2,left,PASS
4979-right,Q2 R3 R2,right,PASS
4980-left,Q2 R3 Q3,left,PASS
4981-left,Q2 R3 B3,left,PASS
4982-left,Q2 R3 L3,left,PASS
4982-right,Q2 R3 L3,right,PASS
4983-left,Q2 R3 R3,left,PASS
4983-right,Q2 R3 R3,right,PASS
4984-left,Q2 R3 Q4,left,PASS
4984-right,Q2 R3 Q4,right,PASS
4985-left,Q2 R3 B4,left,PASS
4985-right,Q2 R3 B4,right,PASS
4986-left,Q2 R3 L4,left,PASS
4986-right,Q2 R3 L4,right,PASS
4987-left,Q2 R3 R4,left,PASS
4987-right,Q2 R3 R4,right,PASS
4988-left,Q2 R3 Q5,left,PASS
4988-right,Q2 R3 Q5,right,PASS
4989-left,Q2 R3 B5,left,PASS
4989-right,Q2 R3 B5,right,PASS
4990-left,Q2 R3 L5,left,PASS
4990-right,Q2 R3 L5,right,PASS
4991-left,Q2 R3 R5,left,PASS
4991-right,Q2 R3 R5,right,PASS
4992-left,Q2 Q4 Q0,left,PASS
4992-right,Q2 Q4 Q0,right,PASS
4993-left,Q2 Q4 B0,left,PASS
4993-right,Q2 Q4 B0,right,PASS
4994-left,Q2 Q4 L0,left,PASS
4994-right,Q2 Q4 L0,right,PASS
4995-left,Q2 Q4 R0,left,PASS
4995-right,Q2 Q4 R0,right,PASS
4996-left,Q2 Q4 Q1,left,PASS
4996-right,Q2 Q4 Q1,right,PASS
4997-left,Q2 Q4 B1,left,PASS
4997-right,Q2 Q4 B1,right,PASS
4998-left,Q2 Q4 L1,left,PASS
4998-right,Q2 Q4 L1,right,PASS
4999-left,Q2 Q4 R1,left,PASS
4999-right,Q2 Q4 R1,right,PASS
5000-left,Q2 Q4 Q2,left,PASS
5000-right,Q2 Q4 Q2,right,PASS
5001-left,Q2 Q4 B2,left,PASS
5001-right,Q2 Q4 B2,right,PASS
5002-left,Q2 Q4 L2,left,PASS
5002-right,Q2 Q4 L2,right,PASS
5003-left,Q2 Q4 R2,left,PASS
5003-right,Q2 Q4 R2,right,PASS
5004-left,Q2 Q4 Q3,left,PASS
5004-right,Q2 Q4 Q3,right,PASS
5005-left,Q2 Q4 B3,left,PASS
5005-right,Q2 Q4 B3,right,PASS
5006-left,Q2 Q4 L3,left,PASS
5007-left,Q2 Q4 R3,left,PASS
5007-right,Q2 Q4 R3,right,PASS
5008-left,Q2 Q4 Q4,left,PASS
5009-left,Q2 Q4 B4,left,PASS
5010-left,Q2 Q4 L4,left,PASS
5011-left,Q2 Q4 R4,left,PASS
5012-left,Q2 Q4 Q5,left,PASS
5012-right,Q2 Q4 Q5,right,PASS
5013-left,Q2 Q4 B5,left,PASS
5013-right,Q2 Q4 B5,right,PASS
5014-left,Q2 Q4 L5,left,PASS
5014-right,Q2 Q4 L5,right,PASS
5015-left,Q2 Q4 R5,left,PASS
5015-right,Q2 Q4 R5,right,PASS
5016-left,Q2 B4 Q0,left,PASS
5016-right,Q2 B4 Q0,right,PASS
5017-left,Q2 B4 B0,left,PASS
5017-right,Q2 B4 B0,right,PASS
5018-left,Q2 B4 L0,left,PASS
5018-right,Q2 B4 L0,right,PASS
5019-left,Q2 B4 R0,left,PASS
5019-right,Q2 B4 R0,right,PASS
5020-left,Q2 B4 Q1,left,PASS
5020-right,Q2 B4 Q1,right,PASS
5021-left,Q2 B4 B1,left,PASS
5021-right,Q2 B4 B1,right,PASS
5022-left,Q2 B4 L1,left,PASS
5022-right,Q2 B4 L1,right,PASS
5023-left,Q2 B4 R1,left,PASS
5023-right,Q2 B4 R1,right,PASS
5024-left,Q2 B4 Q2,left,PASS
5024-right,Q2 B4 Q2,right,PASS
5025-left,Q2 B4 B2,left,PASS
5025-right,Q2 B4 B2,right,PASS
5026-left,Q2 B4 L2,left,PASS
5026-right,Q2 B4 L2,right,PASS
5027-left,Q2 B4 R2,left,PASS
5027-right,Q2 B4 R2,right,PASS
5028-left,Q2 B4 Q3,left,PASS
5028-right,Q2 B4 Q3,right,PASS
5029-left,Q2 B4 B3,left,PASS
5029-right,Q2 B4 B3,right,PASS
5030-left,Q2 B4 L3,left,PASS
5031-left,Q2 B4 R3,left,PASS
5031-right,Q2 B4 R3,right,PASS
5032-left,Q2 B4 Q4,left,PASS
5033-left,Q2 B4 B4,left,PASS
5034-left,Q2 B4 L4,left,PASS
5035-left,Q2 B4 R4,left,PASS
5036-left,Q2 B4 Q5,left,PASS
5036-right,Q2 B4 Q5,right,PASS
5037-left,Q2 B4 B5,left,PASS
5037-right,Q2 B4 B5,right,PASS
5038-left,Q2 B4 L5,left,PASS
5038-right,Q2 B4 L5,right,PASS
5039-left,Q2 B4 R5,left,PASS
5039-right,Q2 B4 R5,right,PASS
5040-left,Q2 L4 Q0,left,PASS
5040-right,Q2 L4 Q0,right,PASS
5041-left,Q2 L4 B0,left,PASS
5041-right,Q2 L4 B0,right,PASS
5042-left,Q2 L4 L0,left,PASS
5043-left,Q2 L4 R0,left,PASS
5043-right,Q2 L4 R0,right,PASS
5044-left,Q2 L4 Q1,left,PASS
5044-right,Q2 L4 Q1,right,PASS
5045-left,Q2 L4 B1,left,PASS
5045-right,Q2 L4 B1,right,PASS
5046-left,Q2 L4 L1,left,PASS
5047-left,Q2 L4 R1,left,PASS
5047-right,Q2 L4 R1,right,PASS
5048-left,Q2 L4 Q2,left,PASS
5048-right,Q2 L4 Q2,right,PASS
5049-left,Q2 L4 B2,left,PASS
5049-right,Q2 L4 B2,right,PASS
5050-left,Q2 L4 L2,left,PASS
5051-left,Q2 L4 R2,left,PASS
5051-right,Q2 L4 R2,right,PASS
5052-left,Q2 L4 Q3,left,PASS
5052-right,Q2 L4 Q3,right,PASS
5053-left,Q2 L4 B3,left,PASS
5053-right,Q2 L4 B3,right,PASS
5054-left,Q2 L4 L3,left,PASS
5055-left,Q2 L4 R3,left,PASS
5055-right,Q2 L4 R3,right,PASS
5056-left,Q2 L4 Q4,left,PASS
5057-left,Q2 L4 B4,left,PASS
5058-left,Q2 L4 L4,left,PASS
5059-left,Q2 L4 R4,left,PASS
5059-right,Q2 L4 R4,right,PASS
5060-left,Q2 L4 Q5,left,PASS
5061-left,Q2 L4 B5,left,PASS
5062-left,Q2 L4 L5,left,PASS
5063-left,Q2 L4 R5,left,PASS
5064-left,Q2 R4 Q0,left,PASS
5064-right,Q2 R4 Q0,right,PASS
5065-left,Q2 R4 B0,left,PASS
5065-right,Q2 R4 B0,right,PASS
5066-left,Q2 R4 L0,left,PASS
5066-right,Q2 R4 L0,right,PASS
5067-left,Q2 R4 R0,left,PASS
5067-right,Q2 R4 R0,right,PASS
5068-left,Q2 R4 Q1,left,PASS
5068-right,Q2 R4 Q1,right,PASS
5069-left,Q2 R4 B1,left,PASS
5069-right,Q2 R4 B1,right,PASS
5070-left,Q2 R4 L1,left,PASS
5070-right,Q2 R4 L1,right,PASS
5071-left,Q2 R4 R1,left,PASS
5071-right,Q2 R4 R1,right,PASS
5072-left,Q2 R4 Q2,left,PASS
5072-right,Q2 R4 Q2,right,PASS
5073-left,Q2 R4 B2,left,PASS
5073-right,Q2 R4 B2,right,PASS
5074-left,Q2 R4 L2,left,PASS
5074-right,Q2 R4 L2,right,PASS
5075-left,Q2 R4 R2,left,PASS
5075-right,Q2 R4 R2,right,PASS
5076-left,Q2 R4 Q3,left,PASS
5076-right,Q2 R4 Q3,right,PASS
5077-left,Q2 R4 B3,left,PASS
5077-right,Q2 R4 B3,right,PASS
5078-left,Q2 R4 L3,left,PASS
5079-left,Q2 R4 R3,left,PASS
5079-right,Q2 R4 R3,right,PASS
5080-left,Q2 R4 Q4,left,PASS
5081-left,Q2 R4 B4,left,PASS
5082-left,Q2 R4 L4,left,PASS
5082-right,Q2 R4 L4,right,PASS
5083-left,Q2 R4 R4,left,PASS
5083-right,Q2 R4 R4,right,PASS
5084-left,Q2 R4 Q5,left,PASS
5084-right,Q2 R4 Q5,right,PASS
5085-left,Q2 R4 B5,left,PASS
5085-right,Q2 R4 B5,right,PASS
5086-left,Q2 R4 L5,left,PASS
5086-right,Q2 R4 L5,right,PASS
5087-left,Q2 R4 R5,left,PASS
5087-right,Q2 R4 R5,right,PASS
5088-left,Q2 Q5 Q0,left,PASS
5088-right,Q2 Q5 Q0,right,PASS
5089-left,Q2 Q5 B0,left,PASS
5089-right,Q2 Q5 B0,right,PASS
5090-left,Q2 Q5 L0,left,PASS
5090-right,Q2 Q5 L0,right,PASS
5091-left,Q2 Q5 R0,left,PASS
5091-right,Q2 Q5 R0,right,PASS
5092-left,Q2 Q5 Q1,left,PASS
5092-right,Q2 Q5 Q1,right,PASS
5093-left,Q2 Q5 B1,left,PASS
5093-right,Q2 Q5 B1,right,PASS
5094-left,Q2 Q5 L1,left,PASS
5094-right,Q2 Q5 L1,right,PASS
5095-left,Q2 Q5 R1,left,PASS
5095-right,Q2 Q5 R1,right,PASS
5096-left,Q2 Q5 Q2,left,PASS
5096-right,Q2 Q5 Q2,right,PASS
5097-left,Q2 Q5 B2,left,PASS
5097-right,Q2 Q5 B2,right,PASS
5098-left,Q2 Q5 L2,left,PASS
5098-right,Q2 Q5 L2,right,PASS
5099-left,Q2 Q5 R2,left,PASS
5099-right,Q2 Q5 R2,right,PASS
5100-left,Q2 Q5 Q3,left,PASS
5100-right,Q2 Q5 Q3,right,PASS
5101-left,Q2 Q5 B3,left,PASS
5101-right,Q2 Q5 B3,right,PASS
5102-left,Q2 Q5 L3,left,PASS
5102-right,Q2 Q5 L3,right,PASS
5103-left,Q2 Q5 R3,left,PASS
5103-right,Q2 Q5 R3,right,PASS
5104-left,Q2 Q5 Q4,left,PASS
5104-right,Q2 Q5 Q4,right,PASS
5105-left,Q2 Q5 B4,left,PASS
5105-right,Q2 Q5 B4,right,PASS
5106-left,Q2 Q5 L4,left,PASS
5107-left,Q2 Q5 R4,left,PASS
5107-right,Q2 Q5 R4,right,PASS
5108-left,Q2 Q5 Q5,left,PASS
5109-left,Q2 Q5 B5,left,PASS
5110-left,Q2 Q5 L5,left,PASS
5111-left,Q2 Q5 R5,left,PASS
5112-left,Q2 B5 Q0,left,PASS
5112-right,Q2 B5 Q0,right,PASS
5113-left,Q2 B5 B0,left,PASS
5113-right,Q2 B5 B0,right,PASS
5114-left,Q2 B5 L0,left,PASS
5114-right,Q2 B5 L0,right,PASS
5115-left,Q2 B5 R0,left,PASS
5115-right,Q2 B5 R0,right,PASS
5116-left,Q2 B5 Q1,left,PASS
5116-right,Q2 B5 Q1,right,PASS
5117-left,Q2 B5 B1,left,PASS
5117-right,Q2 B5 B1,right,PASS
5118-left,Q2 B5 L1,left,PASS
5118-right,Q2 B5 L1,right,PASS
5119-left,Q2 B5 R1,left,PASS
5119-right,Q2 B5 R1,right,PASS
5120-left,Q2 B5 Q2,left,PASS
5120-right,Q2 B5 Q2,right,PASS
5121-left,Q2 B5 B2,left,PASS
5121-right,Q2 B5 B2,right,PASS
5122-left,Q2 B5 L2,left,PASS
5122-right,Q2 B5 L2,right,PASS
5123-left,Q2 B5 R2,left,PASS
5123-right,Q2 B5 R2,right,PASS
5124-left,Q2 B5 Q3,left,PASS
5124-right,Q2 B5 Q3,right,PASS
5125-left,Q2 B5 B3,left,PASS
5125-right,Q2 B5 B3,right,PASS
5126-left,Q2 B5 L3,left,PASS
5126-right,Q2 B5 L3,right,PASS
5127-left,Q2 B5 R3,left,PASS
5127-right,Q2 B5 R3,right,PASS
5128-left,Q2 B5 Q4,left,PASS
5128-right,Q2 B5 Q4,right,PASS
5129-left,Q2 B5 B4,left,PASS
5129-right,Q2 B5 B4,right,PASS
5130-left,Q2 B5 L4,left,PASS
5131-left,Q2 B5 R4,left,PASS
5131-right,Q2 B5 R4,right,PASS
5132-left,Q2 B5 Q5,left,PASS
5133-left,Q2 B5 B5,left,PASS
5134-left,Q2 B5 L5,left,PASS
5135-left,Q2 B5 R5,left,PASS
5136-left,Q2 L5 Q0,left,PASS
5137-left,Q2 L5 B0,left,PASS
5138-left,Q2 L5 L0,left,PASS
5139-left,Q2 L5 R0,left,PASS
5140-left,Q2 L5 Q1,left,PASS
5140-right,Q2 L5 Q1,right,PASS
5141-left,Q2 L5 B1,left,PASS
5141-right,Q2 L5 B1,right,PASS
5142-left,Q2 L5 L1,left,PASS
5143-left,Q2 L5 R1,left,PASS
5143-right,Q2 L5 R1,right,PASS
5144-left,Q2 L5 Q2,left,PASS
5144-right,Q2 L5 Q2,right,PASS
5145-left,Q2 L5 B2,left,PASS
5145-right,Q2 L5 B2,right,PASS
5146-left,Q2 L5 L2,left,PASS
5147-left,Q2 L5 R2,left,PASS
5147-right,Q2 L5 R2,right,PASS
5148-left,Q2 L5 Q3,left,PASS
5148-right,Q2 L5 Q3,right,PASS
5149-left,Q2 L5 B3,left,PASS
5149-right,Q2 L5 B3,right,PASS
5150-left,Q2 L5 L3,left,PASS
5151-left,Q2 L5 R3,left,PASS
5151-right,Q2 L5 R3,right,PASS
5152-left,Q2 L5 Q4,left,PASS
5152-right,Q2 L5 Q4,right,PASS
5153-left,Q2 L5 B4,left,PASS
5153-right,Q2 L5 B4,right,PASS
5154-left,Q2 L5 L4,left,PASS
5155-left,Q2 L5 R4,left,PASS
5155-right,Q2 L5 R4,right,PASS
5156-left,Q2 L5 Q5,left,PASS
5157-left,Q2 L5 B5,left,PASS
5158-left,Q2 L5 L5,left,PASS
5159-left,Q2 L5 R5,left,PASS
5159-right,Q2 L5 R5,right,PASS
5160-left,Q2 R5 Q0,left,PASS
5160-right,Q2 R5 Q0,right,PASS
5161-left,Q2 R5 B0,left,PASS
5161-right,Q2 R5 B0,right,PASS
5162-left,Q2 R5 L0,left,PASS
5162-right,Q2 R5 L0,right,PASS
5163-left,Q2 R5 R0,left,PASS
5163-right,Q2 R5 R0,right,PASS
5164-left,Q2 R5 Q1,left,PASS
5164-right,Q2 R5 Q1,right,PASS
5165-left,Q2 R5 B1,left,PASS
5165-right,Q2 R5 B1,right,PASS
5166-left,Q2 R5 L1,left,PASS
5166-right,Q2 R5 L1,right,PASS
5167-left,Q2 R5 R1,left,PASS
5167-right,Q2 R5 R1,right,PASS
5168-left,Q2 R5 Q2,left,PASS
5168-right,Q2 R5 Q2,right,PASS
5169-left,Q2 R5 B2,left,PASS
5169-right,Q2 R5 B2,right,PASS
5170-left,Q2 R5 L2,left,PASS
5170-right,Q2 R5 L2,right,PASS
5171-left,Q2 R5 R2,left,PASS
5171-right,Q2 R5 R2,right,PASS
5172-left,Q2 R5 Q3,left,PASS
5172-right,Q2 R5 Q3,right,PASS
5173-left,Q2 R5 B3,left,PASS
5173-right,Q2 R5 B3,right,PASS
5174-left,Q2 R5 L3,left,PASS
5174-right,Q2 R5 L3,right,PASS
5175-left,Q2 R5 R3,left,PASS
5175-right,Q2 R5 R3,right,PASS
5176-left,Q2 R5 Q4,left,PASS
5176-right,Q2 R5 Q4,right,PASS
5177-left,Q2 R5 B4,left,PASS
5177-right,Q2 R5 B4,right,PASS
5178-left,Q2 R5 L4,left,PASS
5179-left,Q2 R5 R4,left,PASS
5179-right,Q2 R5 R4,right,PASS
5180-left,Q2 R5 Q5,left,PASS
5181-left,Q2 R5 B5,left,PASS
5182-left,Q2 R5 L5,left,PASS
5182-right,Q2 R5 L5,right,PASS
5183-left,Q2 R5 R5,left,PASS
5183-right,Q2 R5 R5,right,PASS
5184-left,B2 Q0 Q0,left,PASS
5185-left,B2 Q0 B0,left,PASS
5186-left,B2 Q0 L0,left,PASS
5187-left,B2 Q0 R0,left,PASS
5188-left,B2 Q0 Q1,left,PASS
5188-right,B2 Q0 Q1,right,PASS
5189-left,B2 Q0 B1,left,PASS
5189-right,B2 Q0 B1,right,PASS
5190-left,B2 Q0 L1,left,PASS
5190-right,B2 Q0 L1,right,PASS
5191-left,B2 Q0 R1,left,PASS
5191-right,B2 Q0 R1,right,PASS
5192-left,B2 Q0 Q2,left,PASS
5192-right,B2 Q0 Q2,right,PASS
5193-left,B2 Q0 B2,left,PASS
5193-right,B2 Q0 B2,right,PASS
5194-left,B2 Q0 L2,left,PASS
5194-right,B2 Q0 L2,right,PASS
5195-left,B2 Q0 R2,left,PASS
5195-right,B2 Q0 R2,right,PASS
5196-left,B2 Q0 Q3,left,PASS
5196-right,B2 Q0 Q3,right,PASS
5197-left,B2 Q0 B3,left,PASS
5197-right,B2 Q0 B3,right,PASS
5198-left,B2 Q0 L3,left,PASS
5198-right,B2 Q0 L3,right,PASS
5199-left,B2 Q0 R3,left,PASS
5199-right,B2 Q0 R3,right,PASS
5200-left,B2 Q0 Q4,left,PASS
5200-right,B2 Q0 Q4,right,PASS
5201-left,B2 Q0 B4,left,PASS
5201-right,B2 Q0 B4,right,PASS
5202-left,B2 Q0 L4,left,PASS
5202-right,B2 Q0 L4,right,PASS
5203-left,B2 Q0 R4,left,PASS
5203-right,B2 Q0 R4,right,PASS
5204-left,B2 Q0 Q5,left,PASS
5204-right,B2 Q0 Q5,right,PASS
5205-left,B2 Q0 B5,left,PASS
5205-right,B2 Q0 B5,right,PASS
5206-left,B2 Q0 L5,left,PASS
5207-left,B2 Q0 R5,left,PASS
5207-right,B2 Q0 R5,right,PASS
5208-left,B2 B0 Q0,left,PASS
5209-left,B2 B0 B0,left,PASS
5210-left,B2 B0 L0,left,PASS
5211-left,B2 B0 R0,left,PASS
5212-left,B2 B0 Q1,left,PASS
5212-right,B2 B0 Q1,right,PASS
5213-left,B2 B0 B1,left,PASS
5213-right,B2 B0 B1,right,PASS
5214-left,B2 B0 L1,left,PASS
5214-right,B2 B0 L1,right,PASS
5215-left,B2 B0 R1,left,PASS
5215-right,B2 B0 R1,right,PASS
5216-left,B2 B0 Q2,left,PASS
5216-right,B2 B0 Q2,right,PASS
5217-left,B2 B0 B2,left,PASS
5217-right,B2 B0 B2,right,PASS
5218-left,B2 B0 L2,left,PASS
5218-right,B2 B0 L2,right,PASS
5219-left,B2 B0 R2,left,PASS
5219-right,B2 B0 R2,right,PASS
5220-left,B2 B0 Q3,left,PASS
5220-right,B2 B0 Q3,right,PASS
5221-left,B2 B0 B3,left,PASS
5221-right,B2 B0 B3,right,PASS
5222-left,B2 B0 L3,left,PASS
5222-right,B2 B0 L3,right,PASS
5223-left,B2 B0 R3,left,PASS
5223-right,B2 B0 R3,right,PASS
5224-left,B2 B0 Q4,left,PASS
5224-right,B2 B0 Q4,right,PASS
5225-left,B2 B0 B4,left,PASS
5225-right,B2 B0 B4,right,PASS
5226-left,B2 B0 L4,left,PASS
5226-right,B2 B0 L4,right,PASS
5227-left,B2 B0 R4,left,PASS
5227-right,B2 B0 R4,right,PASS
5228-left,B2 B0 Q5,left,PASS
5228-right,B2 B0 Q5,right,PASS
5229-left,B2 B0 B5,left,PASS
5229-right,B2 B0 B5,right,PASS
5230-left,B2 B0 L5,left,PASS
5231-left,B2 B0 R5,left,PASS
5231-right,B2 B0 R5,right,PASS
5232-left,B2 L0 Q0,left,PASS
5233-left,B2 L0 B0,left,PASS
5234-left,B2 L0 L0,left,PASS
5235-left,B2 L0 R0,left,PASS
5235-right,B2 L0 R0,right,PASS
5236-left,B2 L0 Q1,left,PASS
5237-left,B2 L0 B1,left,PASS
5238-left,B2 L0 L1,left,PASS
5239-left,B2 L0 R1,left,PASS
5240-left,B2 L0 Q2,left,PASS
5240-right,B2 L0 Q2,right,PASS
5241-left,B2 L0 B2,left,PASS
5241-right,B2 L0 B2,right,PASS
5242-left,B2 L0 L2,left,PASS
5243-left,B2 L0 R2,left,PASS
5243-right,B2 L0 R2,right,PASS
5244-left,B2 L0 Q3,left,PASS
5244-right,B2 L0 Q3,right,PASS
5245-left,B2 L0 B3,left,PASS
5245-right,B2 L0 B3,right,PASS
5246-left,B2 L0 L3,left,PASS
5247-left,B2 L0 R3,left,PASS
5247-right,B2 L0 R3,right,PASS
5248-left,B2 L0 Q4,left,PASS
5248-right,B2 L0 Q4,right,PASS
5249-left,B2 L0 B4,left,PASS
5249-right,B2 L0 B4,right,PASS
5250-left,B2 L0 L4,left,PASS
5251-left,B2 L0 R4,left,PASS
5251-right,B2 L0 R4,right,PASS
5252-left,B2 L0 Q5,left,PASS
5252-right,B2 L0 Q5,right,PASS
5253-left,B2 L0 B5,left,PASS
5253-right,B2 L0 B5,right,PASS
5254-left,B2 L0 L5,left,PASS
5255-left,B2 L0 R5,left,PASS
5255-right,B2 L0 R5,right,PASS
5256-left,B2 R0 Q0,left,PASS
5257-left,B2 R0 B0,left,PASS
5258-left,B2 R0 L0,left,PASS
5258-right,B2 R0 L0,right,PASS
5259-left,B2 R0 R0,left,PASS
5259-right,B2 R0 R0,right,PASS
5260-left,B2 R0 Q1,left,PASS
5260-right,B2 R0 Q1,right,PASS
5261-left,B2 R0 B1,left,PASS
5261-right,B2 R0 B1,right,PASS
5262-left,B2 R0 L1,left,PASS
5262-right,B2 R0 L1,right,PASS
5263-left,B2 R0 R1,left,PASS
5263-right,B2 R0 R1,right,PASS
5264-left,B2 R0 Q2,left,PASS
5264-right,B2 R0 Q2,right,PASS
5265-left,B2 R0 B2,left,PASS
5265-right,B2 R0 B2,right,PASS
5266-left,B2 R0 L2,left,PASS
5266-right,B2 R0 L2,right,PASS
5267-left,B2 R0 R2,left,PASS
5267-right,B2 R0 R2,right,PASS
5268-left,B2 R0 Q3,left,PASS
5268-right,B2 R0 Q3,right,PASS
5269-left,B2 R0 B3,left,PASS
5269-right,B2 R0 B3,right,PASS
5270-left,B2 R0 L3,left,PASS
5270-right,B2 R0 L3,right,PASS
5271-left,B2 R0 R3,left,PASS
5271-right,B2 R0 R3,right,PASS
5272-left,B2 R0 Q4,left,PASS
5272-right,B2 R0 Q4,right,PASS
5273-left,B2 R0 B4,left,PASS
5273-right,B2 R0 B4,right,PASS
5274-left,B2 R0 L4,left,PASS
5274-right,B2 R0 L4,right,PASS
5275-left,B2 R0 R4,left,PASS
5275-right,B2 R0 R4,right,PASS
5276-left,B2 R0 Q5,left,PASS
5276-right,B2 R0 Q5,right,PASS
5277-left,B2 R0 B5,left,PASS
5277-right,B2 R0 B5,right,PASS
5278-left,B2 R0 L5,left,PASS
5279-left,B2 R0 R5,left,PASS
5279-right,B2 R0 R5,right,PASS
5280-left,B2 Q1 Q0,left,PASS
5280-right,B2 Q1 Q0,right,PASS
5281-left,B2 Q1 B0,left,PASS
5281-right,B2 Q1 B0,right,PASS
5282-left,B2 Q1 L0,left,PASS
5283-left,B2 Q1 R0,left,PASS
5283-right,B2 Q1 R0,right,PASS
5284-left,B2 Q1 Q1,left,PASS
5285-left,B2 Q1 B1,left,PASS
5286-left,B2 Q1 L1,left,PASS
5287-left,B2 Q1 R1,left,PASS
5288-left,B2 Q1 Q2,left,PASS
5288-right,B2 Q1 Q2,right,PASS
5289-left,B2 Q1 B2,left,PASS
5289-right,B2 Q1 B2,right,PASS
5290-left,B2 Q1 L2,left,PASS
5290-right,B2 Q1 L2,right,PASS
5291-left,B2 Q1 R2,left,PASS
5291-right,B2 Q1 R2,right,PASS
5292-left,B2 Q1 Q3,left,PASS
5292-right,B2 Q1 Q3,right,PASS
5293-left,B2 Q1 B3,left,PASS
5293-right,B2 Q1 B3,right,PASS
5294-left,B2 Q1 L3,left,PASS
5294-right,B2 Q1 L3,right,PASS
5295-left,B2 Q1 R3,left,PASS
5295-right,B2 Q1 R3,right,PASS
5296-left,B2 Q1 Q4,left,PASS
5296-right,B2 Q1 Q4,right,PASS
5297-left,B2 Q1 B4,left,PASS
5297-right,B2 Q1 B4,right,PASS
5298-left,B2 Q1 L4,left,PASS
5298-right,B2 Q1 L4,right,PASS
5299-left,B2 Q1 R4,left,PASS
5299-right,B2 Q1 R4,right,PASS
5300-left,B2 Q1 Q5,left,PASS
5300-right,B2 Q1 Q5,right,PASS
5301-left,B2 Q1 B5,left,PASS
5301-right,B2 Q1 B5,right,PASS
5302-left,B2 Q1 L5,left,PASS
5302-right,B2 Q1 L5,right,PASS
5303-left,B2 Q1 R5,left,PASS
5303-right,B2 Q1 R5,right,PASS
5304-left,B2 B1 Q0,left,PASS
5304-right,B2 B1 Q0,right,PASS
5305-left,B2 B1 B0,left,PASS
5305-right,B2 B1 B0,right,PASS
5306-left,B2 B1 L0,left,PASS
5307-left,B2 B1 R0,left,PASS
5307-right,B2 B1 R0,right,PASS
5308-left,B2 B1 Q1,left,PASS
5309-left,B2 B1 B1,left,PASS
5310-left,B2 B1 L1,left,PASS
5311-left,B2 B1 R1,left,PASS
5312-left,B2 B1 Q2,left,PASS
5312-right,B2 B1 Q2,right,PASS
5313-left,B2 B1 B2,left,PASS
5313-right,B2 B1 B2,right,PASS
5314-left,B2 B1 L2,left,PASS
5314-right,B2 B1 L2,right,PASS
5315-left,B2 B1 R2,left,PASS
5315-right,B2 B1 R2,right,PASS
5316-left,B2 B1 Q3,left,PASS
5316-right,B2 B1 Q3,right,PASS
5317-left,B2 B1 B3,left,PASS
5317-right,B2 B1 B3,right,PASS
5318-left,B2 B1 L3,left,PASS
5318-right,B2 B1 L3,right,PASS
5319-left,B2 B1 R3,left,PASS
5319-right,B2 B1 R3,right,PASS
5320-left,B2 B1 Q4,left,PASS
5320-right,B2 B1 Q4,right,PASS
5321-left,B2 B1 B4,left,PASS
5321-right,B2 B1 B4,right,PASS
5322-left,B2 B1 L4,left,PASS
5322-right,B2 B1 L4,right,PASS
5323-left,B2 B1 R4,left,PASS
5323-right,B2 B1 R4,right,PASS
5324-left,B2 B1 Q5,left,PASS
5324-right,B2 B1 Q5,right,PASS
5325-left,B2 B1 B5,left,PASS
5325-right,B2 B1 B5,right,PASS
5326-left,B2 B1 L5,left,PASS
5326-right,B2 B1 L5,right,PASS
5327-left,B2 B1 R5,left,PASS
5327-right,B2 B1 R5,right,PASS
5328-right,B2 L1 Q0,right,PASS
5329-right,B2 L1 B0,right,PASS
5331-right,B2 L1 R0,right,PASS
5335-right,B2 L1 R1,right,PASS
5340-right,B2 L1 Q3,right,PASS
5341-right,B2 L1 B3,right,PASS
5343-right,B2 L1 R3,right,PASS
5344-right,B2 L1 Q4,right,PASS
5345-right,B2 L1 B4,right,PASS
5347-right,B2 L1 R4,right,PASS
5348-right,B2 L1 Q5,right,PASS
5349-right,B2 L1 B5,right,PASS
5351-right,B2 L1 R5,right,PASS
5352-left,B2 R1 Q0,left,PASS
5352-right,B2 R1 Q0,right,PASS
5353-left,B2 R1 B0,left,PASS
5353-right,B2 R1 B0,right,PASS
5354-left,B2 R1 L0,left,PASS
5355-left,B2 R1 R0,left,PASS
5355-right,B2 R1 R0,right,PASS
5356-left,B2 R1 Q1,left,PASS
5357-left,B2 R1 B1,left,PASS
5358-left,B2 R1 L1,left,PASS
5358-right,B2 R1 L1,right,PASS
5359-left,B2 R1 R1,left,PASS
5359-right,B2 R1 R1,right,PASS
5360-left,B2 R1 Q2,left,PASS
5360-right,B2 R1 Q2,right,PASS
5361-left,B2 R1 B2,left,PASS
5361-right,B2 R1 B2,right,PASS
5362-left,B2 R1 L2,left,PASS
5362-right,B2 R1 L2,right,PASS
5363-left,B2 R1 R2,left,PASS
5363-right,B2 R1 R2,right,PASS
5364-left,B2 R1 Q3,left,PASS
5364-right,B2 R1 Q3,right,PASS
5365-left,B2 R1 B3,left,PASS
5365-right,B2 R1 B3,right,PASS
5366-left,B2 R1 L3,left,PASS
5366-right,B2 R1 L3,right,PASS
5367-left,B2 R1 R3,left,PASS
5367-right,B2 R1 R3,right,PASS
5368-left,B2 R1 Q4,left,PASS
5368-right,B2 R1 Q4,right,PASS
5369-left,B2 R1 B4,left,PASS
5369-right,B2 R1 B4,right,PASS
5370-left,B2 R1 L4,left,PASS
5370-right,B2 R1 L4,right,PASS
5371-left,B2 R1 R4,left,PASS
5371-right,B2 R1 R4,right,PASS
5372-left,B2 R1 Q5,left,PASS
5372-right,B2 R1 Q5,right,PASS
5373-left,B2 R1 B5,left,PASS
5373-right,B2 R1 B5,right,PASS
5374-left,B2 R1 L5,left,PASS
5374-right,B2 R1 L5,right,PASS
5375-left,B2 R1 R5,left,PASS
5375-right,B2 R1 R5,right,PASS
5376-right,B2 Q2 Q0,right,PASS
5377-right,B2 Q2 B0,right,PASS
5378-right,B2 Q2 L0,right,PASS
5379-right,B2 Q2 R0,right,PASS
5380-right,B2 Q2 Q1,right,PASS
5381-right,B2 Q2 B1,right,PASS
5383-right,B2 Q2 R1,right,PASS
5388-right,B2 Q2 Q3,right,PASS
5389-right,B2 Q2 B3,right,PASS
5390-right,B2 Q2 L3,right,PASS
5391-right,B2 Q2 R3,right,PASS
5392-right,B2 Q2 Q4,right,PASS
5393-right,B2 Q2 B4,right,PASS
5394-right,B2 Q2 L4,right,PASS
5395-right,B2 Q2 R4,right,PASS
5396-right,B2 Q2 Q5,right,PASS
5397-right,B2 Q2 B5,right,PASS
5398-right,B2 Q2 L5,right,PASS
5399-right,B2 Q2 R5,right,PASS
5400-right,B2 B2 Q0,right,PASS
5401-right,B2 B2 B0,right,PASS
5402-right,B2 B2 L0,right,PASS
5403-right,B2 B2 R0,right,PASS
5404-right,B2 B2 Q1,right,PASS
5405-right,B2 B2 B1,right,PASS
5407-right,B2 B2 R1,right,PASS
5412-right,B2 B2 Q3,right,PASS
5413-right,B2 B2 B3,right,PASS
5414-right,B2 B2 L3,right,PASS
5415-right,B2 B2 R3,right,PASS
5416-right,B2 B2 Q4,right,PASS
5417-right,B2 B2 B4,right,PASS
5418-right,B2 B2 L4,right,PASS
5419-right,B2 B2 R4,right,PASS
5420-right,B2 B2 Q5,right,PASS
5421-right,B2 B2 B5,right,PASS
5422-right,B2 B2 L5,right,PASS
5423-right,B2 B2 R5,right,PASS
5424-right,B2 L2 Q0,right,PASS
5425-right,B2 L2 B0,right,PASS
5427-right,B2 L2 R0,right,PASS
5428-right,B2 L2 Q1,right,PASS
5429-right,B2 L2 B1,right,PASS
5431-right,B2 L2 R1,right,PASS
5435-right,B2 L2 R2,right,PASS
5440-right,B2 L2 Q4,right,PASS
5441-right,B2 L2 B4,right,PASS
5443-right,B2 L2 R4,right,PASS
5444-right,B2 L2 Q5,right,PASS
5445-right,B2 L2 B5,right,PASS
5447-right,B2 L2 R5,right,PASS
5448-right,B2 R2 Q0,right,PASS
5449-right,B2 R2 B0,right,PASS
5450-right,B2 R2 L0,right,PASS
5451-right,B2 R2 R0,right,PASS
5452-right,B2 R2 Q1,right,PASS
5453-right,B2 R2 B1,right,PASS
5455-right,B2 R2 R1,right,PASS
5458-right,B2 R2 L2,right,PASS
5459-right,B2 R2 R2,right,PASS
5460-right,B2 R2 Q3,right,PASS
5461-right,B2 R2 B3,right,PASS
5462-right,B2 R2 L3,right,PASS
5463-right,B2 R2 R3,right,PASS
5464-right,B2 R2 Q4,right,PASS
5465-right,B2 R2 B4,right,PASS
5466-right,B2 R2 L4,right,PASS
5467-right,B2 R2 R4,right,PASS
5468-right,B2 R2 Q5,right,PASS
5469-right,B2 R2 B5,right,PASS
5470-right,B2 R2 L5,right,PASS
5471-right,B2 R2 R5,right,PASS
5472-left,B2 Q3 Q0,left,PASS
5472-right,B2 Q3 Q0,right,PASS
5473-left,B2 Q3 B0,left,PASS
5473-right,B2 Q3 B0,right,PASS
5474-left,B2 Q3 L0,left,PASS
5474-right,B2 Q3 L0,right,PASS
5475-left,B2 Q3 R0,left,PASS
5475-right,B2 Q3 R0,right,PASS
5476-left,B2 Q3 Q1,left,PASS
5476-right,B2 Q3 Q1,right,PASS
5477-left,B2 Q3 B1,left,PASS
5477-right,B2 Q3 B1,right,PASS
5478-left,B2 Q3 L1,left,PASS
5478-right,B2 Q3 L1,right,PASS
5479-left,B2 Q3 R1,left,PASS
5479-right,B2 Q3 R1,right,PASS
5480-left,B2 Q3 Q2,left,PASS
5480-right,B2 Q3 Q2,right,PASS
5481-left,B2 Q3 B2,left,PASS
5481-right,B2 Q3 B2,right,PASS
5482-left,B2 Q3 L2,left,PASS
5483-left,B2 Q3 R2,left,PASS
5483-right,B2 Q3 R2,right,PASS
5484-left,B2 Q3 Q3,left,PASS
5485-left,B2 Q3 B3,left,PASS
5486-left,B2 Q3 L3,left,PASS
5487-left,B2 Q3 R3,left,PASS
5488-left,B2 Q3 Q4,left,PASS
5488-right,B2 Q3 Q4,right,PASS
5489-left,B2 Q3 B4,left,PASS
5489-right,B2 Q3 B4,right,PASS
5490-left,B2 Q3 L4,left,PASS
5490-right,B2 Q3 L4,right,PASS
5491-left,B2 Q3 R4,left,PASS
5491-right,B2 Q3 R4,right,PASS
5492-left,B2 Q3 Q5,left,PASS
5492-right,B2 Q3 Q5,right,PASS
5493-left,B2 Q3 B5,left,PASS
5493-right,B2 Q3 B5,right,PASS
5494-left,B2 Q3 L5,left,PASS
5494-right,B2 Q3 L5,right,PASS
5495-left,B2 Q3 R5,left,PASS
5495-right,B2 Q3 R5,right,PASS
5496-left,B2 B3 Q0,left,PASS
5496-right,B2 B3 Q0,right,PASS
5497-left,B2 B3 B0,left,PASS
5497-right,B2 B3 B0,right,PASS
5498-left,B2 B3 L0,left,PASS
5498-right,B2 B3 L0,right,PASS
5499-left,B2 B3 R0,left,PASS
5499-right,B2 B3 R0,right,PASS
5500-left,B2 B3 Q1,left,PASS
5500-right,B2 B3 Q1,right,PASS
5501-left,B2 B3 B1,left,PASS
5501-right,B2 B3 B1,right,PASS
5502-left,B2 B3 L1,left,PASS
5502-right,B2 B3 L1,right,PASS
5503-left,B2 B3 R1,left,PASS
5503-right,B2 B3 R1,right,PASS
5504-left,B2 B3 Q2,left,PASS
5504-right,B2 B3 Q2,right,PASS
5505-left,B2 B3 B2,left,PASS
5505-right,B2 B3 B2,right,PASS
5506-left,B2 B3 L2,left,PASS
5507-left,B2 B3 R2,left,PASS
5507-right,B2 B3 R2,right,PASS
5508-left,B2 B3 Q3,left,PASS
5509-left,B2 B3 B3,left,PASS
5510-left,B2 B3 L3,left,PASS
5511-left,B2 B3 R3,left,PASS
5512-left,B2 B3 Q4,left,PASS
5512-right,B2 B3 Q4,right,PASS
5513-left,B2 B3 B4,left,PASS
5513-right,B2 B3 B4,right,PASS
5514-left,B2 B3 L4,left,PASS
5514-right,B2 B3 L4,right,PASS
5515-left,B2 B3 R4,left,PASS
5515-right,B2 B3 R4,right,PASS
5516-left,B2 B3 Q5,left,PASS
5516-right,B2 B3 Q5,right,PASS
5517-left,B2 B3 B5,left,PASS
5517-right,B2 B3 B5,right,PASS
5518-left,B2 B3 L5,left,PASS
5518-right,B2 B3 L5,right,PASS
5519-left,B2 B3 R5,left,PASS
5519-right,B2 B3 R5,right,PASS
5520-left,B2 L3 Q0,left,PASS
5520-right,B2 L3 Q0,right,PASS
5521-left,B2 L3 B0,left,PASS
5521-right,B2 L3 B0,right,PASS
5522-left,B2 L3 L0,left,PASS
5523-left,B2 L3 R0,left,PASS
5523-right,B2 L3 R0,right,PASS
5524-left,B2 L3 Q1,left,PASS
5524-right,B2 L3 Q1,right,PASS
5525-left,B2 L3 B1,left,PASS
5525-right,B2 L3 B1,right,PASS
5526-left,B2 L3 L1,left,PASS
5527-left,B2 L3 R1,left,PASS
5527-right,B2 L3 R1,right,PASS
5528-left,B2 L3 Q2,left,PASS
5528-right,B2 L3 Q2,right,PASS
5529-left,B2 L3 B2,left,PASS
5529-right,B2 L3 B2,right,PASS
5530-left,B2 L3 L2,left,PASS
5531-left,B2 L3 R2,left,PASS
5531-right,B2 L3 R2,right,PASS
5532-left,B2 L3 Q3,left,PASS
5533-left,B2 L3 B3,left,PASS
5534-left,B2 L3 L3,left,PASS
5535-left,B2 L3 R3,left,PASS
5535-right,B2 L3 R3,right,PASS
5536-left,B2 L3 Q4,left,PASS
5537-left,B2 L3 B4,left,PASS
5538-left,B2 L3 L4,left,PASS
5539-left,B2 L3 R4,left,PASS
5540-left,B2 L3 Q5,left,PASS
5540-right,B2 L3 Q5,right,PASS
5541-left,B2 L3 B5,left,PASS
5541-right,B2 L3 B5,right,PASS
5542-left,B2 L3 L5,left,PASS
5543-left,B2 L3 R5,left,PASS
5543-right,B2 L3 R5,right,PASS
5544-left,B2 R3 Q0,left,PASS
5544-right,B2 R3 Q0,right,PASS
5545-left,B2 R3 B0,left,PASS
5545-right,B2 R3 B0,right,PASS
5546-left,B2 R3 L0,left,PASS
5546-right,B2 R3 L0,right,PASS
5547-left,B2 R3 R0,left,PASS
5547-right,B2 R3 R0,right,PASS
5548-left,B2 R3 Q1,left,PASS
5548-right,B2 R3 Q1,right,PASS
5549-left,B2 R3 B1,left,PASS
5549-right,B2 R3 B1,right,PASS
5550-left,B2 R3 L1,left,PASS
5550-right,B2 R3 L1,right,PASS
5551-left,B2 R3 R1,left,PASS
5551-right,B2 R3 R1,right,PASS
5552-left,B2 R3 Q2,left,PASS
5552-right,B2 R3 Q2,right,PASS
5553-left,B2 R3 B2,left,PASS
5553-right,B2 R3 B2,right,PASS
5554-left,B2 R3 L2,left,PASS
5555-left,B2 R3 R2,left,PASS
5555-right,B2 R3 R2,right,PASS
5556-left,B2 R3 Q3,left,PASS
5557-left,B2 R3 B3,left,PASS
5558-left,B2 R3 L3,left,PASS
5558-right,B2 R3 L3,right,PASS
5559-left,B2 R3 R3,left,PASS
5559-right,B2 R3 R3,right,PASS
5560-left,B2 R3 Q4,left,PASS
5560-right,B2 R3 Q4,right,PASS
5561-left,B2 R3 B4,left,PASS
5561-right,B2 R3 B4,right,PASS
5562-left,B2 R3 L4,left,PASS
5562-right,B2 R3 L4,right,PASS
5563-left,B2 R3 R4,left,PASS
5563-right,B2 R3 R4,right,PASS
5564-left,B2 R3 Q5,left,PASS
5564-right,B2 R3 Q5,right,PASS
5565-left,B2 R3 B5,left,PASS
5565-right,B2 R3 B5,right,PASS
5566-left,B2 R3 L5,left,PASS
5566-right,B2 R3 L5,right,PASS
5567-left,B2 R3 R5,left,PASS
5567-right,B2 R3 R5,right,PASS
5568-left,B2 Q4 Q0,left,PASS
5568-right,B2 Q4 Q0,right,PASS
5569-left,B2 Q4 B0,left,PASS
5569-right,B2 Q4 B0,right,PASS
5570-left,B2 Q4 L0,left,PASS
5570-right,B2 Q4 L0,right,PASS
5571-left,B2 Q4 R0,left,PASS
5571-right,B2 Q4 R0,right,PASS
5572-left,B2 Q4 Q1,left,PASS
5572-right,B2 Q4 Q1,right,PASS
5573-left,B2 Q4 B1,left,PASS
5573-right,B2 Q4 B1,right,PASS
5574-left,B2 Q4 L1,left,PASS
5574-right,B2 Q4 L1,right,PASS
5575-left,B2 Q4 R1,left,PASS
5575-right,B2 Q4 R1,right,PASS
5576-left,B2 Q4 Q2,left,PASS
5576-right,B2 Q4 Q2,right,PASS
5577-left,B2 Q4 B2,left,PASS
5577-right,B2 Q4 B2,right,PASS
5578-left,B2 Q4 L2,left,PASS
5578-right,B2 Q4 L2,right,PASS
5579-left,B2 Q4 R2,left,PASS
5579-right,B2 Q4 R2,right,PASS
5580-left,B2 Q4 Q3,left,PASS
5580-right,B2 Q4 Q3,right,PASS
5581-left,B2 Q4 B3,left,PASS
5581-right,B2 Q4 B3,right,PASS
5582-left,B2 Q4 L3,left,PASS
5583-left,B2 Q4 R3,left,PASS
5583-right,B2 Q4 R3,right,PASS
5584-left,B2 Q4 Q4,left,PASS
5585-left,B2 Q4 B4,left,PASS
5586-left,B2 Q4 L4,left,PASS
5587-left,B2 Q4 R4,left,PASS
5588-left,B2 Q4 Q5,left,PASS
5588-right,B2 Q4 Q5,right,PASS
5589-left,B2 Q4 B5,left,PASS
5589-right,B2 Q4 B5,right,PASS
5590-left,B2 Q4 L5,left,PASS
5590-right,B2 Q4 L5,right,PASS
5591-left,B2 Q4 R5,left,PASS
5591-right,B2 Q4 R5,right,PASS
5592-left,B2 B4 Q0,left,PASS
5592-right,B2 B4 Q0,right,PASS
5593-left,B2 B4 B0,left,PASS
5593-right,B2 B4 B0,right,PASS
5594-left,B2 B4 L0,left,PASS
5594-right,B2 B4 L0,right,PASS
5595-left,B2 B4 R0,left,PASS
5595-right,B2 B4 R0,right,PASS
5596-left,B2 B4 Q1,left,PASS
5596-right,B2 B4 Q1,right,PASS
5597-left,B2 B4 B1,left,PASS
5597-right,B2 B4 B1,right,PASS
5598-left,B2 B4 L1,left,PASS
5598-right,B2 B4 L1,right,PASS
5599-left,B2 B4 R1,left,PASS
5599-right,B2 B4 R1,right,PASS
5600-left,B2 B4 Q2,left,PASS
5600-right,B2 B4 Q2,right,PASS
5601-left,B2 B4 B2,left,PASS
5601-right,B2 B4 B2,right,PASS
5602-left,B2 B4 L2,left,PASS
5602-right,B2 B4 L2,right,PASS
5603-left,B2 B4 R2,left,PASS
5603-right,B2 B4 R2,right,PASS
5604-left,B2 B4 Q3,left,PASS
5604-right,B2 B4 Q3,right,PASS
5605-left,B2 B4 B3,left,PASS
5605-right,B2 B4 B3,right,PASS
5606-left,B2 B4 L3,left,PASS
5607-left,B2 B4 R3,left,PASS
5607-right,B2 B4 R3,right,PASS
5608-left,B2 B4 Q4,left,PASS
5609-left,B2 B4 B4,left,PASS
5610-left,B2 B4 L4,left,PASS
5611-left,B2 B4 R4,left,PASS
5612-left,B2 B4 Q5,left,PASS
5612-right,B2 B4 Q5,right,PASS
5613-left,B2 B4 B5,left,PASS
5613-right,B2 B4 B5,right,PASS
5614-left,B2 B4 L5,left,PASS
5614-right,B2 B4 L5,right,PASS
5615-left,B2 B4 R5,left,PASS
5615-right,B2 B4 R5,right,PASS
5616-left,B2 L4 Q0,left,PASS
5616-right,B2 L4 Q0,right,PASS
5617-left,B2 L4 B0,left,PASS
5617-right,B2 L4 B0,right,PASS
5618-left,B2 L4 L0,left,PASS
5619-left,B2 L4 R0,left,PASS
5619-right,B2 L4 R0,right,PASS
5620-left,B2 L4 Q1,left,PASS
5620-right,B2 L4 Q1,right,PASS
5621-left,B2 L4 B1,left,PASS
5621-right,B2 L4 B1,right,PASS
5622-left,B2 L4 L1,left,PASS
5623-left,B2 L4 R1,left,PASS
5623-right,B2 L4 R1,right,PASS
5624-left,B2 L4 Q2,left,PASS
5624-right,B2 L4 Q2,right,PASS
5625-left,B2 L4 B2,left,PASS
5625-right,B2 L4 B2,right,PASS
5626-left,B2 L4 L2,left,PASS
5627-left,B2 L4 R2,left,PASS
5627-right,B2 L4 R2,right,PASS
5628-left,B2 L4 Q3,left,PASS
5628-right,B2 L4 Q3,right,PASS
5629-left,B2 L4 B3,left,PASS
5629-right,B2 L4 B3,right,PASS
5630-left,B2 L4 L3,left,PASS
5631-left,B2 L4 R3,left,PASS
5631-right,B2 L4 R3,right,PASS
5632-left,B2 L4 Q4,left,PASS
5633-left,B2 L4 B4,left,PASS
5634-left,B2 L4 L4,left,PASS
5635-left,B2 L4 R4,left,PASS
5635-right,B2 L4 R4,right,PASS
5636-left,B2 L4 Q5,left,PASS
5637-left,B2 L4 B5,left,PASS
5638-left,B2 L4 L5,left,PASS
5639-left,B2 L4 R5,left,PASS
5640-left,B2 R4 Q0,left,PASS
5640-right,B2 R4 Q0,right,PASS
5641-left,B2 R4 B0,left,PASS
5641-right,B2 R4 B0,right,PASS
5642-left,B2 R4 L0,left,PASS
5642-right,B2 R4 L0,right,PASS
5643-left,B2 R4 R0,left,PASS
5643-right,B2 R4 R0,right,PASS
5644-left,B2 R4 Q1,left,PASS
5644-right,B2 R4 Q1,right,PASS
5645-left,B2 R4 B1,left,PASS
5645-right,B2 R4 B1,right,PASS
5646-left,B2 R4 L1,left,PASS
5646-right,B2 R4 L1,right,PASS
5647-left,B2 R4 R1,left,PASS
5647-right,B2 R4 R1,right,PASS
5648-left,B2 R4 Q2,left,PASS
5648-right,B2 R4 Q2,right,PASS
5649-left,B2 R4 B2,left,PASS
5649-right,B2 R4 B2,right,PASS
5650-left,B2 R4 L2,left,PASS
5650-right,B2 R4 L2,right,PASS
5651-left,B2 R4 R2,left,PASS
5651-right,B2 R4 R2,right,PASS
5652-left,B2 R4 Q3,left,PASS
5652-right,B2 R4 Q3,right,PASS
5653-left,B2 R4 B3,left,PASS
5653-right,B2 R4 B3,right,PASS
5654-left,B2 R4 L3,left,PASS
5655-left,B2 R4 R3,left,PASS
5655-right,B2 R4 R3,right,PASS
5656-left,B2 R4 Q4,left,PASS
5657-left,B2 R4 B4,left,PASS
5658-left,B2 R4 L4,left,PASS
5658-right,B2 R4 L4,right,PASS
5659-left,B2 R4 R4,left,PASS
5659-right,B2 R4 R4,right,PASS
5660-left,B2 R4 Q5,left,PASS
5660-right,B2 R4 Q5,right,PASS
5661-left,B2 R4 B5,left,PASS
5661-right,B2 R4 B5,right,PASS
5662-left,B2 R4 L5,left,PASS
5662-right,B2 R4 L5,right,PASS
5663-left,B2 R4 R5,left,PASS
5663-right,B2 R4 R5,right,PASS
5664-left,B2 Q5 Q0,left,PASS
5664-right,B2 Q5 Q0,right,PASS
5665-left,B2 Q5 B0,left,PASS
5665-right,B2 Q5 B0,right,PASS
5666-left,B2 Q5 L0,left,PASS
5666-right,B2 Q5 L0,right,PASS
5667-left,B2 Q5 R0,left,PASS
5667-right,B2 Q5 R0,right,PASS
5668-left,B2 Q5 Q1,left,PASS
5668-right,B2 Q5 Q1,right,PASS
5669-left,B2 Q5 B1,left,PASS
5669-right,B2 Q5 B1,right,PASS
5670-left,B2 Q5 L1,left,PASS
5670-right,B2 Q5 L1,right,PASS
5671-left,B2 Q5 R1,left,PASS
5671-right,B2 Q5 R1,right,PASS
5672-left,B2 Q5 Q2,left,PASS
5672-right,B2 Q5 Q2,right,PASS
5673-left,B2 Q5 B2,left,PASS
5673-right,B2 Q5 B2,right,PASS
5674-left,B2 Q5 L2,left,PASS
5674-right,B2 Q5 L2,right,PASS
5675-left,B2 Q5 R2,left,PASS
5675-right,B2 Q5 R2,right,PASS
5676-left,B2 Q5 Q3,left,PASS
5676-right,B2 Q5 Q3,right,PASS
5677-left,B2 Q5 B3,left,PASS
5677-right,B2 Q5 B3,right,PASS
5678-left,B2 Q5 L3,left,PASS
5678-right,B2 Q5 L3,right,PASS
5679-left,B2 Q5 R3,left,PASS
5679-right,B2 Q5 R3,right,PASS
5680-left,B2 Q5 Q4,left,PASS
5680-right,B2 Q5 Q4,right,PASS
5681-left,B2 Q5 B4,left,PASS
5681-right,B2 Q5 B4,right,PASS
5682-left,B2 Q5 L4,left,PASS
5683-left,B2 Q5 R4,left,PASS
5683-right,B2 Q5 R4,right,PASS
5684-left,B2 Q5 Q5,left,PASS
5685-left,B2 Q5 B5,left,PASS
5686-left,B2 Q5 L5,left,PASS
5687-left,B2 Q5 R5,left,PASS
5688-left,B2 B5 Q0,left,PASS
5688-right,B2 B5 Q0,right,PASS
5689-left,B2 B5 B0,left,PASS
5689-right,B2 B5 B0,right,PASS
5690-left,B2 B5 L0,left,PASS
5690-right,B2 B5 L0,right,PASS
5691-left,B2 B5 R0,left,PASS
5691-right,B2 B5 R0,right,PASS
5692-left,B2 B5 Q1,left,PASS
5692-right,B2 B5 Q1,right,PASS
5693-left,B2 B5 B1,left,PASS
5693-right,B2 B5 B1,right,PASS
5694-left,B2 B5 L1,left,PASS
5694-right,B2 B5 L1,right,PASS
5695-left,B2 B5 R1,left,PASS
5695-right,B2 B5 R1,right,PASS
5696-left,B2 B5 Q2,left,PASS
5696-right,B2 B5 Q2,right,PASS
5697-left,B2 B5 B2,left,PASS
5697-right,B2 B5 B2,right,PASS
5698-left,B2 B5 L2,left,PASS
5698-right,B2 B5 L2,right,PASS
5699-left,B2 B5 R2,left,PASS
5699-right,B2 B5 R2,right,PASS
5700-left,B2 B5 Q3,left,PASS
5700-right,B2 B5 Q3,right,PASS
5701-left,B2 B5 B3,left,PASS
5701-right,B2 B5 B3,right,PASS
5702-left,B2 B5 L3,left,PASS
5702-right,B2 B5 L3,right,PASS
5703-left,B2 B5 R3,left,PASS
5703-right,B2 B5 R3,right,PASS
5704-left,B2 B5 Q4,left,PASS
5704-right,B2 B5 Q4,right,PASS
5705-left,B2 B5 B4,left,PASS
5705-right,B2 B5 B4,right,PASS
5706-left,B2 B5 L4,left,PASS
5707-left,B2 B5 R4,left,PASS
5707-right,B2 B5 R4,right,PASS
5708-left,B2 B5 Q5,left,PASS
5709-left,B2 B5 B5,left,PASS
5710-left,B2 B5 L5,left,PASS
5711-left,B2 B5 R5,left,PASS
5712-left,B2 L5 Q0,left,PASS
5713-left,B2 L5 B0,left,PASS
5714-left,B2 L5 L0,left,PASS
5715-left,B2 L5 R0,left,PASS
5716-left,B2 L5 Q1,left,PASS
5716-right,B2 L5 Q1,right,PASS
5717-left,B2 L5 B1,left,PASS
5717-right,B2 L5 B1,right,PASS
5718-left,B2 L5 L1,left,PASS
5719-left,B2 L5 R1,left,PASS
5719-right,B2 L5 R1,right,PASS
5720-left,B2 L5 Q2,left,PASS
5720-right,B2 L5 Q2,right,PASS
5721-left,B2 L5 B2,left,PASS
5721-right,B2 L5 B2,right,PASS
5722-left,B2 L5 L2,left,PASS
5723-left,B2 L5 R2,left,PASS
5723-right,B2 L5 R2,right,PASS
5724-left,B2 L5 Q3,left,PASS
5724-right,B2 L5 Q3,right,PASS
5725-left,B2 L5 B3,left,PASS
5725-right,B2 L5 B3,right,PASS
5726-left,B2 L5 L3,left,PASS
5727-left,B2 L5 R3,left,PASS
5727-right,B2 L5 R3,right,PASS
5728-left,B2 L5 Q4,left,PASS
5728-right,B2 L5 Q4,right,PASS
5729-left,B2 L5 B4,left,PASS
5729-right,B2 L5 B4,right,PASS
5730-left,B2 L5 L4,left,PASS
5731-left,B2 L5 R4,left,PASS
5731-right,B2 L5 R4,right,PASS
5732-left,B2 L5 Q5,left,PASS
5733-left,B2 L5 B5,left,PASS
5734-left,B2 L5 L5,left,PASS
5735-left,B2 L5 R5,left,PASS
5735-right,B2 L5 R5,right,PASS
5736-left,B2 R5 Q0,left,PASS
5736-right,B2 R5 Q0,right,PASS
5737-left,B2 R5 B0,left,PASS
5737-right,B2 R5 B0,right,PASS
5738-left,B2 R5 L0,left,PASS
5738-right,B2 R5 L0,right,PASS
5739-left,B2 R5 R0,left,PASS
5739-right,B2 R5 R0,right,PASS
5740-left,B2 R5 Q1,left,PASS
5740-right,B2 R5 Q1,right,PASS
5741-left,B2 R5 B1,left,PASS
5741-right,B2 R5 B1,right,PASS
5742-left,B2 R5 L1,left,PASS
5742-right,B2 R5 L1,right,PASS
5743-left,B2 R5 R1,left,PASS
5743-right,B2 R5 R1,right,PASS
5744-left,B2 R5 Q2,left,PASS
5744-right,B2 R5 Q2,right,PASS
5745-left,B2 R5 B2,left,PASS
5745-right,B2 R5 B2,right,PASS
5746-left,B2 R5 L2,left,PASS
5746-right,B2 R5 L2,right,PASS
5747-left,B2 R5 R2,left,PASS
5747-right,B2 R5 R2,right,PASS
5748-left,B2 R5 Q3,left,PASS
5748-right,B2 R5 Q3,right,PASS
5749-left,B2 R5 B3,left,PASS
5749-right,B2 R5 B3,right,PASS
5750-left,B2 R5 L3,left,PASS
5750-right,B2 R5 L3,right,PASS
5751-left,B2 R5 R3,left,PASS
5751-right,B2 R5 R3,right,PASS
5752-left,B2 R5 Q4,left,PASS
5752-right,B2 R5 Q4,right,PASS
5753-left,B2 R5 B4,left,PASS
5753-right,B2 R5 B4,right,PASS
5754-left,B2 R5 L4,left,PASS
5755-left,B2 R5 R4,left,PASS
5755-right,B2 R5 R4,right,PASS
5756-left,B2 R5 Q5,left,PASS
5757-left,B2 R5 B5,left,PASS
5758-left,B2 R5 L5,left,PASS
5758-right,B2 R5 L5,right,PASS
5759-left,B2 R5 R5,left,PASS
5759-right,B2 R5 R5,right,PASS
5760-left,L2 Q0 Q0,left,PASS
5761-left,L2 Q0 B0,left,PASS
5762-left,L2 Q0 L0,left,PASS
5763-left,L2 Q0 R0,left,PASS
5764-left,L2 Q0 Q1,left,PASS
5764-right,L2 Q0 Q1,right,PASS
5765-left,L2 Q0 B1,left,PASS
5765-right,L2 Q0 B1,right,PASS
5766-left,L2 Q0 L1,left,PASS
5766-right,L2 Q0 L1,right,PASS
5767-left,L2 Q0 R1,left,PASS
5767-right,L2 Q0 R1,right,PASS
5768-left,L2 Q0 Q2,left,PASS
5768-right,L2 Q0 Q2,right,PASS
5769-left,L2 Q0 B2,left,PASS
5769-right,L2 Q0 B2,right,PASS
5770-left,L2 Q0 L2,left,PASS
5770-right,L2 Q0 L2,right,PASS
5771-left,L2 Q0 R2,left,PASS
5771-right,L2 Q0 R2,right,PASS
5772-left,L2 Q0 Q3,left,PASS
5772-right,L2 Q0 Q3,right,PASS
5773-left,L2 Q0 B3,left,PASS
5773-right,L2 Q0 B3,right,PASS
5774-left,L2 Q0 L3,left,PASS
5774-right,L2 Q0 L3,right,PASS
5775-left,L2 Q0 R3,left,PASS
5775-right,L2 Q0 R3,right,PASS
5776-left,L2 Q0 Q4,left,PASS
5776-right,L2 Q0 Q4,right,PASS
5777-left,L2 Q0 B4,left,PASS
5777-right,L2 Q0 B4,right,PASS
5778-left,L2 Q0 L4,left,PASS
5778-right,L2 Q0 L4,right,PASS
5779-left,L2 Q0 R4,left,PASS
5779-right,L2 Q0 R4,right,PASS
5780-left,L2 Q0 Q5,left,PASS
5780-right,L2 Q0 Q5,right,PASS
5781-left,L2 Q0 B5,left,PASS
5781-right,L2 Q0 B5,right,PASS
5782-left,L2 Q0 L5,left,PASS
5783-left,L2 Q0 R5,left,PASS
5783-right,L2 Q0 R5,right,PASS
5784-left,L2 B0 Q0,left,PASS
5785-left,L2 B0 B0,left,PASS
5786-left,L2 B0 L0,left,PASS
5787-left,L2 B0 R0,left,PASS
5788-left,L2 B0 Q1,left,PASS
5788-right,L2 B0 Q1,right,PASS
5789-left,L2 B0 B1,left,PASS
5789-right,L2 B0 B1,right,PASS
5790-left,L2 B0 L1,left,PASS
5790-right,L2 B0 L1,right,PASS
5791-left,L2 B0 R1,left,PASS
5791-right,L2 B0 R1,right,PASS
5792-left,L2 B0 Q2,left,PASS
5792-right,L2 B0 Q2,right,PASS
5793-left,L2 B0 B2,left,PASS
5793-right,L2 B0 B2,right,PASS
5794-left,L2 B0 L2,left,PASS
5794-right,L2 B0 L2,right,PASS
5795-left,L2 B0 R2,left,PASS
5795-right,L2 B0 R2,right,PASS
5796-left,L2 B0 Q3,left,PASS
5796-right,L2 B0 Q3,right,PASS
5797-left,L2 B0 B3,left,PASS
5797-right,L2 B0 B3,right,PASS
5798-left,L2 B0 L3,left,PASS
5798-right,L2 B0 L3,right,PASS
5799-left,L2 B0 R3,left,PASS
5799-right,L2 B0 R3,right,PASS
5800-left,L2 B0 Q4,left,PASS
5800-right,L2 B0 Q4,right,PASS
5801-left,L2 B0 B4,left,PASS
5801-right,L2 B0 B4,right,PASS
5802-left,L2 B0 L4,left,PASS
5802-right,L2 B0 L4,right,PASS
5803-left,L2 B0 R4,left,PASS
5803-right,L2 B0 R4,right,PASS
5804-left,L2 B0 Q5,left,PASS
5804-right,L2 B0 Q5,right,PASS
5805-left,L2 B0 B5,left,PASS
5805-right,L2 B0 B5,right,PASS
5806-left,L2 B0 L5,left,PASS
5807-left,L2 B0 R5,left,PASS
5807-right,L2 B0 R5,right,PASS
5811-right,L2 L0 R0,right,PASS
5816-right,L2 L0 Q2,right,PASS
5817-right,L2 L0 B2,right,PASS
5819-right,L2 L0 R2,right,PASS
5820-right,L2 L0 Q3,right,PASS
5821-right,L2 L0 B3,right,PASS
5823-right,L2 L0 R3,right,PASS
5824-right,L2 L0 Q4,right,PASS
5825-right,L2 L0 B4,right,PASS
5827-right,L2 L0 R4,right,PASS
5828-right,L2 L0 Q5,right,PASS
5829-right,L2 L0 B5,right,PASS
5831-right,L2 L0 R5,right,PASS
5832-left,L2 R0 Q0,left,PASS
5833-left,L2 R0 B0,left,PASS
5834-left,L2 R0 L0,left,PASS
5834-right,L2 R0 L0,right,PASS
5835-left,L2 R0 R0,left,PASS
5835-right,L2 R0 R0,right,PASS
5836-left,L2 R0 Q1,left,PASS
5836-right,L2 R0 Q1,right,PASS
5837-left,L2 R0 B1,left,PASS
5837-right,L2 R0 B1,right,PASS
5838-left,L2 R0 L1,left,PASS
5838-right,L2 R0 L1,right,PASS
5839-left,L2 R0 R1,left,PASS
5839-right,L2 R0 R1,right,PASS
5840-left,L2 R0 Q2,left,PASS
5840-right,L2 R0 Q2,right,PASS
5841-left,L2 R0 B2,left,PASS
5841-right,L2 R0 B2,right,PASS
5842-left,L2 R0 L2,left,PASS
5842-right,L2 R0 L2,right,PASS
5843-left,L2 R0 R2,left,PASS
5843-right,L2 R0 R2,right,PASS
5844-left,L2 R0 Q3,left,PASS
5844-right,L2 R0 Q3,right,PASS
5845-left,L2 R0 B3,left,PASS
5845-right,L2 R0 B3,right,PASS
5846-left,L2 R0 L3,left,PASS
5846-right,L2 R0 L3,right,PASS
5847-left,L2 R0 R3,left,PASS
5847-right,L2 R0 R3,right,PASS
5848-left,L2 R0 Q4,left,PASS
5848-right,L2 R0 Q4,right,PASS
5849-left,L2 R0 B4,left,PASS
5849-right,L2 R0 B4,right,PASS
5850-left,L2 R0 L4,left,PASS
5850-right,L2 R0 L4,right,PASS
5851-left,L2 R0 R4,left,PASS
5851-right,L2 R0 R4,right,PASS
5852-left,L2 R0 Q5,left,PASS
5852-right,L2 R0 Q5,right,PASS
5853-left,L2 R0 B5,left,PASS
5853-right,L2 R0 B5,right,PASS
5854-left,L2 R0 L5,left,PASS
5855-left,L2 R0 R5,left,PASS
5855-right,L2 R0 R5,right,PASS
5856-left,L2 Q1 Q0,left,PASS
5856-right,L2 Q1 Q0,right,PASS
5857-left,L2 Q1 B0,left,PASS
5857-right,L2 Q1 B0,right,PASS
5858-left,L2 Q1 L0,left,PASS
5859-left,L2 Q1 R0,left,PASS
5859-right,L2 Q1 R0,right,PASS
5860-left,L2 Q1 Q1,left,PASS
5861-left,L2 Q1 B1,left,PASS
5862-left,L2 Q1 L1,left,PASS
5863-left,L2 Q1 R1,left,PASS
5864-left,L2 Q1 Q2,left,PASS
5864-right,L2 Q1 Q2,right,PASS
5865-left,L2 Q1 B2,left,PASS
5865-right,L2 Q1 B2,right,PASS
5866-left,L2 Q1 L2,left,PASS
5866-right,L2 Q1 L2,right,PASS
5867-left,L2 Q1 R2,left,PASS
5867-right,L2 Q1 R2,right,PASS
5868-left,L2 Q1 Q3,left,PASS
5868-right,L2 Q1 Q3,right,PASS
5869-left,L2 Q1 B3,left,PASS
5869-right,L2 Q1 B3,right,PASS
5870-left,L2 Q1 L3,left,PASS
5870-right,L2 Q1 L3,right,PASS
5871-left,L2 Q1 R3,left,PASS
5871-right,L2 Q1 R3,right,PASS
5872-left,L2 Q1 Q4,left,PASS
5872-right,L2 Q1 Q4,right,PASS
5873-left,L2 Q1 B4,left,PASS
5873-right,L2 Q1 B4,right,PASS
5874-left,L2 Q1 L4,left,PASS
5874-right,L2 Q1 L4,right,PASS
5875-left,L2 Q1 R4,left,PASS
5875-right,L2 Q1 R4,right,PASS
5876-left,L2 Q1 Q5,left,PASS
5876-right,L2 Q1 Q5,right,PASS
5877-left,L2 Q1 B5,left,PASS
5877-right,L2 Q1 B5,right,PASS
5878-left,L2 Q1 L5,left,PASS
5878-right,L2 Q1 L5,right,PASS
5879-left,L2 Q1 R5,left,PASS
5879-right,L2 Q1 R5,right,PASS
5880-left,L2 B1 Q0,left,PASS
5880-right,L2 B1 Q0,right,PASS
5881-left,L2 B1 B0,left,PASS
5881-right,L2 B1 B0,right,PASS
5882-left,L2 B1 L0,left,PASS
5883-left,L2 B1 R0,left,PASS
5883-right,L2 B1 R0,right,PASS
5884-left,L2 B1 Q1,left,PASS
5885-left,L2 B1 B1,left,PASS
5886-left,L2 B1 L1,left,PASS
5887-left,L2 B1 R1,left,PASS
5888-left,L2 B1 Q2,left,PASS
5888-right,L2 B1 Q2,right,PASS
5889-left,L2 B1 B2,left,PASS
5889-right,L2 B1 B2,right,PASS
5890-left,L2 B1 L2,left,PASS
5890-right,L2 B1 L2,right,PASS
5891-left,L2 B1 R2,left,PASS
5891-right,L2 B1 R2,right,PASS
5892-left,L2 B1 Q3,left,PASS
5892-right,L2 B1 Q3,right,PASS
5893-left,L2 B1 B3,left,PASS
5893-right,L2 B1 B3,right,PASS
5894-left,L2 B1 L3,left,PASS
5894-right,L2 B1 L3,right,PASS
5895-left,L2 B1 R3,left,PASS
5895-right,L2 B1 R3,right,PASS
5896-left,L2 B1 Q4,left,PASS
5896-right,L2 B1 Q4,right,PASS
5897-left,L2 B1 B4,left,PASS
5897-right,L2 B1 B4,right,PASS
5898-left,L2 B1 L4,left,PASS
5898-right,L2 B1 L4,right,PASS
5899-left,L2 B1 R4,left,PASS
5899-right,L2 B1 R4,right,PASS
5900-left,L2 B1 Q5,left,PASS
5900-right,L2 B1 Q5,right,PASS
5901-left,L2 B1 B5,left,PASS
5901-right,L2 B1 B5,right,PASS
5902-left,L2 B1 L5,left,PASS
5902-right,L2 B1 L5,right,PASS
5903-left,L2 B1 R5,left,PASS
5903-right,L2 B1 R5,right,PASS
5904-right,L2 L1 Q0,right,PASS
5905-right,L2 L1 B0,right,PASS
5907-right,L2 L1 R0,right,PASS
5911-right,L2 L1 R1,right,PASS
5916-right,L2 L1 Q3,right,PASS
5917-right,L2 L1 B3,right,PASS
5919-right,L2 L1 R3,right,PASS
5920-right,L2 L1 Q4,right,PASS
5921-right,L2 L1 B4,right,PASS
5923-right,L2 L1 R4,right,PASS
5924-right,L2 L1 Q5,right,PASS
5925-right,L2 L1 B5,right,PASS
5927-right,L2 L1 R5,right,PASS
5928-left,L2 R1 Q0,left,PASS
5928-right,L2 R1 Q0,right,PASS
5929-left,L2 R1 B0,left,PASS
5929-right,L2 R1 B0,right,PASS
5930-left,L2 R1 L0,left,PASS
5931-left,L2 R1 R0,left,PASS
5931-right,L2 R1 R0,right,PASS
5932-left,L2 R1 Q1,left,PASS
5933-left,L2 R1 B1,left,PASS
5934-left,L2 R1 L1,left,PASS
5934-right,L2 R1 L1,right,PASS
5935-left,L2 R1 R1,left,PASS
5935-right,L2 R1 R1,right,PASS
5936-left,L2 R1 Q2,left,PASS
5936-right,L2 R1 Q2,right,PASS
5937-left,L2 R1 B2,left,PASS
5937-right,L2 R1 B2,right,PASS
5938-left,L2 R1 L2,left,PASS
5938-right,L2 R1 L2,right,PASS
5939-left,L2 R1 R2,left,PASS
5939-right,L2 R1 R2,right,PASS
5940-left,L2 R1 Q3,left,PASS
5940-right,L2 R1 Q3,right,PASS
5941-left,L2 R1 B3,left,PASS
5941-right,L2 R1 B3,right,PASS
5942-left,L2 R1 L3,left,PASS
5942-right,L2 R1 L3,right,PASS
5943-left,L2 R1 R3,left,PASS
5943-right,L2 R1 R3,right,PASS
5944-left,L2 R1 Q4,left,PASS
5944-right,L2 R1 Q4,right,PASS
5945-left,L2 R1 B4,left,PASS
5945-right,L2 R1 B4,right,PASS
5946-left,L2 R1 L4,left,PASS
5946-right,L2 R1 L4,right,PASS
5947-left,L2 R1 R4,left,PASS
5947-right,L2 R1 R4,right,PASS
5948-left,L2 R1 Q5,left,PASS
5948-right,L2 R1 Q5,right,PASS
5949-left,L2 R1 B5,left,PASS
5949-right,L2 R1 B5,right,PASS
5950-left,L2 R1 L5,left,PASS
5950-right,L2 R1 L5,right,PASS
5951-left,L2 R1 R5,left,PASS
5951-right,L2 R1 R5,right,PASS
5952-right,L2 Q2 Q0,right,PASS
5953-right,L2 Q2 B0,right,PASS
5954-right,L2 Q2 L0,right,PASS
5955-right,L2 Q2 R0,right,PASS
5956-right,L2 Q2 Q1,right,PASS
5957-right,L2 Q2 B1,right,PASS
5959-right,L2 Q2 R1,right,PASS
5964-right,L2 Q2 Q3,right,PASS
5965-right,L2 Q2 B3,right,PASS
5966-right,L2 Q2 L3,right,PASS
5967-right,L2 Q2 R3,right,PASS
5968-right,L2 Q2 Q4,right,PASS
5969-right,L2 Q2 B4,right,PASS
5970-right,L2 Q2 L4,right,PASS
5971-right,L2 Q2 R4,right,PASS
5972-right,L2 Q2 Q5,right,PASS
5973-right,L2 Q2 B5,right,PASS
5974-right,L2 Q2 L5,right,PASS
5975-right,L2 Q2 R5,right,PASS
5976-right,L2 B2 Q0,right,PASS
5977-right,L2 B2 B0,right,PASS
5978-right,L2 B2 L0,right,PASS
5979-right,L2 B2 R0,right,PASS
5980-right,L2 B2 Q1,right,PASS
5981-right,L2 B2 B1,right,PASS
5983-right,L2 B2 R1,right,PASS
5988-right,L2 B2 Q3,right,PASS
5989-right,L2 B2 B3,right,PASS
5990-right,L2 B2 L3,right,PASS
5991-right,L2 B2 R3,right,PASS
5992-right,L2 B2 Q4,right,PASS
5993-right,L2 B2 B4,right,PASS
5994-right,L2 B2 L4,right,PASS
5995-right,L2 B2 R4,right,PASS
5996-right,L2 B2 Q5,right,PASS
5997-right,L2 B2 B5,right,PASS
5998-right,L2 B2 L5,right,PASS
5999-right,L2 B2 R5,right,PASS
6000-right,L2 L2 Q0,right,PASS
6001-right,L2 L2 B0,right,PASS
6003-right,L2 L2 R0,right,PASS
6004-right,L2 L2 Q1,right,PASS
6005-right,L2 L2 B1,right,PASS
6007-right,L2 L2 R1,right,PASS
6011-right,L2 L2 R2,right,PASS
6016-right,L2 L2 Q4,right,PASS
6017-right,L2 L2 B4,right,PASS
6019-right,L2 L2 R4,right,PASS
6020-right,L2 L2 Q5,right,PASS
6021-right,L2 L2 B5,right,PASS
6023-right,L2 L2 R5,right,PASS
6024-left,L2 R2 Q0,left,PASS
6024-right,L2 R2 Q0,right,PASS
6025-left,L2 R2 B0,left,PASS
6025-right,L2 R2 B0,right,PASS
6026-left,L2 R2 L0,left,PASS
6026-right,L2 R2 L0,right,PASS
6027-left,L2 R2 R0,left,PASS
6027-right,L2 R2 R0,right,PASS
6028-left,L2 R2 Q1,left,PASS
6028-right,L2 R2 Q1,right,PASS
6029-left,L2 R2 B1,left,PASS
6029-right,L2 R2 B1,right,PASS
6030-left,L2 R2 L1,left,PASS
6031-left,L2 R2 R1,left,PASS
6031-right,L2 R2 R1,right,PASS
6032-left,L2 R2 Q2,left,PASS
6033-left,L2 R2 B2,left,PASS
6034-left,L2 R2 L2,left,PASS
6034-right,L2 R2 L2,right,PASS
6035-left,L2 R2 R2,left,PASS
6035-right,L2 R2 R2,right,PASS
6036-left,L2 R2 Q3,left,PASS
6036-right,L2 R2 Q3,right,PASS
6037-left,L2 R2 B3,left,PASS
6037-right,L2 R2 B3,right,PASS
6038-left,L2 R2 L3,left,PASS
6038-right,L2 R2 L3,right,PASS
6039-left,L2 R2 R3,left,PASS
6039-right,L2 R2 R3,right,PASS
6040-left,L2 R2 Q4,left,PASS
6040-right,L2 R2 Q4,right,PASS
6041-left,L2 R2 B4,left,PASS
6041-right,L2 R2 B4,right,PASS
6042-left,L2 R2 L4,left,PASS
6042-right,L2 R2 L4,right,PASS
6043-left,L2 R2 R4,left,PASS
6043-right,L2 R2 R4,right,PASS
6044-left,L2 R2 Q5,left,PASS
6044-right,L2 R2 Q5,right,PASS
6045-left,L2 R2 B5,left,PASS
6045-right,L2 R2 B5,right,PASS
6046-left,L2 R2 L5,left,PASS
6046-right,L2 R2 L5,right,PASS
6047-left,L2 R2 R5,left,PASS
6047-right,L2 R2 R5,right,PASS
6048-right,L2 Q3 Q0,right,PASS
6049-right,L2 Q3 B0,right,PASS
6050-right,L2 Q3 L0,right,PASS
6051-right,L2 Q3 R0,right,PASS
6052-right,L2 Q3 Q1,right,PASS
6053-right,L2 Q3 B1,right,PASS
6054-right,L2 Q3 L1,right,PASS
6055-right,L2 Q3 R1,right,PASS
6056-right,L2 Q3 Q2,right,PASS
6057-right,L2 Q3 B2,right,PASS
6059-right,L2 Q3 R2,right,PASS
6064-right,L2 Q3 Q4,right,PASS
6065-right,L2 Q3 B4,right,PASS
6066-right,L2 Q3 L4,right,PASS
6067-right,L2 Q3 R4,right,PASS
6068-right,L2 Q3 Q5,right,PASS
6069-right,L2 Q3 B5,right,PASS
6070-right,L2 Q3 L5,right,PASS
6071-right,L2 Q3 R5,right,PASS
6072-right,L2 B3 Q0,right,PASS
6073-right,L2 B3 B0,right,PASS
6074-right,L2 B3 L0,right,PASS
6075-right,L2 B3 R0,right,PASS
6076-right,L2 B3 Q1,right,PASS
6077-right,L2 B3 B1,right,PASS
6078-right,L2 B3 L1,right,PASS
6079-right,L2 B3 R1,right,PASS
6080-right,L2 B3 Q2,right,PASS
6081-right,L2 B3 B2,right,PASS
6083-right,L2 B3 R2,right,PASS
6088-right,L2 B3 Q4,right,PASS
6089-right,L2 B3 B4,right,PASS
6090-right,L2 B3 L4,right,PASS
6091-right,L2 B3 R4,right,PASS
6092-right,L2 B3 Q5,right,PASS
6093-right,L2 B3 B5,right,PASS
6094-right,L2 B3 L5,right,PASS
6095-right,L2 B3 R5,right,PASS
6096-right,L2 L3 Q0,right,PASS
6097-right,L2 L3 B0,right,PASS
6099-right,L2 L3 R0,right,PASS
6100-right,L2 L3 Q1,right,PASS
6101-right,L2 L3 B1,right,PASS
6103-right,L2 L3 R1,right,PASS
6104-right,L2 L3 Q2,right,PASS
6105-right,L2 L3 B2,right,PASS
6107-right,L2 L3 R2,right,PASS
6111-right,L2 L3 R3,right,PASS
6116-right,L2 L3 Q5,right,PASS
6117-right,L2 L3 B5,right,PASS
6119-right,L2 L3 R5,right,PASS
6120-right,L2 R3 Q0,right,PASS
6121-right,L2 R3 B0,right,PASS
6122-right,L2 R3 L0,right,PASS
6123-right,L2 R3 R0,right,PASS
6124-right,L2 R3 Q1,right,PASS
6125-right,L2 R3 B1,right,PASS
6126-right,L2 R3 L1,right,PASS
6127-right,L2 R3 R1,right,PASS
6128-right,L2 R3 Q2,right,PASS
6129-right,L2 R3 B2,right,PASS
6131-right,L2 R3 R2,right,PASS
6134-right,L2 R3 L3,right,PASS
6135-right,L2 R3 R3,right,PASS
6136-right,L2 R3 Q4,right,PASS
6137-right,L2 R3 B4,right,PASS
6138-right,L2 R3 L4,right,PASS
6139-right,L2 R3 R4,right,PASS
6140-right,L2 R3 Q5,right,PASS
6141-right,L2 R3 B5,right,PASS
6142-right,L2 R3 L5,right,PASS
6143-right,L2 R3 R5,right,PASS
6144-left,L2 Q4 Q0,left,PASS
6144-right,L2 Q4 Q0,right,PASS
6145-left,L2 Q4 B0,left,PASS
6145-right,L2 Q4 B0,right,PASS
6146-left,L2 Q4 L0,left,PASS
6146-right,L2 Q4 L0,right,PASS
6147-left,L2 Q4 R0,left,PASS
6147-right,L2 Q4 R0,right,PASS
6148-left,L2 Q4 Q1,left,PASS
6148-right,L2 Q4 Q1,right,PASS
6149-left,L2 Q4 B1,left,PASS
6149-right,L2 Q4 B1,right,PASS
6150-left,L2 Q4 L1,left,PASS
6150-right,L2 Q4 L1,right,PASS
6151-left,L2 Q4 R1,left,PASS
6151-right,L2 Q4 R1,right,PASS
6152-left,L2 Q4 Q2,left,PASS
6152-right,L2 Q4 Q2,right,PASS
6153-left,L2 Q4 B2,left,PASS
6153-right,L2 Q4 B2,right,PASS
6154-left,L2 Q4 L2,left,PASS
6154-right,L2 Q4 L2,right,PASS
6155-left,L2 Q4 R2,left,PASS
6155-right,L2 Q4 R2,right,PASS
6156-left,L2 Q4 Q3,left,PASS
6156-right,L2 Q4 Q3,right,PASS
6157-left,L2 Q4 B3,left,PASS
6157-right,L2 Q4 B3,right,PASS
6158-left,L2 Q4 L3,left,PASS
6159-left,L2 Q4 R3,left,PASS
6159-right,L2 Q4 R3,right,PASS
6160-left,L2 Q4 Q4,left,PASS
6161-left,L2 Q4 B4,left,PASS
6162-left,L2 Q4 L4,left,PASS
6163-left,L2 Q4 R4,left,PASS
6164-left,L2 Q4 Q5,left,PASS
6164-right,L2 Q4 Q5,right,PASS
6165-left,L2 Q4 B5,left,PASS
6165-right,L2 Q4 B5,right,PASS
6166-left,L2 Q4 L5,left,PASS
6166-right,L2 Q4 L5,right,PASS
6167-left,L2 Q4 R5,left,PASS
6167-right,L2 Q4 R5,right,PASS
6168-left,L2 B4 Q0,left,PASS
6168-right,L2 B4 Q0,right,PASS
6169-left,L2 B4 B0,left,PASS
6169-right,L2 B4 B0,right,PASS
6170-left,L2 B4 L0,left,PASS
6170-right,L2 B4 L0,right,PASS
6171-left,L2 B4 R0,left,PASS
6171-right,L2 B4 R0,right,PASS
6172-left,L2 B4 Q1,left,PASS
6172-right,L2 B4 Q1,right,PASS
6173-left,L2 B4 B1,left,PASS
6173-right,L2 B4 B1,right,PASS
6174-left,L2 B4 L1,left,PASS
6174-right,L2 B4 L1,right,PASS
6175-left,L2 B4 R1,left,PASS
6175-right,L2 B4 R1,right,PASS
6176-left,L2 B4 Q2,left,PASS
6176-right,L2 B4 Q2,right,PASS
6177-left,L2 B4 B2,left,PASS
6177-right,L2 B4 B2,right,PASS
6178-left,L2 B4 L2,left,PASS
6178-right,L2 B4 L2,right,PASS
6179-left,L2 B4 R2,left,PASS
6179-right,L2 B4 R2,right,PASS
6180-left,L2 B4 Q3,left,PASS
6180-right,L2 B4 Q3,right,PASS
6181-left,L2 B4 B3,left,PASS
6181-right,L2 B4 B3,right,PASS
6182-left,L2 B4 L3,left,PASS
6183-left,L2 B4 R3,left,PASS
6183-right,L2 B4 R3,right,PASS
6184-left,L2 B4 Q4,left,PASS
6185-left,L2 B4 B4,left,PASS
6186-left,L2 B4 L4,left,PASS
6187-left,L2 B4 R4,left,PASS
6188-left,L2 B4 Q5,left,PASS
6188-right,L2 B4 Q5,right,PASS
6189-left,L2 B4 B5,left,PASS
6189-right,L2 B4 B5,right,PASS
6190-left,L2 B4 L5,left,PASS
6190-right,L2 B4 L5,right,PASS
6191-left,L2 B4 R5,left,PASS
6191-right,L2 B4 R5,right,PASS
6192-right,L2 L4 Q0,right,PASS
6193-right,L2 L4 B0,right,PASS
6195-right,L2 L4 R0,right,PASS
6196-right,L2 L4 Q1,right,PASS
6197-right,L2 L4 B1,right,PASS
6199-right,L2 L4 R1,right,PASS
6200-right,L2 L4 Q2,right,PASS
6201-right,L2 L4 B2,right,PASS
6203-right,L2 L4 R2,right,PASS
6204-right,L2 L4 Q3,right,PASS
6205-right,L2 L4 B3,right,PASS
6207-right,L2 L4 R3,right,PASS
6211-right,L2 L4 R4,right,PASS
6216-left,L2 R4 Q0,left,PASS
6216-right,L2 R4 Q0,right,PASS
6217-left,L2 R4 B0,left,PASS
6217-right,L2 R4 B0,right,PASS
6218-left,L2 R4 L0,left,PASS
6218-right,L2 R4 L0,right,PASS
6219-left,L2 R4 R0,left,PASS
6219-right,L2 R4 R0,right,PASS
6220-left,L2 R4 Q1,left,PASS
6220-right,L2 R4 Q1,right,PASS
6221-left,L2 R4 B1,left,PASS
6221-right,L2 R4 B1,right,PASS
6222-left,L2 R4 L1,left,PASS
6222-right,L2 R4 L1,right,PASS
6223-left,L2 R4 R1,left,PASS
6223-right,L2 R4 R1,right,PASS
6224-left,L2 R4 Q2,left,PASS
6224-right,L2 R4 Q2,right,PASS
6225-left,L2 R4 B2,left,PASS
6225-right,L2 R4 B2,right,PASS
6226-left,L2 R4 L2,left,PASS
6226-right,L2 R4 L2,right,PASS
6227-left,L2 R4 R2,left,PASS
6227-right,L2 R4 R2,right,PASS
6228-left,L2 R4 Q3,left,PASS
6228-right,L2 R4 Q3,right,PASS
6229-left,L2 R4 B3,left,PASS
6229-right,L2 R4 B3,right,PASS
6230-left,L2 R4 L3,left,PASS
6231-left,L2 R4 R3,left,PASS
6231-right,L2 R4 R3,right,PASS
6232-left,L2 R4 Q4,left,PASS
6233-left,L2 R4 B4,left,PASS
6234-left,L2 R4 L4,left,PASS
6234-right,L2 R4 L4,right,PASS
6235-left,L2 R4 R4,left,PASS
6235-right,L2 R4 R4,right,PASS
6236-left,L2 R4 Q5,left,PASS
6236-right,L2 R4 Q5,right,PASS
6237-left,L2 R4 B5,left,PASS
6237-right,L2 R4 B5,right,PASS
6238-left,L2 R4 L5,left,PASS
6238-right,L2 R4 L5,right,PASS
6239-left,L2 R4 R5,left,PASS
6239-right,L2 R4 R5,right,PASS
6240-left,L2 Q5 Q0,left,PASS
6240-right,L2 Q5 Q0,right,PASS
6241-left,L2 Q5 B0,left,PASS
6241-right,L2 Q5 B0,right,PASS
6242-left,L2 Q5 L0,left,PASS
6242-right,L2 Q5 L0,right,PASS
6243-left,L2 Q5 R0,left,PASS
6243-right,L2 Q5 R0,right,PASS
6244-left,L2 Q5 Q1,left,PASS
6244-right,L2 Q5 Q1,right,PASS
6245-left,L2 Q5 B1,left,PASS
6245-right,L2 Q5 B1,right,PASS
6246-left,L2 Q5 L1,left,PASS
6246-right,L2 Q5 L1,right,PASS
6247-left,L2 Q5 R1,left,PASS
6247-right,L2 Q5 R1,right,PASS
6248-left,L2 Q5 Q2,left,PASS
6248-right,L2 Q5 Q2,right,PASS
6249-left,L2 Q5 B2,left,PASS
6249-right,L2 Q5 B2,right,PASS
6250-left,L2 Q5 L2,left,PASS
6250-right,L2 Q5 L2,right,PASS
6251-left,L2 Q5 R2,left,PASS
6251-right,L2 Q5 R2,right,PASS
6252-left,L2 Q5 Q3,left,PASS
6252-right,L2 Q5 Q3,right,PASS
6253-left,L2 Q5 B3,left,PASS
6253-right,L2 Q5 B3,right,PASS
6254-left,L2 Q5 L3,left,PASS
6254-right,L2 Q5 L3,right,PASS
6255-left,L2 Q5 R3,left,PASS
6255-right,L2 Q5 R3,right,PASS
6256-left,L2 Q5 Q4,left,PASS
6256-right,L2 Q5 Q4,right,PASS
6257-left,L2 Q5 B4,left,PASS
6257-right,L2 Q5 B4,right,PASS
6258-left,L2 Q5 L4,left,PASS
6259-left,L2 Q5 R4,left,PASS
6259-right,L2 Q5 R4,right,PASS
6260-left,L2 Q5 Q5,left,PASS
6261-left,L2 Q5 B5,left,PASS
6262-left,L2 Q5 L5,left,PASS
6263-left,L2 Q5 R5,left,PASS
6264-left,L2 B5 Q0,left,PASS
6264-right,L2 B5 Q0,right,PASS
6265-left,L2 B5 B0,left,PASS
6265-right,L2 B5 B0,right,PASS
6266-left,L2 B5 L0,left,PASS
6266-right,L2 B5 L0,right,PASS
6267-left,L2 B5 R0,left,PASS
6267-right,L2 B5 R0,right,PASS
6268-left,L2 B5 Q1,left,PASS
6268-right,L2 B5 Q1,right,PASS
6269-left,L2 B5 B1,left,PASS
6269-right,L2 B5 B1,right,PASS
6270-left,L2 B5 L1,left,PASS
6270-right,L2 B5 L1,right,PASS
6271-left,L2 B5 R1,left,PASS
6271-right,L2 B5 R1,right,PASS
6272-left,L2 B5 Q2,left,PASS
6272-right,L2 B5 Q2,right,PASS
6273-left,L2 B5 B2,left,PASS
6273-right,L2 B5 B2,right,PASS
6274-left,L2 B5 L2,left,PASS
6274-right,L2 B5 L2,right,PASS
6275-left,L2 B5 R2,left,PASS
6275-right,L2 B5 R2,right,PASS
6276-left,L2 B5 Q3,left,PASS
6276-right,L2 B5 Q3,right,PASS
6277-left,L2 B5 B3,left,PASS
6277-right,L2 B5 B3,right,PASS
6278-left,L2 B5 L3,left,PASS
6278-right,L2 B5 L3,right,PASS
6279-left,L2 B5 R3,left,PASS
6279-right,L2 B5 R3,right,PASS
6280-left,L2 B5 Q4,left,PASS
6280-right,L2 B5 Q4,right,PASS
6281-left,L2 B5 B4,left,PASS
6281-right,L2 B5 B4,right,PASS
6282-left,L2 B5 L4,left,PASS
6283-left,L2 B5 R4,left,PASS
6283-right,L2 B5 R4,right,PASS
6284-left,L2 B5 Q5,left,PASS
6285-left,L2 B5 B5,left,PASS
6286-left,L2 B5 L5,left,PASS
6287-left,L2 B5 R5,left,PASS
6292-right,L2 L5 Q1,right,PASS
6293-right,L2 L5 B1,right,PASS
6295-right,L2 L5 R1,right,PASS
6296-right,L2 L5 Q2,right,PASS
6297-right,L2 L5 B2,right,PASS
6299-right,L2 L5 R2,right,PASS
6300-right,L2 L5 Q3,right,PASS
6301-right,L2 L5 B3,right,PASS
6303-right,L2 L5 R3,right,PASS
6304-right,L2 L5 Q4,right,PASS
6305-right,L2 L5 B4,right,PASS
6307-right,L2 L5 R4,right,PASS
6311-right,L2 L5 R5,right,PASS
6312-left,L2 R5 Q0,left,PASS
6312-right,L2 R5 Q0,right,PASS
6313-left,L2 R5 B0,left,PASS
6313-right,L2 R5 B0,right,PASS
6314-left,L2 R5 L0,left,PASS
6314-right,L2 R5 L0,right,PASS
6315-left,L2 R5 R0,left,PASS
6315-right,L2 R5 R0,right,PASS
6316-left,L2 R5 Q1,left,PASS
6316-right,L2 R5 Q1,right,PASS
6317-left,L2 R5 B1,left,PASS
6317-right,L2 R5 B1,right,PASS
6318-left,L2 R5 L1,left,PASS
6318-right,L2 R5 L1,right,PASS
6319-left,L2 R5 R1,left,PASS
6319-right,L2 R5 R1,right,PASS
6320-left,L2 R5 Q2,left,PASS
6320-right,L2 R5 Q2,right,PASS
6321-left,L2 R5 B2,left,PASS
6321-right,L2 R5 B2,right,PASS
6322-left,L2 R5 L2,left,PASS
6322-right,L2 R5 L2,right,PASS
6323-left,L2 R5 R2,left,PASS
6323-right,L2 R5 R2,right,PASS
6324-left,L2 R5 Q3,left,PASS
6324-right,L2 R5 Q3,right,PASS
6325-left,L2 R5 B3,left,PASS
6325-right,L2 R5 B3,right,PASS
6326-left,L2 R5 L3,left,PASS
6326-right,L2 R5 L3,right,PASS
6327-left,L2 R5 R3,left,PASS
6327-right,L2 R5 R3,right,PASS
6328-left,L2 R5 Q4,left,PASS
6328-right,L2 R5 Q4,right,PASS
6329-left,L2 R5 B4,left,PASS
6329-right,L2 R5 B4,right,PASS
6330-left,L2 R5 L4,left,PASS
6331-left,L2 R5 R4,left,PASS
6331-right,L2 R5 R4,right,PASS
6332-left,L2 R5 Q5,left,PASS
6333-left,L2 R5 B5,left,PASS
6334-left,L2 R5 L5,left,PASS
6334-right,L2 R5 L5,right,PASS
6335-left,L2 R5 R5,left,PASS
6335-right,L2 R5 R5,right,PASS
6336-left,R2 Q0 Q0,left,PASS
6337-left,R2 Q0 B0,left,PASS
6338-left,R2 Q0 L0,left,PASS
6339-left,R2 Q0 R0,left,PASS
6340-left,R2 Q0 Q1,left,PASS
6340-right,R2 Q0 Q1,right,PASS
6341-left,R2 Q0 B1,left,PASS
6341-right,R2 Q0 B1,right,PASS
6342-left,R2 Q0 L1,left,PASS
6342-right,R2 Q0 L1,right,PASS
6343-left,R2 Q0 R1,left,PASS
6343-right,R2 Q0 R1,right,PASS
6344-left,R2 Q0 Q2,left,PASS
6344-right,R2 Q0 Q2,right,PASS
6345-left,R2 Q0 B2,left,PASS
6345-right,R2 Q0 B2,right,PASS
6346-left,R2 Q0 L2,left,PASS
6346-right,R2 Q0 L2,right,PASS
6347-left,R2 Q0 R2,left,PASS
6347-right,R2 Q0 R2,right,PASS
6348-left,R2 Q0 Q3,left,PASS
6348-right,R2 Q0 Q3,right,PASS
6349-left,R2 Q0 B3,left,PASS
6349-right,R2 Q0 B3,right,PASS
6350-left,R2 Q0 L3,left,PASS
6350-right,R2 Q0 L3,right,PASS
6351-left,R2 Q0 R3,left,PASS
6351-right,R2 Q0 R3,right,PASS
6352-left,R2 Q0 Q4,left,PASS
6352-right,R2 Q0 Q4,right,PASS
6353-left,R2 Q0 B4,left,PASS
6353-right,R2 Q0 B4,right,PASS
6354-left,R2 Q0 L4,left,PASS
6354-right,R2 Q0 L4,right,PASS
6355-left,R2 Q0 R4,left,PASS
6355-right,R2 Q0 R4,right,PASS
6356-left,R2 Q0 Q5,left,PASS
6356-right,R2 Q0 Q5,right,PASS
6357-left,R2 Q0 B5,left,PASS
6357-right,R2 Q0 B5,right,PASS
6358-left,R2 Q0 L5,left,PASS
6359-left,R2 Q0 R5,left,PASS
6359-right,R2 Q0 R5,right,PASS
6360-left,R2 B0 Q0,left,PASS
6361-left,R2 B0 B0,left,PASS
6362-left,R2 B0 L0,left,PASS
6363-left,R2 B0 R0,left,PASS
6364-left,R2 B0 Q1,left,PASS
6364-right,R2 B0 Q1,right,PASS
6365-left,R2 B0 B1,left,PASS
6365-right,R2 B0 B1,right,PASS
6366-left,R2 B0 L1,left,PASS
6366-right,R2 B0 L1,right,PASS
6367-left,R2 B0 R1,left,PASS
6367-right,R2 B0 R1,right,PASS
6368-left,R2 B0 Q2,left,PASS
6368-right,R2 B0 Q2,right,PASS
6369-left,R2 B0 B2,left,PASS
6369-right,R2 B0 B2,right,PASS
6370-left,R2 B0 L2,left,PASS
6370-right,R2 B0 L2,right,PASS
6371-left,R2 B0 R2,left,PASS
6371-right,R2 B0 R2,right,PASS
6372-left,R2 B0 Q3,left,PASS
6372-right,R2 B0 Q3,right,PASS
6373-left,R2 B0 B3,left,PASS
6373-right,R2 B0 B3,right,PASS
6374-left,R2 B0 L3,left,PASS
6374-right,R2 B0 L3,right,PASS
6375-left,R2 B0 R3,left,PASS
6375-right,R2 B0 R3,right,PASS
6376-left,R2 B0 Q4,left,PASS
6376-right,R2 B0 Q4,right,PASS
6377-left,R2 B0 B4,left,PASS
6377-right,R2 B0 B4,right,PASS
6378-left,R2 B0 L4,left,PASS
6378-right,R2 B0 L4,right,PASS
6379-left,R2 B0 R4,left,PASS
6379-right,R2 B0 R4,right,PASS
6380-left,R2 B0 Q5,left,PASS
6380-right,R2 B0 Q5,right,PASS
6381-left,R2 B0 B5,left,PASS
6381-right,R2 B0 B5,right,PASS
6382-left,R2 B0 L5,left,PASS
6383-left,R2 B0 R5,left,PASS
6383-right,R2 B0 R5,right,PASS
6384-left,R2 L0 Q0,left,PASS
6385-left,R2 L0 B0,left,PASS
6386-left,R2 L0 L0,left,PASS
6387-left,R2 L0 R0,left,PASS
6387-right,R2 L0 R0,right,PASS
6388-left,R2 L0 Q1,left,PASS
6389-left,R2 L0 B1,left,PASS
6390-left,R2 L0 L1,left,PASS
6391-left,R2 L0 R1,left,PASS
6392-left,R2 L0 Q2,left,PASS
6392-right,R2 L0 Q2,right,PASS
6393-left,R2 L0 B2,left,PASS
6393-right,R2 L0 B2,right,PASS
6394-left,R2 L0 L2,left,PASS
6395-left,R2 L0 R2,left,PASS
6395-right,R2 L0 R2,right,PASS
6396-left,R2 L0 Q3,left,PASS
6396-right,R2 L0 Q3,right,PASS
6397-left,R2 L0 B3,left,PASS
6397-right,R2 L0 B3,right,PASS
6398-left,R2 L0 L3,left,PASS
6399-left,R2 L0 R3,left,PASS
6399-right,R2 L0 R3,right,PASS
6400-left,R2 L0 Q4,left,PASS
6400-right,R2 L0 Q4,right,PASS
6401-left,R2 L0 B4,left,PASS
6401-right,R2 L0 B4,right,PASS
6402-left,R2 L0 L4,left,PASS
6403-left,R2 L0 R4,left,PASS
6403-right,R2 L0 R4,right,PASS
6404-left,R2 L0 Q5,left,PASS
6404-right,R2 L0 Q5,right,PASS
6405-left,R2 L0 B5,left,PASS
6405-right,R2 L0 B5,right,PASS
6406-left,R2 L0 L5,left,PASS
6407-left,R2 L0 R5,left,PASS
6407-right,R2 L0 R5,right,PASS
6408-left,R2 R0 Q0,left,PASS
6409-left,R2 R0 B0,left,PASS
6410-left,R2 R0 L0,left,PASS
6410-right,R2 R0 L0,right,PASS
6411-left,R2 R0 R0,left,PASS
6411-right,R2 R0 R0,right,PASS
6412-left,R2 R0 Q1,left,PASS
6412-right,R2 R0 Q1,right,PASS
6413-left,R2 R0 B1,left,PASS
6413-right,R2 R0 B1,right,PASS
6414-left,R2 R0 L1,left,PASS
6414-right,R2 R0 L1,right,PASS
6415-left,R2 R0 R1,left,PASS
6415-right,R2 R0 R1,right,PASS
6416-left,R2 R0 Q2,left,PASS
6416-right,R2 R0 Q2,right,PASS
6417-left,R2 R0 B2,left,PASS
6417-right,R2 R0 B2,right,PASS
6418-left,R2 R0 L2,left,PASS
6418-right,R2 R0 L2,right,PASS
6419-left,R2 R0 R2,left,PASS
6419-right,R2 R0 R2,right,PASS
6420-left,R2 R0 Q3,left,PASS
6420-right,R2 R0 Q3,right,PASS
6421-left,R2 R0 B3,left,PASS
6421-right,R2 R0 B3,right,PASS
6422-left,R2 R0 L3,left,PASS
6422-right,R2 R0 L3,right,PASS
6423-left,R2 R0 R3,left,PASS
6423-right,R2 R0 R3,right,PASS
6424-left,R2 R0 Q4,left,PASS
6424-right,R2 R0 Q4,right,PASS
6425-left,R2 R0 B4,left,PASS
6425-right,R2 R0 B4,right,PASS
6426-left,R2 R0 L4,left,PASS
6426-right,R2 R0 L4,right,PASS
6427-left,R2 R0 R4,left,PASS
6427-right,R2 R0 R4,right,PASS
6428-left,R2 R0 Q5,left,PASS
6428-right,R2 R0 Q5,right,PASS
6429-left,R2 R0 B5,left,PASS
6429-right,R2 R0 B5,right,PASS
6430-left,R2 R0 L5,left,PASS
6431-left,R2 R0 R5,left,PASS
6431-right,R2 R0 R5,right,PASS
6432-left,R2 Q1 Q0,left,PASS
6432-right,R2 Q1 Q0,right,PASS
6433-left,R2 Q1 B0,left,PASS
6433-right,R2 Q1 B0,right,PASS
6434-left,R2 Q1 L0,left,PASS
6435-left,R2 Q1 R0,left,PASS
6435-right,R2 Q1 R0,right,PASS
6436-left,R2 Q1 Q1,left,PASS
6437-left,R2 Q1 B1,left,PASS
6438-left,R2 Q1 L1,left,PASS
6439-left,R2 Q1 R1,left,PASS
6440-left,R2 Q1 Q2,left,PASS
6440-right,R2 Q1 Q2,right,PASS
6441-left,R2 Q1 B2,left,PASS
6441-right,R2 Q1 B2,right,PASS
6442-left,R2 Q1 L2,left,PASS
6442-right,R2 Q1 L2,right,PASS
6443-left,R2 Q1 R2,left,PASS
6443-right,R2 Q1 R2,right,PASS
6444-left,R2 Q1 Q3,left,PASS
6444-right,R2 Q1 Q3,right,PASS
6445-left,R2 Q1 B3,left,PASS
6445-right,R2 Q1 B3,right,PASS
6446-left,R2 Q1 L3,left,PASS
6446-right,R2 Q1 L3,right,PASS
6447-left,R2 Q1 R3,left,PASS
6447-right,R2 Q1 R3,right,PASS
6448-left,R2 Q1 Q4,left,PASS
6448-right,R2 Q1 Q4,right,PASS
6449-left,R2 Q1 B4,left,PASS
6449-right,R2 Q1 B4,right,PASS
6450-left,R2 Q1 L4,left,PASS
6450-right,R2 Q1 L4,right,PASS
6451-left,R2 Q1 R4,left,PASS
6451-right,R2 Q1 R4,right,PASS
6452-left,R2 Q1 Q5,left,PASS
6452-right,R2 Q1 Q5,right,PASS
6453-left,R2 Q1 B5,left,PASS
6453-right,R2 Q1 B5,right,PASS
6454-left,R2 Q1 L5,left,PASS
6454-right,R2 Q1 L5,right,PASS
6455-left,R2 Q1 R5,left,PASS
6455-right,R2 Q1 R5,right,PASS
6456-left,R2 B1 Q0,left,PASS
6456-right,R2 B1 Q0,right,PASS
6457-left,R2 B1 B0,left,PASS
6457-right,R2 B1 B0,right,PASS
6458-left,R2 B1 L0,left,PASS
6459-left,R2 B1 R0,left,PASS
6459-right,R2 B1 R0,right,PASS
6460-left,R2 B1 Q1,left,PASS
6461-left,R2 B1 B1,left,PASS
6462-left,R2 B1 L1,left,PASS
6463-left,R2 B1 R1,left,PASS
6464-left,R2 B1 Q2,left,PASS
6464-right,R2 B1 Q2,right,PASS
6465-left,R2 B1 B2,left,PASS
6465-right,R2 B1 B2,right,PASS
6466-left,R2 B1 L2,left,PASS
6466-right,R2 B1 L2,right,PASS
6467-left,R2 B1 R2,left,PASS
6467-right,R2 B1 R2,right,PASS
6468-left,R2 B1 Q3,left,PASS
6468-right,R2 B1 Q3,right,PASS
6469-left,R2 B1 B3,left,PASS
6469-right,R2 B1 B3,right,PASS
6470-left,R2 B1 L3,left,PASS
6470-right,R2 B1 L3,right,PASS
6471-left,R2 B1 R3,left,PASS
6471-right,R2 B1 R3,right,PASS
6472-left,R2 B1 Q4,left,PASS
6472-right,R2 B1 Q4,right,PASS
6473-left,R2 B1 B4,left,PASS
6473-right,R2 B1 B4,right,PASS
6474-left,R2 B1 L4,left,PASS
6474-right,R2 B1 L4,right,PASS
6475-left,R2 B1 R4,left,PASS
6475-right,R2 B1 R4,right,PASS
6476-left,R2 B1 Q5,left,PASS
6476-right,R2 B1 Q5,right,PASS
6477-left,R2 B1 B5,left,PASS
6477-right,R2 B1 B5,right,PASS
6478-left,R2 B1 L5,left,PASS
6478-right,R2 B1 L5,right,PASS
6479-left,R2 B1 R5,left,PASS
6479-right,R2 B1 R5,right,PASS
6480-right,R2 L1 Q0,right,PASS
6481-right,R2 L1 B0,right,PASS
6483-right,R2 L1 R0,right,PASS
6487-right,R2 L1 R1,right,PASS
6492-right,R2 L1 Q3,right,PASS
6493-right,R2 L1 B3,right,PASS
6495-right,R2 L1 R3,right,PASS
6496-right,R2 L1 Q4,right,PASS
6497-right,R2 L1 B4,right,PASS
6499-right,R2 L1 R4,right,PASS
6500-right,R2 L1 Q5,right,PASS
6501-right,R2 L1 B5,right,PASS
6503-right,R2 L1 R5,right,PASS
6504-left,R2 R1 Q0,left,PASS
6504-right,R2 R1 Q0,right,PASS
6505-left,R2 R1 B0,left,PASS
6505-right,R2 R1 B0,right,PASS
6506-left,R2 R1 L0,left,PASS
6507-left,R2 R1 R0,left,PASS
6507-right,R2 R1 R0,right,PASS
6508-left,R2 R1 Q1,left,PASS
6509-left,R2 R1 B1,left,PASS
6510-left,R2 R1 L1,left,PASS
6510-right,R2 R1 L1,right,PASS
6511-left,R2 R1 R1,left,PASS
6511-right,R2 R1 R1,right,PASS
6512-left,R2 R1 Q2,left,PASS
6512-right,R2 R1 Q2,right,PASS
6513-left,R2 R1 B2,left,PASS
6513-right,R2 R1 B2,right,PASS
6514-left,R2 R1 L2,left,PASS
6514-right,R2 R1 L2,right,PASS
6515-left,R2 R1 R2,left,PASS
6515-right,R2 R1 R2,right,PASS
6516-left,R2 R1 Q3,left,PASS
6516-right,R2 R1 Q3,right,PASS
6517-left,R2 R1 B3,left,PASS
6517-right,R2 R1 B3,right,PASS
6518-left,R2 R1 L3,left,PASS
6518-right,R2 R1 L3,right,PASS
6519-left,R2 R1 R3,left,PASS
6519-right,R2 R1 R3,right,PASS
6520-left,R2 R1 Q4,left,PASS
6520-right,R2 R1 Q4,right,PASS
6521-left,R2 R1 B4,left,PASS
6521-right,R2 R1 B4,right,PASS
6522-left,R2 R1 L4,left,PASS
6522-right,R2 R1 L4,right,PASS
6523-left,R2 R1 R4,left,PASS
6523-right,R2 R1 R4,right,PASS
6524-left,R2 R1 Q5,left,PASS
6524-right,R2 R1 Q5,right,PASS
6525-left,R2 R1 B5,left,PASS
6525-right,R2 R1 B5,right,PASS
6526-left,R2 R1 L5,left,PASS
6526-right,R2 R1 L5,right,PASS
6527-left,R2 R1 R5,left,PASS
6527-right,R2 R1 R5,right,PASS
6528-right,R2 Q2 Q0,right,PASS
6529-right,R2 Q2 B0,right,PASS
6530-right,R2 Q2 L0,right,PASS
6531-right,R2 Q2 R0,right,PASS
6532-right,R2 Q2 Q1,right,PASS
6533-right,R2 Q2 B1,right,PASS
6535-right,R2 Q2 R1,right,PASS
6540-right,R2 Q2 Q3,right,PASS
6541-right,R2 Q2 B3,right,PASS
6542-right,R2 Q2 L3,right,PASS
6543-right,R2 Q2 R3,right,PASS
6544-right,R2 Q2 Q4,right,PASS
6545-right,R2 Q2 B4,right,PASS
6546-right,R2 Q2 L4,right,PASS
6547-right,R2 Q2 R4,right,PASS
6548-right,R2 Q2 Q5,right,PASS
6549-right,R2 Q2 B5,right,PASS
6550-right,R2 Q2 L5,right,PASS
6551-right,R2 Q2 R5,right,PASS
6552-right,R2 B2 Q0,right,PASS
6553-right,R2 B2 B0,right,PASS
6554-right,R2 B2 L0,right,PASS
6555-right,R2 B2 R0,right,PASS
6556-right,R2 B2 Q1,right,PASS
6557-right,R2 B2 B1,right,PASS
6559-right,R2 B2 R1,right,PASS
6564-right,R2 B2 Q3,right,PASS
6565-right,R2 B2 B3,right,PASS
6566-right,R2 B2 L3,right,PASS
6567-right,R2 B2 R3,right,PASS
6568-right,R2 B2 Q4,right,PASS
6569-right,R2 B2 B4,right,PASS
6570-right,R2 B2 L4,right,PASS
6571-right,R2 B2 R4,right,PASS
6572-right,R2 B2 Q5,right,PASS
6573-right,R2 B2 B5,right,PASS
6574-right,R2 B2 L5,right,PASS
6575-right,R2 B2 R5,right,PASS
6576-left,R2 L2 Q0,left,PASS
6576-right,R2 L2 Q0,right,PASS
6577-left,R2 L2 B0,left,PASS
6577-right,R2 L2 B0,right,PASS
6578-left,R2 L2 L0,left,PASS
6579-left,R2 L2 R0,left,PASS
6579-right,R2 L2 R0,right,PASS
6580-left,R2 L2 Q1,left,PASS
6580-right,R2 L2 Q1,right,PASS
6581-left,R2 L2 B1,left,PASS
6581-right,R2 L2 B1,right,PASS
6582-left,R2 L2 L1,left,PASS
6583-left,R2 L2 R1,left,PASS
6583-right,R2 L2 R1,right,PASS
6584-left,R2 L2 Q2,left,PASS
6585-left,R2 L2 B2,left,PASS
6586-left,R2 L2 L2,left,PASS
6587-left,R2 L2 R2,left,PASS
6587-right,R2 L2 R2,right,PASS
6588-left,R2 L2 Q3,left,PASS
6589-left,R2 L2 B3,left,PASS
6590-left,R2 L2 L3,left,PASS
6591-left,R2 L2 R3,left,PASS
6592-left,R2 L2 Q4,left,PASS
6592-right,R2 L2 Q4,right,PASS
6593-left,R2 L2 B4,left,PASS
6593-right,R2 L2 B4,right,PASS
6594-left,R2 L2 L4,left,PASS
6595-left,R2 L2 R4,left,PASS
6595-right,R2 L2 R4,right,PASS
6596-left,R2 L2 Q5,left,PASS
6596-right,R2 L2 Q5,right,PASS
6597-left,R2 L2 B5,left,PASS
6597-right,R2 L2 B5,right,PASS
6598-left,R2 L2 L5,left,PASS
6599-left,R2 L2 R5,left,PASS
6599-right,R2 L2 R5,right,PASS
6600-left,R2 R2 Q0,left,PASS
6600-right,R2 R2 Q0,right,PASS
6601-left,R2 R2 B0,left,PASS
6601-right,R2 R2 B0,right,PASS
6602-left,R2 R2 L0,left,PASS
6602-right,R2 R2 L0,right,PASS
6603-left,R2 R2 R0,left,PASS
6603-right,R2 R2 R0,right,PASS
6604-left,R2 R2 Q1,left,PASS
6604-right,R2 R2 Q1,right,PASS
6605-left,R2 R2 B1,left,PASS
6605-right,R2 R2 B1,right,PASS
6606-left,R2 R2 L1,left,PASS
6607-left,R2 R2 R1,left,PASS
6607-right,R2 R2 R1,right,PASS
6608-left,R2 R2 Q2,left,PASS
6609-left,R2 R2 B2,left,PASS
6610-left,R2 R2 L2,left,PASS
6610-right,R2 R2 L2,right,PASS
6611-left,R2 R2 R2,left,PASS
6611-right,R2 R2 R2,right,PASS
6612-left,R2 R2 Q3,left,PASS
6612-right,R2 R2 Q3,right,PASS
6613-left,R2 R2 B3,left,PASS
6613-right,R2 R2 B3,right,PASS
6614-left,R2 R2 L3,left,PASS
6614-right,R2 R2 L3,right,PASS
6615-left,R2 R2 R3,left,PASS
6615-right,R2 R2 R3,right,PASS
6616-left,R2 R2 Q4,left,PASS
6616-right,R2 R2 Q4,right,PASS
6617-left,R2 R2 B4,left,PASS
6617-right,R2 R2 B4,right,PASS
6618-left,R2 R2 L4,left,PASS
6618-right,R2 R2 L4,right,PASS
6619-left,R2 R2 R4,left,PASS
6619-right,R2 R2 R4,right,PASS
6620-left,R2 R2 Q5,left,PASS
6620-right,R2 R2 Q5,right,PASS
6621-left,R2 R2 B5,left,PASS
6621-right,R2 R2 B5,right,PASS
6622-left,R2 R2 L5,left,PASS
6622-right,R2 R2 L5,right,PASS
6623-left,R2 R2 R5,left,PASS
6623-right,R2 R2 R5,right,PASS
6624-left,R2 Q3 Q0,left,PASS
6624-right,R2 Q3 Q0,right,PASS
6625-left,R2 Q3 B0,left,PASS
6625-right,R2 Q3 B0,right,PASS
6626-left,R2 Q3 L0,left,PASS
6626-right,R2 Q3 L0,right,PASS
6627-left,R2 Q3 R0,left,PASS
6627-right,R2 Q3 R0,right,PASS
6628-left,R2 Q3 Q1,left,PASS
6628-right,R2 Q3 Q1,right,PASS
6629-left,R2 Q3 B1,left,PASS
6629-right,R2 Q3 B1,right,PASS
6630-left,R2 Q3 L1,left,PASS
6630-right,R2 Q3 L1,right,PASS
6631-left,R2 Q3 R1,left,PASS
6631-right,R2 Q3 R1,right,PASS
6632-left,R2 Q3 Q2,left,PASS
6632-right,R2 Q3 Q2,right,PASS
6633-left,R2 Q3 B2,left,PASS
6633-right,R2 Q3 B2,right,PASS
6634-left,R2 Q3 L2,left,PASS
6635-left,R2 Q3 R2,left,PASS
6635-right,R2 Q3 R2,right,PASS
6636-left,R2 Q3 Q3,left,PASS
6637-left,R2 Q3 B3,left,PASS
6638-left,R2 Q3 L3,left,PASS
6639-left,R2 Q3 R3,left,PASS
6640-left,R2 Q3 Q4,left,PASS
6640-right,R2 Q3 Q4,right,PASS
6641-left,R2 Q3 B4,left,PASS
6641-right,R2 Q3 B4,right,PASS
6642-left,R2 Q3 L4,left,PASS
6642-right,R2 Q3 L4,right,PASS
6643-left,R2 Q3 R4,left,PASS
6643-right,R2 Q3 R4,right,PASS
6644-left,R2 Q3 Q5,left,PASS
6644-right,R2 Q3 Q5,right,PASS
6645-left,R2 Q3 B5,left,PASS
6645-right,R2 Q3 B5,right,PASS
6646-left,R2 Q3 L5,left,PASS
6646-right,R2 Q3 L5,right,PASS
6647-left,R2 Q3 R5,left,PASS
6647-right,R2 Q3 R5,right,PASS
6648-left,R2 B3 Q0,left,PASS
6648-right,R2 B3 Q0,right,PASS
6649-left,R2 B3 B0,left,PASS
6649-right,R2 B3 B0,right,PASS
6650-left,R2 B3 L0,left,PASS
6650-right,R2 B3 L0,right,PASS
6651-left,R2 B3 R0,left,PASS
6651-right,R2 B3 R0,right,PASS
6652-left,R2 B3 Q1,left,PASS
6652-right,R2 B3 Q1,right,PASS
6653-left,R2 B3 B1,left,PASS
6653-right,R2 B3 B1,right,PASS
6654-left,R2 B3 L1,left,PASS
6654-right,R2 B3 L1,right,PASS
6655-left,R2 B3 R1,left,PASS
6655-right,R2 B3 R1,right,PASS
6656-left,R2 B3 Q2,left,PASS
6656-right,R2 B3 Q2,right,PASS
6657-left,R2 B3 B2,left,PASS
6657-right,R2 B3 B2,right,PASS
6658-left,R2 B3 L2,left,PASS
6659-left,R2 B3 R2,left,PASS
6659-right,R2 B3 R2,right,PASS
6660-left,R2 B3 Q3,left,PASS
6661-left,R2 B3 B3,left,PASS
6662-left,R2 B3 L3,left,PASS
6663-left,R2 B3 R3,left,PASS
6664-left,R2 B3 Q4,left,PASS
6664-right,R2 B3 Q4,right,PASS
6665-left,R2 B3 B4,left,PASS
6665-right,R2 B3 B4,right,PASS
6666-left,R2 B3 L4,left,PASS
6666-right,R2 B3 L4,right,PASS
6667-left,R2 B3 R4,left,PASS
6667-right,R2 B3 R4,right,PASS
6668-left,R2 B3 Q5,left,PASS
6668-right,R2 B3 Q5,right,PASS
6669-left,R2 B3 B5,left,PASS
6669-right,R2 B3 B5,right,PASS
6670-left,R2 B3 L5,left,PASS
6670-right,R2 B3 L5,right,PASS
6671-left,R2 B3 R5,left,PASS
6671-right,R2 B3 R5,right,PASS
6672-left,R2 L3 Q0,left,PASS
6672-right,R2 L3 Q0,right,PASS
6673-left,R2 L3 B0,left,PASS
6673-right,R2 L3 B0,right,PASS
6674-left,R2 L3 L0,left,PASS
6675-left,R2 L3 R0,left,PASS
6675-right,R2 L3 R0,right,PASS
6676-left,R2 L3 Q1,left,PASS
6676-right,R2 L3 Q1,right,PASS
6677-left,R2 L3 B1,left,PASS
6677-right,R2 L3 B1,right,PASS
6678-left,R2 L3 L1,left,PASS
6679-left,R2 L3 R1,left,PASS
6679-right,R2 L3 R1,right,PASS
6680-left,R2 L3 Q2,left,PASS
6680-right,R2 L3 Q2,right,PASS
6681-left,R2 L3 B2,left,PASS
6681-right,R2 L3 B2,right,PASS
6682-left,R2 L3 L2,left,PASS
6683-left,R2 L3 R2,left,PASS
6683-right,R2 L3 R2,right,PASS
6684-left,R2 L3 Q3,left,PASS
6685-left,R2 L3 B3,left,PASS
6686-left,R2 L3 L3,left,PASS
6687-left,R2 L3 R3,left,PASS
6687-right,R2 L3 R3,right,PASS
6688-left,R2 L3 Q4,left,PASS
6689-left,R2 L3 B4,left,PASS
6690-left,R2 L3 L4,left,PASS
6691-left,R2 L3 R4,left,PASS
6692-left,R2 L3 Q5,left,PASS
6692-right,R2 L3 Q5,right,PASS
6693-left,R2 L3 B5,left,PASS
6693-right,R2 L3 B5,right,PASS
6694-left,R2 L3 L5,left,PASS
6695-left,R2 L3 R5,left,PASS
6695-right,R2 L3 R5,right,PASS
6696-left,R2 R3 Q0,left,PASS
6696-right,R2 R3 Q0,right,PASS
6697-left,R2 R3 B0,left,PASS
6697-right,R2 R3 B0,right,PASS
6698-left,R2 R3 L0,left,PASS
6698-right,R2 R3 L0,right,PASS
6699-left,R2 R3 R0,left,PASS
6699-right,R2 R3 R0,right,PASS
6700-left,R2 R3 Q1,left,PASS
6700-right,R2 R3 Q1,right,PASS
6701-left,R2 R3 B1,left,PASS
6701-right,R2 R3 B1,right,PASS
6702-left,R2 R3 L1,left,PASS
6702-right,R2 R3 L1,right,PASS
6703-left,R2 R3 R1,left,PASS
6703-right,R2 R3 R1,right,PASS
6704-left,R2 R3 Q2,left,PASS
6704-right,R2 R3 Q2,right,PASS
6705-left,R2 R3 B2,left,PASS
6705-right,R2 R3 B2,right,PASS
6706-left,R2 R3 L2,left,PASS
6707-left,R2 R3 R2,left,PASS
6707-right,R2 R3 R2,right,PASS
6708-left,R2 R3 Q3,left,PASS
6709-left,R2 R3 B3,left,PASS
6710-left,R2 R3 L3,left,PASS
6710-right,R2 R3 L3,right,PASS
6711-left,R2 R3 R3,left,PASS
6711-right,R2 R3 R3,right,PASS
6712-left,R2 R3 Q4,left,PASS
6712-right,R2 R3 Q4,right,PASS
6713-left,R2 R3 B4,left,PASS
6713-right,R2 R3 B4,right,PASS
6714-left,R2 R3 L4,left,PASS
6714-right,R2 R3 L4,right,PASS
6715-left,R2 R3 R4,left,PASS
6715-right,R2 R3 R4,right,PASS
6716-left,R2 R3 Q5,left,PASS
6716-right,R2 R3 Q5,right,PASS
6717-left,R2 R3 B5,left,PASS
6717-right,R2 R3 B5,right,PASS
6718-left,R2 R3 L5,left,PASS
6718-right,R2 R3 L5,right,PASS
6719-left,R2 R3 R5,left,PASS
6719-right,R2 R3 R5,right,PASS
6720-left,R2 Q4 Q0,left,PASS
6720-right,R2 Q4 Q0,right,PASS
6721-left,R2 Q4 B0,left,PASS
6721-right,R2 Q4 B0,right,PASS
6722-left,R2 Q4 L0,left,PASS
6722-right,R2 Q4 L0,right,PASS
6723-left,R2 Q4 R0,left,PASS
6723-right,R2 Q4 R0,right,PASS
6724-left,R2 Q4 Q1,left,PASS
6724-right,R2 Q4 Q1,right,PASS
6725-left,R2 Q4 B1,left,PASS
6725-right,R2 Q4 B1,right,PASS
6726-left,R2 Q4 L1,left,PASS
6726-right,R2 Q4 L1,right,PASS
6727-left,R2 Q4 R1,left,PASS
6727-right,R2 Q4 R1,right,PASS
6728-left,R2 Q4 Q2,left,PASS
6728-right,R2 Q4 Q2,right,PASS
6729-left,R2 Q4 B2,left,PASS
6729-right,R2 Q4 B2,right,PASS
6730-left,R2 Q4 L2,left,PASS
6730-right,R2 Q4 L2,right,PASS
6731-left,R2 Q4 R2,left,PASS
6731-right,R2 Q4 R2,right,PASS
6732-left,R2 Q4 Q3,left,PASS
6732-right,R2 Q4 Q3,right,PASS
6733-left,R2 Q4 B3,left,PASS
6733-right,R2 Q4 B3,right,PASS
6734-left,R2 Q4 L3,left,PASS
6735-left,R2 Q4 R3,left,PASS
6735-right,R2 Q4 R3,right,PASS
6736-left,R2 Q4 Q4,left,PASS
6737-left,R2 Q4 B4,left,PASS
6738-left,R2 Q4 L4,left,PASS
6739-left,R2 Q4 R4,left,PASS
6740-left,R2 Q4 Q5,left,PASS
6740-right,R2 Q4 Q5,right,PASS
6741-left,R2 Q4 B5,left,PASS
6741-right,R2 Q4 B5,right,PASS
6742-left,R2 Q4 L5,left,PASS
6742-right,R2 Q4 L5,right,PASS
6743-left,R2 Q4 R5,left,PASS
6743-right,R2 Q4 R5,right,PASS
6744-left,R2 B4 Q0,left,PASS
6744-right,R2 B4 Q0,right,PASS
6745-left,R2 B4 B0,left,PASS
6745-right,R2 B4 B0,right,PASS
6746-left,R2 B4 L0,left,PASS
6746-right,R2 B4 L0,right,PASS
6747-left,R2 B4 R0,left,PASS
6747-right,R2 B4 R0,right,PASS
6748-left,R2 B4 Q1,left,PASS
6748-right,R2 B4 Q1,right,PASS
6749-left,R2 B4 B1,left,PASS
6749-right,R2 B4 B1,right,PASS
6750-left,R2 B4 L1,left,PASS
6750-right,R2 B4 L1,right,PASS
6751-left,R2 B4 R1,left,PASS
6751-right,R2 B4 R1,right,PASS
6752-left,R2 B4 Q2,left,PASS
6752-right,R2 B4 Q2,right,PASS
6753-left,R2 B4 B2,left,PASS
6753-right,R2 B4 B2,right,PASS
6754-left,R2 B4 L2,left,PASS
6754-right,R2 B4 L2,right,PASS
6755-left,R2 B4 R2,left,PASS
6755-right,R2 B4 R2,right,PASS
6756-left,R2 B4 Q3,left,PASS
6756-right,R2 B4 Q3,right,PASS
6757-left,R2 B4 B3,left,PASS
6757-right,R2 B4 B3,right,PASS
6758-left,R2 B4 L3,left,PASS
6759-left,R2 B4 R3,left,PASS
6759-right,R2 B4 R3,right,PASS
6760-left,R2 B4 Q4,left,PASS
6761-left,R2 B4 B4,left,PASS
6762-left,R2 B4 L4,left,PASS
6763-left,R2 B4 R4,left,PASS
6764-left,R2 B4 Q5,left,PASS
6764-right,R2 B4 Q5,right,PASS
6765-left,R2 B4 B5,left,PASS
6765-right,R2 B4 B5,right,PASS
6766-left,R2 B4 L5,left,PASS
6766-right,R2 B4 L5,right,PASS
6767-left,R2 B4 R5,left,PASS
6767-right,R2 B4 R5,right,PASS
6768-left,R2 L4 Q0,left,PASS
6768-right,R2 L4 Q0,right,PASS
6769-left,R2 L4 B0,left,PASS
6769-right,R2 L4 B0,right,PASS
6770-left,R2 L4 L0,left,PASS
6771-left,R2 L4 R0,left,PASS
6771-right,R2 L4 R0,right,PASS
6772-left,R2 L4 Q1,left,PASS
6772-right,R2 L4 Q1,right,PASS
6773-left,R2 L4 B1,left,PASS
6773-right,R2 L4 B1,right,PASS
6774-left,R2 L4 L1,left,PASS
6775-left,R2 L4 R1,left,PASS
6775-right,R2 L4 R1,right,PASS
6776-left,R2 L4 Q2,left,PASS
6776-right,R2 L4 Q2,right,PASS
6777-left,R2 L4 B2,left,PASS
6777-right,R2 L4 B2,right,PASS
6778-left,R2 L4 L2,left,PASS
6779-left,R2 L4 R2,left,PASS
6779-right,R2 L4 R2,right,PASS
6780-left,R2 L4 Q3,left,PASS
6780-right,R2 L4 Q3,right,PASS
6781-left,R2 L4 B3,left,PASS
6781-right,R2 L4 B3,right,PASS
6782-left,R2 L4 L3,left,PASS
6783-left,R2 L4 R3,left,PASS
6783-right,R2 L4 R3,right,PASS
6784-left,R2 L4 Q4,left,PASS
6785-left,R2 L4 B4,left,PASS
6786-left,R2 L4 L4,left,PASS
6787-left,R2 L4 R4,left,PASS
6787-right,R2 L4 R4,right,PASS
6788-left,R2 L4 Q5,left,PASS
6789-left,R2 L4 B5,left,PASS
6790-left,R2 L4 L5,left,PASS
6791-left,R2 L4 R5,left,PASS
6792-left,R2 R4 Q0,left,PASS
6792-right,R2 R4 Q0,right,PASS
6793-left,R2 R4 B0,left,PASS
6793-right,R2 R4 B0,right,PASS
6794-left,R2 R4 L0,left,PASS
6794-right,R2 R4 L0,right,PASS
6795-left,R2 R4 R0,left,PASS
6795-right,R2 R4 R0,right,PASS
6796-left,R2 R4 Q1,left,PASS
6796-right,R2 R4 Q1,right,PASS
6797-left,R2 R4 B1,left,PASS
6797-right,R2 R4 B1,right,PASS
6798-left,R2 R4 L1,left,PASS
6798-right,R2 R4 L1,right,PASS
6799-left,R2 R4 R1,left,PASS
6799-right,R2 R4 R1,right,PASS
6800-left,R2 R4 Q2,left,PASS
6800-right,R2 R4 Q2,right,PASS
6801-left,R2 R4 B2,left,PASS
6801-right,R2 R4 B2,right,PASS
6802-left,R2 R4 L2,left,PASS
6802-right,R2 R4 L2,right,PASS
6803-left,R2 R4 R2,left,PASS
6803-right,R2 R4 R2,right,PASS
6804-left,R2 R4 Q3,left,PASS
6804-right,R2 R4 Q3,right,PASS
6805-left,R2 R4 B3,left,PASS
6805-right,R2 R4 B3,right,PASS
6806-left,R2 R4 L3,left,PASS
6807-left,R2 R4 R3,left,PASS
6807-right,R2 R4 R3,right,PASS
6808-left,R2 R4 Q4,left,PASS
6809-left,R2 R4 B4,left,PASS
6810-left,R2 R4 L4,left,PASS
6810-right,R2 R4 L4,right,PASS
6811-left,R2 R4 R4,left,PASS
6811-right,R2 R4 R4,right,PASS
6812-left,R2 R4 Q5,left,PASS
6812-right,R2 R4 Q5,right,PASS
6813-left,R2 R4 B5,left,PASS
6813-right,R2 R4 B5,right,PASS
6814-left,R2 R4 L5,left,PASS
6814-right,R2 R4 L5,right,PASS
6815-left,R2 R4 R5,left,PASS
6815-right,R2 R4 R5,right,PASS
6816-left,R2 Q5 Q0,left,PASS
6816-right,R2 Q5 Q0,right,PASS
6817-left,R2 Q5 B0,left,PASS
6817-right,R2 Q5 B0,right,PASS
6818-left,R2 Q5 L0,left,PASS
6818-right,R2 Q5 L0,right,PASS
6819-left,R2 Q5 R0,left,PASS
6819-right,R2 Q5 R0,right,PASS
6820-left,R2 Q5 Q1,left,PASS
6820-right,R2 Q5 Q1,right,PASS
6821-left,R2 Q5 B1,left,PASS
6821-right,R2 Q5 B1,right,PASS
6822-left,R2 Q5 L1,left,PASS
6822-right,R2 Q5 L1,right,PASS
6823-left,R2 Q5 R1,left,PASS
6823-right,R2 Q5 R1,right,PASS
6824-left,R2 Q5 Q2,left,PASS
6824-right,R2 Q5 Q2,right,PASS
6825-left,R2 Q5 B2,left,PASS
6825-right,R2 Q5 B2,right,PASS
6826-left,R2 Q5 L2,left,PASS
6826-right,R2 Q5 L2,right,PASS
6827-left,R2 Q5 R2,left,PASS
6827-right,R2 Q5 R2,right,PASS
6828-left,R2 Q5 Q3,left,PASS
6828-right,R2 Q5 Q3,right,PASS
6829-left,R2 Q5 B3,left,PASS
6829-right,R2 Q5 B3,right,PASS
6830-left,R2 Q5 L3,left,PASS
6830-right,R2 Q5 L3,right,PASS
6831-left,R2 Q5 R3,left,PASS
6831-right,R2 Q5 R3,right,PASS
6832-left,R2 Q5 Q4,left,PASS
6832-right,R2 Q5 Q4,right,PASS
6833-left,R2 Q5 B4,left,PASS
6833-right,R2 Q5 B4,right,PASS
6834-left,R2 Q5 L4,left,PASS
6835-left,R2 Q5 R4,left,PASS
6835-right,R2 Q5 R4,right,PASS
6836-left,R2 Q5 Q5,left,PASS
6837-left,R2 Q5 B5,left,PASS
6838-left,R2 Q5 L5,left,PASS
6839-left,R2 Q5 R5,left,PASS
6840-left,R2 B5 Q0,left,PASS
6840-right,R2 B5 Q0,right,PASS
6841-left,R2 B5 B0,left,PASS
6841-right,R2 B5 B0,right,PASS
6842-left,R2 B5 L0,left,PASS
6842-right,R2 B5 L0,right,PASS
6843-left,R2 B5 R0,left,PASS
6843-right,R2 B5 R0,right,PASS
6844-left,R2 B5 Q1,left,PASS
6844-right,R2 B5 Q1,right,PASS
6845-left,R2 B5 B1,left,PASS
6845-right,R2 B5 B1,right,PASS
6846-left,R2 B5 L1,left,PASS
6846-right,R2 B5 L1,right,PASS
6847-left,R2 B5 R1,left,PASS
6847-right,R2 B5 R1,right,PASS
6848-left,R2 B5 Q2,left,PASS
6848-right,R2 B5 Q2,right,PASS
6849-left,R2 B5 B2,left,PASS
6849-right,R2 B5 B2,right,PASS
6850-left,R2 B5 L2,left,PASS
6850-right,R2 B5 L2,right,PASS
6851-left,R2 B5 R2,left,PASS
6851-right,R2 B5 R2,right,PASS
6852-left,R2 B5 Q3,left,PASS
6852-right,R2 B5 Q3,right,PASS
6853-left,R2 B5 B3,left,PASS
6853-right,R2 B5 B3,right,PASS
6854-left,R2 B5 L3,left,PASS
6854-right,R2 B5 L3,right,PASS
6855-left,R2 B5 R3,left,PASS
6855-right,R2 B5 R3,right,PASS
6856-left,R2 B5 Q4,left,PASS
6856-right,R2 B5 Q4,right,PASS
6857-left,R2 B5 B4,left,PASS
6857-right,R2 B5 B4,right,PASS
6858-left,R2 B5 L4,left,PASS
6859-left,R2 B5 R4,left,PASS
6859-right,R2 B5 R4,right,PASS
6860-left,R2 B5 Q5,left,PASS
6861-left,R2 B5 B5,left,PASS
6862-left,R2 B5 L5,left,PASS
6863-left,R2 B5 R5,left,PASS
6864-left,R2 L5 Q0,left,PASS
6865-left,R2 L5 B0,left,PASS
6866-left,R2 L5 L0,left,PASS
6867-left,R2 L5 R0,left,PASS
6868-left,R2 L5 Q1,left,PASS
6868-right,R2 L5 Q1,right,PASS
6869-left,R2 L5 B1,left,PASS
6869-right,R2 L5 B1,right,PASS
6870-left,R2 L5 L1,left,PASS
6871-left,R2 L5 R1,left,PASS
6871-right,R2 L5 R1,right,PASS
6872-left,R2 L5 Q2,left,PASS
6872-right,R2 L5 Q2,right,PASS
6873-left,R2 L5 B2,left,PASS
6873-right,R2 L5 B2,right,PASS
6874-left,R2 L5 L2,left,PASS
6875-left,R2 L5 R2,left,PASS
6875-right,R2 L5 R2,right,PASS
6876-left,R2 L5 Q3,left,PASS
6876-right,R2 L5 Q3,right,PASS
6877-left,R2 L5 B3,left,PASS
6877-right,R2 L5 B3,right,PASS
6878-left,R2 L5 L3,left,PASS
6879-left,R2 L5 R3,left,PASS
6879-right,R2 L5 R3,right,PASS
6880-left,R2 L5 Q4,left,PASS
6880-right,R2 L5 Q4,right,PASS
6881-left,R2 L5 B4,left,PASS
6881-right,R2 L5 B4,right,PASS
6882-left,R2 L5 L4,left,PASS
6883-left,R2 L5 R4,left,PASS
6883-right,R2 L5 R4,right,PASS
6884-left,R2 L5 Q5,left,PASS
6885-left,R2 L5 B5,left,PASS
6886-left,R2 L5 L5,left,PASS
6887-left,R2 L5 R5,left,PASS
6887-right,R2 L5 R5,right,PASS
6888-left,R2 R5 Q0,left,PASS
6888-right,R2 R5 Q0,right,PASS
6889-left,R2 R5 B0,left,PASS
6889-right,R2 R5 B0,right,PASS
6890-left,R2 R5 L0,left,PASS
6890-right,R2 R5 L0,right,PASS
6891-left,R2 R5 R0,left,PASS
6891-right,R2 R5 R0,right,PASS
6892-left,R2 R5 Q1,left,PASS
6892-right,R2 R5 Q1,right,PASS
6893-left,R2 R5 B1,left,PASS
6893-right,R2 R5 B1,right,PASS
6894-left,R2 R5 L1,left,PASS
6894-right,R2 R5 L1,right,PASS
6895-left,R2 R5 R1,left,PASS
6895-right,R2 R5 R1,right,PASS
6896-left,R2 R5 Q2,left,PASS
6896-right,R2 R5 Q2,right,PASS
6897-left,R2 R5 B2,left,PASS
6897-right,R2 R5 B2,right,PASS
6898-left,R2 R5 L2,left,PASS
6898-right,R2 R5 L2,right,PASS
6899-left,R2 R5 R2,left,PASS
6899-right,R2 R5 R2,right,PASS
6900-left,R2 R5 Q3,left,PASS
6900-right,R2 R5 Q3,right,PASS
6901-left,R2 R5 B3,left,PASS
6901-right,R2 R5 B3,right,PASS
6902-left,R2 R5 L3,left,PASS
6902-right,R2 R5 L3,right,PASS
6903-left,R2 R5 R3,left,PASS
6903-right,R2 R5 R3,right,PASS
6904-left,R2 R5 Q4,left,PASS
6904-right,R2 R5 Q4,right,PASS
6905-left,R2 R5 B4,left,PASS
6905-right,R2 R5 B4,right,PASS
6906-left,R2 R5 L4,left,PASS
6907-left,R2 R5 R4,left,PASS
6907-right,R2 R5 R4,right,PASS
6908-left,R2 R5 Q5,left,PASS
6909-left,R2 R5 B5,left,PASS
6910-left,R2 R5 L5,left,PASS
6910-right,R2 R5 L5,right,PASS
6911-left,R2 R5 R5,left,PASS
6911-right,R2 R5 R5,right,PASS
6912-left,Q3 Q0 Q0,left,PASS
6913-left,Q3 Q0 B0,left,PASS
6914-left,Q3 Q0 L0,left,PASS
6915-left,Q3 Q0 R0,left,PASS
6916-left,Q3 Q0 Q1,left,PASS
6916-right,Q3 Q0 Q1,right,PASS
6917-left,Q3 Q0 B1,left,PASS
6917-right,Q3 Q0 B1,right,PASS
6918-left,Q3 Q0 L1,left,PASS
6918-right,Q3 Q0 L1,right,PASS
6919-left,Q3 Q0 R1,left,PASS
6919-right,Q3 Q0 R1,right,PASS
6920-left,Q3 Q0 Q2,left,PASS
6920-right,Q3 Q0 Q2,right,PASS
6921-left,Q3 Q0 B2,left,PASS
6921-right,Q3 Q0 B2,right,PASS
6922-left,Q3 Q0 L2,left,PASS
6922-right,Q3 Q0 L2,right,PASS
6923-left,Q3 Q0 R2,left,PASS
6923-right,Q3 Q0 R2,right,PASS
6924-left,Q3 Q0 Q3,left,PASS
6924-right,Q3 Q0 Q3,right,PASS
6925-left,Q3 Q0 B3,left,PASS
6925-right,Q3 Q0 B3,right,PASS
6926-left,Q3 Q0 L3,left,PASS
6926-right,Q3 Q0 L3,right,PASS
6927-left,Q3 Q0 R3,left,PASS
6927-right,Q3 Q0 R3,right,PASS
6928-left,Q3 Q0 Q4,left,PASS
6928-right,Q3 Q0 Q4,right,PASS
6929-left,Q3 Q0 B4,left,PASS
6929-right,Q3 Q0 B4,right,PASS
6930-left,Q3 Q0 L4,left,PASS
6930-right,Q3 Q0 L4,right,PASS
6931-left,Q3 Q0 R4,left,PASS
6931-right,Q3 Q0 R4,right,PASS
6932-left,Q3 Q0 Q5,left,PASS
6932-right,Q3 Q0 Q5,right,PASS
6933-left,Q3 Q0 B5,left,PASS
6933-right,Q3 Q0 B5,right,PASS
6934-left,Q3 Q0 L5,left,PASS
6935-left,Q3 Q0 R5,left,PASS
6935-right,Q3 Q0 R5,right,PASS
6936-left,Q3 B0 Q0,left,PASS
6937-left,Q3 B0 B0,left,PASS
6938-left,Q3 B0 L0,left,PASS
6939-left,Q3 B0 R0,left,PASS
6940-left,Q3 B0 Q1,left,PASS
6940-right,Q3 B0 Q1,right,PASS
6941-left,Q3 B0 B1,left,PASS
6941-right,Q3 B0 B1,right,PASS
6942-left,Q3 B0 L1,left,PASS
6942-right,Q3 B0 L1,right,PASS
6943-left,Q3 B0 R1,left,PASS
6943-right,Q3 B0 R1,right,PASS
6944-left,Q3 B0 Q2,left,PASS
6944-right,Q3 B0 Q2,right,PASS
6945-left,Q3 B0 B2,left,PASS
6945-right,Q3 B0 B2,right,PASS
6946-left,Q3 B0 L2,left,PASS
6946-right,Q3 B0 L2,right,PASS
6947-left,Q3 B0 R2,left,PASS
6947-right,Q3 B0 R2,right,PASS
6948-left,Q3 B0 Q3,left,PASS
6948-right,Q3 B0 Q3,right,PASS
6949-left,Q3 B0 B3,left,PASS
6949-right,Q3 B0 B3,right,PASS
6950-left,Q3 B0 L3,left,PASS
6950-right,Q3 B0 L3,right,PASS
6951-left,Q3 B0 R3,left,PASS
6951-right,Q3 B0 R3,right,PASS
6952-left,Q3 B0 Q4,left,PASS
6952-right,Q3 B0 Q4,right,PASS
6953-left,Q3 B0 B4,left,PASS
6953-right,Q3 B0 B4,right,PASS
6954-left,Q3 B0 L4,left,PASS
6954-right,Q3 B0 L4,right,PASS
6955-left,Q3 B0 R4,left,PASS
6955-right,Q3 B0 R4,right,PASS
6956-left,Q3 B0 Q5,left,PASS
6956-right,Q3 B0 Q5,right,PASS
6957-left,Q3 B0 B5,left,PASS
6957-right,Q3 B0 B5,right,PASS
6958-left,Q3 B0 L5,left,PASS
6959-left,Q3 B0 R5,left,PASS
6959-right,Q3 B0 R5,right,PASS
6960-left,Q3 L0 Q0,left,PASS
6961-left,Q3 L0 B0,left,PASS
6962-left,Q3 L0 L0,left,PASS
6963-left,Q3 L0 R0,left,PASS
6963-right,Q3 L0 R0,right,PASS
6964-left,Q3 L0 Q1,left,PASS
6965-left,Q3 L0 B1,left,PASS
6966-left,Q3 L0 L1,left,PASS
6967-left,Q3 L0 R1,left,PASS
6968-left,Q3 L0 Q2,left,PASS
6968-right,Q3 L0 Q2,right,PASS
6969-left,Q3 L0 B2,left,PASS
6969-right,Q3 L0 B2,right,PASS
6970-left,Q3 L0 L2,left,PASS
6971-left,Q3 L0 R2,left,PASS
6971-right,Q3 L0 R2,right,PASS
6972-left,Q3 L0 Q3,left,PASS
6972-right,Q3 L0 Q3,right,PASS
6973-left,Q3 L0 B3,left,PASS
6973-right,Q3 L0 B3,right,PASS
6974-left,Q3 L0 L3,left,PASS
6975-left,Q3 L0 R3,left,PASS
6975-right,Q3 L0 R3,right,PASS
6976-left,Q3 L0 Q4,left,PASS
6976-right,Q3 L0 Q4,right,PASS
6977-left,Q3 L0 B4,left,PASS
6977-right,Q3 L0 B4,right,PASS
6978-left,Q3 L0 L4,left,PASS
6979-left,Q3 L0 R4,left,PASS
6979-right,Q3 L0 R4,right,PASS
6980-left,Q3 L0 Q5,left,PASS
6980-right,Q3 L0 Q5,right,PASS
6981-left,Q3 L0 B5,left,PASS
6981-right,Q3 L0 B5,right,PASS
6982-left,Q3 L0 L5,left,PASS
6983-left,Q3 L0 R5,left,PASS
6983-right,Q3 L0 R5,right,PASS
6984-left,Q3 R0 Q0,left,PASS
6985-left,Q3 R0 B0,left,PASS
6986-left,Q3 R0 L0,left,PASS
6986-right,Q3 R0 L0,right,PASS
6987-left,Q3 R0 R0,left,PASS
6987-right,Q3 R0 R0,right,PASS
6988-left,Q3 R0 Q1,left,PASS
6988-right,Q3 R0 Q1,right,PASS
6989-left,Q3 R0 B1,left,PASS
6989-right,Q3 R0 B1,right,PASS
6990-left,Q3 R0 L1,left,PASS
6990-right,Q3 R0 L1,right,PASS
6991-left,Q3 R0 R1,left,PASS
6991-right,Q3 R0 R1,right,PASS
6992-left,Q3 R0 Q2,left,PASS
6992-right,Q3 R0 Q2,right,PASS
6993-left,Q3 R0 B2,left,PASS
6993-right,Q3 R0 B2,right,PASS
6994-left,Q3 R0 L2,left,PASS
6994-right,Q3 R0 L2,right,PASS
6995-left,Q3 R0 R2,left,PASS
6995-right,Q3 R0 R2,right,PASS
6996-left,Q3 R0 Q3,left,PASS
6996-right,Q3 R0 Q3,right,PASS
6997-left,Q3 R0 B3,left,PASS
6997-right,Q3 R0 B3,right,PASS
6998-left,Q3 R0 L3,left,PASS
6998-right,Q3 R0 L3,right,PASS
6999-left,Q3 R0 R3,left,PASS
6999-right,Q3 R0 R3,right,PASS
7000-left,Q3 R0 Q4,left,PASS
7000-right,Q3 R0 Q4,right,PASS
7001-left,Q3 R0 B4,left,PASS
7001-right,Q3 R0 B4,right,PASS
7002-left,Q3 R0 L4,left,PASS
7002-right,Q3 R0 L4,right,PASS
7003-left,Q3 R0 R4,left,PASS
7003-right,Q3 R0 R4,right,PASS
7004-left,Q3 R0 Q5,left,PASS
7004-right,Q3 R0 Q5,right,PASS
7005-left,Q3 R0 B5,left,PASS
7005-right,Q3 R0 B5,right,PASS
7006-left,Q3 R0 L5,left,PASS
7007-left,Q3 R0 R5,left,PASS
7007-right,Q3 R0 R5,right,PASS
7008-left,Q3 Q1 Q0,left,PASS
7008-right,Q3 Q1 Q0,right,PASS
7009-left,Q3 Q1 B0,left,PASS
7009-right,Q3 Q1 B0,right,PASS
7010-left,Q3 Q1 L0,left,PASS
7011-left,Q3 Q1 R0,left,PASS
7011-right,Q3 Q1 R0,right,PASS
7012-left,Q3 Q1 Q1,left,PASS
7013-left,Q3 Q1 B1,left,PASS
7014-left,Q3 Q1 L1,left,PASS
7015-left,Q3 Q1 R1,left,PASS
7016-left,Q3 Q1 Q2,left,PASS
7016-right,Q3 Q1 Q2,right,PASS
7017-left,Q3 Q1 B2,left,PASS
7017-right,Q3 Q1 B2,right,PASS
7018-left,Q3 Q1 L2,left,PASS
7018-right,Q3 Q1 L2,right,PASS
7019-left,Q3 Q1 R2,left,PASS
7019-right,Q3 Q1 R2,right,PASS
7020-left,Q3 Q1 Q3,left,PASS
7020-right,Q3 Q1 Q3,right,PASS
7021-left,Q3 Q1 B3,left,PASS
7021-right,Q3 Q1 B3,right,PASS
7022-left,Q3 Q1 L3,left,PASS
7022-right,Q3 Q1 L3,right,PASS
7023-left,Q3 Q1 R3,left,PASS
7023-right,Q3 Q1 R3,right,PASS
7024-left,Q3 Q1 Q4,left,PASS
7024-right,Q3 Q1 Q4,right,PASS
7025-left,Q3 Q1 B4,left,PASS
7025-right,Q3 Q1 B4,right,PASS
7026-left,Q3 Q1 L4,left,PASS
7026-right,Q3 Q1 L4,right,PASS
7027-left,Q3 Q1 R4,left,PASS
7027-right,Q3 Q1 R4,right,PASS
7028-left,Q3 Q1 Q5,left,PASS
7028-right,Q3 Q1 Q5,right,PASS
7029-left,Q3 Q1 B5,left,PASS
7029-right,Q3 Q1 B5,right,PASS
7030-left,Q3 Q1 L5,left,PASS
7030-right,Q3 Q1 L5,right,PASS
7031-left,Q3 Q1 R5,left,PASS
7031-right,Q3 Q1 R5,right,PASS
7032-left,Q3 B1 Q0,left,PASS
7032-right,Q3 B1 Q0,right,PASS
7033-left,Q3 B1 B0,left,PASS
7033-right,Q3 B1 B0,right,PASS
7034-left,Q3 B1 L0,left,PASS
7035-left,Q3 B1 R0,left,PASS
7035-right,Q3 B1 R0,right,PASS
7036-left,Q3 B1 Q1,left,PASS
7037-left,Q3 B1 B1,left,PASS
7038-left,Q3 B1 L1,left,PASS
7039-left,Q3 B1 R1,left,PASS
7040-left,Q3 B1 Q2,left,PASS
7040-right,Q3 B1 Q2,right,PASS
7041-left,Q3 B1 B2,left,PASS
7041-right,Q3 B1 B2,right,PASS
7042-left,Q3 B1 L2,left,PASS
7042-right,Q3 B1 L2,right,PASS
7043-left,Q3 B1 R2,left,PASS
7043-right,Q3 B1 R2,right,PASS
7044-left,Q3 B1 Q3,left,PASS
7044-right,Q3 B1 Q3,right,PASS
7045-left,Q3 B1 B3,left,PASS
7045-right,Q3 B1 B3,right,PASS
7046-left,Q3 B1 L3,left,PASS
7046-right,Q3 B1 L3,right,PASS
7047-left,Q3 B1 R3,left,PASS
7047-right,Q3 B1 R3,right,PASS
7048-left,Q3 B1 Q4,left,PASS
7048-right,Q3 B1 Q4,right,PASS
7049-left,Q3 B1 B4,left,PASS
7049-right,Q3 B1 B4,right,PASS
7050-left,Q3 B1 L4,left,PASS
7050-right,Q3 B1 L4,right,PASS
7051-left,Q3 B1 R4,left,PASS
7051-right,Q3 B1 R4,right,PASS
7052-left,Q3 B1 Q5,left,PASS
7052-right,Q3 B1 Q5,right,PASS
7053-left,Q3 B1 B5,left,PASS
7053-right,Q3 B1 B5,right,PASS
7054-left,Q3 B1 L5,left,PASS
7054-right,Q3 B1 L5,right,PASS
7055-left,Q3 B1 R5,left,PASS
7055-right,Q3 B1 R5,right,PASS
7056-left,Q3 L1 Q0,left,PASS
7056-right,Q3 L1 Q0,right,PASS
7057-left,Q3 L1 B0,left,PASS
7057-right,Q3 L1 B0,right,PASS
7058-left,Q3 L1 L0,left,PASS
7059-left,Q3 L1 R0,left,PASS
7059-right,Q3 L1 R0,right,PASS
7060-left,Q3 L1 Q1,left,PASS
7061-left,Q3 L1 B1,left,PASS
7062-left,Q3 L1 L1,left,PASS
7063-left,Q3 L1 R1,left,PASS
7063-right,Q3 L1 R1,right,PASS
7064-left,Q3 L1 Q2,left,PASS
7065-left,Q3 L1 B2,left,PASS
7066-left,Q3 L1 L2,left,PASS
7067-left,Q3 L1 R2,left,PASS
7068-left,Q3 L1 Q3,left,PASS
7068-right,Q3 L1 Q3,right,PASS
7069-left,Q3 L1 B3,left,PASS
7069-right,Q3 L1 B3,right,PASS
7070-left,Q3 L1 L3,left,PASS
7071-left,Q3 L1 R3,left,PASS
7071-right,Q3 L1 R3,right,PASS
7072-left,Q3 L1 Q4,left,PASS
7072-right,Q3 L1 Q4,right,PASS
7073-left,Q3 L1 B4,left,PASS
7073-right,Q3 L1 B4,right,PASS
7074-left,Q3 L1 L4,left,PASS
7075-left,Q3 L1 R4,left,PASS
7075-right,Q3 L1 R4,right,PASS
7076-left,Q3 L1 Q5,left,PASS
7076-right,Q3 L1 Q5,right,PASS
7077-left,Q3 L1 B5,left,PASS
7077-right,Q3 L1 B5,right,PASS
7078-left,Q3 L1 L5,left,PASS
7079-left,Q3 L1 R5,left,PASS
7079-right,Q3 L1 R5,right,PASS
7080-left,Q3 R1 Q0,left,PASS
7080-right,Q3 R1 Q0,right,PASS
7081-left,Q3 R1 B0,left,PASS
7081-right,Q3 R1 B0,right,PASS
7082-left,Q3 R1 L0,left,PASS
7083-left,Q3 R1 R0,left,PASS
7083-right,Q3 R1 R0,right,PASS
7084-left,Q3 R1 Q1,left,PASS
7085-left,Q3 R1 B1,left,PASS
7086-left,Q3 R1 L1,left,PASS
7086-right,Q3 R1 L1,right,PASS
7087-left,Q3 R1 R1,left,PASS
7087-right,Q3 R1 R1,right,PASS
7088-left,Q3 R1 Q2,left,PASS
7088-right,Q3 R1 Q2,right,PASS
7089-left,Q3 R1 B2,left,PASS
7089-right,Q3 R1 B2,right,PASS
7090-left,Q3 R1 L2,left,PASS
7090-right,Q3 R1 L2,right,PASS
7091-left,Q3 R1 R2,left,PASS
7091-right,Q3 R1 R2,right,PASS
7092-left,Q3 R1 Q3,left,PASS
7092-right,Q3 R1 Q3,right,PASS
7093-left,Q3 R1 B3,left,PASS
7093-right,Q3 R1 B3,right,PASS
7094-left,Q3 R1 L3,left,PASS
7094-right,Q3 R1 L3,right,PASS
7095-left,Q3 R1 R3,left,PASS
7095-right,Q3 R1 R3,right,PASS
7096-left,Q3 R1 Q4,left,PASS
7096-right,Q3 R1 Q4,right,PASS
7097-left,Q3 R1 B4,left,PASS
7097-right,Q3 R1 B4,right,PASS
7098-left,Q3 R1 L4,left,PASS
7098-right,Q3 R1 L4,right,PASS
7099-left,Q3 R1 R4,left,PASS
7099-right,Q3 R1 R4,right,PASS
7100-left,Q3 R1 Q5,left,PASS
7100-right,Q3 R1 Q5,right,PASS
7101-left,Q3 R1 B5,left,PASS
7101-right,Q3 R1 B5,right,PASS
7102-left,Q3 R1 L5,left,PASS
7102-right,Q3 R1 L5,right,PASS
7103-left,Q3 R1 R5,left,PASS
7103-right,Q3 R1 R5,right,PASS
7104-left,Q3 Q2 Q0,left,PASS
7104-right,Q3 Q2 Q0,right,PASS
7105-left,Q3 Q2 B0,left,PASS
7105-right,Q3 Q2 B0,right,PASS
7106-left,Q3 Q2 L0,left,PASS
7106-right,Q3 Q2 L0,right,PASS
7107-left,Q3 Q2 R0,left,PASS
7107-right,Q3 Q2 R0,right,PASS
7108-left,Q3 Q2 Q1,left,PASS
7108-right,Q3 Q2 Q1,right,PASS
7109-left,Q3 Q2 B1,left,PASS
7109-right,Q3 Q2 B1,right,PASS
7110-left,Q3 Q2 L1,left,PASS
7111-left,Q3 Q2 R1,left,PASS
7111-right,Q3 Q2 R1,right,PASS
7112-left,Q3 Q2 Q2,left,PASS
7113-left,Q3 Q2 B2,left,PASS
7114-left,Q3 Q2 L2,left,PASS
7115-left,Q3 Q2 R2,left,PASS
7116-left,Q3 Q2 Q3,left,PASS
7116-right,Q3 Q2 Q3,right,PASS
7117-left,Q3 Q2 B3,left,PASS
7117-right,Q3 Q2 B3,right,PASS
7118-left,Q3 Q2 L3,left,PASS
7118-right,Q3 Q2 L3,right,PASS
7119-left,Q3 Q2 R3,left,PASS
7119-right,Q3 Q2 R3,right,PASS
7120-left,Q3 Q2 Q4,left,PASS
7120-right,Q3 Q2 Q4,right,PASS
7121-left,Q3 Q2 B4,left,PASS
7121-right,Q3 Q2 B4,right,PASS
7122-left,Q3 Q2 L4,left,PASS
7122-right,Q3 Q2 L4,right,PASS
7123-left,Q3 Q2 R4,left,PASS
7123-right,Q3 Q2 R4,right,PASS
7124-left,Q3 Q2 Q5,left,PASS
7124-right,Q3 Q2 Q5,right,PASS
7125-left,Q3 Q2 B5,left,PASS
7125-right,Q3 Q2 B5,right,PASS
7126-left,Q3 Q2 L5,left,PASS
7126-right,Q3 Q2 L5,right,PASS
7127-left,Q3 Q2 R5,left,PASS
7127-right,Q3 Q2 R5,right,PASS
7128-left,Q3 B2 Q0,left,PASS
7128-right,Q3 B2 Q0,right,PASS
7129-left,Q3 B2 B0,left,PASS
7129-right,Q3 B2 B0,right,PASS
7130-left,Q3 B2 L0,left,PASS
7130-right,Q3 B2 L0,right,PASS
7131-left,Q3 B2 R0,left,PASS
7131-right,Q3 B2 R0,right,PASS
7132-left,Q3 B2 Q1,left,PASS
7132-right,Q3 B2 Q1,right,PASS
7133-left,Q3 B2 B1,left,PASS
7133-right,Q3 B2 B1,right,PASS
7134-left,Q3 B2 L1,left,PASS
7135-left,Q3 B2 R1,left,PASS
7135-right,Q3 B2 R1,right,PASS
7136-left,Q3 B2 Q2,left,PASS
7137-left,Q3 B2 B2,left,PASS
7138-left,Q3 B2 L2,left,PASS
7139-left,Q3 B2 R2,left,PASS
7140-left,Q3 B2 Q3,left,PASS
7140-right,Q3 B2 Q3,right,PASS
7141-left,Q3 B2 B3,left,PASS
7141-right,Q3 B2 B3,right,PASS
7142-left,Q3 B2 L3,left,PASS
7142-right,Q3 B2 L3,right,PASS
7143-left,Q3 B2 R3,left,PASS
7143-right,Q3 B2 R3,right,PASS
7144-left,Q3 B2 Q4,left,PASS
7144-right,Q3 B2 Q4,right,PASS
7145-left,Q3 B2 B4,left,PASS
7145-right,Q3 B2 B4,right,PASS
7146-left,Q3 B2 L4,left,PASS
7146-right,Q3 B2 L4,right,PASS
7147-left,Q3 B2 R4,left,PASS
7147-right,Q3 B2 R4,right,PASS
7148-left,Q3 B2 Q5,left,PASS
7148-right,Q3 B2 Q5,right,PASS
7149-left,Q3 B2 B5,left,PASS
7149-right,Q3 B2 B5,right,PASS
7150-left,Q3 B2 L5,left,PASS
7150-right,Q3 B2 L5,right,PASS
7151-left,Q3 B2 R5,left,PASS
7151-right,Q3 B2 R5,right,PASS
7152-right,Q3 L2 Q0,right,PASS
7153-right,Q3 L2 B0,right,PASS
7155-right,Q3 L2 R0,right,PASS
7156-right,Q3 L2 Q1,right,PASS
7157-right,Q3 L2 B1,right,PASS
7159-right,Q3 L2 R1,right,PASS
7163-right,Q3 L2 R2,right,PASS
7168-right,Q3 L2 Q4,right,PASS
7169-right,Q3 L2 B4,right,PASS
7171-right,Q3 L2 R4,right,PASS
7172-right,Q3 L2 Q5,right,PASS
7173-right,Q3 L2 B5,right,PASS
7175-right,Q3 L2 R5,right,PASS
7176-left,Q3 R2 Q0,left,PASS
7176-right,Q3 R2 Q0,right,PASS
7177-left,Q3 R2 B0,left,PASS
7177-right,Q3 R2 B0,right,PASS
7178-left,Q3 R2 L0,left,PASS
7178-right,Q3 R2 L0,right,PASS
7179-left,Q3 R2 R0,left,PASS
7179-right,Q3 R2 R0,right,PASS
7180-left,Q3 R2 Q1,left,PASS
7180-right,Q3 R2 Q1,right,PASS
7181-left,Q3 R2 B1,left,PASS
7181-right,Q3 R2 B1,right,PASS
7182-left,Q3 R2 L1,left,PASS
7183-left,Q3 R2 R1,left,PASS
7183-right,Q3 R2 R1,right,PASS
7184-left,Q3 R2 Q2,left,PASS
7185-left,Q3 R2 B2,left,PASS
7186-left,Q3 R2 L2,left,PASS
7186-right,Q3 R2 L2,right,PASS
7187-left,Q3 R2 R2,left,PASS
7187-right,Q3 R2 R2,right,PASS
7188-left,Q3 R2 Q3,left,PASS
7188-right,Q3 R2 Q3,right,PASS
7189-left,Q3 R2 B3,left,PASS
7189-right,Q3 R2 B3,right,PASS
7190-left,Q3 R2 L3,left,PASS
7190-right,Q3 R2 L3,right,PASS
7191-left,Q3 R2 R3,left,PASS
7191-right,Q3 R2 R3,right,PASS
7192-left,Q3 R2 Q4,left,PASS
7192-right,Q3 R2 Q4,right,PASS
7193-left,Q3 R2 B4,left,PASS
7193-right,Q3 R2 B4,right,PASS
7194-left,Q3 R2 L4,left,PASS
7194-right,Q3 R2 L4,right,PASS
7195-left,Q3 R2 R4,left,PASS
7195-right,Q3 R2 R4,right,PASS
7196-left,Q3 R2 Q5,left,PASS
7196-right,Q3 R2 Q5,right,PASS
7197-left,Q3 R2 B5,left,PASS
7197-right,Q3 R2 B5,right,PASS
7198-left,Q3 R2 L5,left,PASS
7198-right,Q3 R2 L5,right,PASS
7199-left,Q3 R2 R5,left,PASS
7199-right,Q3 R2 R5,right,PASS
7200-right,Q3 Q3 Q0,right,PASS
7201-right,Q3 Q3 B0,right,PASS
7202-right,Q3 Q3 L0,right,PASS
7203-right,Q3 Q3 R0,right,PASS
7204-right,Q3 Q3 Q1,right,PASS
7205-right,Q3 Q3 B1,right,PASS
7206-right,Q3 Q3 L1,right,PASS
7207-right,Q3 Q3 R1,right,PASS
7208-right,Q3 Q3 Q2,right,PASS
7209-right,Q3 Q3 B2,right,PASS
7211-right,Q3 Q3 R2,right,PASS
7216-right,Q3 Q3 Q4,right,PASS
7217-right,Q3 Q3 B4,right,PASS
7218-right,Q3 Q3 L4,right,PASS
7219-right,Q3 Q3 R4,right,PASS
7220-right,Q3 Q3 Q5,right,PASS
7221-right,Q3 Q3 B5,right,PASS
7222-right,Q3 Q3 L5,right,PASS
7223-right,Q3 Q3 R5,right,PASS
7224-right,Q3 B3 Q0,right,PASS
7225-right,Q3 B3 B0,right,PASS
7226-right,Q3 B3 L0,right,PASS
7227-right,Q3 B3 R0,right,PASS
7228-right,Q3 B3 Q1,right,PASS
7229-right,Q3 B3 B1,right,PASS
7230-right,Q3 B3 L1,right,PASS
7231-right,Q3 B3 R1,right,PASS
7232-right,Q3 B3 Q2,right,PASS
7233-right,Q3 B3 B2,right,PASS
7235-right,Q3 B3 R2,right,PASS
7240-right,Q3 B3 Q4,right,PASS
7241-right,Q3 B3 B4,right,PASS
7242-right,Q3 B3 L4,right,PASS
7243-right,Q3 B3 R4,right,PASS
7244-right,Q3 B3 Q5,right,PASS
7245-right,Q3 B3 B5,right,PASS
7246-right,Q3 B3 L5,right,PASS
7247-right,Q3 B3 R5,right,PASS
7248-right,Q3 L3 Q0,right,PASS
7249-right,Q3 L3 B0,right,PASS
7251-right,Q3 L3 R0,right,PASS
7252-right,Q3 L3 Q1,right,PASS
7253-right,Q3 L3 B1,right,PASS
7255-right,Q3 L3 R1,right,PASS
7256-right,Q3 L3 Q2,right,PASS
7257-right,Q3 L3 B2,right,PASS
7259-right,Q3 L3 R2,right,PASS
7263-right,Q3 L3 R3,right,PASS
7268-right,Q3 L3 Q5,right,PASS
7269-right,Q3 L3 B5,right,PASS
7271-right,Q3 L3 R5,right,PASS
7272-right,Q3 R3 Q0,right,PASS
7273-right,Q3 R3 B0,right,PASS
7274-right,Q3 R3 L0,right,PASS
7275-right,Q3 R3 R0,right,PASS
7276-right,Q3 R3 Q1,right,PASS
7277-right,Q3 R3 B1,right,PASS
7278-right,Q3 R3 L1,right,PASS
7279-right,Q3 R3 R1,right,PASS
7280-right,Q3 R3 Q2,right,PASS
7281-right,Q3 R3 B2,right,PASS
7283-right,Q3 R3 R2,right,PASS
7286-right,Q3 R3 L3,right,PASS
7287-right,Q3 R3 R3,right,PASS
7288-right,Q3 R3 Q4,right,PASS
7289-right,Q3 R3 B4,right,PASS
7290-right,Q3 R3 L4,right,PASS
7291-right,Q3 R3 R4,right,PASS
7292-right,Q3 R3 Q5,right,PASS
7293-right,Q3 R3 B5,right,PASS
7294-right,Q3 R3 L5,right,PASS
7295-right,Q3 R3 R5,right,PASS
7296-left,Q3 Q4 Q0,left,PASS
7296-right,Q3 Q4 Q0,right,PASS
7297-left,Q3 Q4 B0,left,PASS
7297-right,Q3 Q4 B0,right,PASS
7298-left,Q3 Q4 L0,left,PASS
7298-right,Q3 Q4 L0,right,PASS
7299-left,Q3 Q4 R0,left,PASS
7299-right,Q3 Q4 R0,right,PASS
7300-left,Q3 Q4 Q1,left,PASS
7300-right,Q3 Q4 Q1,right,PASS
7301-left,Q3 Q4 B1,left,PASS
7301-right,Q3 Q4 B1,right,PASS
7302-left,Q3 Q4 L1,left,PASS
7302-right,Q3 Q4 L1,right,PASS
7303-left,Q3 Q4 R1,left,PASS
7303-right,Q3 Q4 R1,right,PASS
7304-left,Q3 Q4 Q2,left,PASS
7304-right,Q3 Q4 Q2,right,PASS
7305-left,Q3 Q4 B2,left,PASS
7305-right,Q3 Q4 B2,right,PASS
7306-left,Q3 Q4 L2,left,PASS
7306-right,Q3 Q4 L2,right,PASS
7307-left,Q3 Q4 R2,left,PASS
7307-right,Q3 Q4 R2,right,PASS
7308-left,Q3 Q4 Q3,left,PASS
7308-right,Q3 Q4 Q3,right,PASS
7309-left,Q3 Q4 B3,left,PASS
7309-right,Q3 Q4 B3,right,PASS
7310-left,Q3 Q4 L3,left,PASS
7311-left,Q3 Q4 R3,left,PASS
7311-right,Q3 Q4 R3,right,PASS
7312-left,Q3 Q4 Q4,left,PASS
7313-left,Q3 Q4 B4,left,PASS
7314-left,Q3 Q4 L4,left,PASS
7315-left,Q3 Q4 R4,left,PASS
7316-left,Q3 Q4 Q5,left,PASS
7316-right,Q3 Q4 Q5,right,PASS
7317-left,Q3 Q4 B5,left,PASS
7317-right,Q3 Q4 B5,right,PASS
7318-left,Q3 Q4 L5,left,PASS
7318-right,Q3 Q4 L5,right,PASS
7319-left,Q3 Q4 R5,left,PASS
7319-right,Q3 Q4 R5,right,PASS
7320-left,Q3 B4 Q0,left,PASS
7320-right,Q3 B4 Q0,right,PASS
7321-left,Q3 B4 B0,left,PASS
7321-right,Q3 B4 B0,right,PASS
7322-left,Q3 B4 L0,left,PASS
7322-right,Q3 B4 L0,right,PASS
7323-left,Q3 B4 R0,left,PASS
7323-right,Q3 B4 R0,right,PASS
7324-left,Q3 B4 Q1,left,PASS
7324-right,Q3 B4 Q1,right,PASS
7325-left,Q3 B4 B1,left,PASS
7325-right,Q3 B4 B1,right,PASS
7326-left,Q3 B4 L1,left,PASS
7326-right,Q3 B4 L1,right,PASS
7327-left,Q3 B4 R1,left,PASS
7327-right,Q3 B4 R1,right,PASS
7328-left,Q3 B4 Q2,left,PASS
7328-right,Q3 B4 Q2,right,PASS
7329-left,Q3 B4 B2,left,PASS
7329-right,Q3 B4 B2,right,PASS
7330-left,Q3 B4 L2,left,PASS
7330-right,Q3 B4 L2,right,PASS
7331-left,Q3 B4 R2,left,PASS
7331-right,Q3 B4 R2,right,PASS
7332-left,Q3 B4 Q3,left,PASS
7332-right,Q3 B4 Q3,right,PASS
7333-left,Q3 B4 B3,left,PASS
7333-right,Q3 B4 B3,right,PASS
7334-left,Q3 B4 L3,left,PASS
7335-left,Q3 B4 R3,left,PASS
7335-right,Q3 B4 R3,right,PASS
7336-left,Q3 B4 Q4,left,PASS
7337-left,Q3 B4 B4,left,PASS
7338-left,Q3 B4 L4,left,PASS
7339-left,Q3 B4 R4,left,PASS
7340-left,Q3 B4 Q5,left,PASS
7340-right,Q3 B4 Q5,right,PASS
7341-left,Q3 B4 B5,left,PASS
7341-right,Q3 B4 B5,right,PASS
7342-left,Q3 B4 L5,left,PASS
7342-right,Q3 B4 L5,right,PASS
7343-left,Q3 B4 R5,left,PASS
7343-right,Q3 B4 R5,right,PASS
7344-left,Q3 L4 Q0,left,PASS
7344-right,Q3 L4 Q0,right,PASS
7345-left,Q3 L4 B0,left,PASS
7345-right,Q3 L4 B0,right,PASS
7346-left,Q3 L4 L0,left,PASS
7347-left,Q3 L4 R0,left,PASS
7347-right,Q3 L4 R0,right,PASS
7348-left,Q3 L4 Q1,left,PASS
7348-right,Q3 L4 Q1,right,PASS
7349-left,Q3 L4 B1,left,PASS
7349-right,Q3 L4 B1,right,PASS
7350-left,Q3 L4 L1,left,PASS
7351-left,Q3 L4 R1,left,PASS
7351-right,Q3 L4 R1,right,PASS
7352-left,Q3 L4 Q2,left,PASS
7352-right,Q3 L4 Q2,right,PASS
7353-left,Q3 L4 B2,left,PASS
7353-right,Q3 L4 B2,right,PASS
7354-left,Q3 L4 L2,left,PASS
7355-left,Q3 L4 R2,left,PASS
7355-right,Q3 L4 R2,right,PASS
7356-left,Q3 L4 Q3,left,PASS
7356-right,Q3 L4 Q3,right,PASS
7357-left,Q3 L4 B3,left,PASS
7357-right,Q3 L4 B3,right,PASS
7358-left,Q3 L4 L3,left,PASS
7359-left,Q3 L4 R3,left,PASS
7359-right,Q3 L4 R3,right,PASS
7360-left,Q3 L4 Q4,left,PASS
7361-left,Q3 L4 B4,left,PASS
7362-left,Q3 L4 L4,left,PASS
7363-left,Q3 L4 R4,left,PASS
7363-right,Q3 L4 R4,right,PASS
7364-left,Q3 L4 Q5,left,PASS
7365-left,Q3 L4 B5,left,PASS
7366-left,Q3 L4 L5,left,PASS
7367-left,Q3 L4 R5,left,PASS
7368-left,Q3 R4 Q0,left,PASS
7368-right,Q3 R4 Q0,right,PASS
7369-left,Q3 R4 B0,left,PASS
7369-right,Q3 R4 B0,right,PASS
7370-left,Q3 R4 L0,left,PASS
7370-right,Q3 R4 L0,right,PASS
7371-left,Q3 R4 R0,left,PASS
7371-right,Q3 R4 R0,right,PASS
7372-left,Q3 R4 Q1,left,PASS
7372-right,Q3 R4 Q1,right,PASS
7373-left,Q3 R4 B1,left,PASS
7373-right,Q3 R4 B1,right,PASS
7374-left,Q3 R4 L1,left,PASS
7374-right,Q3 R4 L1,right,PASS
7375-left,Q3 R4 R1,left,PASS
7375-right,Q3 R4 R1,right,PASS
7376-left,Q3 R4 Q2,left,PASS
7376-right,Q3 R4 Q2,right,PASS
7377-left,Q3 R4 B2,left,PASS
7377-right,Q3 R4 B2,right,PASS
7378-left,Q3 R4 L2,left,PASS
7378-right,Q3 R4 L2,right,PASS
7379-left,Q3 R4 R2,left,PASS
7379-right,Q3 R4 R2,right,PASS
7380-left,Q3 R4 Q3,left,PASS
7380-right,Q3 R4 Q3,right,PASS
7381-left,Q3 R4 B3,left,PASS
7381-right,Q3 R4 B3,right,PASS
7382-left,Q3 R4 L3,left,PASS
7383-left,Q3 R4 R3,left,PASS
7383-right,Q3 R4 R3,right,PASS
7384-left,Q3 R4 Q4,left,PASS
7385-left,Q3 R4 B4,left,PASS
7386-left,Q3 R4 L4,left,PASS
7386-right,Q3 R4 L4,right,PASS
7387-left,Q3 R4 R4,left,PASS
7387-right,Q3 R4 R4,right,PASS
7388-left,Q3 R4 Q5,left,PASS
7388-right,Q3 R4 Q5,right,PASS
7389-left,Q3 R4 B5,left,PASS
7389-right,Q3 R4 B5,right,PASS
7390-left,Q3 R4 L5,left,PASS
7390-right,Q3 R4 L5,right,PASS
7391-left,Q3 R4 R5,left,PASS
7391-right,Q3 R4 R5,right,PASS
7392-left,Q3 Q5 Q0,left,PASS
7392-right,Q3 Q5 Q0,right,PASS
7393-left,Q3 Q5 B0,left,PASS
7393-right,Q3 Q5 B0,right,PASS
7394-left,Q3 Q5 L0,left,PASS
7394-right,Q3 Q5 L0,right,PASS
7395-left,Q3 Q5 R0,left,PASS
7395-right,Q3 Q5 R0,right,PASS
7396-left,Q3 Q5 Q1,left,PASS
7396-right,Q3 Q5 Q1,right,PASS
7397-left,Q3 Q5 B1,left,PASS
7397-right,Q3 Q5 B1,right,PASS
7398-left,Q3 Q5 L1,left,PASS
7398-right,Q3 Q5 L1,right,PASS
7399-left,Q3 Q5 R1,left,PASS
7399-right,Q3 Q5 R1,right,PASS
7400-left,Q3 Q5 Q2,left,PASS
7400-right,Q3 Q5 Q2,right,PASS
7401-left,Q3 Q5 B2,left,PASS
7401-right,Q3 Q5 B2,right,PASS
7402-left,Q3 Q5 L2,left,PASS
7402-right,Q3 Q5 L2,right,PASS
7403-left,Q3 Q5 R2,left,PASS
7403-right,Q3 Q5 R2,right,PASS
7404-left,Q3 Q5 Q3,left,PASS
7404-right,Q3 Q5 Q3,right,PASS
7405-left,Q3 Q5 B3,left,PASS
7405-right,Q3 Q5 B3,right,PASS
7406-left,Q3 Q5 L3,left,PASS
7406-right,Q3 Q5 L3,right,PASS
7407-left,Q3 Q5 R3,left,PASS
7407-right,Q3 Q5 R3,right,PASS
7408-left,Q3 Q5 Q4,left,PASS
7408-right,Q3 Q5 Q4,right,PASS
7409-left,Q3 Q5 B4,left,PASS
7409-right,Q3 Q5 B4,right,PASS
7410-left,Q3 Q5 L4,left,PASS
7411-left,Q3 Q5 R4,left,PASS
7411-right,Q3 Q5 R4,right,PASS
7412-left,Q3 Q5 Q5,left,PASS
7413-left,Q3 Q5 B5,left,PASS
7414-left,Q3 Q5 L5,left,PASS
7415-left,Q3 Q5 R5,left,PASS
7416-left,Q3 B5 Q0,left,PASS
7416-right,Q3 B5 Q0,right,PASS
7417-left,Q3 B5 B0,left,PASS
7417-right,Q3 B5 B0,right,PASS
7418-left,Q3 B5 L0,left,PASS
7418-right,Q3 B5 L0,right,PASS
7419-left,Q3 B5 R0,left,PASS
7419-right,Q3 B5 R0,right,PASS
7420-left,Q3 B5 Q1,left,PASS
7420-right,Q3 B5 Q1,right,PASS
7421-left,Q3 B5 B1,left,PASS
7421-right,Q3 B5 B1,right,PASS
7422-left,Q3 B5 L1,left,PASS
7422-right,Q3 B5 L1,right,PASS
7423-left,Q3 B5 R1,left,PASS
7423-right,Q3 B5 R1,right,PASS
7424-left,Q3 B5 Q2,left,PASS
7424-right,Q3 B5 Q2,right,PASS
7425-left,Q3 B5 B2,left,PASS
7425-right,Q3 B5 B2,right,PASS
7426-left,Q3 B5 L2,left,PASS
7426-right,Q3 B5 L2,right,PASS
7427-left,Q3 B5 R2,left,PASS
7427-right,Q3 B5 R2,right,PASS
7428-left,Q3 B5 Q3,left,PASS
7428-right,Q3 B5 Q3,right,PASS
7429-left,Q3 B5 B3,left,PASS
7429-right,Q3 B5 B3,right,PASS
7430-left,Q3 B5 L3,left,PASS
7430-right,Q3 B5 L3,right,PASS
7431-left,Q3 B5 R3,left,PASS
7431-right,Q3 B5 R3,right,PASS
7432-left,Q3 B5 Q4,left,PASS
7432-right,Q3 B5 Q4,right,PASS
7433-left,Q3 B5 B4,left,PASS
7433-right,Q3 B5 B4,right,PASS
7434-left,Q3 B5 L4,left,PASS
7435-left,Q3 B5 R4,left,PASS
7435-right,Q3 B5 R4,right,PASS
7436-left,Q3 B5 Q5,left,PASS
7437-left,Q3 B5 B5,left,PASS
7438-left,Q3 B5 L5,left,PASS
7439-left,Q3 B5 R5,left,PASS
7440-left,Q3 L5 Q0,left,PASS
7441-left,Q3 L5 B0,left,PASS
7442-left,Q3 L5 L0,left,PASS
7443-left,Q3 L5 R0,left,PASS
7444-left,Q3 L5 Q1,left,PASS
7444-right,Q3 L5 Q1,right,PASS
7445-left,Q3 L5 B1,left,PASS
7445-right,Q3 L5 B1,right,PASS
7446-left,Q3 L5 L1,left,PASS
7447-left,Q3 L5 R1,left,PASS
7447-right,Q3 L5 R1,right,PASS
7448-left,Q3 L5 Q2,left,PASS
7448-right,Q3 L5 Q2,right,PASS
7449-left,Q3 L5 B2,left,PASS
7449-right,Q3 L5 B2,right,PASS
7450-left,Q3 L5 L2,left,PASS
7451-left,Q3 L5 R2,left,PASS
7451-right,Q3 L5 R2,right,PASS
7452-left,Q3 L5 Q3,left,PASS
7452-right,Q3 L5 Q3,right,PASS
7453-left,Q3 L5 B3,left,PASS
7453-right,Q3 L5 B3,right,PASS
7454-left,Q3 L5 L3,left,PASS
7455-left,Q3 L5 R3,left,PASS
7455-right,Q3 L5 R3,right,PASS
7456-left,Q3 L5 Q4,left,PASS
7456-right,Q3 L5 Q4,right,PASS
7457-left,Q3 L5 B4,left,PASS
7457-right,Q3 L5 B4,right,PASS
7458-left,Q3 L5 L4,left,PASS
7459-left,Q3 L5 R4,left,PASS
7459-right,Q3 L5 R4,right,PASS
7460-left,Q3 L5 Q5,left,PASS
7461-left,Q3 L5 B5,left,PASS
7462-left,Q3 L5 L5,left,PASS
7463-left,Q3 L5 R5,left,PASS
7463-right,Q3 L5 R5,right,PASS
7464-left,Q3 R5 Q0,left,PASS
7464-right,Q3 R5 Q0,right,PASS
7465-left,Q3 R5 B0,left,PASS
7465-right,Q3 R5 B0,right,PASS
7466-left,Q3 R5 L0,left,PASS
7466-right,Q3 R5 L0,right,PASS
7467-left,Q3 R5 R0,left,PASS
7467-right,Q3 R5 R0,right,PASS
7468-left,Q3 R5 Q1,left,PASS
7468-right,Q3 R5 Q1,right,PASS
7469-left,Q3 R5 B1,left,PASS
7469-right,Q3 R5 B1,right,PASS
7470-left,Q3 R5 L1,left,PASS
7470-right,Q3 R5 L1,right,PASS
7471-left,Q3 R5 R1,left,PASS
7471-right,Q3 R5 R1,right,PASS
7472-left,Q3 R5 Q2,left,PASS
7472-right,Q3 R5 Q2,right,PASS
7473-left,Q3 R5 B2,left,PASS
7473-right,Q3 R5 B2,right,PASS
7474-left,Q3 R5 L2,left,PASS
7474-right,Q3 R5 L2,right,PASS
7475-left,Q3 R5 R2,left,PASS
7475-right,Q3 R5 R2,right,PASS
7476-left,Q3 R5 Q3,left,PASS
7476-right,Q3 R5 Q3,right,PASS
7477-left,Q3 R5 B3,left,PASS
7477-right,Q3 R5 B3,right,PASS
7478-left,Q3 R5 L3,left,PASS
7478-right,Q3 R5 L3,right,PASS
7479-left,Q3 R5 R3,left,PASS
7479-right,Q3 R5 R3,right,PASS
7480-left,Q3 R5 Q4,left,PASS
7480-right,Q3 R5 Q4,right,PASS
7481-left,Q3 R5 B4,left,PASS
7481-right,Q3 R5 B4,right,PASS
7482-left,Q3 R5 L4,left,PASS
7483-left,Q3 R5 R4,left,PASS
7483-right,Q3 R5 R4,right,PASS
7484-left,Q3 R5 Q5,left,PASS
7485-left,Q3 R5 B5,left,PASS
7486-left,Q3 R5 L5,left,PASS
7486-right,Q3 R5 L5,right,PASS
7487-left,Q3 R5 R5,left,PASS
7487-right,Q3 R5 R5,right,PASS
7488-left,B3 Q0 Q0,left,PASS
7489-left,B3 Q0 B0,left,PASS
7490-left,B3 Q0 L0,left,PASS
7491-left,B3 Q0 R0,left,PASS
7492-left,B3 Q0 Q1,left,PASS
7492-right,B3 Q0 Q1,right,PASS
7493-left,B3 Q0 B1,left,PASS
7493-right,B3 Q0 B1,right,PASS
7494-left,B3 Q0 L1,left,PASS
7494-right,B3 Q0 L1,right,PASS
7495-left,B3 Q0 R1,left,PASS
7495-right,B3 Q0 R1,right,PASS
7496-left,B3 Q0 Q2,left,PASS
7496-right,B3 Q0 Q2,right,PASS
7497-left,B3 Q0 B2,left,PASS
7497-right,B3 Q0 B2,right,PASS
7498-left,B3 Q0 L2,left,PASS
7498-right,B3 Q0 L2,right,PASS
7499-left,B3 Q0 R2,left,PASS
7499-right,B3 Q0 R2,right,PASS
7500-left,B3 Q0 Q3,left,PASS
7500-right,B3 Q0 Q3,right,PASS
7501-left,B3 Q0 B3,left,PASS
7501-right,B3 Q0 B3,right,PASS
7502-left,B3 Q0 L3,left,PASS
7502-right,B3 Q0 L3,right,PASS
7503-left,B3 Q0 R3,left,PASS
7503-right,B3 Q0 R3,right,PASS
7504-left,B3 Q0 Q4,left,PASS
7504-right,B3 Q0 Q4,right,PASS
7505-left,B3 Q0 B4,left,PASS
7505-right,B3 Q0 B4,right,PASS
7506-left,B3 Q0 L4,left,PASS
7506-right,B3 Q0 L4,right,PASS
7507-left,B3 Q0 R4,left,PASS
7507-right,B3 Q0 R4,right,PASS
7508-left,B3 Q0 Q5,left,PASS
7508-right,B3 Q0 Q5,right,PASS
7509-left,B3 Q0 B5,left,PASS
7509-right,B3 Q0 B5,right,PASS
7510-left,B3 Q0 L5,left,PASS
7511-left,B3 Q0 R5,left,PASS
7511-right,B3 Q0 R5,right,PASS
7512-left,B3 B0 Q0,left,PASS
7513-left,B3 B0 B0,left,PASS
7514-left,B3 B0 L0,left,PASS
7515-left,B3 B0 R0,left,PASS
7516-left,B3 B0 Q1,left,PASS
7516-right,B3 B0 Q1,right,PASS
7517-left,B3 B0 B1,left,PASS
7517-right,B3 B0 B1,right,PASS
7518-left,B3 B0 L1,left,PASS
7518-right,B3 B0 L1,right,PASS
7519-left,B3 B0 R1,left,PASS
7519-right,B3 B0 R1,right,PASS
7520-left,B3 B0 Q2,left,PASS
7520-right,B3 B0 Q2,right,PASS
7521-left,B3 B0 B2,left,PASS
7521-right,B3 B0 B2,right,PASS
7522-left,B3 B0 L2,left,PASS
7522-right,B3 B0 L2,right,PASS
7523-left,B3 B0 R2,left,PASS
7523-right,B3 B0 R2,right,PASS
7524-left,B3 B0 Q3,left,PASS
7524-right,B3 B0 Q3,right,PASS
7525-left,B3 B0 B3,left,PASS
7525-right,B3 B0 B3,right,PASS
7526-left,B3 B0 L3,left,PASS
7526-right,B3 B0 L3,right,PASS
7527-left,B3 B0 R3,left,PASS
7527-right,B3 B0 R3,right,PASS
7528-left,B3 B0 Q4,left,PASS
7528-right,B3 B0 Q4,right,PASS
7529-left,B3 B0 B4,left,PASS
7529-right,B3 B0 B4,right,PASS
7530-left,B3 B0 L4,left,PASS
7530-right,B3 B0 L4,right,PASS
7531-left,B3 B0 R4,left,PASS
7531-right,B3 B0 R4,right,PASS
7532-left,B3 B0 Q5,left,PASS
7532-right,B3 B0 Q5,right,PASS
7533-left,B3 B0 B5,left,PASS
7533-right,B3 B0 B5,right,PASS
7534-left,B3 B0 L5,left,PASS
7535-left,B3 B0 R5,left,PASS
7535-right,B3 B0 R5,right,PASS
7536-left,B3 L0 Q0,left,PASS
7537-left,B3 L0 B0,left,PASS
7538-left,B3 L0 L0,left,PASS
7539-left,B3 L0 R0,left,PASS
7539-right,B3 L0 R0,right,PASS
7540-left,B3 L0 Q1,left,PASS
7541-left,B3 L0 B1,left,PASS
7542-left,B3 L0 L1,left,PASS
7543-left,B3 L0 R1,left,PASS
7544-left,B3 L0 Q2,left,PASS
7544-right,B3 L0 Q2,right,PASS
7545-left,B3 L0 B2,left,PASS
7545-right,B3 L0 B2,right,PASS
7546-left,B3 L0 L2,left,PASS
7547-left,B3 L0 R2,left,PASS
7547-right,B3 L0 R2,right,PASS
7548-left,B3 L0 Q3,left,PASS
7548-right,B3 L0 Q3,right,PASS
7549-left,B3 L0 B3,left,PASS
7549-right,B3 L0 B3,right,PASS
7550-left,B3 L0 L3,left,PASS
7551-left,B3 L0 R3,left,PASS
7551-right,B3 L0 R3,right,PASS
7552-left,B3 L0 Q4,left,PASS
7552-right,B3 L0 Q4,right,PASS
7553-left,B3 L0 B4,left,PASS
7553-right,B3 L0 B4,right,PASS
7554-left,B3 L0 L4,left,PASS
7555-left,B3 L0 R4,left,PASS
7555-right,B3 L0 R4,right,PASS
7556-left,B3 L0 Q5,left,PASS
7556-right,B3 L0 Q5,right,PASS
7557-left,B3 L0 B5,left,PASS
7557-right,B3 L0 B5,right,PASS
7558-left,B3 L0 L5,left,PASS
7559-left,B3 L0 R5,left,PASS
7559-right,B3 L0 R5,right,PASS
7560-left,B3 R0 Q0,left,PASS
7561-left,B3 R0 B0,left,PASS
7562-left,B3 R0 L0,left,PASS
7562-right,B3 R0 L0,right,PASS
7563-left,B3 R0 R0,left,PASS
7563-right,B3 R0 R0,right,PASS
7564-left,B3 R0 Q1,left,PASS
7564-right,B3 R0 Q1,right,PASS
7565-left,B3 R0 B1,left,PASS
7565-right,B3 R0 B1,right,PASS
7566-left,B3 R0 L1,left,PASS
7566-right,B3 R0 L1,right,PASS
7567-left,B3 R0 R1,left,PASS
7567-right,B3 R0 R1,right,PASS
7568-left,B3 R0 Q2,left,PASS
7568-right,B3 R0 Q2,right,PASS
7569-left,B3 R0 B2,left,PASS
7569-right,B3 R0 B2,right,PASS
7570-left,B3 R0 L2,left,PASS
7570-right,B3 R0 L2,right,PASS
7571-left,B3 R0 R2,left,PASS
7571-right,B3 R0 R2,right,PASS
7572-left,B3 R0 Q3,left,PASS
7572-right,B3 R0 Q3,right,PASS
7573-left,B3 R0 B3,left,PASS
7573-right,B3 R0 B3,right,PASS
7574-left,B3 R0 L3,left,PASS
7574-right,B3 R0 L3,right,PASS
7575-left,B3 R0 R3,left,PASS
7575-right,B3 R0 R3,right,PASS
7576-left,B3 R0 Q4,left,PASS
7576-right,B3 R0 Q4,right,PASS
7577-left,B3 R0 B4,left,PASS
7577-right,B3 R0 B4,right,PASS
7578-left,B3 R0 L4,left,PASS
7578-right,B3 R0 L4,right,PASS
7579-left,B3 R0 R4,left,PASS
7579-right,B3 R0 R4,right,PASS
7580-left,B3 R0 Q5,left,PASS
7580-right,B3 R0 Q5,right,PASS
7581-left,B3 R0 B5,left,PASS
7581-right,B3 R0 B5,right,PASS
7582-left,B3 R0 L5,left,PASS
7583-left,B3 R0 R5,left,PASS
7583-right,B3 R0 R5,right,PASS
7584-left,B3 Q1 Q0,left,PASS
7584-right,B3 Q1 Q0,right,PASS
7585-left,B3 Q1 B0,left,PASS
7585-right,B3 Q1 B0,right,PASS
7586-left,B3 Q1 L0,left,PASS
7587-left,B3 Q1 R0,left,PASS
7587-right,B3 Q1 R0,right,PASS
7588-left,B3 Q1 Q1,left,PASS
7589-left,B3 Q1 B1,left,PASS
7590-left,B3 Q1 L1,left,PASS
7591-left,B3 Q1 R1,left,PASS
7592-left,B3 Q1 Q2,left,PASS
7592-right,B3 Q1 Q2,right,PASS
7593-left,B3 Q1 B2,left,PASS
7593-right,B3 Q1 B2,right,PASS
7594-left,B3 Q1 L2,left,PASS
7594-right,B3 Q1 L2,right,PASS
7595-left,B3 Q1 R2,left,PASS
7595-right,B3 Q1 R2,right,PASS
7596-left,B3 Q1 Q3,left,PASS
7596-right,B3 Q1 Q3,right,PASS
7597-left,B3 Q1 B3,left,PASS
7597-right,B3 Q1 B3,right,PASS
7598-left,B3 Q1 L3,left,PASS
7598-right,B3 Q1 L3,right,PASS
7599-left,B3 Q1 R3,left,PASS
7599-right,B3 Q1 R3,right,PASS
7600-left,B3 Q1 Q4,left,PASS
7600-right,B3 Q1 Q4,right,PASS
7601-left,B3 Q1 B4,left,PASS
7601-right,B3 Q1 B4,right,PASS
7602-left,B3 Q1 L4,left,PASS
7602-right,B3 Q1 L4,right,PASS
7603-left,B3 Q1 R4,left,PASS
7603-right,B3 Q1 R4,right,PASS
7604-left,B3 Q1 Q5,left,PASS
7604-right,B3 Q1 Q5,right,PASS
7605-left,B3 Q1 B5,left,PASS
7605-right,B3 Q1 B5,right,PASS
7606-left,B3 Q1 L5,left,PASS
7606-right,B3 Q1 L5,right,PASS
7607-left,B3 Q1 R5,left,PASS
7607-right,B3 Q1 R5,right,PASS
7608-left,B3 B1 Q0,left,PASS
7608-right,B3 B1 Q0,right,PASS
7609-left,B3 B1 B0,left,PASS
7609-right,B3 B1 B0,right,PASS
7610-left,B3 B1 L0,left,PASS
7611-left,B3 B1 R0,left,PASS
7611-right,B3 B1 R0,right,PASS
7612-left,B3 B1 Q1,left,PASS
7613-left,B3 B1 B1,left,PASS
7614-left,B3 B1 L1,left,PASS
7615-left,B3 B1 R1,left,PASS
7616-left,B3 B1 Q2,left,PASS
7616-right,B3 B1 Q2,right,PASS
7617-left,B3 B1 B2,left,PASS
7617-right,B3 B1 B2,right,PASS
7618-left,B3 B1 L2,left,PASS
7618-right,B3 B1 L2,right,PASS
7619-left,B3 B1 R2,left,PASS
7619-right,B3 B1 R2,right,PASS
7620-left,B3 B1 Q3,left,PASS
7620-right,B3 B1 Q3,right,PASS
7621-left,B3 B1 B3,left,PASS
7621-right,B3 B1 B3,right,PASS
7622-left,B3 B1 L3,left,PASS
7622-right,B3 B1 L3,right,PASS
7623-left,B3 B1 R3,left,PASS
7623-right,B3 B1 R3,right,PASS
7624-left,B3 B1 Q4,left,PASS
7624-right,B3 B1 Q4,right,PASS
7625-left,B3 B1 B4,left,PASS
7625-right,B3 B1 B4,right,PASS
7626-left,B3 B1 L4,left,PASS
7626-right,B3 B1 L4,right,PASS
7627-left,B3 B1 R4,left,PASS
7627-right,B3 B1 R4,right,PASS
7628-left,B3 B1 Q5,left,PASS
7628-right,B3 B1 Q5,right,PASS
7629-left,B3 B1 B5,left,PASS
7629-right,B3 B1 B5,right,PASS
7630-left,B3 B1 L5,left,PASS
7630-right,B3 B1 L5,right,PASS
7631-left,B3 B1 R5,left,PASS
7631-right,B3 B1 R5,right,PASS
7632-left,B3 L1 Q0,left,PASS
7632-right,B3 L1 Q0,right,PASS
7633-left,B3 L1 B0,left,PASS
7633-right,B3 L1 B0,right,PASS
7634-left,B3 L1 L0,left,PASS
7635-left,B3 L1 R0,left,PASS
7635-right,B3 L1 R0,right,PASS
7636-left,B3 L1 Q1,left,PASS
7637-left,B3 L1 B1,left,PASS
7638-left,B3 L1 L1,left,PASS
7639-left,B3 L1 R1,left,PASS
7639-right,B3 L1 R1,right,PASS
7640-left,B3 L1 Q2,left,PASS
7641-left,B3 L1 B2,left,PASS
7642-left,B3 L1 L2,left,PASS
7643-left,B3 L1 R2,left,PASS
7644-left,B3 L1 Q3,left,PASS
7644-right,B3 L1 Q3,right,PASS
7645-left,B3 L1 B3,left,PASS
7645-right,B3 L1 B3,right,PASS
7646-left,B3 L1 L3,left,PASS
7647-left,B3 L1 R3,left,PASS
7647-right,B3 L1 R3,right,PASS
7648-left,B3 L1 Q4,left,PASS
7648-right,B3 L1 Q4,right,PASS
7649-left,B3 L1 B4,left,PASS
7649-right,B3 L1 B4,right,PASS
7650-left,B3 L1 L4,left,PASS
7651-left,B3 L1 R4,left,PASS
7651-right,B3 L1 R4,right,PASS
7652-left,B3 L1 Q5,left,PASS
7652-right,B3 L1 Q5,right,PASS
7653-left,B3 L1 B5,left,PASS
7653-right,B3 L1 B5,right,PASS
7654-left,B3 L1 L5,left,PASS
7655-left,B3 L1 R5,left,PASS
7655-right,B3 L1 R5,right,PASS
7656-left,B3 R1 Q0,left,PASS
7656-right,B3 R1 Q0,right,PASS
7657-left,B3 R1 B0,left,PASS
7657-right,B3 R1 B0,right,PASS
7658-left,B3 R1 L0,left,PASS
7659-left,B3 R1 R0,left,PASS
7659-right,B3 R1 R0,right,PASS
7660-left,B3 R1 Q1,left,PASS
7661-left,B3 R1 B1,left,PASS
7662-left,B3 R1 L1,left,PASS
7662-right,B3 R1 L1,right,PASS
7663-left,B3 R1 R1,left,PASS
7663-right,B3 R1 R1,right,PASS
7664-left,B3 R1 Q2,left,PASS
7664-right,B3 R1 Q2,right,PASS
7665-left,B3 R1 B2,left,PASS
7665-right,B3 R1 B2,right,PASS
7666-left,B3 R1 L2,left,PASS
7666-right,B3 R1 L2,right,PASS
7667-left,B3 R1 R2,left,PASS
7667-right,B3 R1 R2,right,PASS
7668-left,B3 R1 Q3,left,PASS
7668-right,B3 R1 Q3,right,PASS
7669-left,B3 R1 B3,left,PASS
7669-right,B3 R1 B3,right,PASS
7670-left,B3 R1 L3,left,PASS
7670-right,B3 R1 L3,right,PASS
7671-left,B3 R1 R3,left,PASS
7671-right,B3 R1 R3,right,PASS
7672-left,B3 R1 Q4,left,PASS
7672-right,B3 R1 Q4,right,PASS
7673-left,B3 R1 B4,left,PASS
7673-right,B3 R1 B4,right,PASS
7674-left,B3 R1 L4,left,PASS
7674-right,B3 R1 L4,right,PASS
7675-left,B3 R1 R4,left,PASS
7675-right,B3 R1 R4,right,PASS
7676-left,B3 R1 Q5,left,PASS
7676-right,B3 R1 Q5,right,PASS
7677-left,B3 R1 B5,left,PASS
7677-right,B3 R1 B5,right,PASS
7678-left,B3 R1 L5,left,PASS
7678-right,B3 R1 L5,right,PASS
7679-left,B3 R1 R5,left,PASS
7679-right,B3 R1 R5,right,PASS
7680-left,B3 Q2 Q0,left,PASS
7680-right,B3 Q2 Q0,right,PASS
7681-left,B3 Q2 B0,left,PASS
7681-right,B3 Q2 B0,right,PASS
7682-left,B3 Q2 L0,left,PASS
7682-right,B3 Q2 L0,right,PASS
7683-left,B3 Q2 R0,left,PASS
7683-right,B3 Q2 R0,right,PASS
7684-left,B3 Q2 Q1,left,PASS
7684-right,B3 Q2 Q1,right,PASS
7685-left,B3 Q2 B1,left,PASS
7685-right,B3 Q2 B1,right,PASS
7686-left,B3 Q2 L1,left,PASS
7687-left,B3 Q2 R1,left,PASS
7687-right,B3 Q2 R1,right,PASS
7688-left,B3 Q2 Q2,left,PASS
7689-left,B3 Q2 B2,left,PASS
7690-left,B3 Q2 L2,left,PASS
7691-left,B3 Q2 R2,left,PASS
7692-left,B3 Q2 Q3,left,PASS
7692-right,B3 Q2 Q3,right,PASS
7693-left,B3 Q2 B3,left,PASS
7693-right,B3 Q2 B3,right,PASS
7694-left,B3 Q2 L3,left,PASS
7694-right,B3 Q2 L3,right,PASS
7695-left,B3 Q2 R3,left,PASS
7695-right,B3 Q2 R3,right,PASS
7696-left,B3 Q2 Q4,left,PASS
7696-right,B3 Q2 Q4,right,PASS
7697-left,B3 Q2 B4,left,PASS
7697-right,B3 Q2 B4,right,PASS
7698-left,B3 Q2 L4,left,PASS
7698-right,B3 Q2 L4,right,PASS
7699-left,B3 Q2 R4,left,PASS
7699-right,B3 Q2 R4,right,PASS
7700-left,B3 Q2 Q5,left,PASS
7700-right,B3 Q2 Q5,right,PASS
7701-left,B3 Q2 B5,left,PASS
7701-right,B3 Q2 B5,right,PASS
7702-left,B3 Q2 L5,left,PASS
7702-right,B3 Q2 L5,right,PASS
7703-left,B3 Q2 R5,left,PASS
7703-right,B3 Q2 R5,right,PASS
7704-left,B3 B2 Q0,left,PASS
7704-right,B3 B2 Q0,right,PASS
7705-left,B3 B2 B0,left,PASS
7705-right,B3 B2 B0,right,PASS
7706-left,B3 B2 L0,left,PASS
7706-right,B3 B2 L0,right,PASS
7707-left,B3 B2 R0,left,PASS
7707-right,B3 B2 R0,right,PASS
7708-left,B3 B2 Q1,left,PASS
7708-right,B3 B2 Q1,right,PASS
7709-left,B3 B2 B1,left,PASS
7709-right,B3 B2 B1,right,PASS
7710-left,B3 B2 L1,left,PASS
7711-left,B3 B2 R1,left,PASS
7711-right,B3 B2 R1,right,PASS
7712-left,B3 B2 Q2,left,PASS
7713-left,B3 B2 B2,left,PASS
7714-left,B3 B2 L2,left,PASS
7715-left,B3 B2 R2,left,PASS
7716-left,B3 B2 Q3,left,PASS
7716-right,B3 B2 Q3,right,PASS
7717-left,B3 B2 B3,left,PASS
7717-right,B3 B2 B3,right,PASS
7718-left,B3 B2 L3,left,PASS
7718-right,B3 B2 L3,right,PASS
7719-left,B3 B2 R3,left,PASS
7719-right,B3 B2 R3,right,PASS
7720-left,B3 B2 Q4,left,PASS
7720-right,B3 B2 Q4,right,PASS
7721-left,B3 B2 B4,left,PASS
7721-right,B3 B2 B4,right,PASS
7722-left,B3 B2 L4,left,PASS
7722-right,B3 B2 L4,right,PASS
7723-left,B3 B2 R4,left,PASS
7723-right,B3 B2 R4,right,PASS
7724-left,B3 B2 Q5,left,PASS
7724-right,B3 B2 Q5,right,PASS
7725-left,B3 B2 B5,left,PASS
7725-right,B3 B2 B5,right,PASS
7726-left,B3 B2 L5,left,PASS
7726-right,B3 B2 L5,right,PASS
7727-left,B3 B2 R5,left,PASS
7727-right,B3 B2 R5,right,PASS
7728-right,B3 L2 Q0,right,PASS
7729-right,B3 L2 B0,right,PASS
7731-right,B3 L2 R0,right,PASS
7732-right,B3 L2 Q1,right,PASS
7733-right,B3 L2 B1,right,PASS
7735-right,B3 L2 R1,right,PASS
7739-right,B3 L2 R2,right,PASS
7744-right,B3 L2 Q4,right,PASS
7745-right,B3 L2 B4,right,PASS
7747-right,B3 L2 R4,right,PASS
7748-right,B3 L2 Q5,right,PASS
7749-right,B3 L2 B5,right,PASS
7751-right,B3 L2 R5,right,PASS
7752-left,B3 R2 Q0,left,PASS
7752-right,B3 R2 Q0,right,PASS
7753-left,B3 R2 B0,left,PASS
7753-right,B3 R2 B0,right,PASS
7754-left,B3 R2 L0,left,PASS
7754-right,B3 R2 L0,right,PASS
7755-left,B3 R2 R0,left,PASS
7755-right,B3 R2 R0,right,PASS
7756-left,B3 R2 Q1,left,PASS
7756-right,B3 R2 Q1,right,PASS
7757-left,B3 R2 B1,left,PASS
7757-right,B3 R2 B1,right,PASS
7758-left,B3 R2 L1,left,PASS
7759-left,B3 R2 R1,left,PASS
7759-right,B3 R2 R1,right,PASS
7760-left,B3 R2 Q2,left,PASS
7761-left,B3 R2 B2,left,PASS
7762-left,B3 R2 L2,left,PASS
7762-right,B3 R2 L2,right,PASS
7763-left,B3 R2 R2,left,PASS
7763-right,B3 R2 R2,right,PASS
7764-left,B3 R2 Q3,left,PASS
7764-right,B3 R2 Q3,right,PASS
7765-left,B3 R2 B3,left,PASS
7765-right,B3 R2 B3,right,PASS
7766-left,B3 R2 L3,left,PASS
7766-right,B3 R2 L3,right,PASS
7767-left,B3 R2 R3,left,PASS
7767-right,B3 R2 R3,right,PASS
7768-left,B3 R2 Q4,left,PASS
7768-right,B3 R2 Q4,right,PASS
7769-left,B3 R2 B4,left,PASS
7769-right,B3 R2 B4,right,PASS
7770-left,B3 R2 L4,left,PASS
7770-right,B3 R2 L4,right,PASS
7771-left,B3 R2 R4,left,PASS
7771-right,B3 R2 R4,right,PASS
7772-left,B3 R2 Q5,left,PASS
7772-right,B3 R2 Q5,right,PASS
7773-left,B3 R2 B5,left,PASS
7773-right,B3 R2 B5,right,PASS
7774-left,B3 R2 L5,left,PASS
7774-right,B3 R2 L5,right,PASS
7775-left,B3 R2 R5,left,PASS
7775-right,B3 R2 R5,right,PASS
7776-right,B3 Q3 Q0,right,PASS
7777-right,B3 Q3 B0,right,PASS
7778-right,B3 Q3 L0,right,PASS
7779-right,B3 Q3 R0,right,PASS
7780-right,B3 Q3 Q1,right,PASS
7781-right,B3 Q3 B1,right,PASS
7782-right,B3 Q3 L1,right,PASS
7783-right,B3 Q3 R1,right,PASS
7784-right,B3 Q3 Q2,right,PASS
7785-right,B3 Q3 B2,right,PASS
7787-right,B3 Q3 R2,right,PASS
7792-right,B3 Q3 Q4,right,PASS
7793-right,B3 Q3 B4,right,PASS
7794-right,B3 Q3 L4,right,PASS
7795-right,B3 Q3 R4,right,PASS
7796-right,B3 Q3 Q5,right,PASS
7797-right,B3 Q3 B5,right,PASS
7798-right,B3 Q3 L5,right,PASS
7799-right,B3 Q3 R5,right,PASS
7800-right,B3 B3 Q0,right,PASS
7801-right,B3 B3 B0,right,PASS
7802-right,B3 B3 L0,right,PASS
7803-right,B3 B3 R0,right,PASS
7804-right,B3 B3 Q1,right,PASS
7805-right,B3 B3 B1,right,PASS
7806-right,B3 B3 L1,right,PASS
7807-right,B3 B3 R1,right,PASS
7808-right,B3 B3 Q2,right,PASS
7809-right,B3 B3 B2,right,PASS
7811-right,B3 B3 R2,right,PASS
7816-right,B3 B3 Q4,right,PASS
7817-right,B3 B3 B4,right,PASS
7818-right,B3 B3 L4,right,PASS
7819-right,B3 B3 R4,right,PASS
7820-right,B3 B3 Q5,right,PASS
7821-right,B3 B3 B5,right,PASS
7822-right,B3 B3 L5,right,PASS
7823-right,B3 B3 R5,right,PASS
7824-right,B3 L3 Q0,right,PASS
7825-right,B3 L3 B0,right,PASS
7827-right,B3 L3 R0,right,PASS
7828-right,B3 L3 Q1,right,PASS
7829-right,B3 L3 B1,right,PASS
7831-right,B3 L3 R1,right,PASS
7832-right,B3 L3 Q2,right,PASS
7833-right,B3 L3 B2,right,PASS
7835-right,B3 L3 R2,right,PASS
7839-right,B3 L3 R3,right,PASS
7844-right,B3 L3 Q5,right,PASS
7845-right,B3 L3 B5,right,PASS
7847-right,B3 L3 R5,right,PASS
7848-right,B3 R3 Q0,right,PASS
7849-right,B3 R3 B0,right,PASS
7850-right,B3 R3 L0,right,PASS
7851-right,B3 R3 R0,right,PASS
7852-right,B3 R3 Q1,right,PASS
7853-right,B3 R3 B1,right,PASS
7854-right,B3 R3 L1,right,PASS
7855-right,B3 R3 R1,right,PASS
7856-right,B3 R3 Q2,right,PASS
7857-right,B3 R3 B2,right,PASS
7859-right,B3 R3 R2,right,PASS
7862-right,B3 R3 L3,right,PASS
7863-right,B3 R3 R3,right,PASS
7864-right,B3 R3 Q4,right,PASS
7865-right,B3 R3 B4,right,PASS
7866-right,B3 R3 L4,right,PASS
7867-right,B3 R3 R4,right,PASS
7868-right,B3 R3 Q5,right,PASS
7869-right,B3 R3 B5,right,PASS
7870-right,B3 R3 L5,right,PASS
7871-right,B3 R3 R5,right,PASS
7872-left,B3 Q4 Q0,left,PASS
7872-right,B3 Q4 Q0,right,PASS
7873-left,B3 Q4 B0,left,PASS
7873-right,B3 Q4 B0,right,PASS
7874-left,B3 Q4 L0,left,PASS
7874-right,B3 Q4 L0,right,PASS
7875-left,B3 Q4 R0,left,PASS
7875-right,B3 Q4 R0,right,PASS
7876-left,B3 Q4 Q1,left,PASS
7876-right,B3 Q4 Q1,right,PASS
7877-left,B3 Q4 B1,left,PASS
7877-right,B3 Q4 B1,right,PASS
7878-left,B3 Q4 L1,left,PASS
7878-right,B3 Q4 L1,right,PASS
7879-left,B3 Q4 R1,left,PASS
7879-right,B3 Q4 R1,right,PASS
7880-left,B3 Q4 Q2,left,PASS
7880-right,B3 Q4 Q2,right,PASS
7881-left,B3 Q4 B2,left,PASS
7881-right,B3 Q4 B2,right,PASS
7882-left,B3 Q4 L2,left,PASS
7882-right,B3 Q4 L2,right,PASS
7883-left,B3 Q4 R2,left,PASS
7883-right,B3 Q4 R2,right,PASS
7884-left,B3 Q4 Q3,left,PASS
7884-right,B3 Q4 Q3,right,PASS
7885-left,B3 Q4 B3,left,PASS
7885-right,B3 Q4 B3,right,PASS
7886-left,B3 Q4 L3,left,PASS
7887-left,B3 Q4 R3,left,PASS
7887-right,B3 Q4 R3,right,PASS
7888-left,B3 Q4 Q4,left,PASS
7889-left,B3 Q4 B4,left,PASS
7890-left,B3 Q4 L4,left,PASS
7891-left,B3 Q4 R4,left,PASS
7892-left,B3 Q4 Q5,left,PASS
7892-right,B3 Q4 Q5,right,PASS
7893-left,B3 Q4 B5,left,PASS
7893-right,B3 Q4 B5,right,PASS
7894-left,B3 Q4 L5,left,PASS
7894-right,B3 Q4 L5,right,PASS
7895-left,B3 Q4 R5,left,PASS
7895-right,B3 Q4 R5,right,PASS
7896-left,B3 B4 Q0,left,PASS
7896-right,B3 B4 Q0,right,PASS
7897-left,B3 B4 B0,left,PASS
7897-right,B3 B4 B0,right,PASS
7898-left,B3 B4 L0,left,PASS
7898-right,B3 B4 L0,right,PASS
7899-left,B3 B4 R0,left,PASS
7899-right,B3 B4 R0,right,PASS
7900-left,B3 B4 Q1,left,PASS
7900-right,B3 B4 Q1,right,PASS
7901-left,B3 B4 B1,left,PASS
7901-right,B3 B4 B1,right,PASS
7902-left,B3 B4 L1,left,PASS
7902-right,B3 B4 L1,right,PASS
7903-left,B3 B4 R1,left,PASS
7903-right,B3 B4 R1,right,PASS
7904-left,B3 B4 Q2,left,PASS
7904-right,B3 B4 Q2,right,PASS
7905-left,B3 B4 B2,left,PASS
7905-right,B3 B4 B2,right,PASS
7906-left,B3 B4 L2,left,PASS
7906-right,B3 B4 L2,right,PASS
7907-left,B3 B4 R2,left,PASS
7907-right,B3 B4 R2,right,PASS
7908-left,B3 B4 Q3,left,PASS
7908-right,B3 B4 Q3,right,PASS
7909-left,B3 B4 B3,left,PASS
7909-right,B3 B4 B3,right,PASS
7910-left,B3 B4 L3,left,PASS
7911-left,B3 B4 R3,left,PASS
7911-right,B3 B4 R3,right,PASS
7912-left,B3 B4 Q4,left,PASS
7913-left,B3 B4 B4,left,PASS
7914-left,B3 B4 L4,left,PASS
7915-left,B3 B4 R4,left,PASS
7916-left,B3 B4 Q5,left,PASS
7916-right,B3 B4 Q5,right,PASS
7917-left,B3 B4 B5,left,PASS
7917-right,B3 B4 B5,right,PASS
7918-left,B3 B4 L5,left,PASS
7918-right,B3 B4 L5,right,PASS
7919-left,B3 B4 R5,left,PASS
7919-right,B3 B4 R5,right,PASS
7920-left,B3 L4 Q0,left,PASS
7920-right,B3 L4 Q0,right,PASS
7921-left,B3 L4 B0,left,PASS
7921-right,B3 L4 B0,right,PASS
7922-left,B3 L4 L0,left,PASS
7923-left,B3 L4 R0,left,PASS
7923-right,B3 L4 R0,right,PASS
7924-left,B3 L4 Q1,left,PASS
7924-right,B3 L4 Q1,right,PASS
7925-left,B3 L4 B1,left,PASS
7925-right,B3 L4 B1,right,PASS
7926-left,B3 L4 L1,left,PASS
7927-left,B3 L4 R1,left,PASS
7927-right,B3 L4 R1,right,PASS
7928-left,B3 L4 Q2,left,PASS
7928-right,B3 L4 Q2,right,PASS
7929-left,B3 L4 B2,left,PASS
7929-right,B3 L4 B2,right,PASS
7930-left,B3 L4 L2,left,PASS
7931-left,B3 L4 R2,left,PASS
7931-right,B3 L4 R2,right,PASS
7932-left,B3 L4 Q3,left,PASS
7932-right,B3 L4 Q3,right,PASS
7933-left,B3 L4 B3,left,PASS
7933-right,B3 L4 B3,right,PASS
7934-left,B3 L4 L3,left,PASS
7935-left,B3 L4 R3,left,PASS
7935-right,B3 L4 R3,right,PASS
7936-left,B3 L4 Q4,left,PASS
7937-left,B3 L4 B4,left,PASS
7938-left,B3 L4 L4,left,PASS
7939-left,B3 L4 R4,left,PASS
7939-right,B3 L4 R4,right,PASS
7940-left,B3 L4 Q5,left,PASS
7941-left,B3 L4 B5,left,PASS
7942-left,B3 L4 L5,left,PASS
7943-left,B3 L4 R5,left,PASS
7944-left,B3 R4 Q0,left,PASS
7944-right,B3 R4 Q0,right,PASS
7945-left,B3 R4 B0,left,PASS
7945-right,B3 R4 B0,right,PASS
7946-left,B3 R4 L0,left,PASS
7946-right,B3 R4 L0,right,PASS
7947-left,B3 R4 R0,left,PASS
7947-right,B3 R4 R0,right,PASS
7948-left,B3 R4 Q1,left,PASS
7948-right,B3 R4 Q1,right,PASS
7949-left,B3 R4 B1,left,PASS
7949-right,B3 R4 B1,right,PASS
7950-left,B3 R4 L1,left,PASS
7950-right,B3 R4 L1,right,PASS
7951-left,B3 R4 R1,left,PASS
7951-right,B3 R4 R1,right,PASS
7952-left,B3 R4 Q2,left,PASS
7952-right,B3 R4 Q2,right,PASS
7953-left,B3 R4 B2,left,PASS
7953-right,B3 R4 B2,right,PASS
7954-left,B3 R4 L2,left,PASS
7954-right,B3 R4 L2,right,PASS
7955-left,B3 R4 R2,left,PASS
7955-right,B3 R4 R2,right,PASS
7956-left,B3 R4 Q3,left,PASS
7956-right,B3 R4 Q3,right,PASS
7957-left,B3 R4 B3,left,PASS
7957-right,B3 R4 B3,right,PASS
7958-left,B3 R4 L3,left,PASS
7959-left,B3 R4 R3,left,PASS
7959-right,B3 R4 R3,right,PASS
7960-left,B3 R4 Q4,left,PASS
7961-left,B3 R4 B4,left,PASS
7962-left,B3 R4 L4,left,PASS
7962-right,B3 R4 L4,right,PASS
7963-left,B3 R4 R4,left,PASS
7963-right,B3 R4 R4,right,PASS
7964-left,B3 R4 Q5,left,PASS
7964-right,B3 R4 Q5,right,PASS
7965-left,B3 R4 B5,left,PASS
7965-right,B3 R4 B5,right,PASS
7966-left,B3 R4 L5,left,PASS
7966-right,B3 R4 L5,right,PASS
7967-left,B3 R4 R5,left,PASS
7967-right,B3 R4 R5,right,PASS
7968-left,B3 Q5 Q0,left,PASS
7968-right,B3 Q5 Q0,right,PASS
7969-left,B3 Q5 B0,left,PASS
7969-right,B3 Q5 B0,right,PASS
7970-left,B3 Q5 L0,left,PASS
7970-right,B3 Q5 L0,right,PASS
7971-left,B3 Q5 R0,left,PASS
7971-right,B3 Q5 R0,right,PASS
7972-left,B3 Q5 Q1,left,PASS
7972-right,B3 Q5 Q1,right,PASS
7973-left,B3 Q5 B1,left,PASS
7973-right,B3 Q5 B1,right,PASS
7974-left,B3 Q5 L1,left,PASS
7974-right,B3 Q5 L1,right,PASS
7975-left,B3 Q5 R1,left,PASS
7975-right,B3 Q5 R1,right,PASS
7976-left,B3 Q5 Q2,left,PASS
7976-right,B3 Q5 Q2,right,PASS
7977-left,B3 Q5 B2,left,PASS
7977-right,B3 Q5 B2,right,PASS
7978-left,B3 Q5 L2,left,PASS
7978-right,B3 Q5 L2,right,PASS
7979-left,B3 Q5 R2,left,PASS
7979-right,B3 Q5 R2,right,PASS
7980-left,B3 Q5 Q3,left,PASS
7980-right,B3 Q5 Q3,right,PASS
7981-left,B3 Q5 B3,left,PASS
7981-right,B3 Q5 B3,right,PASS
7982-left,B3 Q5 L3,left,PASS
7982-right,B3 Q5 L3,right,PASS
7983-left,B3 Q5 R3,left,PASS
7983-right,B3 Q5 R3,right,PASS
7984-left,B3 Q5 Q4,left,PASS
7984-right,B3 Q5 Q4,right,PASS
7985-left,B3 Q5 B4,left,PASS
7985-right,B3 Q5 B4,right,PASS
7986-left,B3 Q5 L4,left,PASS
7987-left,B3 Q5 R4,left,PASS
7987-right,B3 Q5 R4,right,PASS
7988-left,B3 Q5 Q5,left,PASS
7989-left,B3 Q5 B5,left,PASS
7990-left,B3 Q5 L5,left,PASS
7991-left,B3 Q5 R5,left,PASS
7992-left,B3 B5 Q0,left,PASS
7992-right,B3 B5 Q0,right,PASS
7993-left,B3 B5 B0,left,PASS
7993-right,B3 B5 B0,right,PASS
7994-left,B3 B5 L0,left,PASS
7994-right,B3 B5 L0,right,PASS
7995-left,B3 B5 R0,left,PASS
7995-right,B3 B5 R0,right,PASS
7996-left,B3 B5 Q1,left,PASS
7996-right,B3 B5 Q1,right,PASS
7997-left,B3 B5 B1,left,PASS
7997-right,B3 B5 B1,right,PASS
7998-left,B3 B5 L1,left,PASS
7998-right,B3 B5 L1,right,PASS
7999-left,B3 B5 R1,left,PASS
7999-right,B3 B5 R1,right,PASS
8000-left,B3 B5 Q2,left,PASS
8000-right,B3 B5 Q2,right,PASS
8001-left,B3 B5 B2,left,PASS
8001-right,B3 B5 B2,right,PASS
8002-left,B3 B5 L2,left,PASS
8002-right,B3 B5 L2,right,PASS
8003-left,B3 B5 R2,left,PASS
8003-right,B3 B5 R2,right,PASS
8004-left,B3 B5 Q3,left,PASS
8004-right,B3 B5 Q3,right,PASS
8005-left,B3 B5 B3,left,PASS
8005-right,B3 B5 B3,right,PASS
8006-left,B3 B5 L3,left,PASS
8006-right,B3 B5 L3,right,PASS
8007-left,B3 B5 R3,left,PASS
8007-right,B3 B5 R3,right,PASS
8008-left,B3 B5 Q4,left,PASS
8008-right,B3 B5 Q4,right,PASS
8009-left,B3 B5 B4,left,PASS
8009-right,B3 B5 B4,right,PASS
8010-left,B3 B5 L4,left,PASS
8011-left,B3 B5 R4,left,PASS
8011-right,B3 B5 R4,right,PASS
8012-left,B3 B5 Q5,left,PASS
8013-left,B3 B5 B5,left,PASS
8014-left,B3 B5 L5,left,PASS
8015-left,B3 B5 R5,left,PASS
8016-left,B3 L5 Q0,left,PASS
8017-left,B3 L5 B0,left,PASS
8018-left,B3 L5 L0,left,PASS
8019-left,B3 L5 R0,left,PASS
8020-left,B3 L5 Q1,left,PASS
8020-right,B3 L5 Q1,right,PASS
8021-left,B3 L5 B1,left,PASS
8021-right,B3 L5 B1,right,PASS
8022-left,B3 L5 L1,left,PASS
8023-left,B3 L5 R1,left,PASS
8023-right,B3 L5 R1,right,PASS
8024-left,B3 L5 Q2,left,PASS
8024-right,B3 L5 Q2,right,PASS
8025-left,B3 L5 B2,left,PASS
8025-right,B3 L5 B2,right,PASS
8026-left,B3 L5 L2,left,PASS
8027-left,B3 L5 R2,left,PASS
8027-right,B3 L5 R2,right,PASS
8028-left,B3 L5 Q3,left,PASS
8028-right,B3 L5 Q3,right,PASS
8029-left,B3 L5 B3,left,PASS
8029-right,B3 L5 B3,right,PASS
8030-left,B3 L5 L3,left,PASS
8031-left,B3 L5 R3,left,PASS
8031-right,B3 L5 R3,right,PASS
8032-left,B3 L5 Q4,left,PASS
8032-right,B3 L5 Q4,right,PASS
8033-left,B3 L5 B4,left,PASS
8033-right,B3 L5 B4,right,PASS
8034-left,B3 L5 L4,left,PASS
8035-left,B3 L5 R4,left,PASS
8035-right,B3 L5 R4,right,PASS
8036-left,B3 L5 Q5,left,PASS
8037-left,B3 L5 B5,left,PASS
8038-left,B3 L5 L5,left,PASS
8039-left,B3 L5 R5,left,PASS
8039-right,B3 L5 R5,right,PASS
8040-left,B3 R5 Q0,left,PASS
8040-right,B3 R5 Q0,right,PASS
8041-left,B3 R5 B0,left,PASS
8041-right,B3 R5 B0,right,PASS
8042-left,B3 R5 L0,left,PASS
8042-right,B3 R5 L0,right,PASS
8043-left,B3 R5 R0,left,PASS
8043-right,B3 R5 R0,right,PASS
8044-left,B3 R5 Q1,left,PASS
8044-right,B3 R5 Q1,right,PASS
8045-left,B3 R5 B1,left,PASS
8045-right,B3 R5 B1,right,PASS
8046-left,B3 R5 L1,left,PASS
8046-right,B3 R5 L1,right,PASS
8047-left,B3 R5 R1,left,PASS
8047-right,B3 R5 R1,right,PASS
8048-left,B3 R5 Q2,left,PASS
8048-right,B3 R5 Q2,right,PASS
8049-left,B3 R5 B2,left,PASS
8049-right,B3 R5 B2,right,PASS
8050-left,B3 R5 L2,left,PASS
8050-right,B3 R5 L2,right,PASS
8051-left,B3 R5 R2,left,PASS
8051-right,B3 R5 R2,right,PASS
8052-left,B3 R5 Q3,left,PASS
8052-right,B3 R5 Q3,right,PASS
8053-left,B3 R5 B3,left,PASS
8053-right,B3 R5 B3,right,PASS
8054-left,B3 R5 L3,left,PASS
8054-right,B3 R5 L3,right,PASS
8055-left,B3 R5 R3,left,PASS
8055-right,B3 R5 R3,right,PASS
8056-left,B3 R5 Q4,left,PASS
8056-right,B3 R5 Q4,right,PASS
8057-left,B3 R5 B4,left,PASS
8057-right,B3 R5 B4,right,PASS
8058-left,B3 R5 L4,left,PASS
8059-left,B3 R5 R4,left,PASS
8059-right,B3 R5 R4,right,PASS
8060-left,B3 R5 Q5,left,PASS
8061-left,B3 R5 B5,left,PASS
8062-left,B3 R5 L5,left,PASS
8062-right,B3 R5 L5,right,PASS
8063-left,B3 R5 R5,left,PASS
8063-right,B3 R5 R5,right,PASS
8064-left,L3 Q0 Q0,left,PASS
8065-left,L3 Q0 B0,left,PASS
8066-left,L3 Q0 L0,left,PASS
8067-left,L3 Q0 R0,left,PASS
8068-left,L3 Q0 Q1,left,PASS
8068-right,L3 Q0 Q1,right,PASS
8069-left,L3 Q0 B1,left,PASS
8069-right,L3 Q0 B1,right,PASS
8070-left,L3 Q0 L1,left,PASS
8070-right,L3 Q0 L1,right,PASS
8071-left,L3 Q0 R1,left,PASS
8071-right,L3 Q0 R1,right,PASS
8072-left,L3 Q0 Q2,left,PASS
8072-right,L3 Q0 Q2,right,PASS
8073-left,L3 Q0 B2,left,PASS
8073-right,L3 Q0 B2,right,PASS
8074-left,L3 Q0 L2,left,PASS
8074-right,L3 Q0 L2,right,PASS
8075-left,L3 Q0 R2,left,PASS
8075-right,L3 Q0 R2,right,PASS
8076-left,L3 Q0 Q3,left,PASS
8076-right,L3 Q0 Q3,right,PASS
8077-left,L3 Q0 B3,left,PASS
8077-right,L3 Q0 B3,right,PASS
8078-left,L3 Q0 L3,left,PASS
8078-right,L3 Q0 L3,right,PASS
8079-left,L3 Q0 R3,left,PASS
8079-right,L3 Q0 R3,right,PASS
8080-left,L3 Q0 Q4,left,PASS
8080-right,L3 Q0 Q4,right,PASS
8081-left,L3 Q0 B4,left,PASS
8081-right,L3 Q0 B4,right,PASS
8082-left,L3 Q0 L4,left,PASS
8082-right,L3 Q0 L4,right,PASS
8083-left,L3 Q0 R4,left,PASS
8083-right,L3 Q0 R4,right,PASS
8084-left,L3 Q0 Q5,left,PASS
8084-right,L3 Q0 Q5,right,PASS
8085-left,L3 Q0 B5,left,PASS
8085-right,L3 Q0 B5,right,PASS
8086-left,L3 Q0 L5,left,PASS
8087-left,L3 Q0 R5,left,PASS
8087-right,L3 Q0 R5,right,PASS
8088-left,L3 B0 Q0,left,PASS
8089-left,L3 B0 B0,left,PASS
8090-left,L3 B0 L0,left,PASS
8091-left,L3 B0 R0,left,PASS
8092-left,L3 B0 Q1,left,PASS
8092-right,L3 B0 Q1,right,PASS
8093-left,L3 B0 B1,left,PASS
8093-right,L3 B0 B1,right,PASS
8094-left,L3 B0 L1,left,PASS
8094-right,L3 B0 L1,right,PASS
8095-left,L3 B0 R1,left,PASS
8095-right,L3 B0 R1,right,PASS
8096-left,L3 B0 Q2,left,PASS
8096-right,L3 B0 Q2,right,PASS
8097-left,L3 B0 B2,left,PASS
8097-right,L3 B0 B2,right,PASS
8098-left,L3 B0 L2,left,PASS
8098-right,L3 B0 L2,right,PASS
8099-left,L3 B0 R2,left,PASS
8099-right,L3 B0 R2,right,PASS
8100-left,L3 B0 Q3,left,PASS
8100-right,L3 B0 Q3,right,PASS
8101-left,L3 B0 B3,left,PASS
8101-right,L3 B0 B3,right,PASS
8102-left,L3 B0 L3,left,PASS
8102-right,L3 B0 L3,right,PASS
8103-left,L3 B0 R3,left,PASS
8103-right,L3 B0 R3,right,PASS
8104-left,L3 B0 Q4,left,PASS
8104-right,L3 B0 Q4,right,PASS
8105-left,L3 B0 B4,left,PASS
8105-right,L3 B0 B4,right,PASS
8106-left,L3 B0 L4,left,PASS
8106-right,L3 B0 L4,right,PASS
8107-left,L3 B0 R4,left,PASS
8107-right,L3 B0 R4,right,PASS
8108-left,L3 B0 Q5,left,PASS
8108-right,L3 B0 Q5,right,PASS
8109-left,L3 B0 B5,left,PASS
8109-right,L3 B0 B5,right,PASS
8110-left,L3 B0 L5,left,PASS
8111-left,L3 B0 R5,left,PASS
8111-right,L3 B0 R5,right,PASS
8115-right,L3 L0 R0,right,PASS
8120-right,L3 L0 Q2,right,PASS
8121-right,L3 L0 B2,right,PASS
8123-right,L3 L0 R2,right,PASS
8124-right,L3 L0 Q3,right,PASS
8125-right,L3 L0 B3,right,PASS
8127-right,L3 L0 R3,right,PASS
8128-right,L3 L0 Q4,right,PASS
8129-right,L3 L0 B4,right,PASS
8131-right,L3 L0 R4,right,PASS
8132-right,L3 L0 Q5,right,PASS
8133-right,L3 L0 B5,right,PASS
8135-right,L3 L0 R5,right,PASS
8136-left,L3 R0 Q0,left,PASS
8137-left,L3 R0 B0,left,PASS
8138-left,L3 R0 L0,left,PASS
8138-right,L3 R0 L0,right,PASS
8139-left,L3 R0 R0,left,PASS
8139-right,L3 R0 R0,right,PASS
8140-left,L3 R0 Q1,left,PASS
8140-right,L3 R0 Q1,right,PASS
8141-left,L3 R0 B1,left,PASS
8141-right,L3 R0 B1,right,PASS
8142-left,L3 R0 L1,left,PASS
8142-right,L3 R0 L1,right,PASS
8143-left,L3 R0 R1,left,PASS
8143-right,L3 R0 R1,right,PASS
8144-left,L3 R0 Q2,left,PASS
8144-right,L3 R0 Q2,right,PASS
8145-left,L3 R0 B2,left,PASS
8145-right,L3 R0 B2,right,PASS
8146-left,L3 R0 L2,left,PASS
8146-right,L3 R0 L2,right,PASS
8147-left,L3 R0 R2,left,PASS
8147-right,L3 R0 R2,right,PASS
8148-left,L3 R0 Q3,left,PASS
8148-right,L3 R0 Q3,right,PASS
8149-left,L3 R0 B3,left,PASS
8149-right,L3 R0 B3,right,PASS
8150-left,L3 R0 L3,left,PASS
8150-right,L3 R0 L3,right,PASS
8151-left,L3 R0 R3,left,PASS
8151-right,L3 R0 R3,right,PASS
8152-left,L3 R0 Q4,left,PASS
8152-right,L3 R0 Q4,right,PASS
8153-left,L3 R0 B4,left,PASS
8153-right,L3 R0 B4,right,PASS
8154-left,L3 R0 L4,left,PASS
8154-right,L3 R0 L4,right,PASS
8155-left,L3 R0 R4,left,PASS
8155-right,L3 R0 R4,right,PASS
8156-left,L3 R0 Q5,left,PASS
8156-right,L3 R0 Q5,right,PASS
8157-left,L3 R0 B5,left,PASS
8157-right,L3 R0 B5,right,PASS
8158-left,L3 R0 L5,left,PASS
8159-left,L3 R0 R5,left,PASS
8159-right,L3 R0 R5,right,PASS
8160-left,L3 Q1 Q0,left,PASS
8160-right,L3 Q1 Q0,right,PASS
8161-left,L3 Q1 B0,left,PASS
8161-right,L3 Q1 B0,right,PASS
8162-left,L3 Q1 L0,left,PASS
8163-left,L3 Q1 R0,left,PASS
8163-right,L3 Q1 R0,right,PASS
8164-left,L3 Q1 Q1,left,PASS
8165-left,L3 Q1 B1,left,PASS
8166-left,L3 Q1 L1,left,PASS
8167-left,L3 Q1 R1,left,PASS
8168-left,L3 Q1 Q2,left,PASS
8168-right,L3 Q1 Q2,right,PASS
8169-left,L3 Q1 B2,left,PASS
8169-right,L3 Q1 B2,right,PASS
8170-left,L3 Q1 L2,left,PASS
8170-right,L3 Q1 L2,right,PASS
8171-left,L3 Q1 R2,left,PASS
8171-right,L3 Q1 R2,right,PASS
8172-left,L3 Q1 Q3,left,PASS
8172-right,L3 Q1 Q3,right,PASS
8173-left,L3 Q1 B3,left,PASS
8173-right,L3 Q1 B3,right,PASS
8174-left,L3 Q1 L3,left,PASS
8174-right,L3 Q1 L3,right,PASS
8175-left,L3 Q1 R3,left,PASS
8175-right,L3 Q1 R3,right,PASS
8176-left,L3 Q1 Q4,left,PASS
8176-right,L3 Q1 Q4,right,PASS
8177-left,L3 Q1 B4,left,PASS
8177-right,L3 Q1 B4,right,PASS
8178-left,L3 Q1 L4,left,PASS
8178-right,L3 Q1 L4,right,PASS
8179-left,L3 Q1 R4,left,PASS
8179-right,L3 Q1 R4,right,PASS
8180-left,L3 Q1 Q5,left,PASS
8180-right,L3 Q1 Q5,right,PASS
8181-left,L3 Q1 B5,left,PASS
8181-right,L3 Q1 B5,right,PASS
8182-left,L3 Q1 L5,left,PASS
8182-right,L3 Q1 L5,right,PASS
8183-left,L3 Q1 R5,left,PASS
8183-right,L3 Q1 R5,right,PASS
8184-left,L3 B1 Q0,left,PASS
8184-right,L3 B1 Q0,right,PASS
8185-left,L3 B1 B0,left,PASS
8185-right,L3 B1 B0,right,PASS
8186-left,L3 B1 L0,left,PASS
8187-left,L3 B1 R0,left,PASS
8187-right,L3 B1 R0,right,PASS
8188-left,L3 B1 Q1,left,PASS
8189-left,L3 B1 B1,left,PASS
8190-left,L3 B1 L1,left,PASS
8191-left,L3 B1 R1,left,PASS
8192-left,L3 B1 Q2,left,PASS
8192-right,L3 B1 Q2,right,PASS
8193-left,L3 B1 B2,left,PASS
8193-right,L3 B1 B2,right,PASS
8194-left,L3 B1 L2,left,PASS
8194-right,L3 B1 L2,right,PASS
8195-left,L3 B1 R2,left,PASS
8195-right,L3 B1 R2,right,PASS
8196-left,L3 B1 Q3,left,PASS
8196-right,L3 B1 Q3,right,PASS
8197-left,L3 B1 B3,left,PASS
8197-right,L3 B1 B3,right,PASS
8198-left,L3 B1 L3,left,PASS
8198-right,L3 B1 L3,right,PASS
8199-left,L3 B1 R3,left,PASS
8199-right,L3 B1 R3,right,PASS
8200-left,L3 B1 Q4,left,PASS
8200-right,L3 B1 Q4,right,PASS
8201-left,L3 B1 B4,left,PASS
8201-right,L3 B1 B4,right,PASS
8202-left,L3 B1 L4,left,PASS
8202-right,L3 B1 L4,right,PASS
8203-left,L3 B1 R4,left,PASS
8203-right,L3 B1 R4,right,PASS
8204-left,L3 B1 Q5,left,PASS
8204-right,L3 B1 Q5,right,PASS
8205-left,L3 B1 B5,left,PASS
8205-right,L3 B1 B5,right,PASS
8206-left,L3 B1 L5,left,PASS
8206-right,L3 B1 L5,right,PASS
8207-left,L3 B1 R5,left,PASS
8207-right,L3 B1 R5,right,PASS
8208-right,L3 L1 Q0,right,PASS
8209-right,L3 L1 B0,right,PASS
8211-right,L3 L1 R0,right,PASS
8215-right,L3 L1 R1,right,PASS
8220-right,L3 L1 Q3,right,PASS
8221-right,L3 L1 B3,right,PASS
8223-right,L3 L1 R3,right,PASS
8224-right,L3 L1 Q4,right,PASS
8225-right,L3 L1 B4,right,PASS
8227-right,L3 L1 R4,right,PASS
8228-right,L3 L1 Q5,right,PASS
8229-right,L3 L1 B5,right,PASS
8231-right,L3 L1 R5,right,PASS
8232-left,L3 R1 Q0,left,PASS
8232-right,L3 R1 Q0,right,PASS
8233-left,L3 R1 B0,left,PASS
8233-right,L3 R1 B0,right,PASS
8234-left,L3 R1 L0,left,PASS
8235-left,L3 R1 R0,left,PASS
8235-right,L3 R1 R0,right,PASS
8236-left,L3 R1 Q1,left,PASS
8237-left,L3 R1 B1,left,PASS
8238-left,L3 R1 L1,left,PASS
8238-right,L3 R1 L1,right,PASS
8239-left,L3 R1 R1,left,PASS
8239-right,L3 R1 R1,right,PASS
8240-left,L3 R1 Q2,left,PASS
8240-right,L3 R1 Q2,right,PASS
8241-left,L3 R1 B2,left,PASS
8241-right,L3 R1 B2,right,PASS
8242-left,L3 R1 L2,left,PASS
8242-right,L3 R1 L2,right,PASS
8243-left,L3 R1 R2,left,PASS
8243-right,L3 R1 R2,right,PASS
8244-left,L3 R1 Q3,left,PASS
8244-right,L3 R1 Q3,right,PASS
8245-left,L3 R1 B3,left,PASS
8245-right,L3 R1 B3,right,PASS
8246-left,L3 R1 L3,left,PASS
8246-right,L3 R1 L3,right,PASS
8247-left,L3 R1 R3,left,PASS
8247-right,L3 R1 R3,right,PASS
8248-left,L3 R1 Q4,left,PASS
8248-right,L3 R1 Q4,right,PASS
8249-left,L3 R1 B4,left,PASS
8249-right,L3 R1 B4,right,PASS
8250-left,L3 R1 L4,left,PASS
8250-right,L3 R1 L4,right,PASS
8251-left,L3 R1 R4,left,PASS
8251-right,L3 R1 R4,right,PASS
8252-left,L3 R1 Q5,left,PASS
8252-right,L3 R1 Q5,right,PASS
8253-left,L3 R1 B5,left,PASS
8253-right,L3 R1 B5,right,PASS
8254-left,L3 R1 L5,left,PASS
8254-right,L3 R1 L5,right,PASS
8255-left,L3 R1 R5,left,PASS
8255-right,L3 R1 R5,right,PASS
8256-left,L3 Q2 Q0,left,PASS
8256-right,L3 Q2 Q0,right,PASS
8257-left,L3 Q2 B0,left,PASS
8257-right,L3 Q2 B0,right,PASS
8258-left,L3 Q2 L0,left,PASS
8258-right,L3 Q2 L0,right,PASS
8259-left,L3 Q2 R0,left,PASS
8259-right,L3 Q2 R0,right,PASS
8260-left,L3 Q2 Q1,left,PASS
8260-right,L3 Q2 Q1,right,PASS
8261-left,L3 Q2 B1,left,PASS
8261-right,L3 Q2 B1,right,PASS
8262-left,L3 Q2 L1,left,PASS
8263-left,L3 Q2 R1,left,PASS
8263-right,L3 Q2 R1,right,PASS
8264-left,L3 Q2 Q2,left,PASS
8265-left,L3 Q2 B2,left,PASS
8266-left,L3 Q2 L2,left,PASS
8267-left,L3 Q2 R2,left,PASS
8268-left,L3 Q2 Q3,left,PASS
8268-right,L3 Q2 Q3,right,PASS
8269-left,L3 Q2 B3,left,PASS
8269-right,L3 Q2 B3,right,PASS
8270-left,L3 Q2 L3,left,PASS
8270-right,L3 Q2 L3,right,PASS
8271-left,L3 Q2 R3,left,PASS
8271-right,L3 Q2 R3,right,PASS
8272-left,L3 Q2 Q4,left,PASS
8272-right,L3 Q2 Q4,right,PASS
8273-left,L3 Q2 B4,left,PASS
8273-right,L3 Q2 B4,right,PASS
8274-left,L3 Q2 L4,left,PASS
8274-right,L3 Q2 L4,right,PASS
8275-left,L3 Q2 R4,left,PASS
8275-right,L3 Q2 R4,right,PASS
8276-left,L3 Q2 Q5,left,PASS
8276-right,L3 Q2 Q5,right,PASS
8277-left,L3 Q2 B5,left,PASS
8277-right,L3 Q2 B5,right,PASS
8278-left,L3 Q2 L5,left,PASS
8278-right,L3 Q2 L5,right,PASS
8279-left,L3 Q2 R5,left,PASS
8279-right,L3 Q2 R5,right,PASS
8280-left,L3 B2 Q0,left,PASS
8280-right,L3 B2 Q0,right,PASS
8281-left,L3 B2 B0,left,PASS
8281-right,L3 B2 B0,right,PASS
8282-left,L3 B2 L0,left,PASS
8282-right,L3 B2 L0,right,PASS
8283-left,L3 B2 R0,left,PASS
8283-right,L3 B2 R0,right,PASS
8284-left,L3 B2 Q1,left,PASS
8284-right,L3 B2 Q1,right,PASS
8285-left,L3 B2 B1,left,PASS
8285-right,L3 B2 B1,right,PASS
8286-left,L3 B2 L1,left,PASS
8287-left,L3 B2 R1,left,PASS
8287-right,L3 B2 R1,right,PASS
8288-left,L3 B2 Q2,left,PASS
8289-left,L3 B2 B2,left,PASS
8290-left,L3 B2 L2,left,PASS
8291-left,L3 B2 R2,left,PASS
8292-left,L3 B2 Q3,left,PASS
8292-right,L3 B2 Q3,right,PASS
8293-left,L3 B2 B3,left,PASS
8293-right,L3 B2 B3,right,PASS
8294-left,L3 B2 L3,left,PASS
8294-right,L3 B2 L3,right,PASS
8295-left,L3 B2 R3,left,PASS
8295-right,L3 B2 R3,right,PASS
8296-left,L3 B2 Q4,left,PASS
8296-right,L3 B2 Q4,right,PASS
8297-left,L3 B2 B4,left,PASS
8297-right,L3 B2 B4,right,PASS
8298-left,L3 B2 L4,left,PASS
8298-right,L3 B2 L4,right,PASS
8299-left,L3 B2 R4,left,PASS
8299-right,L3 B2 R4,right,PASS
8300-left,L3 B2 Q5,left,PASS
8300-right,L3 B2 Q5,right,PASS
8301-left,L3 B2 B5,left,PASS
8301-right,L3 B2 B5,right,PASS
8302-left,L3 B2 L5,left,PASS
8302-right,L3 B2 L5,right,PASS
8303-left,L3 B2 R5,left,PASS
8303-right,L3 B2 R5,right,PASS
8304-right,L3 L2 Q0,right,PASS
8305-right,L3 L2 B0,right,PASS
8307-right,L3 L2 R0,right,PASS
8308-right,L3 L2 Q1,right,PASS
8309-right,L3 L2 B1,right,PASS
8311-right,L3 L2 R1,right,PASS
8315-right,L3 L2 R2,right,PASS
8320-right,L3 L2 Q4,right,PASS
8321-right,L3 L2 B4,right,PASS
8323-right,L3 L2 R4,right,PASS
8324-right,L3 L2 Q5,right,PASS
8325-right,L3 L2 B5,right,PASS
8327-right,L3 L2 R5,right,PASS
8328-left,L3 R2 Q0,left,PASS
8328-right,L3 R2 Q0,right,PASS
8329-left,L3 R2 B0,left,PASS
8329-right,L3 R2 B0,right,PASS
8330-left,L3 R2 L0,left,PASS
8330-right,L3 R2 L0,right,PASS
8331-left,L3 R2 R0,left,PASS
8331-right,L3 R2 R0,right,PASS
8332-left,L3 R2 Q1,left,PASS
8332-right,L3 R2 Q1,right,PASS
8333-left,L3 R2 B1,left,PASS
8333-right,L3 R2 B1,right,PASS
8334-left,L3 R2 L1,left,PASS
8335-left,L3 R2 R1,left,PASS
8335-right,L3 R2 R1,right,PASS
8336-left,L3 R2 Q2,left,PASS
8337-left,L3 R2 B2,left,PASS
8338-left,L3 R2 L2,left,PASS
8338-right,L3 R2 L2,right,PASS
8339-left,L3 R2 R2,left,PASS
8339-right,L3 R2 R2,right,PASS
8340-left,L3 R2 Q3,left,PASS
8340-right,L3 R2 Q3,right,PASS
8341-left,L3 R2 B3,left,PASS
8341-right,L3 R2 B3,right,PASS
8342-left,L3 R2 L3,left,PASS
8342-right,L3 R2 L3,right,PASS
8343-left,L3 R2 R3,left,PASS
8343-right,L3 R2 R3,right,PASS
8344-left,L3 R2 Q4,left,PASS
8344-right,L3 R2 Q4,right,PASS
8345-left,L3 R2 B4,left,PASS
8345-right,L3 R2 B4,right,PASS
8346-left,L3 R2 L4,left,PASS
8346-right,L3 R2 L4,right,PASS
8347-left,L3 R2 R4,left,PASS
8347-right,L3 R2 R4,right,PASS
8348-left,L3 R2 Q5,left,PASS
8348-right,L3 R2 Q5,right,PASS
8349-left,L3 R2 B5,left,PASS
8349-right,L3 R2 B5,right,PASS
8350-left,L3 R2 L5,left,PASS
8350-right,L3 R2 L5,right,PASS
8351-left,L3 R2 R5,left,PASS
8351-right,L3 R2 R5,right,PASS
8352-right,L3 Q3 Q0,right,PASS
8353-right,L3 Q3 B0,right,PASS
8354-right,L3 Q3 L0,right,PASS
8355-right,L3 Q3 R0,right,PASS
8356-right,L3 Q3 Q1,right,PASS
8357-right,L3 Q3 B1,right,PASS
8358-right,L3 Q3 L1,right,PASS
8359-right,L3 Q3 R1,right,PASS
8360-right,L3 Q3 Q2,right,PASS
8361-right,L3 Q3 B2,right,PASS
8363-right,L3 Q3 R2,right,PASS
8368-right,L3 Q3 Q4,right,PASS
8369-right,L3 Q3 B4,right,PASS
8370-right,L3 Q3 L4,right,PASS
8371-right,L3 Q3 R4,right,PASS
8372-right,L3 Q3 Q5,right,PASS
8373-right,L3 Q3 B5,right,PASS
8374-right,L3 Q3 L5,right,PASS
8375-right,L3 Q3 R5,right,PASS
8376-right,L3 B3 Q0,right,PASS
8377-right,L3 B3 B0,right,PASS
8378-right,L3 B3 L0,right,PASS
8379-right,L3 B3 R0,right,PASS
8380-right,L3 B3 Q1,right,PASS
8381-right,L3 B3 B1,right,PASS
8382-right,L3 B3 L1,right,PASS
8383-right,L3 B3 R1,right,PASS
8384-right,L3 B3 Q2,right,PASS
8385-right,L3 B3 B2,right,PASS
8387-right,L3 B3 R2,right,PASS
8392-right,L3 B3 Q4,right,PASS
8393-right,L3 B3 B4,right,PASS
8394-right,L3 B3 L4,right,PASS
8395-right,L3 B3 R4,right,PASS
8396-right,L3 B3 Q5,right,PASS
8397-right,L3 B3 B5,right,PASS
8398-right,L3 B3 L5,right,PASS
8399-right,L3 B3 R5,right,PASS
8400-right,L3 L3 Q0,right,PASS
8401-right,L3 L3 B0,right,PASS
8403-right,L3 L3 R0,right,PASS
8404-right,L3 L3 Q1,right,PASS
8405-right,L3 L3 B1,right,PASS
8407-right,L3 L3 R1,right,PASS
8408-right,L3 L3 Q2,right,PASS
8409-right,L3 L3 B2,right,PASS
8411-right,L3 L3 R2,right,PASS
8415-right,L3 L3 R3,right,PASS
8420-right,L3 L3 Q5,right,PASS
8421-right,L3 L3 B5,right,PASS
8423-right,L3 L3 R5,right,PASS
8424-left,L3 R3 Q0,left,PASS
8424-right,L3 R3 Q0,right,PASS
8425-left,L3 R3 B0,left,PASS
8425-right,L3 R3 B0,right,PASS
8426-left,L3 R3 L0,left,PASS
8426-right,L3 R3 L0,right,PASS
8427-left,L3 R3 R0,left,PASS
8427-right,L3 R3 R0,right,PASS
8428-left,L3 R3 Q1,left,PASS
8428-right,L3 R3 Q1,right,PASS
8429-left,L3 R3 B1,left,PASS
8429-right,L3 R3 B1,right,PASS
8430-left,L3 R3 L1,left,PASS
8430-right,L3 R3 L1,right,PASS
8431-left,L3 R3 R1,left,PASS
8431-right,L3 R3 R1,right,PASS
8432-left,L3 R3 Q2,left,PASS
8432-right,L3 R3 Q2,right,PASS
8433-left,L3 R3 B2,left,PASS
8433-right,L3 R3 B2,right,PASS
8434-left,L3 R3 L2,left,PASS
8435-left,L3 R3 R2,left,PASS
8435-right,L3 R3 R2,right,PASS
8436-left,L3 R3 Q3,left,PASS
8437-left,L3 R3 B3,left,PASS
8438-left,L3 R3 L3,left,PASS
8438-right,L3 R3 L3,right,PASS
8439-left,L3 R3 R3,left,PASS
8439-right,L3 R3 R3,right,PASS
8440-left,L3 R3 Q4,left,PASS
8440-right,L3 R3 Q4,right,PASS
8441-left,L3 R3 B4,left,PASS
8441-right,L3 R3 B4,right,PASS
8442-left,L3 R3 L4,left,PASS
8442-right,L3 R3 L4,right,PASS
8443-left,L3 R3 R4,left,PASS
8443-right,L3 R3 R4,right,PASS
8444-left,L3 R3 Q5,left,PASS
8444-right,L3 R3 Q5,right,PASS
8445-left,L3 R3 B5,left,PASS
8445-right,L3 R3 B5,right,PASS
8446-left,L3 R3 L5,left,PASS
8446-right,L3 R3 L5,right,PASS
8447-left,L3 R3 R5,left,PASS
8447-right,L3 R3 R5,right,PASS
8448-right,L3 Q4 Q0,right,PASS
8449-right,L3 Q4 B0,right,PASS
8450-right,L3 Q4 L0,right,PASS
8451-right,L3 Q4 R0,right,PASS
8452-right,L3 Q4 Q1,right,PASS
8453-right,L3 Q4 B1,right,PASS
8454-right,L3 Q4 L1,right,PASS
8455-right,L3 Q4 R1,right,PASS
8456-right,L3 Q4 Q2,right,PASS
8457-right,L3 Q4 B2,right,PASS
8458-right,L3 Q4 L2,right,PASS
8459-right,L3 Q4 R2,right,PASS
8460-right,L3 Q4 Q3,right,PASS
8461-right,L3 Q4 B3,right,PASS
8463-right,L3 Q4 R3,right,PASS
8468-right,L3 Q4 Q5,right,PASS
8469-right,L3 Q4 B5,right,PASS
8470-right,L3 Q4 L5,right,PASS
8471-right,L3 Q4 R5,right,PASS
8472-right,L3 B4 Q0,right,PASS
8473-right,L3 B4 B0,right,PASS
8474-right,L3 B4 L0,right,PASS
8475-right,L3 B4 R0,right,PASS
8476-right,L3 B4 Q1,right,PASS
8477-right,L3 B4 B1,right,PASS
8478-right,L3 B4 L1,right,PASS
8479-right,L3 B4 R1,right,PASS
8480-right,L3 B4 Q2,right,PASS
8481-right,L3 B4 B2,right,PASS
8482-right,L3 B4 L2,right,PASS
8483-right,L3 B4 R2,right,PASS
8484-right,L3 B4 Q3,right,PASS
8485-right,L3 B4 B3,right,PASS
8487-right,L3 B4 R3,right,PASS
8492-right,L3 B4 Q5,right,PASS
8493-right,L3 B4 B5,right,PASS
8494-right,L3 B4 L5,right,PASS
8495-right,L3 B4 R5,right,PASS
8496-right,L3 L4 Q0,right,PASS
8497-right,L3 L4 B0,right,PASS
8499-right,L3 L4 R0,right,PASS
8500-right,L3 L4 Q1,right,PASS
8501-right,L3 L4 B1,right,PASS
8503-right,L3 L4 R1,right,PASS
8504-right,L3 L4 Q2,right,PASS
8505-right,L3 L4 B2,right,PASS
8507-right,L3 L4 R2,right,PASS
8508-right,L3 L4 Q3,right,PASS
8509-right,L3 L4 B3,right,PASS
8511-right,L3 L4 R3,right,PASS
8515-right,L3 L4 R4,right,PASS
8520-right,L3 R4 Q0,right,PASS
8521-right,L3 R4 B0,right,PASS
8522-right,L3 R4 L0,right,PASS
8523-right,L3 R4 R0,right,PASS
8524-right,L3 R4 Q1,right,PASS
8525-right,L3 R4 B1,right,PASS
8526-right,L3 R4 L1,right,PASS
8527-right,L3 R4 R1,right,PASS
8528-right,L3 R4 Q2,right,PASS
8529-right,L3 R4 B2,right,PASS
8530-right,L3 R4 L2,right,PASS
8531-right,L3 R4 R2,right,PASS
8532-right,L3 R4 Q3,right,PASS
8533-right,L3 R4 B3,right,PASS
8535-right,L3 R4 R3,right,PASS
8538-right,L3 R4 L4,right,PASS
8539-right,L3 R4 R4,right,PASS
8540-right,L3 R4 Q5,right,PASS
8541-right,L3 R4 B5,right,PASS
8542-right,L3 R4 L5,right,PASS
8543-right,L3 R4 R5,right,PASS
8544-left,L3 Q5 Q0,left,PASS
8544-right,L3 Q5 Q0,right,PASS
8545-left,L3 Q5 B0,left,PASS
8545-right,L3 Q5 B0,right,PASS
8546-left,L3 Q5 L0,left,PASS
8546-right,L3 Q5 L0,right,PASS
8547-left,L3 Q5 R0,left,PASS
8547-right,L3 Q5 R0,right,PASS
8548-left,L3 Q5 Q1,left,PASS
8548-right,L3 Q5 Q1,right,PASS
8549-left,L3 Q5 B1,left,PASS
8549-right,L3 Q5 B1,right,PASS
8550-left,L3 Q5 L1,left,PASS
8550-right,L3 Q5 L1,right,PASS
8551-left,L3 Q5 R1,left,PASS
8551-right,L3 Q5 R1,right,PASS
8552-left,L3 Q5 Q2,left,PASS
8552-right,L3 Q5 Q2,right,PASS
8553-left,L3 Q5 B2,left,PASS
8553-right,L3 Q5 B2,right,PASS
8554-left,L3 Q5 L2,left,PASS
8554-right,L3 Q5 L2,right,PASS
8555-left,L3 Q5 R2,left,PASS
8555-right,L3 Q5 R2,right,PASS
8556-left,L3 Q5 Q3,left,PASS
8556-right,L3 Q5 Q3,right,PASS
8557-left,L3 Q5 B3,left,PASS
8557-right,L3 Q5 B3,right,PASS
8558-left,L3 Q5 L3,left,PASS
8558-right,L3 Q5 L3,right,PASS
8559-left,L3 Q5 R3,left,PASS
8559-right,L3 Q5 R3,right,PASS
8560-left,L3 Q5 Q4,left,PASS
8560-right,L3 Q5 Q4,right,PASS
8561-left,L3 Q5 B4,left,PASS
8561-right,L3 Q5 B4,right,PASS
8562-left,L3 Q5 L4,left,PASS
8563-left,L3 Q5 R4,left,PASS
8563-right,L3 Q5 R4,right,PASS
8564-left,L3 Q5 Q5,left,PASS
8565-left,L3 Q5 B5,left,PASS
8566-left,L3 Q5 L5,left,PASS
8567-left,L3 Q5 R5,left,PASS
8568-left,L3 B5 Q0,left,PASS
8568-right,L3 B5 Q0,right,PASS
8569-left,L3 B5 B0,left,PASS
8569-right,L3 B5 B0,right,PASS
8570-left,L3 B5 L0,left,PASS
8570-right,L3 B5 L0,right,PASS
8571-left,L3 B5 R0,left,PASS
8571-right,L3 B5 R0,right,PASS
8572-left,L3 B5 Q1,left,PASS
8572-right,L3 B5 Q1,right,PASS
8573-left,L3 B5 B1,left,PASS
8573-right,L3 B5 B1,right,PASS
8574-left,L3 B5 L1,left,PASS
8574-right,L3 B5 L1,right,PASS
8575-left,L3 B5 R1,left,PASS
8575-right,L3 B5 R1,right,PASS
8576-left,L3 B5 Q2,left,PASS
8576-right,L3 B5 Q2,right,PASS
8577-left,L3 B5 B2,left,PASS
8577-right,L3 B5 B2,right,PASS
8578-left,L3 B5 L2,left,PASS
8578-right,L3 B5 L2,right,PASS
8579-left,L3 B5 R2,left,PASS
8579-right,L3 B5 R2,right,PASS
8580-left,L3 B5 Q3,left,PASS
8580-right,L3 B5 Q3,right,PASS
8581-left,L3 B5 B3,left,PASS
8581-right,L3 B5 B3,right,PASS
8582-left,L3 B5 L3,left,PASS
8582-right,L3 B5 L3,right,PASS
8583-left,L3 B5 R3,left,PASS
8583-right,L3 B5 R3,right,PASS
8584-left,L3 B5 Q4,left,PASS
8584-right,L3 B5 Q4,right,PASS
8585-left,L3 B5 B4,left,PASS
8585-right,L3 B5 B4,right,PASS
8586-left,L3 B5 L4,left,PASS
8587-left,L3 B5 R4,left,PASS
8587-right,L3 B5 R4,right,PASS
8588-left,L3 B5 Q5,left,PASS
8589-left,L3 B5 B5,left,PASS
8590-left,L3 B5 L5,left,PASS
8591-left,L3 B5 R5,left,PASS
8596-right,L3 L5 Q1,right,PASS
8597-right,L3 L5 B1,right,PASS
8599-right,L3 L5 R1,right,PASS
8600-right,L3 L5 Q2,right,PASS
8601-right,L3 L5 B2,right,PASS
8603-right,L3 L5 R2,right,PASS
8604-right,L3 L5 Q3,right,PASS
8605-right,L3 L5 B3,right,PASS
8607-right,L3 L5 R3,right,PASS
8608-right,L3 L5 Q4,right,PASS
8609-right,L3 L5 B4,right,PASS
8611-right,L3 L5 R4,right,PASS
8615-right,L3 L5 R5,right,PASS
8616-left,L3 R5 Q0,left,PASS
8616-right,L3 R5 Q0,right,PASS
8617-left,L3 R5 B0,left,PASS
8617-right,L3 R5 B0,right,PASS
8618-left,L3 R5 L0,left,PASS
8618-right,L3 R5 L0,right,PASS
8619-left,L3 R5 R0,left,PASS
8619-right,L3 R5 R0,right,PASS
8620-left,L3 R5 Q1,left,PASS
8620-right,L3 R5 Q1,right,PASS
8621-left,L3 R5 B1,left,PASS
8621-right,L3 R5 B1,right,PASS
8622-left,L3 R5 L1,left,PASS
8622-right,L3 R5 L1,right,PASS
8623-left,L3 R5 R1,left,PASS
8623-right,L3 R5 R1,right,PASS
8624-left,L3 R5 Q2,left,PASS
8624-right,L3 R5 Q2,right,PASS
8625-left,L3 R5 B2,left,PASS
8625-right,L3 R5 B2,right,PASS
8626-left,L3 R5 L2,left,PASS
8626-right,L3 R5 L2,right,PASS
8627-left,L3 R5 R2,left,PASS
8627-right,L3 R5 R2,right,PASS
8628-left,L3 R5 Q3,left,PASS
8628-right,L3 R5 Q3,right,PASS
8629-left,L3 R5 B3,left,PASS
8629-right,L3 R5 B3,right,PASS
8630-left,L3 R5 L3,left,PASS
8630-right,L3 R5 L3,right,PASS
8631-left,L3 R5 R3,left,PASS
8631-right,L3 R5 R3,right,PASS
8632-left,L3 R5 Q4,left,PASS
8632-right,L3 R5 Q4,right,PASS
8633-left,L3 R5 B4,left,PASS
8633-right,L3 R5 B4,right,PASS
8634-left,L3 R5 L4,left,PASS
8635-left,L3 R5 R4,left,PASS
8635-right,L3 R5 R4,right,PASS
8636-left,L3 R5 Q5,left,PASS
8637-left,L3 R5 B5,left,PASS
8638-left,L3 R5 L5,left,PASS
8638-right,L3 R5 L5,right,PASS
8639-left,L3 R5 R5,left,PASS
8639-right,L3 R5 R5,right,PASS
8640-left,R3 Q0 Q0,left,PASS
8641-left,R3 Q0 B0,left,PASS
8642-left,R3 Q0 L0,left,PASS
8643-left,R3 Q0 R0,left,PASS
8644-left,R3 Q0 Q1,left,PASS
8644-right,R3 Q0 Q1,right,PASS
8645-left,R3 Q0 B1,left,PASS
8645-right,R3 Q0 B1,right,PASS
8646-left,R3 Q0 L1,left,PASS
8646-right,R3 Q0 L1,right,PASS
8647-left,R3 Q0 R1,left,PASS
8647-right,R3 Q0 R1,right,PASS
8648-left,R3 Q0 Q2,left,PASS
8648-right,R3 Q0 Q2,right,PASS
8649-left,R3 Q0 B2,left,PASS
8649-right,R3 Q0 B2,right,PASS
8650-left,R3 Q0 L2,left,PASS
8650-right,R3 Q0 L2,right,PASS
8651-left,R3 Q0 R2,left,PASS
8651-right,R3 Q0 R2,right,PASS
8652-left,R3 Q0 Q3,left,PASS
8652-right,R3 Q0 Q3,right,PASS
8653-left,R3 Q0 B3,left,PASS
8653-right,R3 Q0 B3,right,PASS
8654-left,R3 Q0 L3,left,PASS
8654-right,R3 Q0 L3,right,PASS
8655-left,R3 Q0 R3,left,PASS
8655-right,R3 Q0 R3,right,PASS
8656-left,R3 Q0 Q4,left,PASS
8656-right,R3 Q0 Q4,right,PASS
8657-left,R3 Q0 B4,left,PASS
8657-right,R3 Q0 B4,right,PASS
8658-left,R3 Q0 L4,left,PASS
8658-right,R3 Q0 L4,right,PASS
8659-left,R3 Q0 R4,left,PASS
8659-right,R3 Q0 R4,right,PASS
8660-left,R3 Q0 Q5,left,PASS
8660-right,R3 Q0 Q5,right,PASS
8661-left,R3 Q0 B5,left,PASS
8661-right,R3 Q0 B5,right,PASS
8662-left,R3 Q0 L5,left,PASS
8663-left,R3 Q0 R5,left,PASS
8663-right,R3 Q0 R5,right,PASS
8664-left,R3 B0 Q0,left,PASS
8665-left,R3 B0 B0,left,PASS
8666-left,R3 B0 L0,left,PASS
8667-left,R3 B0 R0,left,PASS
8668-left,R3 B0 Q1,left,PASS
8668-right,R3 B0 Q1,right,PASS
8669-left,R3 B0 B1,left,PASS
8669-right,R3 B0 B1,right,PASS
8670-left,R3 B0 L1,left,PASS
8670-right,R3 B0 L1,right,PASS
8671-left,R3 B0 R1,left,PASS
8671-right,R3 B0 R1,right,PASS
8672-left,R3 B0 Q2,left,PASS
8672-right,R3 B0 Q2,right,PASS
8673-left,R3 B0 B2,left,PASS
8673-right,R3 B0 B2,right,PASS
8674-left,R3 B0 L2,left,PASS
8674-right,R3 B0 L2,right,PASS
8675-left,R3 B0 R2,left,PASS
8675-right,R3 B0 R2,right,PASS
8676-left,R3 B0 Q3,left,PASS
8676-right,R3 B0 Q3,right,PASS
8677-left,R3 B0 B3,left,PASS
8677-right,R3 B0 B3,right,PASS
8678-left,R3 B0 L3,left,PASS
8678-right,R3 B0 L3,right,PASS
8679-left,R3 B0 R3,left,PASS
8679-right,R3 B0 R3,right,PASS
8680-left,R3 B0 Q4,left,PASS
8680-right,R3 B0 Q4,right,PASS
8681-left,R3 B0 B4,left,PASS
8681-right,R3 B0 B4,right,PASS
8682-left,R3 B0 L4,left,PASS
8682-right,R3 B0 L4,right,PASS
8683-left,R3 B0 R4,left,PASS
8683-right,R3 B0 R4,right,PASS
8684-left,R3 B0 Q5,left,PASS
8684-right,R3 B0 Q5,right,PASS
8685-left,R3 B0 B5,left,PASS
8685-right,R3 B0 B5,right,PASS
8686-left,R3 B0 L5,left,PASS
8687-left,R3 B0 R5,left,PASS
8687-right,R3 B0 R5,right,PASS
8688-left,R3 L0 Q0,left,PASS
8689-left,R3 L0 B0,left,PASS
8690-left,R3 L0 L0,left,PASS
8691-left,R3 L0 R0,left,PASS
8691-right,R3 L0 R0,right,PASS
8692-left,R3 L0 Q1,left,PASS
8693-left,R3 L0 B1,left,PASS
8694-left,R3 L0 L1,left,PASS
8695-left,R3 L0 R1,left,PASS
8696-left,R3 L0 Q2,left,PASS
8696-right,R3 L0 Q2,right,PASS
8697-left,R3 L0 B2,left,PASS
8697-right,R3 L0 B2,right,PASS
8698-left,R3 L0 L2,left,PASS
8699-left,R3 L0 R2,left,PASS
8699-right,R3 L0 R2,right,PASS
8700-left,R3 L0 Q3,left,PASS
8700-right,R3 L0 Q3,right,PASS
8701-left,R3 L0 B3,left,PASS
8701-right,R3 L0 B3,right,PASS
8702-left,R3 L0 L3,left,PASS
8703-left,R3 L0 R3,left,PASS
8703-right,R3 L0 R3,right,PASS
8704-left,R3 L0 Q4,left,PASS
8704-right,R3 L0 Q4,right,PASS
8705-left,R3 L0 B4,left,PASS
8705-right,R3 L0 B4,right,PASS
8706-left,R3 L0 L4,left,PASS
8707-left,R3 L0 R4,left,PASS
8707-right,R3 L0 R4,right,PASS
8708-left,R3 L0 Q5,left,PASS
8708-right,R3 L0 Q5,right,PASS
8709-left,R3 L0 B5,left,PASS
8709-right,R3 L0 B5,right,PASS
8710-left,R3 L0 L5,left,PASS
8711-left,R3 L0 R5,left,PASS
8711-right,R3 L0 R5,right,PASS
8712-left,R3 R0 Q0,left,PASS
8713-left,R3 R0 B0,left,PASS
8714-left,R3 R0 L0,left,PASS
8714-right,R3 R0 L0,right,PASS
8715-left,R3 R0 R0,left,PASS
8715-right,R3 R0 R0,right,PASS
8716-left,R3 R0 Q1,left,PASS
8716-right,R3 R0 Q1,right,PASS
8717-left,R3 R0 B1,left,PASS
8717-right,R3 R0 B1,right,PASS
8718-left,R3 R0 L1,left,PASS
8718-right,R3 R0 L1,right,PASS
8719-left,R3 R0 R1,left,PASS
8719-right,R3 R0 R1,right,PASS
8720-left,R3 R0 Q2,left,PASS
8720-right,R3 R0 Q2,right,PASS
8721-left,R3 R0 B2,left,PASS
8721-right,R3 R0 B2,right,PASS
8722-left,R3 R0 L2,left,PASS
8722-right,R3 R0 L2,right,PASS
8723-left,R3 R0 R2,left,PASS
8723-right,R3 R0 R2,right,PASS
8724-left,R3 R0 Q3,left,PASS
8724-right,R3 R0 Q3,right,PASS
8725-left,R3 R0 B3,left,PASS
8725-right,R3 R0 B3,right,PASS
8726-left,R3 R0 L3,left,PASS
8726-right,R3 R0 L3,right,PASS
8727-left,R3 R0 R3,left,PASS
8727-right,R3 R0 R3,right,PASS
8728-left,R3 R0 Q4,left,PASS
8728-right,R3 R0 Q4,right,PASS
8729-left,R3 R0 B4,left,PASS
8729-right,R3 R0 B4,right,PASS
8730-left,R3 R0 L4,left,PASS
8730-right,R3 R0 L4,right,PASS
8731-left,R3 R0 R4,left,PASS
8731-right,R3 R0 R4,right,PASS
8732-left,R3 R0 Q5,left,PASS
8732-right,R3 R0 Q5,right,PASS
8733-left,R3 R0 B5,left,PASS
8733-right,R3 R0 B5,right,PASS
8734-left,R3 R0 L5,left,PASS
8735-left,R3 R0 R5,left,PASS
8735-right,R3 R0 R5,right,PASS
8736-left,R3 Q1 Q0,left,PASS
8736-right,R3 Q1 Q0,right,PASS
8737-left,R3 Q1 B0,left,PASS
8737-right,R3 Q1 B0,right,PASS
8738-left,R3 Q1 L0,left,PASS
8739-left,R3 Q1 R0,left,PASS
8739-right,R3 Q1 R0,right,PASS
8740-left,R3 Q1 Q1,left,PASS
8741-left,R3 Q1 B1,left,PASS
8742-left,R3 Q1 L1,left,PASS
8743-left,R3 Q1 R1,left,PASS
8744-left,R3 Q1 Q2,left,PASS
8744-right,R3 Q1 Q2,right,PASS
8745-left,R3 Q1 B2,left,PASS
8745-right,R3 Q1 B2,right,PASS
8746-left,R3 Q1 L2,left,PASS
8746-right,R3 Q1 L2,right,PASS
8747-left,R3 Q1 R2,left,PASS
8747-right,R3 Q1 R2,right,PASS
8748-left,R3 Q1 Q3,left,PASS
8748-right,R3 Q1 Q3,right,PASS
8749-left,R3 Q1 B3,left,PASS
8749-right,R3 Q1 B3,right,PASS
8750-left,R3 Q1 L3,left,PASS
8750-right,R3 Q1 L3,right,PASS
8751-left,R3 Q1 R3,left,PASS
8751-right,R3 Q1 R3,right,PASS
8752-left,R3 Q1 Q4,left,PASS
8752-right,R3 Q1 Q4,right,PASS
8753-left,R3 Q1 B4,left,PASS
8753-right,R3 Q1 B4,right,PASS
8754-left,R3 Q1 L4,left,PASS
8754-right,R3 Q1 L4,right,PASS
8755-left,R3 Q1 R4,left,PASS
8755-right,R3 Q1 R4,right,PASS
8756-left,R3 Q1 Q5,left,PASS
8756-right,R3 Q1 Q5,right,PASS
8757-left,R3 Q1 B5,left,PASS
8757-right,R3 Q1 B5,right,PASS
8758-left,R3 Q1 L5,left,PASS
8758-right,R3 Q1 L5,right,PASS
8759-left,R3 Q1 R5,left,PASS
8759-right,R3 Q1 R5,right,PASS
8760-left,R3 B1 Q0,left,PASS
8760-right,R3 B1 Q0,right,PASS
8761-left,R3 B1 B0,left,PASS
8761-right,R3 B1 B0,right,PASS
8762-left,R3 B1 L0,left,PASS
8763-left,R3 B1 R0,left,PASS
8763-right,R3 B1 R0,right,PASS
8764-left,R3 B1 Q1,left,PASS
8765-left,R3 B1 B1,left,PASS
8766-left,R3 B1 L1,left,PASS
8767-left,R3 B1 R1,left,PASS
8768-left,R3 B1 Q2,left,PASS
8768-right,R3 B1 Q2,right,PASS
8769-left,R3 B1 B2,left,PASS
8769-right,R3 B1 B2,right,PASS
8770-left,R3 B1 L2,left,PASS
8770-right,R3 B1 L2,right,PASS
8771-left,R3 B1 R2,left,PASS
8771-right,R3 B1 R2,right,PASS
8772-left,R3 B1 Q3,left,PASS
8772-right,R3 B1 Q3,right,PASS
8773-left,R3 B1 B3,left,PASS
8773-right,R3 B1 B3,right,PASS
8774-left,R3 B1 L3,left,PASS
8774-right,R3 B1 L3,right,PASS
8775-left,R3 B1 R3,left,PASS
8775-right,R3 B1 R3,right,PASS
8776-left,R3 B1 Q4,left,PASS
8776-right,R3 B1 Q4,right,PASS
8777-left,R3 B1 B4,left,PASS
8777-right,R3 B1 B4,right,PASS
8778-left,R3 B1 L4,left,PASS
8778-right,R3 B1 L4,right,PASS
8779-left,R3 B1 R4,left,PASS
8779-right,R3 B1 R4,right,PASS
8780-left,R3 B1 Q5,left,PASS
8780-right,R3 B1 Q5,right,PASS
8781-left,R3 B1 B5,left,PASS
8781-right,R3 B1 B5,right,PASS
8782-left,R3 B1 L5,left,PASS
8782-right,R3 B1 L5,right,PASS
8783-left,R3 B1 R5,left,PASS
8783-right,R3 B1 R5,right,PASS
8784-left,R3 L1 Q0,left,PASS
8784-right,R3 L1 Q0,right,PASS
8785-left,R3 L1 B0,left,PASS
8785-right,R3 L1 B0,right,PASS
8786-left,R3 L1 L0,left,PASS
8787-left,R3 L1 R0,left,PASS
8787-right,R3 L1 R0,right,PASS
8788-left,R3 L1 Q1,left,PASS
8789-left,R3 L1 B1,left,PASS
8790-left,R3 L1 L1,left,PASS
8791-left,R3 L1 R1,left,PASS
8791-right,R3 L1 R1,right,PASS
8792-left,R3 L1 Q2,left,PASS
8793-left,R3 L1 B2,left,PASS
8794-left,R3 L1 L2,left,PASS
8795-left,R3 L1 R2,left,PASS
8796-left,R3 L1 Q3,left,PASS
8796-right,R3 L1 Q3,right,PASS
8797-left,R3 L1 B3,left,PASS
8797-right,R3 L1 B3,right,PASS
8798-left,R3 L1 L3,left,PASS
8799-left,R3 L1 R3,left,PASS
8799-right,R3 L1 R3,right,PASS
8800-left,R3 L1 Q4,left,PASS
8800-right,R3 L1 Q4,right,PASS
8801-left,R3 L1 B4,left,PASS
8801-right,R3 L1 B4,right,PASS
8802-left,R3 L1 L4,left,PASS
8803-left,R3 L1 R4,left,PASS
8803-right,R3 L1 R4,right,PASS
8804-left,R3 L1 Q5,left,PASS
8804-right,R3 L1 Q5,right,PASS
8805-left,R3 L1 B5,left,PASS
8805-right,R3 L1 B5,right,PASS
8806-left,R3 L1 L5,left,PASS
8807-left,R3 L1 R5,left,PASS
8807-right,R3 L1 R5,right,PASS
8808-left,R3 R1 Q0,left,PASS
8808-right,R3 R1 Q0,right,PASS
8809-left,R3 R1 B0,left,PASS
8809-right,R3 R1 B0,right,PASS
8810-left,R3 R1 L0,left,PASS
8811-left,R3 R1 R0,left,PASS
8811-right,R3 R1 R0,right,PASS
8812-left,R3 R1 Q1,left,PASS
8813-left,R3 R1 B1,left,PASS
8814-left,R3 R1 L1,left,PASS
8814-right,R3 R1 L1,right,PASS
8815-left,R3 R1 R1,left,PASS
8815-right,R3 R1 R1,right,PASS
8816-left,R3 R1 Q2,left,PASS
8816-right,R3 R1 Q2,right,PASS
8817-left,R3 R1 B2,left,PASS
8817-right,R3 R1 B2,right,PASS
8818-left,R3 R1 L2,left,PASS
8818-right,R3 R1 L2,right,PASS
8819-left,R3 R1 R2,left,PASS
8819-right,R3 R1 R2,right,PASS
8820-left,R3 R1 Q3,left,PASS
8820-right,R3 R1 Q3,right,PASS
8821-left,R3 R1 B3,left,PASS
8821-right,R3 R1 B3,right,PASS
8822-left,R3 R1 L3,left,PASS
8822-right,R3 R1 L3,right,PASS
8823-left,R3 R1 R3,left,PASS
8823-right,R3 R1 R3,right,PASS
8824-left,R3 R1 Q4,left,PASS
8824-right,R3 R1 Q4,right,PASS
8825-left,R3 R1 B4,left,PASS
8825-right,R3 R1 B4,right,PASS
8826-left,R3 R1 L4,left,PASS
8826-right,R3 R1 L4,right,PASS
8827-left,R3 R1 R4,left,PASS
8827-right,R3 R1 R4,right,PASS
8828-left,R3 R1 Q5,left,PASS
8828-right,R3 R1 Q5,right,PASS
8829-left,R3 R1 B5,left,PASS
8829-right,R3 R1 B5,right,PASS
8830-left,R3 R1 L5,left,PASS
8830-right,R3 R1 L5,right,PASS
8831-left,R3 R1 R5,left,PASS
8831-right,R3 R1 R5,right,PASS
8832-left,R3 Q2 Q0,left,PASS
8832-right,R3 Q2 Q0,right,PASS
8833-left,R3 Q2 B0,left,PASS
8833-right,R3 Q2 B0,right,PASS
8834-left,R3 Q2 L0,left,PASS
8834-right,R3 Q2 L0,right,PASS
8835-left,R3 Q2 R0,left,PASS
8835-right,R3 Q2 R0,right,PASS
8836-left,R3 Q2 Q1,left,PASS
8836-right,R3 Q2 Q1,right,PASS
8837-left,R3 Q2 B1,left,PASS
8837-right,R3 Q2 B1,right,PASS
8838-left,R3 Q2 L1,left,PASS
8839-left,R3 Q2 R1,left,PASS
8839-right,R3 Q2 R1,right,PASS
8840-left,R3 Q2 Q2,left,PASS
8841-left,R3 Q2 B2,left,PASS
8842-left,R3 Q2 L2,left,PASS
8843-left,R3 Q2 R2,left,PASS
8844-left,R3 Q2 Q3,left,PASS
8844-right,R3 Q2 Q3,right,PASS
8845-left,R3 Q2 B3,left,PASS
8845-right,R3 Q2 B3,right,PASS
8846-left,R3 Q2 L3,left,PASS
8846-right,R3 Q2 L3,right,PASS
8847-left,R3 Q2 R3,left,PASS
8847-right,R3 Q2 R3,right,PASS
8848-left,R3 Q2 Q4,left,PASS
8848-right,R3 Q2 Q4,right,PASS
8849-left,R3 Q2 B4,left,PASS
8849-right,R3 Q2 B4,right,PASS
8850-left,R3 Q2 L4,left,PASS
8850-right,R3 Q2 L4,right,PASS
8851-left,R3 Q2 R4,left,PASS
8851-right,R3 Q2 R4,right,PASS
8852-left,R3 Q2 Q5,left,PASS
8852-right,R3 Q2 Q5,right,PASS
8853-left,R3 Q2 B5,left,PASS
8853-right,R3 Q2 B5,right,PASS
8854-left,R3 Q2 L5,left,PASS
8854-right,R3 Q2 L5,right,PASS
8855-left,R3 Q2 R5,left,PASS
8855-right,R3 Q2 R5,right,PASS
8856-left,R3 B2 Q0,left,PASS
8856-right,R3 B2 Q0,right,PASS
8857-left,R3 B2 B0,left,PASS
8857-right,R3 B2 B0,right,PASS
8858-left,R3 B2 L0,left,PASS
8858-right,R3 B2 L0,right,PASS
8859-left,R3 B2 R0,left,PASS
8859-right,R3 B2 R0,right,PASS
8860-left,R3 B2 Q1,left,PASS
8860-right,R3 B2 Q1,right,PASS
8861-left,R3 B2 B1,left,PASS
8861-right,R3 B2 B1,right,PASS
8862-left,R3 B2 L1,left,PASS
8863-left,R3 B2 R1,left,PASS
8863-right,R3 B2 R1,right,PASS
8864-left,R3 B2 Q2,left,PASS
8865-left,R3 B2 B2,left,PASS
8866-left,R3 B2 L2,left,PASS
8867-left,R3 B2 R2,left,PASS
8868-left,R3 B2 Q3,left,PASS
8868-right,R3 B2 Q3,right,PASS
8869-left,R3 B2 B3,left,PASS
8869-right,R3 B2 B3,right,PASS
8870-left,R3 B2 L3,left,PASS
8870-right,R3 B2 L3,right,PASS
8871-left,R3 B2 R3,left,PASS
8871-right,R3 B2 R3,right,PASS
8872-left,R3 B2 Q4,left,PASS
8872-right,R3 B2 Q4,right,PASS
8873-left,R3 B2 B4,left,PASS
8873-right,R3 B2 B4,right,PASS
8874-left,R3 B2 L4,left,PASS
8874-right,R3 B2 L4,right,PASS
8875-left,R3 B2 R4,left,PASS
8875-right,R3 B2 R4,right,PASS
8876-left,R3 B2 Q5,left,PASS
8876-right,R3 B2 Q5,right,PASS
8877-left,R3 B2 B5,left,PASS
8877-right,R3 B2 B5,right,PASS
8878-left,R3 B2 L5,left,PASS
8878-right,R3 B2 L5,right,PASS
8879-left,R3 B2 R5,left,PASS
8879-right,R3 B2 R5,right,PASS
8880-right,R3 L2 Q0,right,PASS
8881-right,R3 L2 B0,right,PASS
8883-right,R3 L2 R0,right,PASS
8884-right,R3 L2 Q1,right,PASS
8885-right,R3 L2 B1,right,PASS
8887-right,R3 L2 R1,right,PASS
8891-right,R3 L2 R2,right,PASS
8896-right,R3 L2 Q4,right,PASS
8897-right,R3 L2 B4,right,PASS
8899-right,R3 L2 R4,right,PASS
8900-right,R3 L2 Q5,right,PASS
8901-right,R3 L2 B5,right,PASS
8903-right,R3 L2 R5,right,PASS
8904-left,R3 R2 Q0,left,PASS
8904-right,R3 R2 Q0,right,PASS
8905-left,R3 R2 B0,left,PASS
8905-right,R3 R2 B0,right,PASS
8906-left,R3 R2 L0,left,PASS
8906-right,R3 R2 L0,right,PASS
8907-left,R3 R2 R0,left,PASS
8907-right,R3 R2 R0,right,PASS
8908-left,R3 R2 Q1,left,PASS
8908-right,R3 R2 Q1,right,PASS
8909-left,R3 R2 B1,left,PASS
8909-right,R3 R2 B1,right,PASS
8910-left,R3 R2 L1,left,PASS
8911-left,R3 R2 R1,left,PASS
8911-right,R3 R2 R1,right,PASS
8912-left,R3 R2 Q2,left,PASS
8913-left,R3 R2 B2,left,PASS
8914-left,R3 R2 L2,left,PASS
8914-right,R3 R2 L2,right,PASS
8915-left,R3 R2 R2,left,PASS
8915-right,R3 R2 R2,right,PASS
8916-left,R3 R2 Q3,left,PASS
8916-right,R3 R2 Q3,right,PASS
8917-left,R3 R2 B3,left,PASS
8917-right,R3 R2 B3,right,PASS
8918-left,R3 R2 L3,left,PASS
8918-right,R3 R2 L3,right,PASS
8919-left,R3 R2 R3,left,PASS
8919-right,R3 R2 R3,right,PASS
8920-left,R3 R2 Q4,left,PASS
8920-right,R3 R2 Q4,right,PASS
8921-left,R3 R2 B4,left,PASS
8921-right,R3 R2 B4,right,PASS
8922-left,R3 R2 L4,left,PASS
8922-right,R3 R2 L4,right,PASS
8923-left,R3 R2 R4,left,PASS
8923-right,R3 R2 R4,right,PASS
8924-left,R3 R2 Q5,left,PASS
8924-right,R3 R2 Q5,right,PASS
8925-left,R3 R2 B5,left,PASS
8925-right,R3 R2 B5,right,PASS
8926-left,R3 R2 L5,left,PASS
8926-right,R3 R2 L5,right,PASS
8927-left,R3 R2 R5,left,PASS
8927-right,R3 R2 R5,right,PASS
8928-right,R3 Q3 Q0,right,PASS
8929-right,R3 Q3 B0,right,PASS
8930-right,R3 Q3 L0,right,PASS
8931-right,R3 Q3 R0,right,PASS
8932-right,R3 Q3 Q1,right,PASS
8933-right,R3 Q3 B1,right,PASS
8934-right,R3 Q3 L1,right,PASS
8935-right,R3 Q3 R1,right,PASS
8936-right,R3 Q3 Q2,right,PASS
8937-right,R3 Q3 B2,right,PASS
8939-right,R3 Q3 R2,right,PASS
8944-right,R3 Q3 Q4,right,PASS
8945-right,R3 Q3 B4,right,PASS
8946-right,R3 Q3 L4,right,PASS
8947-right,R3 Q3 R4,right,PASS
8948-right,R3 Q3 Q5,right,PASS
8949-right,R3 Q3 B5,right,PASS
8950-right,R3 Q3 L5,right,PASS
8951-right,R3 Q3 R5,right,PASS
8952-right,R3 B3 Q0,right,PASS
8953-right,R3 B3 B0,right,PASS
8954-right,R3 B3 L0,right,PASS
8955-right,R3 B3 R0,right,PASS
8956-right,R3 B3 Q1,right,PASS
8957-right,R3 B3 B1,right,PASS
8958-right,R3 B3 L1,right,PASS
8959-right,R3 B3 R1,right,PASS
8960-right,R3 B3 Q2,right,PASS
8961-right,R3 B3 B2,right,PASS
8963-right,R3 B3 R2,right,PASS
8968-right,R3 B3 Q4,right,PASS
8969-right,R3 B3 B4,right,PASS
8970-right,R3 B3 L4,right,PASS
8971-right,R3 B3 R4,right,PASS
8972-right,R3 B3 Q5,right,PASS
8973-right,R3 B3 B5,right,PASS
8974-right,R3 B3 L5,right,PASS
8975-right,R3 B3 R5,right,PASS
8976-left,R3 L3 Q0,left,PASS
8976-right,R3 L3 Q0,right,PASS
8977-left,R3 L3 B0,left,PASS
8977-right,R3 L3 B0,right,PASS
8978-left,R3 L3 L0,left,PASS
8979-left,R3 L3 R0,left,PASS
8979-right,R3 L3 R0,right,PASS
8980-left,R3 L3 Q1,left,PASS
8980-right,R3 L3 Q1,right,PASS
8981-left,R3 L3 B1,left,PASS
8981-right,R3 L3 B1,right,PASS
8982-left,R3 L3 L1,left,PASS
8983-left,R3 L3 R1,left,PASS
8983-right,R3 L3 R1,right,PASS
8984-left,R3 L3 Q2,left,PASS
8984-right,R3 L3 Q2,right,PASS
8985-left,R3 L3 B2,left,PASS
8985-right,R3 L3 B2,right,PASS
8986-left,R3 L3 L2,left,PASS
8987-left,R3 L3 R2,left,PASS
8987-right,R3 L3 R2,right,PASS
8988-left,R3 L3 Q3,left,PASS
8989-left,R3 L3 B3,left,PASS
8990-left,R3 L3 L3,left,PASS
8991-left,R3 L3 R3,left,PASS
8991-right,R3 L3 R3,right,PASS
8992-left,R3 L3 Q4,left,PASS
8993-left,R3 L3 B4,left,PASS
8994-left,R3 L3 L4,left,PASS
8995-left,R3 L3 R4,left,PASS
8996-left,R3 L3 Q5,left,PASS
8996-right,R3 L3 Q5,right,PASS
8997-left,R3 L3 B5,left,PASS
8997-right,R3 L3 B5,right,PASS
8998-left,R3 L3 L5,left,PASS
8999-left,R3 L3 R5,left,PASS
8999-right,R3 L3 R5,right,PASS
9000-left,R3 R3 Q0,left,PASS
9000-right,R3 R3 Q0,right,PASS
9001-left,R3 R3 B0,left,PASS
9001-right,R3 R3 B0,right,PASS
9002-left,R3 R3 L0,left,PASS
9002-right,R3 R3 L0,right,PASS
9003-left,R3 R3 R0,left,PASS
9003-right,R3 R3 R0,right,PASS
9004-left,R3 R3 Q1,left,PASS
9004-right,R3 R3 Q1,right,PASS
9005-left,R3 R3 B1,left,PASS
9005-right,R3 R3 B1,right,PASS
9006-left,R3 R3 L1,left,PASS
9006-right,R3 R3 L1,right,PASS
9007-left,R3 R3 R1,left,PASS
9007-right,R3 R3 R1,right,PASS
9008-left,R3 R3 Q2,left,PASS
9008-right,R3 R3 Q2,right,PASS
9009-left,R3 R3 B2,left,PASS
9009-right,R3 R3 B2,right,PASS
9010-left,R3 R3 L2,left,PASS
9011-left,R3 R3 R2,left,PASS
9011-right,R3 R3 R2,right,PASS
9012-left,R3 R3 Q3,left,PASS
9013-left,R3 R3 B3,left,PASS
9014-left,R3 R3 L3,left,PASS
9014-right,R3 R3 L3,right,PASS
9015-left,R3 R3 R3,left,PASS
9015-right,R3 R3 R3,right,PASS
9016-left,R3 R3 Q4,left,PASS
9016-right,R3 R3 Q4,right,PASS
9017-left,R3 R3 B4,left,PASS
9017-right,R3 R3 B4,right,PASS
9018-left,R3 R3 L4,left,PASS
9018-right,R3 R3 L4,right,PASS
9019-left,R3 R3 R4,left,PASS
9019-right,R3 R3 R4,right,PASS
9020-left,R3 R3 Q5,left,PASS
9020-right,R3 R3 Q5,right,PASS
9021-left,R3 R3 B5,left,PASS
9021-right,R3 R3 B5,right,PASS
9022-left,R3 R3 L5,left,PASS
9022-right,R3 R3 L5,right,PASS
9023-left,R3 R3 R5,left,PASS
9023-right,R3 R3 R5,right,PASS
9024-left,R3 Q4 Q0,left,PASS
9024-right,R3 Q4 Q0,right,PASS
9025-left,R3 Q4 B0,left,PASS
9025-right,R3 Q4 B0,right,PASS
9026-left,R3 Q4 L0,left,PASS
9026-right,R3 Q4 L0,right,PASS
9027-left,R3 Q4 R0,left,PASS
9027-right,R3 Q4 R0,right,PASS
9028-left,R3 Q4 Q1,left,PASS
9028-right,R3 Q4 Q1,right,PASS
9029-left,R3 Q4 B1,left,PASS
9029-right,R3 Q4 B1,right,PASS
9030-left,R3 Q4 L1,left,PASS
9030-right,R3 Q4 L1,right,PASS
9031-left,R3 Q4 R1,left,PASS
9031-right,R3 Q4 R1,right,PASS
9032-left,R3 Q4 Q2,left,PASS
9032-right,R3 Q4 Q2,right,PASS
9033-left,R3 Q4 B2,left,PASS
9033-right,R3 Q4 B2,right,PASS
9034-left,R3 Q4 L2,left,PASS
9034-right,R3 Q4 L2,right,PASS
9035-left,R3 Q4 R2,left,PASS
9035-right,R3 Q4 R2,right,PASS
9036-left,R3 Q4 Q3,left,PASS
9036-right,R3 Q4 Q3,right,PASS
9037-left,R3 Q4 B3,left,PASS
9037-right,R3 Q4 B3,right,PASS
9038-left,R3 Q4 L3,left,PASS
9039-left,R3 Q4 R3,left,PASS
9039-right,R3 Q4 R3,right,PASS
9040-left,R3 Q4 Q4,left,PASS
9041-left,R3 Q4 B4,left,PASS
9042-left,R3 Q4 L4,left,PASS
9043-left,R3 Q4 R4,left,PASS
9044-left,R3 Q4 Q5,left,PASS
9044-right,R3 Q4 Q5,right,PASS
9045-left,R3 Q4 B5,left,PASS
9045-right,R3 Q4 B5,right,PASS
9046-left,R3 Q4 L5,left,PASS
9046-right,R3 Q4 L5,right,PASS
9047-left,R3 Q4 R5,left,PASS
9047-right,R3 Q4 R5,right,PASS
9048-left,R3 B4 Q0,left,PASS
9048-right,R3 B4 Q0,right,PASS
9049-left,R3 B4 B0,left,PASS
9049-right,R3 B4 B0,right,PASS
9050-left,R3 B4 L0,left,PASS
9050-right,R3 B4 L0,right,PASS
9051-left,R3 B4 R0,left,PASS
9051-right,R3 B4 R0,right,PASS
9052-left,R3 B4 Q1,left,PASS
9052-right,R3 B4 Q1,right,PASS
9053-left,R3 B4 B1,left,PASS
9053-right,R3 B4 B1,right,PASS
9054-left,R3 B4 L1,left,PASS
9054-right,R3 B4 L1,right,PASS
9055-left,R3 B4 R1,left,PASS
9055-right,R3 B4 R1,right,PASS
9056-left,R3 B4 Q2,left,PASS
9056-right,R3 B4 Q2,right,PASS
9057-left,R3 B4 B2,left,PASS
9057-right,R3 B4 B2,right,PASS
9058-left,R3 B4 L2,left,PASS
9058-right,R3 B4 L2,right,PASS
9059-left,R3 B4 R2,left,PASS
9059-right,R3 B4 R2,right,PASS
9060-left,R3 B4 Q3,left,PASS
9060-right,R3 B4 Q3,right,PASS
9061-left,R3 B4 B3,left,PASS
9061-right,R3 B4 B3,right,PASS
9062-left,R3 B4 L3,left,PASS
9063-left,R3 B4 R3,left,PASS
9063-right,R3 B4 R3,right,PASS
9064-left,R3 B4 Q4,left,PASS
9065-left,R3 B4 B4,left,PASS
9066-left,R3 B4 L4,left,PASS
9067-left,R3 B4 R4,left,PASS
9068-left,R3 B4 Q5,left,PASS
9068-right,R3 B4 Q5,right,PASS
9069-left,R3 B4 B5,left,PASS
9069-right,R3 B4 B5,right,PASS
9070-left,R3 B4 L5,left,PASS
9070-right,R3 B4 L5,right,PASS
9071-left,R3 B4 R5,left,PASS
9071-right,R3 B4 R5,right,PASS
9072-left,R3 L4 Q0,left,PASS
9072-right,R3 L4 Q0,right,PASS
9073-left,R3 L4 B0,left,PASS
9073-right,R3 L4 B0,right,PASS
9074-left,R3 L4 L0,left,PASS
9075-left,R3 L4 R0,left,PASS
9075-right,R3 L4 R0,right,PASS
9076-left,R3 L4 Q1,left,PASS
9076-right,R3 L4 Q1,right,PASS
9077-left,R3 L4 B1,left,PASS
9077-right,R3 L4 B1,right,PASS
9078-left,R3 L4 L1,left,PASS
9079-left,R3 L4 R1,left,PASS
9079-right,R3 L4 R1,right,PASS
9080-left,R3 L4 Q2,left,PASS
9080-right,R3 L4 Q2,right,PASS
9081-left,R3 L4 B2,left,PASS
9081-right,R3 L4 B2,right,PASS
9082-left,R3 L4 L2,left,PASS
9083-left,R3 L4 R2,left,PASS
9083-right,R3 L4 R2,right,PASS
9084-left,R3 L4 Q3,left,PASS
9084-right,R3 L4 Q3,right,PASS
9085-left,R3 L4 B3,left,PASS
9085-right,R3 L4 B3,right,PASS
9086-left,R3 L4 L3,left,PASS
9087-left,R3 L4 R3,left,PASS
9087-right,R3 L4 R3,right,PASS
9088-left,R3 L4 Q4,left,PASS
9089-left,R3 L4 B4,left,PASS
9090-left,R3 L4 L4,left,PASS
9091-left,R3 L4 R4,left,PASS
9091-right,R3 L4 R4,right,PASS
9092-left,R3 L4 Q5,left,PASS
9093-left,R3 L4 B5,left,PASS
9094-left,R3 L4 L5,left,PASS
9095-left,R3 L4 R5,left,PASS
9096-left,R3 R4 Q0,left,PASS
9096-right,R3 R4 Q0,right,PASS
9097-left,R3 R4 B0,left,PASS
9097-right,R3 R4 B0,right,PASS
9098-left,R3 R4 L0,left,PASS
9098-right,R3 R4 L0,right,PASS
9099-left,R3 R4 R0,left,PASS
9099-right,R3 R4 R0,right,PASS
9100-left,R3 R4 Q1,left,PASS
9100-right,R3 R4 Q1,right,PASS
9101-left,R3 R4 B1,left,PASS
9101-right,R3 R4 B1,right,PASS
9102-left,R3 R4 L1,left,PASS
9102-right,R3 R4 L1,right,PASS
9103-left,R3 R4 R1,left,PASS
9103-right,R3 R4 R1,right,PASS
9104-left,R3 R4 Q2,left,PASS
9104-right,R3 R4 Q2,right,PASS
9105-left,R3 R4 B2,left,PASS
9105-right,R3 R4 B2,right,PASS
9106-left,R3 R4 L2,left,PASS
9106-right,R3 R4 L2,right,PASS
9107-left,R3 R4 R2,left,PASS
9107-right,R3 R4 R2,right,PASS
9108-left,R3 R4 Q3,left,PASS
9108-right,R3 R4 Q3,right,PASS
9109-left,R3 R4 B3,left,PASS
9109-right,R3 R4 B3,right,PASS
9110-left,R3 R4 L3,left,PASS
9111-left,R3 R4 R3,left,PASS
9111-right,R3 R4 R3,right,PASS
9112-left,R3 R4 Q4,left,PASS
9113-left,R3 R4 B4,left,PASS
9114-left,R3 R4 L4,left,PASS
9114-right,R3 R4 L4,right,PASS
9115-left,R3 R4 R4,left,PASS
9115-right,R3 R4 R4,right,PASS
9116-left,R3 R4 Q5,left,PASS
9116-right,R3 R4 Q5,right,PASS
9117-left,R3 R4 B5,left,PASS
9117-right,R3 R4 B5,right,PASS
9118-left,R3 R4 L5,left,PASS
9118-right,R3 R4 L5,right,PASS
9119-left,R3 R4 R5,left,PASS
9119-right,R3 R4 R5,right,PASS
9120-left,R3 Q5 Q0,left,PASS
9120-right,R3 Q5 Q0,right,PASS
9121-left,R3 Q5 B0,left,PASS
9121-right,R3 Q5 B0,right,PASS
9122-left,R3 Q5 L0,left,PASS
9122-right,R3 Q5 L0,right,PASS
9123-left,R3 Q5 R0,left,PASS
9123-right,R3 Q5 R0,right,PASS
9124-left,R3 Q5 Q1,left,PASS
9124-right,R3 Q5 Q1,right,PASS
9125-left,R3 Q5 B1,left,PASS
9125-right,R3 Q5 B1,right,PASS
9126-left,R3 Q5 L1,left,PASS
9126-right,R3 Q5 L1,right,PASS
9127-left,R3 Q5 R1,left,PASS
9127-right,R3 Q5 R1,right,PASS
9128-left,R3 Q5 Q2,left,PASS
9128-right,R3 Q5 Q2,right,PASS
9129-left,R3 Q5 B2,left,PASS
9129-right,R3 Q5 B2,right,PASS
9130-left,R3 Q5 L2,left,PASS
9130-right,R3 Q5 L2,right,PASS
9131-left,R3 Q5 R2,left,PASS
9131-right,R3 Q5 R2,right,PASS
9132-left,R3 Q5 Q3,left,PASS
9132-right,R3 Q5 Q3,right,PASS
9133-left,R3 Q5 B3,left,PASS
9133-right,R3 Q5 B3,right,PASS
9134-left,R3 Q5 L3,left,PASS
9134-right,R3 Q5 L3,right,PASS
9135-left,R3 Q5 R3,left,PASS
9135-right,R3 Q5 R3,right,PASS
9136-left,R3 Q5 Q4,left,PASS
9136-right,R3 Q5 Q4,right,PASS
9137-left,R3 Q5 B4,left,PASS
9137-right,R3 Q5 B4,right,PASS
9138-left,R3 Q5 L4,left,PASS
9139-left,R3 Q5 R4,left,PASS
9139-right,R3 Q5 R4,right,PASS
9140-left,R3 Q5 Q5,left,PASS
9141-left,R3 Q5 B5,left,PASS
9142-left,R3 Q5 L5,left,PASS
9143-left,R3 Q5 R5,left,PASS
9144-left,R3 B5 Q0,left,PASS
9144-right,R3 B5 Q0,right,PASS
9145-left,R3 B5 B0,left,PASS
9145-right,R3 B5 B0,right,PASS
9146-left,R3 B5 L0,left,PASS
9146-right,R3 B5 L0,right,PASS
9147-left,R3 B5 R0,left,PASS
9147-right,R3 B5 R0,right,PASS
9148-left,R3 B5 Q1,left,PASS
9148-right,R3 B5 Q1,right,PASS
9149-left,R3 B5 B1,left,PASS
9149-right,R3 B5 B1,right,PASS
9150-left,R3 B5 L1,left,PASS
9150-right,R3 B5 L1,right,PASS
9151-left,R3 B5 R1,left,PASS
9151-right,R3 B5 R1,right,PASS
9152-left,R3 B5 Q2,left,PASS
9152-right,R3 B5 Q2,right,PASS
9153-left,R3 B5 B2,left,PASS
9153-right,R3 B5 B2,right,PASS
9154-left,R3 B5 L2,left,PASS
9154-right,R3 B5 L2,right,PASS
9155-left,R3 B5 R2,left,PASS
9155-right,R3 B5 R2,right,PASS
9156-left,R3 B5 Q3,left,PASS
9156-right,R3 B5 Q3,right,PASS
9157-left,R3 B5 B3,left,PASS
9157-right,R3 B5 B3,right,PASS
9158-left,R3 B5 L3,left,PASS
9158-right,R3 B5 L3,right,PASS
9159-left,R3 B5 R3,left,PASS
9159-right,R3 B5 R3,right,PASS
9160-left,R3 B5 Q4,left,PASS
9160-right,R3 B5 Q4,right,PASS
9161-left,R3 B5 B4,left,PASS
9161-right,R3 B5 B4,right,PASS
9162-left,R3 B5 L4,left,PASS
9163-left,R3 B5 R4,left,PASS
9163-right,R3 B5 R4,right,PASS
9164-left,R3 B5 Q5,left,PASS
9165-left,R3 B5 B5,left,PASS
9166-left,R3 B5 L5,left,PASS
9167-left,R3 B5 R5,left,PASS
9168-left,R3 L5 Q0,left,PASS
9169-left,R3 L5 B0,left,PASS
9170-left,R3 L5 L0,left,PASS
9171-left,R3 L5 R0,left,PASS
9172-left,R3 L5 Q1,left,PASS
9172-right,R3 L5 Q1,right,PASS
9173-left,R3 L5 B1,left,PASS
9173-right,R3 L5 B1,right,PASS
9174-left,R3 L5 L1,left,PASS
9175-left,R3 L5 R1,left,PASS
9175-right,R3 L5 R1,right,PASS
9176-left,R3 L5 Q2,left,PASS
9176-right,R3 L5 Q2,right,PASS
9177-left,R3 L5 B2,left,PASS
9177-right,R3 L5 B2,right,PASS
9178-left,R3 L5 L2,left,PASS
9179-left,R3 L5 R2,left,PASS
9179-right,R3 L5 R2,right,PASS
9180-left,R3 L5 Q3,left,PASS
9180-right,R3 L5 Q3,right,PASS
9181-left,R3 L5 B3,left,PASS
9181-right,R3 L5 B3,right,PASS
9182-left,R3 L5 L3,left,PASS
9183-left,R3 L5 R3,left,PASS
9183-right,R3 L5 R3,right,PASS
9184-left,R3 L5 Q4,left,PASS
9184-right,R3 L5 Q4,right,PASS
9185-left,R3 L5 B4,left,PASS
9185-right,R3 L5 B4,right,PASS
9186-left,R3 L5 L4,left,PASS
9187-left,R3 L5 R4,left,PASS
9187-right,R3 L5 R4,right,PASS
9188-left,R3 L5 Q5,left,PASS
9189-left,R3 L5 B5,left,PASS
9190-left,R3 L5 L5,left,PASS
9191-left,R3 L5 R5,left,PASS
9191-right,R3 L5 R5,right,PASS
9192-left,R3 R5 Q0,left,PASS
9192-right,R3 R5 Q0,right,PASS
9193-left,R3 R5 B0,left,PASS
9193-right,R3 R5 B0,right,PASS
9194-left,R3 R5 L0,left,PASS
9194-right,R3 R5 L0,right,PASS
9195-left,R3 R5 R0,left,PASS
9195-right,R3 R5 R0,right,PASS
9196-left,R3 R5 Q1,left,PASS
9196-right,R3 R5 Q1,right,PASS
9197-left,R3 R5 B1,left,PASS
9197-right,R3 R5 B1,right,PASS
9198-left,R3 R5 L1,left,PASS
9198-right,R3 R5 L1,right,PASS
9199-left,R3 R5 R1,left,PASS
9199-right,R3 R5 R1,right,PASS
9200-left,R3 R5 Q2,left,PASS
9200-right,R3 R5 Q2,right,PASS
9201-left,R3 R5 B2,left,PASS
9201-right,R3 R5 B2,right,PASS
9202-left,R3 R5 L2,left,PASS
9202-right,R3 R5 L2,right,PASS
9203-left,R3 R5 R2,left,PASS
9203-right,R3 R5 R2,right,PASS
9204-left,R3 R5 Q3,left,PASS
9204-right,R3 R5 Q3,right,PASS
9205-left,R3 R5 B3,left,PASS
9205-right,R3 R5 B3,right,PASS
9206-left,R3 R5 L3,left,PASS
9206-right,R3 R5 L3,right,PASS
9207-left,R3 R5 R3,left,PASS
9207-right,R3 R5 R3,right,PASS
9208-left,R3 R5 Q4,left,PASS
9208-right,R3 R5 Q4,right,PASS
9209-left,R3 R5 B4,left,PASS
9209-right,R3 R5 B4,right,PASS
9210-left,R3 R5 L4,left,PASS
9211-left,R3 R5 R4,left,PASS
9211-right,R3 R5 R4,right,PASS
9212-left,R3 R5 Q5,left,PASS
9213-left,R3 R5 B5,left,PASS
9214-left,R3 R5 L5,left,PASS
9214-right,R3 R5 L5,right,PASS
9215-left,R3 R5 R5,left,PASS
9215-right,R3 R5 R5,right,PASS
9216-left,Q4 Q0 Q0,left,PASS
9217-left,Q4 Q0 B0,left,PASS
9218-left,Q4 Q0 L0,left,PASS
9219-left,Q4 Q0 R0,left,PASS
9220-left,Q4 Q0 Q1,left,PASS
9220-right,Q4 Q0 Q1,right,PASS
9221-left,Q4 Q0 B1,left,PASS
9221-right,Q4 Q0 B1,right,PASS
9222-left,Q4 Q0 L1,left,PASS
9222-right,Q4 Q0 L1,right,PASS
9223-left,Q4 Q0 R1,left,PASS
9223-right,Q4 Q0 R1,right,PASS
9224-left,Q4 Q0 Q2,left,PASS
9224-right,Q4 Q0 Q2,right,PASS
9225-left,Q4 Q0 B2,left,PASS
9225-right,Q4 Q0 B2,right,PASS
9226-left,Q4 Q0 L2,left,PASS
9226-right,Q4 Q0 L2,right,PASS
9227-left,Q4 Q0 R2,left,PASS
9227-right,Q4 Q0 R2,right,PASS
9228-left,Q4 Q0 Q3,left,PASS
9228-right,Q4 Q0 Q3,right,PASS
9229-left,Q4 Q0 B3,left,PASS
9229-right,Q4 Q0 B3,right,PASS
9230-left,Q4 Q0 L3,left,PASS
9230-right,Q4 Q0 L3,right,PASS
9231-left,Q4 Q0 R3,left,PASS
9231-right,Q4 Q0 R3,right,PASS
9232-left,Q4 Q0 Q4,left,PASS
9232-right,Q4 Q0 Q4,right,PASS
9233-left,Q4 Q0 B4,left,PASS
9233-right,Q4 Q0 B4,right,PASS
9234-left,Q4 Q0 L4,left,PASS
9234-right,Q4 Q0 L4,right,PASS
9235-left,Q4 Q0 R4,left,PASS
9235-right,Q4 Q0 R4,right,PASS
9236-left,Q4 Q0 Q5,left,PASS
9236-right,Q4 Q0 Q5,right,PASS
9237-left,Q4 Q0 B5,left,PASS
9237-right,Q4 Q0 B5,right,PASS
9238-left,Q4 Q0 L5,left,PASS
9239-left,Q4 Q0 R5,left,PASS
9239-right,Q4 Q0 R5,right,PASS
9240-left,Q4 B0 Q0,left,PASS
9241-left,Q4 B0 B0,left,PASS
9242-left,Q4 B0 L0,left,PASS
9243-left,Q4 B0 R0,left,PASS
9244-left,Q4 B0 Q1,left,PASS
9244-right,Q4 B0 Q1,right,PASS
9245-left,Q4 B0 B1,left,PASS
9245-right,Q4 B0 B1,right,PASS
9246-left,Q4 B0 L1,left,PASS
9246-right,Q4 B0 L1,right,PASS
9247-left,Q4 B0 R1,left,PASS
9247-right,Q4 B0 R1,right,PASS
9248-left,Q4 B0 Q2,left,PASS
9248-right,Q4 B0 Q2,right,PASS
9249-left,Q4 B0 B2,left,PASS
9249-right,Q4 B0 B2,right,PASS
9250-left,Q4 B0 L2,left,PASS
9250-right,Q4 B0 L2,right,PASS
9251-left,Q4 B0 R2,left,PASS
9251-right,Q4 B0 R2,right,PASS
9252-left,Q4 B0 Q3,left,PASS
9252-right,Q4 B0 Q3,right,PASS
9253-left,Q4 B0 B3,left,PASS
9253-right,Q4 B0 B3,right,PASS
9254-left,Q4 B0 L3,left,PASS
9254-right,Q4 B0 L3,right,PASS
9255-left,Q4 B0 R3,left,PASS
9255-right,Q4 B0 R3,right,PASS
9256-left,Q4 B0 Q4,left,PASS
9256-right,Q4 B0 Q4,right,PASS
9257-left,Q4 B0 B4,left,PASS
9257-right,Q4 B0 B4,right,PASS
9258-left,Q4 B0 L4,left,PASS
9258-right,Q4 B0 L4,right,PASS
9259-left,Q4 B0 R4,left,PASS
9259-right,Q4 B0 R4,right,PASS
9260-left,Q4 B0 Q5,left,PASS
9260-right,Q4 B0 Q5,right,PASS
9261-left,Q4 B0 B5,left,PASS
9261-right,Q4 B0 B5,right,PASS
9262-left,Q4 B0 L5,left,PASS
9263-left,Q4 B0 R5,left,PASS
9263-right,Q4 B0 R5,right,PASS
9264-left,Q4 L0 Q0,left,PASS
9265-left,Q4 L0 B0,left,PASS
9266-left,Q4 L0 L0,left,PASS
9267-left,Q4 L0 R0,left,PASS
9267-right,Q4 L0 R0,right,PASS
9268-left,Q4 L0 Q1,left,PASS
9269-left,Q4 L0 B1,left,PASS
9270-left,Q4 L0 L1,left,PASS
9271-left,Q4 L0 R1,left,PASS
9272-left,Q4 L0 Q2,left,PASS
9272-right,Q4 L0 Q2,right,PASS
9273-left,Q4 L0 B2,left,PASS
9273-right,Q4 L0 B2,right,PASS
9274-left,Q4 L0 L2,left,PASS
9275-left,Q4 L0 R2,left,PASS
9275-right,Q4 L0 R2,right,PASS
9276-left,Q4 L0 Q3,left,PASS
9276-right,Q4 L0 Q3,right,PASS
9277-left,Q4 L0 B3,left,PASS
9277-right,Q4 L0 B3,right,PASS
9278-left,Q4 L0 L3,left,PASS
9279-left,Q4 L0 R3,left,PASS
9279-right,Q4 L0 R3,right,PASS
9280-left,Q4 L0 Q4,left,PASS
9280-right,Q4 L0 Q4,right,PASS
9281-left,Q4 L0 B4,left,PASS
9281-right,Q4 L0 B4,right,PASS
9282-left,Q4 L0 L4,left,PASS
9283-left,Q4 L0 R4,left,PASS
9283-right,Q4 L0 R4,right,PASS
9284-left,Q4 L0 Q5,left,PASS
9284-right,Q4 L0 Q5,right,PASS
9285-left,Q4 L0 B5,left,PASS
9285-right,Q4 L0 B5,right,PASS
9286-left,Q4 L0 L5,left,PASS
9287-left,Q4 L0 R5,left,PASS
9287-right,Q4 L0 R5,right,PASS
9288-left,Q4 R0 Q0,left,PASS
9289-left,Q4 R0 B0,left,PASS
9290-left,Q4 R0 L0,left,PASS
9290-right,Q4 R0 L0,right,PASS
9291-left,Q4 R0 R0,left,PASS
9291-right,Q4 R0 R0,right,PASS
9292-left,Q4 R0 Q1,left,PASS
9292-right,Q4 R0 Q1,right,PASS
9293-left,Q4 R0 B1,left,PASS
9293-right,Q4 R0 B1,right,PASS
9294-left,Q4 R0 L1,left,PASS
9294-right,Q4 R0 L1,right,PASS
9295-left,Q4 R0 R1,left,PASS
9295-right,Q4 R0 R1,right,PASS
9296-left,Q4 R0 Q2,left,PASS
9296-right,Q4 R0 Q2,right,PASS
9297-left,Q4 R0 B2,left,PASS
9297-right,Q4 R0 B2,right,PASS
9298-left,Q4 R0 L2,left,PASS
9298-right,Q4 R0 L2,right,PASS
9299-left,Q4 R0 R2,left,PASS
9299-right,Q4 R0 R2,right,PASS
9300-left,Q4 R0 Q3,left,PASS
9300-right,Q4 R0 Q3,right,PASS
9301-left,Q4 R0 B3,left,PASS
9301-right,Q4 R0 B3,right,PASS
9302-left,Q4 R0 L3,left,PASS
9302-right,Q4 R0 L3,right,PASS
9303-left,Q4 R0 R3,left,PASS
9303-right,Q4 R0 R3,right,PASS
9304-left,Q4 R0 Q4,left,PASS
9304-right,Q4 R0 Q4,right,PASS
9305-left,Q4 R0 B4,left,PASS
9305-right,Q4 R0 B4,right,PASS
9306-left,Q4 R0 L4,left,PASS
9306-right,Q4 R0 L4,right,PASS
9307-left,Q4 R0 R4,left,PASS
9307-right,Q4 R0 R4,right,PASS
9308-left,Q4 R0 Q5,left,PASS
9308-right,Q4 R0 Q5,right,PASS
9309-left,Q4 R0 B5,left,PASS
9309-right,Q4 R0 B5,right,PASS
9310-left,Q4 R0 L5,left,PASS
9311-left,Q4 R0 R5,left,PASS
9311-right,Q4 R0 R5,right,PASS
9312-left,Q4 Q1 Q0,left,PASS
9312-right,Q4 Q1 Q0,right,PASS
9313-left,Q4 Q1 B0,left,PASS
9313-right,Q4 Q1 B0,right,PASS
9314-left,Q4 Q1 L0,left,PASS
9315-left,Q4 Q1 R0,left,PASS
9315-right,Q4 Q1 R0,right,PASS
9316-left,Q4 Q1 Q1,left,PASS
9317-left,Q4 Q1 B1,left,PASS
9318-left,Q4 Q1 L1,left,PASS
9319-left,Q4 Q1 R1,left,PASS
9320-left,Q4 Q1 Q2,left,PASS
9320-right,Q4 Q1 Q2,right,PASS
9321-left,Q4 Q1 B2,left,PASS
9321-right,Q4 Q1 B2,right,PASS
9322-left,Q4 Q1 L2,left,PASS
9322-right,Q4 Q1 L2,right,PASS
9323-left,Q4 Q1 R2,left,PASS
9323-right,Q4 Q1 R2,right,PASS
9324-left,Q4 Q1 Q3,left,PASS
9324-right,Q4 Q1 Q3,right,PASS
9325-left,Q4 Q1 B3,left,PASS
9325-right,Q4 Q1 B3,right,PASS
9326-left,Q4 Q1 L3,left,PASS
9326-right,Q4 Q1 L3,right,PASS
9327-left,Q4 Q1 R3,left,PASS
9327-right,Q4 Q1 R3,right,PASS
9328-left,Q4 Q1 Q4,left,PASS
9328-right,Q4 Q1 Q4,right,PASS
9329-left,Q4 Q1 B4,left,PASS
9329-right,Q4 Q1 B4,right,PASS
9330-left,Q4 Q1 L4,left,PASS
9330-right,Q4 Q1 L4,right,PASS
9331-left,Q4 Q1 R4,left,PASS
9331-right,Q4 Q1 R4,right,PASS
9332-left,Q4 Q1 Q5,left,PASS
9332-right,Q4 Q1 Q5,right,PASS
9333-left,Q4 Q1 B5,left,PASS
9333-right,Q4 Q1 B5,right,PASS
9334-left,Q4 Q1 L5,left,PASS
9334-right,Q4 Q1 L5,right,PASS
9335-left,Q4 Q1 R5,left,PASS
9335-right,Q4 Q1 R5,right,PASS
9336-left,Q4 B1 Q0,left,PASS
9336-right,Q4 B1 Q0,right,PASS
9337-left,Q4 B1 B0,left,PASS
9337-right,Q4 B1 B0,right,PASS
9338-left,Q4 B1 L0,left,PASS
9339-left,Q4 B1 R0,left,PASS
9339-right,Q4 B1 R0,right,PASS
9340-left,Q4 B1 Q1,left,PASS
9341-left,Q4 B1 B1,left,PASS
9342-left,Q4 B1 L1,left,PASS
9343-left,Q4 B1 R1,left,PASS
9344-left,Q4 B1 Q2,left,PASS
9344-right,Q4 B1 Q2,right,PASS
9345-left,Q4 B1 B2,left,PASS
9345-right,Q4 B1 B2,right,PASS
9346-left,Q4 B1 L2,left,PASS
9346-right,Q4 B1 L2,right,PASS
9347-left,Q4 B1 R2,left,PASS
9347-right,Q4 B1 R2,right,PASS
9348-left,Q4 B1 Q3,left,PASS
9348-right,Q4 B1 Q3,right,PASS
9349-left,Q4 B1 B3,left,PASS
9349-right,Q4 B1 B3,right,PASS
9350-left,Q4 B1 L3,left,PASS
9350-right,Q4 B1 L3,right,PASS
9351-left,Q4 B1 R3,left,PASS
9351-right,Q4 B1 R3,right,PASS
9352-left,Q4 B1 Q4,left,PASS
9352-right,Q4 B1 Q4,right,PASS
9353-left,Q4 B1 B4,left,PASS
9353-right,Q4 B1 B4,right,PASS
9354-left,Q4 B1 L4,left,PASS
9354-right,Q4 B1 L4,right,PASS
9355-left,Q4 B1 R4,left,PASS
9355-right,Q4 B1 R4,right,PASS
9356-left,Q4 B1 Q5,left,PASS
9356-right,Q4 B1 Q5,right,PASS
9357-left,Q4 B1 B5,left,PASS
9357-right,Q4 B1 B5,right,PASS
9358-left,Q4 B1 L5,left,PASS
9358-right,Q4 B1 L5,right,PASS
9359-left,Q4 B1 R5,left,PASS
9359-right,Q4 B1 R5,right,PASS
9360-left,Q4 L1 Q0,left,PASS
9360-right,Q4 L1 Q0,right,PASS
9361-left,Q4 L1 B0,left,PASS
9361-right,Q4 L1 B0,right,PASS
9362-left,Q4 L1 L0,left,PASS
9363-left,Q4 L1 R0,left,PASS
9363-right,Q4 L1 R0,right,PASS
9364-left,Q4 L1 Q1,left,PASS
9365-left,Q4 L1 B1,left,PASS
9366-left,Q4 L1 L1,left,PASS
9367-left,Q4 L1 R1,left,PASS
9367-right,Q4 L1 R1,right,PASS
9368-left,Q4 L1 Q2,left,PASS
9369-left,Q4 L1 B2,left,PASS
9370-left,Q4 L1 L2,left,PASS
9371-left,Q4 L1 R2,left,PASS
9372-left,Q4 L1 Q3,left,PASS
9372-right,Q4 L1 Q3,right,PASS
9373-left,Q4 L1 B3,left,PASS
9373-right,Q4 L1 B3,right,PASS
9374-left,Q4 L1 L3,left,PASS
9375-left,Q4 L1 R3,left,PASS
9375-right,Q4 L1 R3,right,PASS
9376-left,Q4 L1 Q4,left,PASS
9376-right,Q4 L1 Q4,right,PASS
9377-left,Q4 L1 B4,left,PASS
9377-right,Q4 L1 B4,right,PASS
9378-left,Q4 L1 L4,left,PASS
9379-left,Q4 L1 R4,left,PASS
9379-right,Q4 L1 R4,right,PASS
9380-left,Q4 L1 Q5,left,PASS
9380-right,Q4 L1 Q5,right,PASS
9381-left,Q4 L1 B5,left,PASS
9381-right,Q4 L1 B5,right,PASS
9382-left,Q4 L1 L5,left,PASS
9383-left,Q4 L1 R5,left,PASS
9383-right,Q4 L1 R5,right,PASS
9384-left,Q4 R1 Q0,left,PASS
9384-right,Q4 R1 Q0,right,PASS
9385-left,Q4 R1 B0,left,PASS
9385-right,Q4 R1 B0,right,PASS
9386-left,Q4 R1 L0,left,PASS
9387-left,Q4 R1 R0,left,PASS
9387-right,Q4 R1 R0,right,PASS
9388-left,Q4 R1 Q1,left,PASS
9389-left,Q4 R1 B1,left,PASS
9390-left,Q4 R1 L1,left,PASS
9390-right,Q4 R1 L1,right,PASS
9391-left,Q4 R1 R1,left,PASS
9391-right,Q4 R1 R1,right,PASS
9392-left,Q4 R1 Q2,left,PASS
9392-right,Q4 R1 Q2,right,PASS
9393-left,Q4 R1 B2,left,PASS
9393-right,Q4 R1 B2,right,PASS
9394-left,Q4 R1 L2,left,PASS
9394-right,Q4 R1 L2,right,PASS
9395-left,Q4 R1 R2,left,PASS
9395-right,Q4 R1 R2,right,PASS
9396-left,Q4 R1 Q3,left,PASS
9396-right,Q4 R1 Q3,right,PASS
9397-left,Q4 R1 B3,left,PASS
9397-right,Q4 R1 B3,right,PASS
9398-left,Q4 R1 L3,left,PASS
9398-right,Q4 R1 L3,right,PASS
9399-left,Q4 R1 R3,left,PASS
9399-right,Q4 R1 R3,right,PASS
9400-left,Q4 R1 Q4,left,PASS
9400-right,Q4 R1 Q4,right,PASS
9401-left,Q4 R1 B4,left,PASS
9401-right,Q4 R1 B4,right,PASS
9402-left,Q4 R1 L4,left,PASS
9402-right,Q4 R1 L4,right,PASS
9403-left,Q4 R1 R4,left,PASS
9403-right,Q4 R1 R4,right,PASS
9404-left,Q4 R1 Q5,left,PASS
9404-right,Q4 R1 Q5,right,PASS
9405-left,Q4 R1 B5,left,PASS
9405-right,Q4 R1 B5,right,PASS
9406-left,Q4 R1 L5,left,PASS
9406-right,Q4 R1 L5,right,PASS
9407-left,Q4 R1 R5,left,PASS
9407-right,Q4 R1 R5,right,PASS
9408-left,Q4 Q2 Q0,left,PASS
9408-right,Q4 Q2 Q0,right,PASS
9409-left,Q4 Q2 B0,left,PASS
9409-right,Q4 Q2 B0,right,PASS
9410-left,Q4 Q2 L0,left,PASS
9410-right,Q4 Q2 L0,right,PASS
9411-left,Q4 Q2 R0,left,PASS
9411-right,Q4 Q2 R0,right,PASS
9412-left,Q4 Q2 Q1,left,PASS
9412-right,Q4 Q2 Q1,right,PASS
9413-left,Q4 Q2 B1,left,PASS
9413-right,Q4 Q2 B1,right,PASS
9414-left,Q4 Q2 L1,left,PASS
9415-left,Q4 Q2 R1,left,PASS
9415-right,Q4 Q2 R1,right,PASS
9416-left,Q4 Q2 Q2,left,PASS
9417-left,Q4 Q2 B2,left,PASS
9418-left,Q4 Q2 L2,left,PASS
9419-left,Q4 Q2 R2,left,PASS
9420-left,Q4 Q2 Q3,left,PASS
9420-right,Q4 Q2 Q3,right,PASS
9421-left,Q4 Q2 B3,left,PASS
9421-right,Q4 Q2 B3,right,PASS
9422-left,Q4 Q2 L3,left,PASS
9422-right,Q4 Q2 L3,right,PASS
9423-left,Q4 Q2 R3,left,PASS
9423-right,Q4 Q2 R3,right,PASS
9424-left,Q4 Q2 Q4,left,PASS
9424-right,Q4 Q2 Q4,right,PASS
9425-left,Q4 Q2 B4,left,PASS
9425-right,Q4 Q2 B4,right,PASS
9426-left,Q4 Q2 L4,left,PASS
9426-right,Q4 Q2 L4,right,PASS
9427-left,Q4 Q2 R4,left,PASS
9427-right,Q4 Q2 R4,right,PASS
9428-left,Q4 Q2 Q5,left,PASS
9428-right,Q4 Q2 Q5,right,PASS
9429-left,Q4 Q2 B5,left,PASS
9429-right,Q4 Q2 B5,right,PASS
9430-left,Q4 Q2 L5,left,PASS
9430-right,Q4 Q2 L5,right,PASS
9431-left,Q4 Q2 R5,left,PASS
9431-right,Q4 Q2 R5,right,PASS
9432-left,Q4 B2 Q0,left,PASS
9432-right,Q4 B2 Q0,right,PASS
9433-left,Q4 B2 B0,left,PASS
9433-right,Q4 B2 B0,right,PASS
9434-left,Q4 B2 L0,left,PASS
9434-right,Q4 B2 L0,right,PASS
9435-left,Q4 B2 R0,left,PASS
9435-right,Q4 B2 R0,right,PASS
9436-left,Q4 B2 Q1,left,PASS
9436-right,Q4 B2 Q1,right,PASS
9437-left,Q4 B2 B1,left,PASS
9437-right,Q4 B2 B1,right,PASS
9438-left,Q4 B2 L1,left,PASS
9439-left,Q4 B2 R1,left,PASS
9439-right,Q4 B2 R1,right,PASS
9440-left,Q4 B2 Q2,left,PASS
9441-left,Q4 B2 B2,left,PASS
9442-left,Q4 B2 L2,left,PASS
9443-left,Q4 B2 R2,left,PASS
9444-left,Q4 B2 Q3,left,PASS
9444-right,Q4 B2 Q3,right,PASS
9445-left,Q4 B2 B3,left,PASS
9445-right,Q4 B2 B3,right,PASS
9446-left,Q4 B2 L3,left,PASS
9446-right,Q4 B2 L3,right,PASS
9447-left,Q4 B2 R3,left,PASS
9447-right,Q4 B2 R3,right,PASS
9448-left,Q4 B2 Q4,left,PASS
9448-right,Q4 B2 Q4,right,PASS
9449-left,Q4 B2 B4,left,PASS
9449-right,Q4 B2 B4,right,PASS
9450-left,Q4 B2 L4,left,PASS
9450-right,Q4 B2 L4,right,PASS
9451-left,Q4 B2 R4,left,PASS
9451-right,Q4 B2 R4,right,PASS
9452-left,Q4 B2 Q5,left,PASS
9452-right,Q4 B2 Q5,right,PASS
9453-left,Q4 B2 B5,left,PASS
9453-right,Q4 B2 B5,right,PASS
9454-left,Q4 B2 L5,left,PASS
9454-right,Q4 B2 L5,right,PASS
9455-left,Q4 B2 R5,left,PASS
9455-right,Q4 B2 R5,right,PASS
9456-left,Q4 L2 Q0,left,PASS
9456-right,Q4 L2 Q0,right,PASS
9457-left,Q4 L2 B0,left,PASS
9457-right,Q4 L2 B0,right,PASS
9458-left,Q4 L2 L0,left,PASS
9459-left,Q4 L2 R0,left,PASS
9459-right,Q4 L2 R0,right,PASS
9460-left,Q4 L2 Q1,left,PASS
9460-right,Q4 L2 Q1,right,PASS
9461-left,Q4 L2 B1,left,PASS
9461-right,Q4 L2 B1,right,PASS
9462-left,Q4 L2 L1,left,PASS
9463-left,Q4 L2 R1,left,PASS
9463-right,Q4 L2 R1,right,PASS
9464-left,Q4 L2 Q2,left,PASS
9465-left,Q4 L2 B2,left,PASS
9466-left,Q4 L2 L2,left,PASS
9467-left,Q4 L2 R2,left,PASS
9467-right,Q4 L2 R2,right,PASS
9468-left,Q4 L2 Q3,left,PASS
9469-left,Q4 L2 B3,left,PASS
9470-left,Q4 L2 L3,left,PASS
9471-left,Q4 L2 R3,left,PASS
9472-left,Q4 L2 Q4,left,PASS
9472-right,Q4 L2 Q4,right,PASS
9473-left,Q4 L2 B4,left,PASS
9473-right,Q4 L2 B4,right,PASS
9474-left,Q4 L2 L4,left,PASS
9475-left,Q4 L2 R4,left,PASS
9475-right,Q4 L2 R4,right,PASS
9476-left,Q4 L2 Q5,left,PASS
9476-right,Q4 L2 Q5,right,PASS
9477-left,Q4 L2 B5,left,PASS
9477-right,Q4 L2 B5,right,PASS
9478-left,Q4 L2 L5,left,PASS
9479-left,Q4 L2 R5,left,PASS
9479-right,Q4 L2 R5,right,PASS
9480-left,Q4 R2 Q0,left,PASS
9480-right,Q4 R2 Q0,right,PASS
9481-left,Q4 R2 B0,left,PASS
9481-right,Q4 R2 B0,right,PASS
9482-left,Q4 R2 L0,left,PASS
9482-right,Q4 R2 L0,right,PASS
9483-left,Q4 R2 R0,left,PASS
9483-right,Q4 R2 R0,right,PASS
9484-left,Q4 R2 Q1,left,PASS
9484-right,Q4 R2 Q1,right,PASS
9485-left,Q4 R2 B1,left,PASS
9485-right,Q4 R2 B1,right,PASS
9486-left,Q4 R2 L1,left,PASS
9487-left,Q4 R2 R1,left,PASS
9487-right,Q4 R2 R1,right,PASS
9488-left,Q4 R2 Q2,left,PASS
9489-left,Q4 R2 B2,left,PASS
9490-left,Q4 R2 L2,left,PASS
9490-right,Q4 R2 L2,right,PASS
9491-left,Q4 R2 R2,left,PASS
9491-right,Q4 R2 R2,right,PASS
9492-left,Q4 R2 Q3,left,PASS
9492-right,Q4 R2 Q3,right,PASS
9493-left,Q4 R2 B3,left,PASS
9493-right,Q4 R2 B3,right,PASS
9494-left,Q4 R2 L3,left,PASS
9494-right,Q4 R2 L3,right,PASS
9495-left,Q4 R2 R3,left,PASS
9495-right,Q4 R2 R3,right,PASS
9496-left,Q4 R2 Q4,left,PASS
9496-right,Q4 R2 Q4,right,PASS
9497-left,Q4 R2 B4,left,PASS
9497-right,Q4 R2 B4,right,PASS
9498-left,Q4 R2 L4,left,PASS
9498-right,Q4 R2 L4,right,PASS
9499-left,Q4 R2 R4,left,PASS
9499-right,Q4 R2 R4,right,PASS
9500-left,Q4 R2 Q5,left,PASS
9500-right,Q4 R2 Q5,right,PASS
9501-left,Q4 R2 B5,left,PASS
9501-right,Q4 R2 B5,right,PASS
9502-left,Q4 R2 L5,left,PASS
9502-right,Q4 R2 L5,right,PASS
9503-left,Q4 R2 R5,left,PASS
9503-right,Q4 R2 R5,right,PASS
9504-left,Q4 Q3 Q0,left,PASS
9504-right,Q4 Q3 Q0,right,PASS
9505-left,Q4 Q3 B0,left,PASS
9505-right,Q4 Q3 B0,right,PASS
9506-left,Q4 Q3 L0,left,PASS
9506-right,Q4 Q3 L0,right,PASS
9507-left,Q4 Q3 R0,left,PASS
9507-right,Q4 Q3 R0,right,PASS
9508-left,Q4 Q3 Q1,left,PASS
9508-right,Q4 Q3 Q1,right,PASS
9509-left,Q4 Q3 B1,left,PASS
9509-right,Q4 Q3 B1,right,PASS
9510-left,Q4 Q3 L1,left,PASS
9510-right,Q4 Q3 L1,right,PASS
9511-left,Q4 Q3 R1,left,PASS
9511-right,Q4 Q3 R1,right,PASS
9512-left,Q4 Q3 Q2,left,PASS
9512-right,Q4 Q3 Q2,right,PASS
9513-left,Q4 Q3 B2,left,PASS
9513-right,Q4 Q3 B2,right,PASS
9514-left,Q4 Q3 L2,left,PASS
9515-left,Q4 Q3 R2,left,PASS
9515-right,Q4 Q3 R2,right,PASS
9516-left,Q4 Q3 Q3,left,PASS
9517-left,Q4 Q3 B3,left,PASS
9518-left,Q4 Q3 L3,left,PASS
9519-left,Q4 Q3 R3,left,PASS
9520-left,Q4 Q3 Q4,left,PASS
9520-right,Q4 Q3 Q4,right,PASS
9521-left,Q4 Q3 B4,left,PASS
9521-right,Q4 Q3 B4,right,PASS
9522-left,Q4 Q3 L4,left,PASS
9522-right,Q4 Q3 L4,right,PASS
9523-left,Q4 Q3 R4,left,PASS
9523-right,Q4 Q3 R4,right,PASS
9524-left,Q4 Q3 Q5,left,PASS
9524-right,Q4 Q3 Q5,right,PASS
9525-left,Q4 Q3 B5,left,PASS
9525-right,Q4 Q3 B5,right,PASS
9526-left,Q4 Q3 L5,left,PASS
9526-right,Q4 Q3 L5,right,PASS
9527-left,Q4 Q3 R5,left,PASS
9527-right,Q4 Q3 R5,right,PASS
9528-left,Q4 B3 Q0,left,PASS
9528-right,Q4 B3 Q0,right,PASS
9529-left,Q4 B3 B0,left,PASS
9529-right,Q4 B3 B0,right,PASS
9530-left,Q4 B3 L0,left,PASS
9530-right,Q4 B3 L0,right,PASS
9531-left,Q4 B3 R0,left,PASS
9531-right,Q4 B3 R0,right,PASS
9532-left,Q4 B3 Q1,left,PASS
9532-right,Q4 B3 Q1,right,PASS
9533-left,Q4 B3 B1,left,PASS
9533-right,Q4 B3 B1,right,PASS
9534-left,Q4 B3 L1,left,PASS
9534-right,Q4 B3 L1,right,PASS
9535-left,Q4 B3 R1,left,PASS
9535-right,Q4 B3 R1,right,PASS
9536-left,Q4 B3 Q2,left,PASS
9536-right,Q4 B3 Q2,right,PASS
9537-left,Q4 B3 B2,left,PASS
9537-right,Q4 B3 B2,right,PASS
9538-left,Q4 B3 L2,left,PASS
9539-left,Q4 B3 R2,left,PASS
9539-right,Q4 B3 R2,right,PASS
9540-left,Q4 B3 Q3,left,PASS
9541-left,Q4 B3 B3,left,PASS
9542-left,Q4 B3 L3,left,PASS
9543-left,Q4 B3 R3,left,PASS
9544-left,Q4 B3 Q4,left,PASS
9544-right,Q4 B3 Q4,right,PASS
9545-left,Q4 B3 B4,left,PASS
9545-right,Q4 B3 B4,right,PASS
9546-left,Q4 B3 L4,left,PASS
9546-right,Q4 B3 L4,right,PASS
9547-left,Q4 B3 R4,left,PASS
9547-right,Q4 B3 R4,right,PASS
9548-left,Q4 B3 Q5,left,PASS
9548-right,Q4 B3 Q5,right,PASS
9549-left,Q4 B3 B5,left,PASS
9549-right,Q4 B3 B5,right,PASS
9550-left,Q4 B3 L5,left,PASS
9550-right,Q4 B3 L5,right,PASS
9551-left,Q4 B3 R5,left,PASS
9551-right,Q4 B3 R5,right,PASS
9552-right,Q4 L3 Q0,right,PASS
9553-right,Q4 L3 B0,right,PASS
9555-right,Q4 L3 R0,right,PASS
9556-right,Q4 L3 Q1,right,PASS
9557-right,Q4 L3 B1,right,PASS
9559-right,Q4 L3 R1,right,PASS
9560-right,Q4 L3 Q2,right,PASS
9561-right,Q4 L3 B2,right,PASS
9563-right,Q4 L3 R2,right,PASS
9567-right,Q4 L3 R3,right,PASS
9572-right,Q4 L3 Q5,right,PASS
9573-right,Q4 L3 B5,right,PASS
9575-right,Q4 L3 R5,right,PASS
9576-left,Q4 R3 Q0,left,PASS
9576-right,Q4 R3 Q0,right,PASS
9577-left,Q4 R3 B0,left,PASS
9577-right,Q4 R3 B0,right,PASS
9578-left,Q4 R3 L0,left,PASS
9578-right,Q4 R3 L0,right,PASS
9579-left,Q4 R3 R0,left,PASS
9579-right,Q4 R3 R0,right,PASS
9580-left,Q4 R3 Q1,left,PASS
9580-right,Q4 R3 Q1,right,PASS
9581-left,Q4 R3 B1,left,PASS
9581-right,Q4 R3 B1,right,PASS
9582-left,Q4 R3 L1,left,PASS
9582-right,Q4 R3 L1,right,PASS
9583-left,Q4 R3 R1,left,PASS
9583-right,Q4 R3 R1,right,PASS
9584-left,Q4 R3 Q2,left,PASS
9584-right,Q4 R3 Q2,right,PASS
9585-left,Q4 R3 B2,left,PASS
9585-right,Q4 R3 B2,right,PASS
9586-left,Q4 R3 L2,left,PASS
9587-left,Q4 R3 R2,left,PASS
9587-right,Q4 R3 R2,right,PASS
9588-left,Q4 R3 Q3,left,PASS
9589-left,Q4 R3 B3,left,PASS
9590-left,Q4 R3 L3,left,PASS
9590-right,Q4 R3 L3,right,PASS
9591-left,Q4 R3 R3,left,PASS
9591-right,Q4 R3 R3,right,PASS
9592-left,Q4 R3 Q4,left,PASS
9592-right,Q4 R3 Q4,right,PASS
9593-left,Q4 R3 B4,left,PASS
9593-right,Q4 R3 B4,right,PASS
9594-left,Q4 R3 L4,left,PASS
9594-right,Q4 R3 L4,right,PASS
9595-left,Q4 R3 R4,left,PASS
9595-right,Q4 R3 R4,right,PASS
9596-left,Q4 R3 Q5,left,PASS
9596-right,Q4 R3 Q5,right,PASS
9597-left,Q4 R3 B5,left,PASS
9597-right,Q4 R3 B5,right,PASS
9598-left,Q4 R3 L5,left,PASS
9598-right,Q4 R3 L5,right,PASS
9599-left,Q4 R3 R5,left,PASS
9599-right,Q4 R3 R5,right,PASS
9600-right,Q4 Q4 Q0,right,PASS
9601-right,Q4 Q4 B0,right,PASS
9602-right,Q4 Q4 L0,right,PASS
9603-right,Q4 Q4 R0,right,PASS
9604-right,Q4 Q4 Q1,right,PASS
9605-right,Q4 Q4 B1,right,PASS
9606-right,Q4 Q4 L1,right,PASS
9607-right,Q4 Q4 R1,right,PASS
9608-right,Q4 Q4 Q2,right,PASS
9609-right,Q4 Q4 B2,right,PASS
9610-right,Q4 Q4 L2,right,PASS
9611-right,Q4 Q4 R2,right,PASS
9612-right,Q4 Q4 Q3,right,PASS
9613-right,Q4 Q4 B3,right,PASS
9615-right,Q4 Q4 R3,right,PASS
9620-right,Q4 Q4 Q5,right,PASS
9621-right,Q4 Q4 B5,right,PASS
9622-right,Q4 Q4 L5,right,PASS
9623-right,Q4 Q4 R5,right,PASS
9624-right,Q4 B4 Q0,right,PASS
9625-right,Q4 B4 B0,right,PASS
9626-right,Q4 B4 L0,right,PASS
9627-right,Q4 B4 R0,right,PASS
9628-right,Q4 B4 Q1,right,PASS
9629-right,Q4 B4 B1,right,PASS
9630-right,Q4 B4 L1,right,PASS
9631-right,Q4 B4 R1,right,PASS
9632-right,Q4 B4 Q2,right,PASS
9633-right,Q4 B4 B2,right,PASS
9634-right,Q4 B4 L2,right,PASS
9635-right,Q4 B4 R2,right,PASS
9636-right,Q4 B4 Q3,right,PASS
9637-right,Q4 B4 B3,right,PASS
9639-right,Q4 B4 R3,right,PASS
9644-right,Q4 B4 Q5,right,PASS
9645-right,Q4 B4 B5,right,PASS
9646-right,Q4 B4 L5,right,PASS
9647-right,Q4 B4 R5,right,PASS
9648-right,Q4 L4 Q0,right,PASS
9649-right,Q4 L4 B0,right,PASS
9651-right,Q4 L4 R0,right,PASS
9652-right,Q4 L4 Q1,right,PASS
9653-right,Q4 L4 B1,right,PASS
9655-right,Q4 L4 R1,right,PASS
9656-right,Q4 L4 Q2,right,PASS
9657-right,Q4 L4 B2,right,PASS
9659-right,Q4 L4 R2,right,PASS
9660-right,Q4 L4 Q3,right,PASS
9661-right,Q4 L4 B3,right,PASS
9663-right,Q4 L4 R3,right,PASS
9667-right,Q4 L4 R4,right,PASS
9672-right,Q4 R4 Q0,right,PASS
9673-right,Q4 R4 B0,right,PASS
9674-right,Q4 R4 L0,right,PASS
9675-right,Q4 R4 R0,right,PASS
9676-right,Q4 R4 Q1,right,PASS
9677-right,Q4 R4 B1,right,PASS
9678-right,Q4 R4 L1,right,PASS
9679-right,Q4 R4 R1,right,PASS
9680-right,Q4 R4 Q2,right,PASS
9681-right,Q4 R4 B2,right,PASS
9682-right,Q4 R4 L2,right,PASS
9683-right,Q4 R4 R2,right,PASS
9684-right,Q4 R4 Q3,right,PASS
9685-right,Q4 R4 B3,right,PASS
9687-right,Q4 R4 R3,right,PASS
9690-right,Q4 R4 L4,right,PASS
9691-right,Q4 R4 R4,right,PASS
9692-right,Q4 R4 Q5,right,PASS
9693-right,Q4 R4 B5,right,PASS
9694-right,Q4 R4 L5,right,PASS
9695-right,Q4 R4 R5,right,PASS
9696-left,Q4 Q5 Q0,left,PASS
9696-right,Q4 Q5 Q0,right,PASS
9697-left,Q4 Q5 B0,left,PASS
9697-right,Q4 Q5 B0,right,PASS
9698-left,Q4 Q5 L0,left,PASS
9698-right,Q4 Q5 L0,right,PASS
9699-left,Q4 Q5 R0,left,PASS
9699-right,Q4 Q5 R0,right,PASS
9700-left,Q4 Q5 Q1,left,PASS
9700-right,Q4 Q5 Q1,right,PASS
9701-left,Q4 Q5 B1,left,PASS
9701-right,Q4 Q5 B1,right,PASS
9702-left,Q4 Q5 L1,left,PASS
9702-right,Q4 Q5 L1,right,PASS
9703-left,Q4 Q5 R1,left,PASS
9703-right,Q4 Q5 R1,right,PASS
9704-left,Q4 Q5 Q2,left,PASS
9704-right,Q4 Q5 Q2,right,PASS
9705-left,Q4 Q5 B2,left,PASS
9705-right,Q4 Q5 B2,right,PASS
9706-left,Q4 Q5 L2,left,PASS
9706-right,Q4 Q5 L2,right,PASS
9707-left,Q4 Q5 R2,left,PASS
9707-right,Q4 Q5 R2,right,PASS
9708-left,Q4 Q5 Q3,left,PASS
9708-right,Q4 Q5 Q3,right,PASS
9709-left,Q4 Q5 B3,left,PASS
9709-right,Q4 Q5 B3,right,PASS
9710-left,Q4 Q5 L3,left,PASS
9710-right,Q4 Q5 L3,right,PASS
9711-left,Q4 Q5 R3,left,PASS
9711-right,Q4 Q5 R3,right,PASS
9712-left,Q4 Q5 Q4,left,PASS
9712-right,Q4 Q5 Q4,right,PASS
9713-left,Q4 Q5 B4,left,PASS
9713-right,Q4 Q5 B4,right,PASS
9714-left,Q4 Q5 L4,left,PASS
9715-left,Q4 Q5 R4,left,PASS
9715-right,Q4 Q5 R4,right,PASS
9716-left,Q4 Q5 Q5,left,PASS
9717-left,Q4 Q5 B5,left,PASS
9718-left,Q4 Q5 L5,left,PASS
9719-left,Q4 Q5 R5,left,PASS
9720-left,Q4 B5 Q0,left,PASS
9720-right,Q4 B5 Q0,right,PASS
9721-left,Q4 B5 B0,left,PASS
9721-right,Q4 B5 B0,right,PASS
9722-left,Q4 B5 L0,left,PASS
9722-right,Q4 B5 L0,right,PASS
9723-left,Q4 B5 R0,left,PASS
9723-right,Q4 B5 R0,right,PASS
9724-left,Q4 B5 Q1,left,PASS
9724-right,Q4 B5 Q1,right,PASS
9725-left,Q4 B5 B1,left,PASS
9725-right,Q4 B5 B1,right,PASS
9726-left,Q4 B5 L1,left,PASS
9726-right,Q4 B5 L1,right,PASS
9727-left,Q4 B5 R1,left,PASS
9727-right,Q4 B5 R1,right,PASS
9728-left,Q4 B5 Q2,left,PASS
9728-right,Q4 B5 Q2,right,PASS
9729-left,Q4 B5 B2,left,PASS
9729-right,Q4 B5 B2,right,PASS
9730-left,Q4 B5 L2,left,PASS
9730-right,Q4 B5 L2,right,PASS
9731-left,Q4 B5 R2,left,PASS
9731-right,Q4 B5 R2,right,PASS
9732-left,Q4 B5 Q3,left,PASS
9732-right,Q4 B5 Q3,right,PASS
9733-left,Q4 B5 B3,left,PASS
9733-right,Q4 B5 B3,right,PASS
9734-left,Q4 B5 L3,left,PASS
9734-right,Q4 B5 L3,right,PASS
9735-left,Q4 B5 R3,left,PASS
9735-right,Q4 B5 R3,right,PASS
9736-left,Q4 B5 Q4,left,PASS
9736-right,Q4 B5 Q4,right,PASS
9737-left,Q4 B5 B4,left,PASS
9737-right,Q4 B5 B4,right,PASS
9738-left,Q4 B5 L4,left,PASS
9739-left,Q4 B5 R4,left,PASS
9739-right,Q4 B5 R4,right,PASS
9740-left,Q4 B5 Q5,left,PASS
9741-left,Q4 B5 B5,left,PASS
9742-left,Q4 B5 L5,left,PASS
9743-left,Q4 B5 R5,left,PASS
9744-left,Q4 L5 Q0,left,PASS
9745-left,Q4 L5 B0,left,PASS
9746-left,Q4 L5 L0,left,PASS
9747-left,Q4 L5 R0,left,PASS
9748-left,Q4 L5 Q1,left,PASS
9748-right,Q4 L5 Q1,right,PASS
9749-left,Q4 L5 B1,left,PASS
9749-right,Q4 L5 B1,right,PASS
9750-left,Q4 L5 L1,left,PASS
9751-left,Q4 L5 R1,left,PASS
9751-right,Q4 L5 R1,right,PASS
9752-left,Q4 L5 Q2,left,PASS
9752-right,Q4 L5 Q2,right,PASS
9753-left,Q4 L5 B2,left,PASS
9753-right,Q4 L5 B2,right,PASS
9754-left,Q4 L5 L2,left,PASS
9755-left,Q4 L5 R2,left,PASS
9755-right,Q4 L5 R2,right,PASS
9756-left,Q4 L5 Q3,left,PASS
9756-right,Q4 L5 Q3,right,PASS
9757-left,Q4 L5 B3,left,PASS
9757-right,Q4 L5 B3,right,PASS
9758-left,Q4 L5 L3,left,PASS
9759-left,Q4 L5 R3,left,PASS
9759-right,Q4 L5 R3,right,PASS
9760-left,Q4 L5 Q4,left,PASS
9760-right,Q4 L5 Q4,right,PASS
9761-left,Q4 L5 B4,left,PASS
9761-right,Q4 L5 B4,right,PASS
9762-left,Q4 L5 L4,left,PASS
9763-left,Q4 L5 R4,left,PASS
9763-right,Q4 L5 R4,right,PASS
9764-left,Q4 L5 Q5,left,PASS
9765-left,Q4 L5 B5,left,PASS
9766-left,Q4 L5 L5,left,PASS
9767-left,Q4 L5 R5,left,PASS
9767-right,Q4 L5 R5,right,PASS
9768-left,Q4 R5 Q0,left,PASS
9768-right,Q4 R5 Q0,right,PASS
9769-left,Q4 R5 B0,left,PASS
9769-right,Q4 R5 B0,right,PASS
9770-left,Q4 R5 L0,left,PASS
9770-right,Q4 R5 L0,right,PASS
9771-left,Q4 R5 R0,left,PASS
9771-right,Q4 R5 R0,right,PASS
9772-left,Q4 R5 Q1,left,PASS
9772-right,Q4 R5 Q1,right,PASS
9773-left,Q4 R5 B1,left,PASS
9773-right,Q4 R5 B1,right,PASS
9774-left,Q4 R5 L1,left,PASS
9774-right,Q4 R5 L1,right,PASS
9775-left,Q4 R5 R1,left,PASS
9775-right,Q4 R5 R1,right,PASS
9776-left,Q4 R5 Q2,left,PASS
9776-right,Q4 R5 Q2,right,PASS
9777-left,Q4 R5 B2,left,PASS
9777-right,Q4 R5 B2,right,PASS
9778-left,Q4 R5 L2,left,PASS
9778-right,Q4 R5 L2,right,PASS
9779-left,Q4 R5 R2,left,PASS
9779-right,Q4 R5 R2,right,PASS
9780-left,Q4 R5 Q3,left,PASS
9780-right,Q4 R5 Q3,right,PASS
9781-left,Q4 R5 B3,left,PASS
9781-right,Q4 R5 B3,right,PASS
9782-left,Q4 R5 L3,left,PASS
9782-right,Q4 R5 L3,right,PASS
9783-left,Q4 R5 R3,left,PASS
9783-right,Q4 R5 R3,right,PASS
9784-left,Q4 R5 Q4,left,PASS
9784-right,Q4 R5 Q4,right,PASS
9785-left,Q4 R5 B4,left,PASS
9785-right,Q4 R5 B4,right,PASS
9786-left,Q4 R5 L4,left,PASS
9787-left,Q4 R5 R4,left,PASS
9787-right,Q4 R5 R4,right,PASS
9788-left,Q4 R5 Q5,left,PASS
9789-left,Q4 R5 B5,left,PASS
9790-left,Q4 R5 L5,left,PASS
9790-right,Q4 R5 L5,right,PASS
9791-left,Q4 R5 R5,left,PASS
9791-right,Q4 R5 R5,right,PASS
9792-left,B4 Q0 Q0,left,PASS
9793-left,B4 Q0 B0,left,PASS
9794-left,B4 Q0 L0,left,PASS
9795-left,B4 Q0 R0,left,PASS
9796-left,B4 Q0 Q1,left,PASS
9796-right,B4 Q0 Q1,right,PASS
9797-left,B4 Q0 B1,left,PASS
9797-right,B4 Q0 B1,right,PASS
9798-left,B4 Q0 L1,left,PASS
9798-right,B4 Q0 L1,right,PASS
9799-left,B4 Q0 R1,left,PASS
9799-right,B4 Q0 R1,right,PASS
9800-left,B4 Q0 Q2,left,PASS
9800-right,B4 Q0 Q2,right,PASS
9801-left,B4 Q0 B2,left,PASS
9801-right,B4 Q0 B2,right,PASS
9802-left,B4 Q0 L2,left,PASS
9802-right,B4 Q0 L2,right,PASS
9803-left,B4 Q0 R2,left,PASS
9803-right,B4 Q0 R2,right,PASS
9804-left,B4 Q0 Q3,left,PASS
9804-right,B4 Q0 Q3,right,PASS
9805-left,B4 Q0 B3,left,PASS
9805-right,B4 Q0 B3,right,PASS
9806-left,B4 Q0 L3,left,PASS
9806-right,B4 Q0 L3,right,PASS
9807-left,B4 Q0 R3,left,PASS
9807-right,B4 Q0 R3,right,PASS
9808-left,B4 Q0 Q4,left,PASS
9808-right,B4 Q0 Q4,right,PASS
9809-left,B4 Q0 B4,left,PASS
9809-right,B4 Q0 B4,right,PASS
9810-left,B4 Q0 L4,left,PASS
9810-right,B4 Q0 L4,right,PASS
9811-left,B4 Q0 R4,left,PASS
9811-right,B4 Q0 R4,right,PASS
9812-left,B4 Q0 Q5,left,PASS
9812-right,B4 Q0 Q5,right,PASS
9813-left,B4 Q0 B5,left,PASS
9813-right,B4 Q0 B5,right,PASS
9814-left,B4 Q0 L5,left,PASS
9815-left,B4 Q0 R5,left,PASS
9815-right,B4 Q0 R5,right,PASS
9816-left,B4 B0 Q0,left,PASS
9817-left,B4 B0 B0,left,PASS
9818-left,B4 B0 L0,left,PASS
9819-left,B4 B0 R0,left,PASS
9820-left,B4 B0 Q1,left,PASS
9820-right,B4 B0 Q1,right,PASS
9821-left,B4 B0 B1,left,PASS
9821-right,B4 B0 B1,right,PASS
9822-left,B4 B0 L1,left,PASS
9822-right,B4 B0 L1,right,PASS
9823-left,B4 B0 R1,left,PASS
9823-right,B4 B0 R1,right,PASS
9824-left,B4 B0 Q2,left,PASS
9824-right,B4 B0 Q2,right,PASS
9825-left,B4 B0 B2,left,PASS
9825-right,B4 B0 B2,right,PASS
9826-left,B4 B0 L2,left,PASS
9826-right,B4 B0 L2,right,PASS
9827-left,B4 B0 R2,left,PASS
9827-right,B4 B0 R2,right,PASS
9828-left,B4 B0 Q3,left,PASS
9828-right,B4 B0 Q3,right,PASS
9829-left,B4 B0 B3,left,PASS
9829-right,B4 B0 B3,right,PASS
9830-left,B4 B0 L3,left,PASS
9830-right,B4 B0 L3,right,PASS
9831-left,B4 B0 R3,left,PASS
9831-right,B4 B0 R3,right,PASS
9832-left,B4 B0 Q4,left,PASS
9832-right,B4 B0 Q4,right,PASS
9833-left,B4 B0 B4,left,PASS
9833-right,B4 B0 B4,right,PASS
9834-left,B4 B0 L4,left,PASS
9834-right,B4 B0 L4,right,PASS
9835-left,B4 B0 R4,left,PASS
9835-right,B4 B0 R4,right,PASS
9836-left,B4 B0 Q5,left,PASS
9836-right,B4 B0 Q5,right,PASS
9837-left,B4 B0 B5,left,PASS
9837-right,B4 B0 B5,right,PASS
9838-left,B4 B0 L5,left,PASS
9839-left,B4 B0 R5,left,PASS
9839-right,B4 B0 R5,right,PASS
9840-left,B4 L0 Q0,left,PASS
9841-left,B4 L0 B0,left,PASS
9842-left,B4 L0 L0,left,PASS
9843-left,B4 L0 R0,left,PASS
9843-right,B4 L0 R0,right,PASS
9844-left,B4 L0 Q1,left,PASS
9845-left,B4 L0 B1,left,PASS
9846-left,B4 L0 L1,left,PASS
9847-left,B4 L0 R1,left,PASS
9848-left,B4 L0 Q2,left,PASS
9848-right,B4 L0 Q2,right,PASS
9849-left,B4 L0 B2,left,PASS
9849-right,B4 L0 B2,right,PASS
9850-left,B4 L0 L2,left,PASS
9851-left,B4 L0 R2,left,PASS
9851-right,B4 L0 R2,right,PASS
9852-left,B4 L0 Q3,left,PASS
9852-right,B4 L0 Q3,right,PASS
9853-left,B4 L0 B3,left,PASS
9853-right,B4 L0 B3,right,PASS
9854-left,B4 L0 L3,left,PASS
9855-left,B4 L0 R3,left,PASS
9855-right,B4 L0 R3,right,PASS
9856-left,B4 L0 Q4,left,PASS
9856-right,B4 L0 Q4,right,PASS
9857-left,B4 L0 B4,left,PASS
9857-right,B4 L0 B4,right,PASS
9858-left,B4 L0 L4,left,PASS
9859-left,B4 L0 R4,left,PASS
9859-right,B4 L0 R4,right,PASS
9860-left,B4 L0 Q5,left,PASS
9860-right,B4 L0 Q5,right,PASS
9861-left,B4 L0 B5,left,PASS
9861-right,B4 L0 B5,right,PASS
9862-left,B4 L0 L5,left,PASS
9863-left,B4 L0 R5,left,PASS
9863-right,B4 L0 R5,right,PASS
9864-left,B4 R0 Q0,left,PASS
9865-left,B4 R0 B0,left,PASS
9866-left,B4 R0 L0,left,PASS
9866-right,B4 R0 L0,right,PASS
9867-left,B4 R0 R0,left,PASS
9867-right,B4 R0 R0,right,PASS
9868-left,B4 R0 Q1,left,PASS
9868-right,B4 R0 Q1,right,PASS
9869-left,B4 R0 B1,left,PASS
9869-right,B4 R0 B1,right,PASS
9870-left,B4 R0 L1,left,PASS
9870-right,B4 R0 L1,right,PASS
9871-left,B4 R0 R1,left,PASS
9871-right,B4 R0 R1,right,PASS
9872-left,B4 R0 Q2,left,PASS
9872-right,B4 R0 Q2,right,PASS
9873-left,B4 R0 B2,left,PASS
9873-right,B4 R0 B2,right,PASS
9874-left,B4 R0 L2,left,PASS
9874-right,B4 R0 L2,right,PASS
9875-left,B4 R0 R2,left,PASS
9875-right,B4 R0 R2,right,PASS
9876-left,B4 R0 Q3,left,PASS
9876-right,B4 R0 Q3,right,PASS
9877-left,B4 R0 B3,left,PASS
9877-right,B4 R0 B3,right,PASS
9878-left,B4 R0 L3,left,PASS
9878-right,B4 R0 L3,right,PASS
9879-left,B4 R0 R3,left,PASS
9879-right,B4 R0 R3,right,PASS
9880-left,B4 R0 Q4,left,PASS
9880-right,B4 R0 Q4,right,PASS
9881-left,B4 R0 B4,left,PASS
9881-right,B4 R0 B4,right,PASS
9882-left,B4 R0 L4,left,PASS
9882-right,B4 R0 L4,right,PASS
9883-left,B4 R0 R4,left,PASS
9883-right,B4 R0 R4,right,PASS
9884-left,B4 R0 Q5,left,PASS
9884-right,B4 R0 Q5,right,PASS
9885-left,B4 R0 B5,left,PASS
9885-right,B4 R0 B5,right,PASS
9886-left,B4 R0 L5,left,PASS
9887-left,B4 R0 R5,left,PASS
9887-right,B4 R0 R5,right,PASS
9888-left,B4 Q1 Q0,left,PASS
9888-right,B4 Q1 Q0,right,PASS
9889-left,B4 Q1 B0,left,PASS
9889-right,B4 Q1 B0,right,PASS
9890-left,B4 Q1 L0,left,PASS
9891-left,B4 Q1 R0,left,PASS
9891-right,B4 Q1 R0,right,PASS
9892-left,B4 Q1 Q1,left,PASS
9893-left,B4 Q1 B1,left,PASS
9894-left,B4 Q1 L1,left,PASS
9895-left,B4 Q1 R1,left,PASS
9896-left,B4 Q1 Q2,left,PASS
9896-right,B4 Q1 Q2,right,PASS
9897-left,B4 Q1 B2,left,PASS
9897-right,B4 Q1 B2,right,PASS
9898-left,B4 Q1 L2,left,PASS
9898-right,B4 Q1 L2,right,PASS
9899-left,B4 Q1 R2,left,PASS
9899-right,B4 Q1 R2,right,PASS
9900-left,B4 Q1 Q3,left,PASS
9900-right,B4 Q1 Q3,right,PASS
9901-left,B4 Q1 B3,left,PASS
9901-right,B4 Q1 B3,right,PASS
9902-left,B4 Q1 L3,left,PASS
9902-right,B4 Q1 L3,right,PASS
9903-left,B4 Q1 R3,left,PASS
9903-right,B4 Q1 R3,right,PASS
9904-left,B4 Q1 Q4,left,PASS
9904-right,B4 Q1 Q4,right,PASS
9905-left,B4 Q1 B4,left,PASS
9905-right,B4 Q1 B4,right,PASS
9906-left,B4 Q1 L4,left,PASS
9906-right,B4 Q1 L4,right,PASS
9907-left,B4 Q1 R4,left,PASS
9907-right,B4 Q1 R4,right,PASS
9908-left,B4 Q1 Q5,left,PASS
9908-right,B4 Q1 Q5,right,PASS
9909-left,B4 Q1 B5,left,PASS
9909-right,B4 Q1 B5,right,PASS
9910-left,B4 Q1 L5,left,PASS
9910-right,B4 Q1 L5,right,PASS
9911-left,B4 Q1 R5,left,PASS
9911-right,B4 Q1 R5,right,PASS
9912-left,B4 B1 Q0,left,PASS
9912-right,B4 B1 Q0,right,PASS
9913-left,B4 B1 B0,left,PASS
9913-right,B4 B1 B0,right,PASS
9914-left,B4 B1 L0,left,PASS
9915-left,B4 B1 R0,left,PASS
9915-right,B4 B1 R0,right,PASS
9916-left,B4 B1 Q1,left,PASS
9917-left,B4 B1 B1,left,PASS
9918-left,B4 B1 L1,left,PASS
9919-left,B4 B1 R1,left,PASS
9920-left,B4 B1 Q2,left,PASS
9920-right,B4 B1 Q2,right,PASS
9921-left,B4 B1 B2,left,PASS
9921-right,B4 B1 B2,right,PASS
9922-left,B4 B1 L2,left,PASS
9922-right,B4 B1 L2,right,PASS
9923-left,B4 B1 R2,left,PASS
9923-right,B4 B1 R2,right,PASS
9924-left,B4 B1 Q3,left,PASS
9924-right,B4 B1 Q3,right,PASS
9925-left,B4 B1 B3,left,PASS
9925-right,B4 B1 B3,right,PASS
9926-left,B4 B1 L3,left,PASS
9926-right,B4 B1 L3,right,PASS
9927-left,B4 B1 R3,left,PASS
9927-right,B4 B1 R3,right,PASS
9928-left,B4 B1 Q4,left,PASS
9928-right,B4 B1 Q4,right,PASS
9929-left,B4 B1 B4,left,PASS
9929-right,B4 B1 B4,right,PASS
9930-left,B4 B1 L4,left,PASS
9930-right,B4 B1 L4,right,PASS
9931-left,B4 B1 R4,left,PASS
9931-right,B4 B1 R4,right,PASS
9932-left,B4 B1 Q5,left,PASS
9932-right,B4 B1 Q5,right,PASS
9933-left,B4 B1 B5,left,PASS
9933-right,B4 B1 B5,right,PASS
9934-left,B4 B1 L5,left,PASS
9934-right,B4 B1 L5,right,PASS
9935-left,B4 B1 R5,left,PASS
9935-right,B4 B1 R5,right,PASS
9936-left,B4 L1 Q0,left,PASS
9936-right,B4 L1 Q0,right,PASS
9937-left,B4 L1 B0,left,PASS
9937-right,B4 L1 B0,right,PASS
9938-left,B4 L1 L0,left,PASS
9939-left,B4 L1 R0,left,PASS
9939-right,B4 L1 R0,right,PASS
9940-left,B4 L1 Q1,left,PASS
9941-left,B4 L1 B1,left,PASS
9942-left,B4 L1 L1,left,PASS
9943-left,B4 L1 R1,left,PASS
9943-right,B4 L1 R1,right,PASS
9944-left,B4 L1 Q2,left,PASS
9945-left,B4 L1 B2,left,PASS
9946-left,B4 L1 L2,left,PASS
9947-left,B4 L1 R2,left,PASS
9948-left,B4 L1 Q3,left,PASS
9948-right,B4 L1 Q3,right,PASS
9949-left,B4 L1 B3,left,PASS
9949-right,B4 L1 B3,right,PASS
9950-left,B4 L1 L3,left,PASS
9951-left,B4 L1 R3,left,PASS
9951-right,B4 L1 R3,right,PASS
9952-left,B4 L1 Q4,left,PASS
9952-right,B4 L1 Q4,right,PASS
9953-left,B4 L1 B4,left,PASS
9953-right,B4 L1 B4,right,PASS
9954-left,B4 L1 L4,left,PASS
9955-left,B4 L1 R4,left,PASS
9955-right,B4 L1 R4,right,PASS
9956-left,B4 L1 Q5,left,PASS
9956-right,B4 L1 Q5,right,PASS
9957-left,B4 L1 B5,left,PASS
9957-right,B4 L1 B5,right,PASS
9958-left,B4 L1 L5,left,PASS
9959-left,B4 L1 R5,left,PASS
9959-right,B4 L1 R5,right,PASS
9960-left,B4 R1 Q0,left,PASS
9960-right,B4 R1 Q0,right,PASS
9961-left,B4 R1 B0,left,PASS
9961-right,B4 R1 B0,right,PASS
9962-left,B4 R1 L0,left,PASS
9963-left,B4 R1 R0,left,PASS
9963-right,B4 R1 R0,right,PASS
9964-left,B4 R1 Q1,left,PASS
9965-left,B4 R1 B1,left,PASS
9966-left,B4 R1 L1,left,PASS
9966-right,B4 R1 L1,right,PASS
9967-left,B4 R1 R1,left,PASS
9967-right,B4 R1 R1,right,PASS
9968-left,B4 R1 Q2,left,PASS
9968-right,B4 R1 Q2,right,PASS
9969-left,B4 R1 B2,left,PASS
9969-right,B4 R1 B2,right,PASS
9970-left,B4 R1 L2,left,PASS
9970-right,B4 R1 L2,right,PASS
9971-left,B4 R1 R2,left,PASS
9971-right,B4 R1 R2,right,PASS
9972-left,B4 R1 Q3,left,PASS
9972-right,B4 R1 Q3,right,PASS
9973-left,B4 R1 B3,left,PASS
9973-right,B4 R1 B3,right,PASS
9974-left,B4 R1 L3,left,PASS
9974-right,B4 R1 L3,right,PASS
9975-left,B4 R1 R3,left,PASS
9975-right,B4 R1 R3,right,PASS
9976-left,B4 R1 Q4,left,PASS
9976-right,B4 R1 Q4,right,PASS
9977-left,B4 R1 B4,left,PASS
9977-right,B4 R1 B4,right,PASS
9978-left,B4 R1 L4,left,PASS
9978-right,B4 R1 L4,right,PASS
9979-left,B4 R1 R4,left,PASS
9979-right,B4 R1 R4,right,PASS
9980-left,B4 R1 Q5,left,PASS
9980-right,B4 R1 Q5,right,PASS
9981-left,B4 R1 B5,left,PASS
9981-right,B4 R1 B5,right,PASS
9982-left,B4 R1 L5,left,PASS
9982-right,B4 R1 L5,right,PASS
9983-left,B4 R1 R5,left,PASS
9983-right,B4 R1 R5,right,PASS
9984-left,B4 Q2 Q0,left,PASS
9984-right,B4 Q2 Q0,right,PASS
9985-left,B4 Q2 B0,left,PASS
9985-right,B4 Q2 B0,right,PASS
9986-left,B4 Q2 L0,left,PASS
9986-right,B4 Q2 L0,right,PASS
9987-left,B4 Q2 R0,left,PASS
9987-right,B4 Q2 R0,right,PASS
9988-left,B4 Q2 Q1,left,PASS
9988-right,B4 Q2 Q1,right,PASS
9989-left,B4 Q2 B1,left,PASS
9989-right,B4 Q2 B1,right,PASS
9990-left,B4 Q2 L1,left,PASS
9991-left,B4 Q2 R1,left,PASS
9991-right,B4 Q2 R1,right,PASS
9992-left,B4 Q2 Q2,left,PASS
9993-left,B4 Q2 B2,left,PASS
9994-left,B4 Q2 L2,left,PASS
9995-left,B4 Q2 R2,left,PASS
9996-left,B4 Q2 Q3,left,PASS
9996-right,B4 Q2 Q3,right,PASS
9997-left,B4 Q2 B3,left,PASS
9997-right,B4 Q2 B3,right,PASS
9998-left,B4 Q2 L3,left,PASS
9998-right,B4 Q2 L3,right,PASS
9999-left,B4 Q2 R3,left,PASS
9999-right,B4 Q2 R3,right,PASS
10000-left,B4 Q2 Q4,left,PASS
10000-right,B4 Q2 Q4,right,PASS
10001-left,B4 Q2 B4,left,PASS
10001-right,B4 Q2 B4,right,PASS
10002-left,B4 Q2 L4,left,PASS
10002-right,B4 Q2 L4,right,PASS
10003-left,B4 Q2 R4,left,PASS
10003-right,B4 Q2 R4,right,PASS
10004-left,B4 Q2 Q5,left,PASS
10004-right,B4 Q2 Q5,right,PASS
10005-left,B4 Q2 B5,left,PASS
10005-right,B4 Q2 B5,right,PASS
10006-left,B4 Q2 L5,left,PASS
10006-right,B4 Q2 L5,right,PASS
10007-left,B4 Q2 R5,left,PASS
10007-right,B4 Q2 R5,right,PASS
10008-left,B4 B2 Q0,left,PASS
10008-right,B4 B2 Q0,right,PASS
10009-left,B4 B2 B0,left,PASS
10009-right,B4 B2 B0,right,PASS
10010-left,B4 B2 L0,left,PASS
10010-right,B4 B2 L0,right,PASS
10011-left,B4 B2 R0,left,PASS
10011-right,B4 B2 R0,right,PASS
10012-left,B4 B2 Q1,left,PASS
10012-right,B4 B2 Q1,right,PASS
10013-left,B4 B2 B1,left,PASS
10013-right,B4 B2 B1,right,PASS
10014-left,B4 B2 L1,left,PASS
10015-left,B4 B2 R1,left,PASS
10015-right,B4 B2 R1,right,PASS
10016-left,B4 B2 Q2,left,PASS
10017-left,B4 B2 B2,left,PASS
10018-left,B4 B2 L2,left,PASS
10019-left,B4 B2 R2,left,PASS
10020-left,B4 B2 Q3,left,PASS
10020-right,B4 B2 Q3,right,PASS
10021-left,B4 B2 B3,left,PASS
10021-right,B4 B2 B3,right,PASS
10022-left,B4 B2 L3,left,PASS
10022-right,B4 B2 L3,right,PASS
10023-left,B4 B2 R3,left,PASS
10023-right,B4 B2 R3,right,PASS
10024-left,B4 B2 Q4,left,PASS
10024-right,B4 B2 Q4,right,PASS
10025-left,B4 B2 B4,left,PASS
10025-right,B4 B2 B4,right,PASS
10026-left,B4 B2 L4,left,PASS
10026-right,B4 B2 L4,right,PASS
10027-left,B4 B2 R4,left,PASS
10027-right,B4 B2 R4,right,PASS
10028-left,B4 B2 Q5,left,PASS
10028-right,B4 B2 Q5,right,PASS
10029-left,B4 B2 B5,left,PASS
10029-right,B4 B2 B5,right,PASS
10030-left,B4 B2 L5,left,PASS
10030-right,B4 B2 L5,right,PASS
10031-left,B4 B2 R5,left,PASS
10031-right,B4 B2 R5,right,PASS
10032-left,B4 L2 Q0,left,PASS
10032-right,B4 L2 Q0,right,PASS
10033-left,B4 L2 B0,left,PASS
10033-right,B4 L2 B0,right,PASS
10034-left,B4 L2 L0,left,PASS
10035-left,B4 L2 R0,left,PASS
10035-right,B4 L2 R0,right,PASS
10036-left,B4 L2 Q1,left,PASS
10036-right,B4 L2 Q1,right,PASS
10037-left,B4 L2 B1,left,PASS
10037-right,B4 L2 B1,right,PASS
10038-left,B4 L2 L1,left,PASS
10039-left,B4 L2 R1,left,PASS
10039-right,B4 L2 R1,right,PASS
10040-left,B4 L2 Q2,left,PASS
10041-left,B4 L2 B2,left,PASS
10042-left,B4 L2 L2,left,PASS
10043-left,B4 L2 R2,left,PASS
10043-right,B4 L2 R2,right,PASS
10044-left,B4 L2 Q3,left,PASS
10045-left,B4 L2 B3,left,PASS
10046-left,B4 L2 L3,left,PASS
10047-left,B4 L2 R3,left,PASS
10048-left,B4 L2 Q4,left,PASS
10048-right,B4 L2 Q4,right,PASS
10049-left,B4 L2 B4,left,PASS
10049-right,B4 L2 B4,right,PASS
10050-left,B4 L2 L4,left,PASS
10051-left,B4 L2 R4,left,PASS
10051-right,B4 L2 R4,right,PASS
10052-left,B4 L2 Q5,left,PASS
10052-right,B4 L2 Q5,right,PASS
10053-left,B4 L2 B5,left,PASS
10053-right,B4 L2 B5,right,PASS
10054-left,B4 L2 L5,left,PASS
10055-left,B4 L2 R5,left,PASS
10055-right,B4 L2 R5,right,PASS
10056-left,B4 R2 Q0,left,PASS
10056-right,B4 R2 Q0,right,PASS
10057-left,B4 R2 B0,left,PASS
10057-right,B4 R2 B0,right,PASS
10058-left,B4 R2 L0,left,PASS
10058-right,B4 R2 L0,right,PASS
10059-left,B4 R2 R0,left,PASS
10059-right,B4 R2 R0,right,PASS
10060-left,B4 R2 Q1,left,PASS
10060-right,B4 R2 Q1,right,PASS
10061-left,B4 R2 B1,left,PASS
10061-right,B4 R2 B1,right,PASS
10062-left,B4 R2 L1,left,PASS
10063-left,B4 R2 R1,left,PASS
10063-right,B4 R2 R1,right,PASS
10064-left,B4 R2 Q2,left,PASS
10065-left,B4 R2 B2,left,PASS
10066-left,B4 R2 L2,left,PASS
10066-right,B4 R2 L2,right,PASS
10067-left,B4 R2 R2,left,PASS
10067-right,B4 R2 R2,right,PASS
10068-left,B4 R2 Q3,left,PASS
10068-right,B4 R2 Q3,right,PASS
10069-left,B4 R2 B3,left,PASS
10069-right,B4 R2 B3,right,PASS
10070-left,B4 R2 L3,left,PASS
10070-right,B4 R2 L3,right,PASS
10071-left,B4 R2 R3,left,PASS
10071-right,B4 R2 R3,right,PASS
10072-left,B4 R2 Q4,left,PASS
10072-right,B4 R2 Q4,right,PASS
10073-left,B4 R2 B4,left,PASS
10073-right,B4 R2 B4,right,PASS
10074-left,B4 R2 L4,left,PASS
10074-right,B4 R2 L4,right,PASS
10075-left,B4 R2 R4,left,PASS
10075-right,B4 R2 R4,right,PASS
10076-left,B4 R2 Q5,left,PASS
10076-right,B4 R2 Q5,right,PASS
10077-left,B4 R2 B5,left,PASS
10077-right,B4 R2 B5,right,PASS
10078-left,B4 R2 L5,left,PASS
10078-right,B4 R2 L5,right,PASS
10079-left,B4 R2 R5,left,PASS
10079-right,B4 R2 R5,right,PASS
10080-left,B4 Q3 Q0,left,PASS
10080-right,B4 Q3 Q0,right,PASS
10081-left,B4 Q3 B0,left,PASS
10081-right,B4 Q3 B0,right,PASS
10082-left,B4 Q3 L0,left,PASS
10082-right,B4 Q3 L0,right,PASS
10083-left,B4 Q3 R0,left,PASS
10083-right,B4 Q3 R0,right,PASS
10084-left,B4 Q3 Q1,left,PASS
10084-right,B4 Q3 Q1,right,PASS
10085-left,B4 Q3 B1,left,PASS
10085-right,B4 Q3 B1,right,PASS
10086-left,B4 Q3 L1,left,PASS
10086-right,B4 Q3 L1,right,PASS
10087-left,B4 Q3 R1,left,PASS
10087-right,B4 Q3 R1,right,PASS
10088-left,B4 Q3 Q2,left,PASS
10088-right,B4 Q3 Q2,right,PASS
10089-left,B4 Q3 B2,left,PASS
10089-right,B4 Q3 B2,right,PASS
10090-left,B4 Q3 L2,left,PASS
10091-left,B4 Q3 R2,left,PASS
10091-right,B4 Q3 R2,right,PASS
10092-left,B4 Q3 Q3,left,PASS
10093-left,B4 Q3 B3,left,PASS
10094-left,B4 Q3 L3,left,PASS
10095-left,B4 Q3 R3,left,PASS
10096-left,B4 Q3 Q4,left,PASS
10096-right,B4 Q3 Q4,right,PASS
10097-left,B4 Q3 B4,left,PASS
10097-right,B4 Q3 B4,right,PASS
10098-left,B4 Q3 L4,left,PASS
10098-right,B4 Q3 L4,right,PASS
10099-left,B4 Q3 R4,left,PASS
10099-right,B4 Q3 R4,right,PASS
10100-left,B4 Q3 Q5,left,PASS
10100-right,B4 Q3 Q5,right,PASS
10101-left,B4 Q3 B5,left,PASS
10101-right,B4 Q3 B5,right,PASS
10102-left,B4 Q3 L5,left,PASS
10102-right,B4 Q3 L5,right,PASS
10103-left,B4 Q3 R5,left,PASS
10103-right,B4 Q3 R5,right,PASS
10104-left,B4 B3 Q0,left,PASS
10104-right,B4 B3 Q0,right,PASS
10105-left,B4 B3 B0,left,PASS
10105-right,B4 B3 B0,right,PASS
10106-left,B4 B3 L0,left,PASS
10106-right,B4 B3 L0,right,PASS
10107-left,B4 B3 R0,left,PASS
10107-right,B4 B3 R0,right,PASS
10108-left,B4 B3 Q1,left,PASS
10108-right,B4 B3 Q1,right,PASS
10109-left,B4 B3 B1,left,PASS
10109-right,B4 B3 B1,right,PASS
10110-left,B4 B3 L1,left,PASS
10110-right,B4 B3 L1,right,PASS
10111-left,B4 B3 R1,left,PASS
10111-right,B4 B3 R1,right,PASS
10112-left,B4 B3 Q2,left,PASS
10112-right,B4 B3 Q2,right,PASS
10113-left,B4 B3 B2,left,PASS
10113-right,B4 B3 B2,right,PASS
10114-left,B4 B3 L2,left,PASS
10115-left,B4 B3 R2,left,PASS
10115-right,B4 B3 R2,right,PASS
10116-left,B4 B3 Q3,left,PASS
10117-left,B4 B3 B3,left,PASS
10118-left,B4 B3 L3,left,PASS
10119-left,B4 B3 R3,left,PASS
10120-left,B4 B3 Q4,left,PASS
10120-right,B4 B3 Q4,right,PASS
10121-left,B4 B3 B4,left,PASS
10121-right,B4 B3 B4,right,PASS
10122-left,B4 B3 L4,left,PASS
10122-right,B4 B3 L4,right,PASS
10123-left,B4 B3 R4,left,PASS
10123-right,B4 B3 R4,right,PASS
10124-left,B4 B3 Q5,left,PASS
10124-right,B4 B3 Q5,right,PASS
10125-left,B4 B3 B5,left,PASS
10125-right,B4 B3 B5,right,PASS
10126-left,B4 B3 L5,left,PASS
10126-right,B4 B3 L5,right,PASS
10127-left,B4 B3 R5,left,PASS
10127-right,B4 B3 R5,right,PASS
10128-right,B4 L3 Q0,right,PASS
10129-right,B4 L3 B0,right,PASS
10131-right,B4 L3 R0,right,PASS
10132-right,B4 L3 Q1,right,PASS
10133-right,B4 L3 B1,right,PASS
10135-right,B4 L3 R1,right,PASS
10136-right,B4 L3 Q2,right,PASS
10137-right,B4 L3 B2,right,PASS
10139-right,B4 L3 R2,right,PASS
10143-right,B4 L3 R3,right,PASS
10148-right,B4 L3 Q5,right,PASS
10149-right,B4 L3 B5,right,PASS
10151-right,B4 L3 R5,right,PASS
10152-left,B4 R3 Q0,left,PASS
10152-right,B4 R3 Q0,right,PASS
10153-left,B4 R3 B0,left,PASS
10153-right,B4 R3 B0,right,PASS
10154-left,B4 R3 L0,left,PASS
10154-right,B4 R3 L0,right,PASS
10155-left,B4 R3 R0,left,PASS
10155-right,B4 R3 R0,right,PASS
10156-left,B4 R3 Q1,left,PASS
10156-right,B4 R3 Q1,right,PASS
10157-left,B4 R3 B1,left,PASS
10157-right,B4 R3 B1,right,PASS
10158-left,B4 R3 L1,left,PASS
10158-right,B4 R3 L1,right,PASS
10159-left,B4 R3 R1,left,PASS
10159-right,B4 R3 R1,right,PASS
10160-left,B4 R3 Q2,left,PASS
10160-right,B4 R3 Q2,right,PASS
10161-left,B4 R3 B2,left,PASS
10161-right,B4 R3 B2,right,PASS
10162-left,B4 R3 L2,left,PASS
10163-left,B4 R3 R2,left,PASS
10163-right,B4 R3 R2,right,PASS
10164-left,B4 R3 Q3,left,PASS
10165-left,B4 R3 B3,left,PASS
10166-left,B4 R3 L3,left,PASS
10166-right,B4 R3 L3,right,PASS
10167-left,B4 R3 R3,left,PASS
10167-right,B4 R3 R3,right,PASS
10168-left,B4 R3 Q4,left,PASS
10168-right,B4 R3 Q4,right,PASS
10169-left,B4 R3 B4,left,PASS
10169-right,B4 R3 B4,right,PASS
10170-left,B4 R3 L4,left,PASS
10170-right,B4 R3 L4,right,PASS
10171-left,B4 R3 R4,left,PASS
10171-right,B4 R3 R4,right,PASS
10172-left,B4 R3 Q5,left,PASS
10172-right,B4 R3 Q5,right,PASS
10173-left,B4 R3 B5,left,PASS
10173-right,B4 R3 B5,right,PASS
10174-left,B4 R3 L5,left,PASS
10174-right,B4 R3 L5,right,PASS
10175-left,B4 R3 R5,left,PASS
10175-right,B4 R3 R5,right,PASS
10176-right,B4 Q4 Q0,right,PASS
10177-right,B4 Q4 B0,right,PASS
10178-right,B4 Q4 L0,right,PASS
10179-right,B4 Q4 R0,right,PASS
10180-right,B4 Q4 Q1,right,PASS
10181-right,B4 Q4 B1,right,PASS
10182-right,B4 Q4 L1,right,PASS
10183-right,B4 Q4 R1,right,PASS
10184-right,B4 Q4 Q2,right,PASS
10185-right,B4 Q4 B2,right,PASS
10186-right,B4 Q4 L2,right,PASS
10187-right,B4 Q4 R2,right,PASS
10188-right,B4 Q4 Q3,right,PASS
10189-right,B4 Q4 B3,right,PASS
10191-right,B4 Q4 R3,right,PASS
10196-right,B4 Q4 Q5,right,PASS
10197-right,B4 Q4 B5,right,PASS
10198-right,B4 Q4 L5,right,PASS
10199-right,B4 Q4 R5,right,PASS
10200-right,B4 B4 Q0,right,PASS
10201-right,B4 B4 B0,right,PASS
10202-right,B4 B4 L0,right,PASS
10203-right,B4 B4 R0,right,PASS
10204-right,B4 B4 Q1,right,PASS
10205-right,B4 B4 B1,right,PASS
10206-right,B4 B4 L1,right,PASS
10207-right,B4 B4 R1,right,PASS
10208-right,B4 B4 Q2,right,PASS
10209-right,B4 B4 B2,right,PASS
10210-right,B4 B4 L2,right,PASS
10211-right,B4 B4 R2,right,PASS
10212-right,B4 B4 Q3,right,PASS
10213-right,B4 B4 B3,right,PASS
10215-right,B4 B4 R3,right,PASS
10220-right,B4 B4 Q5,right,PASS
10221-right,B4 B4 B5,right,PASS
10222-right,B4 B4 L5,right,PASS
10223-right,B4 B4 R5,right,PASS
10224-right,B4 L4 Q0,right,PASS
10225-right,B4 L4 B0,right,PASS
10227-right,B4 L4 R0,right,PASS
10228-right,B4 L4 Q1,right,PASS
10229-right,B4 L4 B1,right,PASS
10231-right,B4 L4 R1,right,PASS
10232-right,B4 L4 Q2,right,PASS
10233-right,B4 L4 B2,right,PASS
10235-right,B4 L4 R2,right,PASS
10236-right,B4 L4 Q3,right,PASS
10237-right,B4 L4 B3,right,PASS
10239-right,B4 L4 R3,right,PASS
10243-right,B4 L4 R4,right,PASS
10248-right,B4 R4 Q0,right,PASS
10249-right,B4 R4 B0,right,PASS
10250-right,B4 R4 L0,right,PASS
10251-right,B4 R4 R0,right,PASS
10252-right,B4 R4 Q1,right,PASS
10253-right,B4 R4 B1,right,PASS
10254-right,B4 R4 L1,right,PASS
10255-right,B4 R4 R1,right,PASS
10256-right,B4 R4 Q2,right,PASS
10257-right,B4 R4 B2,right,PASS
10258-right,B4 R4 L2,right,PASS
10259-right,B4 R4 R2,right,PASS
10260-right,B4 R4 Q3,right,PASS
10261-right,B4 R4 B3,right,PASS
10263-right,B4 R4 R3,right,PASS
10266-right,B4 R4 L4,right,PASS
10267-right,B4 R4 R4,right,PASS
10268-right,B4 R4 Q5,right,PASS
10269-right,B4 R4 B5,right,PASS
10270-right,B4 R4 L5,right,PASS
10271-right,B4 R4 R5,right,PASS
10272-left,B4 Q5 Q0,left,PASS
10272-right,B4 Q5 Q0,right,PASS
10273-left,B4 Q5 B0,left,PASS
10273-right,B4 Q5 B0,right,PASS
10274-left,B4 Q5 L0,left,PASS
10274-right,B4 Q5 L0,right,PASS
10275-left,B4 Q5 R0,left,PASS
10275-right,B4 Q5 R0,right,PASS
10276-left,B4 Q5 Q1,left,PASS
10276-right,B4 Q5 Q1,right,PASS
10277-left,B4 Q5 B1,left,PASS
10277-right,B4 Q5 B1,right,PASS
10278-left,B4 Q5 L1,left,PASS
10278-right,B4 Q5 L1,right,PASS
10279-left,B4 Q5 R1,left,PASS
10279-right,B4 Q5 R1,right,PASS
10280-left,B4 Q5 Q2,left,PASS
10280-right,B4 Q5 Q2,right,PASS
10281-left,B4 Q5 B2,left,PASS
10281-right,B4 Q5 B2,right,PASS
10282-left,B4 Q5 L2,left,PASS
10282-right,B4 Q5 L2,right,PASS
10283-left,B4 Q5 R2,left,PASS
10283-right,B4 Q5 R2,right,PASS
10284-left,B4 Q5 Q3,left,PASS
10284-right,B4 Q5 Q3,right,PASS
10285-left,B4 Q5 B3,left,PASS
10285-right,B4 Q5 B3,right,PASS
10286-left,B4 Q5 L3,left,PASS
10286-right,B4 Q5 L3,right,PASS
10287-left,B4 Q5 R3,left,PASS
10287-right,B4 Q5 R3,right,PASS
10288-left,B4 Q5 Q4,left,PASS
10288-right,B4 Q5 Q4,right,PASS
10289-left,B4 Q5 B4,left,PASS
10289-right,B4 Q5 B4,right,PASS
10290-left,B4 Q5 L4,left,PASS
10291-left,B4 Q5 R4,left,PASS
10291-right,B4 Q5 R4,right,PASS
10292-left,B4 Q5 Q5,left,PASS
10293-left,B4 Q5 B5,left,PASS
10294-left,B4 Q5 L5,left,PASS
10295-left,B4 Q5 R5,left,PASS
10296-left,B4 B5 Q0,left,PASS
10296-right,B4 B5 Q0,right,PASS
10297-left,B4 B5 B0,left,PASS
10297-right,B4 B5 B0,right,PASS
10298-left,B4 B5 L0,left,PASS
10298-right,B4 B5 L0,right,PASS
10299-left,B4 B5 R0,left,PASS
10299-right,B4 B5 R0,right,PASS
10300-left,B4 B5 Q1,left,PASS
10300-right,B4 B5 Q1,right,PASS
10301-left,B4 B5 B1,left,PASS
10301-right,B4 B5 B1,right,PASS
10302-left,B4 B5 L1,left,PASS
10302-right,B4 B5 L1,right,PASS
10303-left,B4 B5 R1,left,PASS
10303-right,B4 B5 R1,right,PASS
10304-left,B4 B5 Q2,left,PASS
10304-right,B4 B5 Q2,right,PASS
10305-left,B4 B5 B2,left,PASS
10305-right,B4 B5 B2,right,PASS
10306-left,B4 B5 L2,left,PASS
10306-right,B4 B5 L2,right,PASS
10307-left,B4 B5 R2,left,PASS
10307-right,B4 B5 R2,right,PASS
10308-left,B4 B5 Q3,left,PASS
10308-right,B4 B5 Q3,right,PASS
10309-left,B4 B5 B3,left,PASS
10309-right,B4 B5 B3,right,PASS
10310-left,B4 B5 L3,left,PASS
10310-right,B4 B5 L3,right,PASS
10311-left,B4 B5 R3,left,PASS
10311-right,B4 B5 R3,right,PASS
10312-left,B4 B5 Q4,left,PASS
10312-right,B4 B5 Q4,right,PASS
10313-left,B4 B5 B4,left,PASS
10313-right,B4 B5 B4,right,PASS
10314-left,B4 B5 L4,left,PASS
10315-left,B4 B5 R4,left,PASS
10315-right,B4 B5 R4,right,PASS
10316-left,B4 B5 Q5,left,PASS
10317-left,B4 B5 B5,left,PASS
10318-left,B4 B5 L5,left,PASS
10319-left,B4 B5 R5,left,PASS
10320-left,B4 L5 Q0,left,PASS
10321-left,B4 L5 B0,left,PASS
10322-left,B4 L5 L0,left,PASS
10323-left,B4 L5 R0,left,PASS
10324-left,B4 L5 Q1,left,PASS
10324-right,B4 L5 Q1,right,PASS
10325-left,B4 L5 B1,left,PASS
10325-right,B4 L5 B1,right,PASS
10326-left,B4 L5 L1,left,PASS
10327-left,B4 L5 R1,left,PASS
10327-right,B4 L5 R1,right,PASS
10328-left,B4 L5 Q2,left,PASS
10328-right,B4 L5 Q2,right,PASS
10329-left,B4 L5 B2,left,PASS
10329-right,B4 L5 B2,right,PASS
10330-left,B4 L5 L2,left,PASS
10331-left,B4 L5 R2,left,PASS
10331-right,B4 L5 R2,right,PASS
10332-left,B4 L5 Q3,left,PASS
10332-right,B4 L5 Q3,right,PASS
10333-left,B4 L5 B3,left,PASS
10333-right,B4 L5 B3,right,PASS
10334-left,B4 L5 L3,left,PASS
10335-left,B4 L5 R3,left,PASS
10335-right,B4 L5 R3,right,PASS
10336-left,B4 L5 Q4,left,PASS
10336-right,B4 L5 Q4,right,PASS
10337-left,B4 L5 B4,left,PASS
10337-right,B4 L5 B4,right,PASS
10338-left,B4 L5 L4,left,PASS
10339-left,B4 L5 R4,left,PASS
10339-right,B4 L5 R4,right,PASS
10340-left,B4 L5 Q5,left,PASS
10341-left,B4 L5 B5,left,PASS
10342-left,B4 L5 L5,left,PASS
10343-left,B4 L5 R5,left,PASS
10343-right,B4 L5 R5,right,PASS
10344-left,B4 R5 Q0,left,PASS
10344-right,B4 R5 Q0,right,PASS
10345-left,B4 R5 B0,left,PASS
10345-right,B4 R5 B0,right,PASS
10346-left,B4 R5 L0,left,PASS
10346-right,B4 R5 L0,right,PASS
10347-left,B4 R5 R0,left,PASS
10347-right,B4 R5 R0,right,PASS
10348-left,B4 R5 Q1,left,PASS
10348-right,B4 R5 Q1,right,PASS
10349-left,B4 R5 B1,left,PASS
10349-right,B4 R5 B1,right,PASS
10350-left,B4 R5 L1,left,PASS
10350-right,B4 R5 L1,right,PASS
10351-left,B4 R5 R1,left,PASS
10351-right,B4 R5 R1,right,PASS
10352-left,B4 R5 Q2,left,PASS
10352-right,B4 R5 Q2,right,PASS
10353-left,B4 R5 B2,left,PASS
10353-right,B4 R5 B2,right,PASS
10354-left,B4 R5 L2,left,PASS
10354-right,B4 R5 L2,right,PASS
10355-left,B4 R5 R2,left,PASS
10355-right,B4 R5 R2,right,PASS
10356-left,B4 R5 Q3,left,PASS
10356-right,B4 R5 Q3,right,PASS
10357-left,B4 R5 B3,left,PASS
10357-right,B4 R5 B3,right,PASS
10358-left,B4 R5 L3,left,PASS
10358-right,B4 R5 L3,right,PASS
10359-left,B4 R5 R3,left,PASS
10359-right,B4 R5 R3,right,PASS
10360-left,B4 R5 Q4,left,PASS
10360-right,B4 R5 Q4,right,PASS
10361-left,B4 R5 B4,left,PASS
10361-right,B4 R5 B4,right,PASS
10362-left,B4 R5 L4,left,PASS
10363-left,B4 R5 R4,left,PASS
10363-right,B4 R5 R4,right,PASS
10364-left,B4 R5 Q5,left,PASS
10365-left,B4 R5 B5,left,PASS
10366-left,B4 R5 L5,left,PASS
10366-right,B4 R5 L5,right,PASS
10367-left,B4 R5 R5,left,PASS
10367-right,B4 R5 R5,right,PASS
10368-left,L4 Q0 Q0,left,PASS
10369-left,L4 Q0 B0,left,PASS
10370-left,L4 Q0 L0,left,PASS
10371-left,L4 Q0 R0,left,PASS
10372-left,L4 Q0 Q1,left,PASS
10372-right,L4 Q0 Q1,right,PASS
10373-left,L4 Q0 B1,left,PASS
10373-right,L4 Q0 B1,right,PASS
10374-left,L4 Q0 L1,left,PASS
10374-right,L4 Q0 L1,right,PASS
10375-left,L4 Q0 R1,left,PASS
10375-right,L4 Q0 R1,right,PASS
10376-left,L4 Q0 Q2,left,PASS
10376-right,L4 Q0 Q2,right,PASS
10377-left,L4 Q0 B2,left,PASS
10377-right,L4 Q0 B2,right,PASS
10378-left,L4 Q0 L2,left,PASS
10378-right,L4 Q0 L2,right,PASS
10379-left,L4 Q0 R2,left,PASS
10379-right,L4 Q0 R2,right,PASS
10380-left,L4 Q0 Q3,left,PASS
10380-right,L4 Q0 Q3,right,PASS
10381-left,L4 Q0 B3,left,PASS
10381-right,L4 Q0 B3,right,PASS
10382-left,L4 Q0 L3,left,PASS
10382-right,L4 Q0 L3,right,PASS
10383-left,L4 Q0 R3,left,PASS
10383-right,L4 Q0 R3,right,PASS
10384-left,L4 Q0 Q4,left,PASS
10384-right,L4 Q0 Q4,right,PASS
10385-left,L4 Q0 B4,left,PASS
10385-right,L4 Q0 B4,right,PASS
10386-left,L4 Q0 L4,left,PASS
10386-right,L4 Q0 L4,right,PASS
10387-left,L4 Q0 R4,left,PASS
10387-right,L4 Q0 R4,right,PASS
10388-left,L4 Q0 Q5,left,PASS
10388-right,L4 Q0 Q5,right,PASS
10389-left,L4 Q0 B5,left,PASS
10389-right,L4 Q0 B5,right,PASS
10390-left,L4 Q0 L5,left,PASS
10391-left,L4 Q0 R5,left,PASS
10391-right,L4 Q0 R5,right,PASS
10392-left,L4 B0 Q0,left,PASS
10393-left,L4 B0 B0,left,PASS
10394-left,L4 B0 L0,left,PASS
10395-left,L4 B0 R0,left,PASS
10396-left,L4 B0 Q1,left,PASS
10396-right,L4 B0 Q1,right,PASS
10397-left,L4 B0 B1,left,PASS
10397-right,L4 B0 B1,right,PASS
10398-left,L4 B0 L1,left,PASS
10398-right,L4 B0 L1,right,PASS
10399-left,L4 B0 R1,left,PASS
10399-right,L4 B0 R1,right,PASS
10400-left,L4 B0 Q2,left,PASS
10400-right,L4 B0 Q2,right,PASS
10401-left,L4 B0 B2,left,PASS
10401-right,L4 B0 B2,right,PASS
10402-left,L4 B0 L2,left,PASS
10402-right,L4 B0 L2,right,PASS
10403-left,L4 B0 R2,left,PASS
10403-right,L4 B0 R2,right,PASS
10404-left,L4 B0 Q3,left,PASS
10404-right,L4 B0 Q3,right,PASS
10405-left,L4 B0 B3,left,PASS
10405-right,L4 B0 B3,right,PASS
10406-left,L4 B0 L3,left,PASS
10406-right,L4 B0 L3,right,PASS
10407-left,L4 B0 R3,left,PASS
10407-right,L4 B0 R3,right,PASS
10408-left,L4 B0 Q4,left,PASS
10408-right,L4 B0 Q4,right,PASS
10409-left,L4 B0 B4,left,PASS
10409-right,L4 B0 B4,right,PASS
10410-left,L4 B0 L4,left,PASS
10410-right,L4 B0 L4,right,PASS
10411-left,L4 B0 R4,left,PASS
10411-right,L4 B0 R4,right,PASS
10412-left,L4 B0 Q5,left,PASS
10412-right,L4 B0 Q5,right,PASS
10413-left,L4 B0 B5,left,PASS
10413-right,L4 B0 B5,right,PASS
10414-left,L4 B0 L5,left,PASS
10415-left,L4 B0 R5,left,PASS
10415-right,L4 B0 R5,right,PASS
10419-right,L4 L0 R0,right,PASS
10424-right,L4 L0 Q2,right,PASS
10425-right,L4 L0 B2,right,PASS
10427-right,L4 L0 R2,right,PASS
10428-right,L4 L0 Q3,right,PASS
10429-right,L4 L0 B3,right,PASS
10431-right,L4 L0 R3,right,PASS
10432-right,L4 L0 Q4,right,PASS
10433-right,L4 L0 B4,right,PASS
10435-right,L4 L0 R4,right,PASS
10436-right,L4 L0 Q5,right,PASS
10437-right,L4 L0 B5,right,PASS
10439-right,L4 L0 R5,right,PASS
10440-left,L4 R0 Q0,left,PASS
10441-left,L4 R0 B0,left,PASS
10442-left,L4 R0 L0,left,PASS
10442-right,L4 R0 L0,right,PASS
10443-left,L4 R0 R0,left,PASS
10443-right,L4 R0 R0,right,PASS
10444-left,L4 R0 Q1,left,PASS
10444-right,L4 R0 Q1,right,PASS
10445-left,L4 R0 B1,left,PASS
10445-right,L4 R0 B1,right,PASS
10446-left,L4 R0 L1,left,PASS
10446-right,L4 R0 L1,right,PASS
10447-left,L4 R0 R1,left,PASS
10447-right,L4 R0 R1,right,PASS
10448-left,L4 R0 Q2,left,PASS
10448-right,L4 R0 Q2,right,PASS
10449-left,L4 R0 B2,left,PASS
10449-right,L4 R0 B2,right,PASS
10450-left,L4 R0 L2,left,PASS
10450-right,L4 R0 L2,right,PASS
10451-left,L4 R0 R2,left,PASS
10451-right,L4 R0 R2,right,PASS
10452-left,L4 R0 Q3,left,PASS
10452-right,L4 R0 Q3,right,PASS
10453-left,L4 R0 B3,left,PASS
10453-right,L4 R0 B3,right,PASS
10454-left,L4 R0 L3,left,PASS
10454-right,L4 R0 L3,right,PASS
10455-left,L4 R0 R3,left,PASS
10455-right,L4 R0 R3,right,PASS
10456-left,L4 R0 Q4,left,PASS
10456-right,L4 R0 Q4,right,PASS
10457-left,L4 R0 B4,left,PASS
10457-right,L4 R0 B4,right,PASS
10458-left,L4 R0 L4,left,PASS
10458-right,L4 R0 L4,right,PASS
10459-left,L4 R0 R4,left,PASS
10459-right,L4 R0 R4,right,PASS
10460-left,L4 R0 Q5,left,PASS
10460-right,L4 R0 Q5,right,PASS
10461-left,L4 R0 B5,left,PASS
10461-right,L4 R0 B5,right,PASS
10462-left,L4 R0 L5,left,PASS
10463-left,L4 R0 R5,left,PASS
10463-right,L4 R0 R5,right,PASS
10464-left,L4 Q1 Q0,left,PASS
10464-right,L4 Q1 Q0,right,PASS
10465-left,L4 Q1 B0,left,PASS
10465-right,L4 Q1 B0,right,PASS
10466-left,L4 Q1 L0,left,PASS
10467-left,L4 Q1 R0,left,PASS
10467-right,L4 Q1 R0,right,PASS
10468-left,L4 Q1 Q1,left,PASS
10469-left,L4 Q1 B1,left,PASS
10470-left,L4 Q1 L1,left,PASS
10471-left,L4 Q1 R1,left,PASS
10472-left,L4 Q1 Q2,left,PASS
10472-right,L4 Q1 Q2,right,PASS
10473-left,L4 Q1 B2,left,PASS
10473-right,L4 Q1 B2,right,PASS
10474-left,L4 Q1 L2,left,PASS
10474-right,L4 Q1 L2,right,PASS
10475-left,L4 Q1 R2,left,PASS
10475-right,L4 Q1 R2,right,PASS
10476-left,L4 Q1 Q3,left,PASS
10476-right,L4 Q1 Q3,right,PASS
10477-left,L4 Q1 B3,left,PASS
10477-right,L4 Q1 B3,right,PASS
10478-left,L4 Q1 L3,left,PASS
10478-right,L4 Q1 L3,right,PASS
10479-left,L4 Q1 R3,left,PASS
10479-right,L4 Q1 R3,right,PASS
10480-left,L4 Q1 Q4,left,PASS
10480-right,L4 Q1 Q4,right,PASS
10481-left,L4 Q1 B4,left,PASS
10481-right,L4 Q1 B4,right,PASS
10482-left,L4 Q1 L4,left,PASS
10482-right,L4 Q1 L4,right,PASS
10483-left,L4 Q1 R4,left,PASS
10483-right,L4 Q1 R4,right,PASS
10484-left,L4 Q1 Q5,left,PASS
10484-right,L4 Q1 Q5,right,PASS
10485-left,L4 Q1 B5,left,PASS
10485-right,L4 Q1 B5,right,PASS
10486-left,L4 Q1 L5,left,PASS
10486-right,L4 Q1 L5,right,PASS
10487-left,L4 Q1 R5,left,PASS
10487-right,L4 Q1 R5,right,PASS
10488-left,L4 B1 Q0,left,PASS
10488-right,L4 B1 Q0,right,PASS
10489-left,L4 B1 B0,left,PASS
10489-right,L4 B1 B0,right,PASS
10490-left,L4 B1 L0,left,PASS
10491-left,L4 B1 R0,left,PASS
10491-right,L4 B1 R0,right,PASS
10492-left,L4 B1 Q1,left,PASS
10493-left,L4 B1 B1,left,PASS
10494-left,L4 B1 L1,left,PASS
10495-left,L4 B1 R1,left,PASS
10496-left,L4 B1 Q2,left,PASS
10496-right,L4 B1 Q2,right,PASS
10497-left,L4 B1 B2,left,PASS
10497-right,L4 B1 B2,right,PASS
10498-left,L4 B1 L2,left,PASS
10498-right,L4 B1 L2,right,PASS
10499-left,L4 B1 R2,left,PASS
10499-right,L4 B1 R2,right,PASS
10500-left,L4 B1 Q3,left,PASS
10500-right,L4 B1 Q3,right,PASS
10501-left,L4 B1 B3,left,PASS
10501-right,L4 B1 B3,right,PASS
10502-left,L4 B1 L3,left,PASS
10502-right,L4 B1 L3,right,PASS
10503-left,L4 B1 R3,left,PASS
10503-right,L4 B1 R3,right,PASS
10504-left,L4 B1 Q4,left,PASS
10504-right,L4 B1 Q4,right,PASS
10505-left,L4 B1 B4,left,PASS
10505-right,L4 B1 B4,right,PASS
10506-left,L4 B1 L4,left,PASS
10506-right,L4 B1 L4,right,PASS
10507-left,L4 B1 R4,left,PASS
10507-right,L4 B1 R4,right,PASS
10508-left,L4 B1 Q5,left,PASS
10508-right,L4 B1 Q5,right,PASS
10509-left,L4 B1 B5,left,PASS
10509-right,L4 B1 B5,right,PASS
10510-left,L4 B1 L5,left,PASS
10510-right,L4 B1 L5,right,PASS
10511-left,L4 B1 R5,left,PASS
10511-right,L4 B1 R5,right,PASS
10512-right,L4 L1 Q0,right,PASS
10513-right,L4 L1 B0,right,PASS
10515-right,L4 L1 R0,right,PASS
10519-right,L4 L1 R1,right,PASS
10524-right,L4 L1 Q3,right,PASS
10525-right,L4 L1 B3,right,PASS
10527-right,L4 L1 R3,right,PASS
10528-right,L4 L1 Q4,right,PASS
10529-right,L4 L1 B4,right,PASS
10531-right,L4 L1 R4,right,PASS
10532-right,L4 L1 Q5,right,PASS
10533-right,L4 L1 B5,right,PASS
10535-right,L4 L1 R5,right,PASS
10536-left,L4 R1 Q0,left,PASS
10536-right,L4 R1 Q0,right,PASS
10537-left,L4 R1 B0,left,PASS
10537-right,L4 R1 B0,right,PASS
10538-left,L4 R1 L0,left,PASS
10539-left,L4 R1 R0,left,PASS
10539-right,L4 R1 R0,right,PASS
10540-left,L4 R1 Q1,left,PASS
10541-left,L4 R1 B1,left,PASS
10542-left,L4 R1 L1,left,PASS
10542-right,L4 R1 L1,right,PASS
10543-left,L4 R1 R1,left,PASS
10543-right,L4 R1 R1,right,PASS
10544-left,L4 R1 Q2,left,PASS
10544-right,L4 R1 Q2,right,PASS
10545-left,L4 R1 B2,left,PASS
10545-right,L4 R1 B2,right,PASS
10546-left,L4 R1 L2,left,PASS
10546-right,L4 R1 L2,right,PASS
10547-left,L4 R1 R2,left,PASS
10547-right,L4 R1 R2,right,PASS
10548-left,L4 R1 Q3,left,PASS
10548-right,L4 R1 Q3,right,PASS
10549-left,L4 R1 B3,left,PASS
10549-right,L4 R1 B3,right,PASS
10550-left,L4 R1 L3,left,PASS
10550-right,L4 R1 L3,right,PASS
10551-left,L4 R1 R3,left,PASS
10551-right,L4 R1 R3,right,PASS
10552-left,L4 R1 Q4,left,PASS
10552-right,L4 R1 Q4,right,PASS
10553-left,L4 R1 B4,left,PASS
10553-right,L4 R1 B4,right,PASS
10554-left,L4 R1 L4,left,PASS
10554-right,L4 R1 L4,right,PASS
10555-left,L4 R1 R4,left,PASS
10555-right,L4 R1 R4,right,PASS
10556-left,L4 R1 Q5,left,PASS
10556-right,L4 R1 Q5,right,PASS
10557-left,L4 R1 B5,left,PASS
10557-right,L4 R1 B5,right,PASS
10558-left,L4 R1 L5,left,PASS
10558-right,L4 R1 L5,right,PASS
10559-left,L4 R1 R5,left,PASS
10559-right,L4 R1 R5,right,PASS
10560-left,L4 Q2 Q0,left,PASS
10560-right,L4 Q2 Q0,right,PASS
10561-left,L4 Q2 B0,left,PASS
10561-right,L4 Q2 B0,right,PASS
10562-left,L4 Q2 L0,left,PASS
10562-right,L4 Q2 L0,right,PASS
10563-left,L4 Q2 R0,left,PASS
10563-right,L4 Q2 R0,right,PASS
10564-left,L4 Q2 Q1,left,PASS
10564-right,L4 Q2 Q1,right,PASS
10565-left,L4 Q2 B1,left,PASS
10565-right,L4 Q2 B1,right,PASS
10566-left,L4 Q2 L1,left,PASS
10567-left,L4 Q2 R1,left,PASS
10567-right,L4 Q2 R1,right,PASS
10568-left,L4 Q2 Q2,left,PASS
10569-left,L4 Q2 B2,left,PASS
10570-left,L4 Q2 L2,left,PASS
10571-left,L4 Q2 R2,left,PASS
10572-left,L4 Q2 Q3,left,PASS
10572-right,L4 Q2 Q3,right,PASS
10573-left,L4 Q2 B3,left,PASS
10573-right,L4 Q2 B3,right,PASS
10574-left,L4 Q2 L3,left,PASS
10574-right,L4 Q2 L3,right,PASS
10575-left,L4 Q2 R3,left,PASS
10575-right,L4 Q2 R3,right,PASS
10576-left,L4 Q2 Q4,left,PASS
10576-right,L4 Q2 Q4,right,PASS
10577-left,L4 Q2 B4,left,PASS
10577-right,L4 Q2 B4,right,PASS
10578-left,L4 Q2 L4,left,PASS
10578-right,L4 Q2 L4,right,PASS
10579-left,L4 Q2 R4,left,PASS
10579-right,L4 Q2 R4,right,PASS
10580-left,L4 Q2 Q5,left,PASS
10580-right,L4 Q2 Q5,right,PASS
10581-left,L4 Q2 B5,left,PASS
10581-right,L4 Q2 B5,right,PASS
10582-left,L4 Q2 L5,left,PASS
10582-right,L4 Q2 L5,right,PASS
10583-left,L4 Q2 R5,left,PASS
10583-right,L4 Q2 R5,right,PASS
10584-left,L4 B2 Q0,left,PASS
10584-right,L4 B2 Q0,right,PASS
10585-left,L4 B2 B0,left,PASS
10585-right,L4 B2 B0,right,PASS
10586-left,L4 B2 L0,left,PASS
10586-right,L4 B2 L0,right,PASS
10587-left,L4 B2 R0,left,PASS
10587-right,L4 B2 R0,right,PASS
10588-left,L4 B2 Q1,left,PASS
10588-right,L4 B2 Q1,right,PASS
10589-left,L4 B2 B1,left,PASS
10589-right,L4 B2 B1,right,PASS
10590-left,L4 B2 L1,left,PASS
10591-left,L4 B2 R1,left,PASS
10591-right,L4 B2 R1,right,PASS
10592-left,L4 B2 Q2,left,PASS
10593-left,L4 B2 B2,left,PASS
10594-left,L4 B2 L2,left,PASS
10595-left,L4 B2 R2,left,PASS
10596-left,L4 B2 Q3,left,PASS
10596-right,L4 B2 Q3,right,PASS
10597-left,L4 B2 B3,left,PASS
10597-right,L4 B2 B3,right,PASS
10598-left,L4 B2 L3,left,PASS
10598-right,L4 B2 L3,right,PASS
10599-left,L4 B2 R3,left,PASS
10599-right,L4 B2 R3,right,PASS
10600-left,L4 B2 Q4,left,PASS
10600-right,L4 B2 Q4,right,PASS
10601-left,L4 B2 B4,left,PASS
10601-right,L4 B2 B4,right,PASS
10602-left,L4 B2 L4,left,PASS
10602-right,L4 B2 L4,right,PASS
10603-left,L4 B2 R4,left,PASS
10603-right,L4 B2 R4,right,PASS
10604-left,L4 B2 Q5,left,PASS
10604-right,L4 B2 Q5,right,PASS
10605-left,L4 B2 B5,left,PASS
10605-right,L4 B2 B5,right,PASS
10606-left,L4 B2 L5,left,PASS
10606-right,L4 B2 L5,right,PASS
10607-left,L4 B2 R5,left,PASS
10607-right,L4 B2 R5,right,PASS
10608-right,L4 L2 Q0,right,PASS
10609-right,L4 L2 B0,right,PASS
10611-right,L4 L2 R0,right,PASS
10612-right,L4 L2 Q1,right,PASS
10613-right,L4 L2 B1,right,PASS
10615-right,L4 L2 R1,right,PASS
10619-right,L4 L2 R2,right,PASS
10624-right,L4 L2 Q4,right,PASS
10625-right,L4 L2 B4,right,PASS
10627-right,L4 L2 R4,right,PASS
10628-right,L4 L2 Q5,right,PASS
10629-right,L4 L2 B5,right,PASS
10631-right,L4 L2 R5,right,PASS
10632-left,L4 R2 Q0,left,PASS
10632-right,L4 R2 Q0,right,PASS
10633-left,L4 R2 B0,left,PASS
10633-right,L4 R2 B0,right,PASS
10634-left,L4 R2 L0,left,PASS
10634-right,L4 R2 L0,right,PASS
10635-left,L4 R2 R0,left,PASS
10635-right,L4 R2 R0,right,PASS
10636-left,L4 R2 Q1,left,PASS
10636-right,L4 R2 Q1,right,PASS
10637-left,L4 R2 B1,left,PASS
10637-right,L4 R2 B1,right,PASS
10638-left,L4 R2 L1,left,PASS
10639-left,L4 R2 R1,left,PASS
10639-right,L4 R2 R1,right,PASS
10640-left,L4 R2 Q2,left,PASS
10641-left,L4 R2 B2,left,PASS
10642-left,L4 R2 L2,left,PASS
10642-right,L4 R2 L2,right,PASS
10643-left,L4 R2 R2,left,PASS
10643-right,L4 R2 R2,right,PASS
10644-left,L4 R2 Q3,left,PASS
10644-right,L4 R2 Q3,right,PASS
10645-left,L4 R2 B3,left,PASS
10645-right,L4 R2 B3,right,PASS
10646-left,L4 R2 L3,left,PASS
10646-right,L4 R2 L3,right,PASS
10647-left,L4 R2 R3,left,PASS
10647-right,L4 R2 R3,right,PASS
10648-left,L4 R2 Q4,left,PASS
10648-right,L4 R2 Q4,right,PASS
10649-left,L4 R2 B4,left,PASS
10649-right,L4 R2 B4,right,PASS
10650-left,L4 R2 L4,left,PASS
10650-right,L4 R2 L4,right,PASS
10651-left,L4 R2 R4,left,PASS
10651-right,L4 R2 R4,right,PASS
10652-left,L4 R2 Q5,left,PASS
10652-right,L4 R2 Q5,right,PASS
10653-left,L4 R2 B5,left,PASS
10653-right,L4 R2 B5,right,PASS
10654-left,L4 R2 L5,left,PASS
10654-right,L4 R2 L5,right,PASS
10655-left,L4 R2 R5,left,PASS
10655-right,L4 R2 R5,right,PASS
10656-left,L4 Q3 Q0,left,PASS
10656-right,L4 Q3 Q0,right,PASS
10657-left,L4 Q3 B0,left,PASS
10657-right,L4 Q3 B0,right,PASS
10658-left,L4 Q3 L0,left,PASS
10658-right,L4 Q3 L0,right,PASS
10659-left,L4 Q3 R0,left,PASS
10659-right,L4 Q3 R0,right,PASS
10660-left,L4 Q3 Q1,left,PASS
10660-right,L4 Q3 Q1,right,PASS
10661-left,L4 Q3 B1,left,PASS
10661-right,L4 Q3 B1,right,PASS
10662-left,L4 Q3 L1,left,PASS
10662-right,L4 Q3 L1,right,PASS
10663-left,L4 Q3 R1,left,PASS
10663-right,L4 Q3 R1,right,PASS
10664-left,L4 Q3 Q2,left,PASS
10664-right,L4 Q3 Q2,right,PASS
10665-left,L4 Q3 B2,left,PASS
10665-right,L4 Q3 B2,right,PASS
10666-left,L4 Q3 L2,left,PASS
10667-left,L4 Q3 R2,left,PASS
10667-right,L4 Q3 R2,right,PASS
10668-left,L4 Q3 Q3,left,PASS
10669-left,L4 Q3 B3,left,PASS
10670-left,L4 Q3 L3,left,PASS
10671-left,L4 Q3 R3,left,PASS
10672-left,L4 Q3 Q4,left,PASS
10672-right,L4 Q3 Q4,right,PASS
10673-left,L4 Q3 B4,left,PASS
10673-right,L4 Q3 B4,right,PASS
10674-left,L4 Q3 L4,left,PASS
10674-right,L4 Q3 L4,right,PASS
10675-left,L4 Q3 R4,left,PASS
10675-right,L4 Q3 R4,right,PASS
10676-left,L4 Q3 Q5,left,PASS
10676-right,L4 Q3 Q5,right,PASS
10677-left,L4 Q3 B5,left,PASS
10677-right,L4 Q3 B5,right,PASS
10678-left,L4 Q3 L5,left,PASS
10678-right,L4 Q3 L5,right,PASS
10679-left,L4 Q3 R5,left,PASS
10679-right,L4 Q3 R5,right,PASS
10680-left,L4 B3 Q0,left,PASS
10680-right,L4 B3 Q0,right,PASS
10681-left,L4 B3 B0,left,PASS
10681-right,L4 B3 B0,right,PASS
10682-left,L4 B3 L0,left,PASS
10682-right,L4 B3 L0,right,PASS
10683-left,L4 B3 R0,left,PASS
10683-right,L4 B3 R0,right,PASS
10684-left,L4 B3 Q1,left,PASS
10684-right,L4 B3 Q1,right,PASS
10685-left,L4 B3 B1,left,PASS
10685-right,L4 B3 B1,right,PASS
10686-left,L4 B3 L1,left,PASS
10686-right,L4 B3 L1,right,PASS
10687-left,L4 B3 R1,left,PASS
10687-right,L4 B3 R1,right,PASS
10688-left,L4 B3 Q2,left,PASS
10688-right,L4 B3 Q2,right,PASS
10689-left,L4 B3 B2,left,PASS
10689-right,L4 B3 B2,right,PASS
10690-left,L4 B3 L2,left,PASS
10691-left,L4 B3 R2,left,PASS
10691-right,L4 B3 R2,right,PASS
10692-left,L4 B3 Q3,left,PASS
10693-left,L4 B3 B3,left,PASS
10694-left,L4 B3 L3,left,PASS
10695-left,L4 B3 R3,left,PASS
10696-left,L4 B3 Q4,left,PASS
10696-right,L4 B3 Q4,right,PASS
10697-left,L4 B3 B4,left,PASS
10697-right,L4 B3 B4,right,PASS
10698-left,L4 B3 L4,left,PASS
10698-right,L4 B3 L4,right,PASS
10699-left,L4 B3 R4,left,PASS
10699-right,L4 B3 R4,right,PASS
10700-left,L4 B3 Q5,left,PASS
10700-right,L4 B3 Q5,right,PASS
10701-left,L4 B3 B5,left,PASS
10701-right,L4 B3 B5,right,PASS
10702-left,L4 B3 L5,left,PASS
10702-right,L4 B3 L5,right,PASS
10703-left,L4 B3 R5,left,PASS
10703-right,L4 B3 R5,right,PASS
10704-right,L4 L3 Q0,right,PASS
10705-right,L4 L3 B0,right,PASS
10707-right,L4 L3 R0,right,PASS
10708-right,L4 L3 Q1,right,PASS
10709-right,L4 L3 B1,right,PASS
10711-right,L4 L3 R1,right,PASS
10712-right,L4 L3 Q2,right,PASS
10713-right,L4 L3 B2,right,PASS
10715-right,L4 L3 R2,right,PASS
10719-right,L4 L3 R3,right,PASS
10724-right,L4 L3 Q5,right,PASS
10725-right,L4 L3 B5,right,PASS
10727-right,L4 L3 R5,right,PASS
10728-left,L4 R3 Q0,left,PASS
10728-right,L4 R3 Q0,right,PASS
10729-left,L4 R3 B0,left,PASS
10729-right,L4 R3 B0,right,PASS
10730-left,L4 R3 L0,left,PASS
10730-right,L4 R3 L0,right,PASS
10731-left,L4 R3 R0,left,PASS
10731-right,L4 R3 R0,right,PASS
10732-left,L4 R3 Q1,left,PASS
10732-right,L4 R3 Q1,right,PASS
10733-left,L4 R3 B1,left,PASS
10733-right,L4 R3 B1,right,PASS
10734-left,L4 R3 L1,left,PASS
10734-right,L4 R3 L1,right,PASS
10735-left,L4 R3 R1,left,PASS
10735-right,L4 R3 R1,right,PASS
10736-left,L4 R3 Q2,left,PASS
10736-right,L4 R3 Q2,right,PASS
10737-left,L4 R3 B2,left,PASS
10737-right,L4 R3 B2,right,PASS
10738-left,L4 R3 L2,left,PASS
10739-left,L4 R3 R2,left,PASS
10739-right,L4 R3 R2,right,PASS
10740-left,L4 R3 Q3,left,PASS
10741-left,L4 R3 B3,left,PASS
10742-left,L4 R3 L3,left,PASS
10742-right,L4 R3 L3,right,PASS
10743-left,L4 R3 R3,left,PASS
10743-right,L4 R3 R3,right,PASS
10744-left,L4 R3 Q4,left,PASS
10744-right,L4 R3 Q4,right,PASS
10745-left,L4 R3 B4,left,PASS
10745-right,L4 R3 B4,right,PASS
10746-left,L4 R3 L4,left,PASS
10746-right,L4 R3 L4,right,PASS
10747-left,L4 R3 R4,left,PASS
10747-right,L4 R3 R4,right,PASS
10748-left,L4 R3 Q5,left,PASS
10748-right,L4 R3 Q5,right,PASS
10749-left,L4 R3 B5,left,PASS
10749-right,L4 R3 B5,right,PASS
10750-left,L4 R3 L5,left,PASS
10750-right,L4 R3 L5,right,PASS
10751-left,L4 R3 R5,left,PASS
10751-right,L4 R3 R5,right,PASS
10752-right,L4 Q4 Q0,right,PASS
10753-right,L4 Q4 B0,right,PASS
10754-right,L4 Q4 L0,right,PASS
10755-right,L4 Q4 R0,right,PASS
10756-right,L4 Q4 Q1,right,PASS
10757-right,L4 Q4 B1,right,PASS
10758-right,L4 Q4 L1,right,PASS
10759-right,L4 Q4 R1,right,PASS
10760-right,L4 Q4 Q2,right,PASS
10761-right,L4 Q4 B2,right,PASS
10762-right,L4 Q4 L2,right,PASS
10763-right,L4 Q4 R2,right,PASS
10764-right,L4 Q4 Q3,right,PASS
10765-right,L4 Q4 B3,right,PASS
10767-right,L4 Q4 R3,right,PASS
10772-right,L4 Q4 Q5,right,PASS
10773-right,L4 Q4 B5,right,PASS
10774-right,L4 Q4 L5,right,PASS
10775-right,L4 Q4 R5,right,PASS
10776-right,L4 B4 Q0,right,PASS
10777-right,L4 B4 B0,right,PASS
10778-right,L4 B4 L0,right,PASS
10779-right,L4 B4 R0,right,PASS
10780-right,L4 B4 Q1,right,PASS
10781-right,L4 B4 B1,right,PASS
10782-right,L4 B4 L1,right,PASS
10783-right,L4 B4 R1,right,PASS
10784-right,L4 B4 Q2,right,PASS
10785-right,L4 B4 B2,right,PASS
10786-right,L4 B4 L2,right,PASS
10787-right,L4 B4 R2,right,PASS
10788-right,L4 B4 Q3,right,PASS
10789-right,L4 B4 B3,right,PASS
10791-right,L4 B4 R3,right,PASS
10796-right,L4 B4 Q5,right,PASS
10797-right,L4 B4 B5,right,PASS
10798-right,L4 B4 L5,right,PASS
10799-right,L4 B4 R5,right,PASS
10800-right,L4 L4 Q0,right,PASS
10801-right,L4 L4 B0,right,PASS
10803-right,L4 L4 R0,right,PASS
10804-right,L4 L4 Q1,right,PASS
10805-right,L4 L4 B1,right,PASS
10807-right,L4 L4 R1,right,PASS
10808-right,L4 L4 Q2,right,PASS
10809-right,L4 L4 B2,right,PASS
10811-right,L4 L4 R2,right,PASS
10812-right,L4 L4 Q3,right,PASS
10813-right,L4 L4 B3,right,PASS
10815-right,L4 L4 R3,right,PASS
10819-right,L4 L4 R4,right,PASS
10824-left,L4 R4 Q0,left,PASS
10824-right,L4 R4 Q0,right,PASS
10825-left,L4 R4 B0,left,PASS
10825-right,L4 R4 B0,right,PASS
10826-left,L4 R4 L0,left,PASS
10826-right,L4 R4 L0,right,PASS
10827-left,L4 R4 R0,left,PASS
10827-right,L4 R4 R0,right,PASS
10828-left,L4 R4 Q1,left,PASS
10828-right,L4 R4 Q1,right,PASS
10829-left,L4 R4 B1,left,PASS
10829-right,L4 R4 B1,right,PASS
10830-left,L4 R4 L1,left,PASS
10830-right,L4 R4 L1,right,PASS
10831-left,L4 R4 R1,left,PASS
10831-right,L4 R4 R1,right,PASS
10832-left,L4 R4 Q2,left,PASS
10832-right,L4 R4 Q2,right,PASS
10833-left,L4 R4 B2,left,PASS
10833-right,L4 R4 B2,right,PASS
10834-left,L4 R4 L2,left,PASS
10834-right,L4 R4 L2,right,PASS
10835-left,L4 R4 R2,left,PASS
10835-right,L4 R4 R2,right,PASS
10836-left,L4 R4 Q3,left,PASS
10836-right,L4 R4 Q3,right,PASS
10837-left,L4 R4 B3,left,PASS
10837-right,L4 R4 B3,right,PASS
10838-left,L4 R4 L3,left,PASS
10839-left,L4 R4 R3,left,PASS
10839-right,L4 R4 R3,right,PASS
10840-left,L4 R4 Q4,left,PASS
10841-left,L4 R4 B4,left,PASS
10842-left,L4 R4 L4,left,PASS
10842-right,L4 R4 L4,right,PASS
10843-left,L4 R4 R4,left,PASS
10843-right,L4 R4 R4,right,PASS
10844-left,L4 R4 Q5,left,PASS
10844-right,L4 R4 Q5,right,PASS
10845-left,L4 R4 B5,left,PASS
10845-right,L4 R4 B5,right,PASS
10846-left,L4 R4 L5,left,PASS
10846-right,L4 R4 L5,right,PASS
10847-left,L4 R4 R5,left,PASS
10847-right,L4 R4 R5,right,PASS
10848-right,L4 Q5 Q0,right,PASS
10849-right,L4 Q5 B0,right,PASS
10850-right,L4 Q5 L0,right,PASS
10851-right,L4 Q5 R0,right,PASS
10852-right,L4 Q5 Q1,right,PASS
10853-right,L4 Q5 B1,right,PASS
10854-right,L4 Q5 L1,right,PASS
10855-right,L4 Q5 R1,right,PASS
10856-right,L4 Q5 Q2,right,PASS
10857-right,L4 Q5 B2,right,PASS
10858-right,L4 Q5 L2,right,PASS
10859-right,L4 Q5 R2,right,PASS
10860-right,L4 Q5 Q3,right,PASS
10861-right,L4 Q5 B3,right,PASS
10862-right,L4 Q5 L3,right,PASS
10863-right,L4 Q5 R3,right,PASS
10864-right,L4 Q5 Q4,right,PASS
10865-right,L4 Q5 B4,right,PASS
10867-right,L4 Q5 R4,right,PASS
10872-right,L4 B5 Q0,right,PASS
10873-right,L4 B5 B0,right,PASS
10874-right,L4 B5 L0,right,PASS
10875-right,L4 B5 R0,right,PASS
10876-right,L4 B5 Q1,right,PASS
10877-right,L4 B5 B1,right,PASS
10878-right,L4 B5 L1,right,PASS
10879-right,L4 B5 R1,right,PASS
10880-right,L4 B5 Q2,right,PASS
10881-right,L4 B5 B2,right,PASS
10882-right,L4 B5 L2,right,PASS
10883-right,L4 B5 R2,right,PASS
10884-right,L4 B5 Q3,right,PASS
10885-right,L4 B5 B3,right,PASS
10886-right,L4 B5 L3,right,PASS
10887-right,L4 B5 R3,right,PASS
10888-right,L4 B5 Q4,right,PASS
10889-right,L4 B5 B4,right,PASS
10891-right,L4 B5 R4,right,PASS
10900-right,L4 L5 Q1,right,PASS
10901-right,L4 L5 B1,right,PASS
10903-right,L4 L5 R1,right,PASS
10904-right,L4 L5 Q2,right,PASS
10905-right,L4 L5 B2,right,PASS
10907-right,L4 L5 R2,right,PASS
10908-right,L4 L5 Q3,right,PASS
10909-right,L4 L5 B3,right,PASS
10911-right,L4 L5 R3,right,PASS
10912-right,L4 L5 Q4,right,PASS
10913-right,L4 L5 B4,right,PASS
10915-right,L4 L5 R4,right,PASS
10919-right,L4 L5 R5,right,PASS
10920-right,L4 R5 Q0,right,PASS
10921-right,L4 R5 B0,right,PASS
10922-right,L4 R5 L0,right,PASS
10923-right,L4 R5 R0,right,PASS
10924-right,L4 R5 Q1,right,PASS
10925-right,L4 R5 B1,right,PASS
10926-right,L4 R5 L1,right,PASS
10927-right,L4 R5 R1,right,PASS
10928-right,L4 R5 Q2,right,PASS
10929-right,L4 R5 B2,right,PASS
10930-right,L4 R5 L2,right,PASS
10931-right,L4 R5 R2,right,PASS
10932-right,L4 R5 Q3,right,PASS
10933-right,L4 R5 B3,right,PASS
10934-right,L4 R5 L3,right,PASS
10935-right,L4 R5 R3,right,PASS
10936-right,L4 R5 Q4,right,PASS
10937-right,L4 R5 B4,right,PASS
10939-right,L4 R5 R4,right,PASS
10942-right,L4 R5 L5,right,PASS
10943-right,L4 R5 R5,right,PASS
10944-left,R4 Q0 Q0,left,PASS
10945-left,R4 Q0 B0,left,PASS
10946-left,R4 Q0 L0,left,PASS
10947-left,R4 Q0 R0,left,PASS
10948-left,R4 Q0 Q1,left,PASS
10948-right,R4 Q0 Q1,right,PASS
10949-left,R4 Q0 B1,left,PASS
10949-right,R4 Q0 B1,right,PASS
10950-left,R4 Q0 L1,left,PASS
10950-right,R4 Q0 L1,right,PASS
10951-left,R4 Q0 R1,left,PASS
10951-right,R4 Q0 R1,right,PASS
10952-left,R4 Q0 Q2,left,PASS
10952-right,R4 Q0 Q2,right,PASS
10953-left,R4 Q0 B2,left,PASS
10953-right,R4 Q0 B2,right,PASS
10954-left,R4 Q0 L2,left,PASS
10954-right,R4 Q0 L2,right,PASS
10955-left,R4 Q0 R2,left,PASS
10955-right,R4 Q0 R2,right,PASS
10956-left,R4 Q0 Q3,left,PASS
10956-right,R4 Q0 Q3,right,PASS
10957-left,R4 Q0 B3,left,PASS
10957-right,R4 Q0 B3,right,PASS
10958-left,R4 Q0 L3,left,PASS
10958-right,R4 Q0 L3,right,PASS
10959-left,R4 Q0 R3,left,PASS
10959-right,R4 Q0 R3,right,PASS
10960-left,R4 Q0 Q4,left,PASS
10960-right,R4 Q0 Q4,right,PASS
10961-left,R4 Q0 B4,left,PASS
10961-right,R4 Q0 B4,right,PASS
10962-left,R4 Q0 L4,left,PASS
10962-right,R4 Q0 L4,right,PASS
10963-left,R4 Q0 R4,left,PASS
10963-right,R4 Q0 R4,right,PASS
10964-left,R4 Q0 Q5,left,PASS
10964-right,R4 Q0 Q5,right,PASS
10965-left,R4 Q0 B5,left,PASS
10965-right,R4 Q0 B5,right,PASS
10966-left,R4 Q0 L5,left,PASS
10967-left,R4 Q0 R5,left,PASS
10967-right,R4 Q0 R5,right,PASS
10968-left,R4 B0 Q0,left,PASS
10969-left,R4 B0 B0,left,PASS
10970-left,R4 B0 L0,left,PASS
10971-left,R4 B0 R0,left,PASS
10972-left,R4 B0 Q1,left,PASS
10972-right,R4 B0 Q1,right,PASS
10973-left,R4 B0 B1,left,PASS
10973-right,R4 B0 B1,right,PASS
10974-left,R4 B0 L1,left,PASS
10974-right,R4 B0 L1,right,PASS
10975-left,R4 B0 R1,left,PASS
10975-right,R4 B0 R1,right,PASS
10976-left,R4 B0 Q2,left,PASS
10976-right,R4 B0 Q2,right,PASS
10977-left,R4 B0 B2,left,PASS
10977-right,R4 B0 B2,right,PASS
10978-left,R4 B0 L2,left,PASS
10978-right,R4 B0 L2,right,PASS
10979-left,R4 B0 R2,left,PASS
10979-right,R4 B0 R2,right,PASS
10980-left,R4 B0 Q3,left,PASS
10980-right,R4 B0 Q3,right,PASS
10981-left,R4 B0 B3,left,PASS
10981-right,R4 B0 B3,right,PASS
10982-left,R4 B0 L3,left,PASS
10982-right,R4 B0 L3,right,PASS
10983-left,R4 B0 R3,left,PASS
10983-right,R4 B0 R3,right,PASS
10984-left,R4 B0 Q4,left,PASS
10984-right,R4 B0 Q4,right,PASS
10985-left,R4 B0 B4,left,PASS
10985-right,R4 B0 B4,right,PASS
10986-left,R4 B0 L4,left,PASS
10986-right,R4 B0 L4,right,PASS
10987-left,R4 B0 R4,left,PASS
10987-right,R4 B0 R4,right,PASS
10988-left,R4 B0 Q5,left,PASS
10988-right,R4 B0 Q5,right,PASS
10989-left,R4 B0 B5,left,PASS
10989-right,R4 B0 B5,right,PASS
10990-left,R4 B0 L5,left,PASS
10991-left,R4 B0 R5,left,PASS
10991-right,R4 B0 R5,right,PASS
10992-left,R4 L0 Q0,left,PASS
10993-left,R4 L0 B0,left,PASS
10994-left,R4 L0 L0,left,PASS
10995-left,R4 L0 R0,left,PASS
10995-right,R4 L0 R0,right,PASS
10996-left,R4 L0 Q1,left,PASS
10997-left,R4 L0 B1,left,PASS
10998-left,R4 L0 L1,left,PASS
10999-left,R4 L0 R1,left,PASS
11000-left,R4 L0 Q2,left,PASS
11000-right,R4 L0 Q2,right,PASS
11001-left,R4 L0 B2,left,PASS
11001-right,R4 L0 B2,right,PASS
11002-left,R4 L0 L2,left,PASS
11003-left,R4 L0 R2,left,PASS
11003-right,R4 L0 R2,right,PASS
11004-left,R4 L0 Q3,left,PASS
11004-right,R4 L0 Q3,right,PASS
11005-left,R4 L0 B3,left,PASS
11005-right,R4 L0 B3,right,PASS
11006-left,R4 L0 L3,left,PASS
11007-left,R4 L0 R3,left,PASS
11007-right,R4 L0 R3,right,PASS
11008-left,R4 L0 Q4,left,PASS
11008-right,R4 L0 Q4,right,PASS
11009-left,R4 L0 B4,left,PASS
11009-right,R4 L0 B4,right,PASS
11010-left,R4 L0 L4,left,PASS
11011-left,R4 L0 R4,left,PASS
11011-right,R4 L0 R4,right,PASS
11012-left,R4 L0 Q5,left,PASS
11012-right,R4 L0 Q5,right,PASS
11013-left,R4 L0 B5,left,PASS
11013-right,R4 L0 B5,right,PASS
11014-left,R4 L0 L5,left,PASS
11015-left,R4 L0 R5,left,PASS
11015-right,R4 L0 R5,right,PASS
11016-left,R4 R0 Q0,left,PASS
11017-left,R4 R0 B0,left,PASS
11018-left,R4 R0 L0,left,PASS
11018-right,R4 R0 L0,right,PASS
11019-left,R4 R0 R0,left,PASS
11019-right,R4 R0 R0,right,PASS
11020-left,R4 R0 Q1,left,PASS
11020-right,R4 R0 Q1,right,PASS
11021-left,R4 R0 B1,left,PASS
11021-right,R4 R0 B1,right,PASS
11022-left,R4 R0 L1,left,PASS
11022-right,R4 R0 L1,right,PASS
11023-left,R4 R0 R1,left,PASS
11023-right,R4 R0 R1,right,PASS
11024-left,R4 R0 Q2,left,PASS
11024-right,R4 R0 Q2,right,PASS
11025-left,R4 R0 B2,left,PASS
11025-right,R4 R0 B2,right,PASS
11026-left,R4 R0 L2,left,PASS
11026-right,R4 R0 L2,right,PASS
11027-left,R4 R0 R2,left,PASS
11027-right,R4 R0 R2,right,PASS
11028-left,R4 R0 Q3,left,PASS
11028-right,R4 R0 Q3,right,PASS
11029-left,R4 R0 B3,left,PASS
11029-right,R4 R0 B3,right,PASS
11030-left,R4 R0 L3,left,PASS
11030-right,R4 R0 L3,right,PASS
11031-left,R4 R0 R3,left,PASS
11031-right,R4 R0 R3,right,PASS
11032-left,R4 R0 Q4,left,PASS
11032-right,R4 R0 Q4,right,PASS
11033-left,R4 R0 B4,left,PASS
11033-right,R4 R0 B4,right,PASS
11034-left,R4 R0 L4,left,PASS
11034-right,R4 R0 L4,right,PASS
11035-left,R4 R0 R4,left,PASS
11035-right,R4 R0 R4,right,PASS
11036-left,R4 R0 Q5,left,PASS
11036-right,R4 R0 Q5,right,PASS
11037-left,R4 R0 B5,left,PASS
11037-right,R4 R0 B5,right,PASS
11038-left,R4 R0 L5,left,PASS
11039-left,R4 R0 R5,left,PASS
11039-right,R4 R0 R5,right,PASS
11040-left,R4 Q1 Q0,left,PASS
11040-right,R4 Q1 Q0,right,PASS
11041-left,R4 Q1 B0,left,PASS
11041-right,R4 Q1 B0,right,PASS
11042-left,R4 Q1 L0,left,PASS
11043-left,R4 Q1 R0,left,PASS
11043-right,R4 Q1 R0,right,PASS
11044-left,R4 Q1 Q1,left,PASS
11045-left,R4 Q1 B1,left,PASS
11046-left,R4 Q1 L1,left,PASS
11047-left,R4 Q1 R1,left,PASS
11048-left,R4 Q1 Q2,left,PASS
11048-right,R4 Q1 Q2,right,PASS
11049-left,R4 Q1 B2,left,PASS
11049-right,R4 Q1 B2,right,PASS
11050-left,R4 Q1 L2,left,PASS
11050-right,R4 Q1 L2,right,PASS
11051-left,R4 Q1 R2,left,PASS
11051-right,R4 Q1 R2,right,PASS
11052-left,R4 Q1 Q3,left,PASS
11052-right,R4 Q1 Q3,right,PASS
11053-left,R4 Q1 B3,left,PASS
11053-right,R4 Q1 B3,right,PASS
11054-left,R4 Q1 L3,left,PASS
11054-right,R4 Q1 L3,right,PASS
11055-left,R4 Q1 R3,left,PASS
11055-right,R4 Q1 R3,right,PASS
11056-left,R4 Q1 Q4,left,PASS
11056-right,R4 Q1 Q4,right,PASS
11057-left,R4 Q1 B4,left,PASS
11057-right,R4 Q1 B4,right,PASS
11058-left,R4 Q1 L4,left,PASS
11058-right,R4 Q1 L4,right,PASS
11059-left,R4 Q1 R4,left,PASS
11059-right,R4 Q1 R4,right,PASS
11060-left,R4 Q1 Q5,left,PASS
11060-right,R4 Q1 Q5,right,PASS
11061-left,R4 Q1 B5,left,PASS
11061-right,R4 Q1 B5,right,PASS
11062-left,R4 Q1 L5,left,PASS
11062-right,R4 Q1 L5,right,PASS
11063-left,R4 Q1 R5,left,PASS
11063-right,R4 Q1 R5,right,PASS
11064-left,R4 B1 Q0,left,PASS
11064-right,R4 B1 Q0,right,PASS
11065-left,R4 B1 B0,left,PASS
11065-right,R4 B1 B0,right,PASS
11066-left,R4 B1 L0,left,PASS
11067-left,R4 B1 R0,left,PASS
11067-right,R4 B1 R0,right,PASS
11068-left,R4 B1 Q1,left,PASS
11069-left,R4 B1 B1,left,PASS
11070-left,R4 B1 L1,left,PASS
11071-left,R4 B1 R1,left,PASS
11072-left,R4 B1 Q2,left,PASS
11072-right,R4 B1 Q2,right,PASS
11073-left,R4 B1 B2,left,PASS
11073-right,R4 B1 B2,right,PASS
11074-left,R4 B1 L2,left,PASS
11074-right,R4 B1 L2,right,PASS
11075-left,R4 B1 R2,left,PASS
11075-right,R4 B1 R2,right,PASS
11076-left,R4 B1 Q3,left,PASS
11076-right,R4 B1 Q3,right,PASS
11077-left,R4 B1 B3,left,PASS
11077-right,R4 B1 B3,right,PASS
11078-left,R4 B1 L3,left,PASS
11078-right,R4 B1 L3,right,PASS
11079-left,R4 B1 R3,left,PASS
11079-right,R4 B1 R3,right,PASS
11080-left,R4 B1 Q4,left,PASS
11080-right,R4 B1 Q4,right,PASS
11081-left,R4 B1 B4,left,PASS
11081-right,R4 B1 B4,right,PASS
11082-left,R4 B1 L4,left,PASS
11082-right,R4 B1 L4,right,PASS
11083-left,R4 B1 R4,left,PASS
11083-right,R4 B1 R4,right,PASS
11084-left,R4 B1 Q5,left,PASS
11084-right,R4 B1 Q5,right,PASS
11085-left,R4 B1 B5,left,PASS
11085-right,R4 B1 B5,right,PASS
11086-left,R4 B1 L5,left,PASS
11086-right,R4 B1 L5,right,PASS
11087-left,R4 B1 R5,left,PASS
11087-right,R4 B1 R5,right,PASS
11088-left,R4 L1 Q0,left,PASS
11088-right,R4 L1 Q0,right,PASS
11089-left,R4 L1 B0,left,PASS
11089-right,R4 L1 B0,right,PASS
11090-left,R4 L1 L0,left,PASS
11091-left,R4 L1 R0,left,PASS
11091-right,R4 L1 R0,right,PASS
11092-left,R4 L1 Q1,left,PASS
11093-left,R4 L1 B1,left,PASS
11094-left,R4 L1 L1,left,PASS
11095-left,R4 L1 R1,left,PASS
11095-right,R4 L1 R1,right,PASS
11096-left,R4 L1 Q2,left,PASS
11097-left,R4 L1 B2,left,PASS
11098-left,R4 L1 L2,left,PASS
11099-left,R4 L1 R2,left,PASS
11100-left,R4 L1 Q3,left,PASS
11100-right,R4 L1 Q3,right,PASS
11101-left,R4 L1 B3,left,PASS
11101-right,R4 L1 B3,right,PASS
11102-left,R4 L1 L3,left,PASS
11103-left,R4 L1 R3,left,PASS
11103-right,R4 L1 R3,right,PASS
11104-left,R4 L1 Q4,left,PASS
11104-right,R4 L1 Q4,right,PASS
11105-left,R4 L1 B4,left,PASS
11105-right,R4 L1 B4,right,PASS
11106-left,R4 L1 L4,left,PASS
11107-left,R4 L1 R4,left,PASS
11107-right,R4 L1 R4,right,PASS
11108-left,R4 L1 Q5,left,PASS
11108-right,R4 L1 Q5,right,PASS
11109-left,R4 L1 B5,left,PASS
11109-right,R4 L1 B5,right,PASS
11110-left,R4 L1 L5,left,PASS
11111-left,R4 L1 R5,left,PASS
11111-right,R4 L1 R5,right,PASS
11112-left,R4 R1 Q0,left,PASS
11112-right,R4 R1 Q0,right,PASS
11113-left,R4 R1 B0,left,PASS
11113-right,R4 R1 B0,right,PASS
11114-left,R4 R1 L0,left,PASS
11115-left,R4 R1 R0,left,PASS
11115-right,R4 R1 R0,right,PASS
11116-left,R4 R1 Q1,left,PASS
11117-left,R4 R1 B1,left,PASS
11118-left,R4 R1 L1,left,PASS
11118-right,R4 R1 L1,right,PASS
11119-left,R4 R1 R1,left,PASS
11119-right,R4 R1 R1,right,PASS
11120-left,R4 R1 Q2,left,PASS
11120-right,R4 R1 Q2,right,PASS
11121-left,R4 R1 B2,left,PASS
11121-right,R4 R1 B2,right,PASS
11122-left,R4 R1 L2,left,PASS
11122-right,R4 R1 L2,right,PASS
11123-left,R4 R1 R2,left,PASS
11123-right,R4 R1 R2,right,PASS
11124-left,R4 R1 Q3,left,PASS
11124-right,R4 R1 Q3,right,PASS
11125-left,R4 R1 B3,left,PASS
11125-right,R4 R1 B3,right,PASS
11126-left,R4 R1 L3,left,PASS
11126-right,R4 R1 L3,right,PASS
11127-left,R4 R1 R3,left,PASS
11127-right,R4 R1 R3,right,PASS
11128-left,R4 R1 Q4,left,PASS
11128-right,R4 R1 Q4,right,PASS
11129-left,R4 R1 B4,left,PASS
11129-right,R4 R1 B4,right,PASS
11130-left,R4 R1 L4,left,PASS
11130-right,R4 R1 L4,right,PASS
11131-left,R4 R1 R4,left,PASS
11131-right,R4 R1 R4,right,PASS
11132-left,R4 R1 Q5,left,PASS
11132-right,R4 R1 Q5,right,PASS
11133-left,R4 R1 B5,left,PASS
11133-right,R4 R1 B5,right,PASS
11134-left,R4 R1 L5,left,PASS
11134-right,R4 R1 L5,right,PASS
11135-left,R4 R1 R5,left,PASS
11135-right,R4 R1 R5,right,PASS
11136-left,R4 Q2 Q0,left,PASS
11136-right,R4 Q2 Q0,right,PASS
11137-left,R4 Q2 B0,left,PASS
11137-right,R4 Q2 B0,right,PASS
11138-left,R4 Q2 L0,left,PASS
11138-right,R4 Q2 L0,right,PASS
11139-left,R4 Q2 R0,left,PASS
11139-right,R4 Q2 R0,right,PASS
11140-left,R4 Q2 Q1,left,PASS
11140-right,R4 Q2 Q1,right,PASS
11141-left,R4 Q2 B1,left,PASS
11141-right,R4 Q2 B1,right,PASS
11142-left,R4 Q2 L1,left,PASS
11143-left,R4 Q2 R1,left,PASS
11143-right,R4 Q2 R1,right,PASS
11144-left,R4 Q2 Q2,left,PASS
11145-left,R4 Q2 B2,left,PASS
11146-left,R4 Q2 L2,left,PASS
11147-left,R4 Q2 R2,left,PASS
11148-left,R4 Q2 Q3,left,PASS
11148-right,R4 Q2 Q3,right,PASS
11149-left,R4 Q2 B3,left,PASS
11149-right,R4 Q2 B3,right,PASS
11150-left,R4 Q2 L3,left,PASS
11150-right,R4 Q2 L3,right,PASS
11151-left,R4 Q2 R3,left,PASS
11151-right,R4 Q2 R3,right,PASS
11152-left,R4 Q2 Q4,left,PASS
11152-right,R4 Q2 Q4,right,PASS
11153-left,R4 Q2 B4,left,PASS
11153-right,R4 Q2 B4,right,PASS
11154-left,R4 Q2 L4,left,PASS
11154-right,R4 Q2 L4,right,PASS
11155-left,R4 Q2 R4,left,PASS
11155-right,R4 Q2 R4,right,PASS
11156-left,R4 Q2 Q5,left,PASS
11156-right,R4 Q2 Q5,right,PASS
11157-left,R4 Q2 B5,left,PASS
11157-right,R4 Q2 B5,right,PASS
11158-left,R4 Q2 L5,left,PASS
11158-right,R4 Q2 L5,right,PASS
11159-left,R4 Q2 R5,left,PASS
11159-right,R4 Q2 R5,right,PASS
11160-left,R4 B2 Q0,left,PASS
11160-right,R4 B2 Q0,right,PASS
11161-left,R4 B2 B0,left,PASS
11161-right,R4 B2 B0,right,PASS
11162-left,R4 B2 L0,left,PASS
11162-right,R4 B2 L0,right,PASS
11163-left,R4 B2 R0,left,PASS
11163-right,R4 B2 R0,right,PASS
11164-left,R4 B2 Q1,left,PASS
11164-right,R4 B2 Q1,right,PASS
11165-left,R4 B2 B1,left,PASS
11165-right,R4 B2 B1,right,PASS
11166-left,R4 B2 L1,left,PASS
11167-left,R4 B2 R1,left,PASS
11167-right,R4 B2 R1,right,PASS
11168-left,R4 B2 Q2,left,PASS
11169-left,R4 B2 B2,left,PASS
11170-left,R4 B2 L2,left,PASS
11171-left,R4 B2 R2,left,PASS
11172-left,R4 B2 Q3,left,PASS
11172-right,R4 B2 Q3,right,PASS
11173-left,R4 B2 B3,left,PASS
11173-right,R4 B2 B3,right,PASS
11174-left,R4 B2 L3,left,PASS
11174-right,R4 B2 L3,right,PASS
11175-left,R4 B2 R3,left,PASS
11175-right,R4 B2 R3,right,PASS
11176-left,R4 B2 Q4,left,PASS
11176-right,R4 B2 Q4,right,PASS
11177-left,R4 B2 B4,left,PASS
11177-right,R4 B2 B4,right,PASS
11178-left,R4 B2 L4,left,PASS
11178-right,R4 B2 L4,right,PASS
11179-left,R4 B2 R4,left,PASS
11179-right,R4 B2 R4,right,PASS
11180-left,R4 B2 Q5,left,PASS
11180-right,R4 B2 Q5,right,PASS
11181-left,R4 B2 B5,left,PASS
11181-right,R4 B2 B5,right,PASS
11182-left,R4 B2 L5,left,PASS
11182-right,R4 B2 L5,right,PASS
11183-left,R4 B2 R5,left,PASS
11183-right,R4 B2 R5,right,PASS
11184-left,R4 L2 Q0,left,PASS
11184-right,R4 L2 Q0,right,PASS
11185-left,R4 L2 B0,left,PASS
11185-right,R4 L2 B0,right,PASS
11186-left,R4 L2 L0,left,PASS
11187-left,R4 L2 R0,left,PASS
11187-right,R4 L2 R0,right,PASS
11188-left,R4 L2 Q1,left,PASS
11188-right,R4 L2 Q1,right,PASS
11189-left,R4 L2 B1,left,PASS
11189-right,R4 L2 B1,right,PASS
11190-left,R4 L2 L1,left,PASS
11191-left,R4 L2 R1,left,PASS
11191-right,R4 L2 R1,right,PASS
11192-left,R4 L2 Q2,left,PASS
11193-left,R4 L2 B2,left,PASS
11194-left,R4 L2 L2,left,PASS
11195-left,R4 L2 R2,left,PASS
11195-right,R4 L2 R2,right,PASS
11196-left,R4 L2 Q3,left,PASS
11197-left,R4 L2 B3,left,PASS
11198-left,R4 L2 L3,left,PASS
11199-left,R4 L2 R3,left,PASS
11200-left,R4 L2 Q4,left,PASS
11200-right,R4 L2 Q4,right,PASS
11201-left,R4 L2 B4,left,PASS
11201-right,R4 L2 B4,right,PASS
11202-left,R4 L2 L4,left,PASS
11203-left,R4 L2 R4,left,PASS
11203-right,R4 L2 R4,right,PASS
11204-left,R4 L2 Q5,left,PASS
11204-right,R4 L2 Q5,right,PASS
11205-left,R4 L2 B5,left,PASS
11205-right,R4 L2 B5,right,PASS
11206-left,R4 L2 L5,left,PASS
11207-left,R4 L2 R5,left,PASS
11207-right,R4 L2 R5,right,PASS
11208-left,R4 R2 Q0,left,PASS
11208-right,R4 R2 Q0,right,PASS
11209-left,R4 R2 B0,left,PASS
11209-right,R4 R2 B0,right,PASS
11210-left,R4 R2 L0,left,PASS
11210-right,R4 R2 L0,right,PASS
11211-left,R4 R2 R0,left,PASS
11211-right,R4 R2 R0,right,PASS
11212-left,R4 R2 Q1,left,PASS
11212-right,R4 R2 Q1,right,PASS
11213-left,R4 R2 B1,left,PASS
11213-right,R4 R2 B1,right,PASS
11214-left,R4 R2 L1,left,PASS
11215-left,R4 R2 R1,left,PASS
11215-right,R4 R2 R1,right,PASS
11216-left,R4 R2 Q2,left,PASS
11217-left,R4 R2 B2,left,PASS
11218-left,R4 R2 L2,left,PASS
11218-right,R4 R2 L2,right,PASS
11219-left,R4 R2 R2,left,PASS
11219-right,R4 R2 R2,right,PASS
11220-left,R4 R2 Q3,left,PASS
11220-right,R4 R2 Q3,right,PASS
11221-left,R4 R2 B3,left,PASS
11221-right,R4 R2 B3,right,PASS
11222-left,R4 R2 L3,left,PASS
11222-right,R4 R2 L3,right,PASS
11223-left,R4 R2 R3,left,PASS
11223-right,R4 R2 R3,right,PASS
11224-left,R4 R2 Q4,left,PASS
11224-right,R4 R2 Q4,right,PASS
11225-left,R4 R2 B4,left,PASS
11225-right,R4 R2 B4,right,PASS
11226-left,R4 R2 L4,left,PASS
11226-right,R4 R2 L4,right,PASS
11227-left,R4 R2 R4,left,PASS
11227-right,R4 R2 R4,right,PASS
11228-left,R4 R2 Q5,left,PASS
11228-right,R4 R2 Q5,right,PASS
11229-left,R4 R2 B5,left,PASS
11229-right,R4 R2 B5,right,PASS
11230-left,R4 R2 L5,left,PASS
11230-right,R4 R2 L5,right,PASS
11231-left,R4 R2 R5,left,PASS
11231-right,R4 R2 R5,right,PASS
11232-left,R4 Q3 Q0,left,PASS
11232-right,R4 Q3 Q0,right,PASS
11233-left,R4 Q3 B0,left,PASS
11233-right,R4 Q3 B0,right,PASS
11234-left,R4 Q3 L0,left,PASS
11234-right,R4 Q3 L0,right,PASS
11235-left,R4 Q3 R0,left,PASS
11235-right,R4 Q3 R0,right,PASS
11236-left,R4 Q3 Q1,left,PASS
11236-right,R4 Q3 Q1,right,PASS
11237-left,R4 Q3 B1,left,PASS
11237-right,R4 Q3 B1,right,PASS
11238-left,R4 Q3 L1,left,PASS
11238-right,R4 Q3 L1,right,PASS
11239-left,R4 Q3 R1,left,PASS
11239-right,R4 Q3 R1,right,PASS
11240-left,R4 Q3 Q2,left,PASS
11240-right,R4 Q3 Q2,right,PASS
11241-left,R4 Q3 B2,left,PASS
11241-right,R4 Q3 B2,right,PASS
11242-left,R4 Q3 L2,left,PASS
11243-left,R4 Q3 R2,left,PASS
11243-right,R4 Q3 R2,right,PASS
11244-left,R4 Q3 Q3,left,PASS
11245-left,R4 Q3 B3,left,PASS
11246-left,R4 Q3 L3,left,PASS
11247-left,R4 Q3 R3,left,PASS
11248-left,R4 Q3 Q4,left,PASS
11248-right,R4 Q3 Q4,right,PASS
11249-left,R4 Q3 B4,left,PASS
11249-right,R4 Q3 B4,right,PASS
11250-left,R4 Q3 L4,left,PASS
11250-right,R4 Q3 L4,right,PASS
11251-left,R4 Q3 R4,left,PASS
11251-right,R4 Q3 R4,right,PASS
11252-left,R4 Q3 Q5,left,PASS
11252-right,R4 Q3 Q5,right,PASS
11253-left,R4 Q3 B5,left,PASS
11253-right,R4 Q3 B5,right,PASS
11254-left,R4 Q3 L5,left,PASS
11254-right,R4 Q3 L5,right,PASS
11255-left,R4 Q3 R5,left,PASS
11255-right,R4 Q3 R5,right,PASS
11256-left,R4 B3 Q0,left,PASS
11256-right,R4 B3 Q0,right,PASS
11257-left,R4 B3 B0,left,PASS
11257-right,R4 B3 B0,right,PASS
11258-left,R4 B3 L0,left,PASS
11258-right,R4 B3 L0,right,PASS
11259-left,R4 B3 R0,left,PASS
11259-right,R4 B3 R0,right,PASS
11260-left,R4 B3 Q1,left,PASS
11260-right,R4 B3 Q1,right,PASS
11261-left,R4 B3 B1,left,PASS
11261-right,R4 B3 B1,right,PASS
11262-left,R4 B3 L1,left,PASS
11262-right,R4 B3 L1,right,PASS
11263-left,R4 B3 R1,left,PASS
11263-right,R4 B3 R1,right,PASS
11264-left,R4 B3 Q2,left,PASS
11264-right,R4 B3 Q2,right,PASS
11265-left,R4 B3 B2,left,PASS
11265-right,R4 B3 B2,right,PASS
11266-left,R4 B3 L2,left,PASS
11267-left,R4 B3 R2,left,PASS
11267-right,R4 B3 R2,right,PASS
11268-left,R4 B3 Q3,left,PASS
11269-left,R4 B3 B3,left,PASS
11270-left,R4 B3 L3,left,PASS
11271-left,R4 B3 R3,left,PASS
11272-left,R4 B3 Q4,left,PASS
11272-right,R4 B3 Q4,right,PASS
11273-left,R4 B3 B4,left,PASS
11273-right,R4 B3 B4,right,PASS
11274-left,R4 B3 L4,left,PASS
11274-right,R4 B3 L4,right,PASS
11275-left,R4 B3 R4,left,PASS
11275-right,R4 B3 R4,right,PASS
11276-left,R4 B3 Q5,left,PASS
11276-right,R4 B3 Q5,right,PASS
11277-left,R4 B3 B5,left,PASS
11277-right,R4 B3 B5,right,PASS
11278-left,R4 B3 L5,left,PASS
11278-right,R4 B3 L5,right,PASS
11279-left,R4 B3 R5,left,PASS
11279-right,R4 B3 R5,right,PASS
11280-right,R4 L3 Q0,right,PASS
11281-right,R4 L3 B0,right,PASS
11283-right,R4 L3 R0,right,PASS
11284-right,R4 L3 Q1,right,PASS
11285-right,R4 L3 B1,right,PASS
11287-right,R4 L3 R1,right,PASS
11288-right,R4 L3 Q2,right,PASS
11289-right,R4 L3 B2,right,PASS
11291-right,R4 L3 R2,right,PASS
11295-right,R4 L3 R3,right,PASS
11300-right,R4 L3 Q5,right,PASS
11301-right,R4 L3 B5,right,PASS
11303-right,R4 L3 R5,right,PASS
11304-left,R4 R3 Q0,left,PASS
11304-right,R4 R3 Q0,right,PASS
11305-left,R4 R3 B0,left,PASS
11305-right,R4 R3 B0,right,PASS
11306-left,R4 R3 L0,left,PASS
11306-right,R4 R3 L0,right,PASS
11307-left,R4 R3 R0,left,PASS
11307-right,R4 R3 R0,right,PASS
11308-left,R4 R3 Q1,left,PASS
11308-right,R4 R3 Q1,right,PASS
11309-left,R4 R3 B1,left,PASS
11309-right,R4 R3 B1,right,PASS
11310-left,R4 R3 L1,left,PASS
11310-right,R4 R3 L1,right,PASS
11311-left,R4 R3 R1,left,PASS
11311-right,R4 R3 R1,right,PASS
11312-left,R4 R3 Q2,left,PASS
11312-right,R4 R3 Q2,right,PASS
11313-left,R4 R3 B2,left,PASS
11313-right,R4 R3 B2,right,PASS
11314-left,R4 R3 L2,left,PASS
11315-left,R4 R3 R2,left,PASS
11315-right,R4 R3 R2,right,PASS
11316-left,R4 R3 Q3,left,PASS
11317-left,R4 R3 B3,left,PASS
11318-left,R4 R3 L3,left,PASS
11318-right,R4 R3 L3,right,PASS
11319-left,R4 R3 R3,left,PASS
11319-right,R4 R3 R3,right,PASS
11320-left,R4 R3 Q4,left,PASS
11320-right,R4 R3 Q4,right,PASS
11321-left,R4 R3 B4,left,PASS
11321-right,R4 R3 B4,right,PASS
11322-left,R4 R3 L4,left,PASS
11322-right,R4 R3 L4,right,PASS
11323-left,R4 R3 R4,left,PASS
11323-right,R4 R3 R4,right,PASS
11324-left,R4 R3 Q5,left,PASS
11324-right,R4 R3 Q5,right,PASS
11325-left,R4 R3 B5,left,PASS
11325-right,R4 R3 B5,right,PASS
11326-left,R4 R3 L5,left,PASS
11326-right,R4 R3 L5,right,PASS
11327-left,R4 R3 R5,left,PASS
11327-right,R4 R3 R5,right,PASS
11328-right,R4 Q4 Q0,right,PASS
11329-right,R4 Q4 B0,right,PASS
11330-right,R4 Q4 L0,right,PASS
11331-right,R4 Q4 R0,right,PASS
11332-right,R4 Q4 Q1,right,PASS
11333-right,R4 Q4 B1,right,PASS
11334-right,R4 Q4 L1,right,PASS
11335-right,R4 Q4 R1,right,PASS
11336-right,R4 Q4 Q2,right,PASS
11337-right,R4 Q4 B2,right,PASS
11338-right,R4 Q4 L2,right,PASS
11339-right,R4 Q4 R2,right,PASS
11340-right,R4 Q4 Q3,right,PASS
11341-right,R4 Q4 B3,right,PASS
11343-right,R4 Q4 R3,right,PASS
11348-right,R4 Q4 Q5,right,PASS
11349-right,R4 Q4 B5,right,PASS
11350-right,R4 Q4 L5,right,PASS
11351-right,R4 Q4 R5,right,PASS
11352-right,R4 B4 Q0,right,PASS
11353-right,R4 B4 B0,right,PASS
11354-right,R4 B4 L0,right,PASS
11355-right,R4 B4 R0,right,PASS
11356-right,R4 B4 Q1,right,PASS
11357-right,R4 B4 B1,right,PASS
11358-right,R4 B4 L1,right,PASS
11359-right,R4 B4 R1,right,PASS
11360-right,R4 B4 Q2,right,PASS
11361-right,R4 B4 B2,right,PASS
11362-right,R4 B4 L2,right,PASS
11363-right,R4 B4 R2,right,PASS
11364-right,R4 B4 Q3,right,PASS
11365-right,R4 B4 B3,right,PASS
11367-right,R4 B4 R3,right,PASS
11372-right,R4 B4 Q5,right,PASS
11373-right,R4 B4 B5,right,PASS
11374-right,R4 B4 L5,right,PASS
11375-right,R4 B4 R5,right,PASS
11376-left,R4 L4 Q0,left,PASS
11376-right,R4 L4 Q0,right,PASS
11377-left,R4 L4 B0,left,PASS
11377-right,R4 L4 B0,right,PASS
11378-left,R4 L4 L0,left,PASS
11379-left,R4 L4 R0,left,PASS
11379-right,R4 L4 R0,right,PASS
11380-left,R4 L4 Q1,left,PASS
11380-right,R4 L4 Q1,right,PASS
11381-left,R4 L4 B1,left,PASS
11381-right,R4 L4 B1,right,PASS
11382-left,R4 L4 L1,left,PASS
11383-left,R4 L4 R1,left,PASS
11383-right,R4 L4 R1,right,PASS
11384-left,R4 L4 Q2,left,PASS
11384-right,R4 L4 Q2,right,PASS
11385-left,R4 L4 B2,left,PASS
11385-right,R4 L4 B2,right,PASS
11386-left,R4 L4 L2,left,PASS
11387-left,R4 L4 R2,left,PASS
11387-right,R4 L4 R2,right,PASS
11388-left,R4 L4 Q3,left,PASS
11388-right,R4 L4 Q3,right,PASS
11389-left,R4 L4 B3,left,PASS
11389-right,R4 L4 B3,right,PASS
11390-left,R4 L4 L3,left,PASS
11391-left,R4 L4 R3,left,PASS
11391-right,R4 L4 R3,right,PASS
11392-left,R4 L4 Q4,left,PASS
11393-left,R4 L4 B4,left,PASS
11394-left,R4 L4 L4,left,PASS
11395-left,R4 L4 R4,left,PASS
11395-right,R4 L4 R4,right,PASS
11396-left,R4 L4 Q5,left,PASS
11397-left,R4 L4 B5,left,PASS
11398-left,R4 L4 L5,left,PASS
11399-left,R4 L4 R5,left,PASS
11400-left,R4 R4 Q0,left,PASS
11400-right,R4 R4 Q0,right,PASS
11401-left,R4 R4 B0,left,PASS
11401-right,R4 R4 B0,right,PASS
11402-left,R4 R4 L0,left,PASS
11402-right,R4 R4 L0,right,PASS
11403-left,R4 R4 R0,left,PASS
11403-right,R4 R4 R0,right,PASS
11404-left,R4 R4 Q1,left,PASS
11404-right,R4 R4 Q1,right,PASS
11405-left,R4 R4 B1,left,PASS
11405-right,R4 R4 B1,right,PASS
11406-left,R4 R4 L1,left,PASS
11406-right,R4 R4 L1,right,PASS
11407-left,R4 R4 R1,left,PASS
11407-right,R4 R4 R1,right,PASS
11408-left,R4 R4 Q2,left,PASS
11408-right,R4 R4 Q2,right,PASS
11409-left,R4 R4 B2,left,PASS
11409-right,R4 R4 B2,right,PASS
11410-left,R4 R4 L2,left,PASS
11410-right,R4 R4 L2,right,PASS
11411-left,R4 R4 R2,left,PASS
11411-right,R4 R4 R2,right,PASS
11412-left,R4 R4 Q3,left,PASS
11412-right,R4 R4 Q3,right,PASS
11413-left,R4 R4 B3,left,PASS
11413-right,R4 R4 B3,right,PASS
11414-left,R4 R4 L3,left,PASS
11415-left,R4 R4 R3,left,PASS
11415-right,R4 R4 R3,right,PASS
11416-left,R4 R4 Q4,left,PASS
11417-left,R4 R4 B4,left,PASS
11418-left,R4 R4 L4,left,PASS
11418-right,R4 R4 L4,right,PASS
11419-left,R4 R4 R4,left,PASS
11419-right,R4 R4 R4,right,PASS
11420-left,R4 R4 Q5,left,PASS
11420-right,R4 R4 Q5,right,PASS
11421-left,R4 R4 B5,left,PASS
11421-right,R4 R4 B5,right,PASS
11422-left,R4 R4 L5,left,PASS
11422-right,R4 R4 L5,right,PASS
11423-left,R4 R4 R5,left,PASS
11423-right,R4 R4 R5,right,PASS
11424-left,R4 Q5 Q0,left,PASS
11424-right,R4 Q5 Q0,right,PASS
11425-left,R4 Q5 B0,left,PASS
11425-right,R4 Q5 B0,right,PASS
11426-left,R4 Q5 L0,left,PASS
11426-right,R4 Q5 L0,right,PASS
11427-left,R4 Q5 R0,left,PASS
11427-right,R4 Q5 R0,right,PASS
11428-left,R4 Q5 Q1,left,PASS
11428-right,R4 Q5 Q1,right,PASS
11429-left,R4 Q5 B1,left,PASS
11429-right,R4 Q5 B1,right,PASS
11430-left,R4 Q5 L1,left,PASS
11430-right,R4 Q5 L1,right,PASS
11431-left,R4 Q5 R1,left,PASS
11431-right,R4 Q5 R1,right,PASS
11432-left,R4 Q5 Q2,left,PASS
11432-right,R4 Q5 Q2,right,PASS
11433-left,R4 Q5 B2,left,PASS
11433-right,R4 Q5 B2,right,PASS
11434-left,R4 Q5 L2,left,PASS
11434-right,R4 Q5 L2,right,PASS
11435-left,R4 Q5 R2,left,PASS
11435-right,R4 Q5 R2,right,PASS
11436-left,R4 Q5 Q3,left,PASS
11436-right,R4 Q5 Q3,right,PASS
11437-left,R4 Q5 B3,left,PASS
11437-right,R4 Q5 B3,right,PASS
11438-left,R4 Q5 L3,left,PASS
11438-right,R4 Q5 L3,right,PASS
11439-left,R4 Q5 R3,left,PASS
11439-right,R4 Q5 R3,right,PASS
11440-left,R4 Q5 Q4,left,PASS
11440-right,R4 Q5 Q4,right,PASS
11441-left,R4 Q5 B4,left,PASS
11441-right,R4 Q5 B4,right,PASS
11442-left,R4 Q5 L4,left,PASS
11443-left,R4 Q5 R4,left,PASS
11443-right,R4 Q5 R4,right,PASS
11444-left,R4 Q5 Q5,left,PASS
11445-left,R4 Q5 B5,left,PASS
11446-left,R4 Q5 L5,left,PASS
11447-left,R4 Q5 R5,left,PASS
11448-left,R4 B5 Q0,left,PASS
11448-right,R4 B5 Q0,right,PASS
11449-left,R4 B5 B0,left,PASS
11449-right,R4 B5 B0,right,PASS
11450-left,R4 B5 L0,left,PASS
11450-right,R4 B5 L0,right,PASS
11451-left,R4 B5 R0,left,PASS
11451-right,R4 B5 R0,right,PASS
11452-left,R4 B5 Q1,left,PASS
11452-right,R4 B5 Q1,right,PASS
11453-left,R4 B5 B1,left,PASS
11453-right,R4 B5 B1,right,PASS
11454-left,R4 B5 L1,left,PASS
11454-right,R4 B5 L1,right,PASS
11455-left,R4 B5 R1,left,PASS
11455-right,R4 B5 R1,right,PASS
11456-left,R4 B5 Q2,left,PASS
11456-right,R4 B5 Q2,right,PASS
11457-left,R4 B5 B2,left,PASS
11457-right,R4 B5 B2,right,PASS
11458-left,R4 B5 L2,left,PASS
11458-right,R4 B5 L2,right,PASS
11459-left,R4 B5 R2,left,PASS
11459-right,R4 B5 R2,right,PASS
11460-left,R4 B5 Q3,left,PASS
11460-right,R4 B5 Q3,right,PASS
11461-left,R4 B5 B3,left,PASS
11461-right,R4 B5 B3,right,PASS
11462-left,R4 B5 L3,left,PASS
11462-right,R4 B5 L3,right,PASS
11463-left,R4 B5 R3,left,PASS
11463-right,R4 B5 R3,right,PASS
11464-left,R4 B5 Q4,left,PASS
11464-right,R4 B5 Q4,right,PASS
11465-left,R4 B5 B4,left,PASS
11465-right,R4 B5 B4,right,PASS
11466-left,R4 B5 L4,left,PASS
11467-left,R4 B5 R4,left,PASS
11467-right,R4 B5 R4,right,PASS
11468-left,R4 B5 Q5,left,PASS
11469-left,R4 B5 B5,left,PASS
11470-left,R4 B5 L5,left,PASS
11471-left,R4 B5 R5,left,PASS
11472-left,R4 L5 Q0,left,PASS
11473-left,R4 L5 B0,left,PASS
11474-left,R4 L5 L0,left,PASS
11475-left,R4 L5 R0,left,PASS
11476-left,R4 L5 Q1,left,PASS
11476-right,R4 L5 Q1,right,PASS
11477-left,R4 L5 B1,left,PASS
11477-right,R4 L5 B1,right,PASS
11478-left,R4 L5 L1,left,PASS
11479-left,R4 L5 R1,left,PASS
11479-right,R4 L5 R1,right,PASS
11480-left,R4 L5 Q2,left,PASS
11480-right,R4 L5 Q2,right,PASS
11481-left,R4 L5 B2,left,PASS
11481-right,R4 L5 B2,right,PASS
11482-left,R4 L5 L2,left,PASS
11483-left,R4 L5 R2,left,PASS
11483-right,R4 L5 R2,right,PASS
11484-left,R4 L5 Q3,left,PASS
11484-right,R4 L5 Q3,right,PASS
11485-left,R4 L5 B3,left,PASS
11485-right,R4 L5 B3,right,PASS
11486-left,R4 L5 L3,left,PASS
11487-left,R4 L5 R3,left,PASS
11487-right,R4 L5 R3,right,PASS
11488-left,R4 L5 Q4,left,PASS
11488-right,R4 L5 Q4,right,PASS
11489-left,R4 L5 B4,left,PASS
11489-right,R4 L5 B4,right,PASS
11490-left,R4 L5 L4,left,PASS
11491-left,R4 L5 R4,left,PASS
11491-right,R4 L5 R4,right,PASS
11492-left,R4 L5 Q5,left,PASS
11493-left,R4 L5 B5,left,PASS
11494-left,R4 L5 L5,left,PASS
11495-left,R4 L5 R5,left,PASS
11495-right,R4 L5 R5,right,PASS
11496-left,R4 R5 Q0,left,PASS
11496-right,R4 R5 Q0,right,PASS
11497-left,R4 R5 B0,left,PASS
11497-right,R4 R5 B0,right,PASS
11498-left,R4 R5 L0,left,PASS
11498-right,R4 R5 L0,right,PASS
11499-left,R4 R5 R0,left,PASS
11499-right,R4 R5 R0,right,PASS
11500-left,R4 R5 Q1,left,PASS
11500-right,R4 R5 Q1,right,PASS
11501-left,R4 R5 B1,left,PASS
11501-right,R4 R5 B1,right,PASS
11502-left,R4 R5 L1,left,PASS
11502-right,R4 R5 L1,right,PASS
11503-left,R4 R5 R1,left,PASS
11503-right,R4 R5 R1,right,PASS
11504-left,R4 R5 Q2,left,PASS
11504-right,R4 R5 Q2,right,PASS
11505-left,R4 R5 B2,left,PASS
11505-right,R4 R5 B2,right,PASS
11506-left,R4 R5 L2,left,PASS
11506-right,R4 R5 L2,right,PASS
11507-left,R4 R5 R2,left,PASS
11507-right,R4 R5 R2,right,PASS
11508-left,R4 R5 Q3,left,PASS
11508-right,R4 R5 Q3,right,PASS
11509-left,R4 R5 B3,left,PASS
11509-right,R4 R5 B3,right,PASS
11510-left,R4 R5 L3,left,PASS
11510-right,R4 R5 L3,right,PASS
11511-left,R4 R5 R3,left,PASS
11511-right,R4 R5 R3,right,PASS
11512-left,R4 R5 Q4,left,PASS
11512-right,R4 R5 Q4,right,PASS
11513-left,R4 R5 B4,left,PASS
11513-right,R4 R5 B4,right,PASS
11514-left,R4 R5 L4,left,PASS
11515-left,R4 R5 R4,left,PASS
11515-right,R4 R5 R4,right,PASS
11516-left,R4 R5 Q5,left,PASS
11517-left,R4 R5 B5,left,PASS
11518-left,R4 R5 L5,left,PASS
11518-right,R4 R5 L5,right,PASS
11519-left,R4 R5 R5,left,PASS
11519-right,R4 R5 R5,right,PASS
11520-left,Q5 Q0 Q0,left,PASS
11521-left,Q5 Q0 B0,left,PASS
11522-left,Q5 Q0 L0,left,PASS
11523-left,Q5 Q0 R0,left,PASS
11524-left,Q5 Q0 Q1,left,PASS
11524-right,Q5 Q0 Q1,right,PASS
11525-left,Q5 Q0 B1,left,PASS
11525-right,Q5 Q0 B1,right,PASS
11526-left,Q5 Q0 L1,left,PASS
11526-right,Q5 Q0 L1,right,PASS
11527-left,Q5 Q0 R1,left,PASS
11527-right,Q5 Q0 R1,right,PASS
11528-left,Q5 Q0 Q2,left,PASS
11528-right,Q5 Q0 Q2,right,PASS
11529-left,Q5 Q0 B2,left,PASS
11529-right,Q5 Q0 B2,right,PASS
11530-left,Q5 Q0 L2,left,PASS
11530-right,Q5 Q0 L2,right,PASS
11531-left,Q5 Q0 R2,left,PASS
11531-right,Q5 Q0 R2,right,PASS
11532-left,Q5 Q0 Q3,left,PASS
11532-right,Q5 Q0 Q3,right,PASS
11533-left,Q5 Q0 B3,left,PASS
11533-right,Q5 Q0 B3,right,PASS
11534-left,Q5 Q0 L3,left,PASS
11534-right,Q5 Q0 L3,right,PASS
11535-left,Q5 Q0 R3,left,PASS
11535-right,Q5 Q0 R3,right,PASS
11536-left,Q5 Q0 Q4,left,PASS
11536-right,Q5 Q0 Q4,right,PASS
11537-left,Q5 Q0 B4,left,PASS
11537-right,Q5 Q0 B4,right,PASS
11538-left,Q5 Q0 L4,left,PASS
11538-right,Q5 Q0 L4,right,PASS
11539-left,Q5 Q0 R4,left,PASS
11539-right,Q5 Q0 R4,right,PASS
11540-left,Q5 Q0 Q5,left,PASS
11540-right,Q5 Q0 Q5,right,PASS
11541-left,Q5 Q0 B5,left,PASS
11541-right,Q5 Q0 B5,right,PASS
11542-left,Q5 Q0 L5,left,PASS
11543-left,Q5 Q0 R5,left,PASS
11543-right,Q5 Q0 R5,right,PASS
11544-left,Q5 B0 Q0,left,PASS
11545-left,Q5 B0 B0,left,PASS
11546-left,Q5 B0 L0,left,PASS
11547-left,Q5 B0 R0,left,PASS
11548-left,Q5 B0 Q1,left,PASS
11548-right,Q5 B0 Q1,right,PASS
11549-left,Q5 B0 B1,left,PASS
11549-right,Q5 B0 B1,right,PASS
11550-left,Q5 B0 L1,left,PASS
11550-right,Q5 B0 L1,right,PASS
11551-left,Q5 B0 R1,left,PASS
11551-right,Q5 B0 R1,right,PASS
11552-left,Q5 B0 Q2,left,PASS
11552-right,Q5 B0 Q2,right,PASS
11553-left,Q5 B0 B2,left,PASS
11553-right,Q5 B0 B2,right,PASS
11554-left,Q5 B0 L2,left,PASS
11554-right,Q5 B0 L2,right,PASS
11555-left,Q5 B0 R2,left,PASS
11555-right,Q5 B0 R2,right,PASS
11556-left,Q5 B0 Q3,left,PASS
11556-right,Q5 B0 Q3,right,PASS
11557-left,Q5 B0 B3,left,PASS
11557-right,Q5 B0 B3,right,PASS
11558-left,Q5 B0 L3,left,PASS
11558-right,Q5 B0 L3,right,PASS
11559-left,Q5 B0 R3,left,PASS
11559-right,Q5 B0 R3,right,PASS
11560-left,Q5 B0 Q4,left,PASS
11560-right,Q5 B0 Q4,right,PASS
11561-left,Q5 B0 B4,left,PASS
11561-right,Q5 B0 B4,right,PASS
11562-left,Q5 B0 L4,left,PASS
11562-right,Q5 B0 L4,right,PASS
11563-left,Q5 B0 R4,left,PASS
11563-right,Q5 B0 R4,right,PASS
11564-left,Q5 B0 Q5,left,PASS
11564-right,Q5 B0 Q5,right,PASS
11565-left,Q5 B0 B5,left,PASS
11565-right,Q5 B0 B5,right,PASS
11566-left,Q5 B0 L5,left,PASS
11567-left,Q5 B0 R5,left,PASS
11567-right,Q5 B0 R5,right,PASS
11568-left,Q5 L0 Q0,left,PASS
11569-left,Q5 L0 B0,left,PASS
11570-left,Q5 L0 L0,left,PASS
11571-left,Q5 L0 R0,left,PASS
11571-right,Q5 L0 R0,right,PASS
11572-left,Q5 L0 Q1,left,PASS
11573-left,Q5 L0 B1,left,PASS
11574-left,Q5 L0 L1,left,PASS
11575-left,Q5 L0 R1,left,PASS
11576-left,Q5 L0 Q2,left,PASS
11576-right,Q5 L0 Q2,right,PASS
11577-left,Q5 L0 B2,left,PASS
11577-right,Q5 L0 B2,right,PASS
11578-left,Q5 L0 L2,left,PASS
11579-left,Q5 L0 R2,left,PASS
11579-right,Q5 L0 R2,right,PASS
11580-left,Q5 L0 Q3,left,PASS
11580-right,Q5 L0 Q3,right,PASS
11581-left,Q5 L0 B3,left,PASS
11581-right,Q5 L0 B3,right,PASS
11582-left,Q5 L0 L3,left,PASS
11583-left,Q5 L0 R3,left,PASS
11583-right,Q5 L0 R3,right,PASS
11584-left,Q5 L0 Q4,left,PASS
11584-right,Q5 L0 Q4,right,PASS
11585-left,Q5 L0 B4,left,PASS
11585-right,Q5 L0 B4,right,PASS
11586-left,Q5 L0 L4,left,PASS
11587-left,Q5 L0 R4,left,PASS
11587-right,Q5 L0 R4,right,PASS
11588-left,Q5 L0 Q5,left,PASS
11588-right,Q5 L0 Q5,right,PASS
11589-left,Q5 L0 B5,left,PASS
11589-right,Q5 L0 B5,right,PASS
11590-left,Q5 L0 L5,left,PASS
11591-left,Q5 L0 R5,left,PASS
11591-right,Q5 L0 R5,right,PASS
11592-left,Q5 R0 Q0,left,PASS
11593-left,Q5 R0 B0,left,PASS
11594-left,Q5 R0 L0,left,PASS
11594-right,Q5 R0 L0,right,PASS
11595-left,Q5 R0 R0,left,PASS
11595-right,Q5 R0 R0,right,PASS
11596-left,Q5 R0 Q1,left,PASS
11596-right,Q5 R0 Q1,right,PASS
11597-left,Q5 R0 B1,left,PASS
11597-right,Q5 R0 B1,right,PASS
11598-left,Q5 R0 L1,left,PASS
11598-right,Q5 R0 L1,right,PASS
11599-left,Q5 R0 R1,left,PASS
11599-right,Q5 R0 R1,right,PASS
11600-left,Q5 R0 Q2,left,PASS
11600-right,Q5 R0 Q2,right,PASS
11601-left,Q5 R0 B2,left,PASS
11601-right,Q5 R0 B2,right,PASS
11602-left,Q5 R0 L2,left,PASS
11602-right,Q5 R0 L2,right,PASS
11603-left,Q5 R0 R2,left,PASS
11603-right,Q5 R0 R2,right,PASS
11604-left,Q5 R0 Q3,left,PASS
11604-right,Q5 R0 Q3,right,PASS
11605-left,Q5 R0 B3,left,PASS
11605-right,Q5 R0 B3,right,PASS
11606-left,Q5 R0 L3,left,PASS
11606-right,Q5 R0 L3,right,PASS
11607-left,Q5 R0 R3,left,PASS
11607-right,Q5 R0 R3,right,PASS
11608-left,Q5 R0 Q4,left,PASS
11608-right,Q5 R0 Q4,right,PASS
11609-left,Q5 R0 B4,left,PASS
11609-right,Q5 R0 B4,right,PASS
11610-left,Q5 R0 L4,left,PASS
11610-right,Q5 R0 L4,right,PASS
11611-left,Q5 R0 R4,left,PASS
11611-right,Q5 R0 R4,right,PASS
11612-left,Q5 R0 Q5,left,PASS
11612-right,Q5 R0 Q5,right,PASS
11613-left,Q5 R0 B5,left,PASS
11613-right,Q5 R0 B5,right,PASS
11614-left,Q5 R0 L5,left,PASS
11615-left,Q5 R0 R5,left,PASS
11615-right,Q5 R0 R5,right,PASS
11616-left,Q5 Q1 Q0,left,PASS
11616-right,Q5 Q1 Q0,right,PASS
11617-left,Q5 Q1 B0,left,PASS
11617-right,Q5 Q1 B0,right,PASS
11618-left,Q5 Q1 L0,left,PASS
11619-left,Q5 Q1 R0,left,PASS
11619-right,Q5 Q1 R0,right,PASS
11620-left,Q5 Q1 Q1,left,PASS
11621-left,Q5 Q1 B1,left,PASS
11622-left,Q5 Q1 L1,left,PASS
11623-left,Q5 Q1 R1,left,PASS
11624-left,Q5 Q1 Q2,left,PASS
11624-right,Q5 Q1 Q2,right,PASS
11625-left,Q5 Q1 B2,left,PASS
11625-right,Q5 Q1 B2,right,PASS
11626-left,Q5 Q1 L2,left,PASS
11626-right,Q5 Q1 L2,right,PASS
11627-left,Q5 Q1 R2,left,PASS
11627-right,Q5 Q1 R2,right,PASS
11628-left,Q5 Q1 Q3,left,PASS
11628-right,Q5 Q1 Q3,right,PASS
11629-left,Q5 Q1 B3,left,PASS
11629-right,Q5 Q1 B3,right,PASS
11630-left,Q5 Q1 L3,left,PASS
11630-right,Q5 Q1 L3,right,PASS
11631-left,Q5 Q1 R3,left,PASS
11631-right,Q5 Q1 R3,right,PASS
11632-left,Q5 Q1 Q4,left,PASS
11632-right,Q5 Q1 Q4,right,PASS
11633-left,Q5 Q1 B4,left,PASS
11633-right,Q5 Q1 B4,right,PASS
11634-left,Q5 Q1 L4,left,PASS
11634-right,Q5 Q1 L4,right,PASS
11635-left,Q5 Q1 R4,left,PASS
11635-right,Q5 Q1 R4,right,PASS
11636-left,Q5 Q1 Q5,left,PASS
11636-right,Q5 Q1 Q5,right,PASS
11637-left,Q5 Q1 B5,left,PASS
11637-right,Q5 Q1 B5,right,PASS
11638-left,Q5 Q1 L5,left,PASS
11638-right,Q5 Q1 L5,right,PASS
11639-left,Q5 Q1 R5,left,PASS
11639-right,Q5 Q1 R5,right,PASS
11640-left,Q5 B1 Q0,left,PASS
11640-right,Q5 B1 Q0,right,PASS
11641-left,Q5 B1 B0,left,PASS
11641-right,Q5 B1 B0,right,PASS
11642-left,Q5 B1 L0,left,PASS
11643-left,Q5 B1 R0,left,PASS
11643-right,Q5 B1 R0,right,PASS
11644-left,Q5 B1 Q1,left,PASS
11645-left,Q5 B1 B1,left,PASS
11646-left,Q5 B1 L1,left,PASS
11647-left,Q5 B1 R1,left,PASS
11648-left,Q5 B1 Q2,left,PASS
11648-right,Q5 B1 Q2,right,PASS
11649-left,Q5 B1 B2,left,PASS
11649-right,Q5 B1 B2,right,PASS
11650-left,Q5 B1 L2,left,PASS
11650-right,Q5 B1 L2,right,PASS
11651-left,Q5 B1 R2,left,PASS
11651-right,Q5 B1 R2,right,PASS
11652-left,Q5 B1 Q3,left,PASS
11652-right,Q5 B1 Q3,right,PASS
11653-left,Q5 B1 B3,left,PASS
11653-right,Q5 B1 B3,right,PASS
11654-left,Q5 B1 L3,left,PASS
11654-right,Q5 B1 L3,right,PASS
11655-left,Q5 B1 R3,left,PASS
11655-right,Q5 B1 R3,right,PASS
11656-left,Q5 B1 Q4,left,PASS
11656-right,Q5 B1 Q4,right,PASS
11657-left,Q5 B1 B4,left,PASS
11657-right,Q5 B1 B4,right,PASS
11658-left,Q5 B1 L4,left,PASS
11658-right,Q5 B1 L4,right,PASS
11659-left,Q5 B1 R4,left,PASS
11659-right,Q5 B1 R4,right,PASS
11660-left,Q5 B1 Q5,left,PASS
11660-right,Q5 B1 Q5,right,PASS
11661-left,Q5 B1 B5,left,PASS
11661-right,Q5 B1 B5,right,PASS
11662-left,Q5 B1 L5,left,PASS
11662-right,Q5 B1 L5,right,PASS
11663-left,Q5 B1 R5,left,PASS
11663-right,Q5 B1 R5,right,PASS
11664-left,Q5 L1 Q0,left,PASS
11664-right,Q5 L1 Q0,right,PASS
11665-left,Q5 L1 B0,left,PASS
11665-right,Q5 L1 B0,right,PASS
11666-left,Q5 L1 L0,left,PASS
11667-left,Q5 L1 R0,left,PASS
11667-right,Q5 L1 R0,right,PASS
11668-left,Q5 L1 Q1,left,PASS
11669-left,Q5 L1 B1,left,PASS
11670-left,Q5 L1 L1,left,PASS
11671-left,Q5 L1 R1,left,PASS
11671-right,Q5 L1 R1,right,PASS
11672-left,Q5 L1 Q2,left,PASS
11673-left,Q5 L1 B2,left,PASS
11674-left,Q5 L1 L2,left,PASS
11675-left,Q5 L1 R2,left,PASS
11676-left,Q5 L1 Q3,left,PASS
11676-right,Q5 L1 Q3,right,PASS
11677-left,Q5 L1 B3,left,PASS
11677-right,Q5 L1 B3,right,PASS
11678-left,Q5 L1 L3,left,PASS
11679-left,Q5 L1 R3,left,PASS
11679-right,Q5 L1 R3,right,PASS
11680-left,Q5 L1 Q4,left,PASS
11680-right,Q5 L1 Q4,right,PASS
11681-left,Q5 L1 B4,left,PASS
11681-right,Q5 L1 B4,right,PASS
11682-left,Q5 L1 L4,left,PASS
11683-left,Q5 L1 R4,left,PASS
11683-right,Q5 L1 R4,right,PASS
11684-left,Q5 L1 Q5,left,PASS
11684-right,Q5 L1 Q5,right,PASS
11685-left,Q5 L1 B5,left,PASS
11685-right,Q5 L1 B5,right,PASS
11686-left,Q5 L1 L5,left,PASS
11687-left,Q5 L1 R5,left,PASS
11687-right,Q5 L1 R5,right,PASS
11688-left,Q5 R1 Q0,left,PASS
11688-right,Q5 R1 Q0,right,PASS
11689-left,Q5 R1 B0,left,PASS
11689-right,Q5 R1 B0,right,PASS
11690-left,Q5 R1 L0,left,PASS
11691-left,Q5 R1 R0,left,PASS
11691-right,Q5 R1 R0,right,PASS
11692-left,Q5 R1 Q1,left,PASS
11693-left,Q5 R1 B1,left,PASS
11694-left,Q5 R1 L1,left,PASS
11694-right,Q5 R1 L1,right,PASS
11695-left,Q5 R1 R1,left,PASS
11695-right,Q5 R1 R1,right,PASS
11696-left,Q5 R1 Q2,left,PASS
11696-right,Q5 R1 Q2,right,PASS
11697-left,Q5 R1 B2,left,PASS
11697-right,Q5 R1 B2,right,PASS
11698-left,Q5 R1 L2,left,PASS
11698-right,Q5 R1 L2,right,PASS
11699-left,Q5 R1 R2,left,PASS
11699-right,Q5 R1 R2,right,PASS
11700-left,Q5 R1 Q3,left,PASS
11700-right,Q5 R1 Q3,right,PASS
11701-left,Q5 R1 B3,left,PASS
11701-right,Q5 R1 B3,right,PASS
11702-left,Q5 R1 L3,left,PASS
11702-right,Q5 R1 L3,right,PASS
11703-left,Q5 R1 R3,left,PASS
11703-right,Q5 R1 R3,right,PASS
11704-left,Q5 R1 Q4,left,PASS
11704-right,Q5 R1 Q4,right,PASS
11705-left,Q5 R1 B4,left,PASS
11705-right,Q5 R1 B4,right,PASS
11706-left,Q5 R1 L4,left,PASS
11706-right,Q5 R1 L4,right,PASS
11707-left,Q5 R1 R4,left,PASS
11707-right,Q5 R1 R4,right,PASS
11708-left,Q5 R1 Q5,left,PASS
11708-right,Q5 R1 Q5,right,PASS
11709-left,Q5 R1 B5,left,PASS
11709-right,Q5 R1 B5,right,PASS
11710-left,Q5 R1 L5,left,PASS
11710-right,Q5 R1 L5,right,PASS
11711-left,Q5 R1 R5,left,PASS
11711-right,Q5 R1 R5,right,PASS
11712-left,Q5 Q2 Q0,left,PASS
11712-right,Q5 Q2 Q0,right,PASS
11713-left,Q5 Q2 B0,left,PASS
11713-right,Q5 Q2 B0,right,PASS
11714-left,Q5 Q2 L0,left,PASS
11714-right,Q5 Q2 L0,right,PASS
11715-left,Q5 Q2 R0,left,PASS
11715-right,Q5 Q2 R0,right,PASS
11716-left,Q5 Q2 Q1,left,PASS
11716-right,Q5 Q2 Q1,right,PASS
11717-left,Q5 Q2 B1,left,PASS
11717-right,Q5 Q2 B1,right,PASS
11718-left,Q5 Q2 L1,left,PASS
11719-left,Q5 Q2 R1,left,PASS
11719-right,Q5 Q2 R1,right,PASS
11720-left,Q5 Q2 Q2,left,PASS
11721-left,Q5 Q2 B2,left,PASS
11722-left,Q5 Q2 L2,left,PASS
11723-left,Q5 Q2 R2,left,PASS
11724-left,Q5 Q2 Q3,left,PASS
11724-right,Q5 Q2 Q3,right,PASS
11725-left,Q5 Q2 B3,left,PASS
11725-right,Q5 Q2 B3,right,PASS
11726-left,Q5 Q2 L3,left,PASS
11726-right,Q5 Q2 L3,right,PASS
11727-left,Q5 Q2 R3,left,PASS
11727-right,Q5 Q2 R3,right,PASS
11728-left,Q5 Q2 Q4,left,PASS
11728-right,Q5 Q2 Q4,right,PASS
11729-left,Q5 Q2 B4,left,PASS
11729-right,Q5 Q2 B4,right,PASS
11730-left,Q5 Q2 L4,left,PASS
11730-right,Q5 Q2 L4,right,PASS
11731-left,Q5 Q2 R4,left,PASS
11731-right,Q5 Q2 R4,right,PASS
11732-left,Q5 Q2 Q5,left,PASS
11732-right,Q5 Q2 Q5,right,PASS
11733-left,Q5 Q2 B5,left,PASS
11733-right,Q5 Q2 B5,right,PASS
11734-left,Q5 Q2 L5,left,PASS
11734-right,Q5 Q2 L5,right,PASS
11735-left,Q5 Q2 R5,left,PASS
11735-right,Q5 Q2 R5,right,PASS
11736-left,Q5 B2 Q0,left,PASS
11736-right,Q5 B2 Q0,right,PASS
11737-left,Q5 B2 B0,left,PASS
11737-right,Q5 B2 B0,right,PASS
11738-left,Q5 B2 L0,left,PASS
11738-right,Q5 B2 L0,right,PASS
11739-left,Q5 B2 R0,left,PASS
11739-right,Q5 B2 R0,right,PASS
11740-left,Q5 B2 Q1,left,PASS
11740-right,Q5 B2 Q1,right,PASS
11741-left,Q5 B2 B1,left,PASS
11741-right,Q5 B2 B1,right,PASS
11742-left,Q5 B2 L1,left,PASS
11743-left,Q5 B2 R1,left,PASS
11743-right,Q5 B2 R1,right,PASS
11744-left,Q5 B2 Q2,left,PASS
11745-left,Q5 B2 B2,left,PASS
11746-left,Q5 B2 L2,left,PASS
11747-left,Q5 B2 R2,left,PASS
11748-left,Q5 B2 Q3,left,PASS
11748-right,Q5 B2 Q3,right,PASS
11749-left,Q5 B2 B3,left,PASS
11749-right,Q5 B2 B3,right,PASS
11750-left,Q5 B2 L3,left,PASS
11750-right,Q5 B2 L3,right,PASS
11751-left,Q5 B2 R3,left,PASS
11751-right,Q5 B2 R3,right,PASS
11752-left,Q5 B2 Q4,left,PASS
11752-right,Q5 B2 Q4,right,PASS
11753-left,Q5 B2 B4,left,PASS
11753-right,Q5 B2 B4,right,PASS
11754-left,Q5 B2 L4,left,PASS
11754-right,Q5 B2 L4,right,PASS
11755-left,Q5 B2 R4,left,PASS
11755-right,Q5 B2 R4,right,PASS
11756-left,Q5 B2 Q5,left,PASS
11756-right,Q5 B2 Q5,right,PASS
11757-left,Q5 B2 B5,left,PASS
11757-right,Q5 B2 B5,right,PASS
11758-left,Q5 B2 L5,left,PASS
11758-right,Q5 B2 L5,right,PASS
11759-left,Q5 B2 R5,left,PASS
11759-right,Q5 B2 R5,right,PASS
11760-left,Q5 L2 Q0,left,PASS
11760-right,Q5 L2 Q0,right,PASS
11761-left,Q5 L2 B0,left,PASS
11761-right,Q5 L2 B0,right,PASS
11762-left,Q5 L2 L0,left,PASS
11763-left,Q5 L2 R0,left,PASS
11763-right,Q5 L2 R0,right,PASS
11764-left,Q5 L2 Q1,left,PASS
11764-right,Q5 L2 Q1,right,PASS
11765-left,Q5 L2 B1,left,PASS
11765-right,Q5 L2 B1,right,PASS
11766-left,Q5 L2 L1,left,PASS
11767-left,Q5 L2 R1,left,PASS
11767-right,Q5 L2 R1,right,PASS
11768-left,Q5 L2 Q2,left,PASS
11769-left,Q5 L2 B2,left,PASS
11770-left,Q5 L2 L2,left,PASS
11771-left,Q5 L2 R2,left,PASS
11771-right,Q5 L2 R2,right,PASS
11772-left,Q5 L2 Q3,left,PASS
11773-left,Q5 L2 B3,left,PASS
11774-left,Q5 L2 L3,left,PASS
11775-left,Q5 L2 R3,left,PASS
11776-left,Q5 L2 Q4,left,PASS
11776-right,Q5 L2 Q4,right,PASS
11777-left,Q5 L2 B4,left,PASS
11777-right,Q5 L2 B4,right,PASS
11778-left,Q5 L2 L4,left,PASS
11779-left,Q5 L2 R4,left,PASS
11779-right,Q5 L2 R4,right,PASS
11780-left,Q5 L2 Q5,left,PASS
11780-right,Q5 L2 Q5,right,PASS
11781-left,Q5 L2 B5,left,PASS
11781-right,Q5 L2 B5,right,PASS
11782-left,Q5 L2 L5,left,PASS
11783-left,Q5 L2 R5,left,PASS
11783-right,Q5 L2 R5,right,PASS
11784-left,Q5 R2 Q0,left,PASS
11784-right,Q5 R2 Q0,right,PASS
11785-left,Q5 R2 B0,left,PASS
11785-right,Q5 R2 B0,right,PASS
11786-left,Q5 R2 L0,left,PASS
11786-right,Q5 R2 L0,right,PASS
11787-left,Q5 R2 R0,left,PASS
11787-right,Q5 R2 R0,right,PASS
11788-left,Q5 R2 Q1,left,PASS
11788-right,Q5 R2 Q1,right,PASS
11789-left,Q5 R2 B1,left,PASS
11789-right,Q5 R2 B1,right,PASS
11790-left,Q5 R2 L1,left,PASS
11791-left,Q5 R2 R1,left,PASS
11791-right,Q5 R2 R1,right,PASS
11792-left,Q5 R2 Q2,left,PASS
11793-left,Q5 R2 B2,left,PASS
11794-left,Q5 R2 L2,left,PASS
11794-right,Q5 R2 L2,right,PASS
11795-left,Q5 R2 R2,left,PASS
11795-right,Q5 R2 R2,right,PASS
11796-left,Q5 R2 Q3,left,PASS
11796-right,Q5 R2 Q3,right,PASS
11797-left,Q5 R2 B3,left,PASS
11797-right,Q5 R2 B3,right,PASS
11798-left,Q5 R2 L3,left,PASS
11798-right,Q5 R2 L3,right,PASS
11799-left,Q5 R2 R3,left,PASS
11799-right,Q5 R2 R3,right,PASS
11800-left,Q5 R2 Q4,left,PASS
11800-right,Q5 R2 Q4,right,PASS
11801-left,Q5 R2 B4,left,PASS
11801-right,Q5 R2 B4,right,PASS
11802-left,Q5 R2 L4,left,PASS
11802-right,Q5 R2 L4,right,PASS
11803-left,Q5 R2 R4,left,PASS
11803-right,Q5 R2 R4,right,PASS
11804-left,Q5 R2 Q5,left,PASS
11804-right,Q5 R2 Q5,right,PASS
11805-left,Q5 R2 B5,left,PASS
11805-right,Q5 R2 B5,right,PASS
11806-left,Q5 R2 L5,left,PASS
11806-right,Q5 R2 L5,right,PASS
11807-left,Q5 R2 R5,left,PASS
11807-right,Q5 R2 R5,right,PASS
11808-left,Q5 Q3 Q0,left,PASS
11808-right,Q5 Q3 Q0,right,PASS
11809-left,Q5 Q3 B0,left,PASS
11809-right,Q5 Q3 B0,right,PASS
11810-left,Q5 Q3 L0,left,PASS
11810-right,Q5 Q3 L0,right,PASS
11811-left,Q5 Q3 R0,left,PASS
11811-right,Q5 Q3 R0,right,PASS
11812-left,Q5 Q3 Q1,left,PASS
11812-right,Q5 Q3 Q1,right,PASS
11813-left,Q5 Q3 B1,left,PASS
11813-right,Q5 Q3 B1,right,PASS
11814-left,Q5 Q3 L1,left,PASS
11814-right,Q5 Q3 L1,right,PASS
11815-left,Q5 Q3 R1,left,PASS
11815-right,Q5 Q3 R1,right,PASS
11816-left,Q5 Q3 Q2,left,PASS
11816-right,Q5 Q3 Q2,right,PASS
11817-left,Q5 Q3 B2,left,PASS
11817-right,Q5 Q3 B2,right,PASS
11818-left,Q5 Q3 L2,left,PASS
11819-left,Q5 Q3 R2,left,PASS
11819-right,Q5 Q3 R2,right,PASS
11820-left,Q5 Q3 Q3,left,PASS
11821-left,Q5 Q3 B3,left,PASS
11822-left,Q5 Q3 L3,left,PASS
11823-left,Q5 Q3 R3,left,PASS
11824-left,Q5 Q3 Q4,left,PASS
11824-right,Q5 Q3 Q4,right,PASS
11825-left,Q5 Q3 B4,left,PASS
11825-right,Q5 Q3 B4,right,PASS
11826-left,Q5 Q3 L4,left,PASS
11826-right,Q5 Q3 L4,right,PASS
11827-left,Q5 Q3 R4,left,PASS
11827-right,Q5 Q3 R4,right,PASS
11828-left,Q5 Q3 Q5,left,PASS
11828-right,Q5 Q3 Q5,right,PASS
11829-left,Q5 Q3 B5,left,PASS
11829-right,Q5 Q3 B5,right,PASS
11830-left,Q5 Q3 L5,left,PASS
11830-right,Q5 Q3 L5,right,PASS
11831-left,Q5 Q3 R5,left,PASS
11831-right,Q5 Q3 R5,right,PASS
11832-left,Q5 B3 Q0,left,PASS
11832-right,Q5 B3 Q0,right,PASS
11833-left,Q5 B3 B0,left,PASS
11833-right,Q5 B3 B0,right,PASS
11834-left,Q5 B3 L0,left,PASS
11834-right,Q5 B3 L0,right,PASS
11835-left,Q5 B3 R0,left,PASS
11835-right,Q5 B3 R0,right,PASS
11836-left,Q5 B3 Q1,left,PASS
11836-right,Q5 B3 Q1,right,PASS
11837-left,Q5 B3 B1,left,PASS
11837-right,Q5 B3 B1,right,PASS
11838-left,Q5 B3 L1,left,PASS
11838-right,Q5 B3 L1,right,PASS
11839-left,Q5 B3 R1,left,PASS
11839-right,Q5 B3 R1,right,PASS
11840-left,Q5 B3 Q2,left,PASS
11840-right,Q5 B3 Q2,right,PASS
11841-left,Q5 B3 B2,left,PASS
11841-right,Q5 B3 B2,right,PASS
11842-left,Q5 B3 L2,left,PASS
11843-left,Q5 B3 R2,left,PASS
11843-right,Q5 B3 R2,right,PASS
11844-left,Q5 B3 Q3,left,PASS
11845-left,Q5 B3 B3,left,PASS
11846-left,Q5 B3 L3,left,PASS
11847-left,Q5 B3 R3,left,PASS
11848-left,Q5 B3 Q4,left,PASS
11848-right,Q5 B3 Q4,right,PASS
11849-left,Q5 B3 B4,left,PASS
11849-right,Q5 B3 B4,right,PASS
11850-left,Q5 B3 L4,left,PASS
11850-right,Q5 B3 L4,right,PASS
11851-left,Q5 B3 R4,left,PASS
11851-right,Q5 B3 R4,right,PASS
11852-left,Q5 B3 Q5,left,PASS
11852-right,Q5 B3 Q5,right,PASS
11853-left,Q5 B3 B5,left,PASS
11853-right,Q5 B3 B5,right,PASS
11854-left,Q5 B3 L5,left,PASS
11854-right,Q5 B3 L5,right,PASS
11855-left,Q5 B3 R5,left,PASS
11855-right,Q5 B3 R5,right,PASS
11856-left,Q5 L3 Q0,left,PASS
11856-right,Q5 L3 Q0,right,PASS
11857-left,Q5 L3 B0,left,PASS
11857-right,Q5 L3 B0,right,PASS
11858-left,Q5 L3 L0,left,PASS
11859-left,Q5 L3 R0,left,PASS
11859-right,Q5 L3 R0,right,PASS
11860-left,Q5 L3 Q1,left,PASS
11860-right,Q5 L3 Q1,right,PASS
11861-left,Q5 L3 B1,left,PASS
11861-right,Q5 L3 B1,right,PASS
11862-left,Q5 L3 L1,left,PASS
11863-left,Q5 L3 R1,left,PASS
11863-right,Q5 L3 R1,right,PASS
11864-left,Q5 L3 Q2,left,PASS
11864-right,Q5 L3 Q2,right,PASS
11865-left,Q5 L3 B2,left,PASS
11865-right,Q5 L3 B2,right,PASS
11866-left,Q5 L3 L2,left,PASS
11867-left,Q5 L3 R2,left,PASS
11867-right,Q5 L3 R2,right,PASS
11868-left,Q5 L3 Q3,left,PASS
11869-left,Q5 L3 B3,left,PASS
11870-left,Q5 L3 L3,left,PASS
11871-left,Q5 L3 R3,left,PASS
11871-right,Q5 L3 R3,right,PASS
11872-left,Q5 L3 Q4,left,PASS
11873-left,Q5 L3 B4,left,PASS
11874-left,Q5 L3 L4,left,PASS
11875-left,Q5 L3 R4,left,PASS
11876-left,Q5 L3 Q5,left,PASS
11876-right,Q5 L3 Q5,right,PASS
11877-left,Q5 L3 B5,left,PASS
11877-right,Q5 L3 B5,right,PASS
11878-left,Q5 L3 L5,left,PASS
11879-left,Q5 L3 R5,left,PASS
11879-right,Q5 L3 R5,right,PASS
11880-left,Q5 R3 Q0,left,PASS
11880-right,Q5 R3 Q0,right,PASS
11881-left,Q5 R3 B0,left,PASS
11881-right,Q5 R3 B0,right,PASS
11882-left,Q5 R3 L0,left,PASS
11882-right,Q5 R3 L0,right,PASS
11883-left,Q5 R3 R0,left,PASS
11883-right,Q5 R3 R0,right,PASS
11884-left,Q5 R3 Q1,left,PASS
11884-right,Q5 R3 Q1,right,PASS
11885-left,Q5 R3 B1,left,PASS
11885-right,Q5 R3 B1,right,PASS
11886-left,Q5 R3 L1,left,PASS
11886-right,Q5 R3 L1,right,PASS
11887-left,Q5 R3 R1,left,PASS
11887-right,Q5 R3 R1,right,PASS
11888-left,Q5 R3 Q2,left,PASS
11888-right,Q5 R3 Q2,right,PASS
11889-left,Q5 R3 B2,left,PASS
11889-right,Q5 R3 B2,right,PASS
11890-left,Q5 R3 L2,left,PASS
11891-left,Q5 R3 R2,left,PASS
11891-right,Q5 R3 R2,right,PASS
11892-left,Q5 R3 Q3,left,PASS
11893-left,Q5 R3 B3,left,PASS
11894-left,Q5 R3 L3,left,PASS
11894-right,Q5 R3 L3,right,PASS
11895-left,Q5 R3 R3,left,PASS
11895-right,Q5 R3 R3,right,PASS
11896-left,Q5 R3 Q4,left,PASS
11896-right,Q5 R3 Q4,right,PASS
11897-left,Q5 R3 B4,left,PASS
11897-right,Q5 R3 B4,right,PASS
11898-left,Q5 R3 L4,left,PASS
11898-right,Q5 R3 L4,right,PASS
11899-left,Q5 R3 R4,left,PASS
11899-right,Q5 R3 R4,right,PASS
11900-left,Q5 R3 Q5,left,PASS
11900-right,Q5 R3 Q5,right,PASS
11901-left,Q5 R3 B5,left,PASS
11901-right,Q5 R3 B5,right,PASS
11902-left,Q5 R3 L5,left,PASS
11902-right,Q5 R3 L5,right,PASS
11903-left,Q5 R3 R5,left,PASS
11903-right,Q5 R3 R5,right,PASS
11904-left,Q5 Q4 Q0,left,PASS
11904-right,Q5 Q4 Q0,right,PASS
11905-left,Q5 Q4 B0,left,PASS
11905-right,Q5 Q4 B0,right,PASS
11906-left,Q5 Q4 L0,left,PASS
11906-right,Q5 Q4 L0,right,PASS
11907-left,Q5 Q4 R0,left,PASS
11907-right,Q5 Q4 R0,right,PASS
11908-left,Q5 Q4 Q1,left,PASS
11908-right,Q5 Q4 Q1,right,PASS
11909-left,Q5 Q4 B1,left,PASS
11909-right,Q5 Q4 B1,right,PASS
11910-left,Q5 Q4 L1,left,PASS
11910-right,Q5 Q4 L1,right,PASS
11911-left,Q5 Q4 R1,left,PASS
11911-right,Q5 Q4 R1,right,PASS
11912-left,Q5 Q4 Q2,left,PASS
11912-right,Q5 Q4 Q2,right,PASS
11913-left,Q5 Q4 B2,left,PASS
11913-right,Q5 Q4 B2,right,PASS
11914-left,Q5 Q4 L2,left,PASS
11914-right,Q5 Q4 L2,right,PASS
11915-left,Q5 Q4 R2,left,PASS
11915-right,Q5 Q4 R2,right,PASS
11916-left,Q5 Q4 Q3,left,PASS
11916-right,Q5 Q4 Q3,right,PASS
11917-left,Q5 Q4 B3,left,PASS
11917-right,Q5 Q4 B3,right,PASS
11918-left,Q5 Q4 L3,left,PASS
11919-left,Q5 Q4 R3,left,PASS
11919-right,Q5 Q4 R3,right,PASS
11920-left,Q5 Q4 Q4,left,PASS
11921-left,Q5 Q4 B4,left,PASS
11922-left,Q5 Q4 L4,left,PASS
11923-left,Q5 Q4 R4,left,PASS
11924-left,Q5 Q4 Q5,left,PASS
11924-right,Q5 Q4 Q5,right,PASS
11925-left,Q5 Q4 B5,left,PASS
11925-right,Q5 Q4 B5,right,PASS
11926-left,Q5 Q4 L5,left,PASS
11926-right,Q5 Q4 L5,right,PASS
11927-left,Q5 Q4 R5,left,PASS
11927-right,Q5 Q4 R5,right,PASS
11928-left,Q5 B4 Q0,left,PASS
11928-right,Q5 B4 Q0,right,PASS
11929-left,Q5 B4 B0,left,PASS
11929-right,Q5 B4 B0,right,PASS
11930-left,Q5 B4 L0,left,PASS
11930-right,Q5 B4 L0,right,PASS
11931-left,Q5 B4 R0,left,PASS
11931-right,Q5 B4 R0,right,PASS
11932-left,Q5 B4 Q1,left,PASS
11932-right,Q5 B4 Q1,right,PASS
11933-left,Q5 B4 B1,left,PASS
11933-right,Q5 B4 B1,right,PASS
11934-left,Q5 B4 L1,left,PASS
11934-right,Q5 B4 L1,right,PASS
11935-left,Q5 B4 R1,left,PASS
11935-right,Q5 B4 R1,right,PASS
11936-left,Q5 B4 Q2,left,PASS
11936-right,Q5 B4 Q2,right,PASS
11937-left,Q5 B4 B2,left,PASS
11937-right,Q5 B4 B2,right,PASS
11938-left,Q5 B4 L2,left,PASS
11938-right,Q5 B4 L2,right,PASS
11939-left,Q5 B4 R2,left,PASS
11939-right,Q5 B4 R2,right,PASS
11940-left,Q5 B4 Q3,left,PASS
11940-right,Q5 B4 Q3,right,PASS
11941-left,Q5 B4 B3,left,PASS
11941-right,Q5 B4 B3,right,PASS
11942-left,Q5 B4 L3,left,PASS
11943-left,Q5 B4 R3,left,PASS
11943-right,Q5 B4 R3,right,PASS
11944-left,Q5 B4 Q4,left,PASS
11945-left,Q5 B4 B4,left,PASS
11946-left,Q5 B4 L4,left,PASS
11947-left,Q5 B4 R4,left,PASS
11948-left,Q5 B4 Q5,left,PASS
11948-right,Q5 B4 Q5,right,PASS
11949-left,Q5 B4 B5,left,PASS
11949-right,Q5 B4 B5,right,PASS
11950-left,Q5 B4 L5,left,PASS
11950-right,Q5 B4 L5,right,PASS
11951-left,Q5 B4 R5,left,PASS
11951-right,Q5 B4 R5,right,PASS
11952-right,Q5 L4 Q0,right,PASS
11953-right,Q5 L4 B0,right,PASS
11955-right,Q5 L4 R0,right,PASS
11956-right,Q5 L4 Q1,right,PASS
11957-right,Q5 L4 B1,right,PASS
11959-right,Q5 L4 R1,right,PASS
11960-right,Q5 L4 Q2,right,PASS
11961-right,Q5 L4 B2,right,PASS
11963-right,Q5 L4 R2,right,PASS
11964-right,Q5 L4 Q3,right,PASS
11965-right,Q5 L4 B3,right,PASS
11967-right,Q5 L4 R3,right,PASS
11971-right,Q5 L4 R4,right,PASS
11976-left,Q5 R4 Q0,left,PASS
11976-right,Q5 R4 Q0,right,PASS
11977-left,Q5 R4 B0,left,PASS
11977-right,Q5 R4 B0,right,PASS
11978-left,Q5 R4 L0,left,PASS
11978-right,Q5 R4 L0,right,PASS
11979-left,Q5 R4 R0,left,PASS
11979-right,Q5 R4 R0,right,PASS
11980-left,Q5 R4 Q1,left,PASS
11980-right,Q5 R4 Q1,right,PASS
11981-left,Q5 R4 B1,left,PASS
11981-right,Q5 R4 B1,right,PASS
11982-left,Q5 R4 L1,left,PASS
11982-right,Q5 R4 L1,right,PASS
11983-left,Q5 R4 R1,left,PASS
11983-right,Q5 R4 R1,right,PASS
11984-left,Q5 R4 Q2,left,PASS
11984-right,Q5 R4 Q2,right,PASS
11985-left,Q5 R4 B2,left,PASS
11985-right,Q5 R4 B2,right,PASS
11986-left,Q5 R4 L2,left,PASS
11986-right,Q5 R4 L2,right,PASS
11987-left,Q5 R4 R2,left,PASS
11987-right,Q5 R4 R2,right,PASS
11988-left,Q5 R4 Q3,left,PASS
11988-right,Q5 R4 Q3,right,PASS
11989-left,Q5 R4 B3,left,PASS
11989-right,Q5 R4 B3,right,PASS
11990-left,Q5 R4 L3,left,PASS
11991-left,Q5 R4 R3,left,PASS
11991-right,Q5 R4 R3,right,PASS
11992-left,Q5 R4 Q4,left,PASS
11993-left,Q5 R4 B4,left,PASS
11994-left,Q5 R4 L4,left,PASS
11994-right,Q5 R4 L4,right,PASS
11995-left,Q5 R4 R4,left,PASS
11995-right,Q5 R4 R4,right,PASS
11996-left,Q5 R4 Q5,left,PASS
11996-right,Q5 R4 Q5,right,PASS
11997-left,Q5 R4 B5,left,PASS
11997-right,Q5 R4 B5,right,PASS
11998-left,Q5 R4 L5,left,PASS
11998-right,Q5 R4 L5,right,PASS
11999-left,Q5 R4 R5,left,PASS
11999-right,Q5 R4 R5,right,PASS
12000-right,Q5 Q5 Q0,right,PASS
12001-right,Q5 Q5 B0,right,PASS
12002-right,Q5 Q5 L0,right,PASS
12003-right,Q5 Q5 R0,right,PASS
12004-right,Q5 Q5 Q1,right,PASS
12005-right,Q5 Q5 B1,right,PASS
12006-right,Q5 Q5 L1,right,PASS
12007-right,Q5 Q5 R1,right,PASS
12008-right,Q5 Q5 Q2,right,PASS
12009-right,Q5 Q5 B2,right,PASS
12010-right,Q5 Q5 L2,right,PASS
12011-right,Q5 Q5 R2,right,PASS
12012-right,Q5 Q5 Q3,right,PASS
12013-right,Q5 Q5 B3,right,PASS
12014-right,Q5 Q5 L3,right,PASS
12015-right,Q5 Q5 R3,right,PASS
12016-right,Q5 Q5 Q4,right,PASS
12017-right,Q5 Q5 B4,right,PASS
12019-right,Q5 Q5 R4,right,PASS
12024-right,Q5 B5 Q0,right,PASS
12025-right,Q5 B5 B0,right,PASS
12026-right,Q5 B5 L0,right,PASS
12027-right,Q5 B5 R0,right,PASS
12028-right,Q5 B5 Q1,right,PASS
12029-right,Q5 B5 B1,right,PASS
12030-right,Q5 B5 L1,right,PASS
12031-right,Q5 B5 R1,right,PASS
12032-right,Q5 B5 Q2,right,PASS
12033-right,Q5 B5 B2,right,PASS
12034-right,Q5 B5 L2,right,PASS
12035-right,Q5 B5 R2,right,PASS
12036-right,Q5 B5 Q3,right,PASS
12037-right,Q5 B5 B3,right,PASS
12038-right,Q5 B5 L3,right,PASS
12039-right,Q5 B5 R3,right,PASS
12040-right,Q5 B5 Q4,right,PASS
12041-right,Q5 B5 B4,right,PASS
12043-right,Q5 B5 R4,right,PASS
12052-right,Q5 L5 Q1,right,PASS
12053-right,Q5 L5 B1,right,PASS
12055-right,Q5 L5 R1,right,PASS
12056-right,Q5 L5 Q2,right,PASS
12057-right,Q5 L5 B2,right,PASS
12059-right,Q5 L5 R2,right,PASS
12060-right,Q5 L5 Q3,right,PASS
12061-right,Q5 L5 B3,right,PASS
12063-right,Q5 L5 R3,right,PASS
12064-right,Q5 L5 Q4,right,PASS
12065-right,Q5 L5 B4,right,PASS
12067-right,Q5 L5 R4,right,PASS
12071-right,Q5 L5 R5,right,PASS
12072-right,Q5 R5 Q0,right,PASS
12073-right,Q5 R5 B0,right,PASS
12074-right,Q5 R5 L0,right,PASS
12075-right,Q5 R5 R0,right,PASS
12076-right,Q5 R5 Q1,right,PASS
12077-right,Q5 R5 B1,right,PASS
12078-right,Q5 R5 L1,right,PASS
12079-right,Q5 R5 R1,right,PASS
12080-right,Q5 R5 Q2,right,PASS
12081-right,Q5 R5 B2,right,PASS
12082-right,Q5 R5 L2,right,PASS
12083-right,Q5 R5 R2,right,PASS
12084-right,Q5 R5 Q3,right,PASS
12085-right,Q5 R5 B3,right,PASS
12086-right,Q5 R5 L3,right,PASS
12087-right,Q5 R5 R3,right,PASS
12088-right,Q5 R5 Q4,right,PASS
12089-right,Q5 R5 B4,right,PASS
12091-right,Q5 R5 R4,right,PASS
12094-right,Q5 R5 L5,right,PASS
12095-right,Q5 R5 R5,right,PASS
12096-left,B5 Q0 Q0,left,PASS
12097-left,B5 Q0 B0,left,PASS
12098-left,B5 Q0 L0,left,PASS
12099-left,B5 Q0 R0,left,PASS
12100-left,B5 Q0 Q1,left,PASS
12100-right,B5 Q0 Q1,right,PASS
12101-left,B5 Q0 B1,left,PASS
12101-right,B5 Q0 B1,right,PASS
12102-left,B5 Q0 L1,left,PASS
12102-right,B5 Q0 L1,right,PASS
12103-left,B5 Q0 R1,left,PASS
12103-right,B5 Q0 R1,right,PASS
12104-left,B5 Q0 Q2,left,PASS
12104-right,B5 Q0 Q2,right,PASS
12105-left,B5 Q0 B2,left,PASS
12105-right,B5 Q0 B2,right,PASS
12106-left,B5 Q0 L2,left,PASS
12106-right,B5 Q0 L2,right,PASS
12107-left,B5 Q0 R2,left,PASS
12107-right,B5 Q0 R2,right,PASS
12108-left,B5 Q0 Q3,left,PASS
12108-right,B5 Q0 Q3,right,PASS
12109-left,B5 Q0 B3,left,PASS
12109-right,B5 Q0 B3,right,PASS
12110-left,B5 Q0 L3,left,PASS
12110-right,B5 Q0 L3,right,PASS
12111-left,B5 Q0 R3,left,PASS
12111-right,B5 Q0 R3,right,PASS
12112-left,B5 Q0 Q4,left,PASS
12112-right,B5 Q0 Q4,right,PASS
12113-left,B5 Q0 B4,left,PASS
12113-right,B5 Q0 B4,right,PASS
12114-left,B5 Q0 L4,left,PASS
12114-right,B5 Q0 L4,right,PASS
12115-left,B5 Q0 R4,left,PASS
12115-right,B5 Q0 R4,right,PASS
12116-left,B5 Q0 Q5,left,PASS
12116-right,B5 Q0 Q5,right,PASS
12117-left,B5 Q0 B5,left,PASS
12117-right,B5 Q0 B5,right,PASS
12118-left,B5 Q0 L5,left,PASS
12119-left,B5 Q0 R5,left,PASS
12119-right,B5 Q0 R5,right,PASS
12120-left,B5 B0 Q0,left,PASS
12121-left,B5 B0 B0,left,PASS
12122-left,B5 B0 L0,left,PASS
12123-left,B5 B0 R0,left,PASS
12124-left,B5 B0 Q1,left,PASS
12124-right,B5 B0 Q1,right,PASS
12125-left,B5 B0 B1,left,PASS
12125-right,B5 B0 B1,right,PASS
12126-left,B5 B0 L1,left,PASS
12126-right,B5 B0 L1,right,PASS
12127-left,B5 B0 R1,left,PASS
12127-right,B5 B0 R1,right,PASS
12128-left,B5 B0 Q2,left,PASS
12128-right,B5 B0 Q2,right,PASS
12129-left,B5 B0 B2,left,PASS
12129-right,B5 B0 B2,right,PASS
12130-left,B5 B0 L2,left,PASS
12130-right,B5 B0 L2,right,PASS
12131-left,B5 B0 R2,left,PASS
12131-right,B5 B0 R2,right,PASS
12132-left,B5 B0 Q3,left,PASS
12132-right,B5 B0 Q3,right,PASS
12133-left,B5 B0 B3,left,PASS
12133-right,B5 B0 B3,right,PASS
12134-left,B5 B0 L3,left,PASS
12134-right,B5 B0 L3,right,PASS
12135-left,B5 B0 R3,left,PASS
12135-right,B5 B0 R3,right,PASS
12136-left,B5 B0 Q4,left,PASS
12136-right,B5 B0 Q4,right,PASS
12137-left,B5 B0 B4,left,PASS
12137-right,B5 B0 B4,right,PASS
12138-left,B5 B0 L4,left,PASS
12138-right,B5 B0 L4,right,PASS
12139-left,B5 B0 R4,left,PASS
12139-right,B5 B0 R4,right,PASS
12140-left,B5 B0 Q5,left,PASS
12140-right,B5 B0 Q5,right,PASS
12141-left,B5 B0 B5,left,PASS
12141-right,B5 B0 B5,right,PASS
12142-left,B5 B0 L5,left,PASS
12143-left,B5 B0 R5,left,PASS
12143-right,B5 B0 R5,right,PASS
12144-left,B5 L0 Q0,left,PASS
12145-left,B5 L0 B0,left,PASS
12146-left,B5 L0 L0,left,PASS
12147-left,B5 L0 R0,left,PASS
12147-right,B5 L0 R0,right,PASS
12148-left,B5 L0 Q1,left,PASS
12149-left,B5 L0 B1,left,PASS
12150-left,B5 L0 L1,left,PASS
12151-left,B5 L0 R1,left,PASS
12152-left,B5 L0 Q2,left,PASS
12152-right,B5 L0 Q2,right,PASS
12153-left,B5 L0 B2,left,PASS
12153-right,B5 L0 B2,right,PASS
12154-left,B5 L0 L2,left,PASS
12155-left,B5 L0 R2,left,PASS
12155-right,B5 L0 R2,right,PASS
12156-left,B5 L0 Q3,left,PASS
12156-right,B5 L0 Q3,right,PASS
12157-left,B5 L0 B3,left,PASS
12157-right,B5 L0 B3,right,PASS
12158-left,B5 L0 L3,left,PASS
12159-left,B5 L0 R3,left,PASS
12159-right,B5 L0 R3,right,PASS
12160-left,B5 L0 Q4,left,PASS
12160-right,B5 L0 Q4,right,PASS
12161-left,B5 L0 B4,left,PASS
12161-right,B5 L0 B4,right,PASS
12162-left,B5 L0 L4,left,PASS
12163-left,B5 L0 R4,left,PASS
12163-right,B5 L0 R4,right,PASS
12164-left,B5 L0 Q5,left,PASS
12164-right,B5 L0 Q5,right,PASS
12165-left,B5 L0 B5,left,PASS
12165-right,B5 L0 B5,right,PASS
12166-left,B5 L0 L5,left,PASS
12167-left,B5 L0 R5,left,PASS
12167-right,B5 L0 R5,right,PASS
12168-left,B5 R0 Q0,left,PASS
12169-left,B5 R0 B0,left,PASS
12170-left,B5 R0 L0,left,PASS
12170-right,B5 R0 L0,right,PASS
12171-left,B5 R0 R0,left,PASS
12171-right,B5 R0 R0,right,PASS
12172-left,B5 R0 Q1,left,PASS
12172-right,B5 R0 Q1,right,PASS
12173-left,B5 R0 B1,left,PASS
12173-right,B5 R0 B1,right,PASS
12174-left,B5 R0 L1,left,PASS
12174-right,B5 R0 L1,right,PASS
12175-left,B5 R0 R1,left,PASS
12175-right,B5 R0 R1,right,PASS
12176-left,B5 R0 Q2,left,PASS
12176-right,B5 R0 Q2,right,PASS
12177-left,B5 R0 B2,left,PASS
12177-right,B5 R0 B2,right,PASS
12178-left,B5 R0 L2,left,PASS
12178-right,B5 R0 L2,right,PASS
12179-left,B5 R0 R2,left,PASS
12179-right,B5 R0 R2,right,PASS
12180-left,B5 R0 Q3,left,PASS
12180-right,B5 R0 Q3,right,PASS
12181-left,B5 R0 B3,left,PASS
12181-right,B5 R0 B3,right,PASS
12182-left,B5 R0 L3,left,PASS
12182-right,B5 R0 L3,right,PASS
12183-left,B5 R0 R3,left,PASS
12183-right,B5 R0 R3,right,PASS
12184-left,B5 R0 Q4,left,PASS
12184-right,B5 R0 Q4,right,PASS
12185-left,B5 R0 B4,left,PASS
12185-right,B5 R0 B4,right,PASS
12186-left,B5 R0 L4,left,PASS
12186-right,B5 R0 L4,right,PASS
12187-left,B5 R0 R4,left,PASS
12187-right,B5 R0 R4,right,PASS
12188-left,B5 R0 Q5,left,PASS
12188-right,B5 R0 Q5,right,PASS
12189-left,B5 R0 B5,left,PASS
12189-right,B5 R0 B5,right,PASS
12190-left,B5 R0 L5,left,PASS
12191-left,B5 R0 R5,left,PASS
12191-right,B5 R0 R5,right,PASS
12192-left,B5 Q1 Q0,left,PASS
12192-right,B5 Q1 Q0,right,PASS
12193-left,B5 Q1 B0,left,PASS
12193-right,B5 Q1 B0,right,PASS
12194-left,B5 Q1 L0,left,PASS
12195-left,B5 Q1 R0,left,PASS
12195-right,B5 Q1 R0,right,PASS
12196-left,B5 Q1 Q1,left,PASS
12197-left,B5 Q1 B1,left,PASS
12198-left,B5 Q1 L1,left,PASS
12199-left,B5 Q1 R1,left,PASS
12200-left,B5 Q1 Q2,left,PASS
12200-right,B5 Q1 Q2,right,PASS
12201-left,B5 Q1 B2,left,PASS
12201-right,B5 Q1 B2,right,PASS
12202-left,B5 Q1 L2,left,PASS
12202-right,B5 Q1 L2,right,PASS
12203-left,B5 Q1 R2,left,PASS
12203-right,B5 Q1 R2,right,PASS
12204-left,B5 Q1 Q3,left,PASS
12204-right,B5 Q1 Q3,right,PASS
12205-left,B5 Q1 B3,left,PASS
12205-right,B5 Q1 B3,right,PASS
12206-left,B5 Q1 L3,left,PASS
12206-right,B5 Q1 L3,right,PASS
12207-left,B5 Q1 R3,left,PASS
12207-right,B5 Q1 R3,right,PASS
12208-left,B5 Q1 Q4,left,PASS
12208-right,B5 Q1 Q4,right,PASS
12209-left,B5 Q1 B4,left,PASS
12209-right,B5 Q1 B4,right,PASS
12210-left,B5 Q1 L4,left,PASS
12210-right,B5 Q1 L4,right,PASS
12211-left,B5 Q1 R4,left,PASS
12211-right,B5 Q1 R4,right,PASS
12212-left,B5 Q1 Q5,left,PASS
12212-right,B5 Q1 Q5,right,PASS
12213-left,B5 Q1 B5,left,PASS
12213-right,B5 Q1 B5,right,PASS
12214-left,B5 Q1 L5,left,PASS
12214-right,B5 Q1 L5,right,PASS
12215-left,B5 Q1 R5,left,PASS
12215-right,B5 Q1 R5,right,PASS
12216-left,B5 B1 Q0,left,PASS
12216-right,B5 B1 Q0,right,PASS
12217-left,B5 B1 B0,left,PASS
12217-right,B5 B1 B0,right,PASS
12218-left,B5 B1 L0,left,PASS
12219-left,B5 B1 R0,left,PASS
12219-right,B5 B1 R0,right,PASS
12220-left,B5 B1 Q1,left,PASS
12221-left,B5 B1 B1,left,PASS
12222-left,B5 B1 L1,left,PASS
12223-left,B5 B1 R1,left,PASS
12224-left,B5 B1 Q2,left,PASS
12224-right,B5 B1 Q2,right,PASS
12225-left,B5 B1 B2,left,PASS
12225-right,B5 B1 B2,right,PASS
12226-left,B5 B1 L2,left,PASS
12226-right,B5 B1 L2,right,PASS
12227-left,B5 B1 R2,left,PASS
12227-right,B5 B1 R2,right,PASS
12228-left,B5 B1 Q3,left,PASS
12228-right,B5 B1 Q3,right,PASS
12229-left,B5 B1 B3,left,PASS
12229-right,B5 B1 B3,right,PASS
12230-left,B5 B1 L3,left,PASS
12230-right,B5 B1 L3,right,PASS
12231-left,B5 B1 R3,left,PASS
12231-right,B5 B1 R3,right,PASS
12232-left,B5 B1 Q4,left,PASS
12232-right,B5 B1 Q4,right,PASS
12233-left,B5 B1 B4,left,PASS
12233-right,B5 B1 B4,right,PASS
12234-left,B5 B1 L4,left,PASS
12234-right,B5 B1 L4,right,PASS
12235-left,B5 B1 R4,left,PASS
12235-right,B5 B1 R4,right,PASS
12236-left,B5 B1 Q5,left,PASS
12236-right,B5 B1 Q5,right,PASS
12237-left,B5 B1 B5,left,PASS
12237-right,B5 B1 B5,right,PASS
12238-left,B5 B1 L5,left,PASS
12238-right,B5 B1 L5,right,PASS
12239-left,B5 B1 R5,left,PASS
12239-right,B5 B1 R5,right,PASS
12240-left,B5 L1 Q0,left,PASS
12240-right,B5 L1 Q0,right,PASS
12241-left,B5 L1 B0,left,PASS
12241-right,B5 L1 B0,right,PASS
12242-left,B5 L1 L0,left,PASS
12243-left,B5 L1 R0,left,PASS
12243-right,B5 L1 R0,right,PASS
12244-left,B5 L1 Q1,left,PASS
12245-left,B5 L1 B1,left,PASS
12246-left,B5 L1 L1,left,PASS
12247-left,B5 L1 R1,left,PASS
12247-right,B5 L1 R1,right,PASS
12248-left,B5 L1 Q2,left,PASS
12249-left,B5 L1 B2,left,PASS
12250-left,B5 L1 L2,left,PASS
12251-left,B5 L1 R2,left,PASS
12252-left,B5 L1 Q3,left,PASS
12252-right,B5 L1 Q3,right,PASS
12253-left,B5 L1 B3,left,PASS
12253-right,B5 L1 B3,right,PASS
12254-left,B5 L1 L3,left,PASS
12255-left,B5 L1 R3,left,PASS
12255-right,B5 L1 R3,right,PASS
12256-left,B5 L1 Q4,left,PASS
12256-right,B5 L1 Q4,right,PASS
12257-left,B5 L1 B4,left,PASS
12257-right,B5 L1 B4,right,PASS
12258-left,B5 L1 L4,left,PASS
12259-left,B5 L1 R4,left,PASS
12259-right,B5 L1 R4,right,PASS
12260-left,B5 L1 Q5,left,PASS
12260-right,B5 L1 Q5,right,PASS
12261-left,B5 L1 B5,left,PASS
12261-right,B5 L1 B5,right,PASS
12262-left,B5 L1 L5,left,PASS
12263-left,B5 L1 R5,left,PASS
12263-right,B5 L1 R5,right,PASS
12264-left,B5 R1 Q0,left,PASS
12264-right,B5 R1 Q0,right,PASS
12265-left,B5 R1 B0,left,PASS
12265-right,B5 R1 B0,right,PASS
12266-left,B5 R1 L0,left,PASS
12267-left,B5 R1 R0,left,PASS
12267-right,B5 R1 R0,right,PASS
12268-left,B5 R1 Q1,left,PASS
12269-left,B5 R1 B1,left,PASS
12270-left,B5 R1 L1,left,PASS
12270-right,B5 R1 L1,right,PASS
12271-left,B5 R1 R1,left,PASS
12271-right,B5 R1 R1,right,PASS
12272-left,B5 R1 Q2,left,PASS
12272-right,B5 R1 Q2,right,PASS
12273-left,B5 R1 B2,left,PASS
12273-right,B5 R1 B2,right,PASS
12274-left,B5 R1 L2,left,PASS
12274-right,B5 R1 L2,right,PASS
12275-left,B5 R1 R2,left,PASS
12275-right,B5 R1 R2,right,PASS
12276-left,B5 R1 Q3,left,PASS
12276-right,B5 R1 Q3,right,PASS
12277-left,B5 R1 B3,left,PASS
12277-right,B5 R1 B3,right,PASS
12278-left,B5 R1 L3,left,PASS
12278-right,B5 R1 L3,right,PASS
12279-left,B5 R1 R3,left,PASS
12279-right,B5 R1 R3,right,PASS
12280-left,B5 R1 Q4,left,PASS
12280-right,B5 R1 Q4,right,PASS
12281-left,B5 R1 B4,left,PASS
12281-right,B5 R1 B4,right,PASS
12282-left,B5 R1 L4,left,PASS
12282-right,B5 R1 L4,right,PASS
12283-left,B5 R1 R4,left,PASS
12283-right,B5 R1 R4,right,PASS
12284-left,B5 R1 Q5,left,PASS
12284-right,B5 R1 Q5,right,PASS
12285-left,B5 R1 B5,left,PASS
12285-right,B5 R1 B5,right,PASS
12286-left,B5 R1 L5,left,PASS
12286-right,B5 R1 L5,right,PASS
12287-left,B5 R1 R5,left,PASS
12287-right,B5 R1 R5,right,PASS
12288-left,B5 Q2 Q0,left,PASS
12288-right,B5 Q2 Q0,right,PASS
12289-left,B5 Q2 B0,left,PASS
12289-right,B5 Q2 B0,right,PASS
12290-left,B5 Q2 L0,left,PASS
12290-right,B5 Q2 L0,right,PASS
12291-left,B5 Q2 R0,left,PASS
12291-right,B5 Q2 R0,right,PASS
12292-left,B5 Q2 Q1,left,PASS
12292-right,B5 Q2 Q1,right,PASS
12293-left,B5 Q2 B1,left,PASS
12293-right,B5 Q2 B1,right,PASS
12294-left,B5 Q2 L1,left,PASS
12295-left,B5 Q2 R1,left,PASS
12295-right,B5 Q2 R1,right,PASS
12296-left,B5 Q2 Q2,left,PASS
12297-left,B5 Q2 B2,left,PASS
12298-left,B5 Q2 L2,left,PASS
12299-left,B5 Q2 R2,left,PASS
12300-left,B5 Q2 Q3,left,PASS
12300-right,B5 Q2 Q3,right,PASS
12301-left,B5 Q2 B3,left,PASS
12301-right,B5 Q2 B3,right,PASS
12302-left,B5 Q2 L3,left,PASS
12302-right,B5 Q2 L3,right,PASS
12303-left,B5 Q2 R3,left,PASS
12303-right,B5 Q2 R3,right,PASS
12304-left,B5 Q2 Q4,left,PASS
12304-right,B5 Q2 Q4,right,PASS
12305-left,B5 Q2 B4,left,PASS
12305-right,B5 Q2 B4,right,PASS
12306-left,B5 Q2 L4,left,PASS
12306-right,B5 Q2 L4,right,PASS
12307-left,B5 Q2 R4,left,PASS
12307-right,B5 Q2 R4,right,PASS
12308-left,B5 Q2 Q5,left,PASS
12308-right,B5 Q2 Q5,right,PASS
12309-left,B5 Q2 B5,left,PASS
12309-right,B5 Q2 B5,right,PASS
12310-left,B5 Q2 L5,left,PASS
12310-right,B5 Q2 L5,right,PASS
12311-left,B5 Q2 R5,left,PASS
12311-right,B5 Q2 R5,right,PASS
12312-left,B5 B2 Q0,left,PASS
12312-right,B5 B2 Q0,right,PASS
12313-left,B5 B2 B0,left,PASS
12313-right,B5 B2 B0,right,PASS
12314-left,B5 B2 L0,left,PASS
12314-right,B5 B2 L0,right,PASS
12315-left,B5 B2 R0,left,PASS
12315-right,B5 B2 R0,right,PASS
12316-left,B5 B2 Q1,left,PASS
12316-right,B5 B2 Q1,right,PASS
12317-left,B5 B2 B1,left,PASS
12317-right,B5 B2 B1,right,PASS
12318-left,B5 B2 L1,left,PASS
12319-left,B5 B2 R1,left,PASS
12319-right,B5 B2 R1,right,PASS
12320-left,B5 B2 Q2,left,PASS
12321-left,B5 B2 B2,left,PASS
12322-left,B5 B2 L2,left,PASS
12323-left,B5 B2 R2,left,PASS
12324-left,B5 B2 Q3,left,PASS
12324-right,B5 B2 Q3,right,PASS
12325-left,B5 B2 B3,left,PASS
12325-right,B5 B2 B3,right,PASS
12326-left,B5 B2 L3,left,PASS
12326-right,B5 B2 L3,right,PASS
12327-left,B5 B2 R3,left,PASS
12327-right,B5 B2 R3,right,PASS
12328-left,B5 B2 Q4,left,PASS
12328-right,B5 B2 Q4,right,PASS
12329-left,B5 B2 B4,left,PASS
12329-right,B5 B2 B4,right,PASS
12330-left,B5 B2 L4,left,PASS
12330-right,B5 B2 L4,right,PASS
12331-left,B5 B2 R4,left,PASS
12331-right,B5 B2 R4,right,PASS
12332-left,B5 B2 Q5,left,PASS
12332-right,B5 B2 Q5,right,PASS
12333-left,B5 B2 B5,left,PASS
12333-right,B5 B2 B5,right,PASS
12334-left,B5 B2 L5,left,PASS
12334-right,B5 B2 L5,right,PASS
12335-left,B5 B2 R5,left,PASS
12335-right,B5 B2 R5,right,PASS
12336-left,B5 L2 Q0,left,PASS
12336-right,B5 L2 Q0,right,PASS
12337-left,B5 L2 B0,left,PASS
12337-right,B5 L2 B0,right,PASS
12338-left,B5 L2 L0,left,PASS
12339-left,B5 L2 R0,left,PASS
12339-right,B5 L2 R0,right,PASS
12340-left,B5 L2 Q1,left,PASS
12340-right,B5 L2 Q1,right,PASS
12341-left,B5 L2 B1,left,PASS
12341-right,B5 L2 B1,right,PASS
12342-left,B5 L2 L1,left,PASS
12343-left,B5 L2 R1,left,PASS
12343-right,B5 L2 R1,right,PASS
12344-left,B5 L2 Q2,left,PASS
12345-left,B5 L2 B2,left,PASS
12346-left,B5 L2 L2,left,PASS
12347-left,B5 L2 R2,left,PASS
12347-right,B5 L2 R2,right,PASS
12348-left,B5 L2 Q3,left,PASS
12349-left,B5 L2 B3,left,PASS
12350-left,B5 L2 L3,left,PASS
12351-left,B5 L2 R3,left,PASS
12352-left,B5 L2 Q4,left,PASS
12352-right,B5 L2 Q4,right,PASS
12353-left,B5 L2 B4,left,PASS
12353-right,B5 L2 B4,right,PASS
12354-left,B5 L2 L4,left,PASS
12355-left,B5 L2 R4,left,PASS
12355-right,B5 L2 R4,right,PASS
12356-left,B5 L2 Q5,left,PASS
12356-right,B5 L2 Q5,right,PASS
12357-left,B5 L2 B5,left,PASS
12357-right,B5 L2 B5,right,PASS
12358-left,B5 L2 L5,left,PASS
12359-left,B5 L2 R5,left,PASS
12359-right,B5 L2 R5,right,PASS
12360-left,B5 R2 Q0,left,PASS
12360-right,B5 R2 Q0,right,PASS
12361-left,B5 R2 B0,left,PASS
12361-right,B5 R2 B0,right,PASS
12362-left,B5 R2 L0,left,PASS
12362-right,B5 R2 L0,right,PASS
12363-left,B5 R2 R0,left,PASS
12363-right,B5 R2 R0,right,PASS
12364-left,B5 R2 Q1,left,PASS
12364-right,B5 R2 Q1,right,PASS
12365-left,B5 R2 B1,left,PASS
12365-right,B5 R2 B1,right,PASS
12366-left,B5 R2 L1,left,PASS
12367-left,B5 R2 R1,left,PASS
12367-right,B5 R2 R1,right,PASS
12368-left,B5 R2 Q2,left,PASS
12369-left,B5 R2 B2,left,PASS
12370-left,B5 R2 L2,left,PASS
12370-right,B5 R2 L2,right,PASS
12371-left,B5 R2 R2,left,PASS
12371-right,B5 R2 R2,right,PASS
12372-left,B5 R2 Q3,left,PASS
12372-right,B5 R2 Q3,right,PASS
12373-left,B5 R2 B3,left,PASS
12373-right,B5 R2 B3,right,PASS
12374-left,B5 R2 L3,left,PASS
12374-right,B5 R2 L3,right,PASS
12375-left,B5 R2 R3,left,PASS
12375-right,B5 R2 R3,right,PASS
12376-left,B5 R2 Q4,left,PASS
12376-right,B5 R2 Q4,right,PASS
12377-left,B5 R2 B4,left,PASS
12377-right,B5 R2 B4,right,PASS
12378-left,B5 R2 L4,left,PASS
12378-right,B5 R2 L4,right,PASS
12379-left,B5 R2 R4,left,PASS
12379-right,B5 R2 R4,right,PASS
12380-left,B5 R2 Q5,left,PASS
12380-right,B5 R2 Q5,right,PASS
12381-left,B5 R2 B5,left,PASS
12381-right,B5 R2 B5,right,PASS
12382-left,B5 R2 L5,left,PASS
12382-right,B5 R2 L5,right,PASS
12383-left,B5 R2 R5,left,PASS
12383-right,B5 R2 R5,right,PASS
12384-left,B5 Q3 Q0,left,PASS
12384-right,B5 Q3 Q0,right,PASS
12385-left,B5 Q3 B0,left,PASS
12385-right,B5 Q3 B0,right,PASS
12386-left,B5 Q3 L0,left,PASS
12386-right,B5 Q3 L0,right,PASS
12387-left,B5 Q3 R0,left,PASS
12387-right,B5 Q3 R0,right,PASS
12388-left,B5 Q3 Q1,left,PASS
12388-right,B5 Q3 Q1,right,PASS
12389-left,B5 Q3 B1,left,PASS
12389-right,B5 Q3 B1,right,PASS
12390-left,B5 Q3 L1,left,PASS
12390-right,B5 Q3 L1,right,PASS
12391-left,B5 Q3 R1,left,PASS
12391-right,B5 Q3 R1,right,PASS
12392-left,B5 Q3 Q2,left,PASS
12392-right,B5 Q3 Q2,right,PASS
12393-left,B5 Q3 B2,left,PASS
12393-right,B5 Q3 B2,right,PASS
12394-left,B5 Q3 L2,left,PASS
12395-left,B5 Q3 R2,left,PASS
12395-right,B5 Q3 R2,right,PASS
12396-left,B5 Q3 Q3,left,PASS
12397-left,B5 Q3 B3,left,PASS
12398-left,B5 Q3 L3,left,PASS
12399-left,B5 Q3 R3,left,PASS
12400-left,B5 Q3 Q4,left,PASS
12400-right,B5 Q3 Q4,right,PASS
12401-left,B5 Q3 B4,left,PASS
12401-right,B5 Q3 B4,right,PASS
12402-left,B5 Q3 L4,left,PASS
12402-right,B5 Q3 L4,right,PASS
12403-left,B5 Q3 R4,left,PASS
12403-right,B5 Q3 R4,right,PASS
12404-left,B5 Q3 Q5,left,PASS
12404-right,B5 Q3 Q5,right,PASS
12405-left,B5 Q3 B5,left,PASS
12405-right,B5 Q3 B5,right,PASS
12406-left,B5 Q3 L5,left,PASS
12406-right,B5 Q3 L5,right,PASS
12407-left,B5 Q3 R5,left,PASS
12407-right,B5 Q3 R5,right,PASS
12408-left,B5 B3 Q0,left,PASS
12408-right,B5 B3 Q0,right,PASS
12409-left,B5 B3 B0,left,PASS
12409-right,B5 B3 B0,right,PASS
12410-left,B5 B3 L0,left,PASS
12410-right,B5 B3 L0,right,PASS
12411-left,B5 B3 R0,left,PASS
12411-right,B5 B3 R0,right,PASS
12412-left,B5 B3 Q1,left,PASS
12412-right,B5 B3 Q1,right,PASS
12413-left,B5 B3 B1,left,PASS
12413-right,B5 B3 B1,right,PASS
12414-left,B5 B3 L1,left,PASS
12414-right,B5 B3 L1,right,PASS
12415-left,B5 B3 R1,left,PASS
12415-right,B5 B3 R1,right,PASS
12416-left,B5 B3 Q2,left,PASS
12416-right,B5 B3 Q2,right,PASS
12417-left,B5 B3 B2,left,PASS
12417-right,B5 B3 B2,right,PASS
12418-left,B5 B3 L2,left,PASS
12419-left,B5 B3 R2,left,PASS
12419-right,B5 B3 R2,right,PASS
12420-left,B5 B3 Q3,left,PASS
12421-left,B5 B3 B3,left,PASS
12422-left,B5 B3 L3,left,PASS
12423-left,B5 B3 R3,left,PASS
12424-left,B5 B3 Q4,left,PASS
12424-right,B5 B3 Q4,right,PASS
12425-left,B5 B3 B4,left,PASS
12425-right,B5 B3 B4,right,PASS
12426-left,B5 B3 L4,left,PASS
12426-right,B5 B3 L4,right,PASS
12427-left,B5 B3 R4,left,PASS
12427-right,B5 B3 R4,right,PASS
12428-left,B5 B3 Q5,left,PASS
12428-right,B5 B3 Q5,right,PASS
12429-left,B5 B3 B5,left,PASS
12429-right,B5 B3 B5,right,PASS
12430-left,B5 B3 L5,left,PASS
12430-right,B5 B3 L5,right,PASS
12431-left,B5 B3 R5,left,PASS
12431-right,B5 B3 R5,right,PASS
12432-left,B5 L3 Q0,left,PASS
12432-right,B5 L3 Q0,right,PASS
12433-left,B5 L3 B0,left,PASS
12433-right,B5 L3 B0,right,PASS
12434-left,B5 L3 L0,left,PASS
12435-left,B5 L3 R0,left,PASS
12435-right,B5 L3 R0,right,PASS
12436-left,B5 L3 Q1,left,PASS
12436-right,B5 L3 Q1,right,PASS
12437-left,B5 L3 B1,left,PASS
12437-right,B5 L3 B1,right,PASS
12438-left,B5 L3 L1,left,PASS
12439-left,B5 L3 R1,left,PASS
12439-right,B5 L3 R1,right,PASS
12440-left,B5 L3 Q2,left,PASS
12440-right,B5 L3 Q2,right,PASS
12441-left,B5 L3 B2,left,PASS
12441-right,B5 L3 B2,right,PASS
12442-left,B5 L3 L2,left,PASS
12443-left,B5 L3 R2,left,PASS
12443-right,B5 L3 R2,right,PASS
12444-left,B5 L3 Q3,left,PASS
12445-left,B5 L3 B3,left,PASS
12446-left,B5 L3 L3,left,PASS
12447-left,B5 L3 R3,left,PASS
12447-right,B5 L3 R3,right,PASS
12448-left,B5 L3 Q4,left,PASS
12449-left,B5 L3 B4,left,PASS
12450-left,B5 L3 L4,left,PASS
12451-left,B5 L3 R4,left,PASS
12452-left,B5 L3 Q5,left,PASS
12452-right,B5 L3 Q5,right,PASS
12453-left,B5 L3 B5,left,PASS
12453-right,B5 L3 B5,right,PASS
12454-left,B5 L3 L5,left,PASS
12455-left,B5 L3 R5,left,PASS
12455-right,B5 L3 R5,right,PASS
12456-left,B5 R3 Q0,left,PASS
12456-right,B5 R3 Q0,right,PASS
12457-left,B5 R3 B0,left,PASS
12457-right,B5 R3 B0,right,PASS
12458-left,B5 R3 L0,left,PASS
12458-right,B5 R3 L0,right,PASS
12459-left,B5 R3 R0,left,PASS
12459-right,B5 R3 R0,right,PASS
12460-left,B5 R3 Q1,left,PASS
12460-right,B5 R3 Q1,right,PASS
12461-left,B5 R3 B1,left,PASS
12461-right,B5 R3 B1,right,PASS
12462-left,B5 R3 L1,left,PASS
12462-right,B5 R3 L1,right,PASS
12463-left,B5 R3 R1,left,PASS
12463-right,B5 R3 R1,right,PASS
12464-left,B5 R3 Q2,left,PASS
12464-right,B5 R3 Q2,right,PASS
12465-left,B5 R3 B2,left,PASS
12465-right,B5 R3 B2,right,PASS
12466-left,B5 R3 L2,left,PASS
12467-left,B5 R3 R2,left,PASS
12467-right,B5 R3 R2,right,PASS
12468-left,B5 R3 Q3,left,PASS
12469-left,B5 R3 B3,left,PASS
12470-left,B5 R3 L3,left,PASS
12470-right,B5 R3 L3,right,PASS
12471-left,B5 R3 R3,left,PASS
12471-right,B5 R3 R3,right,PASS
12472-left,B5 R3 Q4,left,PASS
12472-right,B5 R3 Q4,right,PASS
12473-left,B5 R3 B4,left,PASS
12473-right,B5 R3 B4,right,PASS
12474-left,B5 R3 L4,left,PASS
12474-right,B5 R3 L4,right,PASS
12475-left,B5 R3 R4,left,PASS
12475-right,B5 R3 R4,right,PASS
12476-left,B5 R3 Q5,left,PASS
12476-right,B5 R3 Q5,right,PASS
12477-left,B5 R3 B5,left,PASS
12477-right,B5 R3 B5,right,PASS
12478-left,B5 R3 L5,left,PASS
12478-right,B5 R3 L5,right,PASS
12479-left,B5 R3 R5,left,PASS
12479-right,B5 R3 R5,right,PASS
12480-left,B5 Q4 Q0,left,PASS
12480-right,B5 Q4 Q0,right,PASS
12481-left,B5 Q4 B0,left,PASS
12481-right,B5 Q4 B0,right,PASS
12482-left,B5 Q4 L0,left,PASS
12482-right,B5 Q4 L0,right,PASS
12483-left,B5 Q4 R0,left,PASS
12483-right,B5 Q4 R0,right,PASS
12484-left,B5 Q4 Q1,left,PASS
12484-right,B5 Q4 Q1,right,PASS
12485-left,B5 Q4 B1,left,PASS
12485-right,B5 Q4 B1,right,PASS
12486-left,B5 Q4 L1,left,PASS
12486-right,B5 Q4 L1,right,PASS
12487-left,B5 Q4 R1,left,PASS
12487-right,B5 Q4 R1,right,PASS
12488-left,B5 Q4 Q2,left,PASS
12488-right,B5 Q4 Q2,right,PASS
12489-left,B5 Q4 B2,left,PASS
12489-right,B5 Q4 B2,right,PASS
12490-left,B5 Q4 L2,left,PASS
12490-right,B5 Q4 L2,right,PASS
12491-left,B5 Q4 R2,left,PASS
12491-right,B5 Q4 R2,right,PASS
12492-left,B5 Q4 Q3,left,PASS
12492-right,B5 Q4 Q3,right,PASS
12493-left,B5 Q4 B3,left,PASS
12493-right,B5 Q4 B3,right,PASS
12494-left,B5 Q4 L3,left,PASS
12495-left,B5 Q4 R3,left,PASS
12495-right,B5 Q4 R3,right,PASS
12496-left,B5 Q4 Q4,left,PASS
12497-left,B5 Q4 B4,left,PASS
12498-left,B5 Q4 L4,left,PASS
12499-left,B5 Q4 R4,left,PASS
12500-left,B5 Q4 Q5,left,PASS
12500-right,B5 Q4 Q5,right,PASS
12501-left,B5 Q4 B5,left,PASS
12501-right,B5 Q4 B5,right,PASS
12502-left,B5 Q4 L5,left,PASS
12502-right,B5 Q4 L5,right,PASS
12503-left,B5 Q4 R5,left,PASS
12503-right,B5 Q4 R5,right,PASS
12504-left,B5 B4 Q0,left,PASS
12504-right,B5 B4 Q0,right,PASS
12505-left,B5 B4 B0,left,PASS
12505-right,B5 B4 B0,right,PASS
12506-left,B5 B4 L0,left,PASS
12506-right,B5 B4 L0,right,PASS
12507-left,B5 B4 R0,left,PASS
12507-right,B5 B4 R0,right,PASS
12508-left,B5 B4 Q1,left,PASS
12508-right,B5 B4 Q1,right,PASS
12509-left,B5 B4 B1,left,PASS
12509-right,B5 B4 B1,right,PASS
12510-left,B5 B4 L1,left,PASS
12510-right,B5 B4 L1,right,PASS
12511-left,B5 B4 R1,left,PASS
12511-right,B5 B4 R1,right,PASS
12512-left,B5 B4 Q2,left,PASS
12512-right,B5 B4 Q2,right,PASS
12513-left,B5 B4 B2,left,PASS
12513-right,B5 B4 B2,right,PASS
12514-left,B5 B4 L2,left,PASS
12514-right,B5 B4 L2,right,PASS
12515-left,B5 B4 R2,left,PASS
12515-right,B5 B4 R2,right,PASS
12516-left,B5 B4 Q3,left,PASS
12516-right,B5 B4 Q3,right,PASS
12517-left,B5 B4 B3,left,PASS
12517-right,B5 B4 B3,right,PASS
12518-left,B5 B4 L3,left,PASS
12519-left,B5 B4 R3,left,PASS
12519-right,B5 B4 R3,right,PASS
12520-left,B5 B4 Q4,left,PASS
12521-left,B5 B4 B4,left,PASS
12522-left,B5 B4 L4,left,PASS
12523-left,B5 B4 R4,left,PASS
12524-left,B5 B4 Q5,left,PASS
12524-right,B5 B4 Q5,right,PASS
12525-left,B5 B4 B5,left,PASS
12525-right,B5 B4 B5,right,PASS
12526-left,B5 B4 L5,left,PASS
12526-right,B5 B4 L5,right,PASS
12527-left,B5 B4 R5,left,PASS
12527-right,B5 B4 R5,right,PASS
12528-right,B5 L4 Q0,right,PASS
12529-right,B5 L4 B0,right,PASS
12531-right,B5 L4 R0,right,PASS
12532-right,B5 L4 Q1,right,PASS
12533-right,B5 L4 B1,right,PASS
12535-right,B5 L4 R1,right,PASS
12536-right,B5 L4 Q2,right,PASS
12537-right,B5 L4 B2,right,PASS
12539-right,B5 L4 R2,right,PASS
12540-right,B5 L4 Q3,right,PASS
12541-right,B5 L4 B3,right,PASS
12543-right,B5 L4 R3,right,PASS
12547-right,B5 L4 R4,right,PASS
12552-left,B5 R4 Q0,left,PASS
12552-right,B5 R4 Q0,right,PASS
12553-left,B5 R4 B0,left,PASS
12553-right,B5 R4 B0,right,PASS
12554-left,B5 R4 L0,left,PASS
12554-right,B5 R4 L0,right,PASS
12555-left,B5 R4 R0,left,PASS
12555-right,B5 R4 R0,right,PASS
12556-left,B5 R4 Q1,left,PASS
12556-right,B5 R4 Q1,right,PASS
12557-left,B5 R4 B1,left,PASS
12557-right,B5 R4 B1,right,PASS
12558-left,B5 R4 L1,left,PASS
12558-right,B5 R4 L1,right,PASS
12559-left,B5 R4 R1,left,PASS
12559-right,B5 R4 R1,right,PASS
12560-left,B5 R4 Q2,left,PASS
12560-right,B5 R4 Q2,right,PASS
12561-left,B5 R4 B2,left,PASS
12561-right,B5 R4 B2,right,PASS
12562-left,B5 R4 L2,left,PASS
12562-right,B5 R4 L2,right,PASS
12563-left,B5 R4 R2,left,PASS
12563-right,B5 R4 R2,right,PASS
12564-left,B5 R4 Q3,left,PASS
12564-right,B5 R4 Q3,right,PASS
12565-left,B5 R4 B3,left,PASS
12565-right,B5 R4 B3,right,PASS
12566-left,B5 R4 L3,left,PASS
12567-left,B5 R4 R3,left,PASS
12567-right,B5 R4 R3,right,PASS
12568-left,B5 R4 Q4,left,PASS
12569-left,B5 R4 B4,left,PASS
12570-left,B5 R4 L4,left,PASS
12570-right,B5 R4 L4,right,PASS
12571-left,B5 R4 R4,left,PASS
12571-right,B5 R4 R4,right,PASS
12572-left,B5 R4 Q5,left,PASS
12572-right,B5 R4 Q5,right,PASS
12573-left,B5 R4 B5,left,PASS
12573-right,B5 R4 B5,right,PASS
12574-left,B5 R4 L5,left,PASS
12574-right,B5 R4 L5,right,PASS
12575-left,B5 R4 R5,left,PASS
12575-right,B5 R4 R5,right,PASS
12576-right,B5 Q5 Q0,right,PASS
12577-right,B5 Q5 B0,right,PASS
12578-right,B5 Q5 L0,right,PASS
12579-right,B5 Q5 R0,right,PASS
12580-right,B5 Q5 Q1,right,PASS
12581-right,B5 Q5 B1,right,PASS
12582-right,B5 Q5 L1,right,PASS
12583-right,B5 Q5 R1,right,PASS
12584-right,B5 Q5 Q2,right,PASS
12585-right,B5 Q5 B2,right,PASS
12586-right,B5 Q5 L2,right,PASS
12587-right,B5 Q5 R2,right,PASS
12588-right,B5 Q5 Q3,right,PASS
12589-right,B5 Q5 B3,right,PASS
12590-right,B5 Q5 L3,right,PASS
12591-right,B5 Q5 R3,right,PASS
12592-right,B5 Q5 Q4,right,PASS
12593-right,B5 Q5 B4,right,PASS
12595-right,B5 Q5 R4,right,PASS
12600-right,B5 B5 Q0,right,PASS
12601-right,B5 B5 B0,right,PASS
12602-right,B5 B5 L0,right,PASS
12603-right,B5 B5 R0,right,PASS
12604-right,B5 B5 Q1,right,PASS
12605-right,B5 B5 B1,right,PASS
12606-right,B5 B5 L1,right,PASS
12607-right,B5 B5 R1,right,PASS
12608-right,B5 B5 Q2,right,PASS
12609-right,B5 B5 B2,right,PASS
12610-right,B5 B5 L2,right,PASS
12611-right,B5 B5 R2,right,PASS
12612-right,B5 B5 Q3,right,PASS
12613-right,B5 B5 B3,right,PASS
12614-right,B5 B5 L3,right,PASS
12615-right,B5 B5 R3,right,PASS
12616-right,B5 B5 Q4,right,PASS
12617-right,B5 B5 B4,right,PASS
12619-right,B5 B5 R4,right,PASS
12628-right,B5 L5 Q1,right,PASS
12629-right,B5 L5 B1,right,PASS
12631-right,B5 L5 R1,right,PASS
12632-right,B5 L5 Q2,right,PASS
12633-right,B5 L5 B2,right,PASS
12635-right,B5 L5 R2,right,PASS
12636-right,B5 L5 Q3,right,PASS
12637-right,B5 L5 B3,right,PASS
12639-right,B5 L5 R3,right,PASS
12640-right,B5 L5 Q4,right,PASS
12641-right,B5 L5 B4,right,PASS
12643-right,B5 L5 R4,right,PASS
12647-right,B5 L5 R5,right,PASS
12648-right,B5 R5 Q0,right,PASS
12649-right,B5 R5 B0,right,PASS
12650-right,B5 R5 L0,right,PASS
12651-right,B5 R5 R0,right,PASS
12652-right,B5 R5 Q1,right,PASS
12653-right,B5 R5 B1,right,PASS
12654-right,B5 R5 L1,right,PASS
12655-right,B5 R5 R1,right,PASS
12656-right,B5 R5 Q2,right,PASS
12657-right,B5 R5 B2,right,PASS
12658-right,B5 R5 L2,right,PASS
12659-right,B5 R5 R2,right,PASS
12660-right,B5 R5 Q3,right,PASS
12661-right,B5 R5 B3,right,PASS
12662-right,B5 R5 L3,right,PASS
12663-right,B5 R5 R3,right,PASS
12664-right,B5 R5 Q4,right,PASS
12665-right,B5 R5 B4,right,PASS
12667-right,B5 R5 R4,right,PASS
12670-right,B5 R5 L5,right,PASS
12671-right,B5 R5 R5,right,PASS
12676-right,L5 Q0 Q1,right,PASS
12677-right,L5 Q0 B1,right,PASS
12678-right,L5 Q0 L1,right,PASS
12679-right,L5 Q0 R1,right,PASS
12680-right,L5 Q0 Q2,right,PASS
12681-right,L5 Q0 B2,right,PASS
12682-right,L5 Q0 L2,right,PASS
12683-right,L5 Q0 R2,right,PASS
12684-right,L5 Q0 Q3,right,PASS
12685-right,L5 Q0 B3,right,PASS
12686-right,L5 Q0 L3,right,PASS
12687-right,L5 Q0 R3,right,PASS
12688-right,L5 Q0 Q4,right,PASS
12689-right,L5 Q0 B4,right,PASS
12690-right,L5 Q0 L4,right,PASS
12691-right,L5 Q0 R4,right,PASS
12692-right,L5 Q0 Q5,right,PASS
12693-right,L5 Q0 B5,right,PASS
12695-right,L5 Q0 R5,right,PASS
12700-right,L5 B0 Q1,right,PASS
12701-right,L5 B0 B1,right,PASS
12702-right,L5 B0 L1,right,PASS
12703-right,L5 B0 R1,right,PASS
12704-right,L5 B0 Q2,right,PASS
12705-right,L5 B0 B2,right,PASS
12706-right,L5 B0 L2,right,PASS
12707-right,L5 B0 R2,right,PASS
12708-right,L5 B0 Q3,right,PASS
12709-right,L5 B0 B3,right,PASS
12710-right,L5 B0 L3,right,PASS
12711-right,L5 B0 R3,right,PASS
12712-right,L5 B0 Q4,right,PASS
12713-right,L5 B0 B4,right,PASS
12714-right,L5 B0 L4,right,PASS
12715-right,L5 B0 R4,right,PASS
12716-right,L5 B0 Q5,right,PASS
12717-right,L5 B0 B5,right,PASS
12719-right,L5 B0 R5,right,PASS
12723-right,L5 L0 R0,right,PASS
12728-right,L5 L0 Q2,right,PASS
12729-right,L5 L0 B2,right,PASS
12731-right,L5 L0 R2,right,PASS
12732-right,L5 L0 Q3,right,PASS
12733-right,L5 L0 B3,right,PASS
12735-right,L5 L0 R3,right,PASS
12736-right,L5 L0 Q4,right,PASS
12737-right,L5 L0 B4,right,PASS
12739-right,L5 L0 R4,right,PASS
12740-right,L5 L0 Q5,right,PASS
12741-right,L5 L0 B5,right,PASS
12743-right,L5 L0 R5,right,PASS
12746-right,L5 R0 L0,right,PASS
12747-right,L5 R0 R0,right,PASS
12748-right,L5 R0 Q1,right,PASS
12749-right,L5 R0 B1,right,PASS
12750-right,L5 R0 L1,right,PASS
12751-right,L5 R0 R1,right,PASS
12752-right,L5 R0 Q2,right,PASS
12753-right,L5 R0 B2,right,PASS
12754-right,L5 R0 L2,right,PASS
12755-right,L5 R0 R2,right,PASS
12756-right,L5 R0 Q3,right,PASS
12757-right,L5 R0 B3,right,PASS
12758-right,L5 R0 L3,right,PASS
12759-right,L5 R0 R3,right,PASS
12760-right,L5 R0 Q4,right,PASS
12761-right,L5 R0 B4,right,PASS
12762-right,L5 R0 L4,right,PASS
12763-right,L5 R0 R4,right,PASS
12764-right,L5 R0 Q5,right,PASS
12765-right,L5 R0 B5,right,PASS
12767-right,L5 R0 R5,right,PASS
12768-left,L5 Q1 Q0,left,PASS
12768-right,L5 Q1 Q0,right,PASS
12769-left,L5 Q1 B0,left,PASS
12769-right,L5 Q1 B0,right,PASS
12770-left,L5 Q1 L0,left,PASS
12771-left,L5 Q1 R0,left,PASS
12771-right,L5 Q1 R0,right,PASS
12772-left,L5 Q1 Q1,left,PASS
12773-left,L5 Q1 B1,left,PASS
12774-left,L5 Q1 L1,left,PASS
12775-left,L5 Q1 R1,left,PASS
12776-left,L5 Q1 Q2,left,PASS
12776-right,L5 Q1 Q2,right,PASS
12777-left,L5 Q1 B2,left,PASS
12777-right,L5 Q1 B2,right,PASS
12778-left,L5 Q1 L2,left,PASS
12778-right,L5 Q1 L2,right,PASS
12779-left,L5 Q1 R2,left,PASS
12779-right,L5 Q1 R2,right,PASS
12780-left,L5 Q1 Q3,left,PASS
12780-right,L5 Q1 Q3,right,PASS
12781-left,L5 Q1 B3,left,PASS
12781-right,L5 Q1 B3,right,PASS
12782-left,L5 Q1 L3,left,PASS
12782-right,L5 Q1 L3,right,PASS
12783-left,L5 Q1 R3,left,PASS
12783-right,L5 Q1 R3,right,PASS
12784-left,L5 Q1 Q4,left,PASS
12784-right,L5 Q1 Q4,right,PASS
12785-left,L5 Q1 B4,left,PASS
12785-right,L5 Q1 B4,right,PASS
12786-left,L5 Q1 L4,left,PASS
12786-right,L5 Q1 L4,right,PASS
12787-left,L5 Q1 R4,left,PASS
12787-right,L5 Q1 R4,right,PASS
12788-left,L5 Q1 Q5,left,PASS
12788-right,L5 Q1 Q5,right,PASS
12789-left,L5 Q1 B5,left,PASS
12789-right,L5 Q1 B5,right,PASS
12790-left,L5 Q1 L5,left,PASS
12790-right,L5 Q1 L5,right,PASS
12791-left,L5 Q1 R5,left,PASS
12791-right,L5 Q1 R5,right,PASS
12792-left,L5 B1 Q0,left,PASS
12792-right,L5 B1 Q0,right,PASS
12793-left,L5 B1 B0,left,PASS
12793-right,L5 B1 B0,right,PASS
12794-left,L5 B1 L0,left,PASS
12795-left,L5 B1 R0,left,PASS
12795-right,L5 B1 R0,right,PASS
12796-left,L5 B1 Q1,left,PASS
12797-left,L5 B1 B1,left,PASS
12798-left,L5 B1 L1,left,PASS
12799-left,L5 B1 R1,left,PASS
12800-left,L5 B1 Q2,left,PASS
12800-right,L5 B1 Q2,right,PASS
12801-left,L5 B1 B2,left,PASS
12801-right,L5 B1 B2,right,PASS
12802-left,L5 B1 L2,left,PASS
12802-right,L5 B1 L2,right,PASS
12803-left,L5 B1 R2,left,PASS
12803-right,L5 B1 R2,right,PASS
12804-left,L5 B1 Q3,left,PASS
12804-right,L5 B1 Q3,right,PASS
12805-left,L5 B1 B3,left,PASS
12805-right,L5 B1 B3,right,PASS
12806-left,L5 B1 L3,left,PASS
12806-right,L5 B1 L3,right,PASS
12807-left,L5 B1 R3,left,PASS
12807-right,L5 B1 R3,right,PASS
12808-left,L5 B1 Q4,left,PASS
12808-right,L5 B1 Q4,right,PASS
12809-left,L5 B1 B4,left,PASS
12809-right,L5 B1 B4,right,PASS
12810-left,L5 B1 L4,left,PASS
12810-right,L5 B1 L4,right,PASS
12811-left,L5 B1 R4,left,PASS
12811-right,L5 B1 R4,right,PASS
12812-left,L5 B1 Q5,left,PASS
12812-right,L5 B1 Q5,right,PASS
12813-left,L5 B1 B5,left,PASS
12813-right,L5 B1 B5,right,PASS
12814-left,L5 B1 L5,left,PASS
12814-right,L5 B1 L5,right,PASS
12815-left,L5 B1 R5,left,PASS
12815-right,L5 B1 R5,right,PASS
12816-right,L5 L1 Q0,right,PASS
12817-right,L5 L1 B0,right,PASS
12819-right,L5 L1 R0,right,PASS
12823-right,L5 L1 R1,right,PASS
12828-right,L5 L1 Q3,right,PASS
12829-right,L5 L1 B3,right,PASS
12831-right,L5 L1 R3,right,PASS
12832-right,L5 L1 Q4,right,PASS
12833-right,L5 L1 B4,right,PASS
12835-right,L5 L1 R4,right,PASS
12836-right,L5 L1 Q5,right,PASS
12837-right,L5 L1 B5,right,PASS
12839-right,L5 L1 R5,right,PASS
12840-left,L5 R1 Q0,left,PASS
12840-right,L5 R1 Q0,right,PASS
12841-left,L5 R1 B0,left,PASS
12841-right,L5 R1 B0,right,PASS
12842-left,L5 R1 L0,left,PASS
12843-left,L5 R1 R0,left,PASS
12843-right,L5 R1 R0,right,PASS
12844-left,L5 R1 Q1,left,PASS
12845-left,L5 R1 B1,left,PASS
12846-left,L5 R1 L1,left,PASS
12846-right,L5 R1 L1,right,PASS
12847-left,L5 R1 R1,left,PASS
12847-right,L5 R1 R1,right,PASS
12848-left,L5 R1 Q2,left,PASS
12848-right,L5 R1 Q2,right,PASS
12849-left,L5 R1 B2,left,PASS
12849-right,L5 R1 B2,right,PASS
12850-left,L5 R1 L2,left,PASS
12850-right,L5 R1 L2,right,PASS
12851-left,L5 R1 R2,left,PASS
12851-right,L5 R1 R2,right,PASS
12852-left,L5 R1 Q3,left,PASS
12852-right,L5 R1 Q3,right,PASS
12853-left,L5 R1 B3,left,PASS
12853-right,L5 R1 B3,right,PASS
12854-left,L5 R1 L3,left,PASS
12854-right,L5 R1 L3,right,PASS
12855-left,L5 R1 R3,left,PASS
12855-right,L5 R1 R3,right,PASS
12856-left,L5 R1 Q4,left,PASS
12856-right,L5 R1 Q4,right,PASS
12857-left,L5 R1 B4,left,PASS
12857-right,L5 R1 B4,right,PASS
12858-left,L5 R1 L4,left,PASS
12858-right,L5 R1 L4,right,PASS
12859-left,L5 R1 R4,left,PASS
12859-right,L5 R1 R4,right,PASS
12860-left,L5 R1 Q5,left,PASS
12860-right,L5 R1 Q5,right,PASS
12861-left,L5 R1 B5,left,PASS
12861-right,L5 R1 B5,right,PASS
12862-left,L5 R1 L5,left,PASS
12862-right,L5 R1 L5,right,PASS
12863-left,L5 R1 R5,left,PASS
12863-right,L5 R1 R5,right,PASS
12864-left,L5 Q2 Q0,left,PASS
12864-right,L5 Q2 Q0,right,PASS
12865-left,L5 Q2 B0,left,PASS
12865-right,L5 Q2 B0,right,PASS
12866-left,L5 Q2 L0,left,PASS
12866-right,L5 Q2 L0,right,PASS
12867-left,L5 Q2 R0,left,PASS
12867-right,L5 Q2 R0,right,PASS
12868-left,L5 Q2 Q1,left,PASS
12868-right,L5 Q2 Q1,right,PASS
12869-left,L5 Q2 B1,left,PASS
12869-right,L5 Q2 B1,right,PASS
12870-left,L5 Q2 L1,left,PASS
12871-left,L5 Q2 R1,left,PASS
12871-right,L5 Q2 R1,right,PASS
12872-left,L5 Q2 Q2,left,PASS
12873-left,L5 Q2 B2,left,PASS
12874-left,L5 Q2 L2,left,PASS
12875-left,L5 Q2 R2,left,PASS
12876-left,L5 Q2 Q3,left,PASS
12876-right,L5 Q2 Q3,right,PASS
12877-left,L5 Q2 B3,left,PASS
12877-right,L5 Q2 B3,right,PASS
12878-left,L5 Q2 L3,left,PASS
12878-right,L5 Q2 L3,right,PASS
12879-left,L5 Q2 R3,left,PASS
12879-right,L5 Q2 R3,right,PASS
12880-left,L5 Q2 Q4,left,PASS
12880-right,L5 Q2 Q4,right,PASS
12881-left,L5 Q2 B4,left,PASS
12881-right,L5 Q2 B4,right,PASS
12882-left,L5 Q2 L4,left,PASS
12882-right,L5 Q2 L4,right,PASS
12883-left,L5 Q2 R4,left,PASS
12883-right,L5 Q2 R4,right,PASS
12884-left,L5 Q2 Q5,left,PASS
12884-right,L5 Q2 Q5,right,PASS
12885-left,L5 Q2 B5,left,PASS
12885-right,L5 Q2 B5,right,PASS
12886-left,L5 Q2 L5,left,PASS
12886-right,L5 Q2 L5,right,PASS
12887-left,L5 Q2 R5,left,PASS
12887-right,L5 Q2 R5,right,PASS
12888-left,L5 B2 Q0,left,PASS
12888-right,L5 B2 Q0,right,PASS
12889-left,L5 B2 B0,left,PASS
12889-right,L5 B2 B0,right,PASS
12890-left,L5 B2 L0,left,PASS
12890-right,L5 B2 L0,right,PASS
12891-left,L5 B2 R0,left,PASS
12891-right,L5 B2 R0,right,PASS
12892-left,L5 B2 Q1,left,PASS
12892-right,L5 B2 Q1,right,PASS
12893-left,L5 B2 B1,left,PASS
12893-right,L5 B2 B1,right,PASS
12894-left,L5 B2 L1,left,PASS
12895-left,L5 B2 R1,left,PASS
12895-right,L5 B2 R1,right,PASS
12896-left,L5 B2 Q2,left,PASS
12897-left,L5 B2 B2,left,PASS
12898-left,L5 B2 L2,left,PASS
12899-left,L5 B2 R2,left,PASS
12900-left,L5 B2 Q3,left,PASS
12900-right,L5 B2 Q3,right,PASS
12901-left,L5 B2 B3,left,PASS
12901-right,L5 B2 B3,right,PASS
12902-left,L5 B2 L3,left,PASS
12902-right,L5 B2 L3,right,PASS
12903-left,L5 B2 R3,left,PASS
12903-right,L5 B2 R3,right,PASS
12904-left,L5 B2 Q4,left,PASS
12904-right,L5 B2 Q4,right,PASS
12905-left,L5 B2 B4,left,PASS
12905-right,L5 B2 B4,right,PASS
12906-left,L5 B2 L4,left,PASS
12906-right,L5 B2 L4,right,PASS
12907-left,L5 B2 R4,left,PASS
12907-right,L5 B2 R4,right,PASS
12908-left,L5 B2 Q5,left,PASS
12908-right,L5 B2 Q5,right,PASS
12909-left,L5 B2 B5,left,PASS
12909-right,L5 B2 B5,right,PASS
12910-left,L5 B2 L5,left,PASS
12910-right,L5 B2 L5,right,PASS
12911-left,L5 B2 R5,left,PASS
12911-right,L5 B2 R5,right,PASS
12912-right,L5 L2 Q0,right,PASS
12913-right,L5 L2 B0,right,PASS
12915-right,L5 L2 R0,right,PASS
12916-right,L5 L2 Q1,right,PASS
12917-right,L5 L2 B1,right,PASS
12919-right,L5 L2 R1,right,PASS
12923-right,L5 L2 R2,right,PASS
12928-right,L5 L2 Q4,right,PASS
12929-right,L5 L2 B4,right,PASS
12931-right,L5 L2 R4,right,PASS
12932-right,L5 L2 Q5,right,PASS
12933-right,L5 L2 B5,right,PASS
12935-right,L5 L2 R5,right,PASS
12936-left,L5 R2 Q0,left,PASS
12936-right,L5 R2 Q0,right,PASS
12937-left,L5 R2 B0,left,PASS
12937-right,L5 R2 B0,right,PASS
12938-left,L5 R2 L0,left,PASS
12938-right,L5 R2 L0,right,PASS
12939-left,L5 R2 R0,left,PASS
12939-right,L5 R2 R0,right,PASS
12940-left,L5 R2 Q1,left,PASS
12940-right,L5 R2 Q1,right,PASS
12941-left,L5 R2 B1,left,PASS
12941-right,L5 R2 B1,right,PASS
12942-left,L5 R2 L1,left,PASS
12943-left,L5 R2 R1,left,PASS
12943-right,L5 R2 R1,right,PASS
12944-left,L5 R2 Q2,left,PASS
12945-left,L5 R2 B2,left,PASS
12946-left,L5 R2 L2,left,PASS
12946-right,L5 R2 L2,right,PASS
12947-left,L5 R2 R2,left,PASS
12947-right,L5 R2 R2,right,PASS
12948-left,L5 R2 Q3,left,PASS
12948-right,L5 R2 Q3,right,PASS
12949-left,L5 R2 B3,left,PASS
12949-right,L5 R2 B3,right,PASS
12950-left,L5 R2 L3,left,PASS
12950-right,L5 R2 L3,right,PASS
12951-left,L5 R2 R3,left,PASS
12951-right,L5 R2 R3,right,PASS
12952-left,L5 R2 Q4,left,PASS
12952-right,L5 R2 Q4,right,PASS
12953-left,L5 R2 B4,left,PASS
12953-right,L5 R2 B4,right,PASS
12954-left,L5 R2 L4,left,PASS
12954-right,L5 R2 L4,right,PASS
12955-left,L5 R2 R4,left,PASS
12955-right,L5 R2 R4,right,PASS
12956-left,L5 R2 Q5,left,PASS
12956-right,L5 R2 Q5,right,PASS
12957-left,L5 R2 B5,left,PASS
12957-right,L5 R2 B5,right,PASS
12958-left,L5 R2 L5,left,PASS
12958-right,L5 R2 L5,right,PASS
12959-left,L5 R2 R5,left,PASS
12959-right,L5 R2 R5,right,PASS
12960-left,L5 Q3 Q0,left,PASS
12960-right,L5 Q3 Q0,right,PASS
12961-left,L5 Q3 B0,left,PASS
12961-right,L5 Q3 B0,right,PASS
12962-left,L5 Q3 L0,left,PASS
12962-right,L5 Q3 L0,right,PASS
12963-left,L5 Q3 R0,left,PASS
12963-right,L5 Q3 R0,right,PASS
12964-left,L5 Q3 Q1,left,PASS
12964-right,L5 Q3 Q1,right,PASS
12965-left,L5 Q3 B1,left,PASS
12965-right,L5 Q3 B1,right,PASS
12966-left,L5 Q3 L1,left,PASS
12966-right,L5 Q3 L1,right,PASS
12967-left,L5 Q3 R1,left,PASS
12967-right,L5 Q3 R1,right,PASS
12968-left,L5 Q3 Q2,left,PASS
12968-right,L5 Q3 Q2,right,PASS
12969-left,L5 Q3 B2,left,PASS
12969-right,L5 Q3 B2,right,PASS
12970-left,L5 Q3 L2,left,PASS
12971-left,L5 Q3 R2,left,PASS
12971-right,L5 Q3 R2,right,PASS
12972-left,L5 Q3 Q3,left,PASS
12973-left,L5 Q3 B3,left,PASS
12974-left,L5 Q3 L3,left,PASS
12975-left,L5 Q3 R3,left,PASS
12976-left,L5 Q3 Q4,left,PASS
12976-right,L5 Q3 Q4,right,PASS
12977-left,L5 Q3 B4,left,PASS
12977-right,L5 Q3 B4,right,PASS
12978-left,L5 Q3 L4,left,PASS
12978-right,L5 Q3 L4,right,PASS
12979-left,L5 Q3 R4,left,PASS
12979-right,L5 Q3 R4,right,PASS
12980-left,L5 Q3 Q5,left,PASS
12980-right,L5 Q3 Q5,right,PASS
12981-left,L5 Q3 B5,left,PASS
12981-right,L5 Q3 B5,right,PASS
12982-left,L5 Q3 L5,left,PASS
12982-right,L5 Q3 L5,right,PASS
12983-left,L5 Q3 R5,left,PASS
12983-right,L5 Q3 R5,right,PASS
12984-left,L5 B3 Q0,left,PASS
12984-right,L5 B3 Q0,right,PASS
12985-left,L5 B3 B0,left,PASS
12985-right,L5 B3 B0,right,PASS
12986-left,L5 B3 L0,left,PASS
12986-right,L5 B3 L0,right,PASS
12987-left,L5 B3 R0,left,PASS
12987-right,L5 B3 R0,right,PASS
12988-left,L5 B3 Q1,left,PASS
12988-right,L5 B3 Q1,right,PASS
12989-left,L5 B3 B1,left,PASS
12989-right,L5 B3 B1,right,PASS
12990-left,L5 B3 L1,left,PASS
12990-right,L5 B3 L1,right,PASS
12991-left,L5 B3 R1,left,PASS
12991-right,L5 B3 R1,right,PASS
12992-left,L5 B3 Q2,left,PASS
12992-right,L5 B3 Q2,right,PASS
12993-left,L5 B3 B2,left,PASS
12993-right,L5 B3 B2,right,PASS
12994-left,L5 B3 L2,left,PASS
12995-left,L5 B3 R2,left,PASS
12995-right,L5 B3 R2,right,PASS
12996-left,L5 B3 Q3,left,PASS
12997-left,L5 B3 B3,left,PASS
12998-left,L5 B3 L3,left,PASS
12999-left,L5 B3 R3,left,PASS
13000-left,L5 B3 Q4,left,PASS
13000-right,L5 B3 Q4,right,PASS
13001-left,L5 B3 B4,left,PASS
13001-right,L5 B3 B4,right,PASS
13002-left,L5 B3 L4,left,PASS
13002-right,L5 B3 L4,right,PASS
13003-left,L5 B3 R4,left,PASS
13003-right,L5 B3 R4,right,PASS
13004-left,L5 B3 Q5,left,PASS
13004-right,L5 B3 Q5,right,PASS
13005-left,L5 B3 B5,left,PASS
13005-right,L5 B3 B5,right,PASS
13006-left,L5 B3 L5,left,PASS
13006-right,L5 B3 L5,right,PASS
13007-left,L5 B3 R5,left,PASS
13007-right,L5 B3 R5,right,PASS
13008-right,L5 L3 Q0,right,PASS
13009-right,L5 L3 B0,right,PASS
13011-right,L5 L3 R0,right,PASS
13012-right,L5 L3 Q1,right,PASS
13013-right,L5 L3 B1,right,PASS
13015-right,L5 L3 R1,right,PASS
13016-right,L5 L3 Q2,right,PASS
13017-right,L5 L3 B2,right,PASS
13019-right,L5 L3 R2,right,PASS
13023-right,L5 L3 R3,right,PASS
13028-right,L5 L3 Q5,right,PASS
13029-right,L5 L3 B5,right,PASS
13031-right,L5 L3 R5,right,PASS
13032-left,L5 R3 Q0,left,PASS
13032-right,L5 R3 Q0,right,PASS
13033-left,L5 R3 B0,left,PASS
13033-right,L5 R3 B0,right,PASS
13034-left,L5 R3 L0,left,PASS
13034-right,L5 R3 L0,right,PASS
13035-left,L5 R3 R0,left,PASS
13035-right,L5 R3 R0,right,PASS
13036-left,L5 R3 Q1,left,PASS
13036-right,L5 R3 Q1,right,PASS
13037-left,L5 R3 B1,left,PASS
13037-right,L5 R3 B1,right,PASS
13038-left,L5 R3 L1,left,PASS
13038-right,L5 R3 L1,right,PASS
13039-left,L5 R3 R1,left,PASS
13039-right,L5 R3 R1,right,PASS
13040-left,L5 R3 Q2,left,PASS
13040-right,L5 R3 Q2,right,PASS
13041-left,L5 R3 B2,left,PASS
13041-right,L5 R3 B2,right,PASS
13042-left,L5 R3 L2,left,PASS
13043-left,L5 R3 R2,left,PASS
13043-right,L5 R3 R2,right,PASS
13044-left,L5 R3 Q3,left,PASS
13045-left,L5 R3 B3,left,PASS
13046-left,L5 R3 L3,left,PASS
13046-right,L5 R3 L3,right,PASS
13047-left,L5 R3 R3,left,PASS
13047-right,L5 R3 R3,right,PASS
13048-left,L5 R3 Q4,left,PASS
13048-right,L5 R3 Q4,right,PASS
13049-left,L5 R3 B4,left,PASS
13049-right,L5 R3 B4,right,PASS
13050-left,L5 R3 L4,left,PASS
13050-right,L5 R3 L4,right,PASS
13051-left,L5 R3 R4,left,PASS
13051-right,L5 R3 R4,right,PASS
13052-left,L5 R3 Q5,left,PASS
13052-right,L5 R3 Q5,right,PASS
13053-left,L5 R3 B5,left,PASS
13053-right,L5 R3 B5,right,PASS
13054-left,L5 R3 L5,left,PASS
13054-right,L5 R3 L5,right,PASS
13055-left,L5 R3 R5,left,PASS
13055-right,L5 R3 R5,right,PASS
13056-left,L5 Q4 Q0,left,PASS
13056-right,L5 Q4 Q0,right,PASS
13057-left,L5 Q4 B0,left,PASS
13057-right,L5 Q4 B0,right,PASS
13058-left,L5 Q4 L0,left,PASS
13058-right,L5 Q4 L0,right,PASS
13059-left,L5 Q4 R0,left,PASS
13059-right,L5 Q4 R0,right,PASS
13060-left,L5 Q4 Q1,left,PASS
13060-right,L5 Q4 Q1,right,PASS
13061-left,L5 Q4 B1,left,PASS
13061-right,L5 Q4 B1,right,PASS
13062-left,L5 Q4 L1,left,PASS
13062-right,L5 Q4 L1,right,PASS
13063-left,L5 Q4 R1,left,PASS
13063-right,L5 Q4 R1,right,PASS
13064-left,L5 Q4 Q2,left,PASS
13064-right,L5 Q4 Q2,right,PASS
13065-left,L5 Q4 B2,left,PASS
13065-right,L5 Q4 B2,right,PASS
13066-left,L5 Q4 L2,left,PASS
13066-right,L5 Q4 L2,right,PASS
13067-left,L5 Q4 R2,left,PASS
13067-right,L5 Q4 R2,right,PASS
13068-left,L5 Q4 Q3,left,PASS
13068-right,L5 Q4 Q3,right,PASS
13069-left,L5 Q4 B3,left,PASS
13069-right,L5 Q4 B3,right,PASS
13070-left,L5 Q4 L3,left,PASS
13071-left,L5 Q4 R3,left,PASS
13071-right,L5 Q4 R3,right,PASS
13072-left,L5 Q4 Q4,left,PASS
13073-left,L5 Q4 B4,left,PASS
13074-left,L5 Q4 L4,left,PASS
13075-left,L5 Q4 R4,left,PASS
13076-left,L5 Q4 Q5,left,PASS
13076-right,L5 Q4 Q5,right,PASS
13077-left,L5 Q4 B5,left,PASS
13077-right,L5 Q4 B5,right,PASS
13078-left,L5 Q4 L5,left,PASS
13078-right,L5 Q4 L5,right,PASS
13079-left,L5 Q4 R5,left,PASS
13079-right,L5 Q4 R5,right,PASS
13080-left,L5 B4 Q0,left,PASS
13080-right,L5 B4 Q0,right,PASS
13081-left,L5 B4 B0,left,PASS
13081-right,L5 B4 B0,right,PASS
13082-left,L5 B4 L0,left,PASS
13082-right,L5 B4 L0,right,PASS
13083-left,L5 B4 R0,left,PASS
13083-right,L5 B4 R0,right,PASS
13084-left,L5 B4 Q1,left,PASS
13084-right,L5 B4 Q1,right,PASS
13085-left,L5 B4 B1,left,PASS
13085-right,L5 B4 B1,right,PASS
13086-left,L5 B4 L1,left,PASS
13086-right,L5 B4 L1,right,PASS
13087-left,L5 B4 R1,left,PASS
13087-right,L5 B4 R1,right,PASS
13088-left,L5 B4 Q2,left,PASS
13088-right,L5 B4 Q2,right,PASS
13089-left,L5 B4 B2,left,PASS
13089-right,L5 B4 B2,right,PASS
13090-left,L5 B4 L2,left,PASS
13090-right,L5 B4 L2,right,PASS
13091-left,L5 B4 R2,left,PASS
13091-right,L5 B4 R2,right,PASS
13092-left,L5 B4 Q3,left,PASS
13092-right,L5 B4 Q3,right,PASS
13093-left,L5 B4 B3,left,PASS
13093-right,L5 B4 B3,right,PASS
13094-left,L5 B4 L3,left,PASS
13095-left,L5 B4 R3,left,PASS
13095-right,L5 B4 R3,right,PASS
13096-left,L5 B4 Q4,left,PASS
13097-left,L5 B4 B4,left,PASS
13098-left,L5 B4 L4,left,PASS
13099-left,L5 B4 R4,left,PASS
13100-left,L5 B4 Q5,left,PASS
13100-right,L5 B4 Q5,right,PASS
13101-left,L5 B4 B5,left,PASS
13101-right,L5 B4 B5,right,PASS
13102-left,L5 B4 L5,left,PASS
13102-right,L5 B4 L5,right,PASS
13103-left,L5 B4 R5,left,PASS
13103-right,L5 B4 R5,right,PASS
13104-right,L5 L4 Q0,right,PASS
13105-right,L5 L4 B0,right,PASS
13107-right,L5 L4 R0,right,PASS
13108-right,L5 L4 Q1,right,PASS
13109-right,L5 L4 B1,right,PASS
13111-right,L5 L4 R1,right,PASS
13112-right,L5 L4 Q2,right,PASS
13113-right,L5 L4 B2,right,PASS
13115-right,L5 L4 R2,right,PASS
13116-right,L5 L4 Q3,right,PASS
13117-right,L5 L4 B3,right,PASS
13119-right,L5 L4 R3,right,PASS
13123-right,L5 L4 R4,right,PASS
13128-left,L5 R4 Q0,left,PASS
13128-right,L5 R4 Q0,right,PASS
13129-left,L5 R4 B0,left,PASS
13129-right,L5 R4 B0,right,PASS
13130-left,L5 R4 L0,left,PASS
13130-right,L5 R4 L0,right,PASS
13131-left,L5 R4 R0,left,PASS
13131-right,L5 R4 R0,right,PASS
13132-left,L5 R4 Q1,left,PASS
13132-right,L5 R4 Q1,right,PASS
13133-left,L5 R4 B1,left,PASS
13133-right,L5 R4 B1,right,PASS
13134-left,L5 R4 L1,left,PASS
13134-right,L5 R4 L1,right,PASS
13135-left,L5 R4 R1,left,PASS
13135-right,L5 R4 R1,right,PASS
13136-left,L5 R4 Q2,left,PASS
13136-right,L5 R4 Q2,right,PASS
13137-left,L5 R4 B2,left,PASS
13137-right,L5 R4 B2,right,PASS
13138-left,L5 R4 L2,left,PASS
13138-right,L5 R4 L2,right,PASS
13139-left,L5 R4 R2,left,PASS
13139-right,L5 R4 R2,right,PASS
13140-left,L5 R4 Q3,left,PASS
13140-right,L5 R4 Q3,right,PASS
13141-left,L5 R4 B3,left,PASS
13141-right,L5 R4 B3,right,PASS
13142-left,L5 R4 L3,left,PASS
13143-left,L5 R4 R3,left,PASS
13143-right,L5 R4 R3,right,PASS
13144-left,L5 R4 Q4,left,PASS
13145-left,L5 R4 B4,left,PASS
13146-left,L5 R4 L4,left,PASS
13146-right,L5 R4 L4,right,PASS
13147-left,L5 R4 R4,left,PASS
13147-right,L5 R4 R4,right,PASS
13148-left,L5 R4 Q5,left,PASS
13148-right,L5 R4 Q5,right,PASS
13149-left,L5 R4 B5,left,PASS
13149-right,L5 R4 B5,right,PASS
13150-left,L5 R4 L5,left,PASS
13150-right,L5 R4 L5,right,PASS
13151-left,L5 R4 R5,left,PASS
13151-right,L5 R4 R5,right,PASS
13152-right,L5 Q5 Q0,right,PASS
13153-right,L5 Q5 B0,right,PASS
13154-right,L5 Q5 L0,right,PASS
13155-right,L5 Q5 R0,right,PASS
13156-right,L5 Q5 Q1,right,PASS
13157-right,L5 Q5 B1,right,PASS
13158-right,L5 Q5 L1,right,PASS
13159-right,L5 Q5 R1,right,PASS
13160-right,L5 Q5 Q2,right,PASS
13161-right,L5 Q5 B2,right,PASS
13162-right,L5 Q5 L2,right,PASS
13163-right,L5 Q5 R2,right,PASS
13164-right,L5 Q5 Q3,right,PASS
13165-right,L5 Q5 B3,right,PASS
13166-right,L5 Q5 L3,right,PASS
13167-right,L5 Q5 R3,right,PASS
13168-right,L5 Q5 Q4,right,PASS
13169-right,L5 Q5 B4,right,PASS
13171-right,L5 Q5 R4,right,PASS
13176-right,L5 B5 Q0,right,PASS
13177-right,L5 B5 B0,right,PASS
13178-right,L5 B5 L0,right,PASS
13179-right,L5 B5 R0,right,PASS
13180-right,L5 B5 Q1,right,PASS
13181-right,L5 B5 B1,right,PASS
13182-right,L5 B5 L1,right,PASS
13183-right,L5 B5 R1,right,PASS
13184-right,L5 B5 Q2,right,PASS
13185-right,L5 B5 B2,right,PASS
13186-right,L5 B5 L2,right,PASS
13187-right,L5 B5 R2,right,PASS
13188-right,L5 B5 Q3,right,PASS
13189-right,L5 B5 B3,right,PASS
13190-right,L5 B5 L3,right,PASS
13191-right,L5 B5 R3,right,PASS
13192-right,L5 B5 Q4,right,PASS
13193-right,L5 B5 B4,right,PASS
13195-right,L5 B5 R4,right,PASS
13204-right,L5 L5 Q1,right,PASS
13205-right,L5 L5 B1,right,PASS
13207-right,L5 L5 R1,right,PASS
13208-right,L5 L5 Q2,right,PASS
13209-right,L5 L5 B2,right,PASS
13211-right,L5 L5 R2,right,PASS
13212-right,L5 L5 Q3,right,PASS
13213-right,L5 L5 B3,right,PASS
13215-right,L5 L5 R3,right,PASS
13216-right,L5 L5 Q4,right,PASS
13217-right,L5 L5 B4,right,PASS
13219-right,L5 L5 R4,right,PASS
13223-right,L5 L5 R5,right,PASS
13224-left,L5 R5 Q0,left,PASS
13224-right,L5 R5 Q0,right,PASS
13225-left,L5 R5 B0,left,PASS
13225-right,L5 R5 B0,right,PASS
13226-left,L5 R5 L0,left,PASS
13226-right,L5 R5 L0,right,PASS
13227-left,L5 R5 R0,left,PASS
13227-right,L5 R5 R0,right,PASS
13228-left,L5 R5 Q1,left,PASS
13228-right,L5 R5 Q1,right,PASS
13229-left,L5 R5 B1,left,PASS
13229-right,L5 R5 B1,right,PASS
13230-left,L5 R5 L1,left,PASS
13230-right,L5 R5 L1,right,PASS
13231-left,L5 R5 R1,left,PASS
13231-right,L5 R5 R1,right,PASS
13232-left,L5 R5 Q2,left,PASS
13232-right,L5 R5 Q2,right,PASS
13233-left,L5 R5 B2,left,PASS
13233-right,L5 R5 B2,right,PASS
13234-left,L5 R5 L2,left,PASS
13234-right,L5 R5 L2,right,PASS
13235-left,L5 R5 R2,left,PASS
13235-right,L5 R5 R2,right,PASS
13236-left,L5 R5 Q3,left,PASS
13236-right,L5 R5 Q3,right,PASS
13237-left,L5 R5 B3,left,PASS
13237-right,L5 R5 B3,right,PASS
13238-left,L5 R5 L3,left,PASS
13238-right,L5 R5 L3,right,PASS
13239-left,L5 R5 R3,left,PASS
13239-right,L5 R5 R3,right,PASS
13240-left,L5 R5 Q4,left,PASS
13240-right,L5 R5 Q4,right,PASS
13241-left,L5 R5 B4,left,PASS
13241-right,L5 R5 B4,right,PASS
13242-left,L5 R5 L4,left,PASS
13243-left,L5 R5 R4,left,PASS
13243-right,L5 R5 R4,right,PASS
13244-left,L5 R5 Q5,left,PASS
13245-left,L5 R5 B5,left,PASS
13246-left,L5 R5 L5,left,PASS
13246-right,L5 R5 L5,right,PASS
13247-left,L5 R5 R5,left,PASS
13247-right,L5 R5 R5,right,PASS
13248-left,R5 Q0 Q0,left,PASS
13249-left,R5 Q0 B0,left,PASS
13250-left,R5 Q0 L0,left,PASS
13251-left,R5 Q0 R0,left,PASS
13252-left,R5 Q0 Q1,left,PASS
13252-right,R5 Q0 Q1,right,PASS
13253-left,R5 Q0 B1,left,PASS
13253-right,R5 Q0 B1,right,PASS
13254-left,R5 Q0 L1,left,PASS
13254-right,R5 Q0 L1,right,PASS
13255-left,R5 Q0 R1,left,PASS
13255-right,R5 Q0 R1,right,PASS
13256-left,R5 Q0 Q2,left,PASS
13256-right,R5 Q0 Q2,right,PASS
13257-left,R5 Q0 B2,left,PASS
13257-right,R5 Q0 B2,right,PASS
13258-left,R5 Q0 L2,left,PASS
13258-right,R5 Q0 L2,right,PASS
13259-left,R5 Q0 R2,left,PASS
13259-right,R5 Q0 R2,right,PASS
13260-left,R5 Q0 Q3,left,PASS
13260-right,R5 Q0 Q3,right,PASS
13261-left,R5 Q0 B3,left,PASS
13261-right,R5 Q0 B3,right,PASS
13262-left,R5 Q0 L3,left,PASS
13262-right,R5 Q0 L3,right,PASS
13263-left,R5 Q0 R3,left,PASS
13263-right,R5 Q0 R3,right,PASS
13264-left,R5 Q0 Q4,left,PASS
13264-right,R5 Q0 Q4,right,PASS
13265-left,R5 Q0 B4,left,PASS
13265-right,R5 Q0 B4,right,PASS
13266-left,R5 Q0 L4,left,PASS
13266-right,R5 Q0 L4,right,PASS
13267-left,R5 Q0 R4,left,PASS
13267-right,R5 Q0 R4,right,PASS
13268-left,R5 Q0 Q5,left,PASS
13268-right,R5 Q0 Q5,right,PASS
13269-left,R5 Q0 B5,left,PASS
13269-right,R5 Q0 B5,right,PASS
13270-left,R5 Q0 L5,left,PASS
13271-left,R5 Q0 R5,left,PASS
13271-right,R5 Q0 R5,right,PASS
13272-left,R5 B0 Q0,left,PASS
13273-left,R5 B0 B0,left,PASS
13274-left,R5 B0 L0,left,PASS
13275-left,R5 B0 R0,left,PASS
13276-left,R5 B0 Q1,left,PASS
13276-right,R5 B0 Q1,right,PASS
13277-left,R5 B0 B1,left,PASS
13277-right,R5 B0 B1,right,PASS
13278-left,R5 B0 L1,left,PASS
13278-right,R5 B0 L1,right,PASS
13279-left,R5 B0 R1,left,PASS
13279-right,R5 B0 R1,right,PASS
13280-left,R5 B0 Q2,left,PASS
13280-right,R5 B0 Q2,right,PASS
13281-left,R5 B0 B2,left,PASS
13281-right,R5 B0 B2,right,PASS
13282-left,R5 B0 L2,left,PASS
13282-right,R5 B0 L2,right,PASS
13283-left,R5 B0 R2,left,PASS
13283-right,R5 B0 R2,right,PASS
13284-left,R5 B0 Q3,left,PASS
13284-right,R5 B0 Q3,right,PASS
13285-left,R5 B0 B3,left,PASS
13285-right,R5 B0 B3,right,PASS
13286-left,R5 B0 L3,left,PASS
13286-right,R5 B0 L3,right,PASS
13287-left,R5 B0 R3,left,PASS
13287-right,R5 B0 R3,right,PASS
13288-left,R5 B0 Q4,left,PASS
13288-right,R5 B0 Q4,right,PASS
13289-left,R5 B0 B4,left,PASS
13289-right,R5 B0 B4,right,PASS
13290-left,R5 B0 L4,left,PASS
13290-right,R5 B0 L4,right,PASS
13291-left,R5 B0 R4,left,PASS
13291-right,R5 B0 R4,right,PASS
13292-left,R5 B0 Q5,left,PASS
13292-right,R5 B0 Q5,right,PASS
13293-left,R5 B0 B5,left,PASS
13293-right,R5 B0 B5,right,PASS
13294-left,R5 B0 L5,left,PASS
13295-left,R5 B0 R5,left,PASS
13295-right,R5 B0 R5,right,PASS
13296-left,R5 L0 Q0,left,PASS
13297-left,R5 L0 B0,left,PASS
13298-left,R5 L0 L0,left,PASS
13299-left,R5 L0 R0,left,PASS
13299-right,R5 L0 R0,right,PASS
13300-left,R5 L0 Q1,left,PASS
13301-left,R5 L0 B1,left,PASS
13302-left,R5 L0 L1,left,PASS
13303-left,R5 L0 R1,left,PASS
13304-left,R5 L0 Q2,left,PASS
13304-right,R5 L0 Q2,right,PASS
13305-left,R5 L0 B2,left,PASS
13305-right,R5 L0 B2,right,PASS
13306-left,R5 L0 L2,left,PASS
13307-left,R5 L0 R2,left,PASS
13307-right,R5 L0 R2,right,PASS
13308-left,R5 L0 Q3,left,PASS
13308-right,R5 L0 Q3,right,PASS
13309-left,R5 L0 B3,left,PASS
13309-right,R5 L0 B3,right,PASS
13310-left,R5 L0 L3,left,PASS
13311-left,R5 L0 R3,left,PASS
13311-right,R5 L0 R3,right,PASS
13312-left,R5 L0 Q4,left,PASS
13312-right,R5 L0 Q4,right,PASS
13313-left,R5 L0 B4,left,PASS
13313-right,R5 L0 B4,right,PASS
13314-left,R5 L0 L4,left,PASS
13315-left,R5 L0 R4,left,PASS
13315-right,R5 L0 R4,right,PASS
13316-left,R5 L0 Q5,left,PASS
13316-right,R5 L0 Q5,right,PASS
13317-left,R5 L0 B5,left,PASS
13317-right,R5 L0 B5,right,PASS
13318-left,R5 L0 L5,left,PASS
13319-left,R5 L0 R5,left,PASS
13319-right,R5 L0 R5,right,PASS
13320-left,R5 R0 Q0,left,PASS
13321-left,R5 R0 B0,left,PASS
13322-left,R5 R0 L0,left,PASS
13322-right,R5 R0 L0,right,PASS
13323-left,R5 R0 R0,left,PASS
13323-right,R5 R0 R0,right,PASS
13324-left,R5 R0 Q1,left,PASS
13324-right,R5 R0 Q1,right,PASS
13325-left,R5 R0 B1,left,PASS
13325-right,R5 R0 B1,right,PASS
13326-left,R5 R0 L1,left,PASS
13326-right,R5 R0 L1,right,PASS
13327-left,R5 R0 R1,left,PASS
13327-right,R5 R0 R1,right,PASS
13328-left,R5 R0 Q2,left,PASS
13328-right,R5 R0 Q2,right,PASS
13329-left,R5 R0 B2,left,PASS
13329-right,R5 R0 B2,right,PASS
13330-left,R5 R0 L2,left,PASS
13330-right,R5 R0 L2,right,PASS
13331-left,R5 R0 R2,left,PASS
13331-right,R5 R0 R2,right,PASS
13332-left,R5 R0 Q3,left,PASS
13332-right,R5 R0 Q3,right,PASS
13333-left,R5 R0 B3,left,PASS
13333-right,R5 R0 B3,right,PASS
13334-left,R5 R0 L3,left,PASS
13334-right,R5 R0 L3,right,PASS
13335-left,R5 R0 R3,left,PASS
13335-right,R5 R0 R3,right,PASS
13336-left,R5 R0 Q4,left,PASS
13336-right,R5 R0 Q4,right,PASS
13337-left,R5 R0 B4,left,PASS
13337-right,R5 R0 B4,right,PASS
13338-left,R5 R0 L4,left,PASS
13338-right,R5 R0 L4,right,PASS
13339-left,R5 R0 R4,left,PASS
13339-right,R5 R0 R4,right,PASS
13340-left,R5 R0 Q5,left,PASS
13340-right,R5 R0 Q5,right,PASS
13341-left,R5 R0 B5,left,PASS
13341-right,R5 R0 B5,right,PASS
13342-left,R5 R0 L5,left,PASS
13343-left,R5 R0 R5,left,PASS
13343-right,R5 R0 R5,right,PASS
13344-left,R5 Q1 Q0,left,PASS
13344-right,R5 Q1 Q0,right,PASS
13345-left,R5 Q1 B0,left,PASS
13345-right,R5 Q1 B0,right,PASS
13346-left,R5 Q1 L0,left,PASS
13347-left,R5 Q1 R0,left,PASS
13347-right,R5 Q1 R0,right,PASS
13348-left,R5 Q1 Q1,left,PASS
13349-left,R5 Q1 B1,left,PASS
13350-left,R5 Q1 L1,left,PASS
13351-left,R5 Q1 R1,left,PASS
13352-left,R5 Q1 Q2,left,PASS
13352-right,R5 Q1 Q2,right,PASS
13353-left,R5 Q1 B2,left,PASS
13353-right,R5 Q1 B2,right,PASS
13354-left,R5 Q1 L2,left,PASS
13354-right,R5 Q1 L2,right,PASS
13355-left,R5 Q1 R2,left,PASS
13355-right,R5 Q1 R2,right,PASS
13356-left,R5 Q1 Q3,left,PASS
13356-right,R5 Q1 Q3,right,PASS
13357-left,R5 Q1 B3,left,PASS
13357-right,R5 Q1 B3,right,PASS
13358-left,R5 Q1 L3,left,PASS
13358-right,R5 Q1 L3,right,PASS
13359-left,R5 Q1 R3,left,PASS
13359-right,R5 Q1 R3,right,PASS
13360-left,R5 Q1 Q4,left,PASS
13360-right,R5 Q1 Q4,right,PASS
13361-left,R5 Q1 B4,left,PASS
13361-right,R5 Q1 B4,right,PASS
13362-left,R5 Q1 L4,left,PASS
13362-right,R5 Q1 L4,right,PASS
13363-left,R5 Q1 R4,left,PASS
13363-right,R5 Q1 R4,right,PASS
13364-left,R5 Q1 Q5,left,PASS
13364-right,R5 Q1 Q5,right,PASS
13365-left,R5 Q1 B5,left,PASS
13365-right,R5 Q1 B5,right,PASS
13366-left,R5 Q1 L5,left,PASS
13366-right,R5 Q1 L5,right,PASS
13367-left,R5 Q1 R5,left,PASS
13367-right,R5 Q1 R5,right,PASS
13368-left,R5 B1 Q0,left,PASS
13368-right,R5 B1 Q0,right,PASS
13369-left,R5 B1 B0,left,PASS
13369-right,R5 B1 B0,right,PASS
13370-left,R5 B1 L0,left,PASS
13371-left,R5 B1 R0,left,PASS
13371-right,R5 B1 R0,right,PASS
13372-left,R5 B1 Q1,left,PASS
13373-left,R5 B1 B1,left,PASS
13374-left,R5 B1 L1,left,PASS
13375-left,R5 B1 R1,left,PASS
13376-left,R5 B1 Q2,left,PASS
13376-right,R5 B1 Q2,right,PASS
13377-left,R5 B1 B2,left,PASS
13377-right,R5 B1 B2,right,PASS
13378-left,R5 B1 L2,left,PASS
13378-right,R5 B1 L2,right,PASS
13379-left,R5 B1 R2,left,PASS
13379-right,R5 B1 R2,right,PASS
13380-left,R5 B1 Q3,left,PASS
13380-right,R5 B1 Q3,right,PASS
13381-left,R5 B1 B3,left,PASS
13381-right,R5 B1 B3,right,PASS
13382-left,R5 B1 L3,left,PASS
13382-right,R5 B1 L3,right,PASS
13383-left,R5 B1 R3,left,PASS
13383-right,R5 B1 R3,right,PASS
13384-left,R5 B1 Q4,left,PASS
13384-right,R5 B1 Q4,right,PASS
13385-left,R5 B1 B4,left,PASS
13385-right,R5 B1 B4,right,PASS
13386-left,R5 B1 L4,left,PASS
13386-right,R5 B1 L4,right,PASS
13387-left,R5 B1 R4,left,PASS
13387-right,R5 B1 R4,right,PASS
13388-left,R5 B1 Q5,left,PASS
13388-right,R5 B1 Q5,right,PASS
13389-left,R5 B1 B5,left,PASS
13389-right,R5 B1 B5,right,PASS
13390-left,R5 B1 L5,left,PASS
13390-right,R5 B1 L5,right,PASS
13391-left,R5 B1 R5,left,PASS
13391-right,R5 B1 R5,right,PASS
13392-left,R5 L1 Q0,left,PASS
13392-right,R5 L1 Q0,right,PASS
13393-left,R5 L1 B0,left,PASS
13393-right,R5 L1 B0,right,PASS
13394-left,R5 L1 L0,left,PASS
13395-left,R5 L1 R0,left,PASS
13395-right,R5 L1 R0,right,PASS
13396-left,R5 L1 Q1,left,PASS
13397-left,R5 L1 B1,left,PASS
13398-left,R5 L1 L1,left,PASS
13399-left,R5 L1 R1,left,PASS
13399-right,R5 L1 R1,right,PASS
13400-left,R5 L1 Q2,left,PASS
13401-left,R5 L1 B2,left,PASS
13402-left,R5 L1 L2,left,PASS
13403-left,R5 L1 R2,left,PASS
13404-left,R5 L1 Q3,left,PASS
13404-right,R5 L1 Q3,right,PASS
13405-left,R5 L1 B3,left,PASS
13405-right,R5 L1 B3,right,PASS
13406-left,R5 L1 L3,left,PASS
13407-left,R5 L1 R3,left,PASS
13407-right,R5 L1 R3,right,PASS
13408-left,R5 L1 Q4,left,PASS
13408-right,R5 L1 Q4,right,PASS
13409-left,R5 L1 B4,left,PASS
13409-right,R5 L1 B4,right,PASS
13410-left,R5 L1 L4,left,PASS
13411-left,R5 L1 R4,left,PASS
13411-right,R5 L1 R4,right,PASS
13412-left,R5 L1 Q5,left,PASS
13412-right,R5 L1 Q5,right,PASS
13413-left,R5 L1 B5,left,PASS
13413-right,R5 L1 B5,right,PASS
13414-left,R5 L1 L5,left,PASS
13415-left,R5 L1 R5,left,PASS
13415-right,R5 L1 R5,right,PASS
13416-left,R5 R1 Q0,left,PASS
13416-right,R5 R1 Q0,right,PASS
13417-left,R5 R1 B0,left,PASS
13417-right,R5 R1 B0,right,PASS
13418-left,R5 R1 L0,left,PASS
13419-left,R5 R1 R0,left,PASS
13419-right,R5 R1 R0,right,PASS
13420-left,R5 R1 Q1,left,PASS
13421-left,R5 R1 B1,left,PASS
13422-left,R5 R1 L1,left,PASS
13422-right,R5 R1 L1,right,PASS
13423-left,R5 R1 R1,left,PASS
13423-right,R5 R1 R1,right,PASS
13424-left,R5 R1 Q2,left,PASS
13424-right,R5 R1 Q2,right,PASS
13425-left,R5 R1 B2,left,PASS
13425-right,R5 R1 B2,right,PASS
13426-left,R5 R1 L2,left,PASS
13426-right,R5 R1 L2,right,PASS
13427-left,R5 R1 R2,left,PASS
13427-right,R5 R1 R2,right,PASS
13428-left,R5 R1 Q3,left,PASS
13428-right,R5 R1 Q3,right,PASS
13429-left,R5 R1 B3,left,PASS
13429-right,R5 R1 B3,right,PASS
13430-left,R5 R1 L3,left,PASS
13430-right,R5 R1 L3,right,PASS
13431-left,R5 R1 R3,left,PASS
13431-right,R5 R1 R3,right,PASS
13432-left,R5 R1 Q4,left,PASS
13432-right,R5 R1 Q4,right,PASS
13433-left,R5 R1 B4,left,PASS
13433-right,R5 R1 B4,right,PASS
13434-left,R5 R1 L4,left,PASS
13434-right,R5 R1 L4,right,PASS
13435-left,R5 R1 R4,left,PASS
13435-right,R5 R1 R4,right,PASS
13436-left,R5 R1 Q5,left,PASS
13436-right,R5 R1 Q5,right,PASS
13437-left,R5 R1 B5,left,PASS
13437-right,R5 R1 B5,right,PASS
13438-left,R5 R1 L5,left,PASS
13438-right,R5 R1 L5,right,PASS
13439-left,R5 R1 R5,left,PASS
13439-right,R5 R1 R5,right,PASS
13440-left,R5 Q2 Q0,left,PASS
13440-right,R5 Q2 Q0,right,PASS
13441-left,R5 Q2 B0,left,PASS
13441-right,R5 Q2 B0,right,PASS
13442-left,R5 Q2 L0,left,PASS
13442-right,R5 Q2 L0,right,PASS
13443-left,R5 Q2 R0,left,PASS
13443-right,R5 Q2 R0,right,PASS
13444-left,R5 Q2 Q1,left,PASS
13444-right,R5 Q2 Q1,right,PASS
13445-left,R5 Q2 B1,left,PASS
13445-right,R5 Q2 B1,right,PASS
13446-left,R5 Q2 L1,left,PASS
13447-left,R5 Q2 R1,left,PASS
13447-right,R5 Q2 R1,right,PASS
13448-left,R5 Q2 Q2,left,PASS
13449-left,R5 Q2 B2,left,PASS
13450-left,R5 Q2 L2,left,PASS
13451-left,R5 Q2 R2,left,PASS
13452-left,R5 Q2 Q3,left,PASS
13452-right,R5 Q2 Q3,right,PASS
13453-left,R5 Q2 B3,left,PASS
13453-right,R5 Q2 B3,right,PASS
13454-left,R5 Q2 L3,left,PASS
13454-right,R5 Q2 L3,right,PASS
13455-left,R5 Q2 R3,left,PASS
13455-right,R5 Q2 R3,right,PASS
13456-left,R5 Q2 Q4,left,PASS
13456-right,R5 Q2 Q4,right,PASS
13457-left,R5 Q2 B4,left,PASS
13457-right,R5 Q2 B4,right,PASS
13458-left,R5 Q2 L4,left,PASS
13458-right,R5 Q2 L4,right,PASS
13459-left,R5 Q2 R4,left,PASS
13459-right,R5 Q2 R4,right,PASS
13460-left,R5 Q2 Q5,left,PASS
13460-right,R5 Q2 Q5,right,PASS
13461-left,R5 Q2 B5,left,PASS
13461-right,R5 Q2 B5,right,PASS
13462-left,R5 Q2 L5,left,PASS
13462-right,R5 Q2 L5,right,PASS
13463-left,R5 Q2 R5,left,PASS
13463-right,R5 Q2 R5,right,PASS
13464-left,R5 B2 Q0,left,PASS
13464-right,R5 B2 Q0,right,PASS
13465-left,R5 B2 B0,left,PASS
13465-right,R5 B2 B0,right,PASS
13466-left,R5 B2 L0,left,PASS
13466-right,R5 B2 L0,right,PASS
13467-left,R5 B2 R0,left,PASS
13467-right,R5 B2 R0,right,PASS
13468-left,R5 B2 Q1,left,PASS
13468-right,R5 B2 Q1,right,PASS
13469-left,R5 B2 B1,left,PASS
13469-right,R5 B2 B1,right,PASS
13470-left,R5 B2 L1,left,PASS
13471-left,R5 B2 R1,left,PASS
13471-right,R5 B2 R1,right,PASS
13472-left,R5 B2 Q2,left,PASS
13473-left,R5 B2 B2,left,PASS
13474-left,R5 B2 L2,left,PASS
13475-left,R5 B2 R2,left,PASS
13476-left,R5 B2 Q3,left,PASS
13476-right,R5 B2 Q3,right,PASS
13477-left,R5 B2 B3,left,PASS
13477-right,R5 B2 B3,right,PASS
13478-left,R5 B2 L3,left,PASS
13478-right,R5 B2 L3,right,PASS
13479-left,R5 B2 R3,left,PASS
13479-right,R5 B2 R3,right,PASS
13480-left,R5 B2 Q4,left,PASS
13480-right,R5 B2 Q4,right,PASS
13481-left,R5 B2 B4,left,PASS
13481-right,R5 B2 B4,right,PASS
13482-left,R5 B2 L4,left,PASS
13482-right,R5 B2 L4,right,PASS
13483-left,R5 B2 R4,left,PASS
13483-right,R5 B2 R4,right,PASS
13484-left,R5 B2 Q5,left,PASS
13484-right,R5 B2 Q5,right,PASS
13485-left,R5 B2 B5,left,PASS
13485-right,R5 B2 B5,right,PASS
13486-left,R5 B2 L5,left,PASS
13486-right,R5 B2 L5,right,PASS
13487-left,R5 B2 R5,left,PASS
13487-right,R5 B2 R5,right,PASS
13488-left,R5 L2 Q0,left,PASS
13488-right,R5 L2 Q0,right,PASS
13489-left,R5 L2 B0,left,PASS
13489-right,R5 L2 B0,right,PASS
13490-left,R5 L2 L0,left,PASS
13491-left,R5 L2 R0,left,PASS
13491-right,R5 L2 R0,right,PASS
13492-left,R5 L2 Q1,left,PASS
13492-right,R5 L2 Q1,right,PASS
13493-left,R5 L2 B1,left,PASS
13493-right,R5 L2 B1,right,PASS
13494-left,R5 L2 L1,left,PASS
13495-left,R5 L2 R1,left,PASS
13495-right,R5 L2 R1,right,PASS
13496-left,R5 L2 Q2,left,PASS
13497-left,R5 L2 B2,left,PASS
13498-left,R5 L2 L2,left,PASS
13499-left,R5 L2 R2,left,PASS
13499-right,R5 L2 R2,right,PASS
13500-left,R5 L2 Q3,left,PASS
13501-left,R5 L2 B3,left,PASS
13502-left,R5 L2 L3,left,PASS
13503-left,R5 L2 R3,left,PASS
13504-left,R5 L2 Q4,left,PASS
13504-right,R5 L2 Q4,right,PASS
13505-left,R5 L2 B4,left,PASS
13505-right,R5 L2 B4,right,PASS
13506-left,R5 L2 L4,left,PASS
13507-left,R5 L2 R4,left,PASS
13507-right,R5 L2 R4,right,PASS
13508-left,R5 L2 Q5,left,PASS
13508-right,R5 L2 Q5,right,PASS
13509-left,R5 L2 B5,left,PASS
13509-right,R5 L2 B5,right,PASS
13510-left,R5 L2 L5,left,PASS
13511-left,R5 L2 R5,left,PASS
13511-right,R5 L2 R5,right,PASS
13512-left,R5 R2 Q0,left,PASS
13512-right,R5 R2 Q0,right,PASS
13513-left,R5 R2 B0,left,PASS
13513-right,R5 R2 B0,right,PASS
13514-left,R5 R2 L0,left,PASS
13514-right,R5 R2 L0,right,PASS
13515-left,R5 R2 R0,left,PASS
13515-right,R5 R2 R0,right,PASS
13516-left,R5 R2 Q1,left,PASS
13516-right,R5 R2 Q1,right,PASS
13517-left,R5 R2 B1,left,PASS
13517-right,R5 R2 B1,right,PASS
13518-left,R5 R2 L1,left,PASS
13519-left,R5 R2 R1,left,PASS
13519-right,R5 R2 R1,right,PASS
13520-left,R5 R2 Q2,left,PASS
13521-left,R5 R2 B2,left,PASS
13522-left,R5 R2 L2,left,PASS
13522-right,R5 R2 L2,right,PASS
13523-left,R5 R2 R2,left,PASS
13523-right,R5 R2 R2,right,PASS
13524-left,R5 R2 Q3,left,PASS
13524-right,R5 R2 Q3,right,PASS
13525-left,R5 R2 B3,left,PASS
13525-right,R5 R2 B3,right,PASS
13526-left,R5 R2 L3,left,PASS
13526-right,R5 R2 L3,right,PASS
13527-left,R5 R2 R3,left,PASS
13527-right,R5 R2 R3,right,PASS
13528-left,R5 R2 Q4,left,PASS
13528-right,R5 R2 Q4,right,PASS
13529-left,R5 R2 B4,left,PASS
13529-right,R5 R2 B4,right,PASS
13530-left,R5 R2 L4,left,PASS
13530-right,R5 R2 L4,right,PASS
13531-left,R5 R2 R4,left,PASS
13531-right,R5 R2 R4,right,PASS
13532-left,R5 R2 Q5,left,PASS
13532-right,R5 R2 Q5,right,PASS
13533-left,R5 R2 B5,left,PASS
13533-right,R5 R2 B5,right,PASS
13534-left,R5 R2 L5,left,PASS
13534-right,R5 R2 L5,right,PASS
13535-left,R5 R2 R5,left,PASS
13535-right,R5 R2 R5,right,PASS
13536-left,R5 Q3 Q0,left,PASS
13536-right,R5 Q3 Q0,right,PASS
13537-left,R5 Q3 B0,left,PASS
13537-right,R5 Q3 B0,right,PASS
13538-left,R5 Q3 L0,left,PASS
13538-right,R5 Q3 L0,right,PASS
13539-left,R5 Q3 R0,left,PASS
13539-right,R5 Q3 R0,right,PASS
13540-left,R5 Q3 Q1,left,PASS
13540-right,R5 Q3 Q1,right,PASS
13541-left,R5 Q3 B1,left,PASS
13541-right,R5 Q3 B1,right,PASS
13542-left,R5 Q3 L1,left,PASS
13542-right,R5 Q3 L1,right,PASS
13543-left,R5 Q3 R1,left,PASS
13543-right,R5 Q3 R1,right,PASS
13544-left,R5 Q3 Q2,left,PASS
13544-right,R5 Q3 Q2,right,PASS
13545-left,R5 Q3 B2,left,PASS
13545-right,R5 Q3 B2,right,PASS
13546-left,R5 Q3 L2,left,PASS
13547-left,R5 Q3 R2,left,PASS
13547-right,R5 Q3 R2,right,PASS
13548-left,R5 Q3 Q3,left,PASS
13549-left,R5 Q3 B3,left,PASS
13550-left,R5 Q3 L3,left,PASS
13551-left,R5 Q3 R3,left,PASS
13552-left,R5 Q3 Q4,left,PASS
13552-right,R5 Q3 Q4,right,PASS
13553-left,R5 Q3 B4,left,PASS
13553-right,R5 Q3 B4,right,PASS
13554-left,R5 Q3 L4,left,PASS
13554-right,R5 Q3 L4,right,PASS
13555-left,R5 Q3 R4,left,PASS
13555-right,R5 Q3 R4,right,PASS
13556-left,R5 Q3 Q5,left,PASS
13556-right,R5 Q3 Q5,right,PASS
13557-left,R5 Q3 B5,left,PASS
13557-right,R5 Q3 B5,right,PASS
13558-left,R5 Q3 L5,left,PASS
13558-right,R5 Q3 L5,right,PASS
13559-left,R5 Q3 R5,left,PASS
13559-right,R5 Q3 R5,right,PASS
13560-left,R5 B3 Q0,left,PASS
13560-right,R5 B3 Q0,right,PASS
13561-left,R5 B3 B0,left,PASS
13561-right,R5 B3 B0,right,PASS
13562-left,R5 B3 L0,left,PASS
13562-right,R5 B3 L0,right,PASS
13563-left,R5 B3 R0,left,PASS
13563-right,R5 B3 R0,right,PASS
13564-left,R5 B3 Q1,left,PASS
13564-right,R5 B3 Q1,right,PASS
13565-left,R5 B3 B1,left,PASS
13565-right,R5 B3 B1,right,PASS
13566-left,R5 B3 L1,left,PASS
13566-right,R5 B3 L1,right,PASS
13567-left,R5 B3 R1,left,PASS
13567-right,R5 B3 R1,right,PASS
13568-left,R5 B3 Q2,left,PASS
13568-right,R5 B3 Q2,right,PASS
13569-left,R5 B3 B2,left,PASS
13569-right,R5 B3 B2,right,PASS
13570-left,R5 B3 L2,left,PASS
13571-left,R5 B3 R2,left,PASS
13571-right,R5 B3 R2,right,PASS
13572-left,R5 B3 Q3,left,PASS
13573-left,R5 B3 B3,left,PASS
13574-left,R5 B3 L3,left,PASS
13575-left,R5 B3 R3,left,PASS
13576-left,R5 B3 Q4,left,PASS
13576-right,R5 B3 Q4,right,PASS
13577-left,R5 B3 B4,left,PASS
13577-right,R5 B3 B4,right,PASS
13578-left,R5 B3 L4,left,PASS
13578-right,R5 B3 L4,right,PASS
13579-left,R5 B3 R4,left,PASS
13579-right,R5 B3 R4,right,PASS
13580-left,R5 B3 Q5,left,PASS
13580-right,R5 B3 Q5,right,PASS
13581-left,R5 B3 B5,left,PASS
13581-right,R5 B3 B5,right,PASS
13582-left,R5 B3 L5,left,PASS
13582-right,R5 B3 L5,right,PASS
13583-left,R5 B3 R5,left,PASS
13583-right,R5 B3 R5,right,PASS
13584-left,R5 L3 Q0,left,PASS
13584-right,R5 L3 Q0,right,PASS
13585-left,R5 L3 B0,left,PASS
13585-right,R5 L3 B0,right,PASS
13586-left,R5 L3 L0,left,PASS
13587-left,R5 L3 R0,left,PASS
13587-right,R5 L3 R0,right,PASS
13588-left,R5 L3 Q1,left,PASS
13588-right,R5 L3 Q1,right,PASS
13589-left,R5 L3 B1,left,PASS
13589-right,R5 L3 B1,right,PASS
13590-left,R5 L3 L1,left,PASS
13591-left,R5 L3 R1,left,PASS
13591-right,R5 L3 R1,right,PASS
13592-left,R5 L3 Q2,left,PASS
13592-right,R5 L3 Q2,right,PASS
13593-left,R5 L3 B2,left,PASS
13593-right,R5 L3 B2,right,PASS
13594-left,R5 L3 L2,left,PASS
13595-left,R5 L3 R2,left,PASS
13595-right,R5 L3 R2,right,PASS
13596-left,R5 L3 Q3,left,PASS
13597-left,R5 L3 B3,left,PASS
13598-left,R5 L3 L3,left,PASS
13599-left,R5 L3 R3,left,PASS
13599-right,R5 L3 R3,right,PASS
13600-left,R5 L3 Q4,left,PASS
13601-left,R5 L3 B4,left,PASS
13602-left,R5 L3 L4,left,PASS
13603-left,R5 L3 R4,left,PASS
13604-left,R5 L3 Q5,left,PASS
13604-right,R5 L3 Q5,right,PASS
13605-left,R5 L3 B5,left,PASS
13605-right,R5 L3 B5,right,PASS
13606-left,R5 L3 L5,left,PASS
13607-left,R5 L3 R5,left,PASS
13607-right,R5 L3 R5,right,PASS
13608-left,R5 R3 Q0,left,PASS
13608-right,R5 R3 Q0,right,PASS
13609-left,R5 R3 B0,left,PASS
13609-right,R5 R3 B0,right,PASS
13610-left,R5 R3 L0,left,PASS
13610-right,R5 R3 L0,right,PASS
13611-left,R5 R3 R0,left,PASS
13611-right,R5 R3 R0,right,PASS
13612-left,R5 R3 Q1,left,PASS
13612-right,R5 R3 Q1,right,PASS
13613-left,R5 R3 B1,left,PASS
13613-right,R5 R3 B1,right,PASS
13614-left,R5 R3 L1,left,PASS
13614-right,R5 R3 L1,right,PASS
13615-left,R5 R3 R1,left,PASS
13615-right,R5 R3 R1,right,PASS
13616-left,R5 R3 Q2,left,PASS
13616-right,R5 R3 Q2,right,PASS
13617-left,R5 R3 B2,left,PASS
13617-right,R5 R3 B2,right,PASS
13618-left,R5 R3 L2,left,PASS
13619-left,R5 R3 R2,left,PASS
13619-right,R5 R3 R2,right,PASS
13620-left,R5 R3 Q3,left,PASS
13621-left,R5 R3 B3,left,PASS
13622-left,R5 R3 L3,left,PASS
13622-right,R5 R3 L3,right,PASS
13623-left,R5 R3 R3,left,PASS
13623-right,R5 R3 R3,right,PASS
13624-left,R5 R3 Q4,left,PASS
13624-right,R5 R3 Q4,right,PASS
13625-left,R5 R3 B4,left,PASS
13625-right,R5 R3 B4,right,PASS
13626-left,R5 R3 L4,left,PASS
13626-right,R5 R3 L4,right,PASS
13627-left,R5 R3 R4,left,PASS
13627-right,R5 R3 R4,right,PASS
13628-left,R5 R3 Q5,left,PASS
13628-right,R5 R3 Q5,right,PASS
13629-left,R5 R3 B5,left,PASS
13629-right,R5 R3 B5,right,PASS
13630-left,R5 R3 L5,left,PASS
13630-right,R5 R3 L5,right,PASS
13631-left,R5 R3 R5,left,PASS
13631-right,R5 R3 R5,right,PASS
13632-left,R5 Q4 Q0,left,PASS
13632-right,R5 Q4 Q0,right,PASS
13633-left,R5 Q4 B0,left,PASS
13633-right,R5 Q4 B0,right,PASS
13634-left,R5 Q4 L0,left,PASS
13634-right,R5 Q4 L0,right,PASS
13635-left,R5 Q4 R0,left,PASS
13635-right,R5 Q4 R0,right,PASS
13636-left,R5 Q4 Q1,left,PASS
13636-right,R5 Q4 Q1,right,PASS
13637-left,R5 Q4 B1,left,PASS
13637-right,R5 Q4 B1,right,PASS
13638-left,R5 Q4 L1,left,PASS
13638-right,R5 Q4 L1,right,PASS
13639-left,R5 Q4 R1,left,PASS
13639-right,R5 Q4 R1,right,PASS
13640-left,R5 Q4 Q2,left,PASS
13640-right,R5 Q4 Q2,right,PASS
13641-left,R5 Q4 B2,left,PASS
13641-right,R5 Q4 B2,right,PASS
13642-left,R5 Q4 L2,left,PASS
13642-right,R5 Q4 L2,right,PASS
13643-left,R5 Q4 R2,left,PASS
13643-right,R5 Q4 R2,right,PASS
13644-left,R5 Q4 Q3,left,PASS
13644-right,R5 Q4 Q3,right,PASS
13645-left,R5 Q4 B3,left,PASS
13645-right,R5 Q4 B3,right,PASS
13646-left,R5 Q4 L3,left,PASS
13647-left,R5 Q4 R3,left,PASS
13647-right,R5 Q4 R3,right,PASS
13648-left,R5 Q4 Q4,left,PASS
13649-left,R5 Q4 B4,left,PASS
13650-left,R5 Q4 L4,left,PASS
13651-left,R5 Q4 R4,left,PASS
13652-left,R5 Q4 Q5,left,PASS
13652-right,R5 Q4 Q5,right,PASS
13653-left,R5 Q4 B5,left,PASS
13653-right,R5 Q4 B5,right,PASS
13654-left,R5 Q4 L5,left,PASS
13654-right,R5 Q4 L5,right,PASS
13655-left,R5 Q4 R5,left,PASS
13655-right,R5 Q4 R5,right,PASS
13656-left,R5 B4 Q0,left,PASS
13656-right,R5 B4 Q0,right,PASS
13657-left,R5 B4 B0,left,PASS
13657-right,R5 B4 B0,right,PASS
13658-left,R5 B4 L0,left,PASS
13658-right,R5 B4 L0,right,PASS
13659-left,R5 B4 R0,left,PASS
13659-right,R5 B4 R0,right,PASS
13660-left,R5 B4 Q1,left,PASS
13660-right,R5 B4 Q1,right,PASS
13661-left,R5 B4 B1,left,PASS
13661-right,R5 B4 B1,right,PASS
13662-left,R5 B4 L1,left,PASS
13662-right,R5 B4 L1,right,PASS
13663-left,R5 B4 R1,left,PASS
13663-right,R5 B4 R1,right,PASS
13664-left,R5 B4 Q2,left,PASS
13664-right,R5 B4 Q2,right,PASS
13665-left,R5 B4 B2,left,PASS
13665-right,R5 B4 B2,right,PASS
13666-left,R5 B4 L2,left,PASS
13666-right,R5 B4 L2,right,PASS
13667-left,R5 B4 R2,left,PASS
13667-right,R5 B4 R2,right,PASS
13668-left,R5 B4 Q3,left,PASS
13668-right,R5 B4 Q3,right,PASS
13669-left,R5 B4 B3,left,PASS
13669-right,R5 B4 B3,right,PASS
13670-left,R5 B4 L3,left,PASS
13671-left,R5 B4 R3,left,PASS
13671-right,R5 B4 R3,right,PASS
13672-left,R5 B4 Q4,left,PASS
13673-left,R5 B4 B4,left,PASS
13674-left,R5 B4 L4,left,PASS
13675-left,R5 B4 R4,left,PASS
13676-left,R5 B4 Q5,left,PASS
13676-right,R5 B4 Q5,right,PASS
13677-left,R5 B4 B5,left,PASS
13677-right,R5 B4 B5,right,PASS
13678-left,R5 B4 L5,left,PASS
13678-right,R5 B4 L5,right,PASS
13679-left,R5 B4 R5,left,PASS
13679-right,R5 B4 R5,right,PASS
13680-right,R5 L4 Q0,right,PASS
13681-right,R5 L4 B0,right,PASS
13683-right,R5 L4 R0,right,PASS
13684-right,R5 L4 Q1,right,PASS
13685-right,R5 L4 B1,right,PASS
13687-right,R5 L4 R1,right,PASS
13688-right,R5 L4 Q2,right,PASS
13689-right,R5 L4 B2,right,PASS
13691-right,R5 L4 R2,right,PASS
13692-right,R5 L4 Q3,right,PASS
13693-right,R5 L4 B3,right,PASS
13695-right,R5 L4 R3,right,PASS
13699-right,R5 L4 R4,right,PASS
13704-left,R5 R4 Q0,left,PASS
13704-right,R5 R4 Q0,right,PASS
13705-left,R5 R4 B0,left,PASS
13705-right,R5 R4 B0,right,PASS
13706-left,R5 R4 L0,left,PASS
13706-right,R5 R4 L0,right,PASS
13707-left,R5 R4 R0,left,PASS
13707-right,R5 R4 R0,right,PASS
13708-left,R5 R4 Q1,left,PASS
13708-right,R5 R4 Q1,right,PASS
13709-left,R5 R4 B1,left,PASS
13709-right,R5 R4 B1,right,PASS
13710-left,R5 R4 L1,left,PASS
13710-right,R5 R4 L1,right,PASS
13711-left,R5 R4 R1,left,PASS
13711-right,R5 R4 R1,right,PASS
13712-left,R5 R4 Q2,left,PASS
13712-right,R5 R4 Q2,right,PASS
13713-left,R5 R4 B2,left,PASS
13713-right,R5 R4 B2,right,PASS
13714-left,R5 R4 L2,left,PASS
13714-right,R5 R4 L2,right,PASS
13715-left,R5 R4 R2,left,PASS
13715-right,R5 R4 R2,right,PASS
13716-left,R5 R4 Q3,left,PASS
13716-right,R5 R4 Q3,right,PASS
13717-left,R5 R4 B3,left,PASS
13717-right,R5 R4 B3,right,PASS
13718-left,R5 R4 L3,left,PASS
13719-left,R5 R4 R3,left,PASS
13719-right,R5 R4 R3,right,PASS
13720-left,R5 R4 Q4,left,PASS
13721-left,R5 R4 B4,left,PASS
13722-left,R5 R4 L4,left,PASS
13722-right,R5 R4 L4,right,PASS
13723-left,R5 R4 R4,left,PASS
13723-right,R5 R4 R4,right,PASS
13724-left,R5 R4 Q5,left,PASS
13724-right,R5 R4 Q5,right,PASS
13725-left,R5 R4 B5,left,PASS
13725-right,R5 R4 B5,right,PASS
13726-left,R5 R4 L5,left,PASS
13726-right,R5 R4 L5,right,PASS
13727-left,R5 R4 R5,left,PASS
13727-right,R5 R4 R5,right,PASS
13728-right,R5 Q5 Q0,right,PASS
13729-right,R5 Q5 B0,right,PASS
13730-right,R5 Q5 L0,right,PASS
13731-right,R5 Q5 R0,right,PASS
13732-right,R5 Q5 Q1,right,PASS
13733-right,R5 Q5 B1,right,PASS
13734-right,R5 Q5 L1,right,PASS
13735-right,R5 Q5 R1,right,PASS
13736-right,R5 Q5 Q2,right,PASS
13737-right,R5 Q5 B2,right,PASS
13738-right,R5 Q5 L2,right,PASS
13739-right,R5 Q5 R2,right,PASS
13740-right,R5 Q5 Q3,right,PASS
13741-right,R5 Q5 B3,right,PASS
13742-right,R5 Q5 L3,right,PASS
13743-right,R5 Q5 R3,right,PASS
13744-right,R5 Q5 Q4,right,PASS
13745-right,R5 Q5 B4,right,PASS
13747-right,R5 Q5 R4,right,PASS
13752-right,R5 B5 Q0,right,PASS
13753-right,R5 B5 B0,right,PASS
13754-right,R5 B5 L0,right,PASS
13755-right,R5 B5 R0,right,PASS
13756-right,R5 B5 Q1,right,PASS
13757-right,R5 B5 B1,right,PASS
13758-right,R5 B5 L1,right,PASS
13759-right,R5 B5 R1,right,PASS
13760-right,R5 B5 Q2,right,PASS
13761-right,R5 B5 B2,right,PASS
13762-right,R5 B5 L2,right,PASS
13763-right,R5 B5 R2,right,PASS
13764-right,R5 B5 Q3,right,PASS
13765-right,R5 B5 B3,right,PASS
13766-right,R5 B5 L3,right,PASS
13767-right,R5 B5 R3,right,PASS
13768-right,R5 B5 Q4,right,PASS
13769-right,R5 B5 B4,right,PASS
13771-right,R5 B5 R4,right,PASS
13776-left,R5 L5 Q0,left,PASS
13777-left,R5 L5 B0,left,PASS
13778-left,R5 L5 L0,left,PASS
13779-left,R5 L5 R0,left,PASS
13780-left,R5 L5 Q1,left,PASS
13780-right,R5 L5 Q1,right,PASS
13781-left,R5 L5 B1,left,PASS
13781-right,R5 L5 B1,right,PASS
13782-left,R5 L5 L1,left,PASS
13783-left,R5 L5 R1,left,PASS
13783-right,R5 L5 R1,right,PASS
13784-left,R5 L5 Q2,left,PASS
13784-right,R5 L5 Q2,right,PASS
13785-left,R5 L5 B2,left,PASS
13785-right,R5 L5 B2,right,PASS
13786-left,R5 L5 L2,left,PASS
13787-left,R5 L5 R2,left,PASS
13787-right,R5 L5 R2,right,PASS
13788-left,R5 L5 Q3,left,PASS
13788-right,R5 L5 Q3,right,PASS
13789-left,R5 L5 B3,left,PASS
13789-right,R5 L5 B3,right,PASS
13790-left,R5 L5 L3,left,PASS
13791-left,R5 L5 R3,left,PASS
13791-right,R5 L5 R3,right,PASS
13792-left,R5 L5 Q4,left,PASS
13792-right,R5 L5 Q4,right,PASS
13793-left,R5 L5 B4,left,PASS
13793-right,R5 L5 B4,right,PASS
13794-left,R5 L5 L4,left,PASS
13795-left,R5 L5 R4,left,PASS
13795-right,R5 L5 R4,right,PASS
13796-left,R5 L5 Q5,left,PASS
13797-left,R5 L5 B5,left,PASS
13798-left,R5 L5 L5,left,PASS
13799-left,R5 L5 R5,left,PASS
13799-right,R5 L5 R5,right,PASS
13800-left,R5 R5 Q0,left,PASS
13800-right,R5 R5 Q0,right,PASS
13801-left,R5 R5 B0,left,PASS
13801-right,R5 R5 B0,right,PASS
13802-left,R5 R5 L0,left,PASS
13802-right,R5 R5 L0,right,PASS
13803-left,R5 R5 R0,left,PASS
13803-right,R5 R5 R0,right,PASS
13804-left,R5 R5 Q1,left,PASS
13804-right,R5 R5 Q1,right,PASS
13805-left,R5 R5 B1,left,PASS
13805-right,R5 R5 B1,right,PASS
13806-left,R5 R5 L1,left,PASS
13806-right,R5 R5 L1,right,PASS
13807-left,R5 R5 R1,left,PASS
13807-right,R5 R5 R1,right,PASS
13808-left,R5 R5 Q2,left,PASS
13808-right,R5 R5 Q2,right,PASS
13809-left,R5 R5 B2,left,PASS
13809-right,R5 R5 B2,right,PASS
13810-left,R5 R5 L2,left,PASS
13810-right,R5 R5 L2,right,PASS
13811-left,R5 R5 R2,left,PASS
13811-right,R5 R5 R2,right,PASS
13812-left,R5 R5 Q3,left,PASS
13812-right,R5 R5 Q3,right,PASS
13813-left,R5 R5 B3,left,PASS
13813-right,R5 R5 B3,right,PASS
13814-left,R5 R5 L3,left,PASS
13814-right,R5 R5 L3,right,PASS
13815-left,R5 R5 R3,left,PASS
13815-right,R5 R5 R3,right,PASS
13816-left,R5 R5 Q4,left,PASS
13816-right,R5 R5 Q4,right,PASS
13817-left,R5 R5 B4,left,PASS
13817-right,R5 R5 B4,right,PASS
13818-left,R5 R5 L4,left,PASS
13819-left,R5 R5 R4,left,PASS
13819-right,R5 R5 R4,right,PASS
13820-left,R5 R5 Q5,left,PASS
13821-left,R5 R5 B5,left,PASS
13822-left,R5 R5 L5,left,PASS
13822-right,R5 R5 L5,right,PASS
13823-left,R5 R5 R5,left,PASS
13823-right,R5 R5 R5,right,PASS
