decision_id,class_candidate,source_form,target_form,isometric,exhausted_search,nodes_visited,pairwise_b_tests,candidate_sizes,witness_basis_json,witness_verified
1,1,"{""c01"": 1, ""c02"": 0, ""c03"": 8, ""c12"": 2, ""c13"": 4, ""c23"": 8}","{""c01"": 3, ""c02"": 0, ""c03"": 0, ""c12"": 2, ""c13"": 12, ""c23"": 0}",True,False,80,138,"{""0"": 16, ""1"": 16, ""2"": 4, ""3"": 32}","[[0, 1, 1, 4], [1, 2, 1, 4], [0, 0, 1, 0], [0, 2, 1, 3]]",True
2,1,"{""c01"": 1, ""c02"": 0, ""c03"": 8, ""c12"": 2, ""c13"": 4, ""c23"": 8}","{""c01"": 3, ""c02"": 0, ""c03"": 8, ""c12"": 2, ""c13"": 4, ""c23"": 8}",True,False,78,136,"{""0"": 16, ""1"": 16, ""2"": 4, ""3"": 32}","[[0, 1, 1, 4], [1, 2, 1, 4], [0, 0, 1, 0], [0, 2, 0, 1]]",True
3,1,"{""c01"": 1, ""c02"": 0, ""c03"": 8, ""c12"": 2, ""c13"": 4, ""c23"": 8}","{""c01"": 1, ""c02"": 0, ""c03"": 0, ""c12"": 2, ""c13"": 4, ""c23"": 8}",True,False,76,132,"{""0"": 16, ""1"": 16, ""2"": 4, ""3"": 32}","[[0, 1, 1, 4], [1, 0, 1, 4], [0, 0, 1, 0], [0, 2, 0, 1]]",True
4,1,"{""c01"": 1, ""c02"": 0, ""c03"": 8, ""c12"": 2, ""c13"": 4, ""c23"": 8}","{""c01"": 1, ""c02"": 0, ""c03"": 8, ""c12"": 2, ""c13"": 12, ""c23"": 8}",True,False,72,126,"{""0"": 16, ""1"": 16, ""2"": 4, ""3"": 32}","[[0, 1, 1, 4], [1, 0, 1, 4], [0, 0, 1, 0], [0, 0, 0, 1]]",True
5,1,"{""c01"": 1, ""c02"": 0, ""c03"": 8, ""c12"": 2, ""c13"": 4, ""c23"": 8}","{""c01"": 3, ""c02"": 0, ""c03"": 8, ""c12"": 2, ""c13"": 12, ""c23"": 0}",True,False,81,141,"{""0"": 16, ""1"": 16, ""2"": 4, ""3"": 32}","[[0, 1, 1, 4], [1, 2, 1, 4], [0, 0, 1, 0], [0, 2, 1, 13]]",True
6,1,"{""c01"": 1, ""c02"": 0, ""c03"": 8, ""c12"": 2, ""c13"": 4, ""c23"": 8}","{""c01"": 1, ""c02"": 0, ""c03"": 0, ""c12"": 2, ""c13"": 12, ""c23"": 8}",True,False,73,129,"{""0"": 16, ""1"": 16, ""2"": 4, ""3"": 32}","[[0, 1, 1, 4], [1, 0, 1, 4], [0, 0, 1, 0], [0, 0, 0, 15]]",True
7,1,"{""c01"": 1, ""c02"": 0, ""c03"": 8, ""c12"": 2, ""c13"": 4, ""c23"": 8}","{""c01"": 1, ""c02"": 0, ""c03"": 8, ""c12"": 2, ""c13"": 12, ""c23"": 0}",True,False,78,134,"{""0"": 16, ""1"": 16, ""2"": 4, ""3"": 32}","[[0, 1, 1, 4], [1, 0, 1, 4], [0, 0, 1, 0], [0, 2, 1, 3]]",True
8,1,"{""c01"": 1, ""c02"": 0, ""c03"": 8, ""c12"": 2, ""c13"": 4, ""c23"": 8}","{""c01"": 3, ""c02"": 0, ""c03"": 0, ""c12"": 2, ""c13"": 4, ""c23"": 8}",True,False,79,139,"{""0"": 16, ""1"": 16, ""2"": 4, ""3"": 32}","[[0, 1, 1, 4], [1, 2, 1, 4], [0, 0, 1, 0], [0, 2, 0, 15]]",True
9,1,"{""c01"": 1, ""c02"": 0, ""c03"": 8, ""c12"": 2, ""c13"": 4, ""c23"": 8}","{""c01"": 3, ""c02"": 0, ""c03"": 0, ""c12"": 2, ""c13"": 12, ""c23"": 8}",True,False,74,130,"{""0"": 16, ""1"": 16, ""2"": 4, ""3"": 32}","[[0, 1, 1, 4], [1, 2, 1, 4], [0, 0, 1, 0], [0, 0, 0, 1]]",True
10,1,"{""c01"": 1, ""c02"": 0, ""c03"": 8, ""c12"": 2, ""c13"": 4, ""c23"": 8}","{""c01"": 3, ""c02"": 0, ""c03"": 8, ""c12"": 2, ""c13"": 4, ""c23"": 0}",True,False,76,132,"{""0"": 16, ""1"": 16, ""2"": 4, ""3"": 32}","[[0, 1, 1, 4], [1, 2, 1, 4], [0, 0, 1, 0], [0, 0, 1, 3]]",True
11,1,"{""c01"": 1, ""c02"": 0, ""c03"": 8, ""c12"": 2, ""c13"": 4, ""c23"": 8}","{""c01"": 1, ""c02"": 0, ""c03"": 0, ""c12"": 2, ""c13"": 4, ""c23"": 0}",True,False,74,128,"{""0"": 16, ""1"": 16, ""2"": 4, ""3"": 32}","[[0, 1, 1, 4], [1, 0, 1, 4], [0, 0, 1, 0], [0, 0, 1, 3]]",True
12,1,"{""c01"": 1, ""c02"": 0, ""c03"": 8, ""c12"": 2, ""c13"": 4, ""c23"": 8}","{""c01"": 1, ""c02"": 0, ""c03"": 8, ""c12"": 2, ""c13"": 4, ""c23"": 0}",True,False,75,131,"{""0"": 16, ""1"": 16, ""2"": 4, ""3"": 32}","[[0, 1, 1, 4], [1, 0, 1, 4], [0, 0, 1, 0], [0, 0, 1, 13]]",True
13,1,"{""c01"": 1, ""c02"": 0, ""c03"": 8, ""c12"": 2, ""c13"": 4, ""c23"": 8}","{""c01"": 1, ""c02"": 0, ""c03"": 0, ""c12"": 2, ""c13"": 12, ""c23"": 0}",True,False,79,137,"{""0"": 16, ""1"": 16, ""2"": 4, ""3"": 32}","[[0, 1, 1, 4], [1, 0, 1, 4], [0, 0, 1, 0], [0, 2, 1, 13]]",True
14,1,"{""c01"": 1, ""c02"": 0, ""c03"": 8, ""c12"": 2, ""c13"": 4, ""c23"": 8}","{""c01"": 3, ""c02"": 0, ""c03"": 0, ""c12"": 2, ""c13"": 4, ""c23"": 0}",True,False,77,135,"{""0"": 16, ""1"": 16, ""2"": 4, ""3"": 32}","[[0, 1, 1, 4], [1, 2, 1, 4], [0, 0, 1, 0], [0, 0, 1, 13]]",True
15,1,"{""c01"": 1, ""c02"": 0, ""c03"": 8, ""c12"": 2, ""c13"": 4, ""c23"": 8}","{""c01"": 3, ""c02"": 0, ""c03"": 8, ""c12"": 2, ""c13"": 12, ""c23"": 8}",True,False,75,133,"{""0"": 16, ""1"": 16, ""2"": 4, ""3"": 32}","[[0, 1, 1, 4], [1, 2, 1, 4], [0, 0, 1, 0], [0, 0, 0, 15]]",True
16,2,"{""c01"": 1, ""c02"": 2, ""c03"": 12, ""c12"": 0, ""c13"": 4, ""c23"": 0}","{""c01"": 1, ""c02"": 2, ""c03"": 12, ""c12"": 0, ""c13"": 12, ""c23"": 0}",True,False,105,184,"{""0"": 16, ""1"": 16, ""2"": 4, ""3"": 32}","[[0, 1, 1, 0], [1, 0, 1, 8], [0, 0, 1, 0], [0, 0, 0, 1]]",True
17,2,"{""c01"": 1, ""c02"": 2, ""c03"": 12, ""c12"": 0, ""c13"": 4, ""c23"": 0}","{""c01"": 3, ""c02"": 2, ""c03"": 12, ""c12"": 0, ""c13"": 4, ""c23"": 8}",True,False,77,134,"{""0"": 16, ""1"": 16, ""2"": 4, ""3"": 32}","[[0, 1, 1, 0], [1, 2, 1, 0], [0, 0, 1, 0], [0, 0, 1, 11]]",True
18,2,"{""c01"": 1, ""c02"": 2, ""c03"": 12, ""c12"": 0, ""c13"": 4, ""c23"": 0}","{""c01"": 1, ""c02"": 2, ""c03"": 4, ""c12"": 0, ""c13"": 12, ""c23"": 0}",True,False,72,126,"{""0"": 16, ""1"": 16, ""2"": 4, ""3"": 32}","[[0, 1, 1, 0], [1, 0, 1, 0], [0, 0, 1, 0], [0, 0, 0, 1]]",True
19,2,"{""c01"": 1, ""c02"": 2, ""c03"": 12, ""c12"": 0, ""c13"": 4, ""c23"": 0}","{""c01"": 3, ""c02"": 2, ""c03"": 4, ""c12"": 0, ""c13"": 4, ""c23"": 8}",True,False,110,192,"{""0"": 16, ""1"": 16, ""2"": 4, ""3"": 32}","[[0, 1, 1, 0], [1, 2, 1, 8], [0, 0, 1, 0], [0, 0, 1, 11]]",True
20,2,"{""c01"": 1, ""c02"": 2, ""c03"": 12, ""c12"": 0, ""c13"": 4, ""c23"": 0}","{""c01"": 3, ""c02"": 2, ""c03"": 4, ""c12"": 0, ""c13"": 12, ""c23"": 8}",True,False,76,132,"{""0"": 16, ""1"": 16, ""2"": 4, ""3"": 32}","[[0, 1, 1, 0], [1, 2, 1, 0], [0, 0, 1, 0], [0, 0, 1, 5]]",True
21,2,"{""c01"": 1, ""c02"": 2, ""c03"": 12, ""c12"": 0, ""c13"": 4, ""c23"": 0}","{""c01"": 3, ""c02"": 2, ""c03"": 12, ""c12"": 0, ""c13"": 12, ""c23"": 8}",True,False,109,190,"{""0"": 16, ""1"": 16, ""2"": 4, ""3"": 32}","[[0, 1, 1, 0], [1, 2, 1, 8], [0, 0, 1, 0], [0, 0, 1, 5]]",True
22,2,"{""c01"": 1, ""c02"": 2, ""c03"": 12, ""c12"": 0, ""c13"": 4, ""c23"": 0}","{""c01"": 1, ""c02"": 2, ""c03"": 12, ""c12"": 0, ""c13"": 4, ""c23"": 8}",True,False,108,188,"{""0"": 16, ""1"": 16, ""2"": 4, ""3"": 32}","[[0, 1, 1, 0], [1, 0, 1, 8], [0, 0, 1, 0], [0, 0, 1, 11]]",True
23,2,"{""c01"": 1, ""c02"": 2, ""c03"": 12, ""c12"": 0, ""c13"": 4, ""c23"": 0}","{""c01"": 1, ""c02"": 2, ""c03"": 4, ""c12"": 0, ""c13"": 4, ""c23"": 8}",True,False,75,130,"{""0"": 16, ""1"": 16, ""2"": 4, ""3"": 32}","[[0, 1, 1, 0], [1, 0, 1, 0], [0, 0, 1, 0], [0, 0, 1, 11]]",True
24,2,"{""c01"": 1, ""c02"": 2, ""c03"": 12, ""c12"": 0, ""c13"": 4, ""c23"": 0}","{""c01"": 3, ""c02"": 2, ""c03"": 4, ""c12"": 0, ""c13"": 4, ""c23"": 0}",True,False,75,132,"{""0"": 16, ""1"": 16, ""2"": 4, ""3"": 32}","[[0, 1, 1, 0], [1, 2, 1, 0], [0, 0, 1, 0], [0, 0, 0, 15]]",True
25,2,"{""c01"": 1, ""c02"": 2, ""c03"": 12, ""c12"": 0, ""c13"": 4, ""c23"": 0}","{""c01"": 1, ""c02"": 2, ""c03"": 12, ""c12"": 0, ""c13"": 12, ""c23"": 8}",True,False,74,128,"{""0"": 16, ""1"": 16, ""2"": 4, ""3"": 32}","[[0, 1, 1, 0], [1, 0, 1, 0], [0, 0, 1, 0], [0, 0, 1, 5]]",True
26,2,"{""c01"": 1, ""c02"": 2, ""c03"": 12, ""c12"": 0, ""c13"": 4, ""c23"": 0}","{""c01"": 3, ""c02"": 2, ""c03"": 12, ""c12"": 0, ""c13"": 4, ""c23"": 0}",True,False,108,190,"{""0"": 16, ""1"": 16, ""2"": 4, ""3"": 32}","[[0, 1, 1, 0], [1, 2, 1, 8], [0, 0, 1, 0], [0, 0, 0, 15]]",True
27,2,"{""c01"": 1, ""c02"": 2, ""c03"": 12, ""c12"": 0, ""c13"": 4, ""c23"": 0}","{""c01"": 1, ""c02"": 2, ""c03"": 4, ""c12"": 0, ""c13"": 12, ""c23"": 8}",True,False,107,186,"{""0"": 16, ""1"": 16, ""2"": 4, ""3"": 32}","[[0, 1, 1, 0], [1, 0, 1, 8], [0, 0, 1, 0], [0, 0, 1, 5]]",True
28,2,"{""c01"": 1, ""c02"": 2, ""c03"": 12, ""c12"": 0, ""c13"": 4, ""c23"": 0}","{""c01"": 3, ""c02"": 2, ""c03"": 4, ""c12"": 0, ""c13"": 12, ""c23"": 0}",True,False,107,188,"{""0"": 16, ""1"": 16, ""2"": 4, ""3"": 32}","[[0, 1, 1, 0], [1, 2, 1, 8], [0, 0, 1, 0], [0, 0, 0, 1]]",True
29,2,"{""c01"": 1, ""c02"": 2, ""c03"": 12, ""c12"": 0, ""c13"": 4, ""c23"": 0}","{""c01"": 3, ""c02"": 2, ""c03"": 12, ""c12"": 0, ""c13"": 12, ""c23"": 0}",True,False,74,130,"{""0"": 16, ""1"": 16, ""2"": 4, ""3"": 32}","[[0, 1, 1, 0], [1, 2, 1, 0], [0, 0, 1, 0], [0, 0, 0, 1]]",True
30,2,"{""c01"": 1, ""c02"": 2, ""c03"": 12, ""c12"": 0, ""c13"": 4, ""c23"": 0}","{""c01"": 1, ""c02"": 2, ""c03"": 4, ""c12"": 0, ""c13"": 4, ""c23"": 0}",True,False,106,186,"{""0"": 16, ""1"": 16, ""2"": 4, ""3"": 32}","[[0, 1, 1, 0], [1, 0, 1, 8], [0, 0, 1, 0], [0, 0, 0, 15]]",True
31,3,"{""c01"": 3, ""c02"": 2, ""c03"": 8, ""c12"": 0, ""c13"": 0, ""c23"": 8}","{""c01"": 1, ""c02"": 2, ""c03"": 8, ""c12"": 0, ""c13"": 0, ""c23"": 8}",True,False,74,130,"{""0"": 16, ""1"": 16, ""2"": 4, ""3"": 32}","[[0, 1, 1, 0], [1, 2, 1, 0], [0, 0, 1, 0], [0, 0, 0, 1]]",True
32,3,"{""c01"": 3, ""c02"": 2, ""c03"": 8, ""c12"": 0, ""c13"": 0, ""c23"": 8}","{""c01"": 3, ""c02"": 2, ""c03"": 8, ""c12"": 0, ""c13"": 8, ""c23"": 8}",True,False,109,190,"{""0"": 16, ""1"": 16, ""2"": 4, ""3"": 32}","[[0, 1, 1, 0], [1, 0, 1, 8], [0, 0, 1, 0], [0, 2, 0, 7]]",True
33,3,"{""c01"": 3, ""c02"": 2, ""c03"": 8, ""c12"": 0, ""c13"": 0, ""c23"": 8}","{""c01"": 1, ""c02"": 2, ""c03"": 0, ""c12"": 0, ""c13"": 0, ""c23"": 8}",True,False,107,188,"{""0"": 16, ""1"": 16, ""2"": 4, ""3"": 32}","[[0, 1, 1, 0], [1, 2, 1, 8], [0, 0, 1, 0], [0, 0, 0, 1]]",True
34,3,"{""c01"": 3, ""c02"": 2, ""c03"": 8, ""c12"": 0, ""c13"": 0, ""c23"": 8}","{""c01"": 1, ""c02"": 2, ""c03"": 0, ""c12"": 0, ""c13"": 8, ""c23"": 8}",True,False,78,136,"{""0"": 16, ""1"": 16, ""2"": 4, ""3"": 32}","[[0, 1, 1, 0], [1, 2, 1, 0], [0, 0, 1, 0], [0, 2, 0, 7]]",True
35,3,"{""c01"": 3, ""c02"": 2, ""c03"": 8, ""c12"": 0, ""c13"": 0, ""c23"": 8}","{""c01"": 3, ""c02"": 2, ""c03"": 0, ""c12"": 0, ""c13"": 0, ""c23"": 0}",True,False,74,128,"{""0"": 16, ""1"": 16, ""2"": 4, ""3"": 32}","[[0, 1, 1, 0], [1, 0, 1, 0], [0, 0, 1, 0], [0, 0, 1, 3]]",True
36,3,"{""c01"": 3, ""c02"": 2, ""c03"": 8, ""c12"": 0, ""c13"": 0, ""c23"": 8}","{""c01"": 1, ""c02"": 2, ""c03"": 8, ""c12"": 0, ""c13"": 8, ""c23"": 8}",True,False,111,194,"{""0"": 16, ""1"": 16, ""2"": 4, ""3"": 32}","[[0, 1, 1, 0], [1, 2, 1, 8], [0, 0, 1, 0], [0, 2, 0, 7]]",True
37,3,"{""c01"": 3, ""c02"": 2, ""c03"": 8, ""c12"": 0, ""c13"": 0, ""c23"": 8}","{""c01"": 3, ""c02"": 2, ""c03"": 0, ""c12"": 0, ""c13"": 8, ""c23"": 0}",True,False,111,192,"{""0"": 16, ""1"": 16, ""2"": 4, ""3"": 32}","[[0, 1, 1, 0], [1, 0, 1, 8], [0, 0, 1, 0], [0, 2, 1, 5]]",True
38,3,"{""c01"": 3, ""c02"": 2, ""c03"": 8, ""c12"": 0, ""c13"": 0, ""c23"": 8}","{""c01"": 3, ""c02"": 2, ""c03"": 8, ""c12"": 0, ""c13"": 0, ""c23"": 0}",True,False,107,186,"{""0"": 16, ""1"": 16, ""2"": 4, ""3"": 32}","[[0, 1, 1, 0], [1, 0, 1, 8], [0, 0, 1, 0], [0, 0, 1, 3]]",True
39,3,"{""c01"": 3, ""c02"": 2, ""c03"": 8, ""c12"": 0, ""c13"": 0, ""c23"": 8}","{""c01"": 1, ""c02"": 2, ""c03"": 8, ""c12"": 0, ""c13"": 0, ""c23"": 0}",True,False,109,190,"{""0"": 16, ""1"": 16, ""2"": 4, ""3"": 32}","[[0, 1, 1, 0], [1, 2, 1, 8], [0, 0, 1, 0], [0, 0, 1, 3]]",True
40,3,"{""c01"": 3, ""c02"": 2, ""c03"": 8, ""c12"": 0, ""c13"": 0, ""c23"": 8}","{""c01"": 3, ""c02"": 2, ""c03"": 8, ""c12"": 0, ""c13"": 8, ""c23"": 0}",True,False,78,134,"{""0"": 16, ""1"": 16, ""2"": 4, ""3"": 32}","[[0, 1, 1, 0], [1, 0, 1, 0], [0, 0, 1, 0], [0, 2, 1, 5]]",True
41,3,"{""c01"": 3, ""c02"": 2, ""c03"": 8, ""c12"": 0, ""c13"": 0, ""c23"": 8}","{""c01"": 3, ""c02"": 2, ""c03"": 0, ""c12"": 0, ""c13"": 8, ""c23"": 8}",True,False,76,132,"{""0"": 16, ""1"": 16, ""2"": 4, ""3"": 32}","[[0, 1, 1, 0], [1, 0, 1, 0], [0, 0, 1, 0], [0, 2, 0, 7]]",True
42,3,"{""c01"": 3, ""c02"": 2, ""c03"": 8, ""c12"": 0, ""c13"": 0, ""c23"": 8}","{""c01"": 1, ""c02"": 2, ""c03"": 0, ""c12"": 0, ""c13"": 0, ""c23"": 0}",True,False,76,132,"{""0"": 16, ""1"": 16, ""2"": 4, ""3"": 32}","[[0, 1, 1, 0], [1, 2, 1, 0], [0, 0, 1, 0], [0, 0, 1, 3]]",True
43,3,"{""c01"": 3, ""c02"": 2, ""c03"": 8, ""c12"": 0, ""c13"": 0, ""c23"": 8}","{""c01"": 3, ""c02"": 2, ""c03"": 0, ""c12"": 0, ""c13"": 0, ""c23"": 8}",True,False,105,184,"{""0"": 16, ""1"": 16, ""2"": 4, ""3"": 32}","[[0, 1, 1, 0], [1, 0, 1, 8], [0, 0, 1, 0], [0, 0, 0, 1]]",True
44,3,"{""c01"": 3, ""c02"": 2, ""c03"": 8, ""c12"": 0, ""c13"": 0, ""c23"": 8}","{""c01"": 1, ""c02"": 2, ""c03"": 8, ""c12"": 0, ""c13"": 8, ""c23"": 0}",True,False,80,138,"{""0"": 16, ""1"": 16, ""2"": 4, ""3"": 32}","[[0, 1, 1, 0], [1, 2, 1, 0], [0, 0, 1, 0], [0, 2, 1, 5]]",True
45,3,"{""c01"": 3, ""c02"": 2, ""c03"": 8, ""c12"": 0, ""c13"": 0, ""c23"": 8}","{""c01"": 1, ""c02"": 2, ""c03"": 0, ""c12"": 0, ""c13"": 8, ""c23"": 0}",True,False,113,196,"{""0"": 16, ""1"": 16, ""2"": 4, ""3"": 32}","[[0, 1, 1, 0], [1, 2, 1, 8], [0, 0, 1, 0], [0, 2, 1, 5]]",True
46,4,"{""c01"": 3, ""c02"": 0, ""c03"": 4, ""c12"": 2, ""c13"": 8, ""c23"": 8}","{""c01"": 3, ""c02"": 0, ""c03"": 12, ""c12"": 2, ""c13"": 0, ""c23"": 8}",True,False,73,128,"{""0"": 16, ""1"": 16, ""2"": 4, ""3"": 32}","[[0, 1, 1, 4], [1, 0, 1, 4], [0, 0, 1, 0], [0, 0, 0, 15]]",True
47,4,"{""c01"": 3, ""c02"": 0, ""c03"": 4, ""c12"": 2, ""c13"": 8, ""c23"": 8}","{""c01"": 1, ""c02"": 0, ""c03"": 12, ""c12"": 2, ""c13"": 0, ""c23"": 0}",True,False,77,134,"{""0"": 16, ""1"": 16, ""2"": 4, ""3"": 32}","[[0, 1, 1, 4], [1, 2, 1, 4], [0, 0, 1, 0], [0, 0, 1, 13]]",True
48,4,"{""c01"": 3, ""c02"": 0, ""c03"": 4, ""c12"": 2, ""c13"": 8, ""c23"": 8}","{""c01"": 1, ""c02"": 0, ""c03"": 4, ""c12"": 2, ""c13"": 8, ""c23"": 8}",True,False,78,137,"{""0"": 16, ""1"": 16, ""2"": 4, ""3"": 32}","[[0, 1, 1, 4], [1, 2, 1, 4], [0, 0, 1, 0], [0, 2, 0, 7]]",True
49,4,"{""c01"": 3, ""c02"": 0, ""c03"": 4, ""c12"": 2, ""c13"": 8, ""c23"": 8}","{""c01"": 1, ""c02"": 0, ""c03"": 4, ""c12"": 2, ""c13"": 0, ""c23"": 8}",True,False,79,139,"{""0"": 16, ""1"": 16, ""2"": 4, ""3"": 32}","[[0, 1, 1, 4], [1, 2, 1, 4], [0, 0, 1, 0], [0, 2, 0, 9]]",True
50,4,"{""c01"": 3, ""c02"": 0, ""c03"": 4, ""c12"": 2, ""c13"": 8, ""c23"": 8}","{""c01"": 3, ""c02"": 0, ""c03"": 4, ""c12"": 2, ""c13"": 0, ""c23"": 0}",True,False,79,137,"{""0"": 16, ""1"": 16, ""2"": 4, ""3"": 32}","[[0, 1, 1, 4], [1, 0, 1, 4], [0, 0, 1, 0], [0, 2, 1, 11]]",True
51,4,"{""c01"": 3, ""c02"": 0, ""c03"": 4, ""c12"": 2, ""c13"": 8, ""c23"": 8}","{""c01"": 3, ""c02"": 0, ""c03"": 4, ""c12"": 2, ""c13"": 8, ""c23"": 0}",True,False,78,135,"{""0"": 16, ""1"": 16, ""2"": 4, ""3"": 32}","[[0, 1, 1, 4], [1, 0, 1, 4], [0, 0, 1, 0], [0, 2, 1, 5]]",True
52,4,"{""c01"": 3, ""c02"": 0, ""c03"": 4, ""c12"": 2, ""c13"": 8, ""c23"": 8}","{""c01"": 1, ""c02"": 0, ""c03"": 12, ""c12"": 2, ""c13"": 8, ""c23"": 8}",True,False,74,130,"{""0"": 16, ""1"": 16, ""2"": 4, ""3"": 32}","[[0, 1, 1, 4], [1, 2, 1, 4], [0, 0, 1, 0], [0, 0, 0, 1]]",True
53,4,"{""c01"": 3, ""c02"": 0, ""c03"": 4, ""c12"": 2, ""c13"": 8, ""c23"": 8}","{""c01"": 3, ""c02"": 0, ""c03"": 12, ""c12"": 2, ""c13"": 8, ""c23"": 0}",True,False,74,128,"{""0"": 16, ""1"": 16, ""2"": 4, ""3"": 32}","[[0, 1, 1, 4], [1, 0, 1, 4], [0, 0, 1, 0], [0, 0, 1, 3]]",True
54,4,"{""c01"": 3, ""c02"": 0, ""c03"": 4, ""c12"": 2, ""c13"": 8, ""c23"": 8}","{""c01"": 3, ""c02"": 0, ""c03"": 4, ""c12"": 2, ""c13"": 0, ""c23"": 8}",True,False,77,135,"{""0"": 16, ""1"": 16, ""2"": 4, ""3"": 32}","[[0, 1, 1, 4], [1, 0, 1, 4], [0, 0, 1, 0], [0, 2, 0, 9]]",True
55,4,"{""c01"": 3, ""c02"": 0, ""c03"": 4, ""c12"": 2, ""c13"": 8, ""c23"": 8}","{""c01"": 1, ""c02"": 0, ""c03"": 4, ""c12"": 2, ""c13"": 8, ""c23"": 0}",True,False,80,139,"{""0"": 16, ""1"": 16, ""2"": 4, ""3"": 32}","[[0, 1, 1, 4], [1, 2, 1, 4], [0, 0, 1, 0], [0, 2, 1, 5]]",True
56,4,"{""c01"": 3, ""c02"": 0, ""c03"": 4, ""c12"": 2, ""c13"": 8, ""c23"": 8}","{""c01"": 3, ""c02"": 0, ""c03"": 12, ""c12"": 2, ""c13"": 0, ""c23"": 0}",True,False,75,130,"{""0"": 16, ""1"": 16, ""2"": 4, ""3"": 32}","[[0, 1, 1, 4], [1, 0, 1, 4], [0, 0, 1, 0], [0, 0, 1, 13]]",True
57,4,"{""c01"": 3, ""c02"": 0, ""c03"": 4, ""c12"": 2, ""c13"": 8, ""c23"": 8}","{""c01"": 1, ""c02"": 0, ""c03"": 12, ""c12"": 2, ""c13"": 0, ""c23"": 8}",True,False,75,132,"{""0"": 16, ""1"": 16, ""2"": 4, ""3"": 32}","[[0, 1, 1, 4], [1, 2, 1, 4], [0, 0, 1, 0], [0, 0, 0, 15]]",True
58,4,"{""c01"": 3, ""c02"": 0, ""c03"": 4, ""c12"": 2, ""c13"": 8, ""c23"": 8}","{""c01"": 3, ""c02"": 0, ""c03"": 12, ""c12"": 2, ""c13"": 8, ""c23"": 8}",True,False,72,126,"{""0"": 16, ""1"": 16, ""2"": 4, ""3"": 32}","[[0, 1, 1, 4], [1, 0, 1, 4], [0, 0, 1, 0], [0, 0, 0, 1]]",True
59,4,"{""c01"": 3, ""c02"": 0, ""c03"": 4, ""c12"": 2, ""c13"": 8, ""c23"": 8}","{""c01"": 1, ""c02"": 0, ""c03"": 4, ""c12"": 2, ""c13"": 0, ""c23"": 0}",True,False,81,141,"{""0"": 16, ""1"": 16, ""2"": 4, ""3"": 32}","[[0, 1, 1, 4], [1, 2, 1, 4], [0, 0, 1, 0], [0, 2, 1, 11]]",True
60,4,"{""c01"": 3, ""c02"": 0, ""c03"": 4, ""c12"": 2, ""c13"": 8, ""c23"": 8}","{""c01"": 1, ""c02"": 0, ""c03"": 12, ""c12"": 2, ""c13"": 8, ""c23"": 0}",True,False,76,132,"{""0"": 16, ""1"": 16, ""2"": 4, ""3"": 32}","[[0, 1, 1, 4], [1, 2, 1, 4], [0, 0, 1, 0], [0, 0, 1, 3]]",True
61,5,"{""c01"": 3, ""c02"": 0, ""c03"": 8, ""c12"": 0, ""c13"": 12, ""c23"": 0}","{""c01"": 3, ""c02"": 0, ""c03"": 0, ""c12"": 0, ""c13"": 12, ""c23"": 8}",True,False,15,21,"{""0"": 16, ""1"": 16, ""2"": 4, ""3"": 32}","[[1, 0, 0, 0], [0, 1, 0, 0], [0, 0, 1, 0], [0, 2, 1, 11]]",True
62,5,"{""c01"": 3, ""c02"": 0, ""c03"": 8, ""c12"": 0, ""c13"": 12, ""c23"": 0}","{""c01"": 3, ""c02"": 2, ""c03"": 4, ""c12"": 2, ""c13"": 4, ""c23"": 0}",True,False,10,14,"{""0"": 16, ""1"": 16, ""2"": 4, ""3"": 32}","[[0, 1, 1, 4], [1, 2, 1, 0], [0, 0, 1, 0], [0, 0, 0, 1]]",True
63,5,"{""c01"": 3, ""c02"": 0, ""c03"": 8, ""c12"": 0, ""c13"": 12, ""c23"": 0}","{""c01"": 1, ""c02"": 2, ""c03"": 12, ""c12"": 2, ""c13"": 12, ""c23"": 8}",True,False,11,15,"{""0"": 16, ""1"": 16, ""2"": 4, ""3"": 32}","[[0, 1, 1, 4], [1, 0, 1, 0], [0, 0, 1, 0], [0, 0, 1, 11]]",True
64,5,"{""c01"": 3, ""c02"": 0, ""c03"": 8, ""c12"": 0, ""c13"": 12, ""c23"": 0}","{""c01"": 1, ""c02"": 0, ""c03"": 8, ""c12"": 0, ""c13"": 12, ""c23"": 0}",True,False,11,17,"{""0"": 16, ""1"": 16, ""2"": 4, ""3"": 32}","[[1, 0, 0, 0], [0, 3, 0, 0], [0, 0, 1, 0], [0, 0, 0, 15]]",True
65,5,"{""c01"": 3, ""c02"": 0, ""c03"": 8, ""c12"": 0, ""c13"": 12, ""c23"": 0}","{""c01"": 1, ""c02"": 0, ""c03"": 0, ""c12"": 0, ""c13"": 12, ""c23"": 8}",True,False,16,22,"{""0"": 16, ""1"": 16, ""2"": 4, ""3"": 32}","[[1, 0, 0, 0], [0, 3, 0, 0], [0, 0, 1, 0], [0, 2, 1, 5]]",True
66,5,"{""c01"": 3, ""c02"": 0, ""c03"": 8, ""c12"": 0, ""c13"": 12, ""c23"": 0}","{""c01"": 3, ""c02"": 0, ""c03"": 8, ""c12"": 0, ""c13"": 4, ""c23"": 8}",True,False,11,15,"{""0"": 16, ""1"": 16, ""2"": 4, ""3"": 32}","[[1, 0, 0, 0], [0, 1, 0, 0], [0, 0, 1, 0], [0, 0, 1, 11]]",True
67,5,"{""c01"": 3, ""c02"": 0, ""c03"": 8, ""c12"": 0, ""c13"": 12, ""c23"": 0}","{""c01"": 1, ""c02"": 0, ""c03"": 8, ""c12"": 0, ""c13"": 4, ""c23"": 8}",True,False,12,16,"{""0"": 16, ""1"": 16, ""2"": 4, ""3"": 32}","[[1, 0, 0, 0], [0, 3, 0, 0], [0, 0, 1, 0], [0, 0, 1, 5]]",True
68,5,"{""c01"": 3, ""c02"": 0, ""c03"": 8, ""c12"": 0, ""c13"": 12, ""c23"": 0}","{""c01"": 3, ""c02"": 2, ""c03"": 12, ""c12"": 2, ""c13"": 4, ""c23"": 8}",True,False,17,25,"{""0"": 16, ""1"": 16, ""2"": 4, ""3"": 32}","[[0, 1, 1, 4], [1, 2, 1, 0], [0, 0, 1, 0], [0, 2, 1, 11]]",True
69,5,"{""c01"": 3, ""c02"": 0, ""c03"": 8, ""c12"": 0, ""c13"": 12, ""c23"": 0}","{""c01"": 1, ""c02"": 2, ""c03"": 4, ""c12"": 2, ""c13"": 12, ""c23"": 0}",True,False,12,16,"{""0"": 16, ""1"": 16, ""2"": 4, ""3"": 32}","[[0, 1, 1, 4], [1, 0, 1, 0], [0, 0, 1, 0], [0, 2, 0, 1]]",True
70,5,"{""c01"": 3, ""c02"": 0, ""c03"": 8, ""c12"": 0, ""c13"": 12, ""c23"": 0}","{""c01"": 1, ""c02"": 2, ""c03"": 4, ""c12"": 2, ""c13"": 4, ""c23"": 8}",True,False,15,21,"{""0"": 16, ""1"": 16, ""2"": 4, ""3"": 32}","[[0, 1, 1, 4], [1, 0, 1, 0], [0, 0, 1, 0], [0, 2, 1, 11]]",True
71,5,"{""c01"": 3, ""c02"": 0, ""c03"": 8, ""c12"": 0, ""c13"": 12, ""c23"": 0}","{""c01"": 3, ""c02"": 2, ""c03"": 12, ""c12"": 2, ""c13"": 12, ""c23"": 0}",True,False,14,20,"{""0"": 16, ""1"": 16, ""2"": 4, ""3"": 32}","[[0, 1, 1, 4], [1, 2, 1, 0], [0, 0, 1, 0], [0, 2, 0, 1]]",True
72,5,"{""c01"": 3, ""c02"": 0, ""c03"": 8, ""c12"": 0, ""c13"": 12, ""c23"": 0}","{""c01"": 3, ""c02"": 2, ""c03"": 4, ""c12"": 2, ""c13"": 12, ""c23"": 0}",True,False,15,23,"{""0"": 16, ""1"": 16, ""2"": 4, ""3"": 32}","[[0, 1, 1, 4], [1, 2, 1, 0], [0, 0, 1, 0], [0, 2, 0, 15]]",True
73,5,"{""c01"": 3, ""c02"": 0, ""c03"": 8, ""c12"": 0, ""c13"": 12, ""c23"": 0}","{""c01"": 1, ""c02"": 2, ""c03"": 12, ""c12"": 2, ""c13"": 4, ""c23"": 0}",True,False,8,10,"{""0"": 16, ""1"": 16, ""2"": 4, ""3"": 32}","[[0, 1, 1, 4], [1, 0, 1, 0], [0, 0, 1, 0], [0, 0, 0, 1]]",True
74,5,"{""c01"": 3, ""c02"": 0, ""c03"": 8, ""c12"": 0, ""c13"": 12, ""c23"": 0}","{""c01"": 3, ""c02"": 0, ""c03"": 0, ""c12"": 0, ""c13"": 4, ""c23"": 0}",True,False,12,16,"{""0"": 16, ""1"": 16, ""2"": 4, ""3"": 32}","[[1, 0, 0, 0], [0, 1, 0, 0], [0, 0, 1, 0], [0, 2, 0, 1]]",True
75,5,"{""c01"": 3, ""c02"": 0, ""c03"": 8, ""c12"": 0, ""c13"": 12, ""c23"": 0}","{""c01"": 3, ""c02"": 2, ""c03"": 4, ""c12"": 2, ""c13"": 4, ""c23"": 8}",True,False,16,22,"{""0"": 16, ""1"": 16, ""2"": 4, ""3"": 32}","[[0, 1, 1, 4], [1, 2, 1, 0], [0, 0, 1, 0], [0, 2, 1, 5]]",True
76,5,"{""c01"": 3, ""c02"": 0, ""c03"": 8, ""c12"": 0, ""c13"": 12, ""c23"": 0}","{""c01"": 3, ""c02"": 0, ""c03"": 8, ""c12"": 0, ""c13"": 12, ""c23"": 8}",True,False,10,12,"{""0"": 16, ""1"": 16, ""2"": 4, ""3"": 32}","[[1, 0, 0, 0], [0, 1, 0, 0], [0, 0, 1, 0], [0, 0, 1, 5]]",True
77,5,"{""c01"": 3, ""c02"": 0, ""c03"": 8, ""c12"": 0, ""c13"": 12, ""c23"": 0}","{""c01"": 1, ""c02"": 0, ""c03"": 8, ""c12"": 0, ""c13"": 12, ""c23"": 8}",True,False,13,19,"{""0"": 16, ""1"": 16, ""2"": 4, ""3"": 32}","[[1, 0, 0, 0], [0, 3, 0, 0], [0, 0, 1, 0], [0, 0, 1, 11]]",True
78,5,"{""c01"": 3, ""c02"": 0, ""c03"": 8, ""c12"": 0, ""c13"": 12, ""c23"": 0}","{""c01"": 1, ""c02"": 0, ""c03"": 0, ""c12"": 0, ""c13"": 4, ""c23"": 0}",True,False,15,23,"{""0"": 16, ""1"": 16, ""2"": 4, ""3"": 32}","[[1, 0, 0, 0], [0, 3, 0, 0], [0, 0, 1, 0], [0, 2, 0, 15]]",True
79,5,"{""c01"": 3, ""c02"": 0, ""c03"": 8, ""c12"": 0, ""c13"": 12, ""c23"": 0}","{""c01"": 1, ""c02"": 2, ""c03"": 4, ""c12"": 2, ""c13"": 12, ""c23"": 8}",True,False,10,12,"{""0"": 16, ""1"": 16, ""2"": 4, ""3"": 32}","[[0, 1, 1, 4], [1, 0, 1, 0], [0, 0, 1, 0], [0, 0, 1, 5]]",True
80,5,"{""c01"": 3, ""c02"": 0, ""c03"": 8, ""c12"": 0, ""c13"": 12, ""c23"": 0}","{""c01"": 1, ""c02"": 2, ""c03"": 12, ""c12"": 2, ""c13"": 12, ""c23"": 0}",True,False,13,19,"{""0"": 16, ""1"": 16, ""2"": 4, ""3"": 32}","[[0, 1, 1, 4], [1, 0, 1, 0], [0, 0, 1, 0], [0, 2, 0, 15]]",True
81,5,"{""c01"": 3, ""c02"": 0, ""c03"": 8, ""c12"": 0, ""c13"": 12, ""c23"": 0}","{""c01"": 3, ""c02"": 2, ""c03"": 12, ""c12"": 2, ""c13"": 12, ""c23"": 8}",True,False,12,16,"{""0"": 16, ""1"": 16, ""2"": 4, ""3"": 32}","[[0, 1, 1, 4], [1, 2, 1, 0], [0, 0, 1, 0], [0, 0, 1, 5]]",True
82,5,"{""c01"": 3, ""c02"": 0, ""c03"": 8, ""c12"": 0, ""c13"": 12, ""c23"": 0}","{""c01"": 3, ""c02"": 0, ""c03"": 0, ""c12"": 0, ""c13"": 12, ""c23"": 0}",True,False,13,19,"{""0"": 16, ""1"": 16, ""2"": 4, ""3"": 32}","[[1, 0, 0, 0], [0, 1, 0, 0], [0, 0, 1, 0], [0, 2, 0, 15]]",True
83,5,"{""c01"": 3, ""c02"": 0, ""c03"": 8, ""c12"": 0, ""c13"": 12, ""c23"": 0}","{""c01"": 3, ""c02"": 2, ""c03"": 4, ""c12"": 2, ""c13"": 12, ""c23"": 8}",True,False,13,19,"{""0"": 16, ""1"": 16, ""2"": 4, ""3"": 32}","[[0, 1, 1, 4], [1, 2, 1, 0], [0, 0, 1, 0], [0, 0, 1, 11]]",True
84,5,"{""c01"": 3, ""c02"": 0, ""c03"": 8, ""c12"": 0, ""c13"": 12, ""c23"": 0}","{""c01"": 3, ""c02"": 0, ""c03"": 8, ""c12"": 0, ""c13"": 4, ""c23"": 0}",True,False,9,13,"{""0"": 16, ""1"": 16, ""2"": 4, ""3"": 32}","[[1, 0, 0, 0], [0, 1, 0, 0], [0, 0, 1, 0], [0, 0, 0, 15]]",True
85,5,"{""c01"": 3, ""c02"": 0, ""c03"": 8, ""c12"": 0, ""c13"": 12, ""c23"": 0}","{""c01"": 3, ""c02"": 0, ""c03"": 0, ""c12"": 0, ""c13"": 4, ""c23"": 8}",True,False,14,18,"{""0"": 16, ""1"": 16, ""2"": 4, ""3"": 32}","[[1, 0, 0, 0], [0, 1, 0, 0], [0, 0, 1, 0], [0, 2, 1, 5]]",True
86,5,"{""c01"": 3, ""c02"": 0, ""c03"": 8, ""c12"": 0, ""c13"": 12, ""c23"": 0}","{""c01"": 1, ""c02"": 0, ""c03"": 0, ""c12"": 0, ""c13"": 12, ""c23"": 0}",True,False,14,20,"{""0"": 16, ""1"": 16, ""2"": 4, ""3"": 32}","[[1, 0, 0, 0], [0, 3, 0, 0], [0, 0, 1, 0], [0, 2, 0, 1]]",True
87,5,"{""c01"": 3, ""c02"": 0, ""c03"": 8, ""c12"": 0, ""c13"": 12, ""c23"": 0}","{""c01"": 1, ""c02"": 2, ""c03"": 12, ""c12"": 2, ""c13"": 4, ""c23"": 8}",True,False,14,18,"{""0"": 16, ""1"": 16, ""2"": 4, ""3"": 32}","[[0, 1, 1, 4], [1, 0, 1, 0], [0, 0, 1, 0], [0, 2, 1, 5]]",True
88,5,"{""c01"": 3, ""c02"": 0, ""c03"": 8, ""c12"": 0, ""c13"": 12, ""c23"": 0}","{""c01"": 1, ""c02"": 0, ""c03"": 8, ""c12"": 0, ""c13"": 4, ""c23"": 0}",True,False,10,14,"{""0"": 16, ""1"": 16, ""2"": 4, ""3"": 32}","[[1, 0, 0, 0], [0, 3, 0, 0], [0, 0, 1, 0], [0, 0, 0, 1]]",True
89,5,"{""c01"": 3, ""c02"": 0, ""c03"": 8, ""c12"": 0, ""c13"": 12, ""c23"": 0}","{""c01"": 1, ""c02"": 0, ""c03"": 0, ""c12"": 0, ""c13"": 4, ""c23"": 8}",True,False,17,25,"{""0"": 16, ""1"": 16, ""2"": 4, ""3"": 32}","[[1, 0, 0, 0], [0, 3, 0, 0], [0, 0, 1, 0], [0, 2, 1, 11]]",True
90,5,"{""c01"": 3, ""c02"": 0, ""c03"": 8, ""c12"": 0, ""c13"": 12, ""c23"": 0}","{""c01"": 3, ""c02"": 2, ""c03"": 12, ""c12"": 2, ""c13"": 4, ""c23"": 0}",True,False,11,17,"{""0"": 16, ""1"": 16, ""2"": 4, ""3"": 32}","[[0, 1, 1, 4], [1, 2, 1, 0], [0, 0, 1, 0], [0, 0, 0, 15]]",True
91,5,"{""c01"": 3, ""c02"": 0, ""c03"": 8, ""c12"": 0, ""c13"": 12, ""c23"": 0}","{""c01"": 1, ""c02"": 2, ""c03"": 4, ""c12"": 2, ""c13"": 4, ""c23"": 0}",True,False,9,13,"{""0"": 16, ""1"": 16, ""2"": 4, ""3"": 32}","[[0, 1, 1, 4], [1, 0, 1, 0], [0, 0, 1, 0], [0, 0, 0, 15]]",True
92,6,"{""c01"": 3, ""c02"": 2, ""c03"": 8, ""c12"": 2, ""c13"": 12, ""c23"": 0}","{""c01"": 1, ""c02"": 0, ""c03"": 0, ""c12"": 0, ""c13"": 8, ""c23"": 8}",True,False,11,15,"{""0"": 16, ""1"": 16, ""2"": 4, ""3"": 32}","[[0, 1, 1, 0], [1, 0, 1, 4], [0, 0, 1, 0], [0, 0, 1, 11]]",True
93,6,"{""c01"": 3, ""c02"": 2, ""c03"": 8, ""c12"": 2, ""c13"": 12, ""c23"": 0}","{""c01"": 1, ""c02"": 0, ""c03"": 0, ""c12"": 0, ""c13"": 0, ""c23"": 0}",True,False,13,19,"{""0"": 16, ""1"": 16, ""2"": 4, ""3"": 32}","[[0, 1, 1, 0], [1, 0, 1, 4], [0, 0, 1, 0], [0, 2, 0, 9]]",True
94,6,"{""c01"": 3, ""c02"": 2, ""c03"": 8, ""c12"": 2, ""c13"": 12, ""c23"": 0}","{""c01"": 1, ""c02"": 2, ""c03"": 8, ""c12"": 2, ""c13"": 12, ""c23"": 0}",True,False,11,17,"{""0"": 16, ""1"": 16, ""2"": 4, ""3"": 32}","[[1, 0, 0, 0], [0, 3, 0, 0], [0, 0, 1, 0], [0, 0, 0, 15]]",True
95,6,"{""c01"": 3, ""c02"": 2, ""c03"": 8, ""c12"": 2, ""c13"": 12, ""c23"": 0}","{""c01"": 3, ""c02"": 2, ""c03"": 0, ""c12"": 2, ""c13"": 12, ""c23"": 8}",True,False,11,15,"{""0"": 16, ""1"": 16, ""2"": 4, ""3"": 32}","[[1, 0, 0, 0], [0, 1, 0, 0], [0, 0, 1, 0], [0, 0, 1, 11]]",True
96,6,"{""c01"": 3, ""c02"": 2, ""c03"": 8, ""c12"": 2, ""c13"": 12, ""c23"": 0}","{""c01"": 3, ""c02"": 2, ""c03"": 8, ""c12"": 2, ""c13"": 4, ""c23"": 8}",True,False,15,21,"{""0"": 16, ""1"": 16, ""2"": 4, ""3"": 32}","[[1, 0, 0, 0], [0, 1, 0, 0], [0, 0, 1, 0], [0, 2, 1, 11]]",True
97,6,"{""c01"": 3, ""c02"": 2, ""c03"": 8, ""c12"": 2, ""c13"": 12, ""c23"": 0}","{""c01"": 3, ""c02"": 0, ""c03"": 0, ""c12"": 0, ""c13"": 0, ""c23"": 0}",True,False,15,23,"{""0"": 16, ""1"": 16, ""2"": 4, ""3"": 32}","[[0, 1, 1, 0], [1, 2, 1, 4], [0, 0, 1, 0], [0, 2, 0, 9]]",True
98,6,"{""c01"": 3, ""c02"": 2, ""c03"": 8, ""c12"": 2, ""c13"": 12, ""c23"": 0}","{""c01"": 1, ""c02"": 0, ""c03"": 8, ""c12"": 0, ""c13"": 8, ""c23"": 8}",True,False,10,12,"{""0"": 16, ""1"": 16, ""2"": 4, ""3"": 32}","[[0, 1, 1, 0], [1, 0, 1, 4], [0, 0, 1, 0], [0, 0, 1, 5]]",True
99,6,"{""c01"": 3, ""c02"": 2, ""c03"": 8, ""c12"": 2, ""c13"": 12, ""c23"": 0}","{""c01"": 1, ""c02"": 2, ""c03"": 0, ""c12"": 2, ""c13"": 4, ""c23"": 0}",True,False,15,23,"{""0"": 16, ""1"": 16, ""2"": 4, ""3"": 32}","[[1, 0, 0, 0], [0, 3, 0, 0], [0, 0, 1, 0], [0, 2, 0, 15]]",True
100,6,"{""c01"": 3, ""c02"": 2, ""c03"": 8, ""c12"": 2, ""c13"": 12, ""c23"": 0}","{""c01"": 3, ""c02"": 0, ""c03"": 8, ""c12"": 0, ""c13"": 8, ""c23"": 8}",True,False,12,16,"{""0"": 16, ""1"": 16, ""2"": 4, ""3"": 32}","[[0, 1, 1, 0], [1, 2, 1, 4], [0, 0, 1, 0], [0, 0, 1, 5]]",True
101,6,"{""c01"": 3, ""c02"": 2, ""c03"": 8, ""c12"": 2, ""c13"": 12, ""c23"": 0}","{""c01"": 3, ""c02"": 2, ""c03"": 0, ""c12"": 2, ""c13"": 4, ""c23"": 0}",True,False,12,16,"{""0"": 16, ""1"": 16, ""2"": 4, ""3"": 32}","[[1, 0, 0, 0], [0, 1, 0, 0], [0, 0, 1, 0], [0, 2, 0, 1]]",True
102,6,"{""c01"": 3, ""c02"": 2, ""c03"": 8, ""c12"": 2, ""c13"": 12, ""c23"": 0}","{""c01"": 1, ""c02"": 2, ""c03"": 8, ""c12"": 2, ""c13"": 12, ""c23"": 8}",True,False,17,25,"{""0"": 16, ""1"": 16, ""2"": 4, ""3"": 32}","[[1, 0, 0, 0], [0, 3, 0, 0], [0, 0, 1, 0], [0, 2, 1, 11]]",True
103,6,"{""c01"": 3, ""c02"": 2, ""c03"": 8, ""c12"": 2, ""c13"": 12, ""c23"": 0}","{""c01"": 1, ""c02"": 0, ""c03"": 0, ""c12"": 0, ""c13"": 0, ""c23"": 8}",True,False,15,21,"{""0"": 16, ""1"": 16, ""2"": 4, ""3"": 32}","[[0, 1, 1, 0], [1, 0, 1, 4], [0, 0, 1, 0], [0, 2, 1, 13]]",True
104,6,"{""c01"": 3, ""c02"": 2, ""c03"": 8, ""c12"": 2, ""c13"": 12, ""c23"": 0}","{""c01"": 3, ""c02"": 2, ""c03"": 8, ""c12"": 2, ""c13"": 12, ""c23"": 8}",True,False,14,18,"{""0"": 16, ""1"": 16, ""2"": 4, ""3"": 32}","[[1, 0, 0, 0], [0, 1, 0, 0], [0, 0, 1, 0], [0, 2, 1, 5]]",True
105,6,"{""c01"": 3, ""c02"": 2, ""c03"": 8, ""c12"": 2, ""c13"": 12, ""c23"": 0}","{""c01"": 3, ""c02"": 0, ""c03"": 8, ""c12"": 0, ""c13"": 0, ""c23"": 0}",True,False,14,20,"{""0"": 16, ""1"": 16, ""2"": 4, ""3"": 32}","[[0, 1, 1, 0], [1, 2, 1, 4], [0, 0, 1, 0], [0, 2, 0, 7]]",True
106,6,"{""c01"": 3, ""c02"": 2, ""c03"": 8, ""c12"": 2, ""c13"": 12, ""c23"": 0}","{""c01"": 1, ""c02"": 2, ""c03"": 0, ""c12"": 2, ""c13"": 12, ""c23"": 8}",True,False,12,16,"{""0"": 16, ""1"": 16, ""2"": 4, ""3"": 32}","[[1, 0, 0, 0], [0, 3, 0, 0], [0, 0, 1, 0], [0, 0, 1, 5]]",True
107,6,"{""c01"": 3, ""c02"": 2, ""c03"": 8, ""c12"": 2, ""c13"": 12, ""c23"": 0}","{""c01"": 3, ""c02"": 0, ""c03"": 0, ""c12"": 0, ""c13"": 0, ""c23"": 8}",True,False,17,25,"{""0"": 16, ""1"": 16, ""2"": 4, ""3"": 32}","[[0, 1, 1, 0], [1, 2, 1, 4], [0, 0, 1, 0], [0, 2, 1, 13]]",True
108,6,"{""c01"": 3, ""c02"": 2, ""c03"": 8, ""c12"": 2, ""c13"": 12, ""c23"": 0}","{""c01"": 1, ""c02"": 0, ""c03"": 8, ""c12"": 0, ""c13"": 0, ""c23"": 0}",True,False,12,16,"{""0"": 16, ""1"": 16, ""2"": 4, ""3"": 32}","[[0, 1, 1, 0], [1, 0, 1, 4], [0, 0, 1, 0], [0, 2, 0, 7]]",True
109,6,"{""c01"": 3, ""c02"": 2, ""c03"": 8, ""c12"": 2, ""c13"": 12, ""c23"": 0}","{""c01"": 1, ""c02"": 2, ""c03"": 0, ""c12"": 2, ""c13"": 4, ""c23"": 8}",True,False,13,19,"{""0"": 16, ""1"": 16, ""2"": 4, ""3"": 32}","[[1, 0, 0, 0], [0, 3, 0, 0], [0, 0, 1, 0], [0, 0, 1, 11]]",True
110,6,"{""c01"": 3, ""c02"": 2, ""c03"": 8, ""c12"": 2, ""c13"": 12, ""c23"": 0}","{""c01"": 3, ""c02"": 0, ""c03"": 0, ""c12"": 0, ""c13"": 8, ""c23"": 0}",True,False,11,17,"{""0"": 16, ""1"": 16, ""2"": 4, ""3"": 32}","[[0, 1, 1, 0], [1, 2, 1, 4], [0, 0, 1, 0], [0, 0, 0, 15]]",True
111,6,"{""c01"": 3, ""c02"": 2, ""c03"": 8, ""c12"": 2, ""c13"": 12, ""c23"": 0}","{""c01"": 1, ""c02"": 2, ""c03"": 0, ""c12"": 2, ""c13"": 12, ""c23"": 0}",True,False,14,20,"{""0"": 16, ""1"": 16, ""2"": 4, ""3"": 32}","[[1, 0, 0, 0], [0, 3, 0, 0], [0, 0, 1, 0], [0, 2, 0, 1]]",True
112,6,"{""c01"": 3, ""c02"": 2, ""c03"": 8, ""c12"": 2, ""c13"": 12, ""c23"": 0}","{""c01"": 1, ""c02"": 2, ""c03"": 8, ""c12"": 2, ""c13"": 4, ""c23"": 0}",True,False,10,14,"{""0"": 16, ""1"": 16, ""2"": 4, ""3"": 32}","[[1, 0, 0, 0], [0, 3, 0, 0], [0, 0, 1, 0], [0, 0, 0, 1]]",True
113,6,"{""c01"": 3, ""c02"": 2, ""c03"": 8, ""c12"": 2, ""c13"": 12, ""c23"": 0}","{""c01"": 1, ""c02"": 0, ""c03"": 0, ""c12"": 0, ""c13"": 8, ""c23"": 0}",True,False,9,13,"{""0"": 16, ""1"": 16, ""2"": 4, ""3"": 32}","[[0, 1, 1, 0], [1, 0, 1, 4], [0, 0, 1, 0], [0, 0, 0, 15]]",True
114,6,"{""c01"": 3, ""c02"": 2, ""c03"": 8, ""c12"": 2, ""c13"": 12, ""c23"": 0}","{""c01"": 3, ""c02"": 2, ""c03"": 0, ""c12"": 2, ""c13"": 12, ""c23"": 0}",True,False,13,19,"{""0"": 16, ""1"": 16, ""2"": 4, ""3"": 32}","[[1, 0, 0, 0], [0, 1, 0, 0], [0, 0, 1, 0], [0, 2, 0, 15]]",True
115,6,"{""c01"": 3, ""c02"": 2, ""c03"": 8, ""c12"": 2, ""c13"": 12, ""c23"": 0}","{""c01"": 3, ""c02"": 2, ""c03"": 8, ""c12"": 2, ""c13"": 4, ""c23"": 0}",True,False,9,13,"{""0"": 16, ""1"": 16, ""2"": 4, ""3"": 32}","[[1, 0, 0, 0], [0, 1, 0, 0], [0, 0, 1, 0], [0, 0, 0, 15]]",True
116,6,"{""c01"": 3, ""c02"": 2, ""c03"": 8, ""c12"": 2, ""c13"": 12, ""c23"": 0}","{""c01"": 3, ""c02"": 2, ""c03"": 0, ""c12"": 2, ""c13"": 4, ""c23"": 8}",True,False,10,12,"{""0"": 16, ""1"": 16, ""2"": 4, ""3"": 32}","[[1, 0, 0, 0], [0, 1, 0, 0], [0, 0, 1, 0], [0, 0, 1, 5]]",True
117,6,"{""c01"": 3, ""c02"": 2, ""c03"": 8, ""c12"": 2, ""c13"": 12, ""c23"": 0}","{""c01"": 1, ""c02"": 0, ""c03"": 8, ""c12"": 0, ""c13"": 8, ""c23"": 0}",True,False,8,10,"{""0"": 16, ""1"": 16, ""2"": 4, ""3"": 32}","[[0, 1, 1, 0], [1, 0, 1, 4], [0, 0, 1, 0], [0, 0, 0, 1]]",True
118,6,"{""c01"": 3, ""c02"": 2, ""c03"": 8, ""c12"": 2, ""c13"": 12, ""c23"": 0}","{""c01"": 3, ""c02"": 0, ""c03"": 8, ""c12"": 0, ""c13"": 0, ""c23"": 8}",True,False,16,22,"{""0"": 16, ""1"": 16, ""2"": 4, ""3"": 32}","[[0, 1, 1, 0], [1, 2, 1, 4], [0, 0, 1, 0], [0, 2, 1, 3]]",True
119,6,"{""c01"": 3, ""c02"": 2, ""c03"": 8, ""c12"": 2, ""c13"": 12, ""c23"": 0}","{""c01"": 1, ""c02"": 0, ""c03"": 8, ""c12"": 0, ""c13"": 0, ""c23"": 8}",True,False,14,18,"{""0"": 16, ""1"": 16, ""2"": 4, ""3"": 32}","[[0, 1, 1, 0], [1, 0, 1, 4], [0, 0, 1, 0], [0, 2, 1, 3]]",True
120,6,"{""c01"": 3, ""c02"": 2, ""c03"": 8, ""c12"": 2, ""c13"": 12, ""c23"": 0}","{""c01"": 3, ""c02"": 0, ""c03"": 8, ""c12"": 0, ""c13"": 8, ""c23"": 0}",True,False,10,14,"{""0"": 16, ""1"": 16, ""2"": 4, ""3"": 32}","[[0, 1, 1, 0], [1, 2, 1, 4], [0, 0, 1, 0], [0, 0, 0, 1]]",True
121,6,"{""c01"": 3, ""c02"": 2, ""c03"": 8, ""c12"": 2, ""c13"": 12, ""c23"": 0}","{""c01"": 3, ""c02"": 0, ""c03"": 0, ""c12"": 0, ""c13"": 8, ""c23"": 8}",True,False,13,19,"{""0"": 16, ""1"": 16, ""2"": 4, ""3"": 32}","[[0, 1, 1, 0], [1, 2, 1, 4], [0, 0, 1, 0], [0, 0, 1, 11]]",True
122,6,"{""c01"": 3, ""c02"": 2, ""c03"": 8, ""c12"": 2, ""c13"": 12, ""c23"": 0}","{""c01"": 1, ""c02"": 2, ""c03"": 8, ""c12"": 2, ""c13"": 4, ""c23"": 8}",True,False,16,22,"{""0"": 16, ""1"": 16, ""2"": 4, ""3"": 32}","[[1, 0, 0, 0], [0, 3, 0, 0], [0, 0, 1, 0], [0, 2, 1, 5]]",True
123,7,"{""c01"": 3, ""c02"": 0, ""c03"": 4, ""c12"": 0, ""c13"": 4, ""c23"": 0}","{""c01"": 1, ""c02"": 0, ""c03"": 4, ""c12"": 0, ""c13"": 4, ""c23"": 0}",True,False,19,30,"{""0"": 16, ""1"": 16, ""2"": 4, ""3"": 32}","[[1, 0, 0, 0], [0, 3, 0, 0], [0, 0, 1, 0], [1, 1, 0, 11]]",True
124,7,"{""c01"": 3, ""c02"": 0, ""c03"": 4, ""c12"": 0, ""c13"": 4, ""c23"": 0}","{""c01"": 1, ""c02"": 2, ""c03"": 4, ""c12"": 2, ""c13"": 0, ""c23"": 8}",True,False,11,14,"{""0"": 16, ""1"": 16, ""2"": 4, ""3"": 32}","[[0, 1, 1, 4], [1, 0, 1, 0], [0, 0, 1, 0], [0, 0, 1, 11]]",True
125,7,"{""c01"": 3, ""c02"": 0, ""c03"": 4, ""c12"": 0, ""c13"": 4, ""c23"": 0}","{""c01"": 3, ""c02"": 2, ""c03"": 12, ""c12"": 2, ""c13"": 8, ""c23"": 0}",True,False,11,16,"{""0"": 16, ""1"": 16, ""2"": 4, ""3"": 32}","[[0, 1, 1, 4], [1, 2, 1, 0], [0, 0, 1, 0], [0, 0, 0, 15]]",True
126,7,"{""c01"": 3, ""c02"": 0, ""c03"": 4, ""c12"": 0, ""c13"": 4, ""c23"": 0}","{""c01"": 1, ""c02"": 2, ""c03"": 4, ""c12"": 2, ""c13"": 8, ""c23"": 0}",True,False,17,26,"{""0"": 16, ""1"": 16, ""2"": 4, ""3"": 32}","[[0, 1, 1, 4], [1, 0, 1, 0], [0, 0, 1, 0], [1, 1, 0, 15]]",True
127,7,"{""c01"": 3, ""c02"": 0, ""c03"": 4, ""c12"": 0, ""c13"": 4, ""c23"": 0}","{""c01"": 1, ""c02"": 2, ""c03"": 12, ""c12"": 2, ""c13"": 0, ""c23"": 0}",True,False,16,24,"{""0"": 16, ""1"": 16, ""2"": 4, ""3"": 32}","[[0, 1, 1, 4], [1, 0, 1, 0], [0, 0, 1, 0], [1, 1, 0, 9]]",True
128,7,"{""c01"": 3, ""c02"": 0, ""c03"": 4, ""c12"": 0, ""c13"": 4, ""c23"": 0}","{""c01"": 1, ""c02"": 0, ""c03"": 12, ""c12"": 0, ""c13"": 12, ""c23"": 8}",True,False,21,32,"{""0"": 16, ""1"": 16, ""2"": 4, ""3"": 32}","[[1, 0, 0, 0], [0, 3, 0, 0], [0, 0, 1, 0], [1, 1, 1, 9]]",True
129,7,"{""c01"": 3, ""c02"": 0, ""c03"": 4, ""c12"": 0, ""c13"": 4, ""c23"": 0}","{""c01"": 3, ""c02"": 2, ""c03"": 4, ""c12"": 2, ""c13"": 0, ""c23"": 8}",True,False,13,18,"{""0"": 16, ""1"": 16, ""2"": 4, ""3"": 32}","[[0, 1, 1, 4], [1, 2, 1, 0], [0, 0, 1, 0], [0, 0, 1, 11]]",True
130,7,"{""c01"": 3, ""c02"": 0, ""c03"": 4, ""c12"": 0, ""c13"": 4, ""c23"": 0}","{""c01"": 3, ""c02"": 2, ""c03"": 4, ""c12"": 2, ""c13"": 8, ""c23"": 0}",True,False,18,28,"{""0"": 16, ""1"": 16, ""2"": 4, ""3"": 32}","[[0, 1, 1, 4], [1, 2, 1, 0], [0, 0, 1, 0], [1, 1, 0, 1]]",True
131,7,"{""c01"": 3, ""c02"": 0, ""c03"": 4, ""c12"": 0, ""c13"": 4, ""c23"": 0}","{""c01"": 3, ""c02"": 0, ""c03"": 12, ""c12"": 0, ""c13"": 12, ""c23"": 0}",True,False,9,12,"{""0"": 16, ""1"": 16, ""2"": 4, ""3"": 32}","[[1, 0, 0, 0], [0, 1, 0, 0], [0, 0, 1, 0], [0, 0, 0, 15]]",True
132,7,"{""c01"": 3, ""c02"": 0, ""c03"": 4, ""c12"": 0, ""c13"": 4, ""c23"": 0}","{""c01"": 1, ""c02"": 0, ""c03"": 12, ""c12"": 0, ""c13"": 4, ""c23"": 0}",True,False,11,16,"{""0"": 16, ""1"": 16, ""2"": 4, ""3"": 32}","[[1, 0, 0, 0], [0, 3, 0, 0], [0, 0, 1, 0], [0, 0, 0, 15]]",True
133,7,"{""c01"": 3, ""c02"": 0, ""c03"": 4, ""c12"": 0, ""c13"": 4, ""c23"": 0}","{""c01"": 3, ""c02"": 0, ""c03"": 4, ""c12"": 0, ""c13"": 4, ""c23"": 8}",True,False,10,12,"{""0"": 16, ""1"": 16, ""2"": 4, ""3"": 32}","[[1, 0, 0, 0], [0, 1, 0, 0], [0, 0, 1, 0], [0, 0, 1, 5]]",True
134,7,"{""c01"": 3, ""c02"": 0, ""c03"": 4, ""c12"": 0, ""c13"": 4, ""c23"": 0}","{""c01"": 3, ""c02"": 0, ""c03"": 12, ""c12"": 0, ""c13"": 4, ""c23"": 8}",True,False,18,26,"{""0"": 16, ""1"": 16, ""2"": 4, ""3"": 32}","[[1, 0, 0, 0], [0, 1, 0, 0], [0, 0, 1, 0], [1, 1, 1, 7]]",True
135,7,"{""c01"": 3, ""c02"": 0, ""c03"": 4, ""c12"": 0, ""c13"": 4, ""c23"": 0}","{""c01"": 1, ""c02"": 0, ""c03"": 4, ""c12"": 0, ""c13"": 4, ""c23"": 8}",True,False,20,30,"{""0"": 16, ""1"": 16, ""2"": 4, ""3"": 32}","[[1, 0, 0, 0], [0, 3, 0, 0], [0, 0, 1, 0], [1, 1, 1, 7]]",True
136,7,"{""c01"": 3, ""c02"": 0, ""c03"": 4, ""c12"": 0, ""c13"": 4, ""c23"": 0}","{""c01"": 3, ""c02"": 0, ""c03"": 4, ""c12"": 0, ""c13"": 12, ""c23"": 0}",True,False,16,24,"{""0"": 16, ""1"": 16, ""2"": 4, ""3"": 32}","[[1, 0, 0, 0], [0, 1, 0, 0], [0, 0, 1, 0], [1, 1, 0, 5]]",True
137,7,"{""c01"": 3, ""c02"": 0, ""c03"": 4, ""c12"": 0, ""c13"": 4, ""c23"": 0}","{""c01"": 1, ""c02"": 2, ""c03"": 12, ""c12"": 2, ""c13"": 8, ""c23"": 0}",True,False,9,12,"{""0"": 16, ""1"": 16, ""2"": 4, ""3"": 32}","[[0, 1, 1, 4], [1, 0, 1, 0], [0, 0, 1, 0], [0, 0, 0, 15]]",True
138,7,"{""c01"": 3, ""c02"": 0, ""c03"": 4, ""c12"": 0, ""c13"": 4, ""c23"": 0}","{""c01"": 1, ""c02"": 0, ""c03"": 4, ""c12"": 0, ""c13"": 12, ""c23"": 0}",True,False,10,14,"{""0"": 16, ""1"": 16, ""2"": 4, ""3"": 32}","[[1, 0, 0, 0], [0, 3, 0, 0], [0, 0, 1, 0], [0, 0, 0, 1]]",True
139,7,"{""c01"": 3, ""c02"": 0, ""c03"": 4, ""c12"": 0, ""c13"": 4, ""c23"": 0}","{""c01"": 3, ""c02"": 2, ""c03"": 12, ""c12"": 2, ""c13"": 8, ""c23"": 8}",True,False,12,16,"{""0"": 16, ""1"": 16, ""2"": 4, ""3"": 32}","[[0, 1, 1, 4], [1, 2, 1, 0], [0, 0, 1, 0], [0, 0, 1, 5]]",True
140,7,"{""c01"": 3, ""c02"": 0, ""c03"": 4, ""c12"": 0, ""c13"": 4, ""c23"": 0}","{""c01"": 1, ""c02"": 2, ""c03"": 4, ""c12"": 2, ""c13"": 8, ""c23"": 8}",True,False,19,28,"{""0"": 16, ""1"": 16, ""2"": 4, ""3"": 32}","[[0, 1, 1, 4], [1, 0, 1, 0], [0, 0, 1, 0], [1, 1, 1, 13]]",True
141,7,"{""c01"": 3, ""c02"": 0, ""c03"": 4, ""c12"": 0, ""c13"": 4, ""c23"": 0}","{""c01"": 1, ""c02"": 2, ""c03"": 12, ""c12"": 2, ""c13"": 0, ""c23"": 8}",True,False,18,26,"{""0"": 16, ""1"": 16, ""2"": 4, ""3"": 32}","[[0, 1, 1, 4], [1, 0, 1, 0], [0, 0, 1, 0], [1, 1, 1, 11]]",True
142,7,"{""c01"": 3, ""c02"": 0, ""c03"": 4, ""c12"": 0, ""c13"": 4, ""c23"": 0}","{""c01"": 3, ""c02"": 2, ""c03"": 4, ""c12"": 2, ""c13"": 8, ""c23"": 8}",True,False,20,30,"{""0"": 16, ""1"": 16, ""2"": 4, ""3"": 32}","[[0, 1, 1, 4], [1, 2, 1, 0], [0, 0, 1, 0], [1, 1, 1, 3]]",True
143,7,"{""c01"": 3, ""c02"": 0, ""c03"": 4, ""c12"": 0, ""c13"": 4, ""c23"": 0}","{""c01"": 3, ""c02"": 0, ""c03"": 12, ""c12"": 0, ""c13"": 12, ""c23"": 8}",True,False,11,14,"{""0"": 16, ""1"": 16, ""2"": 4, ""3"": 32}","[[1, 0, 0, 0], [0, 1, 0, 0], [0, 0, 1, 0], [0, 0, 1, 11]]",True
144,7,"{""c01"": 3, ""c02"": 0, ""c03"": 4, ""c12"": 0, ""c13"": 4, ""c23"": 0}","{""c01"": 3, ""c02"": 2, ""c03"": 12, ""c12"": 2, ""c13"": 0, ""c23"": 0}",True,False,19,30,"{""0"": 16, ""1"": 16, ""2"": 4, ""3"": 32}","[[0, 1, 1, 4], [1, 2, 1, 0], [0, 0, 1, 0], [1, 1, 0, 7]]",True
145,7,"{""c01"": 3, ""c02"": 0, ""c03"": 4, ""c12"": 0, ""c13"": 4, ""c23"": 0}","{""c01"": 1, ""c02"": 2, ""c03"": 4, ""c12"": 2, ""c13"": 0, ""c23"": 0}",True,False,8,10,"{""0"": 16, ""1"": 16, ""2"": 4, ""3"": 32}","[[0, 1, 1, 4], [1, 0, 1, 0], [0, 0, 1, 0], [0, 0, 0, 1]]",True
146,7,"{""c01"": 3, ""c02"": 0, ""c03"": 4, ""c12"": 0, ""c13"": 4, ""c23"": 0}","{""c01"": 1, ""c02"": 0, ""c03"": 12, ""c12"": 0, ""c13"": 4, ""c23"": 8}",True,False,13,18,"{""0"": 16, ""1"": 16, ""2"": 4, ""3"": 32}","[[1, 0, 0, 0], [0, 3, 0, 0], [0, 0, 1, 0], [0, 0, 1, 11]]",True
147,7,"{""c01"": 3, ""c02"": 0, ""c03"": 4, ""c12"": 0, ""c13"": 4, ""c23"": 0}","{""c01"": 1, ""c02"": 0, ""c03"": 12, ""c12"": 0, ""c13"": 12, ""c23"": 0}",True,False,18,28,"{""0"": 16, ""1"": 16, ""2"": 4, ""3"": 32}","[[1, 0, 0, 0], [0, 3, 0, 0], [0, 0, 1, 0], [1, 1, 0, 5]]",True
148,7,"{""c01"": 3, ""c02"": 0, ""c03"": 4, ""c12"": 0, ""c13"": 4, ""c23"": 0}","{""c01"": 3, ""c02"": 0, ""c03"": 4, ""c12"": 0, ""c13"": 12, ""c23"": 8}",True,False,19,28,"{""0"": 16, ""1"": 16, ""2"": 4, ""3"": 32}","[[1, 0, 0, 0], [0, 1, 0, 0], [0, 0, 1, 0], [1, 1, 1, 9]]",True
149,7,"{""c01"": 3, ""c02"": 0, ""c03"": 4, ""c12"": 0, ""c13"": 4, ""c23"": 0}","{""c01"": 3, ""c02"": 2, ""c03"": 4, ""c12"": 2, ""c13"": 0, ""c23"": 0}",True,False,10,14,"{""0"": 16, ""1"": 16, ""2"": 4, ""3"": 32}","[[0, 1, 1, 4], [1, 2, 1, 0], [0, 0, 1, 0], [0, 0, 0, 1]]",True
150,7,"{""c01"": 3, ""c02"": 0, ""c03"": 4, ""c12"": 0, ""c13"": 4, ""c23"": 0}","{""c01"": 1, ""c02"": 2, ""c03"": 12, ""c12"": 2, ""c13"": 8, ""c23"": 8}",True,False,10,12,"{""0"": 16, ""1"": 16, ""2"": 4, ""3"": 32}","[[0, 1, 1, 4], [1, 0, 1, 0], [0, 0, 1, 0], [0, 0, 1, 5]]",True
151,7,"{""c01"": 3, ""c02"": 0, ""c03"": 4, ""c12"": 0, ""c13"": 4, ""c23"": 0}","{""c01"": 1, ""c02"": 0, ""c03"": 4, ""c12"": 0, ""c13"": 12, ""c23"": 8}",True,False,12,16,"{""0"": 16, ""1"": 16, ""2"": 4, ""3"": 32}","[[1, 0, 0, 0], [0, 3, 0, 0], [0, 0, 1, 0], [0, 0, 1, 5]]",True
152,7,"{""c01"": 3, ""c02"": 0, ""c03"": 4, ""c12"": 0, ""c13"": 4, ""c23"": 0}","{""c01"": 3, ""c02"": 0, ""c03"": 12, ""c12"": 0, ""c13"": 4, ""c23"": 0}",True,False,17,26,"{""0"": 16, ""1"": 16, ""2"": 4, ""3"": 32}","[[1, 0, 0, 0], [0, 1, 0, 0], [0, 0, 1, 0], [1, 1, 0, 11]]",True
153,7,"{""c01"": 3, ""c02"": 0, ""c03"": 4, ""c12"": 0, ""c13"": 4, ""c23"": 0}","{""c01"": 3, ""c02"": 2, ""c03"": 12, ""c12"": 2, ""c13"": 0, ""c23"": 8}",True,False,21,32,"{""0"": 16, ""1"": 16, ""2"": 4, ""3"": 32}","[[0, 1, 1, 4], [1, 2, 1, 0], [0, 0, 1, 0], [1, 1, 1, 5]]",True
154,8,"{""c01"": 1, ""c02"": 0, ""c03"": 12, ""c12"": 0, ""c13"": 0, ""c23"": 0}","{""c01"": 3, ""c02"": 0, ""c03"": 12, ""c12"": 0, ""c13"": 0, ""c23"": 8}",True,False,12,16,"{""0"": 16, ""1"": 16, ""2"": 4, ""3"": 32}","[[1, 0, 0, 0], [0, 3, 0, 0], [0, 0, 1, 0], [0, 0, 1, 5]]",True
155,8,"{""c01"": 1, ""c02"": 0, ""c03"": 12, ""c12"": 0, ""c13"": 0, ""c23"": 0}","{""c01"": 1, ""c02"": 2, ""c03"": 0, ""c12"": 2, ""c13"": 0, ""c23"": 0}",True,False,11,16,"{""0"": 16, ""1"": 16, ""2"": 4, ""3"": 32}","[[0, 1, 1, 4], [1, 2, 1, 0], [0, 0, 1, 0], [0, 0, 0, 15]]",True
156,8,"{""c01"": 1, ""c02"": 0, ""c03"": 12, ""c12"": 0, ""c13"": 0, ""c23"": 0}","{""c01"": 3, ""c02"": 0, ""c03"": 12, ""c12"": 0, ""c13"": 8, ""c23"": 0}",True,False,14,21,"{""0"": 16, ""1"": 16, ""2"": 4, ""3"": 32}","[[1, 0, 0, 0], [0, 3, 0, 0], [0, 0, 1, 0], [0, 2, 0, 7]]",True
157,8,"{""c01"": 1, ""c02"": 0, ""c03"": 12, ""c12"": 0, ""c13"": 0, ""c23"": 0}","{""c01"": 3, ""c02"": 2, ""c03"": 0, ""c12"": 2, ""c13"": 0, ""c23"": 0}",True,False,9,12,"{""0"": 16, ""1"": 16, ""2"": 4, ""3"": 32}","[[0, 1, 1, 4], [1, 0, 1, 0], [0, 0, 1, 0], [0, 0, 0, 15]]",True
158,8,"{""c01"": 1, ""c02"": 0, ""c03"": 12, ""c12"": 0, ""c13"": 0, ""c23"": 0}","{""c01"": 1, ""c02"": 2, ""c03"": 8, ""c12"": 2, ""c13"": 8, ""c23"": 8}",True,False,13,18,"{""0"": 16, ""1"": 16, ""2"": 4, ""3"": 32}","[[0, 1, 1, 4], [1, 2, 1, 0], [0, 0, 1, 0], [0, 0, 1, 11]]",True
159,8,"{""c01"": 1, ""c02"": 0, ""c03"": 12, ""c12"": 0, ""c13"": 0, ""c23"": 0}","{""c01"": 3, ""c02"": 0, ""c03"": 4, ""c12"": 0, ""c13"": 8, ""c23"": 0}",True,False,15,23,"{""0"": 16, ""1"": 16, ""2"": 4, ""3"": 32}","[[1, 0, 0, 0], [0, 3, 0, 0], [0, 0, 1, 0], [0, 2, 0, 9]]",True
160,8,"{""c01"": 1, ""c02"": 0, ""c03"": 12, ""c12"": 0, ""c13"": 0, ""c23"": 0}","{""c01"": 3, ""c02"": 2, ""c03"": 8, ""c12"": 2, ""c13"": 8, ""c23"": 8}",True,False,11,14,"{""0"": 16, ""1"": 16, ""2"": 4, ""3"": 32}","[[0, 1, 1, 4], [1, 0, 1, 0], [0, 0, 1, 0], [0, 0, 1, 11]]",True
161,8,"{""c01"": 1, ""c02"": 0, ""c03"": 12, ""c12"": 0, ""c13"": 0, ""c23"": 0}","{""c01"": 1, ""c02"": 0, ""c03"": 4, ""c12"": 0, ""c13"": 8, ""c23"": 0}",True,False,13,19,"{""0"": 16, ""1"": 16, ""2"": 4, ""3"": 32}","[[1, 0, 0, 0], [0, 1, 0, 0], [0, 0, 1, 0], [0, 2, 0, 9]]",True
162,8,"{""c01"": 1, ""c02"": 0, ""c03"": 12, ""c12"": 0, ""c13"": 0, ""c23"": 0}","{""c01"": 3, ""c02"": 0, ""c03"": 4, ""c12"": 0, ""c13"": 0, ""c23"": 8}",True,False,13,18,"{""0"": 16, ""1"": 16, ""2"": 4, ""3"": 32}","[[1, 0, 0, 0], [0, 3, 0, 0], [0, 0, 1, 0], [0, 0, 1, 11]]",True
163,8,"{""c01"": 1, ""c02"": 0, ""c03"": 12, ""c12"": 0, ""c13"": 0, ""c23"": 0}","{""c01"": 1, ""c02"": 0, ""c03"": 4, ""c12"": 0, ""c13"": 0, ""c23"": 0}",True,False,9,12,"{""0"": 16, ""1"": 16, ""2"": 4, ""3"": 32}","[[1, 0, 0, 0], [0, 1, 0, 0], [0, 0, 1, 0], [0, 0, 0, 15]]",True
164,8,"{""c01"": 1, ""c02"": 0, ""c03"": 12, ""c12"": 0, ""c13"": 0, ""c23"": 0}","{""c01"": 1, ""c02"": 0, ""c03"": 4, ""c12"": 0, ""c13"": 0, ""c23"": 8}",True,False,11,14,"{""0"": 16, ""1"": 16, ""2"": 4, ""3"": 32}","[[1, 0, 0, 0], [0, 1, 0, 0], [0, 0, 1, 0], [0, 0, 1, 11]]",True
165,8,"{""c01"": 1, ""c02"": 0, ""c03"": 12, ""c12"": 0, ""c13"": 0, ""c23"": 0}","{""c01"": 1, ""c02"": 2, ""c03"": 0, ""c12"": 2, ""c13"": 8, ""c23"": 0}",True,False,10,14,"{""0"": 16, ""1"": 16, ""2"": 4, ""3"": 32}","[[0, 1, 1, 4], [1, 2, 1, 0], [0, 0, 1, 0], [0, 0, 0, 1]]",True
166,8,"{""c01"": 1, ""c02"": 0, ""c03"": 12, ""c12"": 0, ""c13"": 0, ""c23"": 0}","{""c01"": 1, ""c02"": 2, ""c03"": 0, ""c12"": 2, ""c13"": 0, ""c23"": 8}",True,False,16,23,"{""0"": 16, ""1"": 16, ""2"": 4, ""3"": 32}","[[0, 1, 1, 4], [1, 2, 1, 0], [0, 0, 1, 0], [0, 2, 1, 3]]",True
167,8,"{""c01"": 1, ""c02"": 0, ""c03"": 12, ""c12"": 0, ""c13"": 0, ""c23"": 0}","{""c01"": 1, ""c02"": 0, ""c03"": 12, ""c12"": 0, ""c13"": 0, ""c23"": 8}",True,False,10,12,"{""0"": 16, ""1"": 16, ""2"": 4, ""3"": 32}","[[1, 0, 0, 0], [0, 1, 0, 0], [0, 0, 1, 0], [0, 0, 1, 5]]",True
168,8,"{""c01"": 1, ""c02"": 0, ""c03"": 12, ""c12"": 0, ""c13"": 0, ""c23"": 0}","{""c01"": 3, ""c02"": 2, ""c03"": 0, ""c12"": 2, ""c13"": 8, ""c23"": 0}",True,False,8,10,"{""0"": 16, ""1"": 16, ""2"": 4, ""3"": 32}","[[0, 1, 1, 4], [1, 0, 1, 0], [0, 0, 1, 0], [0, 0, 0, 1]]",True
169,8,"{""c01"": 1, ""c02"": 0, ""c03"": 12, ""c12"": 0, ""c13"": 0, ""c23"": 0}","{""c01"": 3, ""c02"": 2, ""c03"": 8, ""c12"": 2, ""c13"": 0, ""c23"": 0}",True,False,13,19,"{""0"": 16, ""1"": 16, ""2"": 4, ""3"": 32}","[[0, 1, 1, 4], [1, 0, 1, 0], [0, 0, 1, 0], [0, 2, 0, 9]]",True
170,8,"{""c01"": 1, ""c02"": 0, ""c03"": 12, ""c12"": 0, ""c13"": 0, ""c23"": 0}","{""c01"": 1, ""c02"": 0, ""c03"": 12, ""c12"": 0, ""c13"": 8, ""c23"": 0}",True,False,12,17,"{""0"": 16, ""1"": 16, ""2"": 4, ""3"": 32}","[[1, 0, 0, 0], [0, 1, 0, 0], [0, 0, 1, 0], [0, 2, 0, 7]]",True
171,8,"{""c01"": 1, ""c02"": 0, ""c03"": 12, ""c12"": 0, ""c13"": 0, ""c23"": 0}","{""c01"": 1, ""c02"": 2, ""c03"": 8, ""c12"": 2, ""c13"": 0, ""c23"": 0}",True,False,15,23,"{""0"": 16, ""1"": 16, ""2"": 4, ""3"": 32}","[[0, 1, 1, 4], [1, 2, 1, 0], [0, 0, 1, 0], [0, 2, 0, 9]]",True
172,8,"{""c01"": 1, ""c02"": 0, ""c03"": 12, ""c12"": 0, ""c13"": 0, ""c23"": 0}","{""c01"": 3, ""c02"": 0, ""c03"": 4, ""c12"": 0, ""c13"": 8, ""c23"": 8}",True,False,17,25,"{""0"": 16, ""1"": 16, ""2"": 4, ""3"": 32}","[[1, 0, 0, 0], [0, 3, 0, 0], [0, 0, 1, 0], [0, 2, 1, 13]]",True
173,8,"{""c01"": 1, ""c02"": 0, ""c03"": 12, ""c12"": 0, ""c13"": 0, ""c23"": 0}","{""c01"": 3, ""c02"": 0, ""c03"": 12, ""c12"": 0, ""c13"": 8, ""c23"": 8}",True,False,16,23,"{""0"": 16, ""1"": 16, ""2"": 4, ""3"": 32}","[[1, 0, 0, 0], [0, 3, 0, 0], [0, 0, 1, 0], [0, 2, 1, 3]]",True
174,8,"{""c01"": 1, ""c02"": 0, ""c03"": 12, ""c12"": 0, ""c13"": 0, ""c23"": 0}","{""c01"": 3, ""c02"": 2, ""c03"": 0, ""c12"": 2, ""c13"": 0, ""c23"": 8}",True,False,14,19,"{""0"": 16, ""1"": 16, ""2"": 4, ""3"": 32}","[[0, 1, 1, 4], [1, 0, 1, 0], [0, 0, 1, 0], [0, 2, 1, 3]]",True
175,8,"{""c01"": 1, ""c02"": 0, ""c03"": 12, ""c12"": 0, ""c13"": 0, ""c23"": 0}","{""c01"": 1, ""c02"": 0, ""c03"": 4, ""c12"": 0, ""c13"": 8, ""c23"": 8}",True,False,15,21,"{""0"": 16, ""1"": 16, ""2"": 4, ""3"": 32}","[[1, 0, 0, 0], [0, 1, 0, 0], [0, 0, 1, 0], [0, 2, 1, 13]]",True
176,8,"{""c01"": 1, ""c02"": 0, ""c03"": 12, ""c12"": 0, ""c13"": 0, ""c23"": 0}","{""c01"": 3, ""c02"": 0, ""c03"": 12, ""c12"": 0, ""c13"": 0, ""c23"": 0}",True,False,10,14,"{""0"": 16, ""1"": 16, ""2"": 4, ""3"": 32}","[[1, 0, 0, 0], [0, 3, 0, 0], [0, 0, 1, 0], [0, 0, 0, 1]]",True
177,8,"{""c01"": 1, ""c02"": 0, ""c03"": 12, ""c12"": 0, ""c13"": 0, ""c23"": 0}","{""c01"": 1, ""c02"": 2, ""c03"": 0, ""c12"": 2, ""c13"": 8, ""c23"": 8}",True,False,17,25,"{""0"": 16, ""1"": 16, ""2"": 4, ""3"": 32}","[[0, 1, 1, 4], [1, 2, 1, 0], [0, 0, 1, 0], [0, 2, 1, 13]]",True
178,8,"{""c01"": 1, ""c02"": 0, ""c03"": 12, ""c12"": 0, ""c13"": 0, ""c23"": 0}","{""c01"": 3, ""c02"": 2, ""c03"": 8, ""c12"": 2, ""c13"": 8, ""c23"": 0}",True,False,12,17,"{""0"": 16, ""1"": 16, ""2"": 4, ""3"": 32}","[[0, 1, 1, 4], [1, 0, 1, 0], [0, 0, 1, 0], [0, 2, 0, 7]]",True
179,8,"{""c01"": 1, ""c02"": 0, ""c03"": 12, ""c12"": 0, ""c13"": 0, ""c23"": 0}","{""c01"": 1, ""c02"": 2, ""c03"": 8, ""c12"": 2, ""c13"": 8, ""c23"": 0}",True,False,14,21,"{""0"": 16, ""1"": 16, ""2"": 4, ""3"": 32}","[[0, 1, 1, 4], [1, 2, 1, 0], [0, 0, 1, 0], [0, 2, 0, 7]]",True
180,8,"{""c01"": 1, ""c02"": 0, ""c03"": 12, ""c12"": 0, ""c13"": 0, ""c23"": 0}","{""c01"": 3, ""c02"": 2, ""c03"": 0, ""c12"": 2, ""c13"": 8, ""c23"": 8}",True,False,15,21,"{""0"": 16, ""1"": 16, ""2"": 4, ""3"": 32}","[[0, 1, 1, 4], [1, 0, 1, 0], [0, 0, 1, 0], [0, 2, 1, 13]]",True
181,8,"{""c01"": 1, ""c02"": 0, ""c03"": 12, ""c12"": 0, ""c13"": 0, ""c23"": 0}","{""c01"": 3, ""c02"": 0, ""c03"": 4, ""c12"": 0, ""c13"": 0, ""c23"": 0}",True,False,11,16,"{""0"": 16, ""1"": 16, ""2"": 4, ""3"": 32}","[[1, 0, 0, 0], [0, 3, 0, 0], [0, 0, 1, 0], [0, 0, 0, 15]]",True
182,8,"{""c01"": 1, ""c02"": 0, ""c03"": 12, ""c12"": 0, ""c13"": 0, ""c23"": 0}","{""c01"": 3, ""c02"": 2, ""c03"": 8, ""c12"": 2, ""c13"": 0, ""c23"": 8}",True,False,10,12,"{""0"": 16, ""1"": 16, ""2"": 4, ""3"": 32}","[[0, 1, 1, 4], [1, 0, 1, 0], [0, 0, 1, 0], [0, 0, 1, 5]]",True
183,8,"{""c01"": 1, ""c02"": 0, ""c03"": 12, ""c12"": 0, ""c13"": 0, ""c23"": 0}","{""c01"": 1, ""c02"": 0, ""c03"": 12, ""c12"": 0, ""c13"": 8, ""c23"": 8}",True,False,14,19,"{""0"": 16, ""1"": 16, ""2"": 4, ""3"": 32}","[[1, 0, 0, 0], [0, 1, 0, 0], [0, 0, 1, 0], [0, 2, 1, 3]]",True
184,8,"{""c01"": 1, ""c02"": 0, ""c03"": 12, ""c12"": 0, ""c13"": 0, ""c23"": 0}","{""c01"": 1, ""c02"": 2, ""c03"": 8, ""c12"": 2, ""c13"": 0, ""c23"": 8}",True,False,12,16,"{""0"": 16, ""1"": 16, ""2"": 4, ""3"": 32}","[[0, 1, 1, 4], [1, 2, 1, 0], [0, 0, 1, 0], [0, 0, 1, 5]]",True
185,9,"{""c01"": 2, ""c02"": 0, ""c03"": 12, ""c12"": 2, ""c13"": 12, ""c23"": 8}","{""c01"": 2, ""c02"": 0, ""c03"": 8, ""c12"": 2, ""c13"": 8, ""c23"": 8}",True,False,9,16,"{""0"": 16, ""1"": 16, ""2"": 4, ""3"": 32}","[[0, 1, 1, 4], [1, 0, 1, 4], [0, 0, 1, 0], [0, 0, 0, 15]]",True
186,9,"{""c01"": 2, ""c02"": 0, ""c03"": 12, ""c12"": 2, ""c13"": 12, ""c23"": 8}","{""c01"": 0, ""c02"": 0, ""c03"": 12, ""c12"": 2, ""c13"": 8, ""c23"": 8}",True,False,11,20,"{""0"": 16, ""1"": 16, ""2"": 4, ""3"": 32}","[[0, 1, 1, 4], [1, 2, 1, 0], [0, 0, 1, 0], [0, 0, 0, 15]]",True
187,9,"{""c01"": 2, ""c02"": 0, ""c03"": 12, ""c12"": 2, ""c13"": 12, ""c23"": 8}","{""c01"": 0, ""c02"": 0, ""c03"": 4, ""c12"": 2, ""c13"": 0, ""c23"": 0}",True,False,16,27,"{""0"": 16, ""1"": 16, ""2"": 4, ""3"": 32}","[[0, 1, 1, 4], [1, 2, 1, 0], [0, 0, 1, 0], [0, 2, 1, 5]]",True
188,9,"{""c01"": 2, ""c02"": 0, ""c03"": 12, ""c12"": 2, ""c13"": 12, ""c23"": 8}","{""c01"": 0, ""c02"": 2, ""c03"": 12, ""c12"": 0, ""c13"": 8, ""c23"": 8}",True,False,56,68,"{""0"": 16, ""1"": 16, ""2"": 4, ""3"": 32}","[[0, 1, 1, 0], [1, 2, 1, 4], [2, 2, 1, 0], [1, 3, 0, 11]]",True
189,9,"{""c01"": 2, ""c02"": 0, ""c03"": 12, ""c12"": 2, ""c13"": 12, ""c23"": 8}","{""c01"": 2, ""c02"": 2, ""c03"": 8, ""c12"": 0, ""c13"": 0, ""c23"": 0}",True,False,50,58,"{""0"": 16, ""1"": 16, ""2"": 4, ""3"": 32}","[[0, 1, 1, 0], [1, 0, 1, 0], [2, 2, 1, 0], [1, 1, 0, 7]]",True
190,9,"{""c01"": 2, ""c02"": 0, ""c03"": 12, ""c12"": 2, ""c13"": 12, ""c23"": 8}","{""c01"": 0, ""c02"": 2, ""c03"": 0, ""c12"": 0, ""c13"": 12, ""c23"": 8}",True,False,51,61,"{""0"": 16, ""1"": 16, ""2"": 4, ""3"": 32}","[[0, 1, 1, 0], [1, 2, 1, 4], [2, 2, 1, 0], [0, 2, 1, 11]]",True
191,9,"{""c01"": 2, ""c02"": 0, ""c03"": 12, ""c12"": 2, ""c13"": 12, ""c23"": 8}","{""c01"": 0, ""c02"": 2, ""c03"": 8, ""c12"": 0, ""c13"": 4, ""c23"": 8}",True,False,50,59,"{""0"": 16, ""1"": 16, ""2"": 4, ""3"": 32}","[[0, 1, 1, 0], [1, 2, 1, 4], [2, 2, 1, 0], [0, 2, 1, 5]]",True
192,9,"{""c01"": 2, ""c02"": 0, ""c03"": 12, ""c12"": 2, ""c13"": 12, ""c23"": 8}","{""c01"": 2, ""c02"": 0, ""c03"": 4, ""c12"": 2, ""c13"": 4, ""c23"": 8}",True,False,18,28,"{""0"": 16, ""1"": 16, ""2"": 4, ""3"": 32}","[[0, 1, 1, 4], [1, 0, 1, 4], [0, 0, 1, 0], [1, 1, 1, 5]]",True
193,9,"{""c01"": 2, ""c02"": 0, ""c03"": 12, ""c12"": 2, ""c13"": 12, ""c23"": 8}","{""c01"": 2, ""c02"": 2, ""c03"": 4, ""c12"": 0, ""c13"": 4, ""c23"": 8}",True,False,42,46,"{""0"": 16, ""1"": 16, ""2"": 4, ""3"": 32}","[[0, 1, 1, 0], [1, 0, 1, 0], [2, 2, 1, 0], [0, 0, 0, 1]]",True
194,9,"{""c01"": 2, ""c02"": 0, ""c03"": 12, ""c12"": 2, ""c13"": 12, ""c23"": 8}","{""c01"": 2, ""c02"": 0, ""c03"": 4, ""c12"": 2, ""c13"": 12, ""c23"": 0}",True,False,16,26,"{""0"": 16, ""1"": 16, ""2"": 4, ""3"": 32}","[[0, 1, 1, 4], [1, 0, 1, 4], [0, 0, 1, 0], [1, 1, 0, 1]]",True
195,9,"{""c01"": 2, ""c02"": 0, ""c03"": 12, ""c12"": 2, ""c13"": 12, ""c23"": 8}","{""c01"": 2, ""c02"": 0, ""c03"": 12, ""c12"": 2, ""c13"": 4, ""c23"": 0}",True,False,36,58,"{""0"": 16, ""1"": 16, ""2"": 4, ""3"": 32}","[[0, 1, 1, 4], [1, 0, 1, 4], [0, 0, 1, 0], [3, 3, 0, 1]]",True
196,9,"{""c01"": 2, ""c02"": 0, ""c03"": 12, ""c12"": 2, ""c13"": 12, ""c23"": 8}","{""c01"": 0, ""c02"": 2, ""c03"": 8, ""c12"": 0, ""c13"": 12, ""c23"": 0}",True,False,49,59,"{""0"": 16, ""1"": 16, ""2"": 4, ""3"": 32}","[[0, 1, 1, 0], [1, 2, 1, 4], [2, 2, 1, 0], [0, 2, 0, 15]]",True
197,9,"{""c01"": 2, ""c02"": 0, ""c03"": 12, ""c12"": 2, ""c13"": 12, ""c23"": 8}","{""c01"": 2, ""c02"": 0, ""c03"": 0, ""c12"": 2, ""c13"": 8, ""c23"": 8}",True,False,13,23,"{""0"": 16, ""1"": 16, ""2"": 4, ""3"": 32}","[[0, 1, 1, 4], [1, 0, 1, 4], [0, 0, 1, 0], [0, 2, 0, 9]]",True
198,9,"{""c01"": 2, ""c02"": 0, ""c03"": 12, ""c12"": 2, ""c13"": 12, ""c23"": 8}","{""c01"": 2, ""c02"": 2, ""c03"": 0, ""c12"": 0, ""c13"": 8, ""c23"": 0}",True,False,70,90,"{""0"": 16, ""1"": 16, ""2"": 4, ""3"": 32}","[[0, 1, 1, 0], [1, 0, 1, 0], [2, 2, 1, 0], [3, 3, 0, 7]]",True
199,9,"{""c01"": 2, ""c02"": 0, ""c03"": 12, ""c12"": 2, ""c13"": 12, ""c23"": 8}","{""c01"": 0, ""c02"": 2, ""c03"": 12, ""c12"": 0, ""c13"": 0, ""c23"": 0}",True,False,70,90,"{""0"": 16, ""1"": 16, ""2"": 4, ""3"": 32}","[[0, 1, 1, 0], [1, 2, 1, 4], [2, 2, 1, 0], [3, 1, 1, 1]]",True
200,9,"{""c01"": 2, ""c02"": 0, ""c03"": 12, ""c12"": 2, ""c13"": 12, ""c23"": 8}","{""c01"": 2, ""c02"": 0, ""c03"": 8, ""c12"": 2, ""c13"": 0, ""c23"": 0}",True,False,10,16,"{""0"": 16, ""1"": 16, ""2"": 4, ""3"": 32}","[[0, 1, 1, 4], [1, 0, 1, 4], [0, 0, 1, 0], [0, 0, 1, 3]]",True
201,9,"{""c01"": 2, ""c02"": 0, ""c03"": 12, ""c12"": 2, ""c13"": 12, ""c23"": 8}","{""c01"": 2, ""c02"": 2, ""c03"": 0, ""c12"": 0, ""c13"": 0, ""c23"": 8}",True,False,52,60,"{""0"": 16, ""1"": 16, ""2"": 4, ""3"": 32}","[[0, 1, 1, 0], [1, 0, 1, 0], [2, 2, 1, 0], [1, 1, 1, 3]]",True
202,9,"{""c01"": 2, ""c02"": 0, ""c03"": 12, ""c12"": 2, ""c13"": 12, ""c23"": 8}","{""c01"": 0, ""c02"": 0, ""c03"": 8, ""c12"": 2, ""c13"": 4, ""c23"": 8}",True,False,40,64,"{""0"": 16, ""1"": 16, ""2"": 4, ""3"": 32}","[[0, 1, 1, 4], [1, 2, 1, 0], [0, 0, 1, 0], [3, 3, 1, 9]]",True
203,9,"{""c01"": 2, ""c02"": 0, ""c03"": 12, ""c12"": 2, ""c13"": 12, ""c23"": 8}","{""c01"": 2, ""c02"": 2, ""c03"": 12, ""c12"": 0, ""c13"": 4, ""c23"": 8}",True,False,47,55,"{""0"": 16, ""1"": 16, ""2"": 4, ""3"": 32}","[[0, 1, 1, 0], [1, 0, 1, 0], [2, 2, 1, 0], [0, 2, 0, 15]]",True
204,9,"{""c01"": 2, ""c02"": 0, ""c03"": 12, ""c12"": 2, ""c13"": 12, ""c23"": 8}","{""c01"": 0, ""c02"": 0, ""c03"": 8, ""c12"": 2, ""c13"": 12, ""c23"": 0}",True,False,38,62,"{""0"": 16, ""1"": 16, ""2"": 4, ""3"": 32}","[[0, 1, 1, 4], [1, 2, 1, 0], [0, 0, 1, 0], [3, 3, 0, 3]]",True
205,9,"{""c01"": 2, ""c02"": 0, ""c03"": 12, ""c12"": 2, ""c13"": 12, ""c23"": 8}","{""c01"": 0, ""c02"": 2, ""c03"": 4, ""c12"": 0, ""c13"": 0, ""c23"": 8}",True,False,68,88,"{""0"": 16, ""1"": 16, ""2"": 4, ""3"": 32}","[[0, 1, 1, 0], [1, 2, 1, 4], [2, 2, 1, 0], [3, 1, 0, 3]]",True
206,9,"{""c01"": 2, ""c02"": 0, ""c03"": 12, ""c12"": 2, ""c13"": 12, ""c23"": 8}","{""c01"": 0, ""c02"": 2, ""c03"": 4, ""c12"": 0, ""c13"": 8, ""c23"": 0}",True,False,58,70,"{""0"": 16, ""1"": 16, ""2"": 4, ""3"": 32}","[[0, 1, 1, 0], [1, 2, 1, 4], [2, 2, 1, 0], [1, 3, 1, 9]]",True
207,9,"{""c01"": 2, ""c02"": 0, ""c03"": 12, ""c12"": 2, ""c13"": 12, ""c23"": 8}","{""c01"": 2, ""c02"": 2, ""c03"": 12, ""c12"": 0, ""c13"": 12, ""c23"": 0}",True,False,49,57,"{""0"": 16, ""1"": 16, ""2"": 4, ""3"": 32}","[[0, 1, 1, 0], [1, 0, 1, 0], [2, 2, 1, 0], [0, 2, 1, 13]]",True
208,9,"{""c01"": 2, ""c02"": 0, ""c03"": 12, ""c12"": 2, ""c13"": 12, ""c23"": 8}","{""c01"": 0, ""c02"": 0, ""c03"": 0, ""c12"": 2, ""c13"": 12, ""c23"": 8}",True,False,20,32,"{""0"": 16, ""1"": 16, ""2"": 4, ""3"": 32}","[[0, 1, 1, 4], [1, 2, 1, 0], [0, 0, 1, 0], [1, 1, 1, 1]]",True
209,9,"{""c01"": 2, ""c02"": 0, ""c03"": 12, ""c12"": 2, ""c13"": 12, ""c23"": 8}","{""c01"": 0, ""c02"": 0, ""c03"": 12, ""c12"": 2, ""c13"": 0, ""c23"": 0}",True,False,12,20,"{""0"": 16, ""1"": 16, ""2"": 4, ""3"": 32}","[[0, 1, 1, 4], [1, 2, 1, 0], [0, 0, 1, 0], [0, 0, 1, 3]]",True
210,9,"{""c01"": 2, ""c02"": 0, ""c03"": 12, ""c12"": 2, ""c13"": 12, ""c23"": 8}","{""c01"": 2, ""c02"": 2, ""c03"": 4, ""c12"": 0, ""c13"": 12, ""c23"": 8}",True,False,46,53,"{""0"": 16, ""1"": 16, ""2"": 4, ""3"": 32}","[[0, 1, 1, 0], [1, 0, 1, 0], [2, 2, 1, 0], [0, 2, 0, 1]]",True
211,9,"{""c01"": 2, ""c02"": 0, ""c03"": 12, ""c12"": 2, ""c13"": 12, ""c23"": 8}","{""c01"": 0, ""c02"": 0, ""c03"": 4, ""c12"": 2, ""c13"": 0, ""c23"": 8}",True,False,10,18,"{""0"": 16, ""1"": 16, ""2"": 4, ""3"": 32}","[[0, 1, 1, 4], [1, 2, 1, 0], [0, 0, 1, 0], [0, 0, 0, 1]]",True
212,9,"{""c01"": 2, ""c02"": 0, ""c03"": 12, ""c12"": 2, ""c13"": 12, ""c23"": 8}","{""c01"": 0, ""c02"": 2, ""c03"": 0, ""c12"": 0, ""c13"": 4, ""c23"": 0}",True,False,48,57,"{""0"": 16, ""1"": 16, ""2"": 4, ""3"": 32}","[[0, 1, 1, 0], [1, 2, 1, 4], [2, 2, 1, 0], [0, 2, 0, 1]]",True
213,9,"{""c01"": 2, ""c02"": 0, ""c03"": 12, ""c12"": 2, ""c13"": 12, ""c23"": 8}","{""c01"": 2, ""c02"": 2, ""c03"": 8, ""c12"": 0, ""c13"": 0, ""c23"": 8}",True,False,68,86,"{""0"": 16, ""1"": 16, ""2"": 4, ""3"": 32}","[[0, 1, 1, 0], [1, 0, 1, 0], [2, 2, 1, 0], [3, 1, 1, 5]]",True
214,9,"{""c01"": 2, ""c02"": 0, ""c03"": 12, ""c12"": 2, ""c13"": 12, ""c23"": 8}","{""c01"": 0, ""c02"": 0, ""c03"": 4, ""c12"": 2, ""c13"": 8, ""c23"": 0}",True,False,13,22,"{""0"": 16, ""1"": 16, ""2"": 4, ""3"": 32}","[[0, 1, 1, 4], [1, 2, 1, 0], [0, 0, 1, 0], [0, 0, 1, 13]]",True
215,9,"{""c01"": 2, ""c02"": 0, ""c03"": 12, ""c12"": 2, ""c13"": 12, ""c23"": 8}","{""c01"": 2, ""c02"": 2, ""c03"": 8, ""c12"": 0, ""c13"": 8, ""c23"": 0}",True,False,54,64,"{""0"": 16, ""1"": 16, ""2"": 4, ""3"": 32}","[[0, 1, 1, 0], [1, 0, 1, 0], [2, 2, 1, 0], [1, 3, 0, 1]]",True
216,9,"{""c01"": 2, ""c02"": 0, ""c03"": 12, ""c12"": 2, ""c13"": 12, ""c23"": 8}","{""c01"": 0, ""c02"": 0, ""c03"": 0, ""c12"": 2, ""c13"": 4, ""c23"": 0}",True,False,18,30,"{""0"": 16, ""1"": 16, ""2"": 4, ""3"": 32}","[[0, 1, 1, 4], [1, 2, 1, 0], [0, 0, 1, 0], [1, 1, 0, 11]]",True
217,9,"{""c01"": 2, ""c02"": 0, ""c03"": 12, ""c12"": 2, ""c13"": 12, ""c23"": 8}","{""c01"": 0, ""c02"": 2, ""c03"": 8, ""c12"": 0, ""c13"": 12, ""c23"": 8}",True,False,46,52,"{""0"": 16, ""1"": 16, ""2"": 4, ""3"": 32}","[[0, 1, 1, 0], [1, 2, 1, 4], [2, 2, 1, 0], [0, 0, 1, 5]]",True
218,9,"{""c01"": 2, ""c02"": 0, ""c03"": 12, ""c12"": 2, ""c13"": 12, ""c23"": 8}","{""c01"": 2, ""c02"": 0, ""c03"": 0, ""c12"": 2, ""c13"": 0, ""c23"": 0}",True,False,14,23,"{""0"": 16, ""1"": 16, ""2"": 4, ""3"": 32}","[[0, 1, 1, 4], [1, 0, 1, 4], [0, 0, 1, 0], [0, 2, 1, 5]]",True
219,9,"{""c01"": 2, ""c02"": 0, ""c03"": 12, ""c12"": 2, ""c13"": 12, ""c23"": 8}","{""c01"": 2, ""c02"": 0, ""c03"": 4, ""c12"": 2, ""c13"": 12, ""c23"": 8}",True,False,22,34,"{""0"": 16, ""1"": 16, ""2"": 4, ""3"": 32}","[[0, 1, 1, 4], [1, 0, 1, 4], [0, 0, 1, 0], [1, 3, 1, 5]]",True
220,9,"{""c01"": 2, ""c02"": 0, ""c03"": 12, ""c12"": 2, ""c13"": 12, ""c23"": 8}","{""c01"": 2, ""c02"": 2, ""c03"": 0, ""c12"": 0, ""c13"": 8, ""c23"": 8}",True,False,56,66,"{""0"": 16, ""1"": 16, ""2"": 4, ""3"": 32}","[[0, 1, 1, 0], [1, 0, 1, 0], [2, 2, 1, 0], [1, 3, 1, 5]]",True
221,9,"{""c01"": 2, ""c02"": 0, ""c03"": 12, ""c12"": 2, ""c13"": 12, ""c23"": 8}","{""c01"": 2, ""c02"": 0, ""c03"": 12, ""c12"": 2, ""c13"": 4, ""c23"": 8}",True,False,34,54,"{""0"": 16, ""1"": 16, ""2"": 4, ""3"": 32}","[[0, 1, 1, 4], [1, 0, 1, 4], [0, 0, 1, 0], [3, 1, 1, 5]]",True
222,9,"{""c01"": 2, ""c02"": 0, ""c03"": 12, ""c12"": 2, ""c13"": 12, ""c23"": 8}","{""c01"": 2, ""c02"": 0, ""c03"": 8, ""c12"": 2, ""c13"": 0, ""c23"": 8}",True,False,12,21,"{""0"": 16, ""1"": 16, ""2"": 4, ""3"": 32}","[[0, 1, 1, 4], [1, 0, 1, 4], [0, 0, 1, 0], [0, 2, 0, 7]]",True
223,9,"{""c01"": 2, ""c02"": 0, ""c03"": 12, ""c12"": 2, ""c13"": 12, ""c23"": 8}","{""c01"": 2, ""c02"": 0, ""c03"": 12, ""c12"": 2, ""c13"": 12, ""c23"": 0}",True,False,32,52,"{""0"": 16, ""1"": 16, ""2"": 4, ""3"": 32}","[[0, 1, 1, 4], [1, 0, 1, 4], [0, 0, 1, 0], [3, 1, 0, 1]]",True
224,9,"{""c01"": 2, ""c02"": 0, ""c03"": 12, ""c12"": 2, ""c13"": 12, ""c23"": 8}","{""c01"": 0, ""c02"": 2, ""c03"": 12, ""c12"": 0, ""c13"": 0, ""c23"": 8}",True,False,52,62,"{""0"": 16, ""1"": 16, ""2"": 4, ""3"": 32}","[[0, 1, 1, 0], [1, 2, 1, 4], [2, 2, 1, 0], [1, 1, 0, 3]]",True
225,9,"{""c01"": 2, ""c02"": 0, ""c03"": 12, ""c12"": 2, ""c13"": 12, ""c23"": 8}","{""c01"": 0, ""c02"": 2, ""c03"": 12, ""c12"": 0, ""c13"": 8, ""c23"": 0}",True,False,74,96,"{""0"": 16, ""1"": 16, ""2"": 4, ""3"": 32}","[[0, 1, 1, 0], [1, 2, 1, 4], [2, 2, 1, 0], [3, 3, 1, 9]]",True
226,9,"{""c01"": 2, ""c02"": 0, ""c03"": 12, ""c12"": 2, ""c13"": 12, ""c23"": 8}","{""c01"": 2, ""c02"": 0, ""c03"": 8, ""c12"": 2, ""c13"": 8, ""c23"": 0}",True,False,15,25,"{""0"": 16, ""1"": 16, ""2"": 4, ""3"": 32}","[[0, 1, 1, 4], [1, 0, 1, 4], [0, 0, 1, 0], [0, 2, 1, 11]]",True
227,9,"{""c01"": 2, ""c02"": 0, ""c03"": 12, ""c12"": 2, ""c13"": 12, ""c23"": 8}","{""c01"": 0, ""c02"": 0, ""c03"": 8, ""c12"": 2, ""c13"": 12, ""c23"": 8}",True,False,36,58,"{""0"": 16, ""1"": 16, ""2"": 4, ""3"": 32}","[[0, 1, 1, 4], [1, 2, 1, 0], [0, 0, 1, 0], [3, 1, 1, 9]]",True
228,9,"{""c01"": 2, ""c02"": 0, ""c03"": 12, ""c12"": 2, ""c13"": 12, ""c23"": 8}","{""c01"": 0, ""c02"": 0, ""c03"": 12, ""c12"": 2, ""c13"": 8, ""c23"": 0}",True,False,17,29,"{""0"": 16, ""1"": 16, ""2"": 4, ""3"": 32}","[[0, 1, 1, 4], [1, 2, 1, 0], [0, 0, 1, 0], [0, 2, 1, 11]]",True
229,9,"{""c01"": 2, ""c02"": 0, ""c03"": 12, ""c12"": 2, ""c13"": 12, ""c23"": 8}","{""c01"": 2, ""c02"": 0, ""c03"": 4, ""c12"": 2, ""c13"": 4, ""c23"": 0}",True,False,20,32,"{""0"": 16, ""1"": 16, ""2"": 4, ""3"": 32}","[[0, 1, 1, 4], [1, 0, 1, 4], [0, 0, 1, 0], [1, 3, 0, 1]]",True
230,9,"{""c01"": 2, ""c02"": 0, ""c03"": 12, ""c12"": 2, ""c13"": 12, ""c23"": 8}","{""c01"": 2, ""c02"": 2, ""c03"": 4, ""c12"": 0, ""c13"": 4, ""c23"": 0}",True,False,48,55,"{""0"": 16, ""1"": 16, ""2"": 4, ""3"": 32}","[[0, 1, 1, 0], [1, 0, 1, 0], [2, 2, 1, 0], [0, 2, 1, 3]]",True
231,9,"{""c01"": 2, ""c02"": 0, ""c03"": 12, ""c12"": 2, ""c13"": 12, ""c23"": 8}","{""c01"": 2, ""c02"": 2, ""c03"": 12, ""c12"": 0, ""c13"": 12, ""c23"": 8}",True,False,43,48,"{""0"": 16, ""1"": 16, ""2"": 4, ""3"": 32}","[[0, 1, 1, 0], [1, 0, 1, 0], [2, 2, 1, 0], [0, 0, 0, 15]]",True
232,9,"{""c01"": 2, ""c02"": 0, ""c03"": 12, ""c12"": 2, ""c13"": 12, ""c23"": 8}","{""c01"": 0, ""c02"": 0, ""c03"": 12, ""c12"": 2, ""c13"": 0, ""c23"": 8}",True,False,14,25,"{""0"": 16, ""1"": 16, ""2"": 4, ""3"": 32}","[[0, 1, 1, 4], [1, 2, 1, 0], [0, 0, 1, 0], [0, 2, 0, 7]]",True
233,9,"{""c01"": 2, ""c02"": 0, ""c03"": 12, ""c12"": 2, ""c13"": 12, ""c23"": 8}","{""c01"": 0, ""c02"": 2, ""c03"": 0, ""c12"": 0, ""c13"": 12, ""c23"": 0}",True,False,44,50,"{""0"": 16, ""1"": 16, ""2"": 4, ""3"": 32}","[[0, 1, 1, 0], [1, 2, 1, 4], [2, 2, 1, 0], [0, 0, 0, 1]]",True
234,9,"{""c01"": 2, ""c02"": 0, ""c03"": 12, ""c12"": 2, ""c13"": 12, ""c23"": 8}","{""c01"": 0, ""c02"": 2, ""c03"": 4, ""c12"": 0, ""c13"": 8, ""c23"": 8}",True,False,72,94,"{""0"": 16, ""1"": 16, ""2"": 4, ""3"": 32}","[[0, 1, 1, 0], [1, 2, 1, 4], [2, 2, 1, 0], [3, 3, 0, 11]]",True
235,9,"{""c01"": 2, ""c02"": 0, ""c03"": 12, ""c12"": 2, ""c13"": 12, ""c23"": 8}","{""c01"": 0, ""c02"": 2, ""c03"": 8, ""c12"": 0, ""c13"": 4, ""c23"": 0}",True,False,45,52,"{""0"": 16, ""1"": 16, ""2"": 4, ""3"": 32}","[[0, 1, 1, 0], [1, 2, 1, 4], [2, 2, 1, 0], [0, 0, 0, 15]]",True
236,9,"{""c01"": 2, ""c02"": 0, ""c03"": 12, ""c12"": 2, ""c13"": 12, ""c23"": 8}","{""c01"": 0, ""c02"": 2, ""c03"": 0, ""c12"": 0, ""c13"": 4, ""c23"": 8}",True,False,47,54,"{""0"": 16, ""1"": 16, ""2"": 4, ""3"": 32}","[[0, 1, 1, 0], [1, 2, 1, 4], [2, 2, 1, 0], [0, 0, 1, 11]]",True
237,9,"{""c01"": 2, ""c02"": 0, ""c03"": 12, ""c12"": 2, ""c13"": 12, ""c23"": 8}","{""c01"": 2, ""c02"": 0, ""c03"": 0, ""c12"": 2, ""c13"": 8, ""c23"": 0}",True,False,11,18,"{""0"": 16, ""1"": 16, ""2"": 4, ""3"": 32}","[[0, 1, 1, 4], [1, 0, 1, 4], [0, 0, 1, 0], [0, 0, 1, 13]]",True
238,9,"{""c01"": 2, ""c02"": 0, ""c03"": 12, ""c12"": 2, ""c13"": 12, ""c23"": 8}","{""c01"": 0, ""c02"": 0, ""c03"": 8, ""c12"": 2, ""c13"": 4, ""c23"": 0}",True,False,34,56,"{""0"": 16, ""1"": 16, ""2"": 4, ""3"": 32}","[[0, 1, 1, 4], [1, 2, 1, 0], [0, 0, 1, 0], [3, 1, 0, 3]]",True
239,9,"{""c01"": 2, ""c02"": 0, ""c03"": 12, ""c12"": 2, ""c13"": 12, ""c23"": 8}","{""c01"": 2, ""c02"": 2, ""c03"": 12, ""c12"": 0, ""c13"": 4, ""c23"": 0}",True,False,45,50,"{""0"": 16, ""1"": 16, ""2"": 4, ""3"": 32}","[[0, 1, 1, 0], [1, 0, 1, 0], [2, 2, 1, 0], [0, 0, 1, 13]]",True
240,9,"{""c01"": 2, ""c02"": 0, ""c03"": 12, ""c12"": 2, ""c13"": 12, ""c23"": 8}","{""c01"": 2, ""c02"": 0, ""c03"": 0, ""c12"": 2, ""c13"": 0, ""c23"": 8}",True,False,8,14,"{""0"": 16, ""1"": 16, ""2"": 4, ""3"": 32}","[[0, 1, 1, 4], [1, 0, 1, 4], [0, 0, 1, 0], [0, 0, 0, 1]]",True
241,9,"{""c01"": 2, ""c02"": 0, ""c03"": 12, ""c12"": 2, ""c13"": 12, ""c23"": 8}","{""c01"": 0, ""c02"": 0, ""c03"": 4, ""c12"": 2, ""c13"": 8, ""c23"": 8}",True,False,15,27,"{""0"": 16, ""1"": 16, ""2"": 4, ""3"": 32}","[[0, 1, 1, 4], [1, 2, 1, 0], [0, 0, 1, 0], [0, 2, 0, 9]]",True
242,9,"{""c01"": 2, ""c02"": 0, ""c03"": 12, ""c12"": 2, ""c13"": 12, ""c23"": 8}","{""c01"": 0, ""c02"": 2, ""c03"": 4, ""c12"": 0, ""c13"": 0, ""c23"": 0}",True,False,54,64,"{""0"": 16, ""1"": 16, ""2"": 4, ""3"": 32}","[[0, 1, 1, 0], [1, 2, 1, 4], [2, 2, 1, 0], [1, 1, 1, 1]]",True
243,9,"{""c01"": 2, ""c02"": 0, ""c03"": 12, ""c12"": 2, ""c13"": 12, ""c23"": 8}","{""c01"": 2, ""c02"": 2, ""c03"": 0, ""c12"": 0, ""c13"": 0, ""c23"": 0}",True,False,66,84,"{""0"": 16, ""1"": 16, ""2"": 4, ""3"": 32}","[[0, 1, 1, 0], [1, 0, 1, 0], [2, 2, 1, 0], [3, 1, 0, 1]]",True
244,9,"{""c01"": 2, ""c02"": 0, ""c03"": 12, ""c12"": 2, ""c13"": 12, ""c23"": 8}","{""c01"": 0, ""c02"": 0, ""c03"": 0, ""c12"": 2, ""c13"": 4, ""c23"": 8}",True,False,24,38,"{""0"": 16, ""1"": 16, ""2"": 4, ""3"": 32}","[[0, 1, 1, 4], [1, 2, 1, 0], [0, 0, 1, 0], [1, 3, 1, 1]]",True
245,9,"{""c01"": 2, ""c02"": 0, ""c03"": 12, ""c12"": 2, ""c13"": 12, ""c23"": 8}","{""c01"": 2, ""c02"": 2, ""c03"": 8, ""c12"": 0, ""c13"": 8, ""c23"": 8}",True,False,72,92,"{""0"": 16, ""1"": 16, ""2"": 4, ""3"": 32}","[[0, 1, 1, 0], [1, 0, 1, 0], [2, 2, 1, 0], [3, 3, 1, 3]]",True
246,9,"{""c01"": 2, ""c02"": 0, ""c03"": 12, ""c12"": 2, ""c13"": 12, ""c23"": 8}","{""c01"": 0, ""c02"": 0, ""c03"": 0, ""c12"": 2, ""c13"": 12, ""c23"": 0}",True,False,22,36,"{""0"": 16, ""1"": 16, ""2"": 4, ""3"": 32}","[[0, 1, 1, 4], [1, 2, 1, 0], [0, 0, 1, 0], [1, 3, 0, 11]]",True
247,9,"{""c01"": 2, ""c02"": 0, ""c03"": 12, ""c12"": 2, ""c13"": 12, ""c23"": 8}","{""c01"": 2, ""c02"": 2, ""c03"": 4, ""c12"": 0, ""c13"": 12, ""c23"": 0}",True,False,44,48,"{""0"": 16, ""1"": 16, ""2"": 4, ""3"": 32}","[[0, 1, 1, 0], [1, 0, 1, 0], [2, 2, 1, 0], [0, 0, 1, 3]]",True
248,10,"{""c01"": 0, ""c02"": 0, ""c03"": 8, ""c12"": 0, ""c13"": 12, ""c23"": 8}","{""c01"": 2, ""c02"": 0, ""c03"": 0, ""c12"": 0, ""c13"": 8, ""c23"": 8}",True,False,33,49,"{""0"": 16, ""1"": 16, ""2"": 4, ""3"": 32}","[[1, 0, 0, 0], [2, 1, 0, 4], [0, 0, 1, 0], [2, 0, 0, 9]]",True
249,10,"{""c01"": 0, ""c02"": 0, ""c03"": 8, ""c12"": 0, ""c13"": 12, ""c23"": 8}","{""c01"": 0, ""c02"": 0, ""c03"": 12, ""c12"": 0, ""c13"": 0, ""c23"": 8}",True,False,16,22,"{""0"": 16, ""1"": 16, ""2"": 4, ""3"": 32}","[[1, 0, 0, 0], [0, 1, 0, 0], [0, 0, 1, 0], [1, 1, 0, 3]]",True
250,10,"{""c01"": 0, ""c02"": 0, ""c03"": 8, ""c12"": 0, ""c13"": 12, ""c23"": 8}","{""c01"": 2, ""c02"": 2, ""c03"": 8, ""c12"": 2, ""c13"": 8, ""c23"": 8}",True,False,16,22,"{""0"": 16, ""1"": 16, ""2"": 4, ""3"": 32}","[[0, 1, 1, 4], [1, 0, 1, 0], [0, 0, 1, 0], [1, 1, 0, 1]]",True
251,10,"{""c01"": 0, ""c02"": 0, ""c03"": 8, ""c12"": 0, ""c13"": 12, ""c23"": 8}","{""c01"": 2, ""c02"": 2, ""c03"": 4, ""c12"": 2, ""c13"": 12, ""c23"": 8}",True,False,8,10,"{""0"": 16, ""1"": 16, ""2"": 4, ""3"": 32}","[[0, 1, 1, 4], [1, 0, 1, 0], [0, 0, 1, 0], [0, 0, 0, 1]]",True
252,10,"{""c01"": 0, ""c02"": 0, ""c03"": 8, ""c12"": 0, ""c13"": 12, ""c23"": 8}","{""c01"": 0, ""c02"": 0, ""c03"": 12, ""c12"": 0, ""c13"": 8, ""c23"": 0}",True,False,23,33,"{""0"": 16, ""1"": 16, ""2"": 4, ""3"": 32}","[[1, 0, 0, 0], [0, 1, 0, 0], [0, 0, 1, 0], [1, 3, 1, 15]]",True
253,10,"{""c01"": 0, ""c02"": 0, ""c03"": 8, ""c12"": 0, ""c13"": 12, ""c23"": 8}","{""c01"": 2, ""c02"": 0, ""c03"": 4, ""c12"": 0, ""c13"": 4, ""c23"": 0}",True,False,27,38,"{""0"": 16, ""1"": 16, ""2"": 4, ""3"": 32}","[[1, 0, 0, 0], [2, 1, 0, 4], [0, 0, 1, 0], [1, 1, 1, 11]]",True
254,10,"{""c01"": 0, ""c02"": 0, ""c03"": 8, ""c12"": 0, ""c13"": 12, ""c23"": 8}","{""c01"": 2, ""c02"": 2, ""c03"": 12, ""c12"": 2, ""c13"": 4, ""c23"": 0}",True,False,11,15,"{""0"": 16, ""1"": 16, ""2"": 4, ""3"": 32}","[[0, 1, 1, 4], [1, 0, 1, 0], [0, 0, 1, 0], [0, 0, 1, 13]]",True
255,10,"{""c01"": 0, ""c02"": 0, ""c03"": 8, ""c12"": 0, ""c13"": 12, ""c23"": 8}","{""c01"": 0, ""c02"": 0, ""c03"": 8, ""c12"": 0, ""c13"": 4, ""c23"": 0}",True,False,10,12,"{""0"": 16, ""1"": 16, ""2"": 4, ""3"": 32}","[[1, 0, 0, 0], [0, 1, 0, 0], [0, 0, 1, 0], [0, 0, 1, 3]]",True
256,10,"{""c01"": 0, ""c02"": 0, ""c03"": 8, ""c12"": 0, ""c13"": 12, ""c23"": 8}","{""c01"": 0, ""c02"": 0, ""c03"": 0, ""c12"": 0, ""c13"": 12, ""c23"": 8}",True,False,25,37,"{""0"": 16, ""1"": 16, ""2"": 4, ""3"": 32}","[[1, 0, 0, 0], [0, 1, 0, 0], [0, 0, 1, 0], [2, 0, 0, 9]]",True
257,10,"{""c01"": 0, ""c02"": 0, ""c03"": 8, ""c12"": 0, ""c13"": 12, ""c23"": 8}","{""c01"": 0, ""c02"": 0, ""c03"": 4, ""c12"": 0, ""c13"": 8, ""c23"": 8}",True,False,21,31,"{""0"": 16, ""1"": 16, ""2"": 4, ""3"": 32}","[[1, 0, 0, 0], [0, 1, 0, 0], [0, 0, 1, 0], [1, 3, 0, 5]]",True
258,10,"{""c01"": 0, ""c02"": 0, ""c03"": 8, ""c12"": 0, ""c13"": 12, ""c23"": 8}","{""c01"": 0, ""c02"": 2, ""c03"": 8, ""c12"": 2, ""c13"": 12, ""c23"": 8}",True,False,10,14,"{""0"": 16, ""1"": 16, ""2"": 4, ""3"": 32}","[[0, 1, 1, 4], [1, 2, 1, 4], [0, 0, 1, 0], [0, 0, 0, 1]]",True
259,10,"{""c01"": 0, ""c02"": 0, ""c03"": 8, ""c12"": 0, ""c13"": 12, ""c23"": 8}","{""c01"": 0, ""c02"": 2, ""c03"": 12, ""c12"": 2, ""c13"": 8, ""c23"": 0}",True,False,20,28,"{""0"": 16, ""1"": 16, ""2"": 4, ""3"": 32}","[[0, 1, 1, 4], [1, 2, 1, 4], [0, 0, 1, 0], [1, 1, 1, 9]]",True
260,10,"{""c01"": 0, ""c02"": 0, ""c03"": 8, ""c12"": 0, ""c13"": 12, ""c23"": 8}","{""c01"": 2, ""c02"": 2, ""c03"": 0, ""c12"": 2, ""c13"": 8, ""c23"": 8}",True,False,33,50,"{""0"": 16, ""1"": 16, ""2"": 4, ""3"": 32}","[[0, 1, 1, 4], [1, 0, 1, 0], [0, 0, 1, 0], [3, 1, 0, 9]]",True
261,10,"{""c01"": 0, ""c02"": 0, ""c03"": 8, ""c12"": 0, ""c13"": 12, ""c23"": 8}","{""c01"": 0, ""c02"": 2, ""c03"": 0, ""c12"": 2, ""c13"": 12, ""c23"": 8}",True,False,11,17,"{""0"": 16, ""1"": 16, ""2"": 4, ""3"": 32}","[[0, 1, 1, 4], [1, 2, 1, 4], [0, 0, 1, 0], [0, 0, 0, 15]]",True
262,10,"{""c01"": 0, ""c02"": 0, ""c03"": 8, ""c12"": 0, ""c13"": 12, ""c23"": 8}","{""c01"": 2, ""c02"": 2, ""c03"": 8, ""c12"": 2, ""c13"": 0, ""c23"": 0}",True,False,34,50,"{""0"": 16, ""1"": 16, ""2"": 4, ""3"": 32}","[[0, 1, 1, 4], [1, 0, 1, 0], [0, 0, 1, 0], [3, 1, 1, 5]]",True
263,10,"{""c01"": 0, ""c02"": 0, ""c03"": 8, ""c12"": 0, ""c13"": 12, ""c23"": 8}","{""c01"": 0, ""c02"": 2, ""c03"": 4, ""c12"": 2, ""c13"": 8, ""c23"": 8}",True,False,18,26,"{""0"": 16, ""1"": 16, ""2"": 4, ""3"": 32}","[[0, 1, 1, 4], [1, 2, 1, 4], [0, 0, 1, 0], [1, 1, 0, 3]]",True
264,10,"{""c01"": 0, ""c02"": 0, ""c03"": 8, ""c12"": 0, ""c13"": 12, ""c23"": 8}","{""c01"": 0, ""c02"": 2, ""c03"": 12, ""c12"": 2, ""c13"": 0, ""c23"": 8}",True,False,35,54,"{""0"": 16, ""1"": 16, ""2"": 4, ""3"": 32}","[[0, 1, 1, 4], [1, 2, 1, 4], [0, 0, 1, 0], [3, 1, 0, 13]]",True
265,10,"{""c01"": 0, ""c02"": 0, ""c03"": 8, ""c12"": 0, ""c13"": 12, ""c23"": 8}","{""c01"": 2, ""c02"": 0, ""c03"": 12, ""c12"": 0, ""c13"": 12, ""c23"": 8}",True,False,28,41,"{""0"": 16, ""1"": 16, ""2"": 4, ""3"": 32}","[[1, 0, 0, 0], [2, 1, 0, 4], [0, 0, 1, 0], [1, 3, 0, 1]]",True
266,10,"{""c01"": 0, ""c02"": 0, ""c03"": 8, ""c12"": 0, ""c13"": 12, ""c23"": 8}","{""c01"": 2, ""c02"": 0, ""c03"": 8, ""c12"": 0, ""c13"": 8, ""c23"": 8}",True,False,16,22,"{""0"": 16, ""1"": 16, ""2"": 4, ""3"": 32}","[[1, 0, 0, 0], [2, 1, 0, 4], [0, 0, 1, 0], [0, 0, 0, 1]]",True
267,10,"{""c01"": 0, ""c02"": 0, ""c03"": 8, ""c12"": 0, ""c13"": 12, ""c23"": 8}","{""c01"": 0, ""c02"": 0, ""c03"": 4, ""c12"": 0, ""c13"": 0, ""c23"": 0}",True,False,18,24,"{""0"": 16, ""1"": 16, ""2"": 4, ""3"": 32}","[[1, 0, 0, 0], [0, 1, 0, 0], [0, 0, 1, 0], [1, 1, 1, 9]]",True
268,10,"{""c01"": 0, ""c02"": 0, ""c03"": 8, ""c12"": 0, ""c13"": 12, ""c23"": 8}","{""c01"": 2, ""c02"": 0, ""c03"": 0, ""c12"": 0, ""c13"": 0, ""c23"": 0}",True,False,35,51,"{""0"": 16, ""1"": 16, ""2"": 4, ""3"": 32}","[[1, 0, 0, 0], [2, 1, 0, 4], [0, 0, 1, 0], [2, 0, 1, 11]]",True
269,10,"{""c01"": 0, ""c02"": 0, ""c03"": 8, ""c12"": 0, ""c13"": 12, ""c23"": 8}","{""c01"": 2, ""c02"": 2, ""c03"": 4, ""c12"": 2, ""c13"": 4, ""c23"": 0}",True,False,10,12,"{""0"": 16, ""1"": 16, ""2"": 4, ""3"": 32}","[[0, 1, 1, 4], [1, 0, 1, 0], [0, 0, 1, 0], [0, 0, 1, 3]]",True
270,10,"{""c01"": 0, ""c02"": 0, ""c03"": 8, ""c12"": 0, ""c13"": 12, ""c23"": 8}","{""c01"": 0, ""c02"": 0, ""c03"": 0, ""c12"": 0, ""c13"": 4, ""c23"": 0}",True,False,27,39,"{""0"": 16, ""1"": 16, ""2"": 4, ""3"": 32}","[[1, 0, 0, 0], [0, 1, 0, 0], [0, 0, 1, 0], [2, 0, 1, 11]]",True
271,10,"{""c01"": 0, ""c02"": 0, ""c03"": 8, ""c12"": 0, ""c13"": 12, ""c23"": 8}","{""c01"": 0, ""c02"": 2, ""c03"": 8, ""c12"": 2, ""c13"": 4, ""c23"": 0}",True,False,12,16,"{""0"": 16, ""1"": 16, ""2"": 4, ""3"": 32}","[[0, 1, 1, 4], [1, 2, 1, 4], [0, 0, 1, 0], [0, 0, 1, 3]]",True
272,10,"{""c01"": 0, ""c02"": 0, ""c03"": 8, ""c12"": 0, ""c13"": 12, ""c23"": 8}","{""c01"": 2, ""c02"": 0, ""c03"": 4, ""c12"": 0, ""c13"": 12, ""c23"": 0}",True,False,31,45,"{""0"": 16, ""1"": 16, ""2"": 4, ""3"": 32}","[[1, 0, 0, 0], [2, 1, 0, 4], [0, 0, 1, 0], [1, 3, 1, 11]]",True
273,10,"{""c01"": 0, ""c02"": 0, ""c03"": 8, ""c12"": 0, ""c13"": 12, ""c23"": 8}","{""c01"": 2, ""c02"": 2, ""c03"": 12, ""c12"": 2, ""c13"": 12, ""c23"": 0}",True,False,15,21,"{""0"": 16, ""1"": 16, ""2"": 4, ""3"": 32}","[[0, 1, 1, 4], [1, 0, 1, 0], [0, 0, 1, 0], [0, 2, 1, 13]]",True
274,10,"{""c01"": 0, ""c02"": 0, ""c03"": 8, ""c12"": 0, ""c13"": 12, ""c23"": 8}","{""c01"": 2, ""c02"": 0, ""c03"": 12, ""c12"": 0, ""c13"": 4, ""c23"": 0}",True,False,27,38,"{""0"": 16, ""1"": 16, ""2"": 4, ""3"": 32}","[[1, 0, 0, 0], [2, 1, 0, 4], [0, 0, 1, 0], [1, 1, 1, 13]]",True
275,10,"{""c01"": 0, ""c02"": 0, ""c03"": 8, ""c12"": 0, ""c13"": 12, ""c23"": 8}","{""c01"": 0, ""c02"": 0, ""c03"": 12, ""c12"": 0, ""c13"": 8, ""c23"": 8}",True,False,20,29,"{""0"": 16, ""1"": 16, ""2"": 4, ""3"": 32}","[[1, 0, 0, 0], [0, 1, 0, 0], [0, 0, 1, 0], [1, 3, 0, 11]]",True
276,10,"{""c01"": 0, ""c02"": 0, ""c03"": 8, ""c12"": 0, ""c13"": 12, ""c23"": 8}","{""c01"": 2, ""c02"": 0, ""c03"": 4, ""c12"": 0, ""c13"": 4, ""c23"": 8}",True,False,24,34,"{""0"": 16, ""1"": 16, ""2"": 4, ""3"": 32}","[[1, 0, 0, 0], [2, 1, 0, 4], [0, 0, 1, 0], [1, 1, 0, 7]]",True
277,10,"{""c01"": 0, ""c02"": 0, ""c03"": 8, ""c12"": 0, ""c13"": 12, ""c23"": 8}","{""c01"": 2, ""c02"": 0, ""c03"": 8, ""c12"": 0, ""c13"": 0, ""c23"": 0}",True,False,18,24,"{""0"": 16, ""1"": 16, ""2"": 4, ""3"": 32}","[[1, 0, 0, 0], [2, 1, 0, 4], [0, 0, 1, 0], [0, 0, 1, 3]]",True
278,10,"{""c01"": 0, ""c02"": 0, ""c03"": 8, ""c12"": 0, ""c13"": 12, ""c23"": 8}","{""c01"": 0, ""c02"": 0, ""c03"": 8, ""c12"": 0, ""c13"": 4, ""c23"": 8}",True,False,9,13,"{""0"": 16, ""1"": 16, ""2"": 4, ""3"": 32}","[[1, 0, 0, 0], [0, 1, 0, 0], [0, 0, 1, 0], [0, 0, 0, 15]]",True
279,10,"{""c01"": 0, ""c02"": 0, ""c03"": 8, ""c12"": 0, ""c13"": 12, ""c23"": 8}","{""c01"": 2, ""c02"": 2, ""c03"": 8, ""c12"": 2, ""c13"": 0, ""c23"": 8}",True,False,16,22,"{""0"": 16, ""1"": 16, ""2"": 4, ""3"": 32}","[[0, 1, 1, 4], [1, 0, 1, 0], [0, 0, 1, 0], [1, 1, 0, 7]]",True
280,10,"{""c01"": 0, ""c02"": 0, ""c03"": 8, ""c12"": 0, ""c13"": 12, ""c23"": 8}","{""c01"": 2, ""c02"": 2, ""c03"": 12, ""c12"": 2, ""c13"": 4, ""c23"": 8}",True,False,13,19,"{""0"": 16, ""1"": 16, ""2"": 4, ""3"": 32}","[[0, 1, 1, 4], [1, 0, 1, 0], [0, 0, 1, 0], [0, 2, 0, 15]]",True
281,10,"{""c01"": 0, ""c02"": 0, ""c03"": 8, ""c12"": 0, ""c13"": 12, ""c23"": 8}","{""c01"": 0, ""c02"": 2, ""c03"": 4, ""c12"": 2, ""c13"": 0, ""c23"": 0}",True,False,37,56,"{""0"": 16, ""1"": 16, ""2"": 4, ""3"": 32}","[[0, 1, 1, 4], [1, 2, 1, 4], [0, 0, 1, 0], [3, 1, 1, 7]]",True
282,10,"{""c01"": 0, ""c02"": 0, ""c03"": 8, ""c12"": 0, ""c13"": 12, ""c23"": 8}","{""c01"": 0, ""c02"": 2, ""c03"": 0, ""c12"": 2, ""c13"": 4, ""c23"": 0}",True,False,13,19,"{""0"": 16, ""1"": 16, ""2"": 4, ""3"": 32}","[[0, 1, 1, 4], [1, 2, 1, 4], [0, 0, 1, 0], [0, 0, 1, 13]]",True
283,10,"{""c01"": 0, ""c02"": 0, ""c03"": 8, ""c12"": 0, ""c13"": 12, ""c23"": 8}","{""c01"": 0, ""c02"": 0, ""c03"": 8, ""c12"": 0, ""c13"": 12, ""c23"": 0}",True,False,11,15,"{""0"": 16, ""1"": 16, ""2"": 4, ""3"": 32}","[[1, 0, 0, 0], [0, 1, 0, 0], [0, 0, 1, 0], [0, 0, 1, 13]]",True
284,10,"{""c01"": 0, ""c02"": 0, ""c03"": 8, ""c12"": 0, ""c13"": 12, ""c23"": 8}","{""c01"": 2, ""c02"": 2, ""c03"": 0, ""c12"": 2, ""c13"": 0, ""c23"": 0}",True,False,19,26,"{""0"": 16, ""1"": 16, ""2"": 4, ""3"": 32}","[[0, 1, 1, 4], [1, 0, 1, 0], [0, 0, 1, 0], [1, 1, 1, 13]]",True
285,10,"{""c01"": 0, ""c02"": 0, ""c03"": 8, ""c12"": 0, ""c13"": 12, ""c23"": 8}","{""c01"": 0, ""c02"": 2, ""c03"": 12, ""c12"": 2, ""c13"": 8, ""c23"": 8}",True,False,34,52,"{""0"": 16, ""1"": 16, ""2"": 4, ""3"": 32}","[[0, 1, 1, 4], [1, 2, 1, 4], [0, 0, 1, 0], [3, 1, 0, 3]]",True
286,10,"{""c01"": 0, ""c02"": 0, ""c03"": 8, ""c12"": 0, ""c13"": 12, ""c23"": 8}","{""c01"": 2, ""c02"": 0, ""c03"": 8, ""c12"": 0, ""c13"": 8, ""c23"": 0}",True,False,19,27,"{""0"": 16, ""1"": 16, ""2"": 4, ""3"": 32}","[[1, 0, 0, 0], [2, 1, 0, 4], [0, 0, 1, 0], [0, 0, 1, 13]]",True
287,10,"{""c01"": 0, ""c02"": 0, ""c03"": 8, ""c12"": 0, ""c13"": 12, ""c23"": 8}","{""c01"": 2, ""c02"": 2, ""c03"": 8, ""c12"": 2, ""c13"": 8, ""c23"": 0}",True,False,34,50,"{""0"": 16, ""1"": 16, ""2"": 4, ""3"": 32}","[[0, 1, 1, 4], [1, 0, 1, 0], [0, 0, 1, 0], [3, 1, 1, 3]]",True
288,10,"{""c01"": 0, ""c02"": 0, ""c03"": 8, ""c12"": 0, ""c13"": 12, ""c23"": 8}","{""c01"": 2, ""c02"": 2, ""c03"": 4, ""c12"": 2, ""c13"": 12, ""c23"": 0}",True,False,14,18,"{""0"": 16, ""1"": 16, ""2"": 4, ""3"": 32}","[[0, 1, 1, 4], [1, 0, 1, 0], [0, 0, 1, 0], [0, 2, 1, 3]]",True
289,10,"{""c01"": 0, ""c02"": 0, ""c03"": 8, ""c12"": 0, ""c13"": 12, ""c23"": 8}","{""c01"": 2, ""c02"": 0, ""c03"": 0, ""c12"": 0, ""c13"": 8, ""c23"": 0}",True,False,34,48,"{""0"": 16, ""1"": 16, ""2"": 4, ""3"": 32}","[[1, 0, 0, 0], [2, 1, 0, 4], [0, 0, 1, 0], [2, 0, 1, 5]]",True
290,10,"{""c01"": 0, ""c02"": 0, ""c03"": 8, ""c12"": 0, ""c13"": 12, ""c23"": 8}","{""c01"": 0, ""c02"": 0, ""c03"": 12, ""c12"": 0, ""c13"": 0, ""c23"": 0}",True,False,19,26,"{""0"": 16, ""1"": 16, ""2"": 4, ""3"": 32}","[[1, 0, 0, 0], [0, 1, 0, 0], [0, 0, 1, 0], [1, 1, 1, 7]]",True
291,10,"{""c01"": 0, ""c02"": 0, ""c03"": 8, ""c12"": 0, ""c13"": 12, ""c23"": 8}","{""c01"": 0, ""c02"": 0, ""c03"": 0, ""c12"": 0, ""c13"": 4, ""c23"": 8}",True,False,24,34,"{""0"": 16, ""1"": 16, ""2"": 4, ""3"": 32}","[[1, 0, 0, 0], [0, 1, 0, 0], [0, 0, 1, 0], [2, 0, 0, 7]]",True
292,10,"{""c01"": 0, ""c02"": 0, ""c03"": 8, ""c12"": 0, ""c13"": 12, ""c23"": 8}","{""c01"": 0, ""c02"": 0, ""c03"": 4, ""c12"": 0, ""c13"": 0, ""c23"": 8}",True,False,17,24,"{""0"": 16, ""1"": 16, ""2"": 4, ""3"": 32}","[[1, 0, 0, 0], [0, 1, 0, 0], [0, 0, 1, 0], [1, 1, 0, 13]]",True
293,10,"{""c01"": 0, ""c02"": 0, ""c03"": 8, ""c12"": 0, ""c13"": 12, ""c23"": 8}","{""c01"": 0, ""c02"": 2, ""c03"": 8, ""c12"": 2, ""c13"": 4, ""c23"": 8}",True,False,14,20,"{""0"": 16, ""1"": 16, ""2"": 4, ""3"": 32}","[[0, 1, 1, 4], [1, 2, 1, 4], [0, 0, 1, 0], [0, 2, 0, 1]]",True
294,10,"{""c01"": 0, ""c02"": 0, ""c03"": 8, ""c12"": 0, ""c13"": 12, ""c23"": 8}","{""c01"": 2, ""c02"": 0, ""c03"": 0, ""c12"": 0, ""c13"": 0, ""c23"": 8}",True,False,32,46,"{""0"": 16, ""1"": 16, ""2"": 4, ""3"": 32}","[[1, 0, 0, 0], [2, 1, 0, 4], [0, 0, 1, 0], [2, 0, 0, 7]]",True
295,10,"{""c01"": 0, ""c02"": 0, ""c03"": 8, ""c12"": 0, ""c13"": 12, ""c23"": 8}","{""c01"": 2, ""c02"": 2, ""c03"": 4, ""c12"": 2, ""c13"": 4, ""c23"": 8}",True,False,12,16,"{""0"": 16, ""1"": 16, ""2"": 4, ""3"": 32}","[[0, 1, 1, 4], [1, 0, 1, 0], [0, 0, 1, 0], [0, 2, 0, 1]]",True
296,10,"{""c01"": 0, ""c02"": 0, ""c03"": 8, ""c12"": 0, ""c13"": 12, ""c23"": 8}","{""c01"": 0, ""c02"": 0, ""c03"": 4, ""c12"": 0, ""c13"": 8, ""c23"": 0}",True,False,22,31,"{""0"": 16, ""1"": 16, ""2"": 4, ""3"": 32}","[[1, 0, 0, 0], [0, 1, 0, 0], [0, 0, 1, 0], [1, 3, 1, 1]]",True
297,10,"{""c01"": 0, ""c02"": 0, ""c03"": 8, ""c12"": 0, ""c13"": 12, ""c23"": 8}","{""c01"": 0, ""c02"": 2, ""c03"": 0, ""c12"": 2, ""c13"": 12, ""c23"": 0}",True,False,17,25,"{""0"": 16, ""1"": 16, ""2"": 4, ""3"": 32}","[[0, 1, 1, 4], [1, 2, 1, 4], [0, 0, 1, 0], [0, 2, 1, 13]]",True
298,10,"{""c01"": 0, ""c02"": 0, ""c03"": 8, ""c12"": 0, ""c13"": 12, ""c23"": 8}","{""c01"": 2, ""c02"": 0, ""c03"": 4, ""c12"": 0, ""c13"": 12, ""c23"": 8}",True,False,28,41,"{""0"": 16, ""1"": 16, ""2"": 4, ""3"": 32}","[[1, 0, 0, 0], [2, 1, 0, 4], [0, 0, 1, 0], [1, 3, 0, 7]]",True
299,10,"{""c01"": 0, ""c02"": 0, ""c03"": 8, ""c12"": 0, ""c13"": 12, ""c23"": 8}","{""c01"": 0, ""c02"": 0, ""c03"": 0, ""c12"": 0, ""c13"": 12, ""c23"": 0}",True,False,26,36,"{""0"": 16, ""1"": 16, ""2"": 4, ""3"": 32}","[[1, 0, 0, 0], [0, 1, 0, 0], [0, 0, 1, 0], [2, 0, 1, 5]]",True
300,10,"{""c01"": 0, ""c02"": 0, ""c03"": 8, ""c12"": 0, ""c13"": 12, ""c23"": 8}","{""c01"": 0, ""c02"": 2, ""c03"": 8, ""c12"": 2, ""c13"": 12, ""c23"": 0}",True,False,16,22,"{""0"": 16, ""1"": 16, ""2"": 4, ""3"": 32}","[[0, 1, 1, 4], [1, 2, 1, 4], [0, 0, 1, 0], [0, 2, 1, 3]]",True
301,10,"{""c01"": 0, ""c02"": 0, ""c03"": 8, ""c12"": 0, ""c13"": 12, ""c23"": 8}","{""c01"": 2, ""c02"": 0, ""c03"": 12, ""c12"": 0, ""c13"": 4, ""c23"": 8}",True,False,24,34,"{""0"": 16, ""1"": 16, ""2"": 4, ""3"": 32}","[[1, 0, 0, 0], [2, 1, 0, 4], [0, 0, 1, 0], [1, 1, 0, 1]]",True
302,10,"{""c01"": 0, ""c02"": 0, ""c03"": 8, ""c12"": 0, ""c13"": 12, ""c23"": 8}","{""c01"": 2, ""c02"": 2, ""c03"": 12, ""c12"": 2, ""c13"": 12, ""c23"": 8}",True,False,9,13,"{""0"": 16, ""1"": 16, ""2"": 4, ""3"": 32}","[[0, 1, 1, 4], [1, 0, 1, 0], [0, 0, 1, 0], [0, 0, 0, 15]]",True
303,10,"{""c01"": 0, ""c02"": 0, ""c03"": 8, ""c12"": 0, ""c13"": 12, ""c23"": 8}","{""c01"": 0, ""c02"": 2, ""c03"": 4, ""c12"": 2, ""c13"": 8, ""c23"": 0}",True,False,36,54,"{""0"": 16, ""1"": 16, ""2"": 4, ""3"": 32}","[[0, 1, 1, 4], [1, 2, 1, 4], [0, 0, 1, 0], [3, 1, 1, 9]]",True
304,10,"{""c01"": 0, ""c02"": 0, ""c03"": 8, ""c12"": 0, ""c13"": 12, ""c23"": 8}","{""c01"": 2, ""c02"": 0, ""c03"": 8, ""c12"": 0, ""c13"": 0, ""c23"": 8}",True,False,17,25,"{""0"": 16, ""1"": 16, ""2"": 4, ""3"": 32}","[[1, 0, 0, 0], [2, 1, 0, 4], [0, 0, 1, 0], [0, 0, 0, 15]]",True
305,10,"{""c01"": 0, ""c02"": 0, ""c03"": 8, ""c12"": 0, ""c13"": 12, ""c23"": 8}","{""c01"": 2, ""c02"": 2, ""c03"": 0, ""c12"": 2, ""c13"": 8, ""c23"": 0}",True,False,19,26,"{""0"": 16, ""1"": 16, ""2"": 4, ""3"": 32}","[[0, 1, 1, 4], [1, 0, 1, 0], [0, 0, 1, 0], [1, 1, 1, 11]]",True
306,10,"{""c01"": 0, ""c02"": 0, ""c03"": 8, ""c12"": 0, ""c13"": 12, ""c23"": 8}","{""c01"": 0, ""c02"": 2, ""c03"": 12, ""c12"": 2, ""c13"": 0, ""c23"": 0}",True,False,21,30,"{""0"": 16, ""1"": 16, ""2"": 4, ""3"": 32}","[[0, 1, 1, 4], [1, 2, 1, 4], [0, 0, 1, 0], [1, 1, 1, 7]]",True
307,10,"{""c01"": 0, ""c02"": 0, ""c03"": 8, ""c12"": 0, ""c13"": 12, ""c23"": 8}","{""c01"": 2, ""c02"": 0, ""c03"": 12, ""c12"": 0, ""c13"": 12, ""c23"": 0}",True,False,31,45,"{""0"": 16, ""1"": 16, ""2"": 4, ""3"": 32}","[[1, 0, 0, 0], [2, 1, 0, 4], [0, 0, 1, 0], [1, 3, 1, 13]]",True
308,10,"{""c01"": 0, ""c02"": 0, ""c03"": 8, ""c12"": 0, ""c13"": 12, ""c23"": 8}","{""c01"": 2, ""c02"": 2, ""c03"": 0, ""c12"": 2, ""c13"": 0, ""c23"": 8}",True,False,33,50,"{""0"": 16, ""1"": 16, ""2"": 4, ""3"": 32}","[[0, 1, 1, 4], [1, 0, 1, 0], [0, 0, 1, 0], [3, 1, 0, 15]]",True
309,10,"{""c01"": 0, ""c02"": 0, ""c03"": 8, ""c12"": 0, ""c13"": 12, ""c23"": 8}","{""c01"": 0, ""c02"": 2, ""c03"": 0, ""c12"": 2, ""c13"": 4, ""c23"": 8}",True,False,15,23,"{""0"": 16, ""1"": 16, ""2"": 4, ""3"": 32}","[[0, 1, 1, 4], [1, 2, 1, 4], [0, 0, 1, 0], [0, 2, 0, 15]]",True
310,10,"{""c01"": 0, ""c02"": 0, ""c03"": 8, ""c12"": 0, ""c13"": 12, ""c23"": 8}","{""c01"": 0, ""c02"": 2, ""c03"": 4, ""c12"": 2, ""c13"": 0, ""c23"": 8}",True,False,19,28,"{""0"": 16, ""1"": 16, ""2"": 4, ""3"": 32}","[[0, 1, 1, 4], [1, 2, 1, 4], [0, 0, 1, 0], [1, 1, 0, 13]]",True
311,11,"{""c01"": 1, ""c02"": 0, ""c03"": 12, ""c12"": 2, ""c13"": 4, ""c23"": 0}","{""c01"": 1, ""c02"": 0, ""c03"": 4, ""c12"": 2, ""c13"": 12, ""c23"": 8}",True,False,1132,1736,"{""0"": 16, ""1"": 16, ""2"": 4, ""3"": 32}","[[1, 0, 0, 0], [0, 1, 0, 8], [0, 0, 1, 0], [0, 0, 1, 11]]",True
312,11,"{""c01"": 1, ""c02"": 0, ""c03"": 12, ""c12"": 2, ""c13"": 4, ""c23"": 0}","{""c01"": 1, ""c02"": 2, ""c03"": 4, ""c12"": 0, ""c13"": 0, ""c23"": 0}",False,True,68,64,"{""0"": 16, ""1"": 16, ""2"": 4, ""3"": 32}",[],
313,11,"{""c01"": 1, ""c02"": 0, ""c03"": 12, ""c12"": 2, ""c13"": 4, ""c23"": 0}","{""c01"": 1, ""c02"": 0, ""c03"": 0, ""c12"": 2, ""c13"": 8, ""c23"": 8}",True,False,108,188,"{""0"": 16, ""1"": 16, ""2"": 4, ""3"": 32}","[[0, 1, 1, 4], [1, 0, 1, 12], [0, 0, 1, 0], [0, 0, 1, 11]]",True
314,11,"{""c01"": 1, ""c02"": 0, ""c03"": 12, ""c12"": 2, ""c13"": 4, ""c23"": 0}","{""c01"": 1, ""c02"": 0, ""c03"": 4, ""c12"": 2, ""c13"": 4, ""c23"": 0}",True,False,1130,1734,"{""0"": 16, ""1"": 16, ""2"": 4, ""3"": 32}","[[1, 0, 0, 0], [0, 1, 0, 8], [0, 0, 1, 0], [0, 0, 0, 15]]",True
315,11,"{""c01"": 1, ""c02"": 0, ""c03"": 12, ""c12"": 2, ""c13"": 4, ""c23"": 0}","{""c01"": 1, ""c02"": 2, ""c03"": 12, ""c12"": 0, ""c13"": 0, ""c23"": 0}",False,True,68,64,"{""0"": 16, ""1"": 16, ""2"": 4, ""3"": 32}",[],
316,11,"{""c01"": 1, ""c02"": 0, ""c03"": 12, ""c12"": 2, ""c13"": 4, ""c23"": 0}","{""c01"": 3, ""c02"": 0, ""c03"": 4, ""c12"": 2, ""c13"": 4, ""c23"": 8}",True,False,1134,1740,"{""0"": 16, ""1"": 16, ""2"": 4, ""3"": 32}","[[1, 0, 0, 0], [0, 3, 0, 8], [0, 0, 1, 0], [0, 0, 1, 11]]",True
317,11,"{""c01"": 1, ""c02"": 0, ""c03"": 12, ""c12"": 2, ""c13"": 4, ""c23"": 0}","{""c01"": 1, ""c02"": 0, ""c03"": 8, ""c12"": 2, ""c13"": 0, ""c23"": 8}",True,False,107,186,"{""0"": 16, ""1"": 16, ""2"": 4, ""3"": 32}","[[0, 1, 1, 4], [1, 0, 1, 12], [0, 0, 1, 0], [0, 0, 1, 5]]",True
318,11,"{""c01"": 1, ""c02"": 0, ""c03"": 12, ""c12"": 2, ""c13"": 4, ""c23"": 0}","{""c01"": 1, ""c02"": 2, ""c03"": 0, ""c12"": 0, ""c13"": 4, ""c23"": 8}",False,True,68,64,"{""0"": 16, ""1"": 16, ""2"": 4, ""3"": 32}",[],
319,11,"{""c01"": 1, ""c02"": 0, ""c03"": 12, ""c12"": 2, ""c13"": 4, ""c23"": 0}","{""c01"": 3, ""c02"": 2, ""c03"": 4, ""c12"": 0, ""c13"": 0, ""c23"": 8}",False,True,68,64,"{""0"": 16, ""1"": 16, ""2"": 4, ""3"": 32}",[],
320,11,"{""c01"": 1, ""c02"": 0, ""c03"": 12, ""c12"": 2, ""c13"": 4, ""c23"": 0}","{""c01"": 3, ""c02"": 2, ""c03"": 12, ""c12"": 0, ""c13"": 8, ""c23"": 8}",False,True,68,64,"{""0"": 16, ""1"": 16, ""2"": 4, ""3"": 32}",[],
321,11,"{""c01"": 1, ""c02"": 0, ""c03"": 12, ""c12"": 2, ""c13"": 4, ""c23"": 0}","{""c01"": 3, ""c02"": 2, ""c03"": 4, ""c12"": 0, ""c13"": 8, ""c23"": 0}",False,True,68,64,"{""0"": 16, ""1"": 16, ""2"": 4, ""3"": 32}",[],
322,11,"{""c01"": 1, ""c02"": 0, ""c03"": 12, ""c12"": 2, ""c13"": 4, ""c23"": 0}","{""c01"": 3, ""c02"": 0, ""c03"": 4, ""c12"": 2, ""c13"": 12, ""c23"": 0}",True,False,1132,1738,"{""0"": 16, ""1"": 16, ""2"": 4, ""3"": 32}","[[1, 0, 0, 0], [0, 3, 0, 8], [0, 0, 1, 0], [0, 0, 0, 15]]",True
323,11,"{""c01"": 1, ""c02"": 0, ""c03"": 12, ""c12"": 2, ""c13"": 4, ""c23"": 0}","{""c01"": 3, ""c02"": 0, ""c03"": 12, ""c12"": 2, ""c13"": 4, ""c23"": 0}",True,False,1131,1736,"{""0"": 16, ""1"": 16, ""2"": 4, ""3"": 32}","[[1, 0, 0, 0], [0, 3, 0, 8], [0, 0, 1, 0], [0, 0, 0, 1]]",True
324,11,"{""c01"": 1, ""c02"": 0, ""c03"": 12, ""c12"": 2, ""c13"": 4, ""c23"": 0}","{""c01"": 1, ""c02"": 0, ""c03"": 8, ""c12"": 2, ""c13"": 8, ""c23"": 0}",True,False,105,184,"{""0"": 16, ""1"": 16, ""2"": 4, ""3"": 32}","[[0, 1, 1, 4], [1, 0, 1, 12], [0, 0, 1, 0], [0, 0, 0, 1]]",True
325,11,"{""c01"": 1, ""c02"": 0, ""c03"": 12, ""c12"": 2, ""c13"": 4, ""c23"": 0}","{""c01"": 3, ""c02"": 0, ""c03"": 8, ""c12"": 2, ""c13"": 0, ""c23"": 0}",True,False,75,132,"{""0"": 16, ""1"": 16, ""2"": 4, ""3"": 32}","[[0, 1, 1, 4], [1, 2, 1, 4], [0, 0, 1, 0], [0, 0, 0, 15]]",True
326,11,"{""c01"": 1, ""c02"": 0, ""c03"": 12, ""c12"": 2, ""c13"": 4, ""c23"": 0}","{""c01"": 1, ""c02"": 0, ""c03"": 0, ""c12"": 2, ""c13"": 0, ""c23"": 0}",True,False,106,186,"{""0"": 16, ""1"": 16, ""2"": 4, ""3"": 32}","[[0, 1, 1, 4], [1, 0, 1, 12], [0, 0, 1, 0], [0, 0, 0, 15]]",True
327,11,"{""c01"": 1, ""c02"": 0, ""c03"": 12, ""c12"": 2, ""c13"": 4, ""c23"": 0}","{""c01"": 3, ""c02"": 2, ""c03"": 0, ""c12"": 0, ""c13"": 12, ""c23"": 8}",False,True,68,64,"{""0"": 16, ""1"": 16, ""2"": 4, ""3"": 32}",[],
328,11,"{""c01"": 1, ""c02"": 0, ""c03"": 12, ""c12"": 2, ""c13"": 4, ""c23"": 0}","{""c01"": 1, ""c02"": 2, ""c03"": 12, ""c12"": 0, ""c13"": 8, ""c23"": 0}",False,True,68,64,"{""0"": 16, ""1"": 16, ""2"": 4, ""3"": 32}",[],
329,11,"{""c01"": 1, ""c02"": 0, ""c03"": 12, ""c12"": 2, ""c13"": 4, ""c23"": 0}","{""c01"": 3, ""c02"": 2, ""c03"": 8, ""c12"": 0, ""c13"": 12, ""c23"": 8}",False,True,68,64,"{""0"": 16, ""1"": 16, ""2"": 4, ""3"": 32}",[],
330,11,"{""c01"": 1, ""c02"": 0, ""c03"": 12, ""c12"": 2, ""c13"": 4, ""c23"": 0}","{""c01"": 1, ""c02"": 0, ""c03"": 12, ""c12"": 2, ""c13"": 12, ""c23"": 0}",True,False,1129,1732,"{""0"": 16, ""1"": 16, ""2"": 4, ""3"": 32}","[[1, 0, 0, 0], [0, 1, 0, 8], [0, 0, 1, 0], [0, 0, 0, 1]]",True
331,11,"{""c01"": 1, ""c02"": 0, ""c03"": 12, ""c12"": 2, ""c13"": 4, ""c23"": 0}","{""c01"": 1, ""c02"": 2, ""c03"": 0, ""c12"": 0, ""c13"": 12, ""c23"": 8}",False,True,68,64,"{""0"": 16, ""1"": 16, ""2"": 4, ""3"": 32}",[],
332,11,"{""c01"": 1, ""c02"": 0, ""c03"": 12, ""c12"": 2, ""c13"": 4, ""c23"": 0}","{""c01"": 3, ""c02"": 2, ""c03"": 0, ""c12"": 0, ""c13"": 4, ""c23"": 0}",False,True,68,64,"{""0"": 16, ""1"": 16, ""2"": 4, ""3"": 32}",[],
333,11,"{""c01"": 1, ""c02"": 0, ""c03"": 12, ""c12"": 2, ""c13"": 4, ""c23"": 0}","{""c01"": 1, ""c02"": 2, ""c03"": 8, ""c12"": 0, ""c13"": 12, ""c23"": 8}",False,True,68,64,"{""0"": 16, ""1"": 16, ""2"": 4, ""3"": 32}",[],
334,11,"{""c01"": 1, ""c02"": 0, ""c03"": 12, ""c12"": 2, ""c13"": 4, ""c23"": 0}","{""c01"": 3, ""c02"": 0, ""c03"": 0, ""c12"": 2, ""c13"": 8, ""c23"": 8}",True,False,110,192,"{""0"": 16, ""1"": 16, ""2"": 4, ""3"": 32}","[[0, 1, 1, 4], [1, 2, 1, 12], [0, 0, 1, 0], [0, 0, 1, 11]]",True
335,11,"{""c01"": 1, ""c02"": 0, ""c03"": 12, ""c12"": 2, ""c13"": 4, ""c23"": 0}","{""c01"": 3, ""c02"": 0, ""c03"": 0, ""c12"": 2, ""c13"": 0, ""c23"": 0}",True,False,108,190,"{""0"": 16, ""1"": 16, ""2"": 4, ""3"": 32}","[[0, 1, 1, 4], [1, 2, 1, 12], [0, 0, 1, 0], [0, 0, 0, 15]]",True
336,11,"{""c01"": 1, ""c02"": 0, ""c03"": 12, ""c12"": 2, ""c13"": 4, ""c23"": 0}","{""c01"": 1, ""c02"": 0, ""c03"": 4, ""c12"": 2, ""c13"": 4, ""c23"": 8}",True,False,1099,1678,"{""0"": 16, ""1"": 16, ""2"": 4, ""3"": 32}","[[1, 0, 0, 0], [0, 1, 0, 0], [0, 0, 1, 0], [0, 0, 1, 11]]",True
337,11,"{""c01"": 1, ""c02"": 0, ""c03"": 12, ""c12"": 2, ""c13"": 4, ""c23"": 0}","{""c01"": 1, ""c02"": 2, ""c03"": 12, ""c12"": 0, ""c13"": 0, ""c23"": 8}",False,True,68,64,"{""0"": 16, ""1"": 16, ""2"": 4, ""3"": 32}",[],
338,11,"{""c01"": 1, ""c02"": 0, ""c03"": 12, ""c12"": 2, ""c13"": 4, ""c23"": 0}","{""c01"": 3, ""c02"": 0, ""c03"": 12, ""c12"": 2, ""c13"": 12, ""c23"": 0}",True,False,1098,1678,"{""0"": 16, ""1"": 16, ""2"": 4, ""3"": 32}","[[1, 0, 0, 0], [0, 3, 0, 0], [0, 0, 1, 0], [0, 0, 0, 1]]",True
339,11,"{""c01"": 1, ""c02"": 0, ""c03"": 12, ""c12"": 2, ""c13"": 4, ""c23"": 0}","{""c01"": 1, ""c02"": 0, ""c03"": 12, ""c12"": 2, ""c13"": 4, ""c23"": 8}",True,False,1131,1734,"{""0"": 16, ""1"": 16, ""2"": 4, ""3"": 32}","[[1, 0, 0, 0], [0, 1, 0, 8], [0, 0, 1, 0], [0, 0, 1, 5]]",True
340,11,"{""c01"": 1, ""c02"": 0, ""c03"": 12, ""c12"": 2, ""c13"": 4, ""c23"": 0}","{""c01"": 1, ""c02"": 2, ""c03"": 4, ""c12"": 0, ""c13"": 0, ""c23"": 8}",False,True,68,64,"{""0"": 16, ""1"": 16, ""2"": 4, ""3"": 32}",[],
341,11,"{""c01"": 1, ""c02"": 0, ""c03"": 12, ""c12"": 2, ""c13"": 4, ""c23"": 0}","{""c01"": 3, ""c02"": 2, ""c03"": 12, ""c12"": 0, ""c13"": 0, ""c23"": 0}",False,True,68,64,"{""0"": 16, ""1"": 16, ""2"": 4, ""3"": 32}",[],
342,11,"{""c01"": 1, ""c02"": 0, ""c03"": 12, ""c12"": 2, ""c13"": 4, ""c23"": 0}","{""c01"": 1, ""c02"": 2, ""c03"": 4, ""c12"": 0, ""c13"": 8, ""c23"": 0}",False,True,68,64,"{""0"": 16, ""1"": 16, ""2"": 4, ""3"": 32}",[],
343,11,"{""c01"": 1, ""c02"": 0, ""c03"": 12, ""c12"": 2, ""c13"": 4, ""c23"": 0}","{""c01"": 3, ""c02"": 2, ""c03"": 8, ""c12"": 0, ""c13"": 4, ""c23"": 0}",False,True,68,64,"{""0"": 16, ""1"": 16, ""2"": 4, ""3"": 32}",[],
344,11,"{""c01"": 1, ""c02"": 0, ""c03"": 12, ""c12"": 2, ""c13"": 4, ""c23"": 0}","{""c01"": 3, ""c02"": 0, ""c03"": 4, ""c12"": 2, ""c13"": 12, ""c23"": 8}",True,False,1101,1682,"{""0"": 16, ""1"": 16, ""2"": 4, ""3"": 32}","[[1, 0, 0, 0], [0, 3, 0, 0], [0, 0, 1, 0], [0, 0, 1, 11]]",True
345,11,"{""c01"": 1, ""c02"": 0, ""c03"": 12, ""c12"": 2, ""c13"": 4, ""c23"": 0}","{""c01"": 3, ""c02"": 0, ""c03"": 8, ""c12"": 2, ""c13"": 8, ""c23"": 0}",True,False,107,188,"{""0"": 16, ""1"": 16, ""2"": 4, ""3"": 32}","[[0, 1, 1, 4], [1, 2, 1, 12], [0, 0, 1, 0], [0, 0, 0, 1]]",True
346,11,"{""c01"": 1, ""c02"": 0, ""c03"": 12, ""c12"": 2, ""c13"": 4, ""c23"": 0}","{""c01"": 3, ""c02"": 0, ""c03"": 12, ""c12"": 2, ""c13"": 4, ""c23"": 8}",True,False,1100,1680,"{""0"": 16, ""1"": 16, ""2"": 4, ""3"": 32}","[[1, 0, 0, 0], [0, 3, 0, 0], [0, 0, 1, 0], [0, 0, 1, 5]]",True
347,11,"{""c01"": 1, ""c02"": 0, ""c03"": 12, ""c12"": 2, ""c13"": 4, ""c23"": 0}","{""c01"": 1, ""c02"": 0, ""c03"": 8, ""c12"": 2, ""c13"": 8, ""c23"": 8}",True,False,75,130,"{""0"": 16, ""1"": 16, ""2"": 4, ""3"": 32}","[[0, 1, 1, 4], [1, 0, 1, 4], [0, 0, 1, 0], [0, 0, 1, 11]]",True
348,11,"{""c01"": 1, ""c02"": 0, ""c03"": 12, ""c12"": 2, ""c13"": 4, ""c23"": 0}","{""c01"": 1, ""c02"": 2, ""c03"": 8, ""c12"": 0, ""c13"": 4, ""c23"": 0}",False,True,68,64,"{""0"": 16, ""1"": 16, ""2"": 4, ""3"": 32}",[],
349,11,"{""c01"": 1, ""c02"": 0, ""c03"": 12, ""c12"": 2, ""c13"": 4, ""c23"": 0}","{""c01"": 3, ""c02"": 2, ""c03"": 4, ""c12"": 0, ""c13"": 8, ""c23"": 8}",False,True,68,64,"{""0"": 16, ""1"": 16, ""2"": 4, ""3"": 32}",[],
350,11,"{""c01"": 1, ""c02"": 0, ""c03"": 12, ""c12"": 2, ""c13"": 4, ""c23"": 0}","{""c01"": 3, ""c02"": 0, ""c03"": 8, ""c12"": 2, ""c13"": 0, ""c23"": 8}",True,False,109,190,"{""0"": 16, ""1"": 16, ""2"": 4, ""3"": 32}","[[0, 1, 1, 4], [1, 2, 1, 12], [0, 0, 1, 0], [0, 0, 1, 5]]",True
351,11,"{""c01"": 1, ""c02"": 0, ""c03"": 12, ""c12"": 2, ""c13"": 4, ""c23"": 0}","{""c01"": 1, ""c02"": 0, ""c03"": 0, ""c12"": 2, ""c13"": 0, ""c23"": 8}",True,False,74,128,"{""0"": 16, ""1"": 16, ""2"": 4, ""3"": 32}","[[0, 1, 1, 4], [1, 0, 1, 4], [0, 0, 1, 0], [0, 0, 1, 5]]",True
352,11,"{""c01"": 1, ""c02"": 0, ""c03"": 12, ""c12"": 2, ""c13"": 4, ""c23"": 0}","{""c01"": 1, ""c02"": 0, ""c03"": 4, ""c12"": 2, ""c13"": 12, ""c23"": 0}",True,False,1097,1676,"{""0"": 16, ""1"": 16, ""2"": 4, ""3"": 32}","[[1, 0, 0, 0], [0, 1, 0, 0], [0, 0, 1, 0], [0, 0, 0, 15]]",True
353,11,"{""c01"": 1, ""c02"": 0, ""c03"": 12, ""c12"": 2, ""c13"": 4, ""c23"": 0}","{""c01"": 3, ""c02"": 2, ""c03"": 0, ""c12"": 0, ""c13"": 12, ""c23"": 0}",False,True,68,64,"{""0"": 16, ""1"": 16, ""2"": 4, ""3"": 32}",[],
354,11,"{""c01"": 1, ""c02"": 0, ""c03"": 12, ""c12"": 2, ""c13"": 4, ""c23"": 0}","{""c01"": 1, ""c02"": 0, ""c03"": 0, ""c12"": 2, ""c13"": 8, ""c23"": 0}",True,False,72,126,"{""0"": 16, ""1"": 16, ""2"": 4, ""3"": 32}","[[0, 1, 1, 4], [1, 0, 1, 4], [0, 0, 1, 0], [0, 0, 0, 1]]",True
355,11,"{""c01"": 1, ""c02"": 0, ""c03"": 12, ""c12"": 2, ""c13"": 4, ""c23"": 0}","{""c01"": 3, ""c02"": 0, ""c03"": 4, ""c12"": 2, ""c13"": 4, ""c23"": 0}",True,False,1099,1680,"{""0"": 16, ""1"": 16, ""2"": 4, ""3"": 32}","[[1, 0, 0, 0], [0, 3, 0, 0], [0, 0, 1, 0], [0, 0, 0, 15]]",True
356,11,"{""c01"": 1, ""c02"": 0, ""c03"": 12, ""c12"": 2, ""c13"": 4, ""c23"": 0}","{""c01"": 1, ""c02"": 0, ""c03"": 8, ""c12"": 2, ""c13"": 0, ""c23"": 0}",True,False,73,128,"{""0"": 16, ""1"": 16, ""2"": 4, ""3"": 32}","[[0, 1, 1, 4], [1, 0, 1, 4], [0, 0, 1, 0], [0, 0, 0, 15]]",True
357,11,"{""c01"": 1, ""c02"": 0, ""c03"": 12, ""c12"": 2, ""c13"": 4, ""c23"": 0}","{""c01"": 1, ""c02"": 2, ""c03"": 0, ""c12"": 0, ""c13"": 4, ""c23"": 0}",False,True,68,64,"{""0"": 16, ""1"": 16, ""2"": 4, ""3"": 32}",[],
358,11,"{""c01"": 1, ""c02"": 0, ""c03"": 12, ""c12"": 2, ""c13"": 4, ""c23"": 0}","{""c01"": 3, ""c02"": 2, ""c03"": 0, ""c12"": 0, ""c13"": 4, ""c23"": 8}",False,True,68,64,"{""0"": 16, ""1"": 16, ""2"": 4, ""3"": 32}",[],
359,11,"{""c01"": 1, ""c02"": 0, ""c03"": 12, ""c12"": 2, ""c13"": 4, ""c23"": 0}","{""c01"": 1, ""c02"": 2, ""c03"": 12, ""c12"": 0, ""c13"": 8, ""c23"": 8}",False,True,68,64,"{""0"": 16, ""1"": 16, ""2"": 4, ""3"": 32}",[],
360,11,"{""c01"": 1, ""c02"": 0, ""c03"": 12, ""c12"": 2, ""c13"": 4, ""c23"": 0}","{""c01"": 3, ""c02"": 2, ""c03"": 4, ""c12"": 0, ""c13"": 0, ""c23"": 0}",False,True,68,64,"{""0"": 16, ""1"": 16, ""2"": 4, ""3"": 32}",[],
361,11,"{""c01"": 1, ""c02"": 0, ""c03"": 12, ""c12"": 2, ""c13"": 4, ""c23"": 0}","{""c01"": 1, ""c02"": 0, ""c03"": 12, ""c12"": 2, ""c13"": 12, ""c23"": 8}",True,False,1098,1676,"{""0"": 16, ""1"": 16, ""2"": 4, ""3"": 32}","[[1, 0, 0, 0], [0, 1, 0, 0], [0, 0, 1, 0], [0, 0, 1, 5]]",True
362,11,"{""c01"": 1, ""c02"": 0, ""c03"": 12, ""c12"": 2, ""c13"": 4, ""c23"": 0}","{""c01"": 3, ""c02"": 0, ""c03"": 0, ""c12"": 2, ""c13"": 0, ""c23"": 8}",True,False,76,132,"{""0"": 16, ""1"": 16, ""2"": 4, ""3"": 32}","[[0, 1, 1, 4], [1, 2, 1, 4], [0, 0, 1, 0], [0, 0, 1, 5]]",True
363,11,"{""c01"": 1, ""c02"": 0, ""c03"": 12, ""c12"": 2, ""c13"": 4, ""c23"": 0}","{""c01"": 3, ""c02"": 2, ""c03"": 12, ""c12"": 0, ""c13"": 8, ""c23"": 0}",False,True,68,64,"{""0"": 16, ""1"": 16, ""2"": 4, ""3"": 32}",[],
364,11,"{""c01"": 1, ""c02"": 0, ""c03"": 12, ""c12"": 2, ""c13"": 4, ""c23"": 0}","{""c01"": 3, ""c02"": 0, ""c03"": 12, ""c12"": 2, ""c13"": 12, ""c23"": 8}",True,False,1133,1738,"{""0"": 16, ""1"": 16, ""2"": 4, ""3"": 32}","[[1, 0, 0, 0], [0, 3, 0, 8], [0, 0, 1, 0], [0, 0, 1, 5]]",True
365,11,"{""c01"": 1, ""c02"": 0, ""c03"": 12, ""c12"": 2, ""c13"": 4, ""c23"": 0}","{""c01"": 3, ""c02"": 2, ""c03"": 12, ""c12"": 0, ""c13"": 0, ""c23"": 8}",False,True,68,64,"{""0"": 16, ""1"": 16, ""2"": 4, ""3"": 32}",[],
366,11,"{""c01"": 1, ""c02"": 0, ""c03"": 12, ""c12"": 2, ""c13"": 4, ""c23"": 0}","{""c01"": 3, ""c02"": 0, ""c03"": 8, ""c12"": 2, ""c13"": 8, ""c23"": 8}",True,False,77,134,"{""0"": 16, ""1"": 16, ""2"": 4, ""3"": 32}","[[0, 1, 1, 4], [1, 2, 1, 4], [0, 0, 1, 0], [0, 0, 1, 11]]",True
367,11,"{""c01"": 1, ""c02"": 0, ""c03"": 12, ""c12"": 2, ""c13"": 4, ""c23"": 0}","{""c01"": 1, ""c02"": 2, ""c03"": 4, ""c12"": 0, ""c13"": 8, ""c23"": 8}",False,True,68,64,"{""0"": 16, ""1"": 16, ""2"": 4, ""3"": 32}",[],
368,11,"{""c01"": 1, ""c02"": 0, ""c03"": 12, ""c12"": 2, ""c13"": 4, ""c23"": 0}","{""c01"": 3, ""c02"": 2, ""c03"": 8, ""c12"": 0, ""c13"": 4, ""c23"": 8}",False,True,68,64,"{""0"": 16, ""1"": 16, ""2"": 4, ""3"": 32}",[],
369,11,"{""c01"": 1, ""c02"": 0, ""c03"": 12, ""c12"": 2, ""c13"": 4, ""c23"": 0}","{""c01"": 1, ""c02"": 2, ""c03"": 8, ""c12"": 0, ""c13"": 4, ""c23"": 8}",False,True,68,64,"{""0"": 16, ""1"": 16, ""2"": 4, ""3"": 32}",[],
370,11,"{""c01"": 1, ""c02"": 0, ""c03"": 12, ""c12"": 2, ""c13"": 4, ""c23"": 0}","{""c01"": 3, ""c02"": 2, ""c03"": 8, ""c12"": 0, ""c13"": 12, ""c23"": 0}",False,True,68,64,"{""0"": 16, ""1"": 16, ""2"": 4, ""3"": 32}",[],
371,11,"{""c01"": 1, ""c02"": 0, ""c03"": 12, ""c12"": 2, ""c13"": 4, ""c23"": 0}","{""c01"": 1, ""c02"": 2, ""c03"": 8, ""c12"": 0, ""c13"": 12, ""c23"": 0}",False,True,68,64,"{""0"": 16, ""1"": 16, ""2"": 4, ""3"": 32}",[],
372,11,"{""c01"": 1, ""c02"": 0, ""c03"": 12, ""c12"": 2, ""c13"": 4, ""c23"": 0}","{""c01"": 3, ""c02"": 0, ""c03"": 0, ""c12"": 2, ""c13"": 8, ""c23"": 0}",True,False,74,130,"{""0"": 16, ""1"": 16, ""2"": 4, ""3"": 32}","[[0, 1, 1, 4], [1, 2, 1, 4], [0, 0, 1, 0], [0, 0, 0, 1]]",True
373,11,"{""c01"": 1, ""c02"": 0, ""c03"": 12, ""c12"": 2, ""c13"": 4, ""c23"": 0}","{""c01"": 1, ""c02"": 2, ""c03"": 0, ""c12"": 0, ""c13"": 12, ""c23"": 0}",False,True,68,64,"{""0"": 16, ""1"": 16, ""2"": 4, ""3"": 32}",[],
374,12,"{""c01"": 1, ""c02"": 2, ""c03"": 4, ""c12"": 0, ""c13"": 0, ""c23"": 0}","{""c01"": 1, ""c02"": 2, ""c03"": 12, ""c12"": 0, ""c13"": 0, ""c23"": 0}",True,False,1097,1676,"{""0"": 16, ""1"": 16, ""2"": 4, ""3"": 32}","[[1, 0, 0, 0], [0, 1, 0, 0], [0, 0, 1, 0], [0, 0, 0, 15]]",True
375,12,"{""c01"": 1, ""c02"": 2, ""c03"": 4, ""c12"": 0, ""c13"": 0, ""c23"": 0}","{""c01"": 1, ""c02"": 2, ""c03"": 0, ""c12"": 0, ""c13"": 4, ""c23"": 8}",True,False,79,137,"{""0"": 16, ""1"": 16, ""2"": 4, ""3"": 32}","[[0, 1, 1, 0], [1, 0, 1, 0], [0, 0, 1, 0], [0, 2, 1, 11]]",True
376,12,"{""c01"": 1, ""c02"": 2, ""c03"": 4, ""c12"": 0, ""c13"": 0, ""c23"": 0}","{""c01"": 3, ""c02"": 2, ""c03"": 4, ""c12"": 0, ""c13"": 0, ""c23"": 8}",True,False,1101,1682,"{""0"": 16, ""1"": 16, ""2"": 4, ""3"": 32}","[[1, 0, 0, 0], [0, 3, 0, 0], [0, 0, 1, 0], [0, 0, 1, 11]]",True
377,12,"{""c01"": 1, ""c02"": 2, ""c03"": 4, ""c12"": 0, ""c13"": 0, ""c23"": 0}","{""c01"": 3, ""c02"": 2, ""c03"": 12, ""c12"": 0, ""c13"": 8, ""c23"": 8}",True,False,1104,1687,"{""0"": 16, ""1"": 16, ""2"": 4, ""3"": 32}","[[1, 0, 0, 0], [0, 3, 0, 0], [0, 0, 1, 0], [0, 2, 1, 3]]",True
378,12,"{""c01"": 1, ""c02"": 2, ""c03"": 4, ""c12"": 0, ""c13"": 0, ""c23"": 0}","{""c01"": 3, ""c02"": 2, ""c03"": 4, ""c12"": 0, ""c13"": 8, ""c23"": 0}",True,False,1102,1685,"{""0"": 16, ""1"": 16, ""2"": 4, ""3"": 32}","[[1, 0, 0, 0], [0, 3, 0, 0], [0, 0, 1, 0], [0, 2, 0, 7]]",True
379,12,"{""c01"": 1, ""c02"": 2, ""c03"": 4, ""c12"": 0, ""c13"": 0, ""c23"": 0}","{""c01"": 3, ""c02"": 2, ""c03"": 0, ""c12"": 0, ""c13"": 12, ""c23"": 8}",True,False,77,134,"{""0"": 16, ""1"": 16, ""2"": 4, ""3"": 32}","[[0, 1, 1, 0], [1, 2, 1, 0], [0, 0, 1, 0], [0, 0, 1, 11]]",True
380,12,"{""c01"": 1, ""c02"": 2, ""c03"": 4, ""c12"": 0, ""c13"": 0, ""c23"": 0}","{""c01"": 1, ""c02"": 2, ""c03"": 12, ""c12"": 0, ""c13"": 8, ""c23"": 0}",True,False,1101,1683,"{""0"": 16, ""1"": 16, ""2"": 4, ""3"": 32}","[[1, 0, 0, 0], [0, 1, 0, 0], [0, 0, 1, 0], [0, 2, 0, 9]]",True
381,12,"{""c01"": 1, ""c02"": 2, ""c03"": 4, ""c12"": 0, ""c13"": 0, ""c23"": 0}","{""c01"": 3, ""c02"": 2, ""c03"": 8, ""c12"": 0, ""c13"": 12, ""c23"": 8}",True,False,80,139,"{""0"": 16, ""1"": 16, ""2"": 4, ""3"": 32}","[[0, 1, 1, 0], [1, 2, 1, 0], [0, 0, 1, 0], [0, 2, 1, 5]]",True
382,12,"{""c01"": 1, ""c02"": 2, ""c03"": 4, ""c12"": 0, ""c13"": 0, ""c23"": 0}","{""c01"": 1, ""c02"": 2, ""c03"": 0, ""c12"": 0, ""c13"": 12, ""c23"": 8}",True,False,78,135,"{""0"": 16, ""1"": 16, ""2"": 4, ""3"": 32}","[[0, 1, 1, 0], [1, 0, 1, 0], [0, 0, 1, 0], [0, 2, 1, 5]]",True
383,12,"{""c01"": 1, ""c02"": 2, ""c03"": 4, ""c12"": 0, ""c13"": 0, ""c23"": 0}","{""c01"": 3, ""c02"": 2, ""c03"": 0, ""c12"": 0, ""c13"": 4, ""c23"": 0}",True,False,79,139,"{""0"": 16, ""1"": 16, ""2"": 4, ""3"": 32}","[[0, 1, 1, 0], [1, 2, 1, 0], [0, 0, 1, 0], [0, 2, 0, 15]]",True
384,12,"{""c01"": 1, ""c02"": 2, ""c03"": 4, ""c12"": 0, ""c13"": 0, ""c23"": 0}","{""c01"": 1, ""c02"": 2, ""c03"": 8, ""c12"": 0, ""c13"": 12, ""c23"": 8}",True,False,75,130,"{""0"": 16, ""1"": 16, ""2"": 4, ""3"": 32}","[[0, 1, 1, 0], [1, 0, 1, 0], [0, 0, 1, 0], [0, 0, 1, 11]]",True
385,12,"{""c01"": 1, ""c02"": 2, ""c03"": 4, ""c12"": 0, ""c13"": 0, ""c23"": 0}","{""c01"": 1, ""c02"": 2, ""c03"": 12, ""c12"": 0, ""c13"": 0, ""c23"": 8}",True,False,1098,1676,"{""0"": 16, ""1"": 16, ""2"": 4, ""3"": 32}","[[1, 0, 0, 0], [0, 1, 0, 0], [0, 0, 1, 0], [0, 0, 1, 5]]",True
386,12,"{""c01"": 1, ""c02"": 2, ""c03"": 4, ""c12"": 0, ""c13"": 0, ""c23"": 0}","{""c01"": 1, ""c02"": 2, ""c03"": 4, ""c12"": 0, ""c13"": 0, ""c23"": 8}",True,False,1099,1678,"{""0"": 16, ""1"": 16, ""2"": 4, ""3"": 32}","[[1, 0, 0, 0], [0, 1, 0, 0], [0, 0, 1, 0], [0, 0, 1, 11]]",True
387,12,"{""c01"": 1, ""c02"": 2, ""c03"": 4, ""c12"": 0, ""c13"": 0, ""c23"": 0}","{""c01"": 3, ""c02"": 2, ""c03"": 12, ""c12"": 0, ""c13"": 0, ""c23"": 0}",True,False,1099,1680,"{""0"": 16, ""1"": 16, ""2"": 4, ""3"": 32}","[[1, 0, 0, 0], [0, 3, 0, 0], [0, 0, 1, 0], [0, 0, 0, 15]]",True
388,12,"{""c01"": 1, ""c02"": 2, ""c03"": 4, ""c12"": 0, ""c13"": 0, ""c23"": 0}","{""c01"": 1, ""c02"": 2, ""c03"": 4, ""c12"": 0, ""c13"": 8, ""c23"": 0}",True,False,1100,1681,"{""0"": 16, ""1"": 16, ""2"": 4, ""3"": 32}","[[1, 0, 0, 0], [0, 1, 0, 0], [0, 0, 1, 0], [0, 2, 0, 7]]",True
389,12,"{""c01"": 1, ""c02"": 2, ""c03"": 4, ""c12"": 0, ""c13"": 0, ""c23"": 0}","{""c01"": 3, ""c02"": 2, ""c03"": 8, ""c12"": 0, ""c13"": 4, ""c23"": 0}",True,False,74,130,"{""0"": 16, ""1"": 16, ""2"": 4, ""3"": 32}","[[0, 1, 1, 0], [1, 2, 1, 0], [0, 0, 1, 0], [0, 0, 0, 1]]",True
390,12,"{""c01"": 1, ""c02"": 2, ""c03"": 4, ""c12"": 0, ""c13"": 0, ""c23"": 0}","{""c01"": 1, ""c02"": 2, ""c03"": 8, ""c12"": 0, ""c13"": 4, ""c23"": 0}",True,False,77,135,"{""0"": 16, ""1"": 16, ""2"": 4, ""3"": 32}","[[0, 1, 1, 0], [1, 0, 1, 0], [0, 0, 1, 0], [0, 2, 0, 15]]",True
391,12,"{""c01"": 1, ""c02"": 2, ""c03"": 4, ""c12"": 0, ""c13"": 0, ""c23"": 0}","{""c01"": 3, ""c02"": 2, ""c03"": 4, ""c12"": 0, ""c13"": 8, ""c23"": 8}",True,False,1105,1689,"{""0"": 16, ""1"": 16, ""2"": 4, ""3"": 32}","[[1, 0, 0, 0], [0, 3, 0, 0], [0, 0, 1, 0], [0, 2, 1, 13]]",True
392,12,"{""c01"": 1, ""c02"": 2, ""c03"": 4, ""c12"": 0, ""c13"": 0, ""c23"": 0}","{""c01"": 3, ""c02"": 2, ""c03"": 0, ""c12"": 0, ""c13"": 12, ""c23"": 0}",True,False,78,137,"{""0"": 16, ""1"": 16, ""2"": 4, ""3"": 32}","[[0, 1, 1, 0], [1, 2, 1, 0], [0, 0, 1, 0], [0, 2, 0, 1]]",True
393,12,"{""c01"": 1, ""c02"": 2, ""c03"": 4, ""c12"": 0, ""c13"": 0, ""c23"": 0}","{""c01"": 1, ""c02"": 2, ""c03"": 0, ""c12"": 0, ""c13"": 4, ""c23"": 0}",True,False,72,126,"{""0"": 16, ""1"": 16, ""2"": 4, ""3"": 32}","[[0, 1, 1, 0], [1, 0, 1, 0], [0, 0, 1, 0], [0, 0, 0, 1]]",True
394,12,"{""c01"": 1, ""c02"": 2, ""c03"": 4, ""c12"": 0, ""c13"": 0, ""c23"": 0}","{""c01"": 3, ""c02"": 2, ""c03"": 0, ""c12"": 0, ""c13"": 4, ""c23"": 8}",True,False,76,132,"{""0"": 16, ""1"": 16, ""2"": 4, ""3"": 32}","[[0, 1, 1, 0], [1, 2, 1, 0], [0, 0, 1, 0], [0, 0, 1, 5]]",True
395,12,"{""c01"": 1, ""c02"": 2, ""c03"": 4, ""c12"": 0, ""c13"": 0, ""c23"": 0}","{""c01"": 1, ""c02"": 2, ""c03"": 12, ""c12"": 0, ""c13"": 8, ""c23"": 8}",True,False,1102,1683,"{""0"": 16, ""1"": 16, ""2"": 4, ""3"": 32}","[[1, 0, 0, 0], [0, 1, 0, 0], [0, 0, 1, 0], [0, 2, 1, 3]]",True
396,12,"{""c01"": 1, ""c02"": 2, ""c03"": 4, ""c12"": 0, ""c13"": 0, ""c23"": 0}","{""c01"": 3, ""c02"": 2, ""c03"": 4, ""c12"": 0, ""c13"": 0, ""c23"": 0}",True,False,1098,1678,"{""0"": 16, ""1"": 16, ""2"": 4, ""3"": 32}","[[1, 0, 0, 0], [0, 3, 0, 0], [0, 0, 1, 0], [0, 0, 0, 1]]",True
397,12,"{""c01"": 1, ""c02"": 2, ""c03"": 4, ""c12"": 0, ""c13"": 0, ""c23"": 0}","{""c01"": 3, ""c02"": 2, ""c03"": 12, ""c12"": 0, ""c13"": 8, ""c23"": 0}",True,False,1103,1687,"{""0"": 16, ""1"": 16, ""2"": 4, ""3"": 32}","[[1, 0, 0, 0], [0, 3, 0, 0], [0, 0, 1, 0], [0, 2, 0, 9]]",True
398,12,"{""c01"": 1, ""c02"": 2, ""c03"": 4, ""c12"": 0, ""c13"": 0, ""c23"": 0}","{""c01"": 3, ""c02"": 2, ""c03"": 12, ""c12"": 0, ""c13"": 0, ""c23"": 8}",True,False,1100,1680,"{""0"": 16, ""1"": 16, ""2"": 4, ""3"": 32}","[[1, 0, 0, 0], [0, 3, 0, 0], [0, 0, 1, 0], [0, 0, 1, 5]]",True
399,12,"{""c01"": 1, ""c02"": 2, ""c03"": 4, ""c12"": 0, ""c13"": 0, ""c23"": 0}","{""c01"": 1, ""c02"": 2, ""c03"": 4, ""c12"": 0, ""c13"": 8, ""c23"": 8}",True,False,1103,1685,"{""0"": 16, ""1"": 16, ""2"": 4, ""3"": 32}","[[1, 0, 0, 0], [0, 1, 0, 0], [0, 0, 1, 0], [0, 2, 1, 13]]",True
400,12,"{""c01"": 1, ""c02"": 2, ""c03"": 4, ""c12"": 0, ""c13"": 0, ""c23"": 0}","{""c01"": 3, ""c02"": 2, ""c03"": 8, ""c12"": 0, ""c13"": 4, ""c23"": 8}",True,False,81,141,"{""0"": 16, ""1"": 16, ""2"": 4, ""3"": 32}","[[0, 1, 1, 0], [1, 2, 1, 0], [0, 0, 1, 0], [0, 2, 1, 11]]",True
401,12,"{""c01"": 1, ""c02"": 2, ""c03"": 4, ""c12"": 0, ""c13"": 0, ""c23"": 0}","{""c01"": 1, ""c02"": 2, ""c03"": 8, ""c12"": 0, ""c13"": 4, ""c23"": 8}",True,False,74,128,"{""0"": 16, ""1"": 16, ""2"": 4, ""3"": 32}","[[0, 1, 1, 0], [1, 0, 1, 0], [0, 0, 1, 0], [0, 0, 1, 5]]",True
402,12,"{""c01"": 1, ""c02"": 2, ""c03"": 4, ""c12"": 0, ""c13"": 0, ""c23"": 0}","{""c01"": 3, ""c02"": 2, ""c03"": 8, ""c12"": 0, ""c13"": 12, ""c23"": 0}",True,False,75,132,"{""0"": 16, ""1"": 16, ""2"": 4, ""3"": 32}","[[0, 1, 1, 0], [1, 2, 1, 0], [0, 0, 1, 0], [0, 0, 0, 15]]",True
403,12,"{""c01"": 1, ""c02"": 2, ""c03"": 4, ""c12"": 0, ""c13"": 0, ""c23"": 0}","{""c01"": 1, ""c02"": 2, ""c03"": 8, ""c12"": 0, ""c13"": 12, ""c23"": 0}",True,False,76,133,"{""0"": 16, ""1"": 16, ""2"": 4, ""3"": 32}","[[0, 1, 1, 0], [1, 0, 1, 0], [0, 0, 1, 0], [0, 2, 0, 1]]",True
404,12,"{""c01"": 1, ""c02"": 2, ""c03"": 4, ""c12"": 0, ""c13"": 0, ""c23"": 0}","{""c01"": 1, ""c02"": 2, ""c03"": 0, ""c12"": 0, ""c13"": 12, ""c23"": 0}",True,False,73,128,"{""0"": 16, ""1"": 16, ""2"": 4, ""3"": 32}","[[0, 1, 1, 0], [1, 0, 1, 0], [0, 0, 1, 0], [0, 0, 0, 15]]",True
405,13,"{""c01"": 2, ""c02"": 2, ""c03"": 0, ""c12"": 2, ""c13"": 4, ""c23"": 8}","{""c01"": 0, ""c02"": 2, ""c03"": 0, ""c12"": 2, ""c13"": 8, ""c23"": 8}",True,False,17,25,"{""0"": 16, ""1"": 16, ""2"": 4, ""3"": 32}","[[1, 0, 0, 0], [2, 1, 0, 4], [0, 0, 1, 0], [0, 0, 0, 15]]",True
406,13,"{""c01"": 2, ""c02"": 2, ""c03"": 0, ""c12"": 2, ""c13"": 4, ""c23"": 8}","{""c01"": 2, ""c02"": 0, ""c03"": 8, ""c12"": 0, ""c13"": 12, ""c23"": 0}",True,False,37,56,"{""0"": 16, ""1"": 16, ""2"": 4, ""3"": 32}","[[0, 1, 1, 0], [1, 2, 1, 0], [0, 0, 1, 0], [3, 1, 1, 7]]",True
407,13,"{""c01"": 2, ""c02"": 2, ""c03"": 0, ""c12"": 2, ""c13"": 4, ""c23"": 8}","{""c01"": 2, ""c02"": 2, ""c03"": 8, ""c12"": 2, ""c13"": 12, ""c23"": 8}",True,False,24,34,"{""0"": 16, ""1"": 16, ""2"": 4, ""3"": 32}","[[1, 0, 0, 0], [0, 1, 0, 0], [0, 0, 1, 0], [2, 0, 0, 7]]",True
408,13,"{""c01"": 2, ""c02"": 2, ""c03"": 0, ""c12"": 2, ""c13"": 4, ""c23"": 8}","{""c01"": 0, ""c02"": 2, ""c03"": 4, ""c12"": 2, ""c13"": 12, ""c23"": 0}",True,False,26,36,"{""0"": 16, ""1"": 16, ""2"": 4, ""3"": 32}","[[1, 0, 0, 0], [2, 1, 0, 4], [0, 0, 1, 0], [1, 1, 1, 5]]",True
409,13,"{""c01"": 2, ""c02"": 2, ""c03"": 0, ""c12"": 2, ""c13"": 4, ""c23"": 8}","{""c01"": 2, ""c02"": 0, ""c03"": 8, ""c12"": 0, ""c13"": 4, ""c23"": 8}",True,False,35,54,"{""0"": 16, ""1"": 16, ""2"": 4, ""3"": 32}","[[0, 1, 1, 0], [1, 2, 1, 0], [0, 0, 1, 0], [3, 1, 0, 13]]",True
410,13,"{""c01"": 2, ""c02"": 2, ""c03"": 0, ""c12"": 2, ""c13"": 4, ""c23"": 8}","{""c01"": 2, ""c02"": 2, ""c03"": 0, ""c12"": 2, ""c13"": 12, ""c23"": 0}",True,False,26,36,"{""0"": 16, ""1"": 16, ""2"": 4, ""3"": 32}","[[1, 0, 0, 0], [0, 1, 0, 0], [0, 0, 1, 0], [2, 0, 1, 5]]",True
411,13,"{""c01"": 2, ""c02"": 2, ""c03"": 0, ""c12"": 2, ""c13"": 4, ""c23"": 8}","{""c01"": 0, ""c02"": 0, ""c03"": 8, ""c12"": 0, ""c13"": 0, ""c23"": 0}",True,False,14,18,"{""0"": 16, ""1"": 16, ""2"": 4, ""3"": 32}","[[0, 1, 1, 0], [1, 0, 1, 4], [0, 0, 1, 0], [0, 2, 1, 5]]",True
412,13,"{""c01"": 2, ""c02"": 2, ""c03"": 0, ""c12"": 2, ""c13"": 4, ""c23"": 8}","{""c01"": 0, ""c02"": 2, ""c03"": 12, ""c12"": 2, ""c13"": 4, ""c23"": 0}",True,False,30,43,"{""0"": 16, ""1"": 16, ""2"": 4, ""3"": 32}","[[1, 0, 0, 0], [2, 1, 0, 4], [0, 0, 1, 0], [1, 3, 1, 3]]",True
413,13,"{""c01"": 2, ""c02"": 2, ""c03"": 0, ""c12"": 2, ""c13"": 4, ""c23"": 8}","{""c01"": 2, ""c02"": 2, ""c03"": 4, ""c12"": 2, ""c13"": 0, ""c23"": 0}",True,False,23,33,"{""0"": 16, ""1"": 16, ""2"": 4, ""3"": 32}","[[1, 0, 0, 0], [0, 1, 0, 0], [0, 0, 1, 0], [1, 3, 1, 7]]",True
414,13,"{""c01"": 2, ""c02"": 2, ""c03"": 0, ""c12"": 2, ""c13"": 4, ""c23"": 8}","{""c01"": 0, ""c02"": 2, ""c03"": 4, ""c12"": 2, ""c13"": 4, ""c23"": 8}",True,False,25,36,"{""0"": 16, ""1"": 16, ""2"": 4, ""3"": 32}","[[1, 0, 0, 0], [2, 1, 0, 4], [0, 0, 1, 0], [1, 1, 0, 15]]",True
415,13,"{""c01"": 2, ""c02"": 2, ""c03"": 0, ""c12"": 2, ""c13"": 4, ""c23"": 8}","{""c01"": 0, ""c02"": 0, ""c03"": 12, ""c12"": 0, ""c13"": 12, ""c23"": 0}",True,False,34,50,"{""0"": 16, ""1"": 16, ""2"": 4, ""3"": 32}","[[0, 1, 1, 0], [1, 0, 1, 4], [0, 0, 1, 0], [3, 1, 1, 5]]",True
416,13,"{""c01"": 2, ""c02"": 2, ""c03"": 0, ""c12"": 2, ""c13"": 4, ""c23"": 8}","{""c01"": 2, ""c02"": 0, ""c03"": 4, ""c12"": 0, ""c13"": 8, ""c23"": 0}",True,False,12,16,"{""0"": 16, ""1"": 16, ""2"": 4, ""3"": 32}","[[0, 1, 1, 0], [1, 2, 1, 0], [0, 0, 1, 0], [0, 0, 1, 3]]",True
417,13,"{""c01"": 2, ""c02"": 2, ""c03"": 0, ""c12"": 2, ""c13"": 4, ""c23"": 8}","{""c01"": 2, ""c02"": 2, ""c03"": 12, ""c12"": 2, ""c13"": 8, ""c23"": 0}",True,False,18,24,"{""0"": 16, ""1"": 16, ""2"": 4, ""3"": 32}","[[1, 0, 0, 0], [0, 1, 0, 0], [0, 0, 1, 0], [1, 1, 1, 1]]",True
418,13,"{""c01"": 2, ""c02"": 2, ""c03"": 0, ""c12"": 2, ""c13"": 4, ""c23"": 8}","{""c01"": 2, ""c02"": 0, ""c03"": 12, ""c12"": 0, ""c13"": 0, ""c23"": 0}",True,False,16,22,"{""0"": 16, ""1"": 16, ""2"": 4, ""3"": 32}","[[0, 1, 1, 0], [1, 2, 1, 0], [0, 0, 1, 0], [0, 2, 1, 5]]",True
419,13,"{""c01"": 2, ""c02"": 2, ""c03"": 0, ""c12"": 2, ""c13"": 4, ""c23"": 8}","{""c01"": 0, ""c02"": 0, ""c03"": 4, ""c12"": 0, ""c13"": 12, ""c23"": 8}",True,False,17,24,"{""0"": 16, ""1"": 16, ""2"": 4, ""3"": 32}","[[0, 1, 1, 0], [1, 0, 1, 4], [0, 0, 1, 0], [1, 1, 0, 9]]",True
420,13,"{""c01"": 2, ""c02"": 2, ""c03"": 0, ""c12"": 2, ""c13"": 4, ""c23"": 8}","{""c01"": 2, ""c02"": 0, ""c03"": 0, ""c12"": 0, ""c13"": 12, ""c23"": 8}",True,False,18,26,"{""0"": 16, ""1"": 16, ""2"": 4, ""3"": 32}","[[0, 1, 1, 0], [1, 2, 1, 0], [0, 0, 1, 0], [1, 1, 0, 11]]",True
421,13,"{""c01"": 2, ""c02"": 2, ""c03"": 0, ""c12"": 2, ""c13"": 4, ""c23"": 8}","{""c01"": 0, ""c02"": 0, ""c03"": 12, ""c12"": 0, ""c13"": 4, ""c23"": 8}",True,False,33,50,"{""0"": 16, ""1"": 16, ""2"": 4, ""3"": 32}","[[0, 1, 1, 0], [1, 0, 1, 4], [0, 0, 1, 0], [3, 1, 0, 15]]",True
422,13,"{""c01"": 2, ""c02"": 2, ""c03"": 0, ""c12"": 2, ""c13"": 4, ""c23"": 8}","{""c01"": 0, ""c02"": 2, ""c03"": 0, ""c12"": 2, ""c13"": 0, ""c23"": 0}",True,False,35,51,"{""0"": 16, ""1"": 16, ""2"": 4, ""3"": 32}","[[1, 0, 0, 0], [2, 1, 0, 4], [0, 0, 1, 0], [2, 0, 1, 11]]",True
423,13,"{""c01"": 2, ""c02"": 2, ""c03"": 0, ""c12"": 2, ""c13"": 4, ""c23"": 8}","{""c01"": 0, ""c02"": 0, ""c03"": 0, ""c12"": 0, ""c13"": 0, ""c23"": 0}",True,False,15,21,"{""0"": 16, ""1"": 16, ""2"": 4, ""3"": 32}","[[0, 1, 1, 0], [1, 0, 1, 4], [0, 0, 1, 0], [0, 2, 1, 11]]",True
424,13,"{""c01"": 2, ""c02"": 2, ""c03"": 0, ""c12"": 2, ""c13"": 4, ""c23"": 8}","{""c01"": 0, ""c02"": 2, ""c03"": 8, ""c12"": 2, ""c13"": 0, ""c23"": 0}",True,False,18,24,"{""0"": 16, ""1"": 16, ""2"": 4, ""3"": 32}","[[1, 0, 0, 0], [2, 1, 0, 4], [0, 0, 1, 0], [0, 0, 1, 3]]",True
425,13,"{""c01"": 2, ""c02"": 2, ""c03"": 0, ""c12"": 2, ""c13"": 4, ""c23"": 8}","{""c01"": 2, ""c02"": 0, ""c03"": 4, ""c12"": 0, ""c13"": 0, ""c23"": 8}",True,False,14,20,"{""0"": 16, ""1"": 16, ""2"": 4, ""3"": 32}","[[0, 1, 1, 0], [1, 2, 1, 0], [0, 0, 1, 0], [0, 2, 0, 7]]",True
426,13,"{""c01"": 2, ""c02"": 2, ""c03"": 0, ""c12"": 2, ""c13"": 4, ""c23"": 8}","{""c01"": 2, ""c02"": 2, ""c03"": 12, ""c12"": 2, ""c13"": 0, ""c23"": 8}",True,False,16,22,"{""0"": 16, ""1"": 16, ""2"": 4, ""3"": 32}","[[1, 0, 0, 0], [0, 1, 0, 0], [0, 0, 1, 0], [1, 1, 0, 11]]",True
427,13,"{""c01"": 2, ""c02"": 2, ""c03"": 0, ""c12"": 2, ""c13"": 4, ""c23"": 8}","{""c01"": 0, ""c02"": 0, ""c03"": 8, ""c12"": 0, ""c13"": 8, ""c23"": 0}",True,False,11,15,"{""0"": 16, ""1"": 16, ""2"": 4, ""3"": 32}","[[0, 1, 1, 0], [1, 0, 1, 4], [0, 0, 1, 0], [0, 0, 1, 13]]",True
428,13,"{""c01"": 2, ""c02"": 2, ""c03"": 0, ""c12"": 2, ""c13"": 4, ""c23"": 8}","{""c01"": 2, ""c02"": 0, ""c03"": 8, ""c12"": 0, ""c13"": 12, ""c23"": 8}",True,False,34,52,"{""0"": 16, ""1"": 16, ""2"": 4, ""3"": 32}","[[0, 1, 1, 0], [1, 2, 1, 0], [0, 0, 1, 0], [3, 1, 0, 3]]",True
429,13,"{""c01"": 2, ""c02"": 2, ""c03"": 0, ""c12"": 2, ""c13"": 4, ""c23"": 8}","{""c01"": 0, ""c02"": 2, ""c03"": 12, ""c12"": 2, ""c13"": 12, ""c23"": 0}",True,False,26,36,"{""0"": 16, ""1"": 16, ""2"": 4, ""3"": 32}","[[1, 0, 0, 0], [2, 1, 0, 4], [0, 0, 1, 0], [1, 1, 1, 3]]",True
430,13,"{""c01"": 2, ""c02"": 2, ""c03"": 0, ""c12"": 2, ""c13"": 4, ""c23"": 8}","{""c01"": 2, ""c02"": 2, ""c03"": 8, ""c12"": 2, ""c13"": 4, ""c23"": 0}",True,False,10,12,"{""0"": 16, ""1"": 16, ""2"": 4, ""3"": 32}","[[1, 0, 0, 0], [0, 1, 0, 0], [0, 0, 1, 0], [0, 0, 1, 3]]",True
431,13,"{""c01"": 2, ""c02"": 2, ""c03"": 0, ""c12"": 2, ""c13"": 4, ""c23"": 8}","{""c01"": 2, ""c02"": 2, ""c03"": 0, ""c12"": 2, ""c13"": 12, ""c23"": 8}",True,False,9,13,"{""0"": 16, ""1"": 16, ""2"": 4, ""3"": 32}","[[1, 0, 0, 0], [0, 1, 0, 0], [0, 0, 1, 0], [0, 0, 0, 15]]",True
432,13,"{""c01"": 2, ""c02"": 2, ""c03"": 0, ""c12"": 2, ""c13"": 4, ""c23"": 8}","{""c01"": 2, ""c02"": 0, ""c03"": 0, ""c12"": 0, ""c13"": 4, ""c23"": 0}",True,False,20,28,"{""0"": 16, ""1"": 16, ""2"": 4, ""3"": 32}","[[0, 1, 1, 0], [1, 2, 1, 0], [0, 0, 1, 0], [1, 1, 1, 1]]",True
433,13,"{""c01"": 2, ""c02"": 2, ""c03"": 0, ""c12"": 2, ""c13"": 4, ""c23"": 8}","{""c01"": 0, ""c02"": 0, ""c03"": 8, ""c12"": 0, ""c13"": 0, ""c23"": 8}",True,False,13,19,"{""0"": 16, ""1"": 16, ""2"": 4, ""3"": 32}","[[0, 1, 1, 0], [1, 0, 1, 4], [0, 0, 1, 0], [0, 2, 0, 9]]",True
434,13,"{""c01"": 2, ""c02"": 2, ""c03"": 0, ""c12"": 2, ""c13"": 4, ""c23"": 8}","{""c01"": 0, ""c02"": 2, ""c03"": 4, ""c12"": 2, ""c13"": 12, ""c23"": 8}",True,False,29,43,"{""0"": 16, ""1"": 16, ""2"": 4, ""3"": 32}","[[1, 0, 0, 0], [2, 1, 0, 4], [0, 0, 1, 0], [1, 3, 0, 15]]",True
435,13,"{""c01"": 2, ""c02"": 2, ""c03"": 0, ""c12"": 2, ""c13"": 4, ""c23"": 8}","{""c01"": 0, ""c02"": 2, ""c03"": 8, ""c12"": 2, ""c13"": 8, ""c23"": 8}",True,False,32,46,"{""0"": 16, ""1"": 16, ""2"": 4, ""3"": 32}","[[1, 0, 0, 0], [2, 1, 0, 4], [0, 0, 1, 0], [2, 0, 0, 7]]",True
436,13,"{""c01"": 2, ""c02"": 2, ""c03"": 0, ""c12"": 2, ""c13"": 4, ""c23"": 8}","{""c01"": 0, ""c02"": 2, ""c03"": 12, ""c12"": 2, ""c13"": 4, ""c23"": 8}",True,False,25,36,"{""0"": 16, ""1"": 16, ""2"": 4, ""3"": 32}","[[1, 0, 0, 0], [2, 1, 0, 4], [0, 0, 1, 0], [1, 1, 0, 9]]",True
437,13,"{""c01"": 2, ""c02"": 2, ""c03"": 0, ""c12"": 2, ""c13"": 4, ""c23"": 8}","{""c01"": 2, ""c02"": 0, ""c03"": 12, ""c12"": 0, ""c13"": 8, ""c23"": 0}",True,False,13,19,"{""0"": 16, ""1"": 16, ""2"": 4, ""3"": 32}","[[0, 1, 1, 0], [1, 2, 1, 0], [0, 0, 1, 0], [0, 0, 1, 13]]",True
438,13,"{""c01"": 2, ""c02"": 2, ""c03"": 0, ""c12"": 2, ""c13"": 4, ""c23"": 8}","{""c01"": 2, ""c02"": 2, ""c03"": 4, ""c12"": 2, ""c13"": 0, ""c23"": 8}",True,False,17,24,"{""0"": 16, ""1"": 16, ""2"": 4, ""3"": 32}","[[1, 0, 0, 0], [0, 1, 0, 0], [0, 0, 1, 0], [1, 1, 0, 5]]",True
439,13,"{""c01"": 2, ""c02"": 2, ""c03"": 0, ""c12"": 2, ""c13"": 4, ""c23"": 8}","{""c01"": 0, ""c02"": 0, ""c03"": 12, ""c12"": 0, ""c13"": 12, ""c23"": 8}",True,False,33,50,"{""0"": 16, ""1"": 16, ""2"": 4, ""3"": 32}","[[0, 1, 1, 0], [1, 0, 1, 4], [0, 0, 1, 0], [3, 1, 0, 9]]",True
440,13,"{""c01"": 2, ""c02"": 2, ""c03"": 0, ""c12"": 2, ""c13"": 4, ""c23"": 8}","{""c01"": 0, ""c02"": 0, ""c03"": 4, ""c12"": 0, ""c13"": 4, ""c23"": 0}",True,False,18,24,"{""0"": 16, ""1"": 16, ""2"": 4, ""3"": 32}","[[0, 1, 1, 0], [1, 0, 1, 4], [0, 0, 1, 0], [1, 1, 1, 3]]",True
441,13,"{""c01"": 2, ""c02"": 2, ""c03"": 0, ""c12"": 2, ""c13"": 4, ""c23"": 8}","{""c01"": 2, ""c02"": 2, ""c03"": 4, ""c12"": 2, ""c13"": 8, ""c23"": 0}",True,False,19,26,"{""0"": 16, ""1"": 16, ""2"": 4, ""3"": 32}","[[1, 0, 0, 0], [0, 1, 0, 0], [0, 0, 1, 0], [1, 1, 1, 15]]",True
442,13,"{""c01"": 2, ""c02"": 2, ""c03"": 0, ""c12"": 2, ""c13"": 4, ""c23"": 8}","{""c01"": 2, ""c02"": 2, ""c03"": 0, ""c12"": 2, ""c13"": 4, ""c23"": 0}",True,False,27,39,"{""0"": 16, ""1"": 16, ""2"": 4, ""3"": 32}","[[1, 0, 0, 0], [0, 1, 0, 0], [0, 0, 1, 0], [2, 0, 1, 11]]",True
443,13,"{""c01"": 2, ""c02"": 2, ""c03"": 0, ""c12"": 2, ""c13"": 4, ""c23"": 8}","{""c01"": 0, ""c02"": 2, ""c03"": 0, ""c12"": 2, ""c13"": 8, ""c23"": 0}",True,False,34,48,"{""0"": 16, ""1"": 16, ""2"": 4, ""3"": 32}","[[1, 0, 0, 0], [2, 1, 0, 4], [0, 0, 1, 0], [2, 0, 1, 5]]",True
444,13,"{""c01"": 2, ""c02"": 2, ""c03"": 0, ""c12"": 2, ""c13"": 4, ""c23"": 8}","{""c01"": 2, ""c02"": 0, ""c03"": 4, ""c12"": 0, ""c13"": 8, ""c23"": 8}",True,False,11,17,"{""0"": 16, ""1"": 16, ""2"": 4, ""3"": 32}","[[0, 1, 1, 0], [1, 2, 1, 0], [0, 0, 1, 0], [0, 0, 0, 15]]",True
445,13,"{""c01"": 2, ""c02"": 2, ""c03"": 0, ""c12"": 2, ""c13"": 4, ""c23"": 8}","{""c01"": 0, ""c02"": 0, ""c03"": 0, ""c12"": 0, ""c13"": 8, ""c23"": 0}",True,False,10,12,"{""0"": 16, ""1"": 16, ""2"": 4, ""3"": 32}","[[0, 1, 1, 0], [1, 0, 1, 4], [0, 0, 1, 0], [0, 0, 1, 3]]",True
446,13,"{""c01"": 2, ""c02"": 2, ""c03"": 0, ""c12"": 2, ""c13"": 4, ""c23"": 8}","{""c01"": 0, ""c02"": 2, ""c03"": 8, ""c12"": 2, ""c13"": 8, ""c23"": 0}",True,False,19,27,"{""0"": 16, ""1"": 16, ""2"": 4, ""3"": 32}","[[1, 0, 0, 0], [2, 1, 0, 4], [0, 0, 1, 0], [0, 0, 1, 13]]",True
447,13,"{""c01"": 2, ""c02"": 2, ""c03"": 0, ""c12"": 2, ""c13"": 4, ""c23"": 8}","{""c01"": 2, ""c02"": 0, ""c03"": 12, ""c12"": 0, ""c13"": 0, ""c23"": 8}",True,False,15,23,"{""0"": 16, ""1"": 16, ""2"": 4, ""3"": 32}","[[0, 1, 1, 0], [1, 2, 1, 0], [0, 0, 1, 0], [0, 2, 0, 9]]",True
448,13,"{""c01"": 2, ""c02"": 2, ""c03"": 0, ""c12"": 2, ""c13"": 4, ""c23"": 8}","{""c01"": 2, ""c02"": 2, ""c03"": 12, ""c12"": 2, ""c13"": 8, ""c23"": 8}",True,False,20,29,"{""0"": 16, ""1"": 16, ""2"": 4, ""3"": 32}","[[1, 0, 0, 0], [0, 1, 0, 0], [0, 0, 1, 0], [1, 3, 0, 3]]",True
449,13,"{""c01"": 2, ""c02"": 2, ""c03"": 0, ""c12"": 2, ""c13"": 4, ""c23"": 8}","{""c01"": 0, ""c02"": 0, ""c03"": 0, ""c12"": 0, ""c13"": 0, ""c23"": 8}",True,False,12,16,"{""0"": 16, ""1"": 16, ""2"": 4, ""3"": 32}","[[0, 1, 1, 0], [1, 0, 1, 4], [0, 0, 1, 0], [0, 2, 0, 7]]",True
450,13,"{""c01"": 2, ""c02"": 2, ""c03"": 0, ""c12"": 2, ""c13"": 4, ""c23"": 8}","{""c01"": 0, ""c02"": 2, ""c03"": 8, ""c12"": 2, ""c13"": 0, ""c23"": 8}",True,False,33,49,"{""0"": 16, ""1"": 16, ""2"": 4, ""3"": 32}","[[1, 0, 0, 0], [2, 1, 0, 4], [0, 0, 1, 0], [2, 0, 0, 9]]",True
451,13,"{""c01"": 2, ""c02"": 2, ""c03"": 0, ""c12"": 2, ""c13"": 4, ""c23"": 8}","{""c01"": 0, ""c02"": 2, ""c03"": 0, ""c12"": 2, ""c13"": 0, ""c23"": 8}",True,False,16,22,"{""0"": 16, ""1"": 16, ""2"": 4, ""3"": 32}","[[1, 0, 0, 0], [2, 1, 0, 4], [0, 0, 1, 0], [0, 0, 0, 1]]",True
452,13,"{""c01"": 2, ""c02"": 2, ""c03"": 0, ""c12"": 2, ""c13"": 4, ""c23"": 8}","{""c01"": 2, ""c02"": 2, ""c03"": 4, ""c12"": 2, ""c13"": 8, ""c23"": 8}",True,False,21,31,"{""0"": 16, ""1"": 16, ""2"": 4, ""3"": 32}","[[1, 0, 0, 0], [0, 1, 0, 0], [0, 0, 1, 0], [1, 3, 0, 13]]",True
453,13,"{""c01"": 2, ""c02"": 2, ""c03"": 0, ""c12"": 2, ""c13"": 4, ""c23"": 8}","{""c01"": 2, ""c02"": 2, ""c03"": 8, ""c12"": 2, ""c13"": 12, ""c23"": 0}",True,False,11,15,"{""0"": 16, ""1"": 16, ""2"": 4, ""3"": 32}","[[1, 0, 0, 0], [0, 1, 0, 0], [0, 0, 1, 0], [0, 0, 1, 13]]",True
454,13,"{""c01"": 2, ""c02"": 2, ""c03"": 0, ""c12"": 2, ""c13"": 4, ""c23"": 8}","{""c01"": 2, ""c02"": 0, ""c03"": 8, ""c12"": 0, ""c13"": 4, ""c23"": 0}",True,False,36,54,"{""0"": 16, ""1"": 16, ""2"": 4, ""3"": 32}","[[0, 1, 1, 0], [1, 2, 1, 0], [0, 0, 1, 0], [3, 1, 1, 9]]",True
455,13,"{""c01"": 2, ""c02"": 2, ""c03"": 0, ""c12"": 2, ""c13"": 4, ""c23"": 8}","{""c01"": 0, ""c02"": 0, ""c03"": 8, ""c12"": 0, ""c13"": 8, ""c23"": 8}",True,False,8,10,"{""0"": 16, ""1"": 16, ""2"": 4, ""3"": 32}","[[0, 1, 1, 0], [1, 0, 1, 4], [0, 0, 1, 0], [0, 0, 0, 1]]",True
456,13,"{""c01"": 2, ""c02"": 2, ""c03"": 0, ""c12"": 2, ""c13"": 4, ""c23"": 8}","{""c01"": 2, ""c02"": 2, ""c03"": 8, ""c12"": 2, ""c13"": 4, ""c23"": 8}",True,False,25,37,"{""0"": 16, ""1"": 16, ""2"": 4, ""3"": 32}","[[1, 0, 0, 0], [0, 1, 0, 0], [0, 0, 1, 0], [2, 0, 0, 9]]",True
457,13,"{""c01"": 2, ""c02"": 2, ""c03"": 0, ""c12"": 2, ""c13"": 4, ""c23"": 8}","{""c01"": 0, ""c02"": 2, ""c03"": 4, ""c12"": 2, ""c13"": 4, ""c23"": 0}",True,False,30,43,"{""0"": 16, ""1"": 16, ""2"": 4, ""3"": 32}","[[1, 0, 0, 0], [2, 1, 0, 4], [0, 0, 1, 0], [1, 3, 1, 5]]",True
458,13,"{""c01"": 2, ""c02"": 2, ""c03"": 0, ""c12"": 2, ""c13"": 4, ""c23"": 8}","{""c01"": 2, ""c02"": 0, ""c03"": 0, ""c12"": 0, ""c13"": 4, ""c23"": 8}",True,False,19,28,"{""0"": 16, ""1"": 16, ""2"": 4, ""3"": 32}","[[0, 1, 1, 0], [1, 2, 1, 0], [0, 0, 1, 0], [1, 1, 0, 5]]",True
459,13,"{""c01"": 2, ""c02"": 2, ""c03"": 0, ""c12"": 2, ""c13"": 4, ""c23"": 8}","{""c01"": 0, ""c02"": 2, ""c03"": 12, ""c12"": 2, ""c13"": 12, ""c23"": 8}",True,False,29,43,"{""0"": 16, ""1"": 16, ""2"": 4, ""3"": 32}","[[1, 0, 0, 0], [2, 1, 0, 4], [0, 0, 1, 0], [1, 3, 0, 9]]",True
460,13,"{""c01"": 2, ""c02"": 2, ""c03"": 0, ""c12"": 2, ""c13"": 4, ""c23"": 8}","{""c01"": 0, ""c02"": 0, ""c03"": 4, ""c12"": 0, ""c13"": 12, ""c23"": 0}",True,False,18,24,"{""0"": 16, ""1"": 16, ""2"": 4, ""3"": 32}","[[0, 1, 1, 0], [1, 0, 1, 4], [0, 0, 1, 0], [1, 1, 1, 5]]",True
461,13,"{""c01"": 2, ""c02"": 2, ""c03"": 0, ""c12"": 2, ""c13"": 4, ""c23"": 8}","{""c01"": 2, ""c02"": 0, ""c03"": 0, ""c12"": 0, ""c13"": 12, ""c23"": 0}",True,False,21,30,"{""0"": 16, ""1"": 16, ""2"": 4, ""3"": 32}","[[0, 1, 1, 0], [1, 2, 1, 0], [0, 0, 1, 0], [1, 1, 1, 15]]",True
462,13,"{""c01"": 2, ""c02"": 2, ""c03"": 0, ""c12"": 2, ""c13"": 4, ""c23"": 8}","{""c01"": 2, ""c02"": 2, ""c03"": 12, ""c12"": 2, ""c13"": 0, ""c23"": 0}",True,False,22,31,"{""0"": 16, ""1"": 16, ""2"": 4, ""3"": 32}","[[1, 0, 0, 0], [0, 1, 0, 0], [0, 0, 1, 0], [1, 3, 1, 9]]",True
463,13,"{""c01"": 2, ""c02"": 2, ""c03"": 0, ""c12"": 2, ""c13"": 4, ""c23"": 8}","{""c01"": 0, ""c02"": 0, ""c03"": 12, ""c12"": 0, ""c13"": 4, ""c23"": 0}",True,False,34,50,"{""0"": 16, ""1"": 16, ""2"": 4, ""3"": 32}","[[0, 1, 1, 0], [1, 0, 1, 4], [0, 0, 1, 0], [3, 1, 1, 3]]",True
464,13,"{""c01"": 2, ""c02"": 2, ""c03"": 0, ""c12"": 2, ""c13"": 4, ""c23"": 8}","{""c01"": 2, ""c02"": 0, ""c03"": 4, ""c12"": 0, ""c13"": 0, ""c23"": 0}",True,False,17,25,"{""0"": 16, ""1"": 16, ""2"": 4, ""3"": 32}","[[0, 1, 1, 0], [1, 2, 1, 0], [0, 0, 1, 0], [0, 2, 1, 11]]",True
465,13,"{""c01"": 2, ""c02"": 2, ""c03"": 0, ""c12"": 2, ""c13"": 4, ""c23"": 8}","{""c01"": 2, ""c02"": 0, ""c03"": 12, ""c12"": 0, ""c13"": 8, ""c23"": 8}",True,False,10,14,"{""0"": 16, ""1"": 16, ""2"": 4, ""3"": 32}","[[0, 1, 1, 0], [1, 2, 1, 0], [0, 0, 1, 0], [0, 0, 0, 1]]",True
466,13,"{""c01"": 2, ""c02"": 2, ""c03"": 0, ""c12"": 2, ""c13"": 4, ""c23"": 8}","{""c01"": 0, ""c02"": 0, ""c03"": 0, ""c12"": 0, ""c13"": 8, ""c23"": 8}",True,False,9,13,"{""0"": 16, ""1"": 16, ""2"": 4, ""3"": 32}","[[0, 1, 1, 0], [1, 0, 1, 4], [0, 0, 1, 0], [0, 0, 0, 15]]",True
467,13,"{""c01"": 2, ""c02"": 2, ""c03"": 0, ""c12"": 2, ""c13"": 4, ""c23"": 8}","{""c01"": 0, ""c02"": 0, ""c03"": 4, ""c12"": 0, ""c13"": 4, ""c23"": 8}",True,False,17,24,"{""0"": 16, ""1"": 16, ""2"": 4, ""3"": 32}","[[0, 1, 1, 0], [1, 0, 1, 4], [0, 0, 1, 0], [1, 1, 0, 15]]",True
468,14,"{""c01"": 2, ""c02"": 0, ""c03"": 4, ""c12"": 2, ""c13"": 0, ""c23"": 8}","{""c01"": 0, ""c02"": 2, ""c03"": 8, ""c12"": 0, ""c13"": 0, ""c23"": 8}",True,False,54,64,"{""0"": 16, ""1"": 16, ""2"": 4, ""3"": 32}","[[0, 1, 1, 0], [1, 2, 1, 4], [2, 2, 1, 0], [1, 1, 1, 3]]",True
469,14,"{""c01"": 2, ""c02"": 0, ""c03"": 4, ""c12"": 2, ""c13"": 0, ""c23"": 8}","{""c01"": 2, ""c02"": 0, ""c03"": 0, ""c12"": 2, ""c13"": 12, ""c23"": 0}",True,False,20,32,"{""0"": 16, ""1"": 16, ""2"": 4, ""3"": 32}","[[0, 1, 1, 4], [1, 0, 1, 4], [0, 0, 1, 0], [1, 3, 0, 3]]",True
470,14,"{""c01"": 2, ""c02"": 0, ""c03"": 4, ""c12"": 2, ""c13"": 0, ""c23"": 8}","{""c01"": 0, ""c02"": 0, ""c03"": 8, ""c12"": 2, ""c13"": 8, ""c23"": 0}",True,False,12,20,"{""0"": 16, ""1"": 16, ""2"": 4, ""3"": 32}","[[0, 1, 1, 4], [1, 2, 1, 0], [0, 0, 1, 0], [0, 0, 1, 3]]",True
471,14,"{""c01"": 2, ""c02"": 0, ""c03"": 4, ""c12"": 2, ""c13"": 0, ""c23"": 8}","{""c01"": 2, ""c02"": 2, ""c03"": 12, ""c12"": 0, ""c13"": 8, ""c23"": 0}",True,False,56,66,"{""0"": 16, ""1"": 16, ""2"": 4, ""3"": 32}","[[0, 1, 1, 0], [1, 0, 1, 0], [2, 2, 1, 0], [1, 3, 1, 9]]",True
472,14,"{""c01"": 2, ""c02"": 0, ""c03"": 4, ""c12"": 2, ""c13"": 0, ""c23"": 8}","{""c01"": 2, ""c02"": 0, ""c03"": 8, ""c12"": 2, ""c13"": 12, ""c23"": 8}",True,False,18,28,"{""0"": 16, ""1"": 16, ""2"": 4, ""3"": 32}","[[0, 1, 1, 4], [1, 0, 1, 4], [0, 0, 1, 0], [1, 1, 1, 1]]",True
473,14,"{""c01"": 2, ""c02"": 0, ""c03"": 4, ""c12"": 2, ""c13"": 0, ""c23"": 8}","{""c01"": 0, ""c02"": 2, ""c03"": 4, ""c12"": 0, ""c13"": 4, ""c23"": 0}",True,False,46,52,"{""0"": 16, ""1"": 16, ""2"": 4, ""3"": 32}","[[0, 1, 1, 0], [1, 2, 1, 4], [2, 2, 1, 0], [0, 0, 1, 3]]",True
474,14,"{""c01"": 2, ""c02"": 0, ""c03"": 4, ""c12"": 2, ""c13"": 0, ""c23"": 8}","{""c01"": 2, ""c02"": 2, ""c03"": 0, ""c12"": 0, ""c13"": 4, ""c23"": 0}",True,False,42,46,"{""0"": 16, ""1"": 16, ""2"": 4, ""3"": 32}","[[0, 1, 1, 0], [1, 0, 1, 0], [2, 2, 1, 0], [0, 0, 0, 1]]",True
475,14,"{""c01"": 2, ""c02"": 0, ""c03"": 4, ""c12"": 2, ""c13"": 0, ""c23"": 8}","{""c01"": 0, ""c02"": 0, ""c03"": 0, ""c12"": 2, ""c13"": 8, ""c23"": 8}",True,False,27,46,"{""0"": 16, ""1"": 16, ""2"": 4, ""3"": 32}","[[0, 1, 1, 4], [1, 2, 1, 0], [0, 0, 1, 0], [2, 0, 0, 9]]",True
476,14,"{""c01"": 2, ""c02"": 0, ""c03"": 4, ""c12"": 2, ""c13"": 0, ""c23"": 8}","{""c01"": 0, ""c02"": 2, ""c03"": 12, ""c12"": 0, ""c13"": 12, ""c23"": 8}",True,False,44,50,"{""0"": 16, ""1"": 16, ""2"": 4, ""3"": 32}","[[0, 1, 1, 0], [1, 2, 1, 4], [2, 2, 1, 0], [0, 0, 0, 1]]",True
477,14,"{""c01"": 2, ""c02"": 0, ""c03"": 4, ""c12"": 2, ""c13"": 0, ""c23"": 8}","{""c01"": 0, ""c02"": 0, ""c03"": 8, ""c12"": 2, ""c13"": 0, ""c23"": 8}",True,False,11,20,"{""0"": 16, ""1"": 16, ""2"": 4, ""3"": 32}","[[0, 1, 1, 4], [1, 2, 1, 0], [0, 0, 1, 0], [0, 0, 0, 15]]",True
478,14,"{""c01"": 2, ""c02"": 0, ""c03"": 4, ""c12"": 2, ""c13"": 0, ""c23"": 8}","{""c01"": 2, ""c02"": 2, ""c03"": 12, ""c12"": 0, ""c13"": 0, ""c23"": 8}",True,False,50,58,"{""0"": 16, ""1"": 16, ""2"": 4, ""3"": 32}","[[0, 1, 1, 0], [1, 0, 1, 0], [2, 2, 1, 0], [1, 1, 0, 11]]",True
479,14,"{""c01"": 2, ""c02"": 0, ""c03"": 4, ""c12"": 2, ""c13"": 0, ""c23"": 8}","{""c01"": 0, ""c02"": 2, ""c03"": 0, ""c12"": 0, ""c13"": 0, ""c23"": 0}",True,False,52,62,"{""0"": 16, ""1"": 16, ""2"": 4, ""3"": 32}","[[0, 1, 1, 0], [1, 2, 1, 4], [2, 2, 1, 0], [1, 1, 0, 7]]",True
480,14,"{""c01"": 2, ""c02"": 0, ""c03"": 4, ""c12"": 2, ""c13"": 0, ""c23"": 8}","{""c01"": 0, ""c02"": 0, ""c03"": 12, ""c12"": 2, ""c13"": 12, ""c23"": 8}",True,False,25,41,"{""0"": 16, ""1"": 16, ""2"": 4, ""3"": 32}","[[0, 1, 1, 4], [1, 2, 1, 0], [0, 0, 1, 0], [1, 3, 1, 11]]",True
481,14,"{""c01"": 2, ""c02"": 0, ""c03"": 4, ""c12"": 2, ""c13"": 0, ""c23"": 8}","{""c01"": 0, ""c02"": 0, ""c03"": 4, ""c12"": 2, ""c13"": 4, ""c23"": 0}",True,False,23,39,"{""0"": 16, ""1"": 16, ""2"": 4, ""3"": 32}","[[0, 1, 1, 4], [1, 2, 1, 0], [0, 0, 1, 0], [1, 3, 0, 9]]",True
482,14,"{""c01"": 2, ""c02"": 0, ""c03"": 4, ""c12"": 2, ""c13"": 0, ""c23"": 8}","{""c01"": 2, ""c02"": 2, ""c03"": 8, ""c12"": 0, ""c13"": 4, ""c23"": 0}",True,False,59,74,"{""0"": 16, ""1"": 16, ""2"": 4, ""3"": 32}","[[0, 1, 1, 0], [1, 0, 1, 0], [2, 2, 1, 0], [2, 0, 0, 9]]",True
483,14,"{""c01"": 2, ""c02"": 0, ""c03"": 4, ""c12"": 2, ""c13"": 0, ""c23"": 8}","{""c01"": 0, ""c02"": 2, ""c03"": 8, ""c12"": 0, ""c13"": 8, ""c23"": 8}",True,False,59,73,"{""0"": 16, ""1"": 16, ""2"": 4, ""3"": 32}","[[0, 1, 1, 0], [1, 2, 1, 4], [2, 2, 1, 0], [1, 3, 1, 11]]",True
484,14,"{""c01"": 2, ""c02"": 0, ""c03"": 4, ""c12"": 2, ""c13"": 0, ""c23"": 8}","{""c01"": 2, ""c02"": 0, ""c03"": 4, ""c12"": 2, ""c13"": 8, ""c23"": 8}",True,False,8,14,"{""0"": 16, ""1"": 16, ""2"": 4, ""3"": 32}","[[0, 1, 1, 4], [1, 0, 1, 4], [0, 0, 1, 0], [0, 0, 0, 1]]",True
485,14,"{""c01"": 2, ""c02"": 0, ""c03"": 4, ""c12"": 2, ""c13"": 0, ""c23"": 8}","{""c01"": 2, ""c02"": 2, ""c03"": 4, ""c12"": 0, ""c13"": 8, ""c23"": 8}",True,False,55,67,"{""0"": 16, ""1"": 16, ""2"": 4, ""3"": 32}","[[0, 1, 1, 0], [1, 0, 1, 0], [2, 2, 1, 0], [1, 3, 0, 13]]",True
486,14,"{""c01"": 2, ""c02"": 0, ""c03"": 4, ""c12"": 2, ""c13"": 0, ""c23"": 8}","{""c01"": 2, ""c02"": 0, ""c03"": 12, ""c12"": 2, ""c13"": 0, ""c23"": 8}",True,False,25,42,"{""0"": 16, ""1"": 16, ""2"": 4, ""3"": 32}","[[0, 1, 1, 4], [1, 0, 1, 4], [0, 0, 1, 0], [2, 0, 0, 15]]",True
487,14,"{""c01"": 2, ""c02"": 0, ""c03"": 4, ""c12"": 2, ""c13"": 0, ""c23"": 8}","{""c01"": 2, ""c02"": 0, ""c03"": 12, ""c12"": 2, ""c13"": 8, ""c23"": 0}",True,False,26,42,"{""0"": 16, ""1"": 16, ""2"": 4, ""3"": 32}","[[0, 1, 1, 4], [1, 0, 1, 4], [0, 0, 1, 0], [2, 0, 1, 3]]",True
488,14,"{""c01"": 2, ""c02"": 0, ""c03"": 4, ""c12"": 2, ""c13"": 0, ""c23"": 8}","{""c01"": 2, ""c02"": 0, ""c03"": 0, ""c12"": 2, ""c13"": 12, ""c23"": 8}",True,False,19,31,"{""0"": 16, ""1"": 16, ""2"": 4, ""3"": 32}","[[0, 1, 1, 4], [1, 0, 1, 4], [0, 0, 1, 0], [1, 1, 1, 15]]",True
489,14,"{""c01"": 2, ""c02"": 0, ""c03"": 4, ""c12"": 2, ""c13"": 0, ""c23"": 8}","{""c01"": 0, ""c02"": 2, ""c03"": 4, ""c12"": 0, ""c13"": 12, ""c23"": 0}",True,False,47,54,"{""0"": 16, ""1"": 16, ""2"": 4, ""3"": 32}","[[0, 1, 1, 0], [1, 2, 1, 4], [2, 2, 1, 0], [0, 0, 1, 13]]",True
490,14,"{""c01"": 2, ""c02"": 0, ""c03"": 4, ""c12"": 2, ""c13"": 0, ""c23"": 8}","{""c01"": 2, ""c02"": 2, ""c03"": 0, ""c12"": 0, ""c13"": 12, ""c23"": 0}",True,False,43,48,"{""0"": 16, ""1"": 16, ""2"": 4, ""3"": 32}","[[0, 1, 1, 0], [1, 0, 1, 0], [2, 2, 1, 0], [0, 0, 0, 15]]",True
491,14,"{""c01"": 2, ""c02"": 0, ""c03"": 4, ""c12"": 2, ""c13"": 0, ""c23"": 8}","{""c01"": 0, ""c02"": 2, ""c03"": 12, ""c12"": 0, ""c13"": 4, ""c23"": 0}",True,False,62,78,"{""0"": 16, ""1"": 16, ""2"": 4, ""3"": 32}","[[0, 1, 1, 0], [1, 2, 1, 4], [2, 2, 1, 0], [2, 0, 1, 3]]",True
492,14,"{""c01"": 2, ""c02"": 0, ""c03"": 4, ""c12"": 2, ""c13"": 0, ""c23"": 8}","{""c01"": 2, ""c02"": 0, ""c03"": 8, ""c12"": 2, ""c13"": 4, ""c23"": 0}",True,False,17,29,"{""0"": 16, ""1"": 16, ""2"": 4, ""3"": 32}","[[0, 1, 1, 4], [1, 0, 1, 4], [0, 0, 1, 0], [1, 1, 0, 13]]",True
493,14,"{""c01"": 2, ""c02"": 0, ""c03"": 4, ""c12"": 2, ""c13"": 0, ""c23"": 8}","{""c01"": 0, ""c02"": 0, ""c03"": 8, ""c12"": 2, ""c13"": 8, ""c23"": 8}",True,False,10,18,"{""0"": 16, ""1"": 16, ""2"": 4, ""3"": 32}","[[0, 1, 1, 4], [1, 2, 1, 0], [0, 0, 1, 0], [0, 0, 0, 1]]",True
494,14,"{""c01"": 2, ""c02"": 0, ""c03"": 4, ""c12"": 2, ""c13"": 0, ""c23"": 8}","{""c01"": 2, ""c02"": 2, ""c03"": 4, ""c12"": 0, ""c13"": 0, ""c23"": 0}",True,False,53,63,"{""0"": 16, ""1"": 16, ""2"": 4, ""3"": 32}","[[0, 1, 1, 0], [1, 0, 1, 0], [2, 2, 1, 0], [1, 1, 1, 15]]",True
495,14,"{""c01"": 2, ""c02"": 0, ""c03"": 4, ""c12"": 2, ""c13"": 0, ""c23"": 8}","{""c01"": 2, ""c02"": 2, ""c03"": 12, ""c12"": 0, ""c13"": 8, ""c23"": 8}",True,False,54,64,"{""0"": 16, ""1"": 16, ""2"": 4, ""3"": 32}","[[0, 1, 1, 0], [1, 0, 1, 0], [2, 2, 1, 0], [1, 3, 0, 3]]",True
496,14,"{""c01"": 2, ""c02"": 0, ""c03"": 4, ""c12"": 2, ""c13"": 0, ""c23"": 8}","{""c01"": 0, ""c02"": 0, ""c03"": 0, ""c12"": 2, ""c13"": 0, ""c23"": 0}",True,False,28,46,"{""0"": 16, ""1"": 16, ""2"": 4, ""3"": 32}","[[0, 1, 1, 4], [1, 2, 1, 0], [0, 0, 1, 0], [2, 0, 1, 5]]",True
497,14,"{""c01"": 2, ""c02"": 0, ""c03"": 4, ""c12"": 2, ""c13"": 0, ""c23"": 8}","{""c01"": 0, ""c02"": 2, ""c03"": 4, ""c12"": 0, ""c13"": 4, ""c23"": 8}",True,False,61,78,"{""0"": 16, ""1"": 16, ""2"": 4, ""3"": 32}","[[0, 1, 1, 0], [1, 2, 1, 4], [2, 2, 1, 0], [2, 0, 0, 15]]",True
498,14,"{""c01"": 2, ""c02"": 0, ""c03"": 4, ""c12"": 2, ""c13"": 0, ""c23"": 8}","{""c01"": 0, ""c02"": 2, ""c03"": 0, ""c12"": 0, ""c13"": 8, ""c23"": 0}",True,False,57,71,"{""0"": 16, ""1"": 16, ""2"": 4, ""3"": 32}","[[0, 1, 1, 0], [1, 2, 1, 4], [2, 2, 1, 0], [1, 3, 0, 15]]",True
499,14,"{""c01"": 2, ""c02"": 0, ""c03"": 4, ""c12"": 2, ""c13"": 0, ""c23"": 8}","{""c01"": 2, ""c02"": 2, ""c03"": 0, ""c12"": 0, ""c13"": 4, ""c23"": 8}",True,False,61,76,"{""0"": 16, ""1"": 16, ""2"": 4, ""3"": 32}","[[0, 1, 1, 0], [1, 0, 1, 0], [2, 2, 1, 0], [2, 0, 1, 13]]",True
500,14,"{""c01"": 2, ""c02"": 0, ""c03"": 4, ""c12"": 2, ""c13"": 0, ""c23"": 8}","{""c01"": 0, ""c02"": 2, ""c03"": 0, ""c12"": 0, ""c13"": 0, ""c23"": 8}",True,False,54,64,"{""0"": 16, ""1"": 16, ""2"": 4, ""3"": 32}","[[0, 1, 1, 0], [1, 2, 1, 4], [2, 2, 1, 0], [1, 1, 1, 5]]",True
501,14,"{""c01"": 2, ""c02"": 0, ""c03"": 4, ""c12"": 2, ""c13"": 0, ""c23"": 8}","{""c01"": 0, ""c02"": 0, ""c03"": 4, ""c12"": 2, ""c13"": 12, ""c23"": 0}",True,False,19,33,"{""0"": 16, ""1"": 16, ""2"": 4, ""3"": 32}","[[0, 1, 1, 4], [1, 2, 1, 0], [0, 0, 1, 0], [1, 1, 0, 9]]",True
502,14,"{""c01"": 2, ""c02"": 0, ""c03"": 4, ""c12"": 2, ""c13"": 0, ""c23"": 8}","{""c01"": 2, ""c02"": 2, ""c03"": 8, ""c12"": 0, ""c13"": 12, ""c23"": 0}",True,False,58,72,"{""0"": 16, ""1"": 16, ""2"": 4, ""3"": 32}","[[0, 1, 1, 0], [1, 0, 1, 0], [2, 2, 1, 0], [2, 0, 0, 7]]",True
503,14,"{""c01"": 2, ""c02"": 0, ""c03"": 4, ""c12"": 2, ""c13"": 0, ""c23"": 8}","{""c01"": 0, ""c02"": 0, ""c03"": 12, ""c12"": 2, ""c13"": 4, ""c23"": 0}",True,False,23,39,"{""0"": 16, ""1"": 16, ""2"": 4, ""3"": 32}","[[0, 1, 1, 4], [1, 2, 1, 0], [0, 0, 1, 0], [1, 3, 0, 15]]",True
504,14,"{""c01"": 2, ""c02"": 0, ""c03"": 4, ""c12"": 2, ""c13"": 0, ""c23"": 8}","{""c01"": 2, ""c02"": 0, ""c03"": 4, ""c12"": 2, ""c13"": 0, ""c23"": 0}",True,False,11,18,"{""0"": 16, ""1"": 16, ""2"": 4, ""3"": 32}","[[0, 1, 1, 4], [1, 0, 1, 4], [0, 0, 1, 0], [0, 0, 1, 13]]",True
505,14,"{""c01"": 2, ""c02"": 0, ""c03"": 4, ""c12"": 2, ""c13"": 0, ""c23"": 8}","{""c01"": 0, ""c02"": 0, ""c03"": 4, ""c12"": 2, ""c13"": 4, ""c23"": 8}",True,False,21,35,"{""0"": 16, ""1"": 16, ""2"": 4, ""3"": 32}","[[0, 1, 1, 4], [1, 2, 1, 0], [0, 0, 1, 0], [1, 1, 1, 13]]",True
506,14,"{""c01"": 2, ""c02"": 0, ""c03"": 4, ""c12"": 2, ""c13"": 0, ""c23"": 8}","{""c01"": 2, ""c02"": 0, ""c03"": 0, ""c12"": 2, ""c13"": 4, ""c23"": 0}",True,False,16,26,"{""0"": 16, ""1"": 16, ""2"": 4, ""3"": 32}","[[0, 1, 1, 4], [1, 0, 1, 4], [0, 0, 1, 0], [1, 1, 0, 3]]",True
507,14,"{""c01"": 2, ""c02"": 0, ""c03"": 4, ""c12"": 2, ""c13"": 0, ""c23"": 8}","{""c01"": 0, ""c02"": 2, ""c03"": 8, ""c12"": 0, ""c13"": 0, ""c23"": 0}",True,False,52,62,"{""0"": 16, ""1"": 16, ""2"": 4, ""3"": 32}","[[0, 1, 1, 0], [1, 2, 1, 4], [2, 2, 1, 0], [1, 1, 0, 1]]",True
508,14,"{""c01"": 2, ""c02"": 0, ""c03"": 4, ""c12"": 2, ""c13"": 0, ""c23"": 8}","{""c01"": 2, ""c02"": 2, ""c03"": 8, ""c12"": 0, ""c13"": 4, ""c23"": 8}",True,False,44,48,"{""0"": 16, ""1"": 16, ""2"": 4, ""3"": 32}","[[0, 1, 1, 0], [1, 0, 1, 0], [2, 2, 1, 0], [0, 0, 1, 5]]",True
509,14,"{""c01"": 2, ""c02"": 0, ""c03"": 4, ""c12"": 2, ""c13"": 0, ""c23"": 8}","{""c01"": 2, ""c02"": 0, ""c03"": 8, ""c12"": 2, ""c13"": 12, ""c23"": 0}",True,False,21,35,"{""0"": 16, ""1"": 16, ""2"": 4, ""3"": 32}","[[0, 1, 1, 4], [1, 0, 1, 4], [0, 0, 1, 0], [1, 3, 0, 13]]",True
510,14,"{""c01"": 2, ""c02"": 0, ""c03"": 4, ""c12"": 2, ""c13"": 0, ""c23"": 8}","{""c01"": 0, ""c02"": 0, ""c03"": 0, ""c12"": 2, ""c13"": 8, ""c23"": 0}",True,False,29,48,"{""0"": 16, ""1"": 16, ""2"": 4, ""3"": 32}","[[0, 1, 1, 4], [1, 2, 1, 0], [0, 0, 1, 0], [2, 0, 1, 11]]",True
511,14,"{""c01"": 2, ""c02"": 0, ""c03"": 4, ""c12"": 2, ""c13"": 0, ""c23"": 8}","{""c01"": 0, ""c02"": 2, ""c03"": 12, ""c12"": 0, ""c13"": 12, ""c23"": 0}",True,False,63,80,"{""0"": 16, ""1"": 16, ""2"": 4, ""3"": 32}","[[0, 1, 1, 0], [1, 2, 1, 4], [2, 2, 1, 0], [2, 0, 1, 13]]",True
512,14,"{""c01"": 2, ""c02"": 0, ""c03"": 4, ""c12"": 2, ""c13"": 0, ""c23"": 8}","{""c01"": 0, ""c02"": 0, ""c03"": 8, ""c12"": 2, ""c13"": 0, ""c23"": 0}",True,False,13,22,"{""0"": 16, ""1"": 16, ""2"": 4, ""3"": 32}","[[0, 1, 1, 4], [1, 2, 1, 0], [0, 0, 1, 0], [0, 0, 1, 13]]",True
513,14,"{""c01"": 2, ""c02"": 0, ""c03"": 4, ""c12"": 2, ""c13"": 0, ""c23"": 8}","{""c01"": 2, ""c02"": 2, ""c03"": 0, ""c12"": 0, ""c13"": 12, ""c23"": 8}",True,False,60,74,"{""0"": 16, ""1"": 16, ""2"": 4, ""3"": 32}","[[0, 1, 1, 0], [1, 0, 1, 0], [2, 2, 1, 0], [2, 0, 1, 3]]",True
514,14,"{""c01"": 2, ""c02"": 0, ""c03"": 4, ""c12"": 2, ""c13"": 0, ""c23"": 8}","{""c01"": 2, ""c02"": 0, ""c03"": 12, ""c12"": 2, ""c13"": 8, ""c23"": 8}",True,False,24,40,"{""0"": 16, ""1"": 16, ""2"": 4, ""3"": 32}","[[0, 1, 1, 4], [1, 0, 1, 4], [0, 0, 1, 0], [2, 0, 0, 1]]",True
515,14,"{""c01"": 2, ""c02"": 0, ""c03"": 4, ""c12"": 2, ""c13"": 0, ""c23"": 8}","{""c01"": 2, ""c02"": 0, ""c03"": 8, ""c12"": 2, ""c13"": 4, ""c23"": 8}",True,False,22,34,"{""0"": 16, ""1"": 16, ""2"": 4, ""3"": 32}","[[0, 1, 1, 4], [1, 0, 1, 4], [0, 0, 1, 0], [1, 3, 1, 1]]",True
516,14,"{""c01"": 2, ""c02"": 0, ""c03"": 4, ""c12"": 2, ""c13"": 0, ""c23"": 8}","{""c01"": 0, ""c02"": 2, ""c03"": 4, ""c12"": 0, ""c13"": 12, ""c23"": 8}",True,False,60,76,"{""0"": 16, ""1"": 16, ""2"": 4, ""3"": 32}","[[0, 1, 1, 0], [1, 2, 1, 4], [2, 2, 1, 0], [2, 0, 0, 1]]",True
517,14,"{""c01"": 2, ""c02"": 0, ""c03"": 4, ""c12"": 2, ""c13"": 0, ""c23"": 8}","{""c01"": 2, ""c02"": 2, ""c03"": 12, ""c12"": 0, ""c13"": 0, ""c23"": 0}",True,False,52,60,"{""0"": 16, ""1"": 16, ""2"": 4, ""3"": 32}","[[0, 1, 1, 0], [1, 0, 1, 0], [2, 2, 1, 0], [1, 1, 1, 1]]",True
518,14,"{""c01"": 2, ""c02"": 0, ""c03"": 4, ""c12"": 2, ""c13"": 0, ""c23"": 8}","{""c01"": 0, ""c02"": 0, ""c03"": 0, ""c12"": 2, ""c13"": 0, ""c23"": 8}",True,False,26,44,"{""0"": 16, ""1"": 16, ""2"": 4, ""3"": 32}","[[0, 1, 1, 4], [1, 2, 1, 0], [0, 0, 1, 0], [2, 0, 0, 7]]",True
519,14,"{""c01"": 2, ""c02"": 0, ""c03"": 4, ""c12"": 2, ""c13"": 0, ""c23"": 8}","{""c01"": 0, ""c02"": 2, ""c03"": 12, ""c12"": 0, ""c13"": 4, ""c23"": 8}",True,False,45,52,"{""0"": 16, ""1"": 16, ""2"": 4, ""3"": 32}","[[0, 1, 1, 0], [1, 2, 1, 4], [2, 2, 1, 0], [0, 0, 0, 15]]",True
520,14,"{""c01"": 2, ""c02"": 0, ""c03"": 4, ""c12"": 2, ""c13"": 0, ""c23"": 8}","{""c01"": 0, ""c02"": 2, ""c03"": 0, ""c12"": 0, ""c13"": 8, ""c23"": 8}",True,False,59,73,"{""0"": 16, ""1"": 16, ""2"": 4, ""3"": 32}","[[0, 1, 1, 0], [1, 2, 1, 4], [2, 2, 1, 0], [1, 3, 1, 13]]",True
521,14,"{""c01"": 2, ""c02"": 0, ""c03"": 4, ""c12"": 2, ""c13"": 0, ""c23"": 8}","{""c01"": 2, ""c02"": 2, ""c03"": 4, ""c12"": 0, ""c13"": 0, ""c23"": 8}",True,False,51,61,"{""0"": 16, ""1"": 16, ""2"": 4, ""3"": 32}","[[0, 1, 1, 0], [1, 0, 1, 0], [2, 2, 1, 0], [1, 1, 0, 5]]",True
522,14,"{""c01"": 2, ""c02"": 0, ""c03"": 4, ""c12"": 2, ""c13"": 0, ""c23"": 8}","{""c01"": 2, ""c02"": 2, ""c03"": 4, ""c12"": 0, ""c13"": 8, ""c23"": 0}",True,False,57,69,"{""0"": 16, ""1"": 16, ""2"": 4, ""3"": 32}","[[0, 1, 1, 0], [1, 0, 1, 0], [2, 2, 1, 0], [1, 3, 1, 7]]",True
523,14,"{""c01"": 2, ""c02"": 0, ""c03"": 4, ""c12"": 2, ""c13"": 0, ""c23"": 8}","{""c01"": 0, ""c02"": 0, ""c03"": 12, ""c12"": 2, ""c13"": 12, ""c23"": 0}",True,False,19,33,"{""0"": 16, ""1"": 16, ""2"": 4, ""3"": 32}","[[0, 1, 1, 4], [1, 2, 1, 0], [0, 0, 1, 0], [1, 1, 0, 15]]",True
524,14,"{""c01"": 2, ""c02"": 0, ""c03"": 4, ""c12"": 2, ""c13"": 0, ""c23"": 8}","{""c01"": 2, ""c02"": 0, ""c03"": 4, ""c12"": 2, ""c13"": 8, ""c23"": 0}",True,False,10,16,"{""0"": 16, ""1"": 16, ""2"": 4, ""3"": 32}","[[0, 1, 1, 4], [1, 0, 1, 4], [0, 0, 1, 0], [0, 0, 1, 3]]",True
525,14,"{""c01"": 2, ""c02"": 0, ""c03"": 4, ""c12"": 2, ""c13"": 0, ""c23"": 8}","{""c01"": 0, ""c02"": 0, ""c03"": 4, ""c12"": 2, ""c13"": 12, ""c23"": 8}",True,False,25,41,"{""0"": 16, ""1"": 16, ""2"": 4, ""3"": 32}","[[0, 1, 1, 4], [1, 2, 1, 0], [0, 0, 1, 0], [1, 3, 1, 13]]",True
526,14,"{""c01"": 2, ""c02"": 0, ""c03"": 4, ""c12"": 2, ""c13"": 0, ""c23"": 8}","{""c01"": 2, ""c02"": 0, ""c03"": 12, ""c12"": 2, ""c13"": 0, ""c23"": 0}",True,False,27,44,"{""0"": 16, ""1"": 16, ""2"": 4, ""3"": 32}","[[0, 1, 1, 4], [1, 0, 1, 4], [0, 0, 1, 0], [2, 0, 1, 13]]",True
527,14,"{""c01"": 2, ""c02"": 0, ""c03"": 4, ""c12"": 2, ""c13"": 0, ""c23"": 8}","{""c01"": 0, ""c02"": 0, ""c03"": 12, ""c12"": 2, ""c13"": 4, ""c23"": 8}",True,False,21,35,"{""0"": 16, ""1"": 16, ""2"": 4, ""3"": 32}","[[0, 1, 1, 4], [1, 2, 1, 0], [0, 0, 1, 0], [1, 1, 1, 11]]",True
528,14,"{""c01"": 2, ""c02"": 0, ""c03"": 4, ""c12"": 2, ""c13"": 0, ""c23"": 8}","{""c01"": 0, ""c02"": 2, ""c03"": 8, ""c12"": 0, ""c13"": 8, ""c23"": 0}",True,False,57,71,"{""0"": 16, ""1"": 16, ""2"": 4, ""3"": 32}","[[0, 1, 1, 0], [1, 2, 1, 4], [2, 2, 1, 0], [1, 3, 0, 9]]",True
529,14,"{""c01"": 2, ""c02"": 0, ""c03"": 4, ""c12"": 2, ""c13"": 0, ""c23"": 8}","{""c01"": 2, ""c02"": 0, ""c03"": 0, ""c12"": 2, ""c13"": 4, ""c23"": 8}",True,False,23,37,"{""0"": 16, ""1"": 16, ""2"": 4, ""3"": 32}","[[0, 1, 1, 4], [1, 0, 1, 4], [0, 0, 1, 0], [1, 3, 1, 15]]",True
530,14,"{""c01"": 2, ""c02"": 0, ""c03"": 4, ""c12"": 2, ""c13"": 0, ""c23"": 8}","{""c01"": 2, ""c02"": 2, ""c03"": 8, ""c12"": 0, ""c13"": 12, ""c23"": 8}",True,False,45,50,"{""0"": 16, ""1"": 16, ""2"": 4, ""3"": 32}","[[0, 1, 1, 0], [1, 0, 1, 0], [2, 2, 1, 0], [0, 0, 1, 11]]",True
