a,real,imag
0,1,0
1,0.70710678118654757,0.70710678118654746
2,-1,1.2246467991473532e-16
3,0.70710678118654768,0.70710678118654735
