a,b,real,imag
0,0,0.70710678118654746,0
0,1,0.70710678118654746,0
1,0,0.70710678118654746,0
1,1,-0.70710678118654746,-8.6595605623549316e-17
