a,real,imag
0,1,0
1,0.96592582628906831,0.25881904510252074
2,0.50000000000000011,0.8660254037844386
3,-0.70710678118654746,0.70710678118654757
4,-0.50000000000000044,-0.86602540378443837
5,0.96592582628906842,0.25881904510252024
6,-1,3.6739403974420594e-16
7,0.96592582628906898,0.2588190451025183
8,-0.50000000000000155,-0.86602540378443771
9,-0.70710678118654635,0.70710678118654868
10,0.50000000000000189,0.8660254037844376
11,0.96592582628907009,0.25881904510251413
